Date,Open,High,Low,Close,Volume,EMA20,EMA50,RSI14,ATR14,Prev20High,AvgVolume20,TrendPass,BreakoutPass,RSIPass,VolumePass,ConfirmationScore,BreakoutStrength
2023-09-27,444.0,474.0,444.0,458.5499877929688,14348612,458.5499877929688,458.5499877929688,,30.0,,,False,False,False,False,0,
2023-09-28,451.0,461.8999938964844,446.7999877929688,460.5,1175144,458.73570324125745,458.6264588599112,,28.935714721679684,,,True,False,False,False,0,
2023-09-29,463.8999938964844,485.8999938964844,460.0,477.75,1322775,460.546588646852,459.3764016497187,,28.718877519880017,,,True,False,False,False,0,
2023-10-03,479.8999938964844,485.9500122070313,475.0,476.7999877929688,572238,462.0945314226727,460.0596795376893,97.65471371761626,27.44967285467654,,,True,False,True,False,1,
2023-10-04,476.5,479.0,454.1000061035156,468.8500061035156,847119,462.73790996370536,460.40439822654525,80.61593752593002,27.267552929091387,,,True,False,True,False,1,
2023-10-05,471.3999938964844,479.8999938964844,471.0,472.75,314151,463.6914423481144,460.88853947256314,82.25192138078503,26.109155419368342,,,True,False,True,False,1,
2023-10-06,474.75,503.4500122070313,471.0499877929688,483.7000122070313,2003596,465.597020429916,461.7831070307776,85.86028455223254,26.55850320470364,,,True,False,True,False,1,
2023-10-09,479.0,492.7000122070313,472.6499938964844,482.1499938964844,498268,467.1734940933987,462.58180847649163,83.27919931206236,26.09361142654959,,,True,False,True,False,1,
2023-10-10,485.7999877929688,498.8999938964844,485.1000061035156,498.3500061035156,1576883,470.14268571340983,463.98448289323767,87.50645782699142,25.426210610367477,,,True,False,True,False,1,
2023-10-11,502.8500061035156,512.9000244140625,495.0,502.7999877929688,622685,473.2529049590821,465.50665955597225,88.37580303257832,24.88862588205998,,,True,False,True,False,1,
2023-10-12,493.25,514.0,493.25,500.2999877929688,546557,475.8288176099285,466.8711038005603,84.80556244332087,24.593009747627125,,,True,False,True,False,1,
2023-10-13,501.9500122070313,522.0,495.3500061035156,504.2999877929688,490543,478.5403576273609,468.3389031728116,85.79440724801461,24.739937186831217,,,True,False,True,False,1,
2023-10-16,511.75,513.4000244140625,507.1000061035156,510.1000061035156,344232,481.5460384346137,469.9765934838196,87.10486618609403,23.62280143213568,,,True,False,True,False,1,
2023-10-17,510.25,519.9000244140625,510.25,515.2999877929688,131025,484.76070027826654,471.75398149594315,88.15947667855265,22.635459780593624,,,True,False,True,False,1,
2023-10-18,517.2000122070312,519.75,511.0,511.1000061035156,168171,487.26920559495693,473.29696285310285,82.30456403753423,21.643641224836937,,,True,False,True,False,1,
2023-10-19,511.8999938964844,535.7999877929688,509.25,519.6500244140625,835126,490.35309310153843,475.11472997314047,84.55353953728795,21.99409455113207,,,True,False,True,False,1,
2023-10-20,516.0999755859375,560.0,516.0999755859375,550.2999877929688,685705,496.062321167389,478.063171456271,89.63776257998103,23.55880382705567,,,True,False,True,False,1,
2023-10-23,551.9500122070312,554.0,528.0,529.1500244140625,349100,499.2135310004055,480.06657745461575,72.02122793327547,23.73317498226598,,,True,False,True,False,1,
2023-10-25,533.0,543.0,528.0,530.7999877929688,211829,502.2217649806496,482.0561229580806,72.47568757540964,23.109376769246982,,,True,False,True,False,1,
2023-10-26,529.9500122070312,530.2999877929688,513.0,522.7999877929688,1142300,504.18159572468,483.6539215790566,66.80932787841013,22.730134699512824,,,True,False,True,False,1,
2023-10-27,524.9500122070312,568.9500122070312,524.9500122070312,560.5499877929688,427530,509.550014016898,486.66945358744533,76.24664279995925,24.4029839648378,560.0,1409302.95,True,True,True,False,1,0.0009821210588727425
2023-10-30,559.7000122070312,568.4500122070312,559.0,565.0499877929688,421307,514.8357258050952,489.7432000268776,77.08314606121006,23.334914553565905,568.9500122070312,713248.85,True,False,True,False,1,-0.00685477516545574
2023-10-31,569.0,584.7000122070312,565.0,570.0999755859375,249073,520.098987688985,492.8944461272329,78.01867867390047,23.075278671670574,568.9500122070312,675557.0,True,True,True,False,1,0.0020212028372148527
2023-11-01,574.0,583.0,572.5999755859375,579.0,228540,525.7086079090816,496.2711345144003,79.59932269922538,22.34847479612714,584.7000122070312,621871.9,True,False,True,False,1,-0.009748609693910892
2023-11-02,584.0,608.4000244140625,581.4000244140625,603.3499755859375,1134664,533.103023878306,500.4703047524998,83.16597153576595,22.852156911693953,584.7000122070312,604687.0,True,True,True,True,2,0.031896635863764455
2023-11-03,609.0,609.9000244140625,601.0,601.5999755859375,142756,539.6265430885567,504.43617419694834,82.05565077129754,21.85557601900599,608.4000244140625,619064.25,True,False,True,False,1,-0.01117693713880763
2023-11-06,607.0,627.0,605.7000122070312,618.6500244140625,272117,547.152588929081,508.9151487152665,84.2604425257422,22.108750904367174,609.9000244140625,610494.5,True,True,True,False,1,0.014346613624759641
2023-11-07,624.7999877929688,662.25,615.0499877929688,651.5,241947,557.0904376025019,514.5067115107463,87.45789678908645,23.900983854557467,627.0,523920.55,True,True,True,False,1,0.03907496012759171
2023-11-08,663.0,682.9500122070312,657.0,663.5499877929688,297663,567.2294423825464,520.3515458747551,88.38963505770771,24.440200165448452,662.25,511104.5,True,True,True,False,1,0.001962986474848938
2023-11-09,667.0,684.2000122070312,656.4500122070312,678.7999877929688,205244,577.8552086121103,526.5652102637047,89.45709542339941,24.67661443934499,682.9500122070312,447143.5,True,False,True,False,1,-0.006076615183959411
2023-11-10,671.2000122070312,683.4500122070312,658.0,680.3499755859375,336761,587.61661499057,532.5959853743805,89.56213684824012,24.73185713703687,684.2000122070312,426271.45,True,False,True,False,1,-0.005627063069868488
2023-11-13,699.0,707.0,692.2000122070312,705.0499877929688,134485,598.8007457336556,539.3588874300114,91.08624143035786,24.868869085395843,684.2000122070312,415781.65,True,True,True,False,1,0.03047350952052974
2023-11-15,713.0,740.0,710.3499755859375,722.7000122070312,235891,610.6006758739771,546.5487354604827,91.98666954851373,25.588950736941232,707.0,397978.75,True,True,True,False,1,0.022206523630878605
2023-11-16,727.4500122070312,738.0,716.0499877929688,721.8499755859375,214556,621.1958472751162,553.423293896775,91.50724455736415,25.32902655623338,740.0,392561.7,True,False,True,False,1,-0.0245270600190034
2023-11-17,722.9500122070312,732.9000244140625,715.4000244140625,723.1500244140625,256464,630.9057689073968,560.0792441131392,91.57952801527225,24.76981037364528,740.0,396738.25,True,False,True,False,1,-0.02277023727829397
2023-11-20,723.0,730.0,703.5499877929688,727.9500122070312,175798,640.1480777930764,566.6624114893704,91.85516515614407,24.889824790315707,740.0,401152.9,True,False,True,False,1,-0.01628376728779557
2023-11-21,729.5,746.0,716.25,745.3499755859375,2010711,650.1673061543013,573.6697669441377,92.77805216567681,25.236980162436016,740.0,368186.5,True,True,True,True,2,0.007229696737753422
2023-11-22,752.0,770.9000244140625,735.0999755859375,743.9000244140625,459121,659.09423170285,580.3454633155073,91.84413702798082,25.99148506712809,746.0,434436.8,True,False,True,True,2,-0.002814980678200407
2023-11-23,745.9000244140625,758.9000244140625,737.5999755859375,754.2000122070312,230652,668.1519250842007,587.1632887622338,92.42728876921846,25.65638247862787,770.9000244140625,439937.85,True,False,True,False,1,-0.021663006457581124
2023-11-24,755.0,757.9000244140625,747.5,749.7000122070312,203389,675.9184095720893,593.5372779169318,89.41911774315443,24.5666426168732,770.9000244140625,440879.0,True,False,True,False,1,-0.027500339260132622
2023-11-28,754.0,755.4500122070312,743.6500244140625,750.0,132304,682.9737991366522,599.6730709397972,89.4437830413426,23.654738700880028,770.9000244140625,393933.45,True,False,True,False,1,-0.027111199574741174
2023-11-29,751.0,763.0,750.0,756.5499877929688,209725,689.9810551991586,605.8251068948235,89.99233627982298,22.893685936531455,770.9000244140625,379172.15,True,False,True,False,1,-0.018614653219139243
2023-11-30,756.5499877929688,763.5999755859375,755.1500244140625,760.2000122070312,121384,696.6685749141941,611.8790247502043,90.29499027609393,21.86199059619885,770.9000244140625,368593.05,True,False,True,False,1,-0.013879896054179053
2023-12-01,760.2000122070312,788.9500122070312,760.2000122070312,779.2999877929688,198665,704.5382332836011,618.4445527126657,91.70813782616479,22.35399126789893,770.9000244140625,362208.6,True,True,True,False,1,0.01089630706042688
2023-12-04,788.6500244140625,808.0499877929688,788.6500244140625,800.3499755859375,160897,713.6631611219188,625.578098707696,92.92998188443076,22.810849034477577,788.9500122070312,360714.85,True,True,True,False,1,0.014449538250231653
2023-12-05,805.0,808.9000244140625,787.0999755859375,797.75,582372,721.6714314912599,632.3299379740608,91.1435286575182,22.73864901973811,808.0499877929688,312026.5,True,False,True,True,2,-0.012746721055093557
2023-12-06,806.0,806.0,796.0,796.75,197270,728.8217713492352,638.7777835437055,90.42352838568115,21.828745518328244,808.9000244140625,334007.3,True,False,True,False,1,-0.015020427799916969
2023-12-07,799.6500244140625,803.0,790.0,793.0999755859375,242946,734.943505086064,644.8296342120283,87.70027391987996,21.198120838447654,808.9000244140625,330264.95,True,False,True,False,1,-0.019532758500742986
2023-12-08,794.0,802.9000244140625,788.0,789.5999755859375,246690,740.148883228909,650.5069025012012,85.05504175145164,20.748256808134432,808.9000244140625,330314.9,True,False,True,False,1,-0.02385962201213343
2023-12-11,784.0,800.9000244140625,784.0,795.4000244140625,94406,745.4108966751141,656.1889857134703,85.81841328225903,20.473383065700723,808.9000244140625,327766.25,True,False,True,False,1,-0.01668933068679146
2023-12-12,801.6500244140625,809.9000244140625,791.0,798.6500244140625,541956,750.4812897931092,661.7756931134935,86.24246447660474,20.36100030486942,808.9000244140625,322224.35,True,False,True,True,2,-0.012671528854786174
2023-12-13,802.6500244140625,804.5999755859375,795.5,800.8499755859375,70034,755.2783074876643,667.2295865437854,86.53594792451949,19.556641396374285,809.9000244140625,332484.1,True,False,True,False,1,-0.011174278991622932
2023-12-14,805.0,805.0,800.0,800.7999877929688,65939,759.613705611979,672.4676414947338,86.49079888846464,18.516881296633265,809.9000244140625,329261.55,True,False,True,False,1,-0.011235999934284924
2023-12-15,806.0,816.5999755859375,790.7000122070312,796.6500244140625,698872,763.1409740693202,677.3375388641192,82.63613166294813,19.04424430250991,809.9000244140625,320763.95,True,False,True,True,2,-0.016360043956766046
2023-12-18,796.0999755859375,807.2999877929688,795.5,804.2999877929688,302208,767.0608801382391,682.3164584299565,84.04751534933192,18.526797408971255,816.5999755859375,344979.75,True,False,True,False,1,-0.015062439579603293
2023-12-19,796.2999877929688,819.0,796.2999877929688,813.8499755859375,315069,771.5169844665913,687.4746355733283,85.61901857959906,18.824884180261254,816.5999755859375,347266.95,True,False,True,False,1,-0.0033676219473638414
2023-12-20,813.8499755859375,818.4000244140625,783.0999755859375,801.8499755859375,452996,774.405840763672,691.9599430248032,75.54800756947952,20.001681655108666,819.0,354230.5,True,False,True,True,2,-0.0209402007497711
2023-12-21,790.5999755859375,811.0,775.0,808.9500122070312,165719,777.6957618535157,696.5477888750867,77.25288504813994,21.144418679743758,819.0,276344.75,True,False,True,False,1,-0.012271047366262167
2023-12-22,814.9000244140625,828.8499755859375,806.5,817.8499755859375,146112,781.5199726851749,701.3047373735515,79.20970919751521,21.230529887329027,819.0,261674.65,True,False,True,False,1,-0.0014041812137515208
2023-12-26,821.9500122070312,822.9500122070312,810.0499877929688,820.5,500362,785.2323562389678,705.979061398118,79.76781258076227,20.635493782095704,828.8499755859375,257447.65,True,False,True,True,2,-0.01007417003304445
2023-12-27,829.2000122070312,866.7999877929688,811.75,843.7999877929688,935436,790.8102259107775,711.3838036096807,83.86821904405002,23.093671925729492,828.8499755859375,272296.3,True,True,True,True,2,0.018037054530239516
2023-12-28,845.0,859.0,838.2000122070312,851.9500122070312,301812,796.6330627008969,716.8962039468317,85.01242288242344,22.92983734481801,866.7999877929688,312452.9,True,False,True,False,1,-0.017131951770959608
2023-12-29,851.9500122070312,880.75,851.9500122070312,877.3499755859375,350737,804.3203877375674,723.1885087169928,87.89426996684202,23.349133805400207,866.7999877929688,317057.25,True,True,True,True,2,0.012171190518623476
2024-01-01,879.6500244140625,945.0,877.4000244140625,918.5499877929688,493277,815.1993972666532,730.8497431905605,90.9380334077398,26.513483134590373,880.75,328524.9,True,True,True,True,2,0.04291795378140084
2024-01-02,923.0,934.0,911.0,931.5499877929688,196884,826.280405888207,738.720341018106,91.65132659308836,26.262520053548204,945.0,343255.5,True,False,True,False,1,-0.014232817150297672
2024-01-03,931.5499877929688,959.7999877929688,921.0499877929688,950.9500122070312,552051,838.153701728095,747.0430732215933,92.58883602934006,27.15448290686619,945.0,345054.85,True,True,True,True,2,0.006296309213789764
2024-01-04,956.0,1048.0,956.0,1027.0999755859375,1928036,856.1485849526515,758.0256968437245,94.97442657066554,32.14701897015923,959.7999877929688,343538.8,True,True,True,True,2,0.07011876291822317
2024-01-05,1039.949951171875,1066.4000244140625,1031.449951171875,1055.5,613608,875.1344340047799,769.6913557910294,95.54976821628885,32.657949674299644,1048.0,430077.1,True,True,True,True,2,0.007156488549618256
2024-01-08,1066.800048828125,1098.0,1042.0,1087.9000244140625,512787,895.3978235675687,782.1701271095798,96.09852546757877,34.32523898327824,1066.4000244140625,448610.2,True,True,True,True,2,0.020161289861009957
2024-01-09,1106.4000244140625,1124.0,1100.1500244140625,1121.699951171875,329173,916.9504071489313,795.4850221708463,96.57324375183777,34.45200588346819,1098.0,461915.05,True,True,True,False,1,0.021584654983492824
2024-01-10,1125.0,1131.199951171875,1120.0,1123.5999755859375,205796,936.6313184286462,808.3522752459479,96.59830087380983,32.79114483264011,1124.0,473653.4,True,False,True,False,1,-0.0003558936068172036
2024-01-11,1129.699951171875,1135.3499755859375,1123.0,1128.699951171875,217344,954.9235691660965,820.9149292038275,96.66871397871975,31.331061315018495,1131.199951171875,456845.4,True,False,True,False,1,-0.002210042528210998
2024-01-12,1143.199951171875,1143.25,1123.3499755859375,1133.5,117933,971.930848293135,833.1731672742657,96.73717040620029,30.514558679235922,1135.3499755859375,464210.9,True,False,True,False,1,-0.0016294320039799137
2024-01-15,1133.5,1133.5,1133.5,1133.5,0,987.3183865509317,844.9506901262553,96.73717040620029,28.334947345004785,1143.25,466810.6,True,False,True,False,1,-0.008528318390553236
2024-01-16,1142.0,1142.0,1132.0,1138.3499755859375,148390,1001.7023474114085,856.4565444580076,96.81389345755974,27.025308248933015,1143.25,431867.0,True,False,True,False,1,-0.004286048033293244
2024-01-17,1123.0,1138.0,1115.0,1125.6500244140625,294133,1013.5068880783278,867.0131515151078,90.7933889852282,26.762784487290478,1143.25,424176.1,True,False,True,False,1,-0.015394686714137351
2024-01-18,1114.0,1130.0,1110.0,1125.199951171875,310925,1024.1443226586657,877.1381240506673,90.57841508259186,26.279728452484015,1143.25,423129.3,True,False,True,False,1,-0.01578836547397766
2024-01-19,1129.949951171875,1137.949951171875,1120.0,1122.550048828125,135533,1033.5162965795666,886.7621211007637,89.23868887458968,25.684744361011944,1143.25,416025.75,True,False,True,False,1,-0.018106233257708326
2024-01-23,1127.199951171875,1133.0,1086.5,1110.4000244140625,179979,1040.8385563733282,895.5322349561873,83.16485205489234,27.171548335225374,1143.25,414516.45,True,False,True,False,1,-0.028733851376284703
2024-01-24,1110.0,1115.25,1055.5,1093.5999755859375,308643,1045.8634534411958,903.2995973338246,75.51166925657988,29.49858059699499,1143.25,416209.8,True,False,True,False,1,-0.04342884269762737
2024-01-25,1093.5999755859375,1105.0,1085.5,1087.449951171875,289054,1049.8240722726891,910.5211798372776,72.86810000177196,28.784396268638208,1143.25,406623.85,True,False,True,False,1,-0.04880826488355561
2024-01-29,1081.300048828125,1114.9000244140625,1080.6500244140625,1110.6500244140625,239279,1055.6170200956772,918.369369820681,76.24643437049015,29.17479653516405,1143.25,374304.75,True,False,True,False,1,-0.028515176545757748
2024-01-30,1120.0,1144.0,1120.0,1137.0999755859375,301761,1063.37730157094,926.9470406350048,79.3962736778315,29.473023610219297,1143.25,371178.1,True,False,True,False,1,-0.00537942218592824
2024-01-31,1133.5999755859375,1239.4000244140625,1131.050048828125,1144.8499755859375,330638,1071.1366038580827,935.4922537703355,80.22376731380997,35.10709160848488,1144.0,368729.3,True,True,True,False,1,0.0007429856520433376
2024-02-01,1163.0,1187.0,1140.0,1179.5,357230,1081.45692730017,945.0611849950283,83.42834805848138,35.95658506502167,1239.4000244140625,360597.35,True,False,True,False,1,-0.0483298557641878
2024-02-02,1189.949951171875,1203.0,1175.0,1191.5,403328,1091.937219938249,954.7254522501253,84.37278225430082,35.38825756037727,1239.4000244140625,368614.65,True,False,True,True,2,-0.03864775171091972
2024-02-05,1220.0,1228.0,1203.3499755859375,1220.6500244140625,465988,1104.195582269279,965.1538668447895,86.40035251154083,35.46766773463603,1239.4000244140625,361178.5,True,False,True,True,2,-0.015128287583231481
2024-02-06,1228.0,1229.0,1200.0,1219.0999755859375,423149,1115.1388578232466,975.112537775815,85.76313742694975,35.00569146787631,1239.4000244140625,288076.1,True,False,True,True,2,-0.016378932086694165
2024-02-07,1228.0,1250.0,1219.0,1248.050048828125,409061,1127.7970664903778,985.815969581788,87.60222811736229,34.71957064874229,1239.4000244140625,278553.15,True,True,True,True,2,0.0069792030366886415
2024-02-08,1257.300048828125,1305.0,1257.300048828125,1293.1500244140625,567121,1143.5449672450145,997.8682854575634,89.81050212036284,36.307454971823205,1250.0,273366.85,True,True,True,True,2,0.03452001953125006
2024-02-09,1303.0,1330.4000244140625,1286.0,1317.0,469400,1160.0644941740607,1010.383254655306,90.74892352497683,36.88549564626887,1305.0,285264.25,True,True,True,True,2,0.009195402298850519
2024-02-12,1319.949951171875,1345.050048828125,1310.0,1311.800048828125,561930,1174.5154993792096,1022.2035210934558,88.82808251512994,36.75439230211574,1330.4000244140625,298444.45,True,False,True,True,2,-0.013980739059388791
2024-02-13,1301.0,1345.0,1291.0,1341.449951171875,495288,1190.4140185975587,1034.7229889396683,90.11312547019797,37.98622142339318,1345.050048828125,315673.75,True,False,True,True,2,-0.002676552935250709
2024-02-14,1336.699951171875,1365.0,1321.75,1362.699951171875,463344,1206.8222026522556,1047.5848305958334,90.91930090575127,38.36220560743653,1345.050048828125,334541.5,True,True,True,True,2,0.013122115685678448
2024-02-15,1365.050048828125,1375.0,1345.25,1356.0,518441,1221.0296119234692,1059.679543121487,88.46988031399073,37.74704806404821,1365.0,357708.7,True,False,True,True,2,-0.00659340659340657
2024-02-16,1370.0,1374.0,1346.0,1362.0,496393,1234.4553631688532,1071.5352473128014,88.76186876375486,37.05083034518762,1375.0,376211.25,True,False,True,True,2,-0.009454545454545493
2024-02-19,1365.0,1381.0,1351.0,1364.5,444185,1246.8405666765814,1083.024061143672,88.88813644307105,36.54719960624565,1375.0,386324.25,True,False,True,True,2,-0.007636363636363663
2024-02-20,1360.0,1373.0,1351.0,1364.0,468861,1257.9986079454784,1094.0427254125477,88.67354773616556,35.50811392008524,1381.0,392987.25,True,False,True,True,2,-0.012309920347574277
2024-02-21,1364.0,1372.75,1336.0,1342.300048828125,1505346,1266.0273166009686,1103.7783067229625,79.68270193690856,35.59682006865059,1381.0,409653.65,True,False,True,True,2,-0.028023136257693704
2024-02-22,1335.050048828125,1352.0,1330.0,1347.199951171875,540443,1273.7580437029596,1113.3242535640964,80.17158810261603,34.62561863517554,1381.0,475922.0,True,False,True,True,2,-0.024475053459902196
2024-02-23,1347.0,1360.1500244140625,1321.0,1325.0,672718,1278.6382300169635,1121.6252632282494,71.74793488847045,34.948790476524614,1381.0,487512.0,True,False,True,True,2,-0.040550325850832736
2024-02-26,1353.0,1354.0,1320.3499755859375,1348.5999755859375,565586,1285.3012534044847,1130.5262323403156,74.78143852897915,34.856021472063034,1381.0,506695.2,True,False,True,True,2,-0.023461277635092315
2024-02-27,1359.25,1359.25,1325.0,1326.0999755859375,465854,1289.1868459931943,1138.1957908989675,67.35593607612464,34.81273422405853,1381.0,523010.55,True,False,True,False,1,-0.03975381927158761
2024-02-28,1330.0,1349.0,1330.0,1337.6500244140625,531909,1293.8023867951817,1146.0175255466183,69.05462467022534,33.96182638048739,1381.0,531215.2,True,False,True,True,2,-0.03139027920777515
2024-02-29,1350.0,1390.0,1325.0,1373.050048828125,841897,1301.3497831792715,1154.9207617537363,73.59061627992165,36.17883878188115,1381.0,541278.75,True,False,True,True,2,-0.005756662687816827
2024-03-01,1379.449951171875,1388.0,1371.0,1383.8499755859375,441194,1309.2069443608586,1163.8983779824503,74.80403160328305,34.808921726032494,1390.0,565512.1,True,False,True,False,1,-0.004424477995728426
2024-03-04,1417.949951171875,1427.9000244140625,1403.0,1423.9000244140625,664062,1320.1300948421163,1174.0945209797685,78.71049451179049,35.469002233324815,1390.0,567405.4,True,True,True,True,2,0.024388506772706764
2024-03-05,1421.949951171875,1422.0,1381.0,1402.300048828125,628129,1327.9558047455457,1183.0437573659785,72.20809799280903,35.999789531948934,1427.9000244140625,577309.1,True,False,True,True,2,-0.01792840895597181
2024-03-06,1401.0,1414.0,1380.0,1401.949951171875,621440,1335.002866309958,1191.6283139858176,72.10412476074153,35.856947422524016,1427.9000244140625,587558.1,True,False,True,True,2,-0.01817359254744466
2024-03-07,1407.0,1415.9000244140625,1405.5,1413.4000244140625,456972,1342.469262319873,1200.325243806533,73.4505873796299,34.29217069535713,1427.9000244140625,598177.05,True,False,True,False,1,-0.010154772569564208
2024-03-11,1420.0,1420.0,1391.0,1398.050048828125,469589,1347.7626705587543,1208.0791577289485,68.66563255719427,33.91415850283162,1427.9000244140625,592669.6,True,False,True,False,1,-0.020904807812568205
2024-03-12,1398.050048828125,1401.9000244140625,1351.0,1355.199951171875,590576,1348.470982998099,1213.8486006090634,57.42020185296868,35.12743463934811,1427.9000244140625,592679.05,True,False,True,False,1,-0.05091397997000524
2024-03-13,1355.0,1363.0,1122.800048828125,1171.8499755859375,681657,1331.6499346731314,1212.2015957061958,32.724433931867424,49.775471534528606,1427.9000244140625,594111.35,True,False,False,True,1,-0.17931931119140843
2024-03-14,1144.300048828125,1270.0,1121.0,1258.800048828125,761634,1324.7118503069403,1214.0289860247028,44.840277835718275,56.86293785349085,1427.9000244140625,603429.8,True,False,False,True,1,-0.11842564093752117
2024-03-15,1258.800048828125,1262.199951171875,1180.0,1227.699951171875,698887,1315.4726218178864,1214.565102304984,41.93148347200091,58.67272451908971,1427.9000244140625,618344.3,True,False,False,True,1,-0.14020594566789746
2024-03-18,1250.0,1268.8499755859375,1227.8499755859375,1250.449951171875,407899,1309.2799865182665,1215.9723512801563,44.7547012690702,57.42110308301634,1427.9000244140625,627366.6,True,False,False,False,0,-0.12427345767082254
2024-03-19,1249.0999755859375,1253.550048828125,1225.0,1232.9000244140625,409546,1302.005704413104,1216.6361815991331,43.01720288147708,55.35888492195268,1427.9000244140625,622941.9,True,False,False,False,0,-0.1365641828320705
2024-03-20,1225.0,1288.0,1225.0,1258.3499755859375,425437,1297.8480159533738,1218.2720166574393,46.27453653819196,55.90467885609892,1427.9000244140625,621209.95,True,False,False,False,0,-0.11874084034538746
2024-03-21,1274.0,1333.199951171875,1251.0999755859375,1325.5999755859375,552031,1300.4910597279036,1222.4809562232629,53.79132036725067,57.775771479658815,1427.9000244140625,619038.75,True,False,True,False,1,-0.07164370549689125
2024-03-22,1328.0,1336.0,1304.800048828125,1326.9000244140625,401442,1303.0061992218234,1226.57582164251,53.92552402522764,55.8774986005314,1427.9000244140625,571373.0,True,False,True,False,1,-0.07073324341558529
2024-03-26,1326.0,1338.0,1292.0,1293.6500244140625,405070,1302.1151349544177,1229.206182535512,49.931317738425754,55.17196298620773,1427.9000244140625,564422.95,True,False,False,False,0,-0.0940191874113101
2024-03-27,1293.949951171875,1324.0,1287.050048828125,1320.5,438493,1303.8660744825686,1232.7863322400017,52.96122311826317,53.8703907137554,1427.9000244140625,551040.55,True,False,True,False,1,-0.07521536702692755
2024-03-28,1305.0,1375.300048828125,1305.0,1359.199951171875,513686,1309.1359675005976,1237.7437290608596,57.00027802991636,55.04393772192466,1427.9000244140625,544685.9,True,False,True,False,1,-0.04811266339909093
2024-04-01,1365.6500244140625,1371.4000244140625,1321.0,1325.8499755859375,422691,1310.7277777944396,1241.1988759834117,52.79328125484355,54.71222962850593,1427.9000244140625,547077.5,True,False,True,False,1,-0.07146862321120917
2024-04-02,1344.0,1358.0,1327.0,1355.050048828125,389631,1314.9489464643143,1245.663627859675,55.864801571941214,53.10064354175997,1427.9000244140625,541616.6,True,False,True,False,1,-0.05101896094989666
2024-04-03,1355.0,1368.0,1304.5999755859375,1313.0999755859375,441209,1314.772853999707,1248.3081905156068,50.75545064943133,53.83631360406729,1427.9000244140625,519003.3,True,False,True,False,1,-0.08039781978099836
2024-04-04,1313.949951171875,1320.0,1274.8499755859375,1298.050048828125,476167,1313.1802058881276,1250.2588516259016,49.023181732756086,53.21586437620981,1427.9000244140625,519004.05,True,False,False,False,0,-0.09093772208542494
2024-04-05,1295.0,1314.0,1281.050048828125,1306.300048828125,391125,1312.524952834794,1252.4565456338319,50.02998893942863,51.768299147328754,1422.0,509609.3,True,False,True,False,1,-0.08136424133043252
2024-04-08,1348.0,1366.0,1326.050048828125,1351.5999755859375,456527,1316.2463835729982,1256.3445232790125,55.25563696971404,52.33484572051063,1420.0,497759.1,True,False,True,False,1,-0.04816903127750882
2024-04-09,1360.050048828125,1366.0,1349.9000244140625,1355.75,407597,1320.0086327565223,1260.242777268071,55.71256632421511,49.74664071089827,1420.0,489513.45,True,False,True,False,1,-0.045246478873239404
2024-04-10,1350.0999755859375,1373.8499755859375,1350.0,1365.9000244140625,391333,1324.379241485812,1264.3861987247765,56.87258576640774,47.89687891625822,1420.0,487044.7,True,False,True,False,1,-0.038098574356294046
2024-04-12,1358.050048828125,1366.25,1311.0,1314.949951171875,449589,1323.4812138368657,1266.369090977604,49.81854163421297,48.4221018508112,1401.9000244140625,483131.9,True,False,False,False,0,-0.06202301999283377
2024-04-15,1301.0,1323.75,1251.0,1292.25,479395,1320.506812519069,1267.3840285863255,47.0202989449798,50.159808861467546,1375.300048828125,476082.55,True,False,False,True,1,-0.0603868580524598
2024-04-16,1280.0999755859375,1299.0,1275.3499755859375,1286.550048828125,420632,1317.2728350246932,1268.1356372232588,46.31679942624551,48.266252829510044,1375.300048828125,465969.45,True,False,False,False,0,-0.064531372681636
2024-04-18,1286.050048828125,1298.699951171875,1261.0,1267.300048828125,446485,1312.5135220535915,1268.1028690509006,43.92651569050345,47.51151699682183,1375.300048828125,448919.35,True,False,False,False,0,-0.07852831830554019
2024-04-19,1251.0,1262.699951171875,1235.0,1249.550048828125,446082,1306.5170007940233,1267.3753074735369,41.78517651131606,46.42498355620063,1375.300048828125,436299.25,True,False,False,True,1,-0.09143459284186739
2024-04-22,1275.0,1281.9000244140625,1225.0,1231.3499755859375,472837,1299.3582364884915,1265.9625493602978,39.65080424242834,47.17320076033362,1375.300048828125,438208.4,True,False,False,True,1,-0.10466812195989195
2024-04-23,1260.0,1260.050048828125,1202.3499755859375,1215.0999755859375,451593,1291.3336402120578,1263.9679386240482,37.79453141759602,47.92512022332319,1375.300048828125,441372.95,True,False,False,True,1,-0.11648372540864216
2024-04-24,1221.0,1244.0,1202.949951171875,1211.3499755859375,478028,1283.7161483429036,1261.904489093142,37.359863414659486,47.43404369509475,1375.300048828125,442680.75,True,False,False,True,1,-0.11921040312758457
2024-04-25,1211.0,1274.0,1211.0,1257.699951171875,682589,1281.2384152789962,1261.7396052530923,45.67602920776674,48.5458977168737,1375.300048828125,438980.6,True,False,False,True,1,-0.08550868427326497
2024-04-26,1251.0,1265.199951171875,1246.0,1257.949951171875,513798,1279.0204663164131,1261.5909913675546,45.71788950906623,46.44975867794522,1375.300048828125,453037.95,True,False,False,True,1,-0.08532690575866875
2024-04-29,1267.199951171875,1283.0,1250.0,1261.449951171875,633624,1277.3470839216952,1261.5854603794887,46.34128524607538,45.489061629520556,1375.300048828125,458474.35,True,False,False,True,1,-0.08278200655432255
2024-04-30,1263.0,1274.0,1250.300048828125,1260.0,553202,1275.6949806910577,1261.523285462646,46.105060324045574,43.93269659683159,1375.300048828125,468230.9,True,False,False,True,1,-0.08383628643536412
2024-05-02,1260.949951171875,1266.0,1241.5999755859375,1255.4000244140625,436583,1273.7621277122964,1261.283157578388,45.31584670405883,42.537505726633796,1373.8499755859375,470206.7,True,False,False,False,0,-0.08621752977166008
2024-05-03,1255.4000244140625,1263.0,1241.0,1253.3499755859375,434465,1271.8181132240718,1260.9720524022134,44.94658350785104,41.070541031874235,1373.8499755859375,470901.3,True,False,False,False,0,-0.08770972241609398
2024-05-06,1255.0,1273.0,1246.0,1265.8499755859375,621133,1271.2497191632972,1261.1633435074575,47.74274964043103,40.06550238674036,1373.8499755859375,473143.0,True,False,False,True,1,-0.07861120349326256
2024-05-07,1272.9000244140625,1289.4000244140625,1226.0,1249.3499755859375,538803,1269.1640292987865,1260.700074177202,44.52783884170562,41.73225396012052,1373.8499755859375,482139.2,True,False,False,True,1,-0.09062124847139996
2024-05-08,1250.0,1259.0,1232.9000244140625,1243.4000244140625,493245,1266.7103145478604,1260.0216408531571,43.393098989094106,40.61566264767887,1373.8499755859375,485271.0,True,False,False,True,1,-0.09495210793757813
2024-05-09,1243.0,1257.050048828125,1241.0,1241.800048828125,573417,1264.337908288838,1259.3070686168812,43.07520909451778,38.86097594628216,1373.8499755859375,490377.0,True,False,False,True,1,-0.09611670058915578
2024-05-10,1245.0,1258.0,1203.050048828125,1249.0,712338,1262.8771551184725,1258.9028698475918,45.02688317718339,40.01018846239594,1373.8499755859375,496221.5,True,False,False,True,1,-0.09087598923069451
2024-05-13,1245.0,1272.0,1232.4000244140625,1257.75,472821,1262.3888546309988,1258.8576592653333,47.387668955196425,39.98088754264891,1373.8499755859375,511458.55,True,False,False,False,0,-0.08450702598471249
2024-05-14,1270.800048828125,1274.0,1229.199951171875,1252.3499755859375,516290,1261.4327709124216,1258.6024559837883,46.072680167136326,40.32511334875434,1366.25,515532.95,True,False,False,True,1,-0.08336689801578223
2024-05-15,1252.0,1274.0,1250.0,1259.050048828125,613008,1261.2058449996314,1258.6200086443505,48.00074800729137,39.15903382384332,1323.75,518868.0,True,False,False,True,1,-0.04887626150849855
2024-05-16,1280.0,1282.0,1250.050048828125,1264.050048828125,553947,1261.476721554726,1258.8329513966555,49.45313657972783,38.64409934870273,1299.0,525548.65,True,False,False,True,1,-0.026905274189280237
2024-05-17,1265.0,1297.0,1265.0,1287.550048828125,936996,1263.959895580764,1259.9591120802424,55.714006239471125,38.237374478929326,1298.699951171875,532214.4,True,False,True,True,2,-0.008585433712913426
2024-05-21,1315.1500244140625,1324.0,1288.0,1290.050048828125,1113443,1266.4446720805126,1261.1391488154536,56.33365294221458,38.10970138556831,1297.0,556739.95,True,False,True,True,2,-0.005358482013781751
2024-05-22,1295.0,1310.949951171875,1295.0,1304.199951171875,607290,1270.0404129463566,1262.8278077313917,59.76511084282263,36.88043002543843,1324.0,590108.0,True,False,True,True,2,-0.014954719658704652
2024-05-23,1311.949951171875,1314.0,1292.0,1301.8499755859375,534457,1273.069895102507,1264.3580888237268,58.9367631171206,35.81754216647854,1324.0,596830.65,True,False,True,False,1,-0.0167296256903795
2024-05-24,1301.8499755859375,1308.0,1280.0,1281.550048828125,393392,1273.8775287906612,1265.0322833337034,52.20549380124161,35.25914629744436,1324.0,600973.85,True,False,True,False,1,-0.03206189665549475
2024-05-27,1281.5999755859375,1295.0999755859375,1265.0,1287.9000244140625,1489936,1275.2130045643187,1265.9290574937174,53.97623502465518,34.8906341037653,1324.0,596742.05,True,False,True,True,2,-0.027265842587566036
2024-05-28,1287.9000244140625,1293.550048828125,1271.050048828125,1281.5,472611,1275.8117660343835,1266.5396826900424,51.88957594677223,34.0055888106392,1324.0,637109.4,True,False,True,False,1,-0.0320996978851964
2024-05-29,1272.300048828125,1298.800048828125,1267.199951171875,1287.449951171875,545039,1276.9201646189065,1267.3596932187415,53.68229564937344,33.83376801389712,1324.0,635050.05,True,False,True,False,1,-0.027605777060517367
2024-05-30,1287.449951171875,1290.949951171875,1245.800048828125,1259.050048828125,489925,1275.218248829308,1267.0338248112664,45.05283821883674,34.64206332317233,1324.0,630620.8,True,False,False,False,0,-0.04905585435942217
2024-05-31,1271.25,1284.0,1251.3499755859375,1269.9000244140625,480876,1274.7117512659513,1267.1462247956897,48.46147697270861,34.49977482966449,1324.0,627456.95,True,False,False,False,0,-0.04086100875070808
2024-06-03,1294.25,1334.0,1275.0,1330.0,1293541,1279.9772987644321,1269.6110787252705,62.38214224357211,36.61407488368399,1324.0,629671.6,True,True,True,True,2,0.004531722054380571
2024-06-04,1339.25,1339.25,1066.199951171875,1111.5,747917,1263.931841739248,1263.4106442654559,30.319048704576915,53.502358736858355,1334.0,672625.4,True,False,False,True,1,-0.16679160419790107
2024-06-05,1150.800048828125,1169.550048828125,1040.0,1116.9000244140625,566472,1249.9288115178017,1257.6651297614796,31.259394220223356,58.934336600520254,1339.25,678964.6,False,False,False,False,0,-0.16602574245729884
2024-06-06,1120.0,1258.0,1120.0,1232.0999755859375,919602,1248.2308271433383,1256.662574695772,47.527769078985536,64.80331081376434,1339.25,680348.05,False,False,False,True,1,-0.08000748509543587
2024-06-07,1229.550048828125,1300.0,1209.25,1282.75,575774,1251.5183674154014,1257.6856109822124,52.81520301473705,66.65664575563832,1339.25,701665.9,False,False,True,False,1,-0.04218779167444464
2024-06-10,1280.6500244140625,1303.75,1255.0,1288.4000244140625,565963,1255.0309061771786,1258.8900977834614,53.379551316680526,65.3775996302356,1339.25,701783.75,False,False,True,False,1,-0.037968994277347345
2024-06-11,1277.0999755859375,1302.800048828125,1270.050048828125,1289.6500244140625,448926,1258.3279650568818,1260.0963694160341,53.512025158462855,63.04705679950448,1339.25,694465.0,False,False,True,False,1,-0.037035636054461474
2024-06-12,1286.0,1303.0,1285.0,1293.75,529723,1261.7014921943216,1261.4161196350133,53.9739942404891,59.829409885254165,1339.25,693270.25,True,False,True,False,1,-0.03397423931304833
2024-06-13,1299.949951171875,1330.0,1286.1500244140625,1321.9000244140625,570708,1267.434685739059,1263.788037469486,57.12438776704185,58.688021721017265,1339.25,693941.9,True,False,True,False,1,-0.01295499390400412
2024-06-14,1338.0,1374.0,1299.199951171875,1354.050048828125,1354355,1275.6837679380178,1267.3277241894327,60.45370044976399,59.83888080009639,1339.25,691826.9,True,True,True,True,2,0.011050997818275121
2024-06-18,1375.0999755859375,1439.0,1369.050048828125,1398.8499755859375,849316,1287.4138829521055,1272.4854595383154,64.58095945276645,61.63252868379487,1374.0,731847.3,True,True,True,True,2,0.018085862871861424
2024-06-19,1414.25,1414.25,1340.0,1398.9000244140625,827050,1298.031610710387,1277.4428934550115,64.5854061691403,62.53377663495238,1439.0,727463.3,True,False,True,True,2,-0.027866557043736973
2024-06-20,1413.050048828125,1424.25,1383.1500244140625,1397.0999755859375,686872,1307.466693079487,1282.135328048381,64.2728663463208,61.00279084573704,1439.0,713143.65,True,False,True,False,1,-0.029117459634511844
2024-06-21,1401.0,1428.300048828125,1331.5,1399.3499755859375,921922,1316.217481889625,1286.731980892991,64.5040899667625,63.55973784447904,1439.0,717122.75,True,False,True,True,2,-0.027553873811023255
2024-06-24,1405.0,1417.0999755859375,1371.25,1409.6500244140625,562650,1325.115819272905,1291.55229632519,65.60161276970103,62.29475482601179,1439.0,736496.0,True,False,True,False,1,-0.02039609144262511
2024-06-25,1411.0,1488.800048828125,1406.0,1413.0999755859375,769718,1333.4952627312891,1296.318871982474,65.98102800966691,63.7594186833056,1439.0,744958.9,True,False,True,True,2,-0.01799862711192668
2024-06-26,1411.0,1417.8499755859375,1371.0,1402.1500244140625,570345,1340.033811462982,1300.4691132543012,63.58381200276438,62.551601319207876,1488.800048828125,708948.0,True,False,True,False,1,-0.05820125038433943
2024-06-27,1401.4000244140625,1417.4000244140625,1382.0,1397.8499755859375,549839,1345.5401128080255,1304.28797060064,62.62162756134754,60.61220296884035,1488.800048828125,713834.7,True,False,True,False,1,-0.06108951521984218
2024-06-28,1397.8499755859375,1412.4000244140625,1363.300048828125,1386.699951171875,693657,1349.4600974141065,1307.5198129759826,60.08271113998789,59.78990101291872,1488.800048828125,714074.7,True,False,True,False,1,-0.06857878446243726
2024-07-01,1440.0,1478.050048828125,1402.300048828125,1421.050048828125,906484,1356.2781880249654,1311.9719790878312,64.81545339816583,62.044200773156675,1488.800048828125,724261.3,True,False,True,True,2,-0.04550644665368453
2024-07-02,1430.0,1454.0,1412.449951171875,1419.300048828125,612714,1362.2802700062186,1316.1809229992152,64.39655451323046,60.58033277708298,1488.800048828125,745541.7,True,False,True,False,1,-0.04668188992518196
2024-07-03,1426.0,1484.0,1426.0,1477.050048828125,668497,1373.2107251321145,1322.4895161689765,71.04665253096819,60.874591233853835,1488.800048828125,711500.35,True,False,True,False,1,-0.0078922619657682
2024-07-04,1492.800048828125,1498.0,1472.0,1485.5,536455,1383.9049417861988,1328.8820841623499,71.8744497074655,58.38354900286427,1488.800048828125,707529.35,True,False,True,False,1,-0.002216582966075631
2024-07-05,1486.0,1508.0,1457.0,1499.300048828125,604681,1394.894951980668,1335.5651416002236,73.22102374134782,57.85615264551683,1498.0,706028.5,True,True,True,False,1,0.0008678563605641898
2024-07-08,1549.0,1559.800048828125,1515.0,1547.5,1143703,1409.4287660777472,1343.876312517862,77.30760549026456,58.04499888512277,1508.0,690282.45,True,True,True,True,2,0.026193633952254602
2024-07-09,1559.9000244140625,1564.0,1531.050048828125,1547.0999755859375,566752,1422.540309840432,1351.8458679322964,77.20230725724376,56.25249547703365,1559.800048828125,718678.9,True,False,True,False,1,-0.008142116197347837
2024-07-10,1560.0,1564.0,1500.0,1513.300048828125,570497,1431.1840945059266,1358.1774044380152,68.68897048310806,56.80588865724553,1564.0,718718.35,True,False,True,False,1,-0.03241684857536764
2024-07-11,1532.0,1544.0,1505.0,1512.0,478533,1438.880847410124,1364.2096630875049,68.37664608131838,55.534039467442284,1564.0,724796.9,True,False,True,False,1,-0.03324808184143224
2024-07-12,1519.300048828125,1519.300048828125,1500.0,1512.800048828125,473505,1445.9207713546955,1370.0367370381175,68.47165439390783,52.945897278919624,1564.0,722237.4,True,False,True,False,1,-0.032736541669996844
2024-07-15,1534.0,1536.0,1500.0,1503.3499755859375,520083,1451.3902193767187,1375.2647071772478,65.95119497354992,51.73547604471108,1564.0,717377.25,True,False,True,False,1,-0.03877878798853096
2024-07-16,1507.0,1516.0,1438.050048828125,1459.9000244140625,582548,1452.200676999323,1378.5837392257504,55.783679402005895,53.60793855379422,1564.0,675663.65,True,False,True,False,1,-0.06656008669177593
2024-07-18,1460.75,1498.0,1457.550048828125,1479.1500244140625,793603,1454.7672815150124,1382.527515115488,58.81321587356285,52.66808231222856,1564.0,662325.25,True,False,True,True,2,-0.05425190254855339
2024-07-19,1482.0,1491.699951171875,1456.0,1472.0999755859375,534544,1456.418014283672,1386.0401606241333,57.265703051756425,51.456072945060455,1564.0,660652.9,True,False,True,False,1,-0.05875960640285327
2024-07-22,1461.0,1498.0,1437.199951171875,1491.6500244140625,624901,1459.7734438198995,1390.1817239100128,60.37903070983307,52.123499793850776,1564.0,653036.5,True,False,True,False,1,-0.04625957518282453
2024-07-23,1486.0,1517.0,1456.0999755859375,1465.6500244140625,630131,1460.3331181622007,1393.14126510625,54.67422227786653,52.75039440958018,1564.0,638185.45,True,False,True,False,1,-0.06288361610354065
2024-07-24,1470.0999755859375,1500.0,1466.800048828125,1483.6500244140625,488563,1462.5537759004733,1396.6906282163604,57.65699680980715,51.43607877931999,1564.0,641559.5,True,False,True,False,1,-0.051374664696891004
2024-07-25,1475.0,1494.0,1471.0,1477.699951171875,507551,1463.996268783464,1399.8674644106943,56.337206426533626,49.404930295082856,1564.0,627501.75,True,False,True,False,1,-0.05517905935302114
2024-07-26,1481.0,1518.0,1477.0,1508.0,606037,1468.1871003278961,1404.1079560024318,61.20701450849212,48.80457813114837,1564.0,624362.05,True,False,True,False,1,-0.03580562659846542
2024-07-29,1518.0,1536.800048828125,1499.3499755859375,1501.550048828125,472217,1471.3645239945845,1407.929214544616,59.68108380843477,47.99354206765116,1564.0,627171.95,True,False,True,False,1,-0.039929636299152804
2024-07-30,1505.0,1575.0,1503.5999755859375,1517.5,445120,1475.758378852243,1412.2261080918859,62.19131001080384,49.81185700366715,1564.0,616099.95,True,False,True,False,1,-0.029731457800511563
2024-07-31,1519.300048828125,1528.0,1480.0,1488.0999755859375,574471,1476.9337690173568,1415.2015538759663,55.350625537012476,49.682438646262355,1575.0,593031.75,True,False,True,False,1,-0.055174618675595255
2024-08-01,1497.9000244140625,1505.8499755859375,1442.300048828125,1448.5,642277,1474.2257910157039,1416.507375292595,47.734499266258126,50.67297351137309,1575.0,591119.6,True,False,False,True,1,-0.08031746031746034
2024-08-02,1428.0,1456.0,1410.0,1431.949951171875,482448,1470.199520554387,1417.112966503547,44.95070488786223,50.339189689132155,1575.0,589808.6,True,False,False,False,0,-0.0908254278273809
2024-08-05,1416.0,1422.949951171875,1371.25,1392.0,496466,1462.751947168255,1416.1281442877216,39.03317668404645,51.079244080756645,1575.0,587108.25,True,False,False,False,0,-0.11619047619047618
2024-08-06,1401.0,1422.0,1390.0,1397.050048828125,405894,1456.494623516814,1415.379983681463,40.106541194811584,49.71644093213117,1575.0,581697.5,True,False,False,False,0,-0.11298409598214287
2024-08-07,1411.0,1444.0,1401.0,1429.0999755859375,466556,1453.8856094281591,1415.9180225796779,46.53939500467738,49.5188345206843,1575.0,544807.05,True,False,False,False,0,-0.09263493613591267
2024-08-08,1448.0,1468.0,1385.0,1402.0,678434,1448.9441228159535,1415.3722177726318,42.39322343267778,51.91034634063543,1575.0,539797.25,True,False,False,True,1,-0.10984126984126985
2024-08-09,1405.0,1428.0,1401.300048828125,1414.8499755859375,468035,1445.6970611749996,1415.3517376868792,44.89989286946265,50.109603828581115,1575.0,545194.1,True,False,False,False,0,-0.10168255518353175
2024-08-12,1411.0,1460.0,1391.3499755859375,1453.4000244140625,599241,1446.430676721577,1416.843827362455,51.69125049042084,51.433919584686926,1575.0,544669.2,True,False,True,True,2,-0.07720633370535712
2024-08-13,1494.0,1504.0,1475.0,1481.5,744099,1449.7706122719028,1419.3793635443194,55.95298447637201,51.37435215620482,1575.0,550956.0,True,False,True,True,2,-0.0593650793650794
2024-08-14,1500.0,1514.0,1480.0,1490.5999755859375,536703,1453.6591230637157,1422.1723287224222,57.26771171192494,50.13332700219019,1575.0,562156.8,True,False,True,False,1,-0.05358731708829367
2024-08-16,1501.0,1532.0,1491.0,1527.5,618799,1460.6915875338382,1426.3028256352686,62.1953167007875,49.50951967446679,1575.0,559864.55,True,False,True,True,2,-0.030158730158730163
2024-08-19,1539.0,1553.9000244140625,1532.25,1548.0999755859375,508512,1469.0161959197524,1431.0791844568637,64.64629468238252,47.85884144158077,1575.0,551124.35,True,False,True,False,1,-0.017079380580357184
2024-08-20,1550.949951171875,1558.0,1526.0999755859375,1534.0,456715,1475.2051296416807,1435.1152948703202,61.69780341163874,46.71892593961518,1575.0,549822.75,True,False,True,False,1,-0.026031746031746072
2024-08-21,1534.0,1539.199951171875,1492.5,1505.699951171875,497418,1478.109398358842,1437.8833206076363,56.161168909841805,46.71757059906231,1575.0,541413.45,True,False,True,False,1,-0.04400003100198413
2024-08-22,1511.0,1518.0,1461.8499755859375,1510.550048828125,606551,1481.1989841178213,1440.732996224126,56.87541692696717,47.39131730013375,1575.0,534777.8,True,False,True,True,2,-0.04092060391865082
2024-08-23,1506.0,1524.949951171875,1486.0,1488.25,420726,1481.8705094399336,1442.5964081369054,52.62960997821537,46.7883625766867,1575.0,540677.2,True,False,True,False,1,-0.05507936507936506
2024-08-26,1497.0,1497.0,1430.0,1483.050048828125,603232,1481.9828465245232,1444.182825418914,51.66115836917006,48.232050964066225,1575.0,536335.95,True,False,True,True,2,-0.05838092137896822
2024-08-27,1496.550048828125,1496.550048828125,1465.0,1489.0999755859375,485246,1482.6606683398961,1445.944282288209,52.7505402691185,47.04047938292757,1575.0,536195.7,True,False,True,False,1,-0.0545396980406746
2024-08-28,1491.0,1509.949951171875,1436.699951171875,1487.25,639423,1483.0977475456202,1447.564114355338,52.36194256565329,48.91258799843274,1575.0,536847.15,True,False,True,True,2,-0.055714285714285716
2024-08-29,1481.0,1483.25,1462.300048828125,1472.9000244140625,460174,1482.1265358188052,1448.55767945568,49.32649047195949,47.20097108225005,1558.0,546562.3,True,False,False,False,0,-0.05462129370085844
2024-08-30,1474.9000244140625,1518.0,1474.9000244140625,1503.949951171875,633844,1484.2049563286214,1450.7299254053346,55.357013429905464,47.050899975370584,1558.0,540847.45,True,False,True,True,2,-0.03469194404886067
2024-09-02,1520.0,1524.0,1490.0,1495.9000244140625,495584,1485.3187723367587,1452.5013018370494,53.57682094065527,46.118692834272686,1558.0,540425.8,True,False,True,False,1,-0.039858777654645405
2024-09-03,1500.0,1500.050048828125,1387.3499755859375,1410.050048828125,5630895,1478.1503224787937,1450.8365468170916,39.12599576694213,50.874505720552314,1558.0,541082.6,True,False,False,True,1,-0.0949614577483151
2024-09-04,1413.0,1440.0999755859375,1407.949951171875,1432.3499755859375,948579,1473.7883846794741,1450.1115832393994,43.396754007871365,49.53704277008876,1558.0,797804.05,True,False,False,True,1,-0.08064828267911583
2024-09-05,1444.300048828125,1468.9000244140625,1440.9000244140625,1465.300048828125,850723,1472.9799717412502,1450.7072093409179,49.081208994921155,48.60940034566278,1558.0,824938.3,True,False,False,True,1,-0.05949932681121628
2024-09-06,1469.0,1472.9000244140625,1431.0,1437.0999755859375,682725,1469.5628292502681,1450.1735923309186,44.923101061851135,48.13015920769133,1558.0,844146.65,True,False,False,False,0,-0.07759950219131095
2024-09-09,1448.3499755859375,1464.0999755859375,1433.5,1458.300048828125,635600,1468.4901834957784,1450.4922768994365,48.45827863549703,46.87800323470891,1558.0,844361.2,True,False,False,False,0,-0.06399226647745504
2024-09-10,1462.8499755859375,1470.0,1458.0,1464.8499755859375,532717,1468.1434970281746,1451.0553239067503,49.53600169809523,44.38671728937256,1558.0,852739.45,True,False,False,False,0,-0.059788205657293036
2024-09-11,1459.5,1470.300048828125,1453.25,1465.1500244140625,619486,1467.8584043982592,1451.6080572599783,49.58800397095979,42.43409811356916,1558.0,849413.25,True,False,False,False,0,-0.05959561975990857
2024-09-12,1465.1500244140625,1481.9000244140625,1459.3499755859375,1478.1500244140625,559567,1468.8385586854786,1452.6489187170012,51.900684609198045,41.01380887889458,1558.0,843182.6,True,False,True,False,1,-0.05125158895117943
2024-09-13,1482.0,1492.0,1476.4000244140625,1481.75,451952,1470.0682197630522,1453.790137590844,52.5498572097065,39.198535072254785,1558.0,844325.8,True,False,True,False,1,-0.0489409499358151
2024-09-16,1496.0,1498.8499755859375,1475.6500244140625,1485.050048828125,440300,1471.4950606263924,1455.0160164628942,53.173758779097504,38.05577907937052,1558.0,835983.45,True,False,True,False,1,-0.0468228184671855
2024-09-17,1484.4000244140625,1499.8499755859375,1469.0,1486.6500244140625,602927,1472.9383905109323,1456.2565657943126,53.49304058731566,37.541078829839584,1558.0,832572.85,True,False,True,False,1,-0.045795876499318044
2024-09-18,1498.8499755859375,1498.8499755859375,1472.300048828125,1483.050048828125,448890,1473.9014055887603,1457.307290619168,52.62360708136817,36.75599653898051,1539.199951171875,839883.45,True,False,True,False,1,-0.03647992731613592
2024-09-19,1484.9000244140625,1506.699951171875,1476.0,1478.800048828125,571068,1474.3679430401285,1458.1501438822643,51.558211262014204,36.32342186990155,1524.949951171875,837457.05,True,False,True,False,1,-0.03026322425092398
2024-09-20,1481.0,1548.0,1473.1500244140625,1527.4000244140625,2637966,1479.4186174566935,1460.8658254717466,61.225565842992935,39.07531856390412,1524.949951171875,835682.9,True,True,True,True,2,0.0016066581334717167
2024-09-23,1535.0,1581.949951171875,1519.800048828125,1569.5,1255053,1487.997796746532,1465.125989178737,67.31133101336412,40.72350311960739,1548.0,946544.9,True,True,True,True,2,0.01388888888888884
2024-09-24,1594.8499755859375,1605.0,1566.050048828125,1573.199951171875,652106,1496.1122876441839,1469.364183766703,67.78980888257283,40.59682083762651,1581.949951171875,979135.95,True,False,True,False,1,-0.005531148437103339
2024-09-25,1584.6500244140625,1597.8499755859375,1559.0999755859375,1579.300048828125,518114,1504.034931566464,1473.6753941612685,68.60571592188364,40.464905063510336,1605.0,987478.95,True,False,True,False,1,-0.01601243063668223
2024-09-26,1575.0,1647.0,1575.0,1601.5999755859375,883888,1513.3268405206995,1478.6920444132163,71.4525731022454,42.71741184468817,1605.0,981413.5,True,False,True,False,1,-0.0021183952735591705
2024-09-27,1604.9000244140625,1614.5,1578.0,1588.300048828125,574818,1520.4671460737877,1482.9903975275265,67.51998954614497,42.27331099863901,1647.0,1002599.2,True,False,True,False,1,-0.03564052894467218
2024-09-30,1605.050048828125,1610.550048828125,1588.4000244140625,1597.75,788828,1527.8274178762842,1487.4907740950746,68.83257041922415,40.84307449873623,1647.0,999647.9,True,False,True,False,1,-0.029902853673345442
2024-10-01,1600.9000244140625,1617.8499755859375,1590.75,1612.9000244140625,502747,1535.9295708798822,1492.4087839115055,70.8653407166083,39.86142457639347,1647.0,1014310.1,True,False,True,False,1,-0.020704296044892212
2024-10-03,1591.0,1608.0,1561.0,1579.550048828125,539647,1540.0839021130482,1495.8260884180395,61.37568337322143,40.7213245647984,1647.0,757902.7,True,False,True,False,1,-0.040953218683591364
2024-10-04,1591.8499755859375,1591.8499755859375,1511.0,1536.050048828125,900263,1539.6997256097222,1497.4034986301997,51.658566579634545,43.587656780594045,1647.0,737456.1,True,False,True,True,2,-0.06736487624278997
2024-10-07,1555.0,1563.75,1483.050048828125,1530.300048828125,590087,1538.8045182971891,1498.6935594222753,50.519976250222136,46.23853495139983,1647.0,739933.1,True,False,True,False,1,-0.0708560723569368
2024-10-08,1521.0,1549.949951171875,1507.3499755859375,1532.3499755859375,338047,1538.1897999437365,1500.0134188796737,50.93516982362379,45.97863785386681,1647.0,735301.2,True,False,True,False,1,-0.06961142951673494
2024-10-09,1570.0,1594.0,1541.0,1544.199951171875,843900,1538.7621952987972,1501.7462240676034,53.37096595647327,47.0980226081665,1647.0,720423.55,True,False,True,True,2,-0.06241654452223744
2024-10-10,1562.75,1564.4000244140625,1502.0,1509.8499755859375,377467,1536.0086505642391,1502.064018244793,46.209590877715385,48.191022737159074,1647.0,735982.7,True,False,False,False,0,-0.0832726317025273
2024-10-11,1509.8499755859375,1515.5,1476.1500244140625,1490.699951171875,355544,1531.693536336395,1501.618368555659,42.764487841911496,47.55951936921468,1647.0,723881.75,True,False,False,False,0,-0.0948998474973437
2024-10-14,1496.300048828125,1514.0,1490.0,1505.0,349896,1529.151294780548,1501.7509815534763,46.001924256411556,45.876696557127914,1647.0,713680.6,True,False,False,False,0,-0.0862173649058895
2024-10-15,1510.0,1544.0,1492.300048828125,1531.3499755859375,439313,1529.3606929524897,1502.9117264174945,51.45123124100992,46.292643315324135,1647.0,708577.8,True,False,True,False,1,-0.07021859405832576
2024-10-16,1540.550048828125,1540.550048828125,1501.0,1508.6500244140625,419589,1527.3882483297823,1503.1367577114777,47.046497356019586,45.81102942338134,1647.0,708528.45,True,False,False,False,0,-0.08400119950573015
2024-10-17,1512.050048828125,1524.0,1473.0999755859375,1485.050048828125,389629,1523.356038853434,1502.4274750101697,42.93148513156192,46.174529065572855,1647.0,699361.55,True,False,False,False,0,-0.0983302678639193
2024-10-18,1488.0999755859375,1498.0,1435.0,1489.550048828125,488691,1520.1364207557854,1501.9224779049914,43.93840503864423,47.37634841803194,1647.0,696398.5,True,False,False,False,0,-0.09559802742676082
2024-10-21,1489.550048828125,1503.949951171875,1475.0,1483.050048828125,248099,1516.6043853341034,1501.1823826470752,42.76467279307041,46.060177186163585,1647.0,692279.65,True,False,False,False,0,-0.09954459694710083
2024-10-22,1480.0,1490.0999755859375,1411.0,1431.3499755859375,408570,1508.4849177390402,1498.4438568799717,34.801514077175696,48.42016278614744,1647.0,572786.3,True,False,False,False,0,-0.13093504821740287
2024-10-23,1432.0,1461.199951171875,1401.0,1430.9000244140625,345631,1501.0958802795185,1495.7950791362107,34.740882345081616,49.26157624227084,1647.0,530462.15,True,False,False,False,0,-0.13120824261441255
2024-10-24,1430.0,1439.75,1402.0,1405.550048828125,371839,1491.9962772841477,1492.2560583398151,31.41964473040335,48.439320796394355,1647.0,515138.4,False,False,False,False,0,-0.14659984892038558
2024-10-25,1405.0,1412.5,1351.0,1370.3499755859375,402746,1480.4109152176516,1487.4754276435847,27.48975252016716,49.37222645379477,1647.0,507824.65,False,False,False,False,0,-0.16797208525443985
2024-10-28,1370.0,1392.4000244140625,1350.0999755859375,1368.800048828125,358289,1469.7813088948394,1482.821491219449,27.327670710610548,48.86707090910407,1617.8499755859375,483767.55,False,False,False,False,0,-0.1539388265389774
2024-10-29,1368.0,1414.0,1340.0,1378.4000244140625,352174,1461.0783294204796,1478.7265317368847,30.07761146843029,50.662280129882355,1617.8499755859375,472941.1,False,False,False,False,0,-0.1480050405076363
2024-10-30,1389.050048828125,1405.0,1378.25,1386.4000244140625,370640,1453.966109896059,1475.1058843908918,32.374138747027274,48.95426012060504,1617.8499755859375,451108.4,False,False,False,False,0,-0.14306020623948812
2024-10-31,1380.0,1387.300048828125,1353.050048828125,1363.1500244140625,416476,1445.3169588977735,1470.7154585094474,29.356436770374785,47.90395582627611,1608.0,444503.05,False,False,False,False,0,-0.1522698853146377
2024-11-01,1369.5,1424.0,1369.5,1386.6500244140625,34085,1439.7296318040867,1467.4187748194324,35.86388009813737,48.82867152339478,1594.0,438344.5,False,False,False,False,0,-0.13008154051815402
2024-11-04,1381.0,1381.3499755859375,1344.0,1355.25,349732,1431.68395258465,1463.0199993363176,31.6664456356321,48.387339587013905,1594.0,395035.6,False,False,False,False,0,-0.1497804265997491
2024-11-05,1343.0,1367.949951171875,1330.0,1360.800048828125,370428,1424.933104607838,1459.0113738261925,33.15561161335863,47.64181184307541,1594.0,383017.85,False,False,False,False,0,-0.14629858919189143
2024-11-06,1365.800048828125,1414.0,1350.949951171875,1401.449951171875,465243,1422.696613804413,1456.7540631338663,42.96029841394115,48.74240019915038,1594.0,384636.9,False,False,False,True,1,-0.1207967683990746
2024-11-07,1404.949951171875,1414.800048828125,1375.0,1384.0,434013,1419.0112220135165,1453.9009626188129,40.23218874878083,48.10366081550571,1564.4000244140625,365704.05,False,False,False,True,1,-0.11531578982276625
2024-11-08,1385.0,1393.0,1254.1500244140625,1268.5,1468900,1404.6768199169912,1446.6303366337613,27.695632092134687,54.58554044196513,1544.0,368531.35,False,False,False,True,1,-0.1784326424870466
2024-11-11,1280.0,1329.8499755859375,1250.0,1283.1500244140625,824893,1393.1028393929028,1440.2193439976948,30.647570780605918,56.39014295224887,1544.0,424199.15,False,False,False,True,1,-0.16894428470591805
2024-11-12,1278.800048828125,1348.0,1277.5999755859375,1302.199951171875,541693,1384.4454214670907,1434.806818788839,34.39815153715908,57.390848770949844,1544.0,447949.0,False,False,False,True,1,-0.15660624924101363
2024-11-13,1302.199951171875,1303.1500244140625,1251.0,1257.25,546859,1372.3315718035583,1427.843806287316,30.242197078480487,57.01650417402932,1540.550048828125,453068.0,False,False,False,True,1,-0.18389538791266624
2024-11-14,1259.9000244140625,1319.0,1259.3499755859375,1302.949951171875,548356,1365.7237984100648,1422.9460080474948,38.391948179178215,57.354611018741515,1524.0,459431.5,False,False,False,True,1,-0.1450459637979823
2024-11-18,1305.0,1309.699951171875,1282.6500244140625,1290.800048828125,295764,1358.5882032117847,1417.763813568304,37.14931181343394,55.189990714389445,1503.949951171875,467367.85,False,False,False,False,0,-0.14172672579806533
2024-11-19,1290.800048828125,1320.0,1281.949951171875,1289.0999755859375,335711,1351.9702767712279,1412.718172863113,36.969001256666395,53.96570915108484,1503.949951171875,457721.5,False,False,False,False,0,-0.14285713126193245
2024-11-21,1294.0999755859375,1303.5,1250.0,1263.949951171875,404561,1343.5873886189086,1406.8841249536529,34.31551770894333,53.93244421172164,1490.0999755859375,462102.1,False,False,False,False,0,-0.15176835656623355
2024-11-22,1264.8499755859375,1312.949951171875,1257.449951171875,1298.0999755859375,341484,1339.25525404434,1402.6180798804091,40.554775678227955,54.04441248231295,1461.199951171875,461901.65,False,False,False,False,0,-0.1116205728416102
2024-11-25,1330.0,1341.0,1306.6500244140625,1327.449951171875,1298212,1338.1309394850578,1399.6703101271335,45.35866376820093,53.2483847631522,1439.75,461694.3,False,False,False,True,1,-0.07799968663179369
2024-11-26,1325.0,1332.449951171875,1311.0,1315.25,248449,1335.9518023912428,1396.359709729991,43.77509108556854,50.97706807806098,1424.0,508012.95,False,False,False,False,0,-0.0763693820224719
2024-11-27,1320.699951171875,1330.4000244140625,1311.0999755859375,1321.8499755859375,241551,1334.608771266928,1393.4377593714007,44.895897486585284,48.7144238459227,1424.0,500298.1,False,False,False,False,0,-0.07173456770650455
2024-11-28,1334.0,1347.0,1321.6500244140625,1332.4000244140625,280228,1334.398414423798,1391.044122706407,46.724120998568786,47.045534684495195,1424.0,494461.2,False,False,False,False,0,-0.06432582555192246
2024-11-29,1330.0,1350.0,1294.050048828125,1347.3499755859375,619412,1335.6318964392399,1389.3306267408984,49.29153445609291,47.68156443359375,1424.0,490863.9,False,False,False,True,1,-0.05382726433571805
2024-12-02,1344.8499755859375,1360.949951171875,1318.8499755859375,1348.5,534122,1336.8574301116932,1387.729425692236,49.493170082801285,47.28287951590402,1424.0,503302.5,False,False,False,True,1,-0.0530196629213483
2024-12-03,1351.9000244140625,1373.800048828125,1351.9000244140625,1366.0999755859375,482447,1339.6424344425736,1386.8812119625773,52.59957942924676,45.712677323919806,1424.0,509184.8,False,False,True,False,1,-0.04066012950425735
2024-12-04,1366.199951171875,1378.0,1351.0999755859375,1368.1500244140625,416063,1342.357443011287,1386.1466555881257,52.962481792346075,44.368916401787146,1414.800048828125,531602.9,False,False,True,False,1,-0.03297287447275865
2024-12-05,1368.0,1398.0,1346.550048828125,1354.0999755859375,681914,1343.4757794469679,1384.8899230390202,50.12977472675761,44.87470459965056,1414.800048828125,534919.45,False,False,True,True,2,-0.04290364090138754
2024-12-06,1355.0,1356.75,1300.300048828125,1301.949951171875,688014,1339.5209386588638,1381.6373751226618,41.30008153860045,45.70150792623802,1414.800048828125,550493.75,False,False,False,True,1,-0.07976399050150118
2024-12-09,1301.9000244140625,1302.4000244140625,1252.0,1273.949951171875,789244,1333.276082707722,1377.4143388892976,37.482673220950545,46.03711624679691,1414.800048828125,561632.3,False,False,False,True,1,-0.09955477296803583
2024-12-10,1275.0,1279.6500244140625,1234.0,1250.199951171875,888880,1325.3640701804984,1372.4255393709675,34.56433156097356,46.00946683017303,1398.0,579393.85,False,False,False,True,1,-0.10572249558521096
2024-12-11,1249.449951171875,1259.9000244140625,1216.9000244140625,1222.0,1022644,1315.5198730204509,1366.5264986113218,31.434758255423503,45.7945049137321,1398.0,550392.85,False,False,False,True,1,-0.1258941344778255
2024-12-12,1215.0,1264.0,1215.0,1257.25,894557,1309.9703613042175,1362.2411457246033,38.88392765999266,46.02346884846552,1398.0,560280.4,False,False,False,True,1,-0.10067954220314734
2024-12-13,1255.0,1269.699951171875,1211.699951171875,1237.9000244140625,578687,1303.1065196956313,1357.3650233202682,36.53728939676263,46.878935359289414,1398.0,577923.6,False,False,False,True,1,-0.1145207264563215
2024-12-16,1235.0,1274.0,1227.8499755859375,1263.6500244140625,583736,1299.3487582402438,1353.6899253239462,41.589146620449334,46.82687029177321,1398.0,579515.0,False,False,False,True,1,-0.096101556213117
2024-12-17,1266.199951171875,1312.8499755859375,1259.5999755859375,1294.300048828125,825447,1298.8679287724228,1351.3609105594044,46.99752281880784,47.28566527093227,1398.0,581284.0,False,False,False,True,1,-0.07417736135327258
2024-12-18,1299.1500244140625,1303.300048828125,1270.5,1294.6500244140625,716315,1298.466223595436,1349.136954239979,47.057801940795756,46.25097838216032,1398.0,607768.15,False,False,False,True,1,-0.07392702116304539
2024-12-19,1284.949951171875,1298.699951171875,1271.0,1286.4000244140625,476054,1297.3170617686387,1346.6766824821,45.73729080235695,44.92590500999709,1398.0,626798.35,False,False,False,False,0,-0.07982830871669344
2024-12-20,1289.9000244140625,1295.0,1251.0,1257.0999755859375,588414,1293.486863084572,1343.1638704469565,41.304226749456895,44.85976893785444,1398.0,630373.0,False,False,False,False,0,-0.10078685580405045
2024-12-23,1264.5999755859375,1279.550048828125,1240.5,1251.8499755859375,550365,1289.5214452275593,1339.5829333935833,40.54590037324322,44.44478893001663,1398.0,642719.5,False,False,False,False,0,-0.10454222061091734
2024-12-24,1245.0,1295.0999755859375,1243.449951171875,1287.199951171875,613875,1289.3003505555894,1337.5286987966535,47.53109008043226,44.95944860744847,1398.0,605327.15,False,False,False,True,1,-0.07925611504157726
2024-12-26,1295.449951171875,1342.0,1284.800048828125,1333.4000244140625,746568,1293.5003194944916,1337.3667899973361,54.97628327070655,45.83377021919323,1398.0,623598.45,False,False,True,True,2,-0.04620885235045602
2024-12-27,1335.0,1363.0,1327.0,1354.75,715783,1299.333622399778,1338.0484845072447,57.94603587518334,45.131358060679425,1398.0,648849.3,False,False,True,True,2,-0.030937052932761056
2024-12-30,1355.0,1355.0,1320.0,1333.5999755859375,604035,1302.5970846079838,1337.8740331769973,54.136539262416775,44.407689627773756,1398.0,670627.05,False,False,True,False,1,-0.04606582576113194
2024-12-31,1335.949951171875,1371.4000244140625,1307.449951171875,1364.75,825754,1308.5164098834139,1338.9279926602524,58.467318392666066,45.80357417166046,1398.0,669858.2,False,False,True,True,2,-0.02378397711015734
2025-01-01,1360.0,1360.0,1335.699951171875,1353.050048828125,553976,1312.757708830529,1339.4817987844829,56.3163021751996,44.60689378997935,1398.0,684439.8,False,False,True,False,1,-0.03215304089547566
2025-01-02,1362.0,1407.75,1347.75,1393.25,810882,1320.4236413228596,1341.5903556948954,61.55047064750483,45.706401376409396,1398.0,688016.25,False,False,True,True,2,-0.003397711015736715
2025-01-03,1405.699951171875,1414.800048828125,1383.3499755859375,1397.4000244140625,615655,1327.7547254267836,1343.7789701544705,62.05592516280507,44.68809222396498,1407.75,707757.2,False,False,True,False,1,-0.00735214035584264
2025-01-06,1411.550048828125,1411.550048828125,1341.0,1348.300048828125,545997,1329.711422893578,1343.956267357359,53.15297508288666,46.53537483854784,1414.800048828125,704444.25,False,False,True,False,1,-0.047003108358019796
2025-01-07,1358.0,1386.8499755859375,1341.0,1352.6500244140625,534408,1331.8960516098145,1344.2971990066414,53.78555967296134,46.48641774907568,1414.800048828125,697343.4,False,False,True,False,1,-0.04392848619530454
2025-01-08,1389.0,1404.0,1351.0,1362.75,842814,1334.8345228850703,1345.020838261283,55.29498295746037,46.9516736241417,1414.800048828125,684601.6,False,False,True,True,2,-0.03678968549035455
2025-01-09,1365.0,1365.8499755859375,1303.9000244140625,1308.699951171875,556095,1332.3455160552423,1343.596489747973,46.53550492626691,48.022979163265504,1414.800048828125,682298.3,False,False,False,False,0,-0.07499299829974737
2025-01-10,1310.949951171875,1344.0,1250.25,1252.9000244140625,610460,1324.7792787560822,1340.0397656172315,39.566887685790604,51.289194937317966,1414.800048828125,658970.85,False,False,False,False,0,-0.11443314873233423
2025-01-13,1250.050048828125,1252.0,1171.550048828125,1187.9000244140625,765745,1311.7431592949374,1334.073501256323,33.30948008163928,53.436393555076506,1414.800048828125,644766.0,False,False,False,True,1,-0.16037603660107536
2025-01-14,1188.25,1190.5999755859375,1140.0999755859375,1144.4000244140625,723504,1295.8057178777112,1326.6353256938814,29.901365688151174,53.22665115828533,1414.800048828125,654118.9,False,False,False,True,1,-0.1911224307901559
2025-01-15,1133.0,1148.449951171875,1106.75,1116.3499755859375,740926,1278.7146948023042,1318.388841375923,27.917757518349603,52.40331544497031,1414.800048828125,661107.3,False,False,False,True,1,-0.21094858845205222
2025-01-16,1120.050048828125,1189.0,1120.050048828125,1134.1500244140625,905289,1264.9466309558052,1311.16378973036,31.043907175463758,53.84950894276261,1414.800048828125,656881.25,False,False,False,True,1,-0.19836727080022665
2025-01-17,1140.1500244140625,1159.4000244140625,1125.0,1128.550048828125,570010,1251.9564802769785,1304.0024665577234,30.594362857752813,52.46026004785546,1414.800048828125,666329.95,False,False,False,False,0,-0.20232541003734072
2025-01-20,1137.949951171875,1137.949951171875,1105.0,1110.550048828125,693410,1238.4892010913734,1296.4160972349941,29.13397909555762,51.066666556714004,1414.800048828125,671027.75,False,False,False,True,1,-0.21504805590868437
2025-01-21,1115.0,1116.6500244140625,1086.800048828125,1100.800048828125,619119,1225.3759484948737,1288.7448796504111,28.34472892548159,49.55118863022997,1414.800048828125,676277.55,False,False,False,False,0,-0.22193948908899552
2025-01-22,1103.0,1105.0,1052.0,1073.699951171875,652149,1210.9306154164929,1280.3117452002725,26.218664730906355,49.79753229949926,1414.800048828125,679715.25,False,False,False,False,0,-0.24109420828673445
2025-01-23,1078.550048828125,1121.5,1070.0,1104.9000244140625,531723,1200.8324638924519,1273.4328541890488,32.49636619024949,49.919137135249315,1414.800048828125,681628.95,False,False,False,False,0,-0.21904157034116012
2025-01-24,1106.0,1132.9000244140625,1105.8499755859375,1111.0999755859375,545941,1192.2865126251647,1267.066858949711,33.70351821990356,48.35348448273151,1414.800048828125,670886.7,False,False,False,False,0,-0.21465936016452747
2025-01-27,1105.0,1109.0999755859375,1075.0999755859375,1091.050048828125,554760,1182.6449446444942,1260.1642389449432,31.727547416210214,47.47109273396497,1414.800048828125,662394.6,False,False,False,False,0,-0.22883092226930668
2025-01-28,1094.949951171875,1144.800048828125,1071.1500244140625,1124.5,663430,1177.107330868828,1254.8440727118082,38.23370011527692,49.34101642540051,1414.800048828125,659930.85,False,False,False,True,1,-0.20518803987077872
2025-01-29,1124.949951171875,1180.0,1122.75,1173.0,602141,1176.7161565003682,1251.6345012329139,46.234178675376214,49.90594382358619,1414.800048828125,651814.65,False,False,False,False,0,-0.17090757738410267
2025-01-30,1172.949951171875,1195.949951171875,1163.800048828125,1186.9000244140625,480105,1177.686048682625,1249.0958942988411,48.30100959529413,48.63765514645504,1414.800048828125,654222.9,False,False,False,False,0,-0.16108285026059443
2025-01-31,1189.6500244140625,1212.800048828125,1185.0999755859375,1206.5999755859375,535982,1180.43975600675,1247.429387682649,51.166199798818475,47.1421135818645,1414.800048828125,637684.05,False,False,True,False,1,-0.14715865568045394
2025-02-01,1208.949951171875,1254.0,1180.199951171875,1244.0999755859375,559192,1186.5026340619106,1247.2988225023857,56.14826057930909,49.04625181374025,1411.550048828125,633700.4,False,False,True,False,1,-0.11862850586219398
2025-02-03,1238.0,1267.5,1215.4000244140625,1258.1500244140625,482926,1193.3261950478297,1247.7243598322555,57.88201405258894,49.264374940325766,1404.0,634360.15,False,False,True,False,1,-0.10388174899283298
2025-02-04,1258.550048828125,1283.0999755859375,1255.0,1279.1500244140625,506256,1201.499893082709,1248.9567388354637,60.402009799244745,47.752632129298036,1404.0,631786.05,False,False,True,False,1,-0.08892448403556807
2025-02-05,1298.0,1314.0,1280.8499755859375,1307.1500244140625,523102,1211.5618103523616,1251.238828465997,63.534819401036906,46.83101380477228,1365.8499755859375,614958.15,False,False,True,False,1,-0.04297686584992122
2025-02-06,1311.75,1325.0,1254.0,1258.449951171875,738000,1216.0273475732677,1251.5216175917176,55.334790323477556,48.55736996157426,1344.0,613308.5,False,False,True,True,2,-0.063653310139974
2025-02-07,1263.6500244140625,1289.9000244140625,1250.0,1262.550048828125,535406,1220.4580810261114,1251.9541050911846,55.85140853869676,47.93898813675199,1325.0,619685.5,False,False,True,False,1,-0.047132038620283034
2025-02-10,1265.9000244140625,1339.5,1250.5,1325.949951171875,1407759,1230.5049258018985,1254.855902976702,62.9815430232087,50.87191755555541,1325.0,608168.55,False,True,True,True,2,0.0007169442806602699
2025-02-11,1310.0,1317.449951171875,1271.0,1290.75,758287,1236.2425519160033,1256.2635146246744,57.435311377373154,51.163205671006814,1339.5,642381.3,False,False,True,True,2,-0.03639417693169089
2025-02-12,1291.25,1298.0,1251.0,1256.4000244140625,690707,1238.162311201533,1256.2688679497485,52.57019379354987,50.86583383736347,1339.5,643249.35,False,False,True,True,2,-0.06203805568192422
2025-02-13,1260.0,1273.25,1214.050048828125,1222.550048828125,701355,1236.6754290707322,1254.946561317528,48.2342238211049,51.46112793268572,1339.5,632520.25,False,False,False,True,1,-0.08730866082260169
2025-02-14,1229.5,1233.699951171875,1150.0,1167.949951171875,809861,1230.1301454613174,1251.5349295471103,42.18956882764608,53.763901021199246,1339.5,639087.5,False,False,False,True,1,-0.12807021189109746
2025-02-17,1142.6500244140625,1174.4000244140625,1093.199951171875,1129.0,834716,1220.49870303643,1246.7296381923218,38.48446907794658,55.72362760841269,1339.5,644910.05,False,False,False,True,1,-0.1571481896229937
2025-02-18,1135.0,1135.050048828125,1094.300048828125,1113.0,762760,1210.2607313186747,1241.4853386553682,37.045255777572926,54.654082779240355,1339.5,655689.9,False,False,False,True,1,-0.16909294512877937
2025-02-19,1115.0,1139.199951171875,1095.0,1104.449951171875,732833,1200.1835141618367,1236.1114018913097,36.264782501537255,53.907359092999975,1339.5,661220.45,False,False,False,True,1,-0.1754759603046846
2025-02-20,1104.5,1126.8499755859375,1090.0,1104.0999755859375,677864,1191.032700964132,1230.9344832126676,36.23113435020323,52.688974556781226,1339.5,671275.95,False,False,False,True,1,-0.17573723360512317
2025-02-21,1104.800048828125,1133.5,1076.0999755859375,1088.5999755859375,669243,1181.277203309066,1225.3527378155409,34.69570282554187,53.0254781180156,1339.5,677872.1,False,False,False,False,0,-0.18730871550135308
2025-02-24,1088.0,1113.25,1059.199951171875,1102.050048828125,652502,1173.7317600251667,1220.5173382474068,37.183416912066384,53.09866174016627,1339.5,683596.25,False,False,False,False,0,-0.1772676007255506
2025-02-25,1100.0,1112.550048828125,1080.25,1095.5999755859375,499171,1166.2906376976212,1215.6186181430355,36.466000156963176,51.613046532163324,1339.5,683049.85,False,False,False,False,0,-0.18208288496757186
2025-02-27,1095.0,1095.050048828125,1076.0,1087.0,611107,1158.739148393086,1210.574750764877,35.482986303423345,49.326398607432914,1339.5,677901.35,False,False,False,False,0,-0.1885031728256812
2025-02-28,1072.4000244140625,1083.449951171875,1040.5,1045.1500244140625,632664,1147.92113658556,1204.0875065942569,31.090752798048527,49.124512992616275,1339.5,684451.45,False,False,False,False,0,-0.2197461557192516
2025-03-03,1045.1500244140625,1061.8499755859375,1025.5,1049.199951171875,577556,1138.5191189271138,1198.013484812987,31.9683852620781,48.21204603499636,1339.5,689285.55,False,False,False,False,0,-0.21672269416060097
2025-03-04,1048.0,1056.0,1021.75,1044.5,708145,1129.5649171245313,1191.993348153654,31.467511327560715,47.21475703249662,1339.5,690203.75,False,False,False,True,1,-0.22023142963792464
2025-03-05,1045.25,1070.3499755859375,1027.0,1037.0,664100,1120.749210731719,1185.9151776378246,30.642454464379924,46.938701214885256,1339.5,701464.7,False,False,False,False,0,-0.2258305337812616
2025-03-06,1041.0,1053.25,1010.7999877929688,1015.0499877929688,791413,1110.6826180708856,1179.2145819576342,28.30350971618475,46.61808057146711,1339.5,709356.9,False,False,False,True,1,-0.24221725435388675
2025-03-07,1022.9500122070312,1068.75,1013.5,1062.199951171875,623034,1106.0652212233608,1174.6257729072122,39.0633592809792,47.23464624493374,1339.5,722772.45,False,False,False,False,0,-0.20701758031215
2025-03-10,1070.550048828125,1078.699951171875,1037.050048828125,1057.800048828125,517411,1101.4685381381003,1170.0443719629343,38.48296491390794,46.83573596627776,1339.5,717024.15,False,False,False,False,0,-0.21030231517123932
2025-03-11,1049.0,1090.0,1045.0999755859375,1067.0999755859375,640506,1098.195341704561,1166.0073368108951,40.49541539502189,46.69747085540524,1339.5,716124.4,False,False,False,False,0,-0.20335948071225274
2025-03-12,1069.9000244140625,1118.5,1065.0,1074.800048828125,684284,1095.9672185734719,1162.430580419414,42.181942460995664,47.18336579430487,1317.449951171875,677761.75,False,False,False,True,1,-0.18418149556870245
2025-03-13,1079.449951171875,1094.0,1063.75,1081.6500244140625,505828,1094.6036762725757,1159.2627154780275,43.71038808479251,45.973839666140236,1298.0,674061.6,False,False,False,False,0,-0.1666794881247592
2025-03-17,1089.800048828125,1089.800048828125,1060.1500244140625,1064.300048828125,515355,1091.7176165159613,1155.5386893348941,40.770523594930644,44.8078528624204,1273.25,664817.65,False,False,False,False,0,-0.16410756031562934
2025-03-18,1064.300048828125,1064.300048828125,1064.300048828125,1064.300048828125,0,1089.1064195933102,1151.9607034326677,40.770523594930644,41.60729194367608,1233.699951171875,655517.65,False,False,False,False,0,-0.13731045557944566
2025-03-19,1085.949951171875,1113.449951171875,1080.8499755859375,1104.550048828125,495212,1090.5772414251974,1150.1014620756268,49.84626856383537,42.14604982939564,1174.4000244140625,615024.6,False,False,False,False,0,-0.05947715781152796
2025-03-20,1100.0,1121.25,1090.0999755859375,1116.199951171875,500375,1093.0174994963095,1148.7719910597937,52.132530284164005,41.360619442586135,1139.199951171875,598049.4,False,False,True,False,1,-0.020189607606935334
2025-03-21,1119.9000244140625,1203.8499755859375,1118.0,1157.949951171875,1111734,1099.20154251303,1149.131911064189,59.293969734004186,44.66700551197731,1139.199951171875,584930.15,False,True,True,True,2,0.016458919244784154
2025-03-24,1161.0,1184.0,1150.4000244140625,1157.699951171875,543760,1104.7728195281582,1149.4679126370393,59.23681926533012,43.87650337440304,1203.8499755859375,603875.2,False,False,True,False,1,-0.03833536183908659
2025-03-25,1155.0,1161.0,1140.5,1148.949951171875,539243,1108.9801653989882,1149.4476004227192,57.16020527114144,42.20675313337426,1203.8499755859375,597170.0,False,False,True,False,1,-0.04560370937196023
2025-03-26,1150.0,1158.0,1135.0999755859375,1141.25,467389,1112.053482980037,1149.1261258963382,55.32227644438869,40.82770108199485,1203.8499755859375,590670.0,False,False,True,False,1,-0.051999814640913966
2025-03-27,1141.0,1143.449951171875,1121.3499755859375,1136.25,483564,1114.3579131724143,1148.6211797827564,54.105685635555275,39.49000640370504,1203.8499755859375,581414.35,False,False,True,False,1,-0.05615315608827032
2025-03-28,1140.0,1150.0,1088.0,1093.699951171875,569286,1112.390488219982,1146.4674061117414,45.03031769750674,41.09786308915468,1203.8499755859375,580634.0,False,False,False,False,0,-0.09149813236524784
2025-04-01,1080.0,1098.6500244140625,1072.199951171875,1076.1500244140625,255788,1108.939015476561,1143.7098617314402,41.9079925725989,40.05159238579988,1203.8499755859375,578542.95,False,False,False,False,0,-0.10607630000550605
2025-04-02,1075.0,1120.0,1071.449951171875,1105.25,356636,1108.5876806692695,1142.201631859619,48.3082356461184,40.6586249888231,1203.8499755859375,559699.15,False,False,False,False,0,-0.08190387306187963
2025-04-03,1105.0,1158.9000244140625,1105.0,1118.3499755859375,375716,1109.5174230422854,1141.2662727900629,50.929226657137114,41.604439233483056,1203.8499755859375,548653.15,False,False,True,False,1,-0.07102213874979357
2025-04-04,1120.0,1167.5999755859375,1091.0,1117.050048828125,1738814,1110.23481597427,1140.3166169484184,50.65475501829071,44.104120401515516,1203.8499755859375,532031.7,False,False,True,True,2,-0.07210194668614356
2025-04-07,1060.0,1079.449951171875,1045.0,1053.75,327357,1104.8553096910061,1136.9218476563235,39.493242899095016,46.10025814627333,1203.8499755859375,585767.4,False,False,False,False,0,-0.12468328996964995
2025-04-08,1063.5,1093.5999755859375,1056.050048828125,1069.050048828125,478508,1101.4452848469223,1134.2602084865903,42.77539765459968,45.653809391963634,1203.8499755859375,562564.6,False,False,False,False,0,-0.11197402458076444
2025-04-09,1070.0,1081.25,1054.9000244140625,1069.5,356472,1098.402876766263,1131.7205924675084,42.873538491038886,44.27496412010463,1203.8499755859375,555338.3,False,False,False,False,0,-0.11160026441047755
2025-04-11,1072.0,1091.75,1068.0,1088.4000244140625,266459,1097.4502241612915,1130.0217466614909,46.98632832194193,42.80889525438287,1203.8499755859375,547291.35,False,False,False,False,0,-0.09590061345948298
2025-04-15,1091.0,1134.0,1091.0,1130.699951171875,289774,1100.616864828966,1130.0483429168,54.82525859962819,43.0082581352082,1203.8499755859375,528589.0,False,False,True,False,1,-0.060763405654810865
2025-04-16,1141.0999755859375,1158.4000244140625,1121.0,1126.4000244140625,284655,1103.0724038370704,1129.9052716029673,53.95192139925637,42.607670012269224,1203.8499755859375,508863.5,False,False,True,False,1,-0.06433521845957468
2025-04-17,1127.0,1141.4000244140625,1119.0,1127.0999755859375,241193,1105.3607440036292,1129.7952599944565,54.0801524139594,41.16426675525446,1203.8499755859375,497804.85,False,False,True,False,1,-0.06375379121691993
2025-04-21,1127.5,1147.0,1120.0999755859375,1140.4000244140625,240512,1108.6978183284323,1130.211133108951,56.55577153279679,40.14539230231218,1203.8499755859375,484096.75,False,False,True,False,1,-0.052705862406976944
2025-04-22,1140.5,1167.5,1140.5,1156.800048828125,246524,1113.2789831379268,1131.2538356861735,59.458205204684056,39.213576822571135,1203.8499755859375,496122.35,False,False,True,False,1,-0.039082882179660605
2025-04-23,1165.0,1188.699951171875,1155.5,1182.4000244140625,291377,1119.8619394499399,1133.2595685774634,63.55164059203485,38.7840321332357,1203.8499755859375,483687.95,False,False,True,False,1,-0.017817794249183616
2025-04-24,1188.0,1192.300048828125,1166.0,1172.0999755859375,235542,1124.8369905105112,1134.782721793482,60.88785033728824,37.89231904001351,1203.8499755859375,473238.05,False,False,True,False,1,-0.02637371819071277
2025-04-25,1172.0,1180.699951171875,1131.5,1136.9000244140625,315494,1125.985850882278,1134.8657532687992,52.750430414843166,38.70000704943219,1192.300048828125,429428.45,False,False,True,False,1,-0.04646483447561167
2025-04-28,1139.0,1158.0,1122.5,1144.5999755859375,255035,1127.758624663579,1135.2474874773143,54.19261928376743,38.47143511732989,1192.300048828125,418015.15,False,False,True,False,1,-0.04000676951164306
2025-04-29,1144.5999755859375,1158.0,1137.800048828125,1153.5999755859375,224162,1130.2197057038036,1135.9671928933387,55.887447525335524,37.16632912122597,1192.300048828125,403804.75,False,False,True,False,1,-0.03245833402441323
2025-04-30,1160.0,1172.0999755859375,1134.0999755859375,1148.0999755859375,331823,1131.922588549721,1136.4429882930485,54.558948954403235,37.2258770411384,1192.300048828125,391643.4,False,False,True,False,1,-0.03707126682216477
2025-05-02,1148.0,1160.9000244140625,1136.199951171875,1136.4000244140625,247558,1132.3490110129917,1136.4413034350491,51.74127962433538,36.33117676978477,1192.300048828125,384056.35,False,False,True,False,1,-0.0468841920026799
2025-05-05,1134.9000244140625,1146.300048828125,1128.5999755859375,1139.199951171875,230609,1133.001481504314,1136.5494856992384,52.37515648186382,35.00038366067068,1192.300048828125,367969.95,False,False,True,False,1,-0.04453585128042259
2025-05-06,1140.0,1148.699951171875,1126.0,1133.5999755859375,227435,1133.0584809406591,1136.4338186359719,50.93416171666901,34.12178134004241,1192.300048828125,366711.0,False,False,True,False,1,-0.04923263510714604
2025-05-07,1133.5999755859375,1142.5,1110.5999755859375,1140.199951171875,262042,1133.7386209626798,1136.581510107968,52.589742078930605,33.963084416758136,1192.300048828125,360250.95,False,False,True,False,1,-0.043697136226286015
2025-05-08,1141.0,1178.5999755859375,1131.0,1133.4000244140625,297667,1133.7063736723353,1136.456745963109,50.6919162996178,34.93714807169952,1192.300048828125,354567.25,False,False,True,False,1,-0.04940033716508985
2025-05-09,1133.4000244140625,1158.0,1115.5999755859375,1150.4000244140625,301974,1135.2962451715475,1137.0035411964798,55.05841243771143,35.47021066758259,1192.300048828125,282509.9,False,False,True,True,2,-0.03514218124476698
2025-05-12,1179.300048828125,1204.0,1170.300048828125,1195.800048828125,307966,1141.0585121864597,1139.3092865937992,64.18103717748394,36.76519387603651,1192.300048828125,281240.75,True,True,True,True,2,0.0029355026894781755
2025-05-13,1195.800048828125,1196.5999755859375,1161.0,1164.4000244140625,256824,1143.2815133509932,1140.2932370965548,55.75178983384663,36.6819639981723,1204.0,272713.65,True,False,True,False,1,-0.03289034517104439
2025-05-14,1173.699951171875,1186.4000244140625,1165.5,1172.699951171875,349228,1146.0832693339344,1141.5640886289202,57.34644313742075,35.63325228401713,1204.0,267731.25,True,False,True,True,2,-0.02599671829578487
2025-05-15,1173.0999755859375,1180.9000244140625,1162.9000244140625,1175.199951171875,272271,1148.8562866518334,1142.8831420619774,57.839308980177435,34.37373426373019,1204.0,271869.7,True,False,True,True,2,-0.02392030633565201
2025-05-16,1181.0,1243.0,1173.199951171875,1236.0999755859375,671895,1157.1652094074625,1146.5387041609563,67.6467121965075,36.904185304044105,1204.0,270994.55,True,True,True,True,2,0.02666110929064569
2025-05-19,1247.0,1256.800048828125,1221.0,1249.9000244140625,437914,1165.9970965509483,1150.5920892689212,69.38464677729102,36.82531841290702,1243.0,290356.55,True,True,True,True,2,0.00555110572330042
2025-05-20,1249.9000244140625,1268.0,1233.0,1258.300048828125,440001,1174.7878539106794,1154.8159308202626,70.42602690450389,36.69493852627081,1256.800048828125,300192.6,True,True,True,True,2,0.00119350727380918
2025-05-21,1260.0,1260.0,1201.0,1203.800048828125,440637,1177.5509200932934,1156.7368766244924,56.902197410429615,38.288157202965756,1268.0,310167.05,True,False,True,True,2,-0.050630876318513374
2025-05-22,1209.5999755859375,1212.4000244140625,1191.0,1206.4000244140625,302358,1180.2984538381286,1158.684451047613,57.3232297873085,37.08186200375838,1268.0,319872.7,True,False,True,False,1,-0.048580422386386046
2025-05-23,1205.0,1209.0,1191.0,1195.199951171875,266961,1181.7176440603903,1160.116431444643,54.837935952486895,35.71887186063278,1268.0,320421.75,True,False,True,False,1,-0.05741328771934151
2025-05-26,1191.0,1207.0,1182.9000244140625,1186.5999755859375,301930,1182.1826280152043,1161.1550018031253,52.93995564315519,34.88895069815455,1268.0,321992.7,True,False,True,False,1,-0.06419560285020698
2025-05-27,1190.0,1210.0,1186.5999755859375,1191.5999755859375,241071,1183.079518260036,1162.348922343628,53.93813726304461,34.06831310643369,1268.0,321314.5,True,False,True,False,1,-0.06025238518459186
2025-05-28,1191.0,1227.5,1191.0,1213.0999755859375,303399,1185.938609433931,1164.3391597256793,58.05779930063728,34.24200502740271,1268.0,320616.3,True,False,True,False,1,-0.043296549222446745
2025-05-29,1212.9000244140625,1234.0,1192.199951171875,1226.4000244140625,309295,1189.7920775272771,1166.7729191252238,60.41629963450931,34.78186529888288,1268.0,324578.15,True,False,True,False,1,-0.032807551723925465
2025-05-30,1225.0,1229.5,1204.5999755859375,1212.199951171875,234809,1191.9261607315245,1168.5543713623474,56.74726591996082,34.07601952139571,1268.0,323451.75,True,False,True,False,1,-0.04400634765625
2025-06-02,1216.0,1234.0999755859375,1211.0,1229.199951171875,329363,1195.4760455353673,1170.9326293940935,59.88789101940231,33.29201638314869,1268.0,322814.3,True,False,True,True,2,-0.03059940759315849
2025-06-03,1231.0999755859375,1264.0,1225.0,1258.699951171875,478422,1201.4973698817014,1174.374485150085,64.68052778678603,33.69972949863807,1268.0,327752.0,True,False,True,True,2,-0.007334423366029186
2025-06-04,1270.0,1270.0,1232.300048828125,1234.5,387219,1204.6404775120157,1176.732348477533,58.505063290530984,33.985459618155,1268.0,340301.35,True,False,True,True,2,-0.026419558359621398
2025-06-05,1234.5,1252.9000244140625,1227.9000244140625,1246.5,320147,1208.6270987013477,1179.4683348117474,60.51807293573557,33.34364107400107,1270.0,346560.2,True,False,True,False,1,-0.018503937007874005
2025-06-06,1250.0,1294.0,1250.0,1283.0999755859375,566980,1215.7197536427373,1183.5323207244608,65.94458916443483,34.35480956871528,1270.0,347684.2,True,True,True,True,2,0.01031494140625
2025-06-09,1292.0,1299.5,1277.0999755859375,1286.0999755859375,448149,1222.422631923042,1187.5545816994209,66.35281143010639,33.50089634338294,1294.0,360934.5,True,False,True,True,2,-0.006105119330805597
2025-06-10,1288.0999755859375,1298.0,1287.0999755859375,1293.4000244140625,326966,1229.1823835888533,1191.705383374505,67.37755743477015,31.957976919860055,1299.5,367943.65,True,False,True,False,1,-0.0046940943331569285
2025-06-11,1300.0,1308.0,1291.5999755859375,1301.4000244140625,504314,1236.0602541436351,1196.0071340035072,68.50942835283155,30.846694598017372,1299.5,371450.75,True,True,True,True,2,0.0014621195952770893
2025-06-12,1304.300048828125,1309.5,1274.0,1282.699951171875,311945,1240.5021300510866,1199.4068523238354,63.00638431709728,31.179073555301844,1308.0,379205.05,True,False,True,False,1,-0.019342544975630704
2025-06-13,1261.0,1298.0,1256.0,1288.4000244140625,329420,1245.063834276132,1202.8967806410992,63.956766320391694,31.951996872780285,1309.5,381188.75,True,False,True,False,1,-0.016113001592926723
2025-06-16,1294.9000244140625,1298.800048828125,1270.5,1287.699951171875,271081,1249.1244168376313,1206.2223951717178,63.740179298368886,31.691143441019193,1309.5,364065.0,True,False,True,False,1,-0.0166476126980718
2025-06-17,1297.0,1308.0,1272.0,1276.0,261117,1251.6839961864284,1208.9587718316504,60.07842082565319,31.998918909517826,1309.5,355723.35,True,False,True,False,1,-0.02558228331424206
2025-06-18,1290.0,1298.0,1265.800048828125,1272.5999755859375,315665,1253.6759942244769,1211.4545053122106,59.017363403871016,32.013278356829055,1309.5,346779.15,True,False,True,False,1,-0.028178712801880446
2025-06-19,1271.0,1288.0,1245.4000244140625,1277.0,318232,1255.8973281078602,1214.0249168685943,60.001868164282904,32.769471016051085,1309.5,340530.55,True,False,True,False,1,-0.024818633066055695
2025-06-20,1279.5,1283.5,1232.0,1243.0,587225,1254.6690111452067,1215.1611946384535,50.00546219210713,34.10736594347601,1309.5,341324.25,True,False,True,True,2,-0.050782741504390994
2025-06-23,1236.0,1252.5,1231.0,1238.0,292633,1253.0814862742347,1216.0568340643965,48.719991765422996,33.2068398046563,1309.5,357337.45,True,False,False,False,0,-0.054600992745322596
2025-06-24,1251.0,1263.9000244140625,1238.0,1241.9000244140625,279316,1252.0165851446945,1217.0702925094815,49.80391003831043,32.684924419613886,1309.5,356872.6,True,False,False,False,0,-0.051622738133591084
2025-06-25,1246.0999755859375,1255.699951171875,1231.199951171875,1251.9000244140625,300434,1252.0054841227295,1218.436164348877,52.57212297736969,32.10028696107004,1309.5,358784.85,True,False,True,False,1,-0.04398623565172777
2025-06-26,1264.5999755859375,1264.5999755859375,1245.0,1254.0,259716,1252.195438015803,1219.8308245704898,53.15634683910881,31.207407577132003,1309.5,358636.6,True,False,True,False,1,-0.04238258877434131
2025-06-27,1264.0,1264.199951171875,1235.5,1241.9000244140625,314511,1251.2149224346847,1220.6962833878847,49.381778725331216,31.028303548185075,1309.5,356157.65,True,False,False,False,0,-0.051622738133591084
2025-06-30,1242.0,1250.5999755859375,1224.0,1237.300048828125,322319,1249.889696376917,1221.3474114443648,47.98673113563123,30.711994408024534,1309.5,360142.75,True,False,False,False,0,-0.055135510631443285
2025-07-01,1237.699951171875,1258.0,1231.5,1246.800048828125,298405,1249.595444229413,1222.3455540868651,51.06158816493118,30.41113766459421,1309.5,359790.55,True,False,True,False,1,-0.04788083327367321
2025-07-02,1248.4000244140625,1261.0,1238.0,1246.9000244140625,307005,1249.338737580332,1223.3084744918533,51.09435426946389,29.881770688551768,1309.5,350789.7,True,False,True,False,1,-0.04780448689265937
2025-07-03,1248.9000244140625,1254.0,1233.300048828125,1236.9000244140625,278680,1248.1540982311635,1223.841476449587,47.65723569876298,29.225926437360574,1309.5,346779.0,True,False,False,False,0,-0.05544098937452269
2025-07-04,1237.0,1258.0,1235.0999755859375,1249.800048828125,271289,1248.3108554308742,1224.8594596801179,52.13079340968343,28.774076292839283,1309.5,344705.65,True,False,True,False,1,-0.04558988252911411
2025-07-07,1242.0999755859375,1253.5999755859375,1231.0,1234.300048828125,255957,1246.976492897279,1225.2296788623926,46.93966012586435,28.33306909948916,1309.5,329921.1,True,False,False,False,0,-0.05742646137600227
2025-07-08,1232.0,1248.0,1231.0,1240.9000244140625,270906,1246.3977816131633,1225.8442022173601,49.25674264888137,27.523564163811365,1309.5,320311.5,True,False,False,False,0,-0.05238638838177745
2025-07-09,1250.0,1264.0,1240.9000244140625,1247.0999755859375,401223,1246.464657229618,1226.6777619573043,51.40361423628812,27.20759355110609,1309.5,317508.5,True,False,True,True,2,-0.04765179413063192
2025-07-10,1252.9000244140625,1294.0,1250.300048828125,1266.9000244140625,872506,1248.4108826757558,1228.2551055830595,57.57660741967541,28.614195755602978,1309.5,312353.95,True,False,True,True,2,-0.03253148192893285
2025-07-11,1271.0,1275.0,1252.0,1255.199951171875,344158,1249.0574606277673,1229.3117661943857,53.27049318690693,28.213181773059908,1308.0,340382.0,True,False,True,True,2,-0.04036700980743502
2025-07-14,1260.0,1272.9000244140625,1242.0,1253.199951171875,235499,1249.4519835367298,1230.2485577621303,52.54703441847371,28.405099104560094,1308.0,341118.9,True,False,True,False,1,-0.041896061795202555
2025-07-15,1256.0,1263.5999755859375,1239.0,1255.0,598201,1249.9803660570415,1231.2192025557724,53.163558341829685,28.133304567515623,1308.0,339339.8,True,False,True,True,2,-0.040519877675840976
2025-07-16,1255.0,1264.0,1249.300048828125,1252.0,337638,1250.172712146847,1232.0341357888794,51.95209223331742,27.173779324969864,1298.0,356194.0,True,False,True,False,1,-0.035439137134052334
2025-07-17,1262.4000244140625,1262.4000244140625,1240.0999755859375,1244.5,333768,1249.6324538471472,1232.5229932089235,48.94901907205667,26.825655718052374,1294.0,357292.65,True,False,False,False,0,-0.038253477588871765
2025-07-18,1244.9000244140625,1251.5999755859375,1235.699951171875,1246.699951171875,219578,1249.3531678780737,1233.0789523447256,49.86449043879017,26.0452534820531,1294.0,358069.45,True,False,False,False,0,-0.03655336076362059
2025-07-21,1250.800048828125,1259.9000244140625,1231.699951171875,1237.800048828125,345962,1248.2528708256978,1233.2640933832904,46.2510634815906,26.199169179205555,1294.0,339687.1,True,False,False,True,1,-0.043431183285838504
2025-07-22,1243.5999755859375,1246.300048828125,1214.0,1219.5999755859375,266496,1245.5240236600064,1232.7282456265316,39.88576973529381,26.634946296985518,1294.0,342353.55,True,False,False,False,0,-0.05749615487949189
2025-07-23,1220.0,1227.9000244140625,1206.699951171875,1221.4000244140625,277810,1243.2264999222973,1232.2840016574153,40.75422991388917,26.24674107878566,1294.0,341712.55,True,False,False,False,0,-0.056105081596551365
2025-07-24,1221.800048828125,1228.5999755859375,1191.0,1193.4000244140625,305939,1238.4811213024655,1230.7591398047348,32.8131587573595,27.05768640072508,1294.0,340581.35,True,False,False,False,0,-0.07774341235389293
2025-07-25,1200.0,1210.800048828125,1172.0,1185.0,391721,1233.3876811784212,1228.9646637339608,30.869823444915568,27.896426574110787,1294.0,342892.5,True,False,False,True,1,-0.08423493044822261
2025-07-28,1186.0,1187.300048828125,1161.0,1166.0,240478,1226.9698067804763,1226.4954612345898,26.977889896168293,27.78239959225466,1294.0,346753.0,True,False,False,False,0,-0.09891808346213293
2025-07-29,1166.0,1168.5999755859375,1121.0,1128.800048828125,359090,1217.6203060231096,1222.664268591199,21.312403995127056,29.197940734660577,1294.0,342660.95,False,False,False,True,1,-0.127666113734061
2025-07-30,1125.0,1144.0,1122.0,1129.300048828125,259088,1209.2088529569207,1219.0029266397062,21.550871729270824,28.683802110756254,1294.0,345695.2,False,False,False,False,0,-0.12727971497053714
2025-07-31,1125.0,1153.4000244140625,1110.4000244140625,1144.5999755859375,321252,1203.0556265406367,1216.0851638532838,28.674066850917768,29.706387674273664,1294.0,343299.35,False,False,False,False,0,-0.11545596940808545
2025-08-01,1144.0,1145.0,1116.0,1131.300048828125,259554,1196.221761996588,1212.760257381709,26.427652393108886,29.65593141182555,1294.0,345427.95,False,False,False,False,0,-0.12573411991644123
2025-08-04,1132.0999755859375,1161.0,1117.5,1159.199951171875,295227,1192.6958752513772,1210.6598532166174,37.4908853446919,30.644793453838012,1294.0,344841.2,False,False,False,False,0,-0.104173144380313
2025-08-05,1158.0,1158.9000244140625,1133.5,1143.0,260857,1187.9629347512462,1208.006525639495,34.26863041667157,30.2915904336978,1294.0,346804.7,False,False,False,False,0,-0.11669242658423495
2025-08-06,1144.800048828125,1149.800048828125,1116.0,1118.0,230666,1181.2997981082704,1204.476857967358,29.98554156639807,30.542194604728312,1294.0,346302.25,False,False,False,False,0,-0.13601236476043277
2025-08-07,1115.0,1133.199951171875,1096.5,1107.9000244140625,286743,1174.3093434707266,1200.6895311613464,28.439074101847567,30.982034359524505,1294.0,337774.4,False,False,False,False,0,-0.14381760091648954
2025-08-08,1142.9000244140625,1144.0,1104.5,1111.4000244140625,579269,1168.3179797510443,1197.1879818771392,29.790392956955245,31.590460476701324,1275.0,308486.25,False,False,False,True,1,-0.12831370634191175
2025-08-11,1120.5,1132.5,1108.5,1110.300048828125,256284,1162.7924625202902,1193.7806119536485,29.60120609344426,31.048284728365516,1272.9000244140625,320241.8,False,False,False,False,0,-0.12773978511060602
2025-08-12,1119.9000244140625,1122.4000244140625,1106.0,1110.199951171875,229301,1157.7836519156792,1190.5029389818144,29.582795003681724,30.001980420201015,1264.0,321281.05,False,False,False,False,0,-0.12167725381971917
2025-08-13,1115.4000244140625,1117.0,1095.0,1113.5999755859375,279103,1153.5756827414182,1187.4871364957014,31.14926287968254,29.43041039018666,1264.0,302836.05,False,False,False,False,0,-0.11898736108707475
2025-08-14,1115.0,1120.699951171875,1096.0999755859375,1100.300048828125,245899,1148.5018128449142,1184.0680350185417,28.480318917141233,29.085379332740292,1262.4000244140625,299909.3,False,False,False,False,0,-0.12840618857020025
2025-08-18,1109.199951171875,1119.800048828125,1101.199951171875,1105.0,250080,1144.3587830501604,1180.9673277629124,30.73876986429582,28.4007093804017,1259.9000244140625,295515.85,False,False,False,False,0,-0.12294628257198525
2025-08-19,1106.0,1112.199951171875,1099.9000244140625,1102.800048828125,253305,1140.4008083623476,1177.9019442752738,30.25713570055531,27.250653478788188,1259.9000244140625,297040.95,False,False,False,False,0,-0.12469241411357179
2025-08-20,1106.0,1118.0,1100.4000244140625,1114.0,242622,1137.8864456611716,1175.3959856762435,35.77443455708715,26.561319343584568,1246.300048828125,292408.1,False,False,False,False,0,-0.10615425150029045
2025-08-21,1115.0,1137.9000244140625,1115.0,1131.199951171875,302296,1137.249636662191,1173.6628078525428,43.205162467252315,26.371226848618708,1228.5999755859375,291214.4,False,False,False,True,1,-0.07927724755782373
2025-08-22,1132.0,1133.0999755859375,1112.0,1121.9000244140625,243502,1135.787768829036,1171.632894776524,40.47818557797096,25.994708901284337,1228.5999755859375,292438.7,False,False,False,False,0,-0.08684677949874464
2025-08-25,1126.800048828125,1142.5999755859375,1119.5,1126.9000244140625,305409,1134.9413169799907,1169.8786645662312,42.576686774487605,25.78794223590242,1210.800048828125,289316.85,False,False,False,True,1,-0.06929304677123638
2025-08-26,1127.0,1134.0999755859375,1111.0,1116.699951171875,307665,1133.2040440458843,1167.7932248252762,39.515966518190375,25.595944618047785,1187.300048828125,285001.25,False,False,False,True,1,-0.05946272614570591
2025-08-28,1115.0,1115.0999755859375,1100.199951171875,1104.199951171875,261641,1130.441749486455,1165.2993709565155,36.09182270508512,24.946234288187227,1168.5999755859375,288360.6,False,False,False,False,0,-0.05510869909249505
2025-08-29,1105.0,1109.300048828125,1074.4000244140625,1089.0999755859375,379898,1126.5044376864057,1162.3111593733556,32.435451720150155,25.65721929717832,1161.0,283488.15,False,False,False,True,1,-0.061929392260174465
2025-09-01,1094.5,1099.699951171875,1066.0,1072.5999755859375,293131,1121.370679391123,1158.7930737346335,28.980516260704277,26.23170014537094,1161.0,289528.65,False,False,False,True,1,-0.07614127856508401
2025-09-02,1083.699951171875,1092.800048828125,1066.0,1087.5,311189,1118.1449004014924,1155.9972669215108,35.64671738179774,26.272296479853374,1161.0,288122.6,False,False,False,True,1,-0.06330749354005172
2025-09-03,1086.0,1108.0,1076.699951171875,1103.199951171875,265943,1116.7215719034334,1153.926783950937,41.84129416275363,26.63142164758706,1161.0,290704.35,False,False,False,False,0,-0.04978471044627475
2025-09-04,1109.199951171875,1118.0,1097.0999755859375,1102.0999755859375,297164,1115.3290389208148,1151.8943600934863,41.53959602336651,26.222036130906737,1158.9000244140625,289240.15,False,False,False,True,1,-0.049012035233015894
2025-09-05,1105.0,1114.0,1090.0999755859375,1108.0,412405,1114.6310352140704,1150.1730126388397,43.87715536357881,26.05617815113215,1149.800048828125,291055.5,False,False,False,True,1,-0.0363541894703584
2025-09-08,1110.800048828125,1118.0,1093.0999755859375,1100.0,261297,1113.2376032889208,1148.2054435157481,41.45659813150084,25.973595741341462,1144.0,300142.45,False,False,False,False,0,-0.038461538461538436
2025-09-09,1102.800048828125,1119.9000244140625,1096.300048828125,1109.300048828125,242338,1112.8625981021785,1146.6797417632924,45.238678367563764,25.804051444526895,1144.0,298870.15,False,False,False,False,0,-0.03033212515024042
2025-09-10,1109.5,1134.0,1102.0,1127.699951171875,256103,1114.2756793469114,1145.9354362499034,51.86441286646433,26.24661919848926,1142.5999755859375,282023.6,False,False,True,False,1,-0.013040455743421164
2025-09-11,1127.699951171875,1143.300048828125,1119.0,1122.0999755859375,287164,1115.0208504172947,1145.000712302297,49.88610006773263,26.107578457748957,1142.5999755859375,282014.55,False,False,False,True,1,-0.01794153722914915
2025-09-12,1123.9000244140625,1135.0,1111.0,1117.699951171875,238492,1115.2760028701118,1143.930094218751,48.32632177467764,25.95703713933832,1143.300048828125,284907.7,False,False,False,False,0,-0.022391407822023535
2025-09-15,1124.300048828125,1139.5,1120.800048828125,1133.0,257520,1116.9640025967678,1143.5014630729177,53.74244354558632,25.660109402823085,1143.300048828125,282877.15,False,False,True,False,1,-0.009009051332309892
2025-09-16,1136.0,1154.0,1130.0,1143.0999755859375,287816,1119.4531428814507,1143.485718465585,56.950206769045586,25.541530159764296,1143.300048828125,283458.2,False,False,True,True,2,-0.00017499626838346494
2025-09-17,1143.0,1149.0,1131.0,1135.800048828125,234597,1121.0099910668482,1143.184319656273,54.03367325811126,25.002849434066846,1154.0,285345.0,False,False,True,False,1,-0.015771188190532914
2025-09-18,1135.0,1158.0,1130.0,1143.800048828125,307620,1123.1804727583983,1143.2084658983065,56.65355289618431,25.216931617347786,1154.0,284409.6,False,False,True,True,2,-0.008838779178401257
2025-09-19,1144.9000244140625,1154.0,1095.0,1107.5999755859375,614314,1121.6966158848306,1141.8120545135075,44.338713040212085,27.630007930394374,1158.0,287659.5,False,False,False,True,1,-0.04352333714513168
2025-09-22,1106.0,1132.300048828125,1106.0,1112.5999755859375,298998,1120.830269189698,1140.6664827908576,46.08204568508718,27.535010851660846,1158.0,303260.4,False,False,False,False,0,-0.039205547853249145
2025-09-23,1113.4000244140625,1120.800048828125,1101.0,1106.4000244140625,262677,1119.455960163447,1139.3227001094147,44.23206504774165,26.982513564265428,1158.0,306035.2,False,False,False,False,0,-0.044559564409272445
2025-09-24,1107.0,1118.9000244140625,1087.0999755859375,1095.0999755859375,269552,1117.1363425846364,1137.588475618298,41.00126953394038,27.326623225969684,1158.0,303898.6,False,False,False,False,0,-0.05431781037483807
2025-09-25,1095.0999755859375,1095.9000244140625,1074.300048828125,1079.199951171875,290843,1113.5233529262782,1135.2987295615756,36.915421230715545,26.917576965967385,1158.0,301992.95,False,False,False,False,0,-0.06804840140598012
2025-09-26,1079.9000244140625,1087.300048828125,1051.9000244140625,1055.199951171875,269635,1107.9687432353826,1132.1576009972737,31.769190875390237,27.52346606940275,1158.0,303453.05,False,False,False,False,0,-0.08877379000701646
2025-09-29,1058.800048828125,1093.0999755859375,1047.699951171875,1084.5,374229,1105.7336248320128,1130.288675467969,42.33772908244445,28.800363094021307,1158.0,297939.9,False,False,False,True,1,-0.06347150259067358
2025-09-30,1085.0,1086.300048828125,1047.9000244140625,1054.0,290785,1100.8066129432495,1127.296962704519,36.07385358215718,29.486053188309963,1158.0,301994.8,False,False,False,False,0,-0.08981001727115712
2025-10-01,1054.699951171875,1060.300048828125,1041.800048828125,1046.300048828125,339556,1095.615511598952,1124.120613140739,34.678918743615256,28.701335103430683,1158.0,300974.6,False,False,False,True,1,-0.0964593706147453
2025-10-03,1049.0,1058.9000244140625,1046.0,1052.699951171875,224005,1091.528315367802,1121.3198028674503,36.86419897449238,27.572670054190098,1158.0,304655.25,False,False,False,False,0,-0.09093268465295767
2025-10-06,1054.0,1056.699951171875,1026.4000244140625,1033.9000244140625,302940,1086.039906705541,1117.8915762614351,33.33613455855942,27.76747410444884,1158.0,300997.3,False,False,False,True,1,-0.10716750914156947
2025-10-07,1039.0,1040.9000244140625,1020.0,1025.800048828125,271262,1080.3027773838824,1114.28014381307,31.918743380042812,27.27694198370696,1158.0,295524.05,False,False,False,False,0,-0.11416230671146377
2025-10-08,1031.0,1031.0999755859375,996.5,1000.7000122070312,364671,1072.7215616527537,1109.82602100499,27.952571103245674,27.800015812437714,1158.0,296022.3,False,False,False,True,1,-0.13583764058114745
2025-10-09,1002.2999877929688,1008.0,988.0,1005.7000122070312,322209,1066.3385569436373,1105.7426481109526,29.823250530650753,27.24287182583502,1158.0,302138.95,False,False,False,True,1,-0.1315198512892649
2025-10-10,1006.0,1034.0,1003.5999755859376,1030.199951171875,287610,1062.8967849653743,1102.7801894074594,38.27970915806128,27.468382724994118,1158.0,305444.25,False,False,False,False,0,-0.11036273646642913
2025-10-13,1024.9000244140625,1047.0,1011.0,1039.0,393101,1060.6209006829577,1100.2790055091277,41.02850315992227,28.077783958923114,1158.0,305466.55,False,False,False,True,1,-0.10276338514680483
2025-10-14,1035.0,1042.0,996.0,1000.7000122070312,408595,1054.914149399536,1096.3739469482612,33.9431080370567,29.35794224757146,1158.0,313197.0,False,False,False,True,1,-0.13583764058114745
2025-10-15,1001.0,1047.9000244140625,1001.0,1043.5999755859375,731054,1053.836609036336,1094.3043794438563,45.33141584180407,30.632375816104304,1158.0,320750.75,False,False,False,True,1,-0.09879104008122841
2025-10-16,1047.0,1072.0,1032.5999755859375,1067.199951171875,369235,1055.10930828734,1093.2414606880923,50.39762216577353,31.258636430244174,1158.0,342912.65,False,False,True,True,2,-0.07841109570649829
2025-10-17,1067.0,1074.4000244140625,1056.0,1068.300048828125,326094,1056.3655692912241,1092.2633661053485,50.6273090589814,30.340164143374057,1158.0,349644.55,False,False,True,False,1,-0.07746109773046206
2025-10-20,1070.300048828125,1080.800048828125,1061.0,1073.0999755859375,281134,1057.959322271673,1091.5118605947835,51.67869087968077,29.58729876371341,1154.0,350568.25,False,False,True,False,1,-0.07010400729121535
2025-10-21,1065.0,1078.199951171875,1062.5999755859375,1072.5999755859375,45817,1059.353670206365,1090.7702180454169,51.55553107048169,28.58820425101513,1132.300048828125,333909.25,False,False,True,False,1,-0.05272460537644075
2025-10-23,1079.800048828125,1080.5,1060.0,1064.5,293915,1059.8437968533779,1089.7400134161849,49.497558098251695,28.010475375942622,1120.800048828125,321250.2,False,False,False,False,0,-0.05023201853621495
2025-10-24,1066.0,1118.0,1062.5999755859375,1106.800048828125,574198,1064.3158208509728,1090.4090344127314,58.756506935538354,29.96687173580833,1118.9000244140625,322812.1,False,False,True,True,2,-0.010814170454839234
2025-10-27,1110.0,1110.0999755859375,1091.5,1105.199951171875,268793,1068.2095475482017,1090.9890703640704,58.32093082035705,29.15495058224613,1118.0,338044.4,False,False,True,False,1,-0.011449059774709336
2025-10-28,1101.9000244140625,1101.9000244140625,1067.0,1086.699951171875,944743,1069.9705383695039,1090.8208696114352,53.39260802261861,29.80102205293391,1118.0,336941.9,False,False,True,True,2,-0.02799646585699911
2025-10-29,1091.800048828125,1099.0,1086.0,1094.5,252221,1072.3066775724083,1090.9651492345163,55.11482512166413,28.600949049152916,1118.0,370697.3,False,False,True,False,1,-0.021019677996422237
2025-10-30,1102.4000244140625,1116.5,1088.4000244140625,1096.0,267410,1074.563184470274,1091.1625943625745,55.45570690045295,28.565165230351816,1118.0,364596.9,False,False,True,False,1,-0.019677996422182487
2025-10-31,1098.0999755859375,1104.0,1081.0,1084.300048828125,260425,1075.4905048853075,1090.8934749298512,52.13012890220825,28.16765342818383,1118.0,363428.15,False,False,True,False,1,-0.030143069026721814
2025-11-03,1085.0,1107.0,1085.0,1099.9000244140625,293451,1077.815221030903,1091.24667294884,55.92532776061845,27.777103267018916,1118.0,359471.6,False,False,True,False,1,-0.01618960249189405
2025-11-04,1102.0,1108.0,1075.0,1077.800048828125,286546,1077.8137760592099,1090.7193543558708,49.890775014093116,28.15016731937471,1118.0,362943.9,False,False,False,False,0,-0.03595702251509392
2025-11-06,1080.0,1085.300048828125,1070.0,1075.5,261712,1077.5934164345233,1090.1225169301504,49.29461075405782,27.232301712856874,1118.0,362124.2,False,False,False,False,0,-0.03801431127012522
2025-11-07,1076.0999755859375,1079.699951171875,1051.0,1058.199951171875,281933,1075.7464197428426,1088.8706516062966,44.944345824299404,27.337133817072456,1118.0,361646.7,False,False,False,False,0,-0.0534884157675537
2025-11-10,1040.0,1050.0,1016.0,1021.4000244140624,410743,1070.570572568673,1086.2247446575816,37.38624876519095,28.39876362812978,1118.0,357509.8,False,False,False,True,1,-0.0864042715437725
2025-11-11,1022.0,1044.0,1016.2999877929688,1041.9000244140625,305346,1067.840044172996,1084.4865203343065,43.12419587971751,28.348852812337032,1118.0,361936.5,False,False,False,False,0,-0.06806795669582966
2025-11-12,1051.0,1073.0,1033.0,1065.4000244140625,366961,1067.6076613388118,1083.7380302982185,48.904708855320195,29.181077611455816,1118.0,362823.3,False,False,False,True,1,-0.04704827869940742
2025-11-13,1070.0,1112.0,1070.0,1102.4000244140625,695658,1070.9212197269308,1084.4698732047223,56.41555544269398,30.42528460963308,1118.0,361516.3,False,False,True,True,2,-0.013953466534827763
2025-11-14,1095.0,1118.0,1090.5,1112.4000244140625,323259,1074.871582078086,1085.5651732521474,58.20380339318645,30.216335708945007,1118.0,375869.45,False,False,True,False,1,-0.005008922706563057
2025-11-17,1118.0,1120.199951171875,1100.5,1110.5999755859375,567956,1078.274286221691,1086.5469302064137,57.744525012191986,29.465165384868577,1118.0,355479.7,False,False,True,True,2,-0.00661898427018115
2025-11-18,1111.0,1118.0999755859375,1100.0,1110.199951171875,551243,1081.314825740756,1087.4744996560396,57.635681395299855,28.653366113516356,1120.199951171875,365415.75,False,False,True,True,2,-0.008926977714593498
2025-11-19,1116.9000244140625,1122.0,1101.0,1112.0,656307,1084.2372232892556,1088.4362839832536,58.01914653306102,28.106697105408045,1120.199951171875,376673.2,False,False,True,True,2,-0.007320078137208252
2025-11-20,1114.800048828125,1128.0,1110.800048828125,1124.800048828125,264177,1088.1003495310526,1089.86231397717,60.740485319817445,27.327643824441402,1122.0,395431.85,False,True,True,False,1,0.0024955871908423077
2025-11-21,1129.0,1129.0,1110.0,1116.800048828125,262796,1090.833654226012,1090.9186957360312,58.201116917716554,26.732812122695588,1128.0,406349.85,False,False,True,False,1,-0.009929034726839592
2025-11-24,1119.0,1120.0999755859375,1100.5,1107.800048828125,258215,1092.4495013309752,1091.58070958278,55.39531076925186,26.223323798641438,1129.0,404793.9,True,False,True,False,1,-0.018777636113263996
2025-11-25,1105.0,1126.0,1096.199951171875,1111.699951171875,246537,1094.282877506299,1092.369699449019,56.37669884504084,26.478804157890263,1129.0,388994.75,True,False,True,False,1,-0.015323338200287862
2025-11-26,1120.0,1137.0999755859375,1111.9000244140625,1132.800048828125,253841,1097.951179536949,1093.9552033462387,61.33359146243171,26.401748461902567,1129.0,387881.95,True,True,True,False,1,0.0033658537007308365
2025-11-27,1132.800048828125,1144.0,1121.0999755859375,1122.699951171875,280070,1100.3082054069419,1095.0824483590088,57.93973641494799,26.151625315628277,1137.0999755859375,353336.85,True,False,True,False,1,-0.012663815603937811
2025-11-28,1124.9000244140625,1126.800048828125,1102.0,1112.9000244140625,519874,1101.507426264763,1095.781176831756,54.77278322956907,26.05508413794947,1144.0,354729.3,True,False,True,True,2,-0.027185293344350936
2025-12-01,1118.0999755859375,1134.0,1118.0999755859375,1132.4000244140625,279269,1104.4495784694582,1097.217210070278,59.51474914373856,25.70114781280576,1144.0,367352.5,True,False,True,False,1,-0.010139838798896461
2025-12-02,1134.800048828125,1138.0,1125.0,1126.300048828125,240853,1106.530575646474,1098.357713550978,57.484327703751134,24.793922969033922,1144.0,368294.7,True,False,True,False,1,-0.01547198529010052
2025-12-03,1121.0,1130.4000244140625,1115.0,1119.4000244140625,256337,1107.7562374338634,1099.1829022122754,55.19064029877254,24.12293021510739,1144.0,365664.8,True,False,True,False,1,-0.021503475162532815
2025-12-04,1119.4000244140625,1128.800048828125,1105.5,1118.5,259366,1108.7794529163525,1099.9404354588528,54.883022725343636,24.06415297318008,1144.0,364154.35,True,False,True,False,1,-0.022290209790209792
2025-12-05,1119.800048828125,1134.0,1117.0,1123.800048828125,232810,1110.2099858603308,1100.8761065713734,56.423339065290335,23.559570617952932,1144.0,364037.05,True,False,True,False,1,-0.017657299975415208
2025-12-08,1128.800048828125,1132.9000244140625,1106.0,1111.4000244140625,327351,1110.323322865448,1101.288809231871,51.954256158135074,23.798174460532188,1144.0,361580.9,True,False,True,False,1,-0.028496482155539793
2025-12-09,1111.0,1123.800048828125,1100.0999755859375,1118.4000244140625,261640,1111.0925325367448,1101.9598372782316,54.1614994893642,23.791167230650426,1144.0,357411.3,True,False,True,False,1,-0.022377601036658645
2025-12-10,1118.4000244140625,1138.0,1095.9000244140625,1109.4000244140625,354129,1110.9313412869656,1102.251609322774,50.92233674164886,25.098939256028075,1144.0,355226.0,True,False,True,False,1,-0.030244733903791565
2025-12-11,1111.0,1120.0,1105.5,1111.699951171875,224679,1111.0045422283854,1102.6221325325425,51.71701688995149,24.341872166311784,1144.0,354584.4,True,False,True,False,1,-0.028234308416193232
2025-12-12,1113.699951171875,1125.0,1111.0,1122.5,233727,1112.099347730444,1103.4016567469525,55.37143167369615,23.60316701157523,1144.0,331035.45,True,False,True,False,1,-0.018793706293706247
2025-12-15,1120.0,1130.0,1115.199951171875,1123.0,222268,1113.1375050894492,1104.1702192274643,55.53920770259591,22.9743728556145,1144.0,326558.85,True,False,True,False,1,-0.018356643356643332
2025-12-16,1120.0,1128.0,1116.0999755859375,1121.0999755859375,220187,1113.8958356129242,1104.834131241522,54.69769659250161,22.183347966932217,1144.0,309274.45,True,False,True,False,1,-0.02001750385844625
2025-12-17,1121.0999755859375,1134.0,1116.199951171875,1130.699951171875,240664,1115.4962275709195,1105.8484771211438,58.148108144286326,21.87025517130313,1144.0,292721.65,True,False,True,False,1,-0.011625916807801562
2025-12-18,1130.9000244140625,1144.0,1122.5999755859375,1136.300048828125,273004,1117.4775438811296,1107.0426564037705,60.05918306617371,21.836667260071653,1144.0,271939.5,True,False,True,True,2,-0.00673072654884177
2025-12-19,1139.9000244140625,1151.699951171875,1127.199951171875,1146.5,270189,1120.241587321022,1108.5900032114657,63.342498830288896,22.026905312923677,1144.0,272380.85,True,True,True,False,1,0.0021853146853145766
2025-12-22,1150.0,1153.9000244140625,1135.0,1140.300048828125,248300,1122.1519169883652,1109.833534412119,60.10802934753683,21.803556677290736,1151.699951171875,272750.5,True,False,True,False,1,-0.009898326671066049
2025-12-23,1147.0999755859375,1147.0999755859375,1135.0999755859375,1140.4000244140625,231997,1123.8898319812888,1111.032220294548,60.14337197163902,21.10330262891283,1153.9000244140625,272254.75,True,False,True,False,1,-0.011699453777943347
2025-12-24,1141.0,1148.0,1135.199951171875,1141.5,237301,1125.5669908402137,1112.227035184958,60.55742157204753,20.510213071713697,1153.9000244140625,271527.75,True,False,True,False,1,-0.010746186109458766
2025-12-26,1142.0,1143.0999755859375,1131.5,1138.5999755859375,224037,1126.8082274826636,1113.261268141859,58.82242728440583,19.8737675370154,1153.9000244140625,270700.75,True,False,True,False,1,-0.013259423264068482
2025-12-29,1138.5999755859375,1140.0999755859375,1130.0,1134.199951171875,222999,1127.5122011673504,1114.0823929665655,56.19190176099612,19.175639540509838,1153.9000244140625,267899.1,True,False,True,False,1,-0.017072599727338544
2025-12-30,1132.0,1135.800048828125,1110.5,1114.4000244140625,265771,1126.263422428942,1114.0948491017616,46.18321832337192,19.613097346768065,1153.9000244140625,253055.35,True,False,False,True,1,-0.03423173512805644
2025-12-31,1114.800048828125,1129.0999755859375,1110.5,1127.4000244140625,271031,1126.3716702370486,1114.6166206826363,52.202847013407954,19.54073150670874,1153.9000244140625,252380.45,True,False,True,True,2,-0.022965594452999838
2026-01-01,1125.0,1131.5999755859375,1123.0,1128.699951171875,207516,1126.5934112784607,1115.1689081528027,52.77171872261963,18.75924894093937,1153.9000244140625,253889.35,True,False,True,False,1,-0.0218390438590933
2026-01-02,1130.9000244140625,1138.0,1117.199951171875,1127.0,252711,1126.6321340138454,1115.6328725389674,51.90176395451358,18.905020361452628,1153.9000244140625,251448.3,True,False,True,True,2,-0.023312266093175604
2026-01-05,1134.699951171875,1134.699951171875,1121.0,1129.300048828125,237800,1126.8862211390149,1116.1688402365814,53.03000333683575,18.53322970505423,1153.9000244140625,251115.55,True,False,True,False,1,-0.021318983504163724
2026-01-06,1132.4000244140625,1132.4000244140625,1117.5,1121.0,218474,1126.3256286495848,1116.3582974822057,48.59969526717394,18.273715041411965,1153.9000244140625,251365.05,True,False,False,False,0,-0.028512023327817104
2026-01-07,1121.0,1122.699951171875,1096.699951171875,1105.4000244140625,253711,1124.3327139604874,1115.928561283455,41.57022494611086,18.825592538453968,1153.9000244140625,245921.2,True,False,False,True,1,-0.042031370980018634
2026-01-08,1105.0,1118.4000244140625,951.5,991.5999755859376,3856283,1111.6915007819587,1111.0529304717877,19.459000385450025,29.402337672426004,1153.9000244140625,245524.75,True,False,False,True,1,-0.14065347551278462
2026-01-09,1010.0999755859376,1025.5999755859375,996.0,1007.5999755859376,733694,1101.7780221918615,1106.9959518488133,25.462026332256286,29.73074212439557,1153.9000244140625,420632.45,False,False,False,True,1,-0.12678745622040732
2026-01-12,987.5999755859376,995.9000244140624,911.0,955.5999755859376,1786499,1087.8563034674878,1101.0588547404654,20.194041711817164,34.507115943077146,1153.9000244140625,446083.2,False,False,False,True,1,-0.1718520189206335
2026-01-13,951.0,965.0,921.0,947.5999755859376,546596,1074.4985579549593,1095.0408594795035,19.524760583561402,35.18517909000021,1153.9000244140625,523721.8,False,False,False,True,1,-0.1787850285668221
2026-01-14,947.5999755859376,950.0,916.2000122070312,922.9000244140624,436443,1060.0606023796358,1088.290238496545,17.58672762299875,35.08623685449796,1153.9000244140625,539938.2,False,False,False,False,0,-0.20019065353369703
2026-01-16,925.9000244140624,933.9000244140624,915.0,918.4000244140624,269675,1046.569118763867,1081.627877159977,17.250769598441906,33.93007882303828,1153.9000244140625,550751.0,False,False,False,False,0,-0.20409047145967818
2026-01-19,914.0,915.0,890.0,891.0999755859375,435467,1031.7625336993021,1074.156194745309,15.336661710006055,33.53507493668286,1153.9000244140625,552201.55,False,False,False,False,0,-0.22774940919302944
2026-01-20,891.2000122070312,899.0,879.7000122070312,886.0999755859375,340802,1017.889909117077,1066.7814410527847,15.008205135472764,32.51828299784614,1153.9000244140625,560324.7,False,False,False,False,0,-0.23208254022189734
2026-01-21,889.0999755859375,908.0,869.5999755859375,891.5999755859375,317787,1005.8622963998256,1059.911579661928,17.111115609572195,32.938407384718744,1153.9000244140625,563855.35,False,False,False,False,0,-0.2273160960901427
2026-01-22,907.9000244140624,920.0,877.4000244140625,886.7999877929688,266819,994.5230289134583,1053.1228897847138,16.72224905037244,33.628519399091516,1148.0,567329.7,False,False,False,False,0,-0.22752614303748364
2026-01-23,888.0,890.0999755859375,853.2999877929688,862.2999877929688,271748,981.9303583305546,1045.6396387262141,14.865274925633315,33.855052855797034,1148.0,569070.8,False,False,False,False,0,-0.2488676064521178
2026-01-27,870.0,870.0999755859375,775.2000122070312,823.0,1116515,966.7941337276446,1036.9086725016568,12.47262091350781,38.2154036074477,1143.0999755859375,570793.15,False,False,False,True,1,-0.28002797867427
2026-01-28,830.0,832.0,800.0999755859375,820.0,371514,952.8137400392975,1028.4024500506116,12.30974030981973,37.76430509363447,1140.0999755859375,615417.05,False,False,False,False,0,-0.2807648297873411
2026-01-29,829.2999877929688,841.9000244140625,815.5999755859375,836.9000244140625,278617,941.7743385511799,1020.8925510060411,18.74701075807633,36.945429646098084,1138.0,622842.8,False,False,False,False,0,-0.2645869732741103
2026-01-30,833.0,945.0,831.2000122070312,901.2000122070312,5421132,937.9101169945943,1016.1987259550996,37.53550161783166,42.43504094230313,1138.0,623485.1,False,False,False,True,1,-0.20808434779698481
2026-02-02,895.0,903.0499877929688,872.0,891.2999877929688,337412,933.47105707063,1011.3007362232513,36.149496414613715,41.62182286020782,1138.0,880990.15,False,False,False,False,0,-0.21678384200969358
2026-02-03,958.0999755859376,958.0999755859376,871.0,876.0,709366,927.9976230639033,1005.9948249988101,34.05652875057136,44.870262340617096,1138.0,887484.95,False,False,False,False,0,-0.23022847100175747
2026-02-04,865.0,914.0,842.0499877929688,882.2000122070312,1290795,923.6359458394394,1001.1401264579561,35.68163370832468,46.80453018821811,1134.699951171875,910317.7,False,False,False,True,1,-0.22252573352459515
2026-02-05,883.5,898.0,874.75,887.7999877929688,445019,920.2229974540612,996.6954151377605,37.18732240488598,45.12206374620253,1132.4000244140625,962967.45,False,False,False,False,0,-0.21600144061075688
2026-02-06,887.7999877929688,894.9500122070312,846.7999877929688,890.0,814755,917.3446167441507,992.5112812107895,37.80333687104683,45.33834665104967,1122.699951171875,974294.7,False,False,False,False,0,-0.20726815827237066
2026-02-09,898.5,914.0,881.0,911.2000122070312,471684,916.7594163120441,989.3226039949559,43.54864923951793,44.45703617597469,1118.4000244140625,1002346.9,False,False,False,False,0,-0.1852646706759371
2026-02-10,915.0,958.0,911.5,950.4000244140624,366948,919.9632837503316,987.796228325117,52.31916592572877,44.624389862902845,1025.5999755859375,833116.95,False,False,True,False,1,-0.07332288705341716
2026-02-11,953.4000244140624,987.5499877929688,945.0,983.5499877929688,359713,926.0191603258208,987.6297090885622,58.229381011752984,44.47621828647898,995.9000244140624,814779.65,False,False,True,False,1,-0.012400879926034558
2026-02-12,977.5999755859376,1000.9000244140624,966.6500244140624,982.9000244140624,351066,931.4363854770819,987.4442312581897,58.077376335354266,43.74577412315905,987.5499877929688,743440.35,False,False,True,False,1,-0.004708585323663805
2026-02-13,981.9000244140624,1052.5999755859375,981.9000244140624,1040.550048828125,1715847,941.8281629390859,989.5268123393636,66.44446288952307,45.67107248378163,1000.9000244140624,733663.85,False,True,True,True,2,0.039614370513452846
2026-02-16,1075.0,1111.0,1073.5,1098.5,1486862,956.7492902782205,993.8002706789964,72.4062311573312,47.440992390074015,1052.5999755859375,797634.05,False,True,True,True,2,0.04360633239470846
2026-02-17,1085.0,1101.6500244140625,1065.0,1069.199951171875,394254,967.4588770299972,996.7571208944034,66.01944039847905,46.67020896321605,1111.0,858493.4,False,False,True,False,1,-0.037623806325945086
2026-02-18,1073.5999755859375,1081.1500244140625,1057.0,1062.0,329978,976.4627935033308,999.3156651730543,64.51351539597493,45.06162435256222,1111.0,856432.75,False,False,True,False,1,-0.04410441044104407
2026-02-19,1061.0999755859375,1070.0,1032.8499755859375,1037.550048828125,285417,982.2806273437874,1000.8150527673708,59.546232208454676,44.49651007124081,1111.0,855891.55,False,False,True,False,1,-0.06611156721140865
2026-02-20,1037.0,1039.4000244140625,1000.0,1008.0,404349,984.7300914062838,1001.0968154039446,54.122355690656065,44.13247538144236,1111.0,854273.05,False,False,True,False,1,-0.09270927092709269
2026-02-23,1016.0499877929688,1024.800048828125,960.5,985.25,426271,984.7796065104473,1000.4753716626134,50.322024115628416,45.57301634191969,1111.0,861149.55,False,False,True,False,1,-0.11318631863186324
2026-02-24,980.0,990.0,926.2999877929688,931.0999755859376,408588,979.667260708113,997.7547678949006,42.646169105281615,46.86780176085623,1111.0,868875.7,False,False,False,False,0,-0.1619262145941156
2026-02-25,925.0,954.0,925.0,947.5499877929688,317277,976.6084728114325,995.7859529889425,45.37222301528962,45.591530206509354,1111.0,833479.35,False,False,False,False,0,-0.14711972295862397
2026-02-26,945.0,954.0,934.5,950.2000122070312,253630,974.0933813252991,993.9982690367107,45.81899649629487,43.72784947747298,1111.0,830767.5,False,False,False,False,0,-0.14473446245991783
2026-02-27,957.2999877929688,998.0,928.1500244140624,989.7999877929688,645400,975.5892486079342,993.8336305565639,52.12061553038108,45.593715628077604,1111.0,829518.15,False,False,True,False,1,-0.10909092007833598
2026-03-02,970.0,977.0,950.0,960.7000122070312,309231,974.1712260935625,992.5342729742293,47.7276523595788,45.17987792556983,1111.0,590731.55,False,False,False,False,0,-0.13528351736540845
2026-03-04,945.0,948.0499877929688,907.7000122070312,920.4500122070312,320511,969.0549200091309,989.707439218653,42.40396615334444,45.738458073743416,1111.0,589322.5,False,False,False,False,0,-0.17151214022769468
2026-03-05,924.5999755859376,953.4500122070312,905.1500244140624,923.2999877929688,406652,964.6973074171154,987.1032254372536,42.88972039437657,45.92142448225952,1111.0,569879.75,False,False,False,False,0,-0.16894690567689585
2026-03-06,922.3499755859376,926.0,891.0,901.5,340600,958.678516234533,983.7462362044203,40.10355622542253,45.1413227335267,1111.0,525672.6,False,False,False,False,0,-0.18856885688568858
2026-03-09,887.5999755859375,896.9500122070312,861.0,874.5499877929688,256226,950.6662754305746,979.4640303843634,36.91128318488997,44.80979968113194,1111.0,520451.65,False,False,False,False,0,-0.21282629361568972
2026-03-10,900.0,900.0,875.0,883.25,273972,944.2456777705198,975.690931153604,38.61014985756876,43.42695771869618,1111.0,492525.2,False,False,False,False,0,-0.204995499549955
2026-03-11,878.0999755859375,908.9500122070312,840.2000122070312,842.4500122070312,340926,934.550852478759,970.4657970772679,33.98786841630849,45.23574645307502,1111.0,482639.6,False,False,False,False,0,-0.24171916092976486
2026-03-12,845.0,845.0,811.0,814.7000122070312,362899,923.1364867385944,964.357334925494,31.247796663702132,44.43319313499824,1111.0,481338.5,False,False,False,False,0,-0.26669665867953984
2026-03-13,818.2999877929688,820.0499877929688,781.2999877929688,803.7000122070312,412285,911.761584402255,958.057047760064,30.208171398670046,44.02725076821266,1111.0,481497.8,False,False,False,False,0,-0.27659764877854975
2026-03-16,800.0,801.5999755859375,767.3499755859375,788.4500122070312,629935,900.0176251455671,951.4057914638668,28.7786530609593,43.47887832913273,1111.0,484558.75,False,False,False,True,1,-0.2903240214158135
2026-03-17,789.9500122070312,804.0,781.6500244140625,795.25,330247,890.0397560840845,945.2820349358719,30.36113923596507,41.96967099033308,1111.0,430263.15,False,False,False,False,0,-0.28420342034203416
2026-03-18,795.0,808.0,778.4000244140625,801.75,451357,881.6312078856002,939.6533276834849,31.91835814756739,41.086121318590536,1101.6500244140625,372432.4,False,False,False,True,1,-0.27222803773237436
2026-03-19,792.5999755859375,793.0499877929688,761.0,766.9500122070312,295349,870.7091892495461,932.8806486451927,28.27314780766045,41.06211265297693,1081.1500244140625,375287.55,False,False,False,False,0,-0.2906164779280418
2026-03-20,770.0499877929688,778.0,758.0,763.6500244140625,331676,860.5130783128334,926.2441535773052,27.947207260061973,39.55767603490715,1070.0,373556.1,False,False,False,False,0,-0.2863083883980724
2026-03-23,758.0499877929688,758.0999755859375,721.0,726.4500122070312,512358,847.7451672551379,918.4090892098434,24.5161225309066,39.778558061989685,1039.4000244140625,375869.05,False,False,False,True,1,-0.30108717034468946
2026-03-24,734.2000122070312,750.0,725.5,741.6500244140625,915096,837.6408679369401,911.4773611786363,28.384979594873343,38.68723248613328,1024.800048828125,381269.5,False,False,False,True,1,-0.2762978248662742
2026-03-25,755.5999755859375,780.25,746.9500122070312,774.75,391571,831.6512614667554,906.1155038775133,36.06931419690694,38.680999850405016,998.0,405710.75,False,False,False,False,0,-0.22369739478957917
2026-03-27,771.0,797.0,740.5,743.25,595620,823.2320937080167,899.7286213725129,32.49578938217864,39.95378557537609,998.0,404859.9,False,False,False,True,1,-0.2552605210420842
2026-03-30,742.9500122070312,742.9500122070312,710.5,714.2000122070312,319086,812.848085946018,892.4529896405331,29.584757176927,39.43922946284923,998.0,418777.05,False,False,False,False,0,-0.2843687252434557
2026-04-01,729.0,738.2000122070312,720.0,723.6500244140625,221423,804.3530324667842,885.833265514005,31.72734106466916,38.33642735836,998.0,422049.85,False,False,False,False,0,-0.2748997751362099
2026-04-02,715.0,757.4500122070312,705.2000122070312,749.5,930802,799.1289341366142,880.4868629448283,37.343622790797276,39.330253975619996,977.0,400851.0,False,False,False,True,1,-0.23285568065506657
2026-04-06,750.0,804.5,736.7000122070312,780.2999877929688,691428,797.3357011515052,876.5579658800496,43.325840901343845,41.36380639114491,953.4500122070312,431929.55,False,False,False,True,1,-0.1816036731839329
2026-04-07,771.0,804.0,767.0499877929688,775.4000244140625,297364,795.2465890812726,872.5909877833442,42.62853341531848,41.04853537799394,953.4500122070312,450475.4,False,False,False,False,0,-0.1867428659220649
2026-04-08,794.9000244140625,836.9500122070312,794.9000244140625,829.2000122070312,353984,798.480248426583,870.8893808979985,51.80105754141945,42.51292483620642,926.0,445011.0,False,False,True,False,1,-0.10453562396648897
2026-04-09,815.1500244140625,842.2999877929688,810.25,820.7999877929688,402936,800.6059378900483,868.9250909723111,50.444951428571635,41.765572190260876,908.9500122070312,445680.2,False,False,True,False,1,-0.09698005746215288
2026-04-10,820.0,837.75,816.0,821.5,335477,802.5958485671865,867.0652834832009,50.56110526243118,40.3358884623851,908.9500122070312,453015.7,False,False,True,False,1,-0.09620992467417755
2026-04-13,805.0,814.6500244140625,782.0999755859375,799.2000122070312,399013,802.2724355805051,864.4039002959001,46.79791767797771,40.269041030362054,908.9500122070312,456090.95,False,False,False,False,0,-0.12074371365430192
2026-04-15,814.7999877929688,819.4500122070312,798.0,801.4500122070312,329796,802.1941095449362,861.9351203708466,47.22472551481954,38.92482468583842,845.0,458995.3,False,False,False,False,0,-0.051538447092270734
2026-04-16,811.0,817.75,799.75,806.9500122070312,240778,802.6470526556119,859.7788416193243,48.316223279530746,37.43019435113568,842.2999877929688,457340.15,False,False,False,False,0,-0.04196839142615094
2026-04-17,820.0,834.7000122070312,800.0,801.25,310155,802.5140000217441,857.4835929283704,47.226108347095945,37.23518134084251,842.2999877929688,448764.8,False,False,False,False,0,-0.04873559110517112
2026-04-20,808.5999755859375,835.0,794.0,826.0,336370,804.7507619244351,856.248942225297,52.26253761616572,37.50409695935376,842.2999877929688,432775.8,False,False,True,False,1,-0.01935176069001099
2026-04-21,826.9000244140625,870.0,826.9000244140625,859.1500244140625,495243,809.9316440663044,856.3627101542683,58.03877588978711,37.96809003368564,842.2999877929688,433081.95,False,True,True,True,2,0.02000479266923061
2026-04-22,859.1500244140625,868.9500122070312,853.5999755859375,860.8499755859375,199402,814.7810089729362,856.5386813476671,58.31731025435704,36.352514789929074,870.0,435276.25,False,False,True,False,1,-0.01051726944145115
2026-04-23,855.0,870.5999755859375,852.0,856.0,201480,818.7066271659899,856.5175565889351,57.15171520887618,35.08447627535825,870.0,430478.9,False,False,True,False,1,-0.016091954022988464
2026-04-24,857.5,862.75,827.25,835.25,223509,820.2821864835146,855.683534761918,52.332412604060565,35.114156541404085,870.5999755859375,423969.1,False,False,True,False,1,-0.040604154120434055
2026-04-27,886.8499755859375,886.8499755859375,850.1500244140625,866.7000122070312,437112,824.7029317905161,856.1155534852559,58.099558375836594,36.29171504458505,870.5999755859375,409526.65,False,False,True,True,2,-0.004479627255079444
2026-04-28,878.0,878.0,850.0,853.5999755859375,210951,827.4550311996038,856.0169033715571,55.10871012663589,35.699449684257544,886.8499755859375,385627.45,False,False,True,False,1,-0.037492248875613865
2026-04-29,855.0,873.2999877929688,852.0499877929688,863.0499877929688,207609,830.8450270656385,856.2927106037694,56.83493927750846,34.66734613538201,886.8499755859375,376596.45,False,False,True,False,1,-0.026836543325430173
2026-04-30,860.0,873.2000122070312,850.0,869.25,215206,834.5026435355778,856.8008395997,57.97669046659995,33.848250854785526,886.8499755859375,357195.9,False,False,True,False,1,-0.0198454936803818
2026-05-04,874.7999877929688,889.9000244140625,867.5999755859375,878.75,238292,838.7166774845704,857.6615909879471,59.73417480788394,33.023379281452634,886.8499755859375,352001.9,False,False,True,False,1,-0.009133422573063599
2026-05-05,885.2000122070312,885.2000122070312,865.0,869.5499877929688,219299,841.6531832282274,858.1278026273598,57.237668714232036,32.10742449042254,889.9000244140625,352845.35,False,False,True,False,1,-0.022867778472635547
2026-05-06,873.7999877929688,904.0,870.0999755859375,886.5999755859375,276533,845.9338301194379,859.244358429657,60.529955998429294,32.27475218446602,889.9000244140625,317270.2,False,False,True,False,1,-0.0037083365969091675
2026-05-07,897.0,908.0,880.2999877929688,903.75,237849,851.4401320128247,860.9896777069255,63.56832711111332,31.94798504322068,904.0,296525.45,False,False,True,False,1,-0.00027654867256632354
2026-05-08,903.0,910.0,894.0,905.25,217244,856.5648813449366,862.7253766203794,63.83058340004221,30.8088432544192,908.0,293549.7,False,False,True,False,1,-0.003028634361233462
2026-05-11,900.0,903.0999755859376,881.5499877929688,889.0999755859375,178276,859.6634617488414,863.7596746190287,58.91328415364764,30.301069608177208,910.0,286712.7,False,False,True,False,1,-0.02296705979567304
2026-05-12,882.5999755859375,896.25,853.2000122070312,858.9500122070312,186944,859.595514173431,863.5710604067935,51.0124602350004,31.211706621376607,910.0,275479.7,False,False,True,False,1,-0.056098887684581045
2026-05-13,860.5,904.0,852.9000244140625,896.6500244140625,383134,863.1245151487292,864.8682746815884,58.50595354153059,32.632297261702384,910.0,268053.05,False,False,True,True,2,-0.014670302841689575
2026-05-14,920.0,928.0,858.0,866.2000122070312,501177,863.4174196304723,864.9204996825862,51.63560697871706,35.3014188858665,910.0,267259.1,False,False,True,True,2,-0.048131854717548106
2026-05-15,873.7000122070312,873.7000122070312,845.0,851.2999877929688,196063,862.263378503091,864.3863619614248,48.62651201440302,34.82988983737827,928.0,275828.15,False,False,False,False,0,-0.082650875223094
2026-05-18,845.0,846.4500122070312,827.9500122070312,841.0,192817,860.2382948361299,863.4692497276435,46.60465553976772,34.00989596227536,928.0,273592.4,False,False,False,False,0,-0.09375
2026-05-19,840.0499877929688,846.0,833.2000122070312,838.0999755859375,176298,858.1298834789687,862.4743762318903,46.02440571062598,32.494902521610605,928.0,267725.5,False,False,False,False,0,-0.09687502630825695
2026-05-20,838.0,838.0,820.0999755859375,820.75,188539,854.5698945762098,860.8381261835809,42.60662095237758,31.459552341495563,928.0,259721.9,False,False,False,False,0,-0.11557112068965514
2026-05-21,838.0,838.0,819.3499755859375,821.8499755859375,164048,851.4537118152314,859.3091791013204,42.89614909045367,30.544586060964633,928.0,244386.7,False,False,False,False,0,-0.11438580217032601
2026-05-22,821.9500122070312,836.2999877929688,816.0999755859375,820.0999755859375,234920,848.4676416981557,857.7715632771879,42.528571132812594,29.805687928540824,928.0,242619.0,False,False,False,False,0,-0.11627157803239496
2026-05-25,824.4000244140625,843.0499877929688,810.0999755859375,813.6500244140625,278313,845.1516781472897,856.041306851183,41.12966246436947,30.03028251986157,928.0,244291.0,False,False,False,True,1,-0.12322195645036371
2026-05-26,813.7999877929688,824.9500122070312,802.0,802.8499755859375,243049,841.122944570018,853.9553722917616,38.826669135071135,29.524548926087974,928.0,247031.2,False,False,False,False,0,-0.1348599401013605
2026-05-27,802.0,810.5,798.5999755859375,801.4000244140625,234845,837.3398093170699,851.894378257342,38.51486757397136,28.265654318086156,928.0,237328.05,False,False,False,False,0,-0.13642238748484647
2026-05-28,801.4000244140625,801.4000244140625,801.4000244140625,801.4000244140625,0,833.9169726596407,849.91420751839,38.51486757397136,26.24667900965143,928.0,238522.75,False,False,False,False,0,-0.13642238748484647
2026-05-29,820.0,864.0,796.8499755859375,852.7000122070312,727631,835.705833568916,850.0234547610818,53.7538768373046,29.168346538537936,928.0,228142.3,False,False,True,True,2,-0.0811422282251818
2026-06-01,851.0,874.0,811.0,820.1500244140625,250989,834.2243279351204,848.8519476886497,45.96872127603647,31.584893214356654,928.0,253763.55,False,False,False,False,0,-0.11621764610553609
2026-06-02,820.0,841.5,809.1500244140625,827.0,572328,833.5362967032042,847.9950085636046,47.68583736782642,31.63954195518386,928.0,254398.4,False,False,False,True,1,-0.10883620689655171
2026-06-03,827.2000122070312,836.9500122070312,813.0,818.75,190005,832.1280779695658,846.848145482679,45.798058633739736,31.090289830315818,928.0,272049.85,False,False,False,False,0,-0.11772629310344829
2026-06-04,819.9500122070312,827.0,801.0,812.25,216470,830.23492768675,845.4913554637504,44.30970999292727,30.726697699578974,928.0,267723.45,False,False,False,False,0,-0.12473060344827591
2026-06-05,813.7999877929688,825.0,806.5999755859375,812.5499877929688,222765,828.5506476968661,844.1995371237199,44.39951717694796,29.8462210363278,928.0,266654.5,False,False,False,False,0,-0.12440734074033544
2026-06-08,812.5499877929688,820.0,801.0999755859375,806.1500244140625,188919,826.4172550032658,842.7073993704,42.81327800749725,29.064349849023138,928.0,266930.55,False,False,False,False,0,-0.1313038530020878
2026-06-09,817.2999877929688,836.0,803.0999755859375,806.7999877929688,304093,824.5489438403804,841.2992655830499,43.03585899118893,29.338326603668808,928.0,267462.7,False,False,False,True,1,-0.13060346142999057
2026-06-10,813.25,816.9500122070312,775.4000244140625,779.0,349507,820.2109491889156,838.8561571288126,36.493316026358535,30.210588117190234,928.0,273320.15,False,False,False,True,1,-0.1605603448275862
2026-06-11,775.5999755859375,780.8499755859375,770.0,777.75,174327,816.1670492661617,836.4598372414082,36.226633734453664,28.827687222100753,928.0,271638.8,False,False,False,False,0,-0.16190732758620685
2026-06-12,779.9000244140625,786.2999877929688,753.0999755859375,776.4000244140625,410437,812.3797135659618,834.1045504638653,35.921328796025975,29.139996149595788,874.0,255296.3,False,False,False,True,1,-0.11167045261548914
2026-06-15,786.9500122070312,805.8499755859375,770.0999755859375,788.0999755859375,336139,810.0673575678642,832.3004494882604,40.59413720808862,29.61213928176752,874.0,266015.0,False,False,False,True,1,-0.09828378079412181
2026-06-16,790.0,803.5,790.0,797.0499877929688,211247,808.8276080654932,830.9180784413862,43.96066140603941,28.59698821978859,874.0,273181.1,False,False,False,False,0,-0.08804349222772456
2026-06-17,801.0,808.0,777.4500122070312,792.3499755859375,277157,807.258309734107,829.4056038196039,42.595523779037315,28.736488189301458,874.0,274928.55,False,False,False,True,1,-0.09342108056528886
2026-06-18,806.9500122070312,815.9500122070312,786.25,791.4000244140625,230742,805.7479968464837,827.9151889409553,42.30954254929878,28.805311333425013,874.0,279359.45,False,False,False,False,0,-0.09450798121960813
2026-06-19,792.0999755859375,804.0,781.5,798.7999877929688,257371,805.0862816985299,826.7734163469166,45.38559505022062,28.354931952466085,874.0,282694.15,False,False,False,False,0,-0.08604120389820513
2026-06-22,792.5999755859375,800.0,791.2999877929688,792.9000244140625,179901,803.9256857666759,825.4450480358244,43.398717575691435,26.951009113506455,874.0,283816.7,False,False,False,False,0,-0.09279173408002006
2026-06-23,793.7000122070312,798.0,771.2000122070312,778.4000244140625,178994,801.4946703997603,823.6001451486965,38.89240584934043,26.94022187632519,874.0,278896.1,False,False,False,False,0,-0.10938212309603834
2026-06-24,775.0,789.5999755859375,774.1500244140625,780.2999877929688,242131,799.4761291991135,821.9020997621974,39.77484380717455,26.119488254578748,874.0,275693.35,False,False,False,False,0,-0.107208251953125
2026-06-25,780.9500122070312,807.3499755859375,754.0,756.5,496765,795.3831645134836,819.3373115362289,33.289756824143225,28.064523063961516,874.0,276057.65,False,False,False,True,1,-0.13443935926773454
2026-06-26,756.5,756.5,756.5,756.5,0,791.6800059883899,816.8731032406905,33.289756824143225,26.05991427367855,874.0,300895.9,False,False,False,False,0,-0.13443935926773454
2026-06-29,785.0,785.0,730.0,740.4000244140625,561808,786.7961982194063,813.8741589729797,29.514391317020014,28.127063254130082,874.0,264514.35,False,False,False,True,1,-0.15286038396560353
2026-06-30,741.0,748.2999877929688,731.9500122070312,739.0999755859375,196500,782.2537008257426,810.9418380558408,29.226161247132694,27.28584270640204,841.5,280055.3,False,False,False,False,0,-0.12168749187648542
2026-07-01,743.0999755859375,760.5,735.0999755859375,756.0,292009,779.7533483661481,808.787256171298,37.738301508038276,27.15114139980636,836.9500122070312,261263.9,False,False,False,True,1,-0.0967202473581028
2026-07-02,761.0,767.7000122070312,750.0,763.5,237469,778.2054104265148,807.0112853410511,41.122633874163895,26.476060743179566,836.0,266364.1,False,False,False,False,0,-0.08672248803827753
2026-07-03,764.75,768.0,753.3499755859375,757.6500244140625,224719,776.2477546158051,805.0755496184241,39.32698993507468,25.631343862528347,836.0,267414.05,False,False,False,False,0,-0.09372006649035591
2026-07-06,758.0,798.0,758.0,788.75,842392,777.4384446523951,804.4353319863291,51.46136775208206,26.682674699914717,836.0,267511.75,False,False,True,True,2,-0.05651913875598091
2026-07-07,795.9000244140625,823.0,775.0,782.1500244140625,857072,777.8871665344586,803.5613983560442,49.21200254233857,28.20534079277795,836.0,300185.4,False,False,False,True,1,-0.06441384639466208
2026-07-08,782.0499877929688,782.0499877929688,758.0,769.5499877929688,243732,777.0931495114596,802.227617549649,45.154199545682935,27.91567533715542,823.0,327834.35,False,False,False,False,0,-0.06494533682506831
2026-07-09,770.0999755859375,823.0,765.0,808.75,1051196,780.1080876532253,802.4833972535844,57.026175427405484,30.064555670215746,823.0,322545.6,False,False,True,True,2,-0.017314702308626972
2026-07-10,817.4500122070312,858.0,800.5,848.8499755859375,679882,786.6549341230075,804.3016944430884,65.30069814540755,32.02423026520034,823.0,366389.05,False,True,True,True,2,0.03140944785654609
2026-07-13,849.9500122070312,874.0,838.2000122070312,846.5,435782,792.3544642065306,805.9565299551242,64.51670003287406,32.29392723146951,858.0,379861.3,False,False,True,True,2,-0.013403263403263366
2026-07-14,842.25,843.9500122070312,816.5999755859375,822.5499877929688,392537,795.2302283576199,806.6072537919025,57.005015618660565,32.122934173083294,874.0,384843.45,False,False,True,True,2,-0.05886729085472686
2026-07-15,825.0,898.0,825.0,841.7000122070312,6455817,799.6559220575638,807.9834403964173,60.92277025065932,35.217725461222436,874.0,393907.95,False,False,True,True,2,-0.03695650777227544
2026-07-16,848.4500122070312,855.0,788.8499755859375,793.1500244140625,984750,799.0363127581827,807.401737808874,48.78564206458884,37.4271753864253,898.0,702840.95,False,False,False,True,1,-0.11675943829168989
2026-07-17,794.8499755859375,814.9500122070312,773.5499877929688,809.7000122070312,653155,800.0519031818825,807.4918662166449,52.275973059588324,37.710950316970816,898.0,740541.35,False,False,True,False,1,-0.09832960778727029
2026-07-20,805.0,813.0,796.2000122070312,799.3499755859375,265592,799.9850529346496,807.1725763879897,49.98185308053305,36.21731013668495,898.0,760330.55,False,False,False,False,0,-0.10985526104015864
2026-07-21,805.0,808.7999877929688,791.9000244140625,800.0499877929688,226665,799.9912372068704,806.893259188185,50.14122215143214,34.83749965398647,898.0,764615.1,False,False,True,False,1,-0.10907573742431098
2026-07-22,800.0999755859375,808.0,780.0,781.0999755859375,217530,798.1920694334483,805.8817578704499,45.87951300828326,34.34910682155886,898.0,766998.65,False,False,False,False,0,-0.13017820090652843
2026-07-23,784.2000122070312,788.0999755859375,763.5,767.2999877929688,215949,795.2499664200693,804.3687472791761,43.012451696328114,33.652740304728766,898.0,765768.6,False,False,False,False,0,-0.14554567060916623
2026-07-24,767.2999877929688,785.0,755.0,768.3499755859375,208099,792.6880625311044,802.9562464284609,43.302767230689525,33.39183028296243,898.0,751727.8,False,False,False,False,0,-0.14437641916933464
2026-07-27,783.9000244140625,797.7000122070312,780.5499877929688,790.7999877929688,373293,792.5082458893772,802.4795304035397,49.255253517306635,33.10313073568609,898.0,762132.75,False,False,False,False,0,-0.11937640557575868
2026-07-28,791.0,811.5499877929688,791.0,800.2999877929688,348592,793.2503165468621,802.3940581443017,51.57223556698714,32.22076425456566,898.0,752707.0,False,False,True,False,1,-0.10879734098778537
2026-07-29,801.0,829.5,796.5,819.5999755859375,272665,795.7598078839169,803.068800004758,55.970611519764454,32.27642395066811,898.0,760311.6,False,False,True,False,1,-0.0873051496815841
2026-07-30,824.1500244140625,824.1500244140625,803.2000122070312,813.4500122070312,218879,797.444589248023,803.4759063656314,54.2788892838897,31.467394540408336,898.0,759344.4,False,False,True,False,1,-0.09415366123938618
2026-07-31,814.2999877929688,824.5,811.2000122070312,820.4500122070312,180248,799.6355819107857,804.1415575750982,55.912304503606755,30.16972262987694,898.0,758414.9,False,False,True,False,1,-0.08635856101666894
2026-08-03,824.7999877929688,838.0,822.1500244140625,833.6500244140625,243726,802.8750526253835,805.2987523530968,58.894529623731536,29.268312998669213,898.0,756191.35,False,False,True,False,1,-0.07165921557454069
2026-08-04,833.6500244140625,833.6500244140625,815.0,818.3499755859375,172342,804.348854812103,805.8105650288944,54.30891728148251,28.509863814054448,898.0,726258.05,False,False,True,False,1,-0.08869713186421213
2026-08-05,827.9000244140625,833.0,811.0499877929688,813.7000122070312,198824,805.2394412306676,806.1199551143117,52.959313986040605,28.041302984981364,898.0,692021.55,False,False,True,False,1,-0.09387526480286057
2026-08-06,814.5999755859375,824.0,810.7999877929688,815.0,211788,806.1690182563183,806.4681921686524,53.30865198076966,26.981210786556357,898.0,689776.15,False,False,True,False,1,-0.09242761692650336
2026-08-07,800.0,811.0,795.0,802.2999877929688,286812,805.8005391645708,806.3047331735276,49.44544469853125,26.4825528732309,898.0,647805.75,False,False,False,False,0,-0.1065701694955804
2026-08-10,810.0,835.9000244140625,802.2999877929688,824.6500244140625,350490,807.5957282359509,807.0241563594309,55.550331565833936,26.99094456950682,898.0,628152.25,True,False,True,False,1,-0.08168148728946267
2026-08-11,822.0,824.0,811.4000244140625,814.9000244140625,168942,808.2913754910091,807.3330139302008,52.56803954469836,26.009448528827765,898.0,623887.65,True,False,True,False,1,-0.09253894831396159
2026-08-12,814.9000244140625,814.9000244140625,801.0499877929688,807.9500122070312,171961,808.2588647020589,807.3572099410569,50.48732958297718,25.140919106846763,898.0,612707.9,True,False,True,False,1,-0.10027838284294965
2026-08-13,805.0,809.5,800.0,801.0499877929688,171186,807.5723049964313,807.1098678960338,48.4374842767737,24.02371059921485,855.0,298515.1,True,False,False,False,0,-0.06309942948190794
2026-08-14,803.9000244140625,816.7000122070312,802.4000244140625,809.25,198454,807.7320854729617,807.193794645209,50.984438974516884,23.425590157418256,838.0,257836.9,True,False,True,False,1,-0.03430787589498807
2026-08-17,811.0499877929688,812.2000122070312,800.0,805.0499877929688,165150,807.4766475986765,807.1097237882584,49.63214563323955,22.623763160962042,838.0,235101.85,True,False,False,False,0,-0.039319823636075446
2026-08-18,806.0,810.2000122070312,792.2000122070312,800.9500122070312,173951,806.8550632756628,806.8681664713476,48.28576522139046,22.29349436375047,838.0,230079.75,False,False,False,False,0,-0.04421239593433024
2026-08-19,809.0,812.0,781.0,784.9000244140625,182535,804.7641071936057,806.0066707043953,43.33040119797269,22.91538762348258,838.0,227444.05,False,False,False,False,0,-0.06336512599753874
2026-08-20,787.2000122070312,804.9000244140625,786.9500122070312,801.0,188536,804.4056207942147,805.810330676772,48.986028410451134,22.70714565037668,838.0,225694.3,False,False,False,False,0,-0.04415274463007157
2026-08-21,798.0,809.4000244140625,792.2999877929688,795.2999877929688,217388,803.5384176512389,805.3981603676032,47.1903877343825,22.30663786257076,838.0,224323.65,False,False,False,False,0,-0.05095466850481056
2026-08-24,799.5999755859375,806.7000122070312,790.5,795.4000244140625,200972,802.7633325810316,805.0060766047193,47.22694951306558,21.87045031574651,838.0,224788.1,False,False,False,False,0,-0.05083529306197787
2026-08-25,795.0,799.0499877929688,785.0,790.5999755859375,195902,801.6049176291178,804.4411314667279,45.59573933320434,21.311845849833812,838.0,216172.05,False,False,False,False,0,-0.056563274957115106
2026-08-26,793.9000244140625,798.5999755859375,770.0,773.6500244140625,285338,798.9425468467316,803.2336370725058,40.302090994255224,21.83242654526979,838.0,208537.55,False,False,False,True,1,-0.07678994699992536
2026-08-27,773.6500244140625,788.3499755859375,771.0999755859375,783.5,199200,797.4718280994238,802.4597689520153,44.34580225984456,21.505110363464805,838.0,209171.2,False,False,False,False,0,-0.06503579952267302
2026-08-28,781.0,786.2000122070312,776.25,779.25,166979,795.7364158994786,801.5495819342892,42.99262877767041,20.679746209433837,838.0,208187.25,False,False,False,False,0,-0.07010739856801906
2026-08-31,776.25,785.5999755859375,755.4000244140625,769.9000244140625,304138,793.2758071865819,800.308422815849,40.09403747681194,21.359760849608207,838.0,207523.8,False,False,False,True,1,-0.08126488733405435
2026-09-01,765.0,780.5,761.5499877929688,777.2000122070312,173679,791.7447790932914,799.402210635111,43.30779196523335,21.187635946566996,835.9000244140625,210544.4,False,False,False,False,0,-0.07022372352265205
2026-09-02,772.2999877929688,773.0999755859375,760.1500244140625,765.2999877929688,177375,789.2262275408798,798.0648685628702,39.580179094569594,20.89208964988141,835.9000244140625,210611.25,False,False,False,False,0,-0.08445990496361333
2026-09-03,765.7999877929688,806.6500244140625,765.7999877929688,794.2000122070312,320785,789.6999213186085,797.9133055685235,50.682230372226115,22.35337157639658,835.9000244140625,209538.8,False,False,True,True,2,-0.04988636318830297
2026-09-04,795.0,809.9000244140625,783.0,796.5499877929688,239499,790.352308601881,797.8598421263449,51.46321878682654,22.678132493372715,835.9000244140625,214988.65,False,False,True,True,2,-0.04707505140782453
2026-09-08,795.0,802.0,780.5,785.2000122070312,184905,789.8616137071333,797.3633782079405,47.54688671163803,22.59398017241752,835.9000244140625,212623.0,False,False,False,False,0,-0.06065320101237015
2026-09-09,785.0,794.0999755859375,775.6500244140625,786.7999877929688,172473,789.5700302867367,796.9491276034319,48.145944070330415,22.297978100950196,824.0,204343.75,False,False,False,False,0,-0.04514564588231951
2026-09-10,785.0,791.75,770.0,772.3499755859375,193242,787.9300250771367,795.9844549752949,43.33255492019497,22.25883680802518,816.7000122070312,204520.3,False,False,False,False,0,-0.054303949991678424
2026-09-11,772.3499755859375,779.9500122070312,751.0,760.8499755859375,209605,785.3509727446416,794.6066322541436,39.912634702039654,22.736777907954185,816.7000122070312,205584.35,False,False,False,True,1,-0.06838500769721545
2026-09-15,764.9000244140625,777.8499755859375,748.5499877929688,751.1500244140625,179141,782.0937395703007,792.9024515545326,37.24270809805128,23.205578614026656,816.7000122070312,207505.3,False,False,False,False,0,-0.08026201397478616
2026-09-16,754.5999755859375,761.2999877929688,742.8499755859375,752.5,185649,779.275288182653,791.318041689649,37.86567015238435,22.865895299241274,812.2000122070312,206539.65,False,False,False,False,0,-0.07350407696351224
2026-09-17,753.5999755859375,793.2999877929688,745.0,755.2999877929688,647904,776.9919262407783,789.9055689878185,39.213452559322185,24.682616191650382,812.0,207564.6,False,False,False,True,1,-0.06982760124018628
