Date,Open,High,Low,Close,Volume,EMA20,EMA50,RSI14,ATR14,Prev20High,AvgVolume20,TrendPass,BreakoutPass,RSIPass,VolumePass,ConfirmationScore,BreakoutStrength
2020-01-01,23.299999237060547,23.433332443237305,22.899999618530277,23.13333320617676,12427144,23.13333320617676,23.13333320617676,,0.5333328247070277,,,False,False,False,False,0,
2020-01-02,23.100000381469727,25.433332443237305,22.933332443237305,24.933332443237305,40774923,23.304761704944433,23.203921411551683,,0.6738090515136685,,,True,False,False,False,0,
2020-01-03,24.86666679382324,25.333332061767575,24.433332443237305,24.600000381469727,31575382,23.42811776937541,23.25866960645043,98.5955103135104,0.6899655205862829,,,True,False,True,False,1,
2020-01-06,24.333332061767575,24.333332061767575,22.833332061767575,22.899999618530277,33114454,23.377820802628257,23.244604116728073,91.53460213812453,0.7668728633802736,,,True,False,True,False,1,
2020-01-07,23.26666641235352,23.733333587646484,22.600000381469727,23.100000381469727,28813855,23.351361714898875,23.23893338201206,91.61072152033597,0.7930486021514511,,,True,False,True,False,1,
2020-01-08,23.066665649414062,23.200000762939453,22.66666603088379,22.933332443237305,24835660,23.31154940331206,23.226949031471875,90.87737581573663,0.7744976114303235,,,True,False,True,False,1,
2020-01-09,23.600000381469727,24.433332443237305,23.26666641235352,24.16666603088379,35124769,23.392989082128416,23.26380067850764,91.42443980481882,0.8263192106138718,,,True,False,True,False,1,
2020-01-10,24.600000381469727,25.0,24.066665649414062,24.399999618530277,30769465,23.488894847500024,23.308357499685,91.52795120316468,0.833963149183305,,,True,False,True,False,1,
2020-01-13,24.466665267944336,24.86666679382324,24.36666679382324,24.76666641235352,20392203,23.61058737748607,23.36554608449553,91.69754547787784,0.8101086385273547,,,True,False,True,False,1,
2020-01-14,24.86666679382324,25.03333282470703,24.566665649414062,24.899999618530277,18044145,23.733388543299803,23.42572073288905,91.76212419352561,0.7855771054391844,,,True,False,True,False,1,
2020-01-15,24.76666641235352,26.466665267944336,24.600000381469727,26.066665649414062,48417546,23.95560541054878,23.529287200203758,92.3246880758422,0.8627976612274291,,,True,False,True,False,1,
2020-01-16,26.066665649414062,26.299999237060547,25.36666679382324,25.466665267944336,23510914,24.09951587315788,23.605262810703387,88.96002815841803,0.8678358599424204,,,True,False,True,False,1,
2020-01-17,25.466665267944336,26.03333282470703,25.0,25.066665649414062,27105259,24.19162537565847,23.66257272594694,86.69176263014509,0.8796570717113212,,,True,False,True,False,1,
2020-01-20,25.26666641235352,25.466665267944336,24.5,25.066665649414062,23004388,24.274962544587577,23.717635193533887,86.69176263014509,0.8858719428708224,,,True,False,True,False,1,
2020-01-21,25.16666603088379,25.566665649414062,24.399999618530277,24.733333587646484,27503610,24.318616929640807,23.75746650310693,84.60683348439306,0.9059286634431769,,,True,False,True,False,1,
2020-01-22,24.799999237060547,24.933332443237305,23.63333320617676,23.833332061767575,24594174,24.27239932317669,23.760441623054405,79.07697097712085,0.9340765615587031,,,True,False,True,False,1,
2020-01-23,23.76666641235352,24.66666603088379,23.76666641235352,24.26666641235352,31781707,24.27185333166972,23.78029357557594,79.76281223589716,0.9316424941995293,,,True,False,True,False,1,
2020-01-24,24.26666641235352,25.399999618530277,24.066665649414062,24.966665267944336,28804287,24.33802589702921,23.82681795566882,80.85456234777675,0.960334742407864,,,True,False,True,False,1,
2020-01-27,24.799999237060547,25.16666603088379,24.399999618530277,24.700000762939453,22182640,24.372499693782565,23.86106041869904,79.103816573537,0.9465012902611246,,,True,False,True,False,1,
2020-01-28,24.833332061767575,24.966665267944336,24.26666641235352,24.399999618530277,28229527,24.37511873423473,23.88219528928066,77.08167262035816,0.9288939734989597,,,True,False,True,False,1,
2020-01-29,24.53333282470703,24.733333587646484,24.13333320617676,24.26666641235352,32715622,24.364789941674612,23.897272588224695,76.14995485589125,0.9054015740683,26.466665267944336,28050302.6,True,False,True,True,2,-0.08312338684599574
2020-01-30,24.399999618530277,24.5,22.66666603088379,22.899999618530277,39075105,24.225286101375154,23.85816384431511,67.18561075411236,0.9716824594288651,26.466665267944336,29064726.5,True,False,True,True,2,-0.1347606739763283
2020-01-31,23.100000381469727,23.233333587646484,22.26666641235352,22.466665267944336,19738870,24.05779840295317,23.80359527269273,64.58931188361244,0.9713242248477294,26.466665267944336,28979735.6,True,False,True,False,1,-0.15113350924661761
2020-02-03,21.333332061767575,21.966665267944336,21.100000381469727,21.799999237060547,14985631,23.842769910963398,23.725022879138525,60.70282496275246,0.9995628435353637,26.466665267944336,28387910.0,True,False,True,False,1,-0.17632240343236294
2020-02-04,22.0,22.299999237060547,21.66666603088379,21.833332061767575,11201439,23.651394877706654,23.650838925516137,60.82973662124875,0.9734035837240348,26.466665267944336,27481468.85,True,False,True,False,1,-0.17506297673959403
2020-02-05,22.0,22.16666603088379,21.833332061767575,22.03333282470703,9756414,23.497293729801928,23.587407313719705,61.63043921158436,0.9276843255377619,26.466665267944336,26600848.05,False,False,True,False,1,-0.16750627245083383
2020-02-06,22.16666603088379,22.299999237060547,21.899999618530277,21.966665267944336,8613994,23.351519590577396,23.52384880212067,61.18148471661612,0.8899925607515126,26.466665267944336,25846885.75,False,False,True,False,1,-0.17002519790244486
2020-02-07,22.03333282470703,22.066665649414062,21.399999618530277,21.53333282470703,11800230,23.17835894620879,23.44578935202602,58.213106820478856,0.8740406657609606,26.466665267944336,24521347.0,False,False,True,False,1,-0.18639796110666107
2020-02-10,21.63333320617676,21.66666603088379,20.700000762939453,20.833332061767575,13395681,22.955023052452482,23.34334004652569,53.682138974126005,0.8806567087740589,26.466665267944336,23572885.25,False,False,True,False,1,-0.21284635405124852
2020-02-11,20.833332061767575,21.066665649414062,20.233333587646484,20.36666679382324,15252090,22.70851293258303,23.226607762105985,50.84110248878378,0.8772763768450246,26.466665267944336,23223059.15,False,False,True,False,1,-0.23047854394823364
2020-02-12,20.433332443237305,21.933332443237305,20.233333587646484,21.466665267944336,23774292,22.590241726426964,23.157590409393766,56.663148599398156,0.93604226818401,26.466665267944336,23083456.4,False,False,True,True,2,-0.1889168865582721
2020-02-13,21.066665649414062,21.566665649414062,20.466665267944336,21.233333587646484,27393633,22.46101237987644,23.08212935756054,55.17053628246909,0.9477535619901326,26.299999237060547,21851293.7,False,False,True,True,2,-0.19264888959671111
2020-02-14,21.13333320617676,21.733333587646484,21.0,21.333332061767575,16459477,22.35361425434226,23.013549071451013,55.7090118901332,0.9324378495370148,26.03333282470703,22045429.65,False,False,True,False,1,-0.1805378049205787
2020-02-17,21.26666641235352,21.299999237060547,20.26666641235352,20.399999618530277,13679782,22.167555717598262,22.91105693604236,49.70760586094715,0.942025549528232,25.566665649414062,21513140.55,False,False,False,False,0,-0.20208603271667513
2020-02-18,20.399999618530277,20.399999618530277,19.0,19.299999237060547,23003278,21.894455100404194,22.769446830199936,43.72853574140667,0.9747379830283781,25.566665649414062,21046910.25,False,False,False,True,1,-0.24511082118747607
2020-02-19,19.53333282470703,19.966665267944336,19.36666679382324,19.66666603088379,16464138,21.68228471283082,22.64776915179538,46.057718364413184,0.9527328435894789,25.399999618530277,20821893.65,False,False,False,False,0,-0.2257217981792331
2020-02-20,19.66666603088379,19.66666603088379,19.0,19.100000381469727,16650387,21.43635287174881,22.508640964723785,43.089302278614426,0.9322994998247868,25.399999618530277,20415391.85,False,False,False,False,0,-0.24803146975106483
2020-02-24,18.966665267944336,18.966665267944336,18.16666603088379,18.26666641235352,16662070,21.134477970854018,22.34228902149358,39.09850731397031,0.9323734177362976,25.399999618530277,19658825.85,False,False,False,False,0,-0.280839894224751
2020-02-25,18.36666679382324,20.466665267944336,18.13333320617676,19.566665649414062,26241805,20.98516251166926,22.233441046117914,47.29863333620013,1.0324418923099603,25.16666603088379,19051715.0,False,False,False,True,1,-0.2225165770705413
2020-02-26,19.53333282470703,19.799999237060547,18.433332443237305,18.833332061767575,22633623,20.78022627834529,22.10010343888849,43.72229420621843,1.056315099560909,24.966665267944336,19254673.25,False,False,False,True,1,-0.2456608898446515
2020-02-27,18.733333587646484,18.733333587646484,18.13333320617676,18.299999237060547,11513526,20.544014179175313,21.951079744699157,41.277805033100506,1.0308639392773307,24.733333587646484,18974878.05,False,False,False,False,0,-0.26010785516592005
2020-02-28,17.733333587646484,17.833332061767578,17.233333587646484,17.600000381469727,16784176,20.26363191272716,21.78044918143526,38.25469716421838,1.0334212042870972,24.5,17914773.25,False,False,False,False,0,-0.2816326374910316
2020-03-02,18.200000762939453,18.600000381469727,17.0,17.53333282470703,13109593,20.003603428153816,21.613895598818466,37.9694813474305,1.073891145514428,23.233333587646484,16800226.8,False,False,False,False,0,-0.2453371894066132
2020-03-03,17.600000381469727,18.26666641235352,17.399999618530273,17.933332443237305,11016417,19.806434762923672,21.469559788795674,40.82043606563769,1.059089406107915,22.299999237060547,16468762.95,False,False,False,False,0,-0.19581466113085078
2020-03-04,18.333332061767575,18.466665267944336,17.03333282470703,17.299999237060547,21758017,19.567726617603373,21.306047610296257,37.85387928584367,1.0858210516171571,22.299999237060547,16270302.25,False,False,False,True,1,-0.2242152543077428
2020-03-05,17.5,17.633333206176758,17.03333282470703,17.266666412353516,12922089,19.348578026627195,21.147640504494582,37.698595988601014,1.051119575178055,22.299999237060547,16798131.15,False,False,False,False,0,-0.22570999986143925
2020-03-06,16.200000762939453,17.066665649414062,15.733332633972168,16.266666412353516,19927959,19.055062634791607,20.956229755783166,33.28694762656407,1.0855634468354332,22.299999237060547,16956414.9,False,False,False,True,1,-0.27055305072298774
2020-03-09,15.866665840148926,16.0,13.766666412353516,14.166666030883787,29055984,18.589501053467053,20.68997235480672,26.320975265481522,1.1865946292043308,22.066665649414062,17522113.15,False,False,False,True,1,-0.358006041512667
2020-03-11,14.166666030883787,14.600000381469728,13.333333015441896,13.43333339691162,25420744,18.098437467128438,20.40539827802652,24.40064714888217,1.1923141104060095,21.933332443237305,18384900.85,False,False,False,True,1,-0.3875379661674023
2020-03-12,11.666666030883787,13.199999809265137,11.666666030883787,12.266666412353516,37745554,17.54303070000702,20.086232322509932,21.689497259954535,1.2333393429504254,21.933332443237305,18986154.0,False,False,False,True,1,-0.4407294721812466
2020-03-13,11.333333015441896,12.833333015441896,10.0,12.533332824707031,30449062,17.065916616645115,19.79004018534119,23.774275373338824,1.3476246052712448,21.933332443237305,20110827.2,False,False,False,True,1,-0.4285714285714286
2020-03-16,11.966666221618652,12.266666412353516,11.43333339691162,11.566665649414062,15615066,16.542178429289777,19.467554909422482,21.536071474950077,1.3299370925943996,21.733333587646484,20444565.7,False,False,False,False,0,-0.4677914640766979
2020-03-17,11.633333206176758,12.233332633972168,11.133333206176758,11.366665840148926,14120878,16.04927246841922,19.149872985137247,21.093604909225846,1.313512973680186,21.733333587646484,19855637.35,False,False,False,False,0,-0.47699390918060125
2020-03-18,11.566665649414062,13.333333015441896,9.366665840148926,11.366665840148926,39797022,15.603309932393476,18.844649175529863,21.093604909225846,1.5030239880810994,21.299999237060547,19738707.4,False,False,False,True,1,-0.46635369731038756
2020-03-19,10.0,10.899999618530272,9.733332633972168,10.333333015441896,15690910,15.101407368874277,18.510872071212688,18.78142071797417,1.5123317893736463,20.466665267944336,21044569.4,False,False,False,False,0,-0.4951139875421545
2020-03-20,10.399999618530272,11.366665840148926,10.233332633972168,11.366665840148926,17592903,14.74571769947186,18.230707120974895,27.35676349558085,1.48526046200244,20.466665267944336,20678951.0,False,False,False,False,0,-0.44462540959460417
2020-03-23,10.333333015441896,11.166666030883787,10.233332633972168,10.233332633972168,8665741,14.315966740852843,17.91708459207283,24.323412432446133,1.4601228008720344,20.466665267944336,20735389.25,False,False,False,False,0,-0.5
2020-03-24,10.399999618530272,11.0,10.066665649414062,10.699999809265137,6664326,13.97158893784449,17.634061659413703,27.869980767475482,1.4224950544230277,20.466665267944336,20336156.95,False,False,False,False,0,-0.47719867065867927
2020-03-25,10.666666030883787,10.666666030883787,10.300000190734863,10.466666221618652,5257537,13.637786774394412,17.35298732851978,27.18399553025408,1.3494596661449738,20.466665267944336,19836269.75,False,False,False,False,0,-0.48859933532933963
2020-03-26,10.333333015441896,10.93333339691162,10.333333015441896,10.399999618530272,9220437,13.329426092883542,17.08032114381431,26.9796663341496,1.2959268600967417,19.799999237060547,18787056.35,False,False,False,False,0,-0.47474747377443705
2020-03-27,10.666666030883787,11.199999809265137,10.533332824707031,11.066665649414062,9524868,13.113925098267401,16.844491516582927,32.44782556621949,1.2605035265708935,18.733333587646484,18116397.05,False,False,False,False,0,-0.4092527313605375
2020-03-30,10.766666412353516,10.966666221618652,10.533332824707031,10.866665840148926,4420494,12.899900407018022,16.61006698025218,31.681335107907373,1.2085627621520463,18.600000381469727,18016964.15,False,False,False,False,0,-0.41577066573746657
2020-03-31,11.0,11.133333206176758,10.733332633972168,10.866665840148926,7228906,12.706259019697155,16.38483556299323,31.681335107907373,1.1508083200129422,18.600000381469727,17398780.05,False,False,False,False,0,-0.41577066573746657
2020-04-01,10.833333015441896,11.266666412353516,10.733332633972168,10.800000190734863,3713845,12.524710559795984,16.165822411139963,31.3946411260267,1.1067029956106855,18.466665267944336,17104745.7,False,False,False,False,0,-0.4151624002476386
2020-04-03,11.0,11.0,10.600000381469728,10.733332633972168,3836880,12.354103138288954,15.95278359634907,31.091631986206593,1.0562241829620846,18.466665267944336,16739617.1,False,False,False,False,0,-0.418772557024478
2020-04-07,11.233332633972168,11.233332633972168,10.93333339691162,11.100000381469728,6653392,12.234664780496646,15.762478372236155,34.817878247829896,1.0164938841790787,17.633333206176758,15843560.25,False,False,False,False,0,-0.3705103708026385
2020-04-08,11.100000381469728,11.93333339691162,10.93333339691162,11.333333015441896,8213056,12.14882366001524,15.58878639745991,37.14710790521835,1.0153157495948588,17.066665649414062,15530125.4,False,False,False,False,0,-0.33593747904524074
2020-04-09,11.43333339691162,12.466666221618652,11.43333339691162,12.199999809265137,9381321,12.153697578991421,15.455892805765998,45.00757012236544,1.0237455679221372,16.0,14944380.25,False,False,False,False,0,-0.23750001192092896
2020-04-13,12.199999809265137,13.133333206176758,11.666666030883787,12.833333015441896,11724412,12.218424763415275,15.353047323792506,49.935014171055315,1.0553828255914826,14.600000381469728,13960647.1,False,False,False,False,0,-0.12100461094987913
2020-04-15,13.399999618530272,14.333333015441896,13.199999809265137,13.699999809265137,14064490,12.35952714873431,15.288221931065943,55.774755562470745,1.087141195192091,13.333333015441896,13275830.5,False,True,True,True,2,0.027500010192394342
2020-04-16,13.699999809265137,15.533332824707031,13.566665649414062,15.233332633972168,14599498,12.633222909233154,15.286069409611285,63.81633006677089,1.149964479485011,14.333333015441896,12091777.3,False,True,True,True,2,0.06279067245285264
2020-04-17,16.399999618530273,16.633333206176758,15.766666412353516,16.433332443237305,14203653,12.995138102947836,15.331060116812305,68.62460677852171,1.1678242003935524,15.533332824707031,11299299.1,False,True,True,True,2,0.05793989150214762
2020-04-20,16.633333206176758,16.733333587646484,15.733332633972168,15.800000190734863,7660593,13.26226782559422,15.349449923632797,63.80546370075057,1.1558368256278926,16.633333206176758,11228728.45,False,False,True,False,1,-0.05010018167209196
2020-04-21,15.133333206176758,15.133333206176758,14.233332633972168,14.366665840148926,8309331,13.367448588885145,15.310909371339312,54.48078464837933,1.185181877851807,16.733333587646484,10905714.2,False,False,True,False,1,-0.1414343253901763
2020-04-22,14.333333015441896,14.966666221618652,14.033332824707031,14.533332824707031,8101806,13.478485182772943,15.280416173432164,55.29883792621066,1.1671927006417937,16.733333587646484,9331329.65,False,False,True,False,1,-0.13147414718150485
2020-04-23,15.133333206176758,15.199999809265137,13.800000190734863,13.966666221618652,14985883,13.524978615043961,15.228896567478692,51.884642516667945,1.1838217662052566,16.733333587646484,8951874.45,False,False,True,True,2,-0.1653386847000018
2020-04-24,13.666666030883787,13.733332633972168,12.600000381469728,12.833333015441896,21609550,13.45910760555805,15.134952898771369,45.79483523696165,1.1968820572012329,16.733333587646484,8821523.45,False,False,False,True,1,-0.23306775973699556
2020-04-27,12.93333339691162,13.333333015441896,12.833333015441896,13.066665649414062,6793483,13.421732181163383,15.053843594875005,47.16967028448142,1.147104767401145,16.733333587646484,9468713.9,False,False,False,False,0,-0.21912357863584153
2020-04-28,13.166666030883787,13.266666412353516,12.800000190734863,12.866665840148926,4266429,13.368868720114389,14.968071918219081,46.09057247849004,1.098502014130967,16.733333587646484,9475171.75,False,False,False,False,0,-0.23107575829075422
2020-04-29,13.0,13.466666221618652,12.866665840148926,13.166666030883787,6191689,13.349611321140046,14.897428550088286,48.0118024891299,1.0628947546551641,16.733333587646484,9425616.35,False,False,False,False,0,-0.21314746031214116
2020-04-30,13.399999618530272,13.766666412353516,13.133333206176758,13.199999809265137,10850799,13.335362605723388,14.83086271711483,48.23256179100246,1.0322117869067067,16.733333587646484,9274178.95,False,False,False,True,1,-0.21115540187341153
2020-05-04,12.733332633972168,13.133333206176758,12.566665649414062,12.800000190734863,6431599,13.284375709057814,14.751221049413655,45.72348861545383,1.0037205278313044,16.733333587646484,9340475.5,False,False,False,False,0,-0.23505976118323701
2020-05-05,13.066665649414062,13.066665649414062,12.533332824707031,12.566665649414062,3367408,13.216022370044124,14.665552210197985,44.27654740469097,0.9701214061795707,16.733333587646484,9441030.75,False,False,False,False,0,-0.2490040562693675
2020-05-06,12.666666030883787,12.766666412353516,12.43333339691162,12.466666221618652,4094856,13.144655117813127,14.579321387116442,43.63917794074192,0.9246365211268797,16.733333587646484,9247955.85,False,False,False,False,0,-0.2549801176005798
2020-05-07,12.5,12.5,12.266666412353516,12.366665840148926,2171037,13.070560900892728,14.492550581353012,42.972982242943864,0.8752577401639943,16.733333587646484,9267006.4,False,False,False,False,0,-0.2609562359242802
2020-05-08,12.733332633972168,12.733332633972168,12.133333206176758,12.166666030883787,4652797,12.98447567517759,14.401339422511082,41.6049910423927,0.8555964321376668,16.733333587646484,9183714.25,False,False,False,False,0,-0.2729084155791931
2020-05-11,12.300000190734863,12.466666221618652,11.866665840148926,12.0,5075175,12.890716087065439,14.307169249079276,40.449405375859804,0.837339571375671,16.733333587646484,9083684.5,False,False,False,False,0,-0.28286853679537627
2020-05-12,11.93333339691162,11.93333339691162,11.566665649414062,11.800000190734863,5131738,12.786838382653004,14.208848893850083,39.04781650841683,0.8084820556049759,16.733333587646484,8926790.45,False,False,False,False,0,-0.29482071645028896
2020-05-13,12.333333015441896,12.366665840148926,11.800000190734863,11.866665840148926,32335098,12.699202902414521,14.116998578018666,39.796651893407066,0.7912094551627677,16.733333587646484,8714311.3,False,False,False,True,1,-0.29083671355780627
2020-05-14,11.800000190734863,12.43333339691162,11.633333206176758,12.43333339691162,38377795,12.673881997128532,14.050972492485057,45.88281020134834,0.7918373648464888,16.733333587646484,9744845.6,False,False,False,True,1,-0.25697211904682127
2020-05-15,12.666666030883787,12.899999618530272,12.233332633972168,12.43333339691162,39886731,12.650972606631683,13.987535665207668,45.88281020134834,0.7828966233973185,16.733333587646484,10960510.85,False,False,False,True,1,-0.25697211904682127
2020-05-18,12.666666030883787,12.666666030883787,11.833333015441896,11.833333015441896,12640903,12.573102169375513,13.903057129922736,40.81588635950189,0.7864992228290736,16.733333587646484,12224872.5,False,False,False,True,1,-0.2928287150040475
2020-05-19,12.033332824707031,12.066665649414062,11.266666412353516,11.300000190734863,17807535,12.451854361885928,13.80097646564086,36.91365603934208,0.7874635095598932,16.733333587646484,12146735.0,False,False,False,True,1,-0.3247011940838149
2020-05-20,11.366665840148926,11.600000381469728,11.300000190734863,11.533332824707031,6650479,12.364376120249844,13.712049264035612,39.63288598379856,0.7526447010723912,15.199999809265137,12654082.1,False,False,False,False,0,-0.2412280941163627
2020-05-21,11.533332824707031,11.666666030883787,11.399999618530272,11.43333339691162,4079113,12.275705384693822,13.62268785748173,38.85981736469134,0.7179319661639002,15.199999809265137,12571139.5,False,False,False,False,0,-0.24780700392229948
2020-05-22,11.43333339691162,11.466666221618652,11.199999809265137,11.300000190734863,5335878,12.182781080507255,13.531602066628912,37.80107097638463,0.6856987123203013,15.199999809265137,12370004.85,False,False,False,False,0,-0.25657892549136974
2020-05-26,11.333333015441896,11.5,11.300000190734863,11.366665840148926,3982147,12.105055819520746,13.446702606766952,38.70035651666052,0.6510059335306467,13.766666412353516,11887504.6,False,False,False,False,0,-0.174334185220828
2020-05-27,11.366665840148926,11.5,11.266666412353516,11.43333339691162,5032278,12.041082255462735,13.367746951478507,39.64020867240556,0.6211721945389208,13.766666412353516,11006134.45,False,False,False,False,0,-0.16949150546337644
2020-05-28,11.5,11.666666030883787,11.399999618530272,11.466666221618652,6610438,11.986375966525204,13.293194765993807,40.134429429556256,0.595850352954249,13.766666412353516,10918074.2,False,False,False,False,0,-0.16707023485881511
2020-05-29,11.399999618530272,12.033332824707031,11.399999618530272,11.533332824707031,21638062,11.943229000637757,13.224180572217854,41.17190746414458,0.5985276996129999,13.766666412353516,11035274.65,False,False,False,True,1,-0.16222762437552807
2020-06-01,11.666666030883787,12.100000381469728,11.633333206176758,12.100000381469728,15589752,11.958159608336041,13.180095074541459,49.22650026591185,0.5962519751236927,13.766666412353516,11807593.3,False,False,False,True,1,-0.1210653313563409
2020-06-02,12.166666030883787,12.699999809265137,12.133333206176758,12.533332824707031,20179660,12.012938009895183,13.154731849057756,54.37136370816847,0.5965196503145295,13.133333206176758,12044540.95,False,False,True,True,2,-0.045685308676059466
2020-06-03,12.833333015441896,13.033332824707031,12.633333206176758,12.733332633972168,14798173,12.081547021712039,13.138206389642635,56.55926141094835,0.5896253895777773,13.066665649414062,12731944.0,False,False,True,True,2,-0.0255101817391985
2020-06-04,12.633333206176758,12.899999618530272,12.399999618530272,12.699999809265137,10356964,12.140447287193286,13.121021817863125,56.0766486576716,0.5832235760365075,13.033332824707031,13303482.25,False,False,True,False,1,-0.025575424177766815
2020-06-05,13.133333206176758,15.033332824707031,13.100000381469728,14.866665840148926,52991820,12.400087149379537,13.189478446188058,72.50166955133815,0.7082313931368923,13.033332824707031,13616587.65,False,True,True,True,2,0.14066494273563568
2020-06-08,15.866665840148926,16.600000381469727,14.93333339691162,15.300000190734863,43596352,12.676269343794331,13.272244004797736,74.5513713047652,0.7814530465786,15.033332824707031,16157626.8,False,True,True,True,2,0.017738406322619804
2020-06-09,15.699999809265137,15.733332633972168,14.600000381469728,14.699999809265137,22924900,12.869005578601074,13.328234428502341,67.09407176797578,0.80658727557316,16.600000381469727,18104804.55,False,False,True,True,2,-0.11445786316520357
2020-06-10,14.666666030883787,17.16666603088379,14.266666412353516,16.333332061767578,82081611,13.19894143414074,13.446081394512744,74.55557441236579,0.9561167286415253,16.600000381469727,18997290.8,False,False,True,True,2,-0.01606435623940261
2020-06-11,16.633333206176758,16.66666603088379,15.399999618530272,15.5,25716087,13.41808986898448,13.526627222178911,66.29583014952968,0.9782988489066676,17.16666603088379,22844784.45,False,False,True,True,2,-0.0970873452005977
2020-06-12,14.166666030883787,15.800000190734863,14.033332824707031,15.666666030883787,24104542,13.632239979641556,13.610550312716358,67.08132353269784,1.0346108858438936,17.16666603088379,22513833.9,True,False,True,True,2,-0.08737864401284545
2020-06-15,15.733332633972168,16.333332061767578,15.566665649414062,15.733332633972168,15629736,13.832344041958757,13.6937966782558,67.40852021630278,1.0154719948802953,17.16666603088379,21800171.25,True,False,True,False,1,-0.08349515242697525
2020-06-16,16.333332061767578,16.466665267944336,15.033332824707031,15.43333339691162,20433543,13.984819218620935,13.762013804477597,64.31076763276118,1.045319169762939,17.16666603088379,20587321.5,True,False,True,False,1,-0.1009708367864679
2020-06-17,15.333333015441896,15.699999809265137,15.066665649414062,15.366665840148926,12390990,14.116423658766458,13.824941335288237,63.61117627895795,1.0158916690549487,17.16666603088379,20976953.5,True,False,True,False,1,-0.10485438392618363
2020-06-18,15.43333339691162,16.399999618530273,15.233332633972168,16.133333206176758,31492431,14.308510282329344,13.91546650669563,67.93150191217187,1.0266613344480313,17.16666603088379,20706126.25,True,False,True,True,2,-0.06019414735790907
2020-06-19,16.266666412353516,16.466665267944336,16.0,16.133333206176758,18085210,14.482302941743384,14.002441671381165,67.93150191217187,0.9866616154120531,17.16666603088379,21948223.85,True,False,True,False,1,-0.06019414735790907
2020-06-22,16.16666603088379,16.299999237060547,15.699999809265137,15.966666221618652,16089738,14.623670873160078,14.07947008511597,65.95715993650074,0.95904288772515,17.16666603088379,22648528.7,True,False,True,False,1,-0.06990290409950717
2020-06-23,16.100000381469727,16.399999618530273,15.966666221618652,16.133333206176758,13523334,14.767448238209287,14.160013736922275,66.99034202887552,0.9214922098098979,17.16666603088379,23186221.7,True,False,True,False,1,-0.06019414735790907
2020-06-24,16.299999237060547,17.266666412353516,16.100000381469727,16.16666603088379,33761893,14.900707075606858,14.238705983744294,67.20471484885164,0.9390046256008902,17.16666603088379,23663281.05,True,False,True,True,2,-0.058252429341896894
2020-06-25,16.066665649414062,16.266666412353516,15.699999809265137,15.800000190734863,15626878,14.986354038952383,14.299933207547845,62.403812871659234,0.9124090525642823,17.266666412353516,25099761.8,True,False,True,False,1,-0.08494206041817776
2020-06-26,16.0,16.16666603088379,15.766666412353516,15.866665840148926,11666229,15.070193258113958,14.361373702943967,62.92243453351211,0.8758083787047102,17.266666412353516,25550583.8,True,False,True,False,1,-0.08108111541455121
2020-06-29,15.866665840148926,15.966666221618652,15.43333339691162,15.600000381469728,9079882,15.120651079385937,14.409947298180272,59.39310496877287,0.8513458391334475,17.266666412353516,25051992.15,True,False,True,False,1,-0.09652506112536952
2020-06-30,15.666666030883787,16.133333206176758,15.43333339691162,15.5,11388558,15.156779548015848,14.452694462957517,58.077533531103825,0.8405354084285683,17.266666412353516,24726498.65,True,False,True,False,1,-0.10231658909501751
2020-07-01,15.666666030883787,15.766666412353516,15.333333015441896,15.600000381469728,7319113,15.198991055963836,14.49768685191878,59.05425748842287,0.811449550463072,17.266666412353516,24286943.55,True,False,True,False,1,-0.09652506112536952
2020-07-02,15.833333015441896,16.766666412353516,15.633333206176758,16.5,26747209,15.322896669681565,14.57620893615726,66.59709291020278,0.8368221562074089,17.266666412353516,23912990.55,True,False,True,True,2,-0.04440153032695415
2020-07-03,16.66666603088379,16.799999237060547,16.200000762939453,16.266666412353516,13124583,15.412779502316988,14.642501386204172,63.33933365214493,0.8199061789155292,17.266666412353516,24732502.8,True,False,True,False,1,-0.057915058768063354
2020-07-06,16.333332061767578,16.966665267944336,16.333332061767578,16.833332061767578,31493026,15.548070222264663,14.72841631465764,67.49760980286726,0.8113413701066214,17.266666412353516,22739140.95,True,False,True,True,2,-0.025096584380405185
2020-07-07,16.799999237060547,18.66666603088379,16.100000381469727,18.26666641235352,112722678,15.806984145130269,14.867171220449634,75.16951841796667,0.9367216757714387,17.266666412353516,22133974.65,True,True,True,True,2,0.05791505876806369
2020-07-08,18.600000381469727,18.899999618530277,18.03333282470703,18.200000762939453,46555035,16.034890489683523,14.997870418194333,74.29117442889807,0.9317177556322821,18.66666603088379,26623863.55,True,False,True,True,2,-0.024999925919938937
2020-07-09,18.399999618530277,18.53333282470703,17.799999237060547,17.933332443237305,21170890,16.215694485260073,15.112986576039155,70.73087995280169,0.9175474579190108,18.899999618530277,24847534.75,True,False,True,False,1,-0.05114641242348039
2020-07-10,17.799999237060547,17.799999237060547,17.03333282470703,17.266666412353516,18241824,16.315787049745165,15.197444608835797,62.64781265761843,0.9162940408198152,18.899999618530277,24620274.9,True,False,True,False,1,-0.08641974810281894
2020-07-13,17.399999618530273,17.566665649414062,16.700000762939453,16.766666412353516,14160853,16.35872794142215,15.258982718777668,57.353903600580935,0.9127491012237292,18.899999618530277,24327139.0,True,False,True,False,1,-0.11287477509180266
2020-07-14,16.433332443237305,16.600000381469727,16.0,16.133333206176758,13761843,16.337261776160684,15.293270973185475,51.426010829471416,0.9023146234472854,18.899999618530277,24253694.85,True,False,True,False,1,-0.14638446921665405
2020-07-15,16.299999237060547,16.5,15.600000381469728,15.733332633972168,12732996,16.27974471499987,15.310528293216326,48.04825673247744,0.902149265953213,18.899999618530277,23920109.85,True,False,False,False,0,-0.16754852108321672
2020-07-16,15.733332633972168,15.866665840148926,15.399999618530272,15.766666412353516,10201239,16.230880114747837,15.328416062594256,48.35269655387783,0.8710433342150302,18.899999618530277,23937210.15,True,False,False,False,0,-0.1657848290697701
2020-07-17,15.866665840148926,17.200000762939453,15.666666030883787,16.766666412353516,31986825,16.281907381186475,15.38481803709462,56.574169084816035,0.9183498626322185,18.899999618530277,22872650.55,True,False,True,True,2,-0.11287477509180266
2020-07-20,16.899999618530273,17.600000381469727,16.566665649414062,17.233333587646484,28780939,16.372519400849335,15.457308842998616,59.79092411101691,0.9265630675910361,18.899999618530277,23567731.3,True,False,True,True,2,-0.0881833896573061
2020-07-21,17.399999618530273,17.466665267944336,17.0,17.16666603088379,12885640,16.44815241323357,15.524342458209802,59.11720983829578,0.893713224759129,18.899999618530277,24202291.35,True,False,True,False,1,-0.09171077368419955
2020-07-22,17.233333587646484,17.233333587646484,16.53333282470703,16.733333587646484,16123237,16.475312525082416,15.571753875050456,54.79530518232536,0.8798766203434378,18.899999618530277,24170406.65,True,False,True,False,1,-0.11463841664628982
2020-07-23,16.733333587646484,16.933332443237305,16.53333282470703,16.600000381469727,10956754,16.487187559024065,15.612077267459055,53.49928713596151,0.8455996916424975,18.899999618530277,23288473.85,True,False,True,False,1,-0.12169308378215749
2020-07-24,16.53333282470703,16.933332443237305,16.299999237060547,16.433332443237305,11592850,16.482058500377708,15.644283352783692,51.848458581024914,0.8304377998235162,18.899999618530277,23054967.65,True,False,True,False,1,-0.13051149339043155
2020-07-27,16.333332061767578,16.399999618530273,15.966666221618652,16.03333282470703,8084578,16.439322721742407,15.659540194819902,48.01882107281986,0.804454115666026,18.899999618530277,23051298.7,True,False,False,False,0,-0.15167549479803466
2020-07-28,16.600000381469727,16.600000381469727,16.03333282470703,16.066665649414062,15756562,16.40383157199685,15.675505898921635,48.36111242027809,0.7874693614586452,18.899999618530277,23001533.5,True,False,False,False,0,-0.1499118532435475
2020-07-29,16.200000762939453,16.266666412353516,15.966666221618652,16.03333282470703,8736097,16.36854597701687,15.68953832738381,48.02057734070222,0.7526501349783751,18.899999618530277,23219933.7,True,False,False,False,0,-0.15167549479803466
2020-07-30,16.133333206176758,16.133333206176758,15.600000381469728,15.699999809265137,8632303,16.304874913421465,15.689948581575235,44.635729811848556,0.7369846128161361,18.899999618530277,23290782.9,True,False,False,False,0,-0.16931216263770388
2020-07-31,15.666666030883787,15.733332633972168,15.333333015441896,15.399999618530272,7848847,16.21869631390802,15.678578034004845,41.78128648561692,0.7129142560814316,18.899999618530277,22385037.6,True,False,False,False,0,-0.18518518892288616
2020-08-03,15.399999618530272,15.399999618530272,15.0,15.133333206176758,7151104,16.115328398885996,15.657195883893941,39.37111486667809,0.690563210542063,18.899999618530277,22121250.8,True,False,False,False,0,-0.1992945231946215
2020-08-04,15.033332824707031,15.5,15.033332824707031,15.366665840148926,5993397,16.044027202815798,15.645802548845117,42.496832732073536,0.6745706365956993,18.899999618530277,20904154.7,True,False,False,False,0,-0.18694888093633277
2020-08-05,15.399999618530272,15.93333339691162,15.366665840148926,15.399999618530272,8346193,15.982691242407654,15.636163218244535,42.94933901809622,0.6668632737504846,18.899999618530277,15567690.65,True,False,False,False,0,-0.18518518892288616
2020-08-06,15.43333339691162,15.566665649414062,15.333333015441896,15.366665840148926,5927506,15.924022156478252,15.625594693613335,42.588420581018525,0.6358967994806047,18.53333282470703,13657248.55,True,False,False,False,0,-0.17086333119408403
2020-08-07,15.399999618530272,15.699999809265137,15.366665840148926,15.5,6478297,15.883639093956514,15.620669411510852,44.59404940447832,0.6142851687402909,17.799999237060547,12895079.35,True,False,False,False,0,-0.12921344582261696
2020-08-10,15.633333206176758,15.833333015441896,15.366665840148926,15.43333339691162,7485781,15.840752837095096,15.613322901134412,43.770696342591265,0.6037410263511966,17.600000381469727,12306903.0,True,False,False,False,0,-0.12310607599982193
2020-08-11,15.600000381469728,15.633333206176758,15.466666221618652,15.566665649414062,5725729,15.814649295411188,15.611493204988516,45.92123632527782,0.5749023679879067,17.600000381469727,11973149.4,True,False,False,False,0,-0.1155303799991092
2020-08-12,15.666666030883787,16.566665649414062,15.399999618530272,16.399999618530273,27663757,15.870396945232054,15.64241502512741,56.99250755303369,0.6171712010518984,17.600000381469727,11571343.7,True,False,True,True,2,-0.06818186005284876
2020-08-13,16.5,17.600000381469727,16.433332443237305,17.366666793823242,40739256,16.01289883557407,15.710032741546854,65.75151138932954,0.6588018840438666,17.600000381469727,12317881.75,True,False,True,True,2,-0.013257589919836055
2020-08-14,17.799999237060547,18.5,17.366666793823242,17.866666793823242,66555510,16.189448164931132,15.79460662594985,69.24099089140276,0.6926969784819303,17.600000381469727,13844782.6,True,True,True,True,2,0.015151500373504323
2020-08-17,18.66666603088379,18.833332061767575,18.066665649414062,18.333332061767575,31987518,16.39362758367746,15.894164486177997,72.09837662002246,0.7122661420149591,18.5,15573216.85,True,False,True,True,2,-0.009009077742293314
2020-08-18,18.466665267944336,18.53333282470703,18.0,18.299999237060547,22857126,16.575186788761563,15.98851094699692,71.58683495276574,0.6994851907786785,18.833332061767575,15733545.8,True,False,True,True,2,-0.0283185589760675
2020-08-19,18.333332061767575,19.13333320617676,18.16666603088379,18.933332443237305,48289420,16.799772089187822,16.103994142927917,75.18886248649686,0.7185696182439852,18.833332061767575,16232120.1,True,True,True,True,2,0.005309755126801763
2020-08-20,18.466665267944336,19.933332443237305,18.299999237060547,19.700000762939453,55499427,17.075984343830836,16.24501401037935,78.70777453661778,0.7839098745248976,19.13333320617676,17840429.25,True,True,True,True,2,0.029616771456201674
2020-08-21,19.966665267944336,20.26666641235352,19.399999618530277,19.600000381469727,29947080,17.316366823605968,16.376582103363287,77.1703596453994,0.7898210830462079,19.933332443237305,20067562.9,True,False,True,True,2,-0.016722344982545323
2020-08-24,19.833332061767575,19.833332061767575,19.0,19.13333320617676,16013428,17.48941124099366,16.48468998974813,70.27199692006724,0.7929290100977341,20.26666641235352,20985274.4,True,False,True,False,1,-0.055921047059122486
2020-08-25,19.16666603088379,19.5,18.733333587646484,18.86666679382324,14381094,17.62057843650124,16.5781008448099,66.60789969545104,0.7910531102588614,20.26666641235352,21381716.9,True,False,True,False,1,-0.06907892941272831
2020-08-26,19.03333282470703,19.233333587646484,18.76666641235352,18.933332443237305,12175446,17.74560262761896,16.670462868277642,67.07016650023166,0.7678826863327259,20.26666641235352,21312943.5,True,False,True,False,1,-0.06578950588062582
2020-08-27,19.13333320617676,19.16666603088379,18.86666679382324,18.933332443237305,11513559,17.858719752915945,16.759202851609395,67.07016650023166,0.734462439956142,20.26666641235352,21484910.95,True,False,True,False,1,-0.06578950588062582
2020-08-28,19.0,19.16666603088379,18.799999237060547,18.833332061767575,10411432,17.95153997280658,16.840541252007757,65.4928750936784,0.7081913223752206,20.26666641235352,21628973.75,True,False,True,False,1,-0.07072373529137765
2020-08-31,18.933332443237305,19.0,17.633333206176758,17.833332061767578,18174222,17.94028207651715,16.879474224939514,52.25803606067693,0.755225284621508,20.26666641235352,21757103.0,True,False,True,False,1,-0.12006584117369723
2020-09-01,17.833332061767578,18.200000762939453,17.100000381469727,17.799999237060547,10600657,17.92692180609271,16.915573245022692,51.88168298893399,0.7798520772535236,20.26666641235352,22308258.9,True,False,True,False,1,-0.1217105529397483
2020-09-02,17.766666412353516,18.03333282470703,17.53333282470703,17.899999618530273,5640762,17.92435778822962,16.954178200846517,52.975835079098765,0.7598626431639862,20.26666641235352,22538621.9,True,False,True,False,1,-0.1167763235289967
2020-09-03,17.899999618530273,19.26666641235352,17.866666793823242,18.799999237060547,16673691,18.007752211927805,17.026563339521577,61.46793189139022,0.805586712833007,20.26666641235352,22403350.35,True,False,True,False,1,-0.07236844705742862
2020-09-04,18.66666603088379,18.76666641235352,18.066665649414062,18.200000762939453,11238430,18.026061597738437,17.0725804933811,54.41305472837978,0.800425775319684,20.26666641235352,22940659.6,True,False,True,False,1,-0.10197363529674186
2020-09-07,18.200000762939453,18.36666679382324,17.466665267944336,17.733333587646484,8386530,17.99818273963444,17.098492379430724,49.64082203749484,0.8075383289310567,20.26666641235352,23178666.25,True,False,False,False,0,-0.12499997647185057
2020-09-08,17.733333587646484,17.966665267944336,17.333332061767578,17.399999618530273,6491346,17.941212918576902,17.110316192728742,46.50348614863891,0.7950951058771782,20.26666641235352,23223703.7,True,False,False,False,0,-0.1414473764701566
2020-09-09,16.933332443237305,17.399999618530273,16.799999237060547,17.299999237060547,7276660,17.880144948908676,17.117754743486852,45.572944304585626,0.7811597684195032,20.26666641235352,23261984.55,True,False,False,False,0,-0.1463816058809082
2020-09-10,17.333332061767578,17.700000762939453,17.333332061767578,17.5,5346025,17.84394066806023,17.13274475354619,47.82176316314449,0.7539341796666034,20.26666641235352,22242629.7,True,False,False,False,0,-0.13651314705940498
2020-09-11,17.633333206176758,17.733333587646484,17.100000381469727,17.366666793823242,6179839,17.798486013370994,17.14191816689039,46.44404302806533,0.7453198244173288,20.26666641235352,20472968.15,True,False,False,False,0,-0.14309208823620767
2020-09-14,17.66666603088379,18.5,17.633333206176758,18.16666603088379,17024356,17.833550776943643,17.18210435763523,54.849052766453376,0.7730350659715738,20.26666641235352,17454184.6,True,False,True,False,1,-0.10361844117539121
2020-09-15,18.0,18.066665649414062,17.366666793823242,17.700000762939453,10045777,17.820831727990864,17.202414020588336,49.92679126754002,0.7749610781922148,20.26666641235352,16706026.5,True,False,False,False,0,-0.12664468823790176
2020-09-16,17.633333206176758,17.799999237060547,17.466665267944336,17.66666603088379,5786472,17.806149280647336,17.22061998177639,49.58448290291727,0.743416284686786,20.26666641235352,16065459.05,True,False,False,False,0,-0.1282894941165511
2020-09-17,17.53333282470703,17.66666603088379,17.200000762939453,17.299999237060547,6348546,17.75794451459145,17.22373289374832,45.8599110247697,0.7236483549194681,20.26666641235352,13940311.65,True,False,False,False,0,-0.1463816058809082
2020-09-18,17.233333587646484,17.566665649414062,17.100000381469727,17.16666603088379,6411109,17.701632278047864,17.221494977557555,44.54944931427154,0.7052924201355301,20.26666641235352,11482767.6,True,False,False,False,0,-0.1529605470577109
2020-09-21,17.16666603088379,17.5,16.200000762939453,16.5,7674267,17.587191108709973,17.193201056869025,38.60882129720402,0.7477714784873171,19.833332061767575,10305969.05,True,False,False,False,0,-0.1680671735534136
2020-09-22,16.366666793823242,16.5,15.199999809265137,15.866665840148926,12387183,17.423331559323206,17.14118006797804,33.97387812992859,0.7872163865049989,19.5,9889011.0,True,False,False,True,1,-0.18632482871031153
2020-09-23,16.266666412353516,16.266666412353516,15.333333015441896,15.899999618530272,6201949,17.278252326866735,17.09250632486244,34.42011437159891,0.7976533158197575,19.26666641235352,9789315.45,True,False,False,False,0,-0.17474049333540065
2020-09-24,15.800000190734863,15.800000190734863,14.800000190734863,15.233332633972168,6866400,17.083498070400584,17.019597552670664,30.046398553101625,0.8192494666751611,19.26666641235352,9490640.6,True,False,False,False,0,-0.20934258641625902
2020-09-25,15.333333015441896,16.466665267944336,15.333333015441896,16.333332061767578,9476793,17.01205368862601,16.992685180478386,42.93186457525458,0.8488268357678045,19.26666641235352,9258282.65,True,False,False,True,1,-0.1522491897563103
2020-09-28,16.366666793823242,16.566665649414062,16.100000381469727,16.200000762939453,7021749,16.934715314751102,16.961599517045485,41.9238302077277,0.821529580923271,19.26666641235352,9211550.7,False,False,False,False,0,-0.15916949947541326
2020-09-29,16.266666412353516,16.466665267944336,15.699999809265137,15.800000190734863,5886205,16.826647207701935,16.91604660228821,38.96776334189275,0.8176107150486944,19.26666641235352,8653927.05,False,False,False,False,0,-0.1799307751233954
2020-09-30,15.800000190734863,15.966666221618652,15.600000381469728,15.733332633972168,3281211,16.72252201020386,16.869665662354247,38.480756002833566,0.785400366841568,19.26666641235352,8418204.45,False,False,False,False,0,-0.18339102898028203
2020-10-01,15.866665840148926,16.16666603088379,15.766666412353516,15.833333015441896,3796339,16.637837344036054,16.8290251663969,39.698153593246985,0.760252726132286,19.26666641235352,8300226.9,False,False,False,False,0,-0.17820069769361957
2020-10-05,15.833333015441896,16.100000381469727,15.733332633972168,15.866665840148926,4412746,16.564392438903948,16.79128558497541,40.12349049994956,0.7321395133726626,18.76666641235352,7656359.3,False,False,False,False,0,-0.15452933986696815
2020-10-06,16.0,16.03333282470703,15.800000190734863,15.866665840148926,5589336,16.497942286641564,16.755025987139078,40.12349049994956,0.6965104505583416,18.5,7315075.1,False,False,False,False,0,-0.14234238701897695
2020-10-07,15.866665840148926,16.066665649414062,15.666666030883787,15.766666412353516,2927731,16.428296965280797,16.71626678812788,39.162395170487734,0.6753311054134797,18.5,7175215.4,False,False,False,False,0,-0.1477477614944046
2020-10-08,15.800000190734863,15.866665840148926,15.43333339691162,15.566665649414062,3645310,16.346236839960156,16.67118439053126,37.24103693802785,0.6580454866866102,18.5,6997034.65,False,False,False,False,0,-0.15855861354518586
2020-10-09,15.533332824707031,15.800000190734863,15.5,15.600000381469728,4346755,16.275166701056307,16.62917717448963,37.78888119279498,0.6324708226900569,18.5,6815467.15,False,False,False,False,0,-0.15675673613677144
2020-10-12,15.733332633972168,15.733332633972168,15.43333339691162,15.5,2795856,16.201341300955704,16.58489571666651,36.75241160055591,0.6087228522879493,18.5,6765503.65,False,False,False,False,0,-0.16216216216216217
2020-10-13,15.43333339691162,15.566665649414062,15.066665649414062,15.233332633972168,3876295,16.109149999338225,16.53189324283536,34.068899635077,0.6009569342673815,18.5,6596304.5,False,False,False,False,0,-0.1765766143798828
2020-10-14,15.266666412353516,15.333333015441896,14.93333339691162,15.0,7851075,16.003516666067917,16.471818998018286,31.8757493467337,0.5866028402861598,18.066665649414062,5938901.45,False,False,False,True,1,-0.16974165066886704
2020-10-15,15.066665649414062,15.566665649414062,14.833333015441896,14.966666221618652,7131408,15.904769004691795,16.41279339894379,31.563152634915994,0.5970835398351604,17.799999237060547,5829166.35,False,False,False,True,1,-0.1591760189260426
2020-10-16,15.0,15.233332633972168,14.833333015441896,14.93333339691162,3694884,15.81225132776035,16.35477535964841,31.233304377600803,0.5830061168848112,17.66666603088379,5896413.15,False,False,False,False,0,-0.15471694711350314
2020-10-19,15.0,15.233332633972168,14.93333339691162,15.066665649414062,3657645,15.741243167917848,16.30426125336471,34.19565310688816,0.5627913397545068,17.566665649414062,5763730.05,False,False,False,False,0,-0.1423149987535277
2020-10-20,15.133333206176758,15.5,14.966666221618652,15.43333339691162,5009358,15.711918427822017,16.270107219778318,41.641047263893455,0.5606872282278526,17.5,5626056.85,False,False,False,False,0,-0.11809523446219317
2020-10-21,15.533332824707031,15.666666030883787,15.199999809265137,15.366665840148926,4233681,15.679037228996007,16.234678146067363,40.73851076891663,0.553971442041481,16.566665649414062,5492811.4,False,False,False,False,0,-0.07243460058044804
2020-10-22,15.199999809265137,15.466666221618652,15.199999809265137,15.266666412353516,3086692,15.639763817887198,16.196716901607996,39.3604424172529,0.5334496542066264,16.566665649414062,5085136.3,False,False,False,False,0,-0.07847078371540173
2020-10-23,15.199999809265137,15.966666221618652,15.133333206176758,15.733332633972168,10365630,15.648675133704815,16.178544969543847,48.171495588031384,0.5548698942948599,16.566665649414062,4929373.45,False,False,False,True,1,-0.05030179476528329
2020-10-26,15.833333015441896,15.833333015441896,15.333333015441896,15.366665840148926,4822056,15.62181710574711,16.146706572312674,42.897349503065996,0.5509506161309413,16.566665649414062,5104334.95,False,False,False,False,0,-0.07243460058044804
2020-10-27,15.43333339691162,15.466666221618652,15.166666030883787,15.266666412353516,4593358,15.587993230185816,16.112195193490745,41.56088499816797,0.5330255857455073,16.566665649414062,4871598.1,False,False,False,False,0,-0.07847078371540173
2020-10-28,15.199999809265137,15.533332824707031,15.100000381469728,15.300000190734863,5411959,15.56056532166668,16.080344409068946,42.20724147658738,0.5259046469949212,16.466665267944336,4750178.55,False,False,False,True,1,-0.07085011192160562
2020-10-29,15.399999618530272,15.666666030883787,15.266666412353516,15.366665840148926,7545486,15.542098704379274,16.05235701420934,43.551924341234916,0.5169114306760177,16.16666603088379,4726466.25,False,False,False,True,1,-0.0494845498265748
2020-10-30,15.366665840148926,15.466666221618652,15.100000381469728,15.199999809265137,4328389,15.509517857225546,16.01893124146643,40.984510596198994,0.5061796027812253,16.16666603088379,4939680.0,False,False,False,False,0,-0.059793789255743524
2020-11-02,15.266666412353516,15.333333015441896,14.93333339691162,15.0,3563592,15.46099234701359,15.978973153565786,38.08323169468366,0.49859531819187186,16.100000381469727,4966282.5,False,False,False,False,0,-0.06832300344140185
2020-11-03,15.133333206176758,15.199999809265137,14.899999618530272,14.966666221618652,3107788,15.413913668404549,15.939274842509036,37.60541669703756,0.4844099519449428,16.066665649414062,4923824.8,False,False,False,False,0,-0.06846469901086949
2020-11-04,14.899999618530272,15.133333206176758,14.899999618530272,14.966666221618652,2799756,15.371318673472558,15.901133327964317,37.60541669703756,0.46647592592362447,16.066665649414062,4799747.4,False,False,False,False,0,-0.06846469901086949
2020-11-05,15.066665649414062,15.699999809265137,15.0,15.333333015441896,7211424,15.367700991755353,15.87886664904187,46.21434085237924,0.4855371874752573,15.966666221618652,4793348.65,False,False,False,True,1,-0.03966596391419719
2020-11-06,15.466666221618652,15.600000381469728,15.199999809265137,15.266666412353516,4921450,15.35807865085994,15.85485879662272,44.99865065940417,0.47942742924163834,15.966666221618652,4971654.35,False,False,False,False,0,-0.04384132539310848
2020-11-09,15.399999618530272,15.533332824707031,15.266666412353516,15.366665840148926,4393071,15.358896478411271,15.835713974800218,47.24057065839076,0.4642302137496296,15.966666221618652,5000389.1,False,False,False,False,0,-0.03757831303928272
2020-11-10,15.399999618530272,16.266666412353516,15.333333015441896,16.03333282470703,15274758,15.42312851139182,15.843463733620094,59.184942098408676,0.497737583975486,15.966666221618652,5080249.85,False,True,True,True,2,0.004175361478911288
2020-11-11,16.333332061767578,16.5,15.199999809265137,15.833333015441896,12609879,15.462195607015637,15.843066450554284,55.151067000859975,0.5550420558868701,16.266666412353516,5650173.0,False,False,True,True,2,-0.026639348587276013
2020-11-12,16.16666603088379,16.633333206176758,16.0,16.333332061767578,14259271,15.545160983658679,15.862292552954807,62.10482286374231,0.5725390655188695,16.5,5888113.2,False,False,True,True,2,-0.010101087165601319
2020-11-13,16.433332443237305,16.466665267944336,16.133333206176758,16.200000762939453,6466858,15.607526676923516,15.875536012169892,59.45741435692967,0.5554528509652058,16.633333206176758,6244506.35,False,False,True,True,2,-0.026052050894789236
2020-11-14,16.333332061767578,16.399999618530273,16.233333587646484,16.266666412353516,1637505,15.67030188982161,15.890874459235917,60.36713036931038,0.5300632798670355,16.633333206176758,6383105.05,False,False,True,False,1,-0.0220440959895567
2020-11-17,16.66666603088379,16.766666412353516,16.433332443237305,16.566665649414062,9801756,15.755669866925654,15.917376074537021,64.25419851863299,0.5279159027336758,16.633333206176758,6282098.05,False,False,True,True,2,-0.004008069575491824
2020-11-18,16.633333206176758,16.633333206176758,16.266666412353516,16.333332061767578,7006663,15.810685314053456,15.93368807403626,59.376416261722134,0.5163981092400735,16.766666412353516,6521717.95,False,False,True,True,2,-0.025844991480635682
2020-11-19,16.299999237060547,16.833332061767578,16.066665649414062,16.16666603088379,13524330,15.84458823946587,15.942824464500868,56.100433315885674,0.5342744166053193,16.766666412353516,6660367.05,False,False,True,True,2,-0.03578531156483511
2020-11-20,16.299999237060547,17.600000381469727,16.0,17.16666603088379,41064216,15.970500410077099,15.990818251417846,67.63773307837562,0.6103976998099198,16.833332061767578,7182248.95,False,True,True,True,2,0.01980201946311566
2020-11-23,17.466665267944336,17.833332061767578,17.200000762939453,17.433332443237305,22969389,16.10981774656855,16.047387435410766,69.90883170283323,0.6144168663151961,17.600000381469727,8717178.25,True,False,True,True,2,-0.009469769012499518
2020-11-24,17.600000381469727,17.799999237060547,17.233333587646484,17.399999618530273,18650556,16.232692210564906,16.10043105043506,69.25459614652809,0.6110060651079723,17.833332061767578,9624544.9,True,False,True,True,2,-0.024299017241220744
2020-11-25,17.53333282470703,17.53333282470703,16.766666412353516,16.866666793823242,17674527,16.293070742303794,16.130479510960086,59.63772025764932,0.6221246613397968,17.833332061767578,10327404.8,True,False,True,True,2,-0.0542055329086113
2020-11-26,16.866666793823242,17.16666603088379,16.733333587646484,17.03333282470703,7844244,16.363571893008864,16.16588552326389,61.43973715235449,0.6086395029039046,17.833332061767578,10940533.2,True,False,True,False,1,-0.04485977350108594
2020-11-27,17.0,17.566665649414062,16.866666793823242,17.333332061767578,20378310,16.455930004319217,16.21166774046011,64.5111151183217,0.6151651709529701,17.833332061767578,10955471.1,True,False,True,True,2,-0.028037385176712837
2020-12-01,17.466665267944336,18.899999618530277,17.266666412353516,18.700000762939453,64064577,16.669651028949716,16.309249427616166,74.48256114938943,0.6878914591832409,17.833332061767578,11757967.15,True,True,True,True,2,0.04859824839071458
2020-12-02,19.066665649414062,19.333332061767575,18.799999237060547,19.200000762939453,36899644,16.91063671790112,16.422612225079824,77.02585523979492,0.683994304872161,18.899999618530277,14783016.4,True,True,True,True,2,0.015873076744141512
2020-12-03,19.333332061767575,19.600000381469727,19.0,19.200000762939453,24302101,17.12867138885715,16.531529422642947,77.02585523979492,0.6779947389148442,19.333332061767575,16472609.2,True,False,True,True,2,-0.006896446944693491
2020-12-04,19.433332443237305,19.53333282470703,18.399999618530277,18.86666679382324,23348310,17.294194760758682,16.62310343719904,71.51480471613289,0.7105189151478377,19.600000381469727,17547726.45,True,False,True,True,2,-0.03741497823335749
2020-12-07,18.86666679382324,19.433332443237305,18.86666679382324,19.233333587646484,19208806,17.47887464903371,16.725465403883252,73.74047780098583,0.7002436818811398,19.600000381469727,18354570.75,True,False,True,True,2,-0.018707489116678633
2020-12-08,19.600000381469727,19.733333587646484,18.933332443237305,19.433332443237305,23620101,17.66501348657691,16.831656268171646,74.89281811173113,0.7073692149188571,19.600000381469727,19068938.55,True,False,True,True,2,-0.008503466070847288
2020-12-09,19.566665649414062,19.733333587646484,19.066665649414062,19.16666603088379,15678996,17.808028014606137,16.92322527847408,70.45344488210118,0.7044619808698259,19.733333587646484,20030290.05,True,False,True,False,1,-0.028716260952353356
2020-12-10,19.16666603088379,19.16666603088379,18.566665649414062,18.76666641235352,13073860,17.899326909629696,16.995517087645826,64.29676528347606,0.6970004380555331,19.733333587646484,20050501.95,True,False,True,False,1,-0.04898651163015466
2020-12-11,18.76666641235352,20.13333320617676,18.76666641235352,19.76666641235352,46215304,18.077168767031967,17.104189610183383,71.09685354309025,0.7448337491817981,19.733333587646484,20073701.0,True,True,True,True,2,0.0016891633924387417
2020-12-14,20.86666679382324,21.16666603088379,20.399999618530277,20.833332061767575,59535480,18.33966050938774,17.250430490637665,76.28530267629087,0.7916313112781175,20.13333320617676,21671502.65,True,True,True,True,2,0.03476815529859989
2020-12-15,20.933332443237305,20.933332443237305,20.200000762939453,20.76666641235352,28022991,18.570803928717815,17.38832209541084,75.37460137697852,0.7874670519223842,21.16666603088379,24324933.75,True,False,True,True,2,-0.018897620340711185
2020-12-16,20.933332443237305,21.600000381469727,20.833332061767575,21.100000381469727,35391513,18.811679781360855,17.533878106628833,76.86198605658055,0.7907432602933716,21.16666603088379,25644208.05,True,False,True,True,2,-0.003149558334637703
2020-12-17,21.13333320617676,21.399999618530277,20.700000762939453,20.799999237060547,21079797,19.00104353904654,17.66196128821439,72.61117760089063,0.7842615171003325,21.600000381469727,26923695.9,True,False,True,False,1,-0.037037089364844955
2020-12-18,20.66666603088379,20.66666603088379,19.833332061767575,20.26666641235352,22377478,19.121579050790064,17.76410658720024,65.6590951694883,0.7972904926855211,21.600000381469727,27627352.6,True,False,True,False,1,-0.06172842340595752
2020-12-21,20.200000762939453,20.53333282470703,17.899999618530273,18.433332443237305,30684847,19.056031754832656,17.790350738417377,48.4770291157052,0.928436400792038,21.600000381469727,28070010.0,True,False,False,True,1,-0.14660499455125253
2020-12-22,18.333332061767575,18.899999618530277,17.066665649414062,18.66666603088379,26366989,19.018949304932764,17.824716044004294,50.26104019024213,0.9930719413866221,21.600000381469727,27551041.55,True,False,True,False,1,-0.13580251383247177
2020-12-23,18.86666679382324,20.066665649414062,18.733333587646484,19.966665267944336,22903135,19.109207968076724,17.90871405278626,58.816941523142766,1.0221382040397402,21.600000381469727,27720921.55,True,False,True,False,1,-0.07561736503146554
2020-12-24,19.833332061767575,20.299999237060547,19.66666603088379,19.833332061767575,14523759,19.178172167475854,17.984189268824743,57.7202681046327,0.9943664184780987,21.600000381469727,27933550.5,True,False,True,False,1,-0.08179019854174385
2020-12-28,20.0,20.233333587646484,19.66666603088379,19.899999618530277,12317484,19.246917639004845,18.059319086460256,58.14053909245197,0.9638164997841413,21.600000381469727,27776012.1,True,False,True,False,1,-0.07870373763501648
2020-12-29,20.0,20.200000762939453,19.566665649414062,19.733333587646484,10124112,19.293242967446904,18.124966713957757,56.62515125213356,0.9402106864799449,21.600000381469727,27999674.1,True,False,True,False,1,-0.08641975744707042
2020-12-30,19.799999237060547,19.933332443237305,19.299999237060547,19.600000381469727,8617417,19.3224579592586,18.182811171507247,55.381537082206016,0.9182908664582887,21.600000381469727,27486964.2,True,False,True,False,1,-0.09259259095734862
2020-12-31,19.53333282470703,19.799999237060547,19.299999237060547,19.433332443237305,9783853,19.33301743392324,18.231851221379014,53.791211531109745,0.8884129474255539,21.600000381469727,24714606.2,True,False,True,False,1,-0.10030869907257822
2021-01-01,19.466665267944336,20.466665267944336,19.36666679382324,20.16666603088379,29538210,19.41241253839567,18.307726311947828,59.32567564866335,0.9035261993323784,21.600000381469727,23358816.65,True,False,True,True,2,-0.06635807061446031
2021-01-04,20.36666679382324,20.733333587646484,20.0,20.566665649414062,21985131,19.522341406111707,18.396312168319053,61.999213074210566,0.8913695842119574,21.600000381469727,23620622.1,True,False,True,False,1,-0.047839570083625715
2021-01-05,20.66666603088379,21.966665267944336,20.53333282470703,21.76666641235352,71593038,19.736086644801404,18.528482922987074,68.65552352566024,0.9300812169994822,21.600000381469727,23552463.15,True,True,True,True,2,0.0077160198120538315
2021-01-06,21.966665267944336,22.466665267944336,21.0,21.600000381469727,45921294,19.913602238769816,18.64893458802561,66.90271303864361,0.9684086492098289,21.966665267944336,26171674.75,True,False,True,True,2,-0.016691877533622668
2021-01-07,21.933332443237305,22.0,21.433332443237305,21.53333282470703,18532839,20.06786229457336,18.762048244366056,66.17492474511724,0.9397128568921765,22.466665267944336,27286734.4,True,False,True,False,1,-0.04154298967408365
2021-01-08,21.66666603088379,21.933332443237305,21.26666641235352,21.466665267944336,15729513,20.201081625370595,18.8681116570554,65.40865576781692,0.9202095121772915,22.466665267944336,27429426.55,True,False,True,False,1,-0.04451038852778966
2021-01-11,21.63333320617676,21.76666641235352,20.66666603088379,21.399999618530277,26480869,20.3152642913858,18.96740138103481,64.60306740406844,0.9330517171267514,22.466665267944336,27562209.2,True,False,True,False,1,-0.04747770248466687
2021-01-12,22.333332061767575,22.53333282470703,22.066665649414062,22.233333587646484,51846094,20.497937557696346,19.095477153843113,69.63716801951978,0.9473575377731801,22.466665267944336,26575487.45,True,False,True,True,2,-0.010385683745899432
2021-01-13,22.466665267944336,22.799999237060547,22.26666641235352,22.433332443237305,34650387,20.68226088012882,19.226373439701707,70.71366878031175,0.9201652600332432,22.53333282470703,26191018.15,True,False,True,True,2,-0.004437886851787809
2021-01-14,22.63333320617676,22.63333320617676,22.03333282470703,22.333332061767575,16693708,20.839505754570606,19.348214954292526,69.38895743278745,0.8972963401358494,22.799999237060547,26522387.95,True,False,True,False,1,-0.02046785925038197
2021-01-15,22.200000762939453,22.399999618530277,21.76666641235352,22.03333282470703,18408351,20.953203570774075,19.453513694308782,65.4289928757201,0.8784418305673429,22.799999237060547,25587497.7,True,False,True,False,1,-0.033625720965258954
2021-01-18,22.03333282470703,22.13333320617676,21.333332061767575,21.433332443237305,16565841,20.99893013005629,19.531153645247155,58.26691526691362,0.8728389244131889,22.799999237060547,25453925.4,True,False,True,False,1,-0.05994152805065789
2021-01-19,21.433332443237305,21.833332061767575,21.433332443237305,21.66666603088379,11336521,21.062524025373197,19.61489922899761,60.09624892654516,0.8390646882786947,22.799999237060547,25163343.55,True,False,True,False,1,-0.0497075984254669
2021-01-20,21.700000762939453,21.899999618530277,21.566665649414062,21.63333320617676,8527066,21.116886804497344,19.69405350261248,59.693698336062795,0.8029410654813747,22.799999237060547,24195927.25,True,False,True,False,1,-0.05116956447030985
2021-01-21,21.799999237060547,21.933332443237305,21.600000381469727,21.66666603088379,15345837,21.169246730819864,19.771410856662335,59.98237329646432,0.7693975652161035,22.799999237060547,23303931.1,True,False,True,False,1,-0.0497075984254669
2021-01-22,21.63333320617676,21.733333587646484,20.700000762939453,20.966665267944336,14119653,21.149953258165052,19.818283578673395,51.621065569987586,0.7882500837511698,22.799999237060547,22926066.2,True,False,True,False,1,-0.08040938730103964
2021-01-25,21.100000381469727,21.399999618530277,20.333332061767575,20.5,12239532,21.08805294786362,19.84501755598032,46.92487870002834,0.8081370461091364,22.799999237060547,22905860.9,True,False,False,False,0,-0.10087716289577697
2021-01-27,20.36666679382324,20.433332443237305,19.933332443237305,20.16666603088379,10292097,21.00030181291316,19.857631221662807,43.85582512957521,0.7908892254415334,22.799999237060547,22901963.3,True,False,False,False,0,-0.11549707431114176
2021-01-28,19.76666641235352,20.333332061767575,19.733333587646484,20.13333320617676,9244876,20.91773337417636,19.868443064192768,43.549094133953076,0.7772541717757875,22.799999237060547,22910362.55,True,False,False,False,0,-0.1169590403559847
2021-01-29,20.466665267944336,21.13333320617676,20.433332443237305,20.799999237060547,14419900,20.90652059921295,19.904974678815034,50.939721100190454,0.793164588077517,22.799999237060547,22941735.5,True,False,True,False,1,-0.08771930118089977
2021-02-01,21.26666641235352,21.433332443237305,20.66666603088379,21.200000762939453,19937539,20.934471090996425,19.955760015447364,54.76629847627779,0.7912718612400883,22.799999237060547,23173537.85,True,False,True,False,1,-0.07017537402020413
2021-02-02,21.5,22.53333282470703,21.299999237060547,21.566665649414062,22514806,20.994680096560007,20.018932785406843,58.00015350609184,0.8299904469920518,22.799999237060547,22693504.3,True,False,True,False,1,-0.05409358021564081
2021-02-03,21.700000762939453,22.200000762939453,21.066665649414062,21.466665267944336,16265811,21.039631065263276,20.07570660825145,56.80732024603285,0.8516579231730046,22.799999237060547,22719988.05,True,False,True,False,1,-0.05847956200581472
2021-02-04,21.466665267944336,22.200000762939453,21.26666641235352,21.76666641235352,16754236,21.10887252689092,20.142018757431927,59.49841247231571,0.8574919537024996,22.799999237060547,19953626.7,True,False,True,False,1,-0.04532161663529288
2021-02-05,21.966665267944336,22.0,21.26666641235352,21.36666679382324,13433185,21.133424361836855,20.190044170623743,54.61264295049624,0.8486234989842126,22.799999237060547,18495273.8,True,False,True,False,1,-0.06286546014034422
2021-02-08,21.66666603088379,22.100000381469727,21.466665267944336,21.733333587646484,22216822,21.190558573818727,20.25056532423248,58.01600423893759,0.8403885053172323,22.799999237060547,18240291.1,True,False,True,True,2,-0.04678358268013616
2021-02-09,21.76666641235352,22.5,21.399999618530277,21.86666679382324,36392028,21.254949832866775,20.313941852451727,59.21367959108395,0.858932210756696,22.799999237060547,18564656.55,True,False,True,True,2,-0.040935634845119306
2021-02-10,21.966665267944336,22.066665649414062,21.36666679382324,21.700000762939453,15000040,21.29733563573084,20.368297103843403,57.02387422126533,0.847579828244848,22.799999237060547,19060214.5,True,False,True,False,1,-0.048245548724979215
2021-02-11,22.333332061767575,22.933332443237305,22.13333320617676,22.399999618530277,45065223,21.40235125314031,20.447971712262497,63.18236475639218,0.8751335319629197,22.799999237060547,17217911.8,True,False,True,True,2,-0.017543843505050893
2021-02-12,22.5,22.53333282470703,21.66666603088379,21.76666641235352,15038428,21.437047934970142,20.499685229913126,55.441310426885146,0.8745287649529427,22.933332443237305,17738653.6,True,False,True,False,1,-0.05087206727462834
2021-02-15,21.86666679382324,21.899999618530277,21.399999618530277,21.466665267944336,7798147,21.439868633348638,20.53760601571827,52.18005999983548,0.8477767103134468,22.933332443237305,17655889.6,True,False,True,False,1,-0.0639535130327501
2021-02-16,21.53333282470703,21.799999237060547,21.200000762939453,21.600000381469727,10108464,21.45511927602684,20.57926853986539,53.48956561421261,0.8300782648711359,22.933332443237305,17125379.4,True,False,True,False,1,-0.05813948169406835
2021-02-17,21.66666603088379,21.733333587646484,21.433332443237305,21.5,8828538,21.45939363069095,20.6153756559491,52.33209945868074,0.7922156134095677,22.933332443237305,16802510.55,True,False,True,False,1,-0.06249996361344223
2021-02-18,21.600000381469727,25.13333320617676,21.5,24.433332443237305,153550602,21.742625898552507,20.76509945152903,71.68643054573965,0.9951525843215101,22.933332443237305,16677111.4,True,True,True,True,2,0.06540697928278316
2021-02-19,24.66666603088379,26.299999237060547,24.066665649414062,25.100000381469727,102834942,22.062375849306527,20.935095566428664,74.24580101939209,1.0835940845590082,25.13333320617676,23928288.2,True,False,True,True,2,-0.0013262397165387796
2021-02-22,25.200000762939453,25.76666641235352,23.733333587646484,24.200000762939453,38590216,22.265959174414427,21.063131064331046,65.6218823003245,1.151432565998153,26.299999237060547,28302743.45,True,False,True,True,2,-0.07984785304335251
2021-02-23,24.36666679382324,24.966665267944336,23.700000762939453,24.433332443237305,20669230,22.472375676207083,21.195295824288152,66.70174923574228,1.159663418784348,26.299999237060547,29526271.6,True,False,True,False,1,-0.07097592577846301
2021-02-24,24.66666603088379,26.600000381469727,24.399999618530277,26.100000381469727,40418272,22.817863743374954,21.387637179471742,73.1817930593652,1.233973229081141,26.299999237060547,29947756.5,True,False,True,True,2,-0.007604519444585844
2021-02-25,26.733333587646484,28.600000381469727,26.733333587646484,28.233333587646484,76557963,23.33362277616272,21.65609586214526,78.85427785439714,1.3244037127182025,26.600000381469727,31454065.25,True,True,True,True,2,0.06140350311102183
2021-02-26,27.333332061767575,29.299999237060547,27.0,28.566665649414062,64941165,23.832007811710465,21.927098598900898,79.58102061137939,1.3940891073140842,28.600000381469727,34819719.6,True,False,True,True,2,-0.0011655500563301224
2021-03-01,29.100000381469727,34.26666641235352,29.066665649414062,32.66666412353516,162465760,24.673403650931863,22.3482580312395,85.9687432696558,1.7016542255730396,29.299999237060547,37345782.85,True,True,True,True,2,0.11490324143818542
2021-03-02,33.33333206176758,36.03333282470703,33.20000076293945,34.86666488647461,99972511,25.644190435269266,22.83917594713107,88.11689844191137,1.8205838309729558,34.26666641235352,44472193.9,True,True,True,True,2,0.017509683226868633
2021-03-03,35.599998474121094,35.93333435058594,32.93333435058594,33.599998474121094,41534797,26.40188643896944,23.26116898740519,80.4773634418545,1.9048278430463161,36.03333282470703,48345079.15,True,False,True,False,1,-0.0675300939389506
2021-03-04,33.16666412353516,35.233333587646484,32.400001525878906,34.633331298828125,46918419,27.185833568479794,23.707136136872755,81.85911170012228,1.9711495729549777,36.03333282470703,49608528.45,True,False,True,False,1,-0.03885295686328982
2021-03-05,34.53333282470703,35.33333206176758,33.20000076293945,33.900001525878906,27657211,27.82527813585114,24.10685634820633,77.65840188876524,1.9827339819459169,36.03333282470703,51116737.6,True,False,True,False,1,-0.05920438470696665
2021-03-08,34.26666641235352,34.76666641235352,33.70000076293945,34.03333282470703,18745054,28.416521439551698,24.49612993552008,77.88065375481473,1.9173005296222136,36.03333282470703,51827938.9,True,False,True,False,1,-0.05550416359567656
2021-03-09,34.36666488647461,34.53333282470703,31.600000381469727,32.93333435058594,22153515,28.846694097745434,24.82700069689521,71.55619886238485,1.9898742377375773,36.03333282470703,51654350.5,True,False,True,False,1,-0.08603141122698243
2021-03-10,33.33333206176758,33.599998474121094,32.20000076293945,32.86666488647461,19600698,29.229548458576783,25.14228164550617,71.17891827503705,1.947740200126439,36.03333282470703,50942424.85,True,False,True,False,1,-0.087881627648418
2021-03-12,33.26666641235352,33.86666488647461,32.400001525878906,32.93333435058594,17927224,29.582289972101467,25.44781312413675,71.3416428594661,1.9133775687313865,36.03333282470703,51172457.75,True,False,True,False,1,-0.08603141122698243
2021-03-15,33.0,33.06666564941406,31.299999237060547,31.966665267944336,16351188,29.809373333610313,25.703454384678224,65.56163758614656,1.9028982004186814,36.03333282470703,49815557.8,True,False,True,False,1,-0.1128584906798934
2021-03-16,32.233333587646484,32.233333587646484,30.76666641235352,31.16666603088379,15254547,29.938639304779215,25.91769797864707,61.146415445797565,1.8717388414811302,36.03333282470703,49881195.8,True,False,True,False,1,-0.1350601349450059
2021-03-17,31.36666679382324,32.66666412353516,30.5,30.76666641235352,24045733,30.017499029310102,26.107853603498302,59.00668688174092,1.8928049330564183,36.03333282470703,50254015.8,True,False,True,False,1,-0.14616095707756205
2021-03-18,30.86666679382324,31.466665267944336,28.36666679382324,29.03333282470703,21648375,29.923768914586,26.222578278839823,50.723390257104704,1.9790330431324668,36.03333282470703,50950879.25,True,False,True,False,1,-0.19426457258486785
2021-03-19,28.5,30.566665649414062,26.799999237060547,30.03333282470703,39176571,29.934203572692763,26.372019633579715,54.676408600437,2.10672114093397,36.03333282470703,51591871.1,True,False,True,False,1,-0.16651249078702957
2021-03-22,31.13333320617676,31.66666603088379,30.53333282470703,31.0,21351067,30.03570799434107,26.553509059713843,58.16974327132263,2.0729077170227406,36.03333282470703,45873169.55,True,False,True,False,1,-0.1396854642670139
2021-03-23,31.200000762939453,32.26666641235352,30.899999618530277,31.933332443237305,26790942,30.21643413233119,26.764482525734373,61.27337116133273,2.022461936794205,36.03333282470703,41798975.8,True,False,True,False,1,-0.11378354595771589
2021-03-24,32.0,32.900001525878906,30.700000762939453,31.200000762939453,27744096,30.310107144770072,26.938424417389477,57.653810180497246,2.0351432815188657,36.03333282470703,41209012.1,True,False,True,False,1,-0.13413502673428812
2021-03-25,31.333332061767575,31.5,29.799999237060547,30.63333320617676,16677966,30.340890579189757,27.08332280126349,54.95244244885085,2.011204530191765,36.03333282470703,41562755.4,True,False,True,False,1,-0.14986123112174743
2021-03-26,31.100000381469727,31.299999237060547,30.466665267944336,30.63333320617676,9635364,30.368742257950426,27.222538895573813,54.95244244885085,1.9270709186863682,36.03333282470703,40375740.1,True,False,True,False,1,-0.14986123112174743
2021-03-30,31.26666641235352,32.53333282470703,30.66666603088379,31.933332443237305,14747116,30.51775084702537,27.40727589744297,59.94575099361889,1.925137254389504,36.03333282470703,37029610.15,True,False,True,False,1,-0.11378354595771589
2021-03-31,31.899999618530277,32.26666641235352,30.86666679382324,31.200000762939453,11205781,30.582727029493377,27.556010205893816,56.163801842900085,1.8876274232567027,36.03333282470703,34519907.7,True,False,True,False,1,-0.13413502673428812
2021-04-01,31.5,32.233333587646484,31.26666641235352,31.966665267944336,11653975,30.71453067125061,27.72897707107227,59.07102107664871,1.8266063805031547,36.03333282470703,26956908.75,True,False,True,False,1,-0.1128584906798934
2021-04-05,31.833332061767575,31.86666679382324,30.066665649414062,30.299999237060547,14479533,30.675051487042033,27.829801469738477,51.13202155742676,1.831848754647949,35.93333435058594,22540981.95,True,False,True,False,1,-0.15677184473234207
2021-04-06,30.399999618530277,30.899999618530277,29.86666679382324,30.100000381469727,10413990,30.620284715082764,27.918828878041662,50.25911107113482,1.7748119025093125,35.33333206176758,21188218.75,True,False,True,False,1,-0.14811316609340042
2021-04-07,30.03333282470703,30.26666641235352,29.76666641235352,29.86666679382324,9693385,30.548511579724714,27.99521467866055,49.20373022632083,1.6837539094729332,35.33333206176758,19362997.3,True,False,False,False,0,-0.15471694711350314
2021-04-08,30.200000762939453,32.16666412353516,30.13333320617676,31.200000762939453,38668155,30.610558168602306,28.120892564318545,55.01662912495648,1.7277712966328613,34.76666641235352,18464806.0,True,False,True,True,2,-0.10258865797230243
2021-04-09,31.333332061767575,31.600000381469727,30.799999237060547,31.100000381469727,9647590,30.65717171268492,28.237720321853885,54.512772911230975,1.6615020000454557,34.53333282470703,19460961.05,True,False,True,False,1,-0.09942082511019357
2021-04-12,29.799999237060547,30.0,26.53333282470703,27.53333282470703,31087155,30.35966324716322,28.210097282750088,40.32697073347623,1.8690138255252584,33.86666488647461,18835664.8,True,False,False,True,1,-0.18700784629953127
2021-04-13,27.933332443237305,28.899999618530277,27.66666603088379,28.66666603088379,16184727,30.19842541704137,28.228001939539645,45.20635975752855,1.8331318946894004,33.86666488647461,19409987.65,True,False,False,False,0,-0.15354328136596507
2021-04-15,28.53333282470703,28.600000381469727,27.566665649414062,27.966665267944336,11571666,29.98587683141308,28.217753442614338,42.87445119581677,1.7807653580308525,33.06666564941406,19322862.8,True,False,False,False,0,-0.15423388724892795
2021-04-16,28.200000762939453,28.333332061767575,27.66666603088379,27.833332061767575,8174920,29.780872567637317,28.20267809434584,42.42553650749905,1.7011868346632049,32.900001525878906,19083886.7,True,False,False,False,0,-0.15400210422865557
2021-04-19,26.399999618530277,26.700000762939453,25.466665267944336,26.100000381469727,21732825,29.430313311811833,28.120220144821285,37.001608886269146,1.74872111746035,32.900001525878906,18729905.35,True,False,False,True,1,-0.20668695528966308
2021-04-20,26.566665649414062,27.299999237060547,26.200000762939453,26.5,11078299,29.151235853544037,28.056682099926334,38.94157751871202,1.709526670183955,32.900001525878906,18614259.95,True,False,False,False,0,-0.1945289127371228
2021-04-22,26.466665267944336,26.899999618530277,25.86666679382324,26.66666603088379,10011871,28.914610156147823,28.002171665846237,39.77376875116189,1.661227109792747,32.900001525878906,18085756.15,True,False,False,False,0,-0.18946307616709435
2021-04-23,26.233333587646484,27.233333587646484,26.233333587646484,26.5,10826490,28.684647284133746,27.943262973067956,39.198420487074046,1.613996601950408,32.900001525878906,16627521.15,True,False,False,False,0,-0.1945289127371228
2021-04-26,26.66666603088379,27.16666603088379,26.53333282470703,26.63333320617676,10086055,28.48928403861403,27.89189317828791,39.94684125712034,1.5463301325885068,32.900001525878906,16101292.3,True,False,False,False,0,-0.19047623188627605
2021-04-27,26.66666603088379,27.933332443237305,26.466665267944336,27.76666641235352,14371777,28.420463312303504,27.886982324721856,46.02821539515772,1.5406399213531112,32.900001525878906,15266047.95,True,False,False,False,0,-0.15602841566701886
2021-04-28,27.933332443237305,28.16666603088379,27.733333587646484,27.833332061767575,8922066,28.3645460503477,27.884878392841298,46.372236224581826,1.461546530059125,32.53333282470703,14597432.0,True,False,False,False,0,-0.14446723882436352
2021-04-29,27.799999237060547,28.200000762939453,27.200000762939453,27.433332443237305,9166825,28.27585904014671,27.8671707085431,44.537855783102124,1.4285789207691875,32.53333282470703,14209637.0,True,False,False,False,0,-0.15676230925829382
2021-04-30,26.66666603088379,27.66666603088379,26.66666603088379,27.066665649414062,8245711,28.16069776483884,27.835778353283136,42.86398991760084,1.3979661407142454,32.53333282470703,14186210.05,True,False,False,False,0,-0.16803280514627683
2021-05-03,26.833332061767575,28.066665649414062,26.600000381469727,27.700000762939453,12414028,28.116821859896042,27.83045374189711,46.59735760571847,1.4028732212306805,32.26666641235352,13861139.8,True,False,False,False,0,-0.14152889520888623
2021-05-04,27.966665267944336,30.13333320617676,27.966665267944336,28.566665649414062,34184524,28.159664125564426,27.85932479709385,51.287968563781014,1.476477451374011,32.233333587646484,13921552.15,True,False,True,True,2,-0.11375391652440447
2021-05-05,29.066665649414062,29.66666603088379,28.399999618530277,29.433332443237305,16767873,28.280965870104698,27.921050587138694,55.49752619375636,1.4614909485868326,32.16666412353516,15048079.6,True,False,True,True,2,-0.08497404859268509
2021-05-06,30.0,30.299999237060547,29.53333282470703,29.833332061767575,13665046,28.428810269310688,27.9960420175163,57.33031230831708,1.4190035089608617,32.16666412353516,15162496.6,True,False,True,False,1,-0.07253882630808384
2021-05-07,30.066665649414062,30.26666641235352,29.200000762939453,29.333332061767575,10851954,28.51495520192563,28.04848476434968,54.318877080056936,1.3938365189932336,32.16666412353516,15325049.4,True,False,True,False,1,-0.08808286898778983
2021-05-10,29.733333587646484,32.26666641235352,29.399999618530277,31.833332061767575,43370605,28.83099109333915,28.196910148562147,64.39068665139379,1.5038006498212846,32.16666412353516,15382977.85,True,False,True,True,2,-0.01036265558925964
2021-05-11,31.63333320617676,34.0,31.0,33.43333435058594,55672803,29.269309498791227,28.402260117268963,69.0881275643865,1.610672031976907,32.26666641235352,15618100.35,True,True,True,True,2,0.03615706448639355
2021-05-12,33.93333435058594,34.53333282470703,32.66666412353516,33.400001525878906,48509029,29.662708739466247,28.598249976430136,68.88425729123134,1.6289575083479757,34.0,17919361.0,True,False,True,True,2,-0.017647013944738
2021-05-14,33.733333587646484,34.0,31.733333587646484,32.70000076293945,27090396,29.951974646463693,28.75910294845011,64.57478093685921,1.6745081443483716,34.53333282470703,18790454.7,True,False,True,True,2,-0.05308876704932208
2021-05-17,33.0,33.133331298828125,32.20000076293945,32.66666412353516,13140883,30.21051650142288,28.912340641590703,64.36825042841494,1.62156688660125,34.53333282470703,19335738.15,True,False,True,False,1,-0.054054113764436584
2021-05-18,33.03333282470703,33.733333587646484,32.76666641235352,32.93333435058594,21071391,30.46983248705746,29.070026669394437,65.3236649969175,1.581931356423398,34.53333282470703,19414199.0,True,False,True,True,2,-0.04633200282876748
2021-05-19,32.76666641235352,33.86666488647461,32.53333282470703,33.400001525878906,21180922,30.748896205040456,29.239829604942848,66.99166386688128,1.5641742639479823,34.53333282470703,20059022.55,True,False,True,True,2,-0.03281847438765828
2021-05-20,33.733333587646484,33.900001525878906,32.66666412353516,32.93333435058594,15810463,30.956937933187646,29.384672928301402,63.692271371017505,1.5405430595476794,34.53333282470703,20031427.4,True,False,True,False,1,-0.04633200282876748
2021-05-21,32.96666717529297,33.46666717529297,32.66666412353516,32.79999923706055,12685419,31.132467581175543,29.518607293350783,62.741469843812574,1.4876473447055456,34.53333282470703,20268035.6,True,False,True,False,1,-0.050193058296602144
2021-05-24,33.099998474121094,33.099998474121094,32.5,32.633331298828125,13722235,31.275406982856744,29.64075333278127,61.505496027406934,1.4242438539495132,34.53333282470703,20401713.0,True,False,True,False,1,-0.05501935001534353
2021-05-25,32.79999923706055,32.96666717529297,32.06666564941406,32.20000076293945,13487998,31.36346353334081,29.7411159771012,58.29033276573189,1.3867979733730413,34.53333282470703,20546500.25,True,False,True,False,1,-0.0675675317413379
2021-05-26,32.20000076293945,33.16666412353516,32.133331298828125,32.53333282470703,16158445,31.474879656328067,29.85061467700731,60.02157280536471,1.3615504627540411,34.53333282470703,20716597.4,True,False,True,False,1,-0.057915058768063354
2021-05-27,32.633331298828125,33.29999923706055,32.233333587646484,32.79999923706055,18322423,31.60108152115973,29.966276816617242,61.40183972900181,1.3404872618011856,34.53333282470703,20805930.8,True,False,True,False,1,-0.050193058296602144
2021-05-28,33.16666412353516,33.46666717529297,32.5,32.599998474121094,16879368,31.696216469060815,30.069560018872295,59.736043596977254,1.3137858270505987,34.53333282470703,21275948.65,True,False,True,False,1,-0.055984586266250136
2021-05-31,32.599998474121094,32.70000076293945,30.63333320617676,31.733333587646484,17569969,31.69975143273564,30.134806041177164,53.023143701266555,1.3675630934586054,34.53333282470703,21661575.8,True,False,True,False,1,-0.0810810601824471
2021-06-01,32.0,32.26666641235352,31.16666603088379,31.399999618530277,10834495,31.671203640906555,30.184421475583168,50.664872613957485,1.3484514711736861,34.53333282470703,22127788.7,True,False,True,False,1,-0.09073358838782564
2021-06-02,31.200000762939453,32.233333587646484,31.100000381469727,31.933332443237305,12188002,31.69616828874758,30.253006219412743,54.17658642279426,1.3330858808167627,34.53333282470703,22048812.05,True,False,True,False,1,-0.07528958744490322
2021-06-03,32.16666412353516,32.70000076293945,31.86666679382324,32.0,10975783,31.72510464220019,30.321515779435774,54.61150658150426,1.297389315695295,34.53333282470703,20948985.95,True,False,True,False,1,-0.07335905971098589
2021-06-04,32.133331298828125,32.76666641235352,31.700000762939453,32.233333587646484,15002491,31.77350739890936,30.396489026816585,56.17916051042077,1.2809090538180645,34.53333282470703,20659381.45,True,False,True,False,1,-0.06660229549043128
2021-06-07,32.53333282470703,33.633331298828125,32.133331298828125,33.20000076293945,29045091,31.909363909769368,30.506430663527286,62.03013117906769,1.2965584071167744,34.53333282470703,20726253.7,True,False,True,True,2,-0.03861000235730616
2021-06-08,33.36666488647461,33.66666412353516,32.733333587646484,32.93333435058594,16069966,32.00688490413285,30.60160335713743,59.66349265033693,1.2706135591719105,34.53333282470703,21635910.55,True,False,True,False,1,-0.04633200282876748
2021-06-09,33.16666412353516,33.233333587646484,31.600000381469727,31.76666641235352,19608187,31.984006952534823,30.647292104400808,50.572571405839724,1.2965221053865423,34.53333282470703,20270878.6,True,False,True,False,1,-0.08011582393154038
2021-06-10,32.03333282470703,32.96666717529297,31.833332061767575,32.53333282470703,14866576,32.03632370226551,30.721254485589288,55.38359667060294,1.2896277237831786,34.53333282470703,18467647.8,True,False,True,False,1,-0.057915058768063354
2021-06-11,32.79999923706055,37.23333358764648,32.56666564941406,36.46666717529297,225387093,32.45826117588717,30.946564787146297,70.98658027306024,1.5332257980086264,34.0,16785525.15,True,True,True,True,2,0.07254903456744022
2021-06-14,37.20000076293945,39.20000076293945,34.70000076293945,38.23333358764648,160761064,33.0082680722452,31.2323204263816,75.18433767702636,1.7451382410080103,37.23333358764648,26700360.0,True,True,True,True,2,0.026857654248068297
2021-06-15,38.53333282470703,39.43333435058594,38.16666412353516,38.43333435058594,59668288,33.524941051134796,31.514713129291575,75.61448004247231,1.710961954296779,39.20000076293945,34081369.05,True,False,True,True,2,-0.019557816261022598
2021-06-16,38.400001525878906,38.56666564941406,37.03333282470703,37.400001525878906,35839830,33.893994429681854,31.745508752687154,68.96331486898067,1.6982741593260828,39.43333435058594,36011213.9,True,False,True,False,1,-0.05156380656602577
2021-06-17,37.133331298828125,38.20000076293945,36.53333282470703,36.93333435058594,33191487,34.18345537452986,31.948952893781225,66.13407506568456,1.696016572105107,39.43333435058594,36744159.3,True,False,True,False,1,-0.06339813868575006
2021-06-18,37.5,37.73333358764648,34.66666412353516,36.20000076293945,36583204,34.375507316283155,32.11566065335606,61.84064265243997,1.7939203501055503,39.43333435058594,37613210.5,True,False,True,False,1,-0.08199493248276224
2021-06-21,35.36666488647461,38.0,35.06666564941406,37.46666717529297,32181109,34.66990349333171,32.32550404637319,65.95226260315187,1.875307064425578,39.43333435058594,38808099.75,True,False,True,False,1,-0.04987321533117439
2021-06-22,37.66666412353516,39.86666488647461,37.46666717529297,38.56666564941406,72460075,35.04102369867289,32.57025548178656,69.06913152301064,1.9127849677652968,39.43333435058594,39731043.45,True,False,True,True,2,-0.02197807300459742
2021-06-23,38.93333435058594,39.20000076293945,37.93333435058594,38.03333282470703,26600841,35.32600552019995,32.784493808959915,65.91828606228883,1.866633642378741,39.86666488647461,42679647.3,True,False,True,False,1,-0.04598659223158552
2021-06-24,37.23333358764648,37.79999923706055,36.66666412353516,36.79999923706055,25144515,35.46638587418667,32.9419646100619,59.19342236422759,1.8309218608639644,39.86666488647461,43201767.1,True,False,True,False,1,-0.07692305484160222
2021-06-25,37.06666564941406,37.133331298828125,36.33333206176758,36.66666412353516,14829360,35.58069808841034,33.088031257649085,58.49860328392248,1.7572845305922917,39.86666488647461,43542871.7,True,False,True,False,1,-0.08026758124994537
2021-06-28,36.93333435058594,37.20000076293945,36.09999847412109,36.26666641235352,15152362,35.646028404976356,33.2126836166571,56.361248842174106,1.7103357990370114,39.86666488647461,43440371.3,True,False,True,False,1,-0.09030096910219454
2021-06-29,36.53333282470703,37.23333358764648,34.79999923706055,35.20000076293945,29486698,35.60354958192522,33.29061762239367,51.009032900258234,1.761978552719077,39.86666488647461,43319490.95,True,False,True,False,1,-0.11705679762337973
2021-06-30,34.733333587646484,36.73333358764648,34.733333587646484,35.96666717529297,30541792,35.63813220986501,33.39556074211521,54.363533269150324,1.778980084667714,39.86666488647461,44252101.1,True,False,True,False,1,-0.09782603391297917
2021-07-01,36.33333206176758,36.43333435058594,35.03333282470703,35.36666488647461,19368271,35.61227817906593,33.472858943854796,51.397442134755245,1.7519101876113707,39.86666488647461,45169790.6,True,False,True,False,1,-0.11287625922093858
2021-07-02,35.56666564941406,36.33333206176758,35.33333206176758,36.03333282470703,19776543,35.65237862150794,33.573269684280376,54.3760352681353,1.6982023170677014,39.86666488647461,45589415.0,True,False,True,False,1,-0.09615381855200278
2021-07-05,36.33333206176758,36.66666412353516,36.16666412353516,36.29999923706055,14358411,35.714056775370096,33.68020025497764,55.54950552589577,1.6221401014791608,39.86666488647461,45828117.6,True,False,True,False,1,-0.08946486142170651
2021-07-06,36.400001525878906,36.46666717529297,35.633331298828125,35.76666641235352,12501610,35.71906721698757,33.76202245722768,52.63370579590467,1.5657969425495668,39.86666488647461,45093783.6,True,False,True,False,1,-0.10284277568229883
2021-07-07,35.76666641235352,35.900001525878906,35.36666488647461,35.46666717529297,10529626,35.69502911777856,33.828871269700834,51.01169489966755,1.4920497780391904,39.86666488647461,44915365.8,True,False,True,False,1,-0.11036784049308346
2021-07-08,35.43333435058594,36.09999847412109,35.06666564941406,35.5,10182108,35.67645491608536,33.89440572971257,51.19167330075708,1.459284281372607,39.86666488647461,44461437.75,True,False,True,False,1,-0.1095317328125952
2021-07-09,35.46666717529297,35.46666717529297,34.733333587646484,35.099998474121094,9882114,35.62155430256496,33.94168387655212,48.871309077910354,1.409811576442672,39.86666488647461,44227214.35,True,False,False,False,0,-0.11956521635123485
2021-07-12,35.83333206176758,36.93333435058594,35.79999923706055,36.36666488647461,36155979,35.69251721531826,34.036781171058884,55.716479493924574,1.4400633121585416,39.86666488647461,33451965.4,True,False,True,True,2,-0.08779264606073
2021-07-13,36.79999923706055,37.0,36.06666564941406,36.29999923706055,13248637,35.75037264596039,34.12553482070601,55.29687059676059,1.403868386331927,39.86666488647461,27221711.15,True,False,True,False,1,-0.08946486142170651
2021-07-14,36.43333435058594,36.73333358764648,35.66666412353516,35.96666717529297,9491731,35.77097212494445,34.19773608951334,53.141821756178345,1.3797827490304546,39.86666488647461,24900728.6,True,False,True,False,1,-0.09782603391297917
2021-07-15,36.09999847412109,36.133331298828125,35.43333435058594,35.5,8591850,35.74516525590212,34.2488052624736,50.19257642144719,1.3312266204027212,39.86666488647461,23583323.65,True,False,True,False,1,-0.1095317328125952
2021-07-16,35.70000076293945,35.70000076293945,35.16666412353516,35.26666641235352,9824101,35.699593937468926,34.28872138599831,48.73617663658631,1.2742344789028333,39.86666488647461,22353341.8,True,False,False,False,0,-0.11538458226240311
2021-07-19,35.0,35.400001525878906,34.599998474121094,34.93333435058594,8504266,35.626616833956255,34.31400032578606,46.65355501343229,1.2403608055353317,39.86666488647461,21015386.65,True,False,False,False,0,-0.123745754753676
2021-07-20,35.0,35.20000076293945,33.70000076293945,34.099998474121094,12231967,35.48122460921005,34.30560809630901,41.83987745949105,1.2589064622828081,39.86666488647461,19831544.5,True,False,False,False,0,-0.14464882951144342
2021-07-22,34.46666717529297,34.900001525878906,34.0,34.133331298828125,8189166,35.35285381774511,34.29885214346662,42.09722991494856,1.2332703953968152,39.20000076293945,16820139.1,True,False,False,False,0,-0.1292517695280626
2021-07-23,34.29999923706055,34.400001525878906,33.46666717529297,33.53333282470703,8649775,35.179566104122436,34.26883177802506,38.77156107140099,1.2118463921960383,37.79999923706055,15899555.35,True,False,False,False,0,-0.11287477509180255
2021-07-26,33.46666717529297,33.70000076293945,33.099998474121094,33.233333587646484,6952482,34.99421062636282,34.22822400585335,37.18957943723133,1.1681432419547757,37.23333358764648,15074818.35,True,False,False,False,0,-0.1074306169922733
2021-07-27,33.33333206176758,33.733333587646484,32.733333587646484,32.79999923706055,7809727,34.785238113095936,34.17221519139088,34.96999644571511,1.1561330103865775,37.23333358764648,14680974.45,True,False,False,False,0,-0.11906896115412158
2021-07-28,32.83333206176758,32.93333435058594,32.03333282470703,32.33333206176758,9889897,34.551723251064665,34.100102127484085,32.70614317422299,1.1378379043503153,37.23333358764648,14313842.7,True,False,False,False,0,-0.13160254679706285
2021-07-29,32.46666717529297,34.79999923706055,32.233333587646484,34.43333435058594,23350741,34.540448117685735,34.11317005780181,48.77632012584189,1.2398970289977258,37.0,13334002.65,True,False,False,True,1,-0.0693693418760557
2021-07-30,34.43333435058594,35.16666412353516,34.16666412353516,34.29999923706055,14078748,34.51754822429286,34.12049669228254,47.992656872993585,1.2227615269264598,37.0,12974450.1,True,False,False,True,1,-0.07297299359295817
2021-08-02,34.400001525878906,34.5,33.66666412353516,33.76666641235352,6497449,34.446035670774826,34.106620995030426,44.88615702506629,1.1949454090363438,37.0,12709973.95,True,False,False,False,0,-0.08738739426071562
2021-08-03,33.76666641235352,33.900001525878906,33.0,33.133331298828125,6498580,34.3210162067799,34.068452771649945,41.45461467686361,1.1738779888108126,37.0,12046019.25,True,False,False,False,0,-0.1045045594911318
2021-08-04,33.29999923706055,33.633331298828125,32.33333206176758,32.5,8459370,34.14758609184848,34.00694481982053,38.30126505863138,1.1828866494000794,37.0,11653027.7,True,False,False,False,0,-0.1216216216216216
2021-08-05,32.633331298828125,32.633331298828125,31.466665267944336,31.966665267944336,9158170,33.939879346714754,33.92693385700186,35.8295724077133,1.1817280337917728,37.0,11450915.7,True,False,False,False,0,-0.13603607383934224
2021-08-06,32.06666564941406,33.16666412353516,32.0,32.46666717529297,7335496,33.79957342562697,33.86966849693485,39.75476124453009,1.1830330924917054,37.0,11382342.9,False,False,False,False,0,-0.12252250877586568
2021-08-09,32.599998474121094,32.633331298828125,31.833332061767575,31.899999618530277,5514027,33.618661634474904,33.79242658013467,36.99299754665966,1.15567353138948,37.0,11240012.3,False,False,False,False,0,-0.1378378481478304
2021-08-10,32.099998474121094,32.53333282470703,30.76666641235352,31.0,9977137,33.36926528833443,33.68291965542351,33.064245308489916,1.199315880029768,37.0,11021607.95,False,False,False,False,0,-0.16216216216216217
2021-08-11,31.066665649414062,31.066665649414062,29.0,30.066665649414062,15430156,33.05473198938964,33.541105772834904,29.558379084415677,1.2612694349857891,37.0,9712665.85,False,False,False,True,1,-0.187387414880701
2021-08-12,30.13333320617676,31.53333282470703,30.100000381469727,31.26666641235352,7785376,32.884440029671914,33.45191207242387,38.57621368507845,1.2759407021505875,36.73333358764648,9821741.8,False,False,False,False,0,-0.14882033949489992
2021-08-13,31.399999618530277,31.53333282470703,30.833332061767575,30.899999618530277,5606979,32.69544570480128,33.351837074231966,37.01685099929454,1.2348021350640783,36.133331298828125,9736424.05,False,False,False,False,0,-0.14483391074621388
2021-08-16,31.0,31.0,29.66666603088379,29.86666679382324,7597515,32.426038189470034,33.215163729902216,32.9718039655595,1.2418401232106593,35.70000076293945,9587180.5,False,False,False,False,0,-0.16339870712753202
2021-08-17,29.86666679382324,30.299999237060547,29.600000381469727,29.833332061767575,6570208,32.179113796355516,33.082542880171445,32.8471050630677,1.203137175523528,35.400001525878906,9475851.2,False,False,False,False,0,-0.15725054305553798
2021-08-18,30.0,30.066665649414062,29.0,29.066665649414062,6818211,31.882690163313473,32.92505749857312,30.033755395120778,1.193389209372852,35.20000076293945,9379148.3,False,False,False,False,0,-0.17424247103945834
2021-08-20,28.66666603088379,29.433332443237305,28.399999618530277,28.566665649414062,8336319,31.566878304846863,32.754140171155115,28.329577373490622,1.1819566104681503,35.16666412353516,9108460.5,False,False,False,False,0,-0.18767769530076284
2021-08-23,29.0,29.0,27.066665649414062,27.26666641235352,10832049,31.157334315085592,32.53894512179035,24.445699494915985,1.2356264490479922,35.16666412353516,9115818.15,False,False,False,True,1,-0.22464450092366306
2021-08-24,27.433332443237305,29.933332443237305,27.03333282470703,29.433332443237305,21748377,30.99314366062385,32.41715638929807,39.36593603029848,1.3545102468681551,35.16666412353516,9224931.85,False,False,False,True,1,-0.16303314013969405
2021-08-25,30.0,30.600000381469727,29.63333320617676,30.066665649414062,11801254,30.90490765955625,32.32498028185164,42.91461275818157,1.34109293910846,35.16666412353516,9964726.6,False,False,False,True,1,-0.14502366378015208
2021-08-26,30.0,30.0,29.200000762939453,29.399999618530277,5356647,30.761583084220444,32.21027515779982,40.24457238018625,1.307205221063185,35.16666412353516,10164302.95,False,False,False,False,0,-0.16398099304351044
2021-08-27,29.399999618530277,29.933332443237305,29.03333282470703,29.433332443237305,7501686,30.63508302317443,32.10137544350325,40.44409215928702,1.2781191065965487,35.16666412353516,9937640.45,False,False,False,False,0,-0.16303314013969405
2021-08-30,29.66666603088379,30.333332061767575,29.333332061767575,29.63333320617676,6869058,30.539678278698464,32.00458947341202,41.70187992012582,1.2582534561253667,35.16666412353516,9145187.7,False,False,False,False,0,-0.15734591424198352
2021-08-31,29.799999237060547,29.833332061767575,29.399999618530277,29.566665649414062,4614759,30.447010409242807,31.90898461756896,41.388099693658575,1.1993305266333618,34.5,8784703.2,False,False,False,False,0,-0.14299519856770837
2021-09-01,29.600000381469727,31.13333320617676,29.399999618530277,30.466665267944336,6965599,30.448882300547716,31.852423074446428,47.16750951430611,1.2374736024200135,33.900001525878906,8690568.7,False,False,False,False,0,-0.1012783511326274
2021-09-02,30.66666603088379,30.66666603088379,29.76666641235352,29.933332443237305,5915247,30.399782314137198,31.777164618320583,44.375108488095314,1.2133683178564605,33.633331298828125,8713919.65,False,False,False,False,0,-0.11000988343131324
2021-09-03,29.799999237060547,30.399999618530277,29.799999237060547,29.933332443237305,4738356,30.355358516908634,31.704857474199674,44.375108488095314,1.1695563224002654,33.16666412353516,8586713.5,False,False,False,False,0,-0.09748739482073743
2021-09-06,30.0,30.233333587646484,29.566665649414062,29.63333320617676,4337182,30.28659420160084,31.623621228394853,42.72501602462624,1.1336357235311338,33.16666412353516,8365722.8,False,False,False,False,0,-0.10653259864175302
2021-09-07,29.66666603088379,29.76666641235352,29.26666641235352,29.36666679382324,3171130,30.19898206752678,31.53511321135283,41.2564497289624,1.0883760289931959,32.633331298828125,8215807.1,False,False,False,False,0,-0.10010208504585594
2021-09-08,29.36666679382324,29.600000381469727,29.16666603088379,29.233333587646484,3527554,30.10701554563342,31.444847343756503,40.506739735922636,1.0415873376783917,32.53333282470703,8098662.25,False,False,False,False,0,-0.10143440436432638
2021-09-09,29.200000762939453,29.799999237060547,29.066665649414062,29.233333587646484,5158540,30.023807740110854,31.35812131410513,40.506739735922636,1.0195692126761127,31.53333282470703,7776183.1,False,False,False,False,0,-0.0729386661995477
2021-09-13,29.233333587646484,29.233333587646484,28.700000762939453,28.799999237060547,4841649,29.90725454934416,31.257802801279855,37.9101064922526,0.9848380421068926,31.53333282470703,7262602.3,False,False,False,False,0,-0.0866807705624082
2021-09-14,28.933332443237305,30.333332061767575,28.86666679382324,30.16666603088379,14917378,29.931960404728887,31.215013124009424,49.0115476656846,1.0240162408640452,31.53333282470703,7115415.95,False,False,False,True,1,-0.0433403852812041
2021-09-15,30.26666641235352,30.76666641235352,29.86666679382324,30.0,8282127,29.93844036618328,31.16736555051886,47.88708261807478,1.0151579106973476,31.13333320617676,7580935.9,False,False,False,True,1,-0.036402565657567054
2021-09-16,30.16666603088379,30.466665267944336,29.700000762939453,29.833332061767575,7070455,29.928430051477022,31.1150505117443,46.73241905904494,0.9974083817193145,31.13333320617676,7615166.5,False,False,False,False,0,-0.041755925579830655
2021-09-17,30.0,30.13333320617676,28.966665267944336,29.36666679382324,9195508,29.87492878884333,31.046486444374846,43.564949875038714,1.0094983500416794,31.13333320617676,7640178.85,False,False,False,True,1,-0.056745174076093474
2021-09-20,29.066665649414062,29.566665649414062,28.53333282470703,28.76666641235352,6116923,29.769379991082396,30.957081737236756,39.82724401486783,1.011200812517776,31.13333320617676,7759043.7,False,False,False,False,0,-0.07601713501571694
2021-09-21,28.799999237060547,29.5,28.13333320617676,28.733333587646484,9295809,29.67070890504088,30.869875927448902,39.623853876638854,1.0365912397538806,31.13333320617676,7648073.9,False,False,False,True,1,-0.07708778249461978
2021-09-22,28.63333320617676,29.899999618530277,28.566665649414062,29.333332061767575,8781708,29.63857777711009,30.809619305265322,45.06239104711642,1.0577871489940474,31.13333320617676,7571261.9,False,False,False,True,1,-0.05781588281887118
2021-09-23,29.53333282470703,31.733333587646484,29.466665267944336,31.333332061767575,39558537,29.79998294707747,30.830157060422273,58.48615263735987,1.1536596044858234,31.13333320617676,6922928.45,False,True,True,True,2,0.006423946137291026
2021-09-24,31.733333587646484,31.933332443237305,30.66666603088379,30.899999618530277,17331145,29.904746439596785,30.832895984269648,55.33149128514535,1.1617315193335158,31.733333587646484,8310792.6,False,False,True,True,2,-0.026260524026401555
2021-09-27,32.0,32.5,31.36666679382324,31.66666603088379,19486056,30.072548305433642,30.865592848842752,59.49429386151628,1.1930364380575307,31.933332443237305,8909517.5,False,False,True,True,2,-0.008350722957822354
2021-09-28,31.933332443237305,31.933332443237305,30.76666641235352,31.26666641235352,10825330,30.18627383942601,30.88132122388239,56.534018949572356,1.1911528375451204,32.5,9508736.0,False,False,True,True,2,-0.03794872577373787
2021-09-29,31.53333282470703,34.0,31.466665267944336,32.099998474121094,42598006,30.36853332844459,30.929112488597635,60.899049092341215,1.3013086054095033,32.5,9706549.6,False,False,True,True,2,-0.012307739257812478
2021-09-30,32.29999923706055,32.93333435058594,31.733333587646484,32.46666717529297,13533160,30.56835559957301,30.989408750820985,62.6751836823448,1.294072330947357,34.0,11605711.95,False,False,True,True,2,-0.04509802425608911
2021-10-01,32.66666412353516,32.86666488647461,32.06666564941406,32.133331298828125,12205570,30.717400904263975,31.034268458585974,60.0066020659252,1.2587813956697276,34.0,11934090.0,False,False,True,True,2,-0.05490202062270222
2021-10-04,32.29999923706055,32.29999923706055,31.76666641235352,31.833332061767575,7771497,30.82368006212146,31.065604286161722,57.62842387918162,1.2069636406009634,34.0,12248606.15,False,False,True,False,1,-0.06372552759507133
2021-10-05,31.833332061767575,32.400001525878906,31.66666603088379,31.933332443237305,7803577,30.929361241275352,31.09963284134116,58.22278586120675,1.1731330587719744,34.0,12400263.2,False,False,True,False,1,-0.060784339904785156
2021-10-06,32.06666564941406,32.233333587646484,31.03333282470703,31.26666641235352,6771229,30.961485543282798,31.10618317745929,52.89571750964371,1.1750521804982228,34.0,12573582.95,False,False,True,False,1,-0.08039216434254359
2021-10-07,31.53333282470703,31.66666603088379,31.26666641235352,31.433332443237305,5687809,31.006423343278463,31.119012560430978,54.02814592009216,1.1196912832147976,34.0,12753587.9,False,False,True,False,1,-0.07549022225772628
2021-10-08,31.5,31.76666641235352,31.0,31.299999237060547,5760298,31.03438295221009,31.126110077161552,52.93181153846358,1.0944752210104205,34.0,12861600.65,False,False,True,False,1,-0.07941178714527808
2021-10-11,31.333332061767575,32.599998474121094,31.200000762939453,32.400001525878906,14744562,31.164441863988074,31.176066604562234,60.12138304647694,1.1162982560226506,34.0,12891688.55,False,False,True,True,2,-0.04705877865062036
2021-10-12,32.53333282470703,32.79999923706055,32.03333282470703,32.26666641235352,9680445,31.26941563049907,31.21883522447562,58.946036960140866,1.0913245529034268,34.0,13386834.2,True,False,True,False,1,-0.05098039963666112
2021-10-13,32.53333282470703,33.20000076293945,32.20000076293945,32.66666412353516,21518157,31.402486915550124,31.27561282836031,61.38492223348029,1.084801370553182,34.0,13124987.55,True,False,True,True,2,-0.03921576107249525
2021-10-14,32.93333435058594,32.93333435058594,32.099998474121094,32.29999923706055,9370156,31.487964279503498,31.31578484438777,57.98441233525634,1.0668395495468723,34.0,13786789.05,True,False,True,False,1,-0.05000002243939572
2021-10-18,32.79999923706055,33.66666412353516,32.56666564941406,32.900001525878906,19586701,31.622444017253535,31.37791098875997,61.72128227825141,1.0882556450417111,34.0,13901774.1,True,False,True,True,2,-0.032352896297679234
2021-10-19,33.099998474121094,33.16666412353516,31.333332061767575,31.53333282470703,10637968,31.61395723701101,31.384005962718682,50.6672673335288,1.1414753890935596,34.0,14421333.75,True,False,True,False,1,-0.07254903456744022
2021-10-20,31.53333282470703,31.566665649414062,30.5,30.76666641235352,13311729,31.533262872757916,31.359796568586717,45.720474649702275,1.13613183625931,34.0,14647386.0,True,False,False,False,0,-0.09509804669548472
2021-10-21,31.100000381469727,32.0,30.799999237060547,31.600000381469727,7367851,31.539618825968567,31.36921632595468,51.287624003834466,1.1430748185012507,34.0,14848182.0,True,False,True,False,1,-0.07058822407441978
2021-10-22,31.66666603088379,32.16666412353516,30.86666679382324,31.13333320617676,5971287,31.500924957416967,31.35996600753202,48.30005912015033,1.1542835693020133,34.0,14777489.15,True,False,False,False,0,-0.08431372923009528
2021-10-25,31.16666603088379,31.399999618530277,30.13333320617676,30.399999618530277,6001681,31.39607492514204,31.322320266786853,43.96594643827924,1.1623109152342637,34.0,13098126.65,True,False,False,False,0,-0.10588236416087415
2021-10-26,30.53333282470703,31.600000381469727,30.466665267944336,31.36666679382324,6267304,31.393274150730726,31.324059346278478,50.29724865471492,1.1650030472132056,34.0,12531653.45,True,False,True,False,1,-0.07745097665225764
2021-10-27,31.466665267944336,31.53333282470703,31.0,31.13333320617676,4261305,31.368517870297016,31.3165798898039,48.86209610321258,1.1198837456056219,34.0,11870715.85,True,False,False,False,0,-0.08431372923009528
2021-10-28,30.76666641235352,31.066665649414062,30.0,30.299999237060547,4596423,31.266754190941164,31.276713981853185,44.03006546231462,1.1208444213607034,34.0,11542514.6,False,False,False,False,0,-0.10882355185116044
2021-10-29,30.0,30.26666641235352,29.200000762939453,29.76666641235352,5186920,31.12388868821853,31.2174964301081,41.22052666190908,1.1193554251293028,33.66666412353516,9642435.45,False,False,False,False,0,-0.11584152492421418
2021-11-01,30.0,30.333332061767575,29.733333587646484,30.066665649414062,3607777,31.02320077976096,31.17236581125735,43.40802180790312,1.0822585000572875,33.66666412353516,9225123.45,False,False,False,False,0,-0.10693065582355898
2021-11-02,30.13333320617676,31.100000381469727,30.03333282470703,30.733333587646484,5008627,30.99559438051196,31.155148861311826,48.03606634396359,1.081144861250531,33.66666412353516,8795233.8,False,False,False,False,0,-0.08712863636044332
2021-11-03,30.899999618530277,31.53333282470703,30.53333282470703,30.833332061767575,6002406,30.980140826345828,31.14252859466303,48.71357302976132,1.0753487997326359,33.66666412353516,8657090.3,False,False,False,False,0,-0.08415838442950774
2021-11-04,31.0,31.100000381469727,30.799999237060547,30.966665267944336,1287225,30.9788574398314,31.135631993615238,49.65608778904195,1.019966824352389,33.66666412353516,8567031.75,False,False,False,False,0,-0.0801979918676693
2021-11-08,31.066665649414062,31.600000381469727,30.566665649414062,31.066665649414062,5504625,30.987220126458322,31.13292743109755,50.39243332540139,1.0209216749026229,33.66666412353516,8292831.55,False,False,True,False,1,-0.0772276832828096
2021-11-09,31.13333320617676,31.799999237060547,31.0,31.63333320617676,7363893,31.048754705479126,31.152551186983008,54.457459323484244,1.005141500771046,33.66666412353516,8283672.35,False,False,True,False,1,-0.06039597240455352
2021-11-10,31.36666679382324,32.86666488647461,31.299999237060547,31.933332443237305,15794035,31.13300020431324,31.183170059777297,56.490186570475664,1.0452503685312615,33.66666412353516,8363852.1,False,False,True,True,2,-0.05148510330389844
2021-11-11,32.0,32.03333282470703,31.13333320617676,31.26666641235352,4613304,31.1457303193647,31.18644442654499,51.03848030659918,1.0348753149597623,33.66666412353516,8416325.75,False,False,True,False,1,-0.07128706611308988
2021-11-12,31.466665267944336,32.16666412353516,30.566665649414062,31.53333282470703,17817475,31.182644843683015,31.200047893139583,52.992682871485734,1.0752412548998578,33.66666412353516,8162968.7,False,False,True,True,2,-0.06336628098941344
2021-11-15,31.66666603088379,31.799999237060547,30.799999237060547,31.03333282470703,4921194,31.168424651399587,31.1935100473187,49.04034068511997,1.069866879549868,33.66666412353516,7977934.6,False,False,False,False,0,-0.07821776725978813
2021-11-16,30.86666679382324,31.066665649414062,30.433332443237305,30.53333282470703,3750988,31.107939715524104,31.167620744471186,45.394275698855175,1.0386859028803601,33.66666412353516,7755486.5,False,False,False,False,0,-0.09306925353016282
2021-11-17,30.53333282470703,30.733333587646484,29.966665267944336,30.066665649414062,4063740,31.008770756846957,31.1244460348611,42.237856135275024,1.019256075510488,33.16666412353516,6963700.85,False,False,False,False,0,-0.09346729784384111
2021-11-18,30.16666603088379,30.333332061767575,29.0,29.16666603088379,6234550,30.83333221151713,31.04767034843062,36.90780251468892,1.0416900745288515,32.86666488647461,6634989.45,False,False,False,False,0,-0.11257603618654521
2021-11-22,29.26666641235352,29.26666641235352,28.100000381469727,28.233333587646484,6361105,30.585713294958023,30.93730420094889,32.34882967233706,1.0506169285542044,32.86666488647461,6281130.5,False,False,False,True,1,-0.14097357656556286
2021-11-23,27.733333587646484,29.0,27.733333587646484,28.799999237060547,4457779,30.41564528944398,30.853488320012094,37.404374961867525,1.0660490345398697,32.86666488647461,6230793.2,False,False,False,False,0,-0.1237322272722472
2021-11-24,29.13333320617676,29.433332443237305,28.66666603088379,28.76666641235352,3531336,30.25859968210203,30.771652166770583,37.22813924247767,1.0446645615265586,32.86666488647461,6155117.8,False,False,False,False,0,-0.12474641063469549
2021-11-25,29.299999237060547,29.299999237060547,28.600000381469727,28.833332061767575,3388491,30.122859908736846,30.695639613633208,37.85875693242773,1.0200455825311487,32.86666488647461,6031600.55,False,False,False,False,0,-0.12271804390979879
2021-11-26,28.466665267944336,28.76666641235352,27.76666641235352,27.933332443237305,5544048,29.914333483451173,30.587313842245138,33.0338859350381,1.0233755873084993,32.86666488647461,5887659.9,False,False,False,False,0,-0.15010140092636792
2021-11-29,27.53333282470703,27.833332061767575,26.100000381469727,26.600000381469727,8302224,29.59868271183389,30.43094860848924,27.45207402762317,1.0812296211984336,32.86666488647461,5951797.05,False,False,False,True,1,-0.19066931575353607
2021-11-30,26.733333587646484,27.600000381469727,26.53333282470703,26.86666679382324,4822627,29.3384907196424,30.291172851051357,29.999668561049177,1.0801894737387379,32.86666488647461,6137087.1,False,False,False,False,0,-0.18255573278810255
2021-12-01,28.36666679382324,28.53333282470703,27.733333587646484,28.066665649414062,10713639,29.217364522477798,30.20393727451656,40.17973949714214,1.122080656391956,32.86666488647461,6118872.45,False,False,False,True,1,-0.14604460944365116
2021-12-02,27.86666679382324,28.433332443237305,27.733333587646484,28.233333587646484,5144406,29.1236472905891,30.12665869856087,41.45326975472399,1.0919319563347323,32.86666488647461,6474165.55,False,False,False,False,0,-0.14097357656556286
2021-12-03,28.233333587646484,28.899999618530277,28.200000762939453,28.333332061767575,5341021,29.04837917355848,30.056332163784663,42.24770085888748,1.0639367348530246,32.86666488647461,6480954.5,False,False,False,False,0,-0.13793102647821764
2021-12-06,28.333332061767575,29.13333320617676,28.233333587646484,28.566665649414062,7098490,29.002501695068535,29.997913869103463,44.15197717347508,1.0522269408299711,32.86666488647461,6447885.25,False,False,False,True,1,-0.1308316268752323
2021-12-07,28.799999237060547,29.0,28.66666603088379,28.733333587646484,3137250,28.976866637218816,29.948322485516915,45.53347387380304,1.0080203272411117,32.86666488647461,6738448.5,False,False,False,False,0,-0.12576059399714412
2021-12-08,29.066665649414062,29.16666603088379,28.86666679382324,28.966665267944336,3397786,28.975895078240292,29.90982612404348,47.491758664937734,0.9669711926694112,32.86666488647461,6620079.75,False,False,False,False,0,-0.11866125242708192
2021-12-09,29.16666603088379,30.13333320617676,28.933332443237305,29.733333587646484,8247907,29.04803207913612,29.902904848106342,53.41804193847213,0.9836161619744145,32.86666488647461,6421774.4,False,False,True,True,2,-0.09533462886030653
2021-12-10,29.733333587646484,31.600000381469727,29.566665649414062,31.13333320617676,21062455,29.246632186473324,29.951156940579693,61.879075880373186,1.058596059837361,32.16666412353516,6044468.0,False,False,True,True,2,-0.03212427976335763
2021-12-13,31.53333282470703,31.600000381469727,30.53333282470703,30.76666641235352,7198788,29.39139735084287,29.983137704178667,58.863434840216804,1.0591725953320277,32.16666412353516,6866925.55,False,False,True,True,2,-0.04352324834819654
2021-12-14,30.5,30.63333320617676,30.200000762939453,30.36666679382324,4756719,29.484280154936236,29.998178060635315,55.67575552391479,1.023993527766459,31.799999237060547,6335991.2,False,False,True,False,1,-0.04507334835300458
2021-12-15,30.36666679382324,31.066665649414062,29.966665267944336,30.100000381469727,5002056,29.542920176510854,30.0021710928249,53.59211246244828,1.0294225887452637,31.600000381469727,6327767.45,False,False,True,False,1,-0.04746835385735004
2021-12-16,30.333332061767575,30.466665267944336,29.200000762939453,29.36666679382324,4192110,29.526134140064414,29.977249355609146,48.24490978537006,1.046368439906665,31.600000381469727,6390320.85,False,False,False,False,0,-0.07067511267993898
2021-12-17,29.333332061767575,29.36666679382324,28.200000762939453,28.466665267944336,6501220,29.425232342719642,29.918010763936017,42.62400331533431,1.0549611249764594,31.600000381469727,6396739.35,False,False,False,True,1,-0.09915617328165549
2021-12-20,28.13333320617676,28.200000762939453,27.0,27.333332061767575,6223728,29.22600374453373,29.816650814831373,36.80832974036553,1.0843685637598792,31.600000381469727,6410072.85,False,False,False,False,0,-0.13502114772771112
2021-12-21,27.799999237060547,28.13333320617676,27.466665267944336,27.63333320617676,4604025,29.07432083611878,29.731030516452762,39.17416157030846,1.0640566052348297,31.600000381469727,6403204.0,False,False,False,False,0,-0.12552744074076094
2021-12-22,27.833332061767575,28.200000762939453,27.66666603088379,27.86666679382324,4109395,28.959306165423968,29.657918213604546,41.02360597846536,1.0285288160582484,31.600000381469727,6410516.3,False,False,False,False,0,-0.11814346653728902
2021-12-23,28.13333320617676,28.86666679382324,27.86666679382324,28.399999618530277,5261539,28.906038875243617,29.60858807262124,45.13029257263881,1.0264910434826593,31.600000381469727,6439419.25,False,False,False,False,0,-0.10126584570599984
2021-12-24,28.600000381469727,28.63333320617676,27.899999618530277,28.0,3499632,28.81974945855375,29.545506187420408,42.72723549392697,1.005551225208647,31.600000381469727,6533071.65,False,False,False,False,0,-0.11392406132946664
2021-12-27,27.833332061767575,28.299999237060547,27.5,27.966665267944336,3185482,28.73850334516238,29.483590857244877,42.524022091446646,0.9908689403409255,31.600000381469727,6430850.85,False,False,False,False,0,-0.11497895790077217
2021-12-28,28.26666641235352,29.466665267944336,28.13333320617676,29.0,6662694,28.763407788480247,29.46462650990194,50.39927202048538,1.027235444602288,31.600000381469727,6175013.75,False,False,True,True,2,-0.08227849209123328
2021-12-29,29.233333587646484,30.13333320617676,29.03333282470703,29.833332061767575,12932701,28.865305338317135,29.479085551151574,55.673980444606684,1.0348138561433218,31.600000381469727,6267017.1,False,False,True,True,2,-0.05590722463212783
2021-12-30,29.86666679382324,31.13333320617676,29.233333587646484,30.700000762939453,16690978,29.040038235900212,29.526964579064824,60.39154657664654,1.0966128391709615,31.600000381469727,6377970.2,False,False,True,True,2,-0.028481000242583376
2021-12-31,30.86666679382324,31.36666679382324,30.53333282470703,30.66666603088379,15288904,29.19495516875579,29.571658753645963,60.12648084291843,1.077807205595622,31.600000381469727,6955298.8,False,False,True,True,2,-0.029535896813888796
2022-01-03,31.0,31.53333282470703,30.76666641235352,31.13333320617676,17123448,29.37956260089112,29.632900889039327,62.60122219421284,1.0627257476118805,31.600000381469727,7452692.95,False,False,True,True,2,-0.014767948406944287
2022-01-04,31.16666603088379,31.299999237060547,30.466665267944336,30.63333320617676,8516305,29.49896932520404,29.67213352892707,58.41774442410451,1.0463406205764756,31.600000381469727,7953940.85,False,False,True,True,2,-0.030590733026060968
2022-01-05,30.566665649414062,31.333332061767575,30.100000381469727,31.066665649414062,10873755,29.648273737033566,29.726821063063817,60.85904871523855,1.059697124842288,31.600000381469727,8222893.6,False,False,True,True,2,-0.0168776811904221
2022-01-06,30.966665267944336,33.633331298828125,30.433332443237305,33.46666717529297,74537311,30.011930254963033,29.87348169491594,71.01052522083374,1.2125758198957546,31.600000381469727,8596692.05,True,True,True,True,2,0.059071733268644344
2022-01-07,33.66666412353516,34.26666641235352,33.133331298828125,33.5,38895880,30.344127373537983,30.015698099036886,71.12254688204074,1.206915769440729,33.633331298828125,11911162.25,True,False,True,True,2,-0.003964260859071422
2022-01-10,33.733333587646484,34.400001525878906,33.46666717529297,33.86666488647461,22461897,30.679607136674804,30.1667164044266,72.38659473502398,1.1873742395225297,34.26666641235352,12802833.5,True,False,True,True,2,-0.011673196367146699
2022-01-11,34.0,34.93333435058594,33.86666488647461,34.43333435058594,42528721,31.037104966571103,30.33403475525638,74.26171611906446,1.1787524698503011,34.400001525878906,13565988.95,True,True,True,True,2,0.0009689774194328038
2022-01-12,35.0,35.0,34.0,34.5,16944811,31.36690449356433,30.497405941324757,74.48126215349274,1.1659844362895653,34.93333435058594,15454589.05,True,False,True,True,2,-0.012404608911278148
2022-01-13,34.46666717529297,34.66666412353516,34.0,34.46666717529297,13770189,31.662119987062297,30.65306324461763,74.14073044403519,1.130318699664251,35.0,16051726.8,True,False,True,False,1,-0.015238080705915147
2022-01-14,34.16666412353516,35.733333587646484,34.0,35.56666564941406,30346149,32.03398147871484,30.845753535001805,77.75519364941718,1.173391191662982,35.0,16530630.75,True,True,True,True,2,0.01619044712611606
2022-01-17,35.66666412353516,35.79999923706055,35.0,35.06666564941406,14115913,32.322808542590955,31.011279500272877,72.7757926286254,1.1467203377628081,35.733333587646484,17722877.2,True,False,True,False,1,-0.018656751869993382
2022-01-18,35.26666641235352,35.26666641235352,32.93333435058594,33.20000076293945,16656196,32.406350658814624,31.097111706651962,57.874717128614044,1.2314783180488638,35.79999923706055,18117486.45,True,False,True,False,1,-0.07262565724944336
2022-01-19,32.83333206176758,33.79999923706055,32.633331298828125,33.633331298828125,14002119,32.523205957863524,31.196571298502008,59.92602440040561,1.2268490052048322,35.79999923706055,18720095.0,True,False,True,False,1,-0.06052145207839732
2022-01-20,33.733333587646484,33.86666488647461,32.96666717529297,33.29999923706055,8460894,32.597186270168,31.27905866864156,57.602374194346055,1.2035024842031756,35.79999923706055,19214731.2,True,False,True,False,1,-0.06983240372284627
2022-01-21,33.16666412353516,33.233333587646484,31.5,31.933332443237305,10822489,32.533962096174605,31.30471646372375,49.18199477222093,1.2461093951215592,35.79999923706055,19374698.95,True,False,False,False,0,-0.10800745464319528
2022-01-24,32.06666564941406,32.06666564941406,29.799999237060547,30.066665649414062,13896262,32.29898148219741,31.256165451397884,40.47832090933789,1.319006324923842,35.79999923706055,19740841.8,True,False,False,False,0,-0.16014898630811358
2022-01-25,29.799999237060547,31.0,29.433332443237305,30.799999237060547,8985771,32.15622126837485,31.2382765802474,44.62437149392214,1.3366964129123315,35.79999923706055,20276380.8,True,False,False,False,0,-0.13966480744569254
2022-01-27,30.26666641235352,31.0,30.066665649414062,30.5,10061298,31.998485909482007,31.2093245574926,43.29573019457524,1.307884837031875,35.79999923706055,20392534.65,True,False,False,False,0,-0.14804467458127568
2022-01-28,31.03333282470703,31.700000762939453,30.86666679382324,31.0,8319499,31.903392013340863,31.20111575131642,46.172306782636014,1.300178831739559,35.79999923706055,20248964.5,True,False,False,False,0,-0.1340781938367065
2022-01-31,31.5,31.66666603088379,30.86666679382324,31.100000381469727,8990940,31.82687852459123,31.19715044269498,46.75409209320837,1.2644517178339156,35.79999923706055,19830390.55,True,False,False,False,0,-0.13128488703221342
2022-02-01,31.433332443237305,32.16666412353516,30.733333587646484,31.26666641235352,12715371,31.7735249900924,31.199876559152177,47.76737096801942,1.276514490552113,35.79999923706055,19515492.35,True,False,False,False,0,-0.12662941120998883
2022-02-02,31.5,31.933332443237305,31.36666679382324,31.566665649414062,7208091,31.753824100503987,31.2142604450448,49.625645961030195,1.2329538862900897,35.79999923706055,19295088.5,True,False,False,False,0,-0.1182495440744058
2022-02-03,31.76666641235352,31.799999237060547,31.066665649414062,31.200000762939453,6019885,31.701079020735936,31.213701241824985,47.40574827789784,1.197266722101261,35.79999923706055,19229677.8,True,False,False,False,0,-0.12849158022772034
2022-02-04,31.399999618530277,31.399999618530277,30.53333282470703,30.700000762939453,6962818,31.605738234279126,31.193556125005948,44.48353794617251,1.1736524415099743,35.79999923706055,18986984.3,True,False,False,False,0,-0.14245806097228964
2022-02-07,30.566665649414062,30.76666641235352,30.200000762939453,30.299999237060547,3831751,31.48138213930593,31.158514678419856,42.24025858342283,1.1302962420745521,35.79999923706055,15608259.65,True,False,False,False,0,-0.15363128819026173
2022-02-08,30.299999237060547,30.466665267944336,29.566665649414062,29.966665267944336,4981473,31.337123389652444,31.11177548585219,40.4113580185318,1.1138464832499608,35.79999923706055,13855053.2,True,False,False,False,0,-0.16294229311260655
2022-02-09,30.0,30.566665649414062,29.966665267944336,30.466665267944336,3912255,31.254222616156436,31.086477045934235,44.306666471907256,1.0771431902656585,35.79999923706055,12981032.0,True,False,False,False,0,-0.14897581236803736
2022-02-10,30.600000381469727,30.733333587646484,30.13333320617676,30.63333320617676,4007958,31.19509029139647,31.06870669927708,45.5836190300684,1.0430615610659488,35.79999923706055,11050208.7,True,False,False,False,0,-0.1443202832679169
2022-02-11,30.13333320617676,30.53333282470703,29.733333587646484,29.86666679382324,4540263,31.068573767818066,31.02156787945536,40.93421706439168,1.0328428508848295,35.79999923706055,10403366.05,True,False,False,False,0,-0.16573554663920376
2022-02-14,29.466665267944336,29.66666603088379,27.899999618530277,28.200000762939453,8826886,30.79537633878201,30.910918188611603,33.04372449395649,1.0995445883425532,35.79999923706055,9941869.75,False,False,False,False,0,-0.2122904646951359
2022-02-15,28.100000381469727,28.966665267944336,27.433332443237305,28.833332061767575,11206332,30.60851497906635,30.829444222853013,37.93927486330451,1.1305294623685873,35.79999923706055,8865906.6,False,False,False,True,1,-0.19459964591510392
2022-02-16,29.0,29.16666603088379,28.16666603088379,28.53333282470703,7650540,30.41087858341308,30.739400638611997,36.575101218888655,1.1212059293422596,35.26666641235352,8720427.55,False,False,False,False,0,-0.1909262845803844
2022-02-17,28.5,28.733333587646484,27.833332061767575,28.0,5560066,30.1812710992785,30.631973162587997,34.219422027350745,1.105405614809163,33.86666488647461,8270144.75,False,False,False,False,0,-0.17322830299766512
2022-02-18,27.733333587646484,28.200000762939453,27.36666679382324,27.53333282470703,10955448,29.929086501700265,30.510457855220118,32.261443059177694,1.0859719258310954,33.86666488647461,7848042.1,False,False,False,True,1,-0.18700784629953127
2022-02-21,27.333332061767575,27.566665649414062,26.600000381469727,26.700000762939453,9386517,29.621554526580187,30.36102816532676,29.063446535022408,1.0774500216963268,33.233333587646484,7972769.8,False,False,False,True,1,-0.1965897524988467
2022-02-22,26.066665649414062,26.333332061767575,25.466665267944336,25.933332443237305,12268711,29.270295280547533,30.18739303897031,26.464311150798295,1.088584698360526,32.16666412353516,7900971.2,False,False,False,True,1,-0.1937823473506275
2022-02-23,26.066665649414062,26.63333320617676,26.03333282470703,26.200000762939453,7716535,28.977886278870574,30.031024714420084,28.84782966155248,1.060828702973307,32.16666412353516,7819593.65,False,False,False,False,0,-0.18549213986507607
2022-02-24,25.399999618530277,25.466665267944336,22.76666641235352,22.966665267944336,20229918,28.405389039734743,29.75399101063672,20.269157237936994,1.2302933920884946,32.16666412353516,7756131.85,False,False,False,True,1,-0.28601034972910133
2022-02-25,23.76666641235352,26.299999237060547,23.700000762939453,25.966665267944336,31776315,28.17312963289756,29.60546843249192,38.53338793167285,1.380510576161903,32.16666412353516,8264562.85,False,False,False,True,1,-0.19274609365086504
2022-02-28,25.53333282470703,26.100000381469727,25.066665649414062,25.899999618530277,12861418,27.956641060100676,29.460155929983625,38.32329886188964,1.355712301582886,32.16666412353516,9437403.65,False,False,False,True,1,-0.19481860105038984
2022-03-02,25.466665267944336,26.399999618530277,25.333332061767575,26.03333282470703,8843884,27.773468847206043,29.325770710168857,39.03917517003139,1.3350662483814444,32.16666412353516,9630927.55,False,False,False,False,0,-0.19067352695552287
2022-03-03,26.53333282470703,26.76666641235352,25.399999618530277,25.63333320617676,9380586,27.569646405203255,29.18096923942407,37.62814719167809,1.3373234301987158,31.933332443237305,9437353.2,False,False,False,False,0,-0.19728599413352887
2022-03-04,25.466665267944336,25.566665649414062,24.466665267944336,25.066665649414062,9658320,27.331267285604284,29.019624000600146,35.66166480603199,1.3251337522011237,31.799999237060547,9545977.95,False,False,False,True,1,-0.21174005500601656
2022-03-07,24.66666603088379,24.733333587646484,23.733333587646484,24.233333587646484,10531065,27.036225981036875,28.831926337347063,32.93570982048995,1.3257193457415848,31.399999618530277,9727899.7,False,False,False,True,1,-0.22823777445699345
2022-03-08,24.566665649414062,24.933332443237305,24.26666641235352,24.799999237060547,6989472,26.82325200542008,28.67381154910053,36.490773379218034,1.2810250250165303,30.76666641235352,9906312.05,False,False,False,False,0,-0.19393284587040016
2022-03-09,25.03333282470703,26.26666641235352,24.76666641235352,25.966665267944336,11395738,26.741672316136675,28.567648949839505,43.17016327013365,1.2966660946582067,30.733333587646484,10064198.1,False,False,False,True,1,-0.1550976663858603
2022-03-10,26.66666603088379,27.0,26.03333282470703,26.100000381469727,10996209,26.68056070331125,28.470878417746572,43.89639200313081,1.277856711615168,30.733333587646484,10384911.35,False,False,False,True,1,-0.15075921370401435
2022-03-11,26.13333320617676,26.433332443237305,25.899999618530277,26.36666679382324,5761153,26.650666045264774,28.388360314847617,45.39920334841384,1.2246764339788723,30.733333587646484,10739109.05,False,False,False,False,0,-0.14208243246279229
2022-03-14,26.5,26.53333282470703,25.76666641235352,25.933332443237305,5101834,26.582348559357396,28.29208471203937,43.366350102212884,1.1919614324342038,30.53333282470703,10826768.8,False,False,False,False,0,-0.1506550368372328
2022-03-15,25.86666679382324,26.36666679382324,24.933332443237305,25.13333320617676,7819686,26.444347097149716,28.168212103966326,39.82128507628134,1.2092023551593274,29.66666603088379,10854847.35,False,False,False,False,0,-0.15280897489416934
2022-03-16,25.53333282470703,25.86666679382324,25.333332061767575,25.733333587646484,6575278,26.376631524816077,28.072726671953784,43.548572626442045,1.1752117289084094,29.16666603088379,10804487.35,False,False,False,False,0,-0.11771425776267475
2022-03-17,26.26666641235352,26.26666641235352,25.566665649414062,25.899999618530277,12366997,26.331238009931717,27.98752168946659,44.575482106580374,1.1412680884820559,29.16666603088379,10572934.65,False,False,False,True,1,-0.1119999937220979
2022-03-21,26.66666603088379,26.66666603088379,25.700000762939453,25.933332443237305,13244056,26.293342241675106,27.906965248437988,44.791789128337165,1.1287964584436472,28.733333587646484,10808757.5,False,False,False,True,1,-0.09744783478979979
2022-03-22,25.899999618530277,26.03333282470703,25.233333587646484,25.833332061767575,8445826,26.249531748350577,27.82564629994111,44.23403921194941,1.1053109426305685,28.200000762939453,11192957.0,False,False,False,False,0,-0.08392441975683074
2022-03-23,25.833332061767575,26.26666641235352,25.700000762939453,25.966665267944336,17066190,26.222592083549983,27.75274508300006,45.21360847609703,1.0668362788293897,27.566665649414062,11067475.9,False,False,False,True,1,-0.05804112843454223
2022-03-24,25.799999237060547,26.066665649414062,25.36666679382324,25.53333282470703,6116550,26.156948344612562,27.66570930816504,42.594877412035096,1.0406336057409207,27.0,11451459.55,False,False,False,False,0,-0.05432100649233218
2022-03-25,25.66666603088379,25.899999618530277,25.433332443237305,25.5,6758128,26.09438183560184,27.580779531374258,42.39148443566974,0.9996360035660673,27.0,11143851.5,False,False,False,False,0,-0.05555555555555558
2022-03-28,25.5,25.566665649414062,24.466665267944336,24.600000381469727,10443445,25.952059792351164,27.463886231378,37.22319197389893,1.006804887702043,27.0,11095931.15,False,False,False,False,0,-0.08888887476038054
2022-03-29,24.86666679382324,24.966665267944336,24.26666641235352,24.333332061767575,9781198,25.797895246581298,27.3411194011972,35.82932642880793,0.9848901711226697,27.0,10606607.5,False,False,False,False,0,-0.09876547919379353
2022-03-30,24.466665267944336,24.86666679382324,24.333332061767575,24.466665267944336,8399037,25.671111439092062,27.22839570969709,37.097637573824635,0.9526362111893122,27.0,9506851.65,False,False,False,False,0,-0.09382721229835789
2022-03-31,24.66666603088379,24.66666603088379,24.16666603088379,24.200000762939453,10112193,25.531005660410862,27.10963512354973,35.58288419221341,0.9203050532472185,27.0,9283732.6,False,False,False,True,1,-0.1037036754466869
2022-04-01,24.26666641235352,25.53333282470703,24.26666641235352,25.433332443237305,9923410,25.521703449251476,27.043897763537476,46.469571630324914,0.9498069824272442,27.0,9347148.05,False,False,False,True,1,-0.05802472432454431
2022-04-04,25.700000762939453,26.26666641235352,25.566665649414062,26.13333320617676,10536489,25.57995390229198,27.00818934952333,51.48150311819186,0.9414874814764564,27.0,9374289.25,False,False,True,True,2,-0.03209877014160145
2022-04-05,26.13333320617676,26.933332443237305,25.86666679382324,26.63333320617676,12004405,25.680275740757196,26.99348910860778,54.74110477433079,0.9504287791862858,27.0,9418197.7,False,False,True,True,2,-0.013580251623082962
2022-04-06,26.63333320617676,27.566665649414062,26.433332443237305,27.333332061767575,15348940,25.837709676091517,27.006816283241495,58.90376738298416,0.9634933811141767,27.0,9491864.7,False,True,True,True,2,0.012345631917317634
2022-04-07,27.466665267944336,27.66666603088379,26.933332443237305,27.13333320617676,9278280,25.96110239324249,27.011777731199743,57.28268352044683,0.9470533958664844,27.566665649414062,9909838.1,False,False,True,False,1,-0.015719436247688234
2022-04-08,27.16666603088379,27.333332061767575,26.799999237060547,26.933332443237305,5496678,26.053695731337235,27.008701445397293,55.63380006400923,0.9175019264979518,27.66666603088379,9803965.2,False,False,True,False,1,-0.026506033897538583
2022-04-11,26.933332443237305,28.066665649414062,26.76666641235352,27.700000762939453,12863514,26.210486686727922,27.03581122255581,60.345907361646674,0.9448231629667083,27.66666603088379,9528988.65,False,True,True,True,2,0.0012048698610251929
2022-04-12,27.66666603088379,27.66666603088379,26.66666603088379,26.966665267944336,9393013,26.282503694462818,27.033099616492617,54.39477023279605,0.9511454179016338,28.066665649414062,9884106.7,False,False,True,False,1,-0.03919241406193508
2022-04-13,27.16666603088379,27.26666641235352,26.86666679382324,26.966665267944336,4258305,26.347661939556296,27.030494347922097,54.39477023279604,0.91177786080368,28.066665649414062,10098665.65,False,False,True,False,1,-0.03919241406193508
2022-04-18,26.700000762939453,26.799999237060547,26.13333320617676,26.399999618530277,7080838,26.35264648041096,27.005769064416537,49.97781545882918,0.9061745894439582,28.066665649414062,9920596.6,False,False,False,False,0,-0.05938240230251857
2022-04-19,26.66666603088379,26.899999618530277,25.399999618530277,26.0,7562556,26.319061101324202,26.96632714032177,47.072139894948364,0.9485906901979612,28.066665649414062,9945874.6,False,False,False,False,0,-0.07363417070018818
2022-04-20,26.100000381469727,26.26666641235352,25.86666679382324,26.100000381469727,4844938,26.298198175623774,26.932353541935417,47.88784956320002,0.9094056136502697,28.066665649414062,9705652.55,False,False,False,False,0,-0.07007121161132279
2022-04-21,26.466665267944336,26.63333320617676,26.200000762939453,26.5,4572100,26.317417396992937,26.915398501075206,51.13212229549275,0.8825432715828958,28.066665649414062,9285696.65,False,False,True,False,1,-0.055819443213653286
2022-04-22,26.399999618530277,26.899999618530277,26.200000762939453,26.299999237060547,4808983,26.315758524618424,26.891265196604046,49.473646854681206,0.8695043847263193,28.066665649414062,9092010.35,False,False,False,False,0,-0.06294536139138418
2022-04-25,26.16666603088379,26.16666603088379,25.36666679382324,25.466665267944336,5327989,26.234892500173274,26.835398532735038,43.187994222425864,0.8740635317628185,28.066665649414062,8479150.0,False,False,False,False,0,-0.09263659652153966
2022-04-26,25.733333587646484,25.933332443237305,25.600000381469727,25.86666679382324,4152127,26.19982338528279,26.797409052777713,46.689209542045056,0.8449637920149722,28.066665649414062,8439721.95,False,False,False,False,0,-0.0783847601660781
2022-04-27,25.566665649414062,25.933332443237305,25.36666679382324,25.53333282470703,3403800,26.136348093799388,26.74783743599063,44.242294189828456,0.8250853532577647,28.066665649414062,8309421.9,False,False,False,False,0,-0.09026126780969856
2022-04-28,25.799999237060547,25.833332061767575,25.200000762939453,25.566665649414062,4476252,26.08209262290555,26.70151697377194,44.555219234716894,0.8113886350842188,28.066665649414062,7957439.65,False,False,False,False,0,-0.08907363743267427
2022-04-29,25.733333587646484,26.0,25.200000762939453,25.26666641235352,4203508,26.004432983805355,26.645248324304553,42.2566218045211,0.8105751066539566,28.066665649414062,7692192.35,False,False,False,False,0,-0.09976244674147805
2022-05-02,25.066665649414062,25.200000762939453,24.600000381469727,24.833332061767575,3904563,25.8928995626589,26.574192784597223,39.11740026203731,0.8002958869560878,28.066665649414062,7482415.9,False,False,False,False,0,-0.11520191347396436
2022-05-04,24.966665267944336,25.066665649414062,23.63333320617676,24.200000762939453,5501538,25.731671105542766,26.481087215120446,35.02230140582279,0.8455127838333173,28.066665649414062,7172034.4,False,False,False,False,0,-0.13776716246859666
2022-05-05,24.53333282470703,24.76666641235352,24.0,24.03333282470703,4130011,25.56992460260603,26.385096846868944,34.01317092776853,0.8398809001561889,28.066665649414062,6950940.8,False,False,False,False,0,-0.14370545026930315
2022-05-06,23.466665267944336,23.600000381469727,23.233333587646484,23.433332443237305,6002448,25.366439635047104,26.26934138005986,30.595400192260456,0.8370322099350717,28.066665649414062,6630616.9,False,False,False,False,0,-0.16508313684470344
2022-05-09,23.333332061767575,23.36666679382324,22.433332443237305,23.03333282470703,6566626,25.144238986443288,26.142439083771517,28.536703608535177,0.8486727663682808,28.066665649414062,6330519.05,False,False,False,True,1,-0.17933490524237283
2022-05-10,23.16666603088379,23.433332443237305,22.53333282470703,22.63333320617676,5105994,24.90510510260838,26.004827088571723,26.608548061121837,0.8523389700941374,28.066665649414062,5891403.35,False,False,False,False,0,-0.19358667364004212
2022-05-11,22.799999237060547,22.799999237060547,21.5,21.933332443237305,8010345,24.622079135049233,25.845160631891943,23.602966785348855,0.884314703448881,28.066665649414062,5682789.05,False,False,False,True,1,-0.2185273193043079
2022-05-12,21.66666603088379,21.86666679382324,21.066665649414062,21.333332061767575,5984275,24.30886512807003,25.668226178161575,21.374338311755892,0.8830541384756211,28.066665649414062,5808472.4,False,False,False,True,1,-0.2399050058797083
2022-05-13,21.933332443237305,22.399999618530277,21.66666603088379,21.733333587646484,5507776,24.063576409934456,25.513916664808043,26.36599068404415,0.896169382638984,27.66666603088379,5464510.45,False,False,False,True,1,-0.21445780408141824
2022-05-16,21.966665267944336,22.26666641235352,21.66666603088379,22.100000381469727,3690574,23.87656916912829,25.380037594873208,30.70863022492074,0.8750144539840373,27.26666641235352,5270248.6,False,False,False,False,0,-0.18948653101733648
2022-05-17,22.16666603088379,22.899999618530277,22.0,22.833332061767575,4393516,23.777213254141557,25.28016678965338,38.51833319895438,0.8767991085944831,26.899999618530277,5241862.05,False,False,False,False,0,-0.15117723473725797
2022-05-18,23.16666603088379,23.16666603088379,22.63333320617676,22.799999237060547,3772689,23.684145252514796,25.182905317002678,38.306989285561535,0.8522658026025219,26.899999618530277,5107495.95,False,False,False,False,0,-0.15241637321977552
2022-05-19,22.03333282470703,22.299999237060547,21.799999237060547,22.03333282470703,4484940,23.526925021295007,25.059392670245987,33.723707349401636,0.8628182452737704,26.899999618530277,4918002.6,False,False,False,False,0,-0.18091698374860954
2022-05-20,22.63333320617676,22.833332061767575,22.200000762939453,22.700000762939453,3032229,23.44817033002305,24.966867497410437,40.4013446979622,0.8583311732585399,26.899999618530277,4900002.7,False,False,False,False,0,-0.15613378866732852
2022-05-23,23.0,23.0,22.433332443237305,22.5,3309000,23.35786839383038,24.870127595551207,39.12767893386395,0.837498057794551,26.899999618530277,4823009.15,False,False,False,False,0,-0.1635687613727438
2022-05-24,22.53333282470703,22.63333320617676,22.066665649414062,22.200000762939453,4797868,23.24759528612648,24.76541673937035,37.2316493389831,0.8181530220065616,26.16666603088379,4748010.0,False,False,False,True,1,-0.15159230691684566
2022-05-25,22.200000762939453,22.466665267944336,21.53333282470703,21.63333320617676,3263352,23.093856040416984,24.642589934147075,33.89094818450944,0.8263801235230432,26.0,4721503.95,False,False,False,False,0,-0.16794872283935536
2022-05-26,21.733333587646484,22.03333282470703,20.5,21.399999618530277,8822742,22.932536381189678,24.515429529613087,32.594074727653435,0.8768767450361853,26.0,4677065.2,False,False,False,True,1,-0.1769230915949893
2022-05-27,21.66666603088379,22.26666641235352,21.63333320617676,22.200000762939453,4561126,22.862771084213463,24.424628401508237,40.93883600377722,0.8761474628066894,26.0,4948012.3,False,False,False,False,0,-0.14615381681002104
2022-05-30,22.600000381469727,22.733333587646484,22.399999618530277,22.566665649414062,3729147,22.83457056661352,24.351767117112388,44.33996212645914,0.8516607029424282,26.0,4952256.0,False,False,False,False,0,-0.13205132117638219
2022-05-31,22.233333587646484,22.53333282470703,21.899999618530277,22.36666679382324,9075819,22.790008302538254,24.273920045610854,42.88915042177656,0.8384467977953823,25.200000762939453,4928537.95,False,False,False,True,1,-0.11243388425936385
2022-06-01,22.36666679382324,23.0,22.299999237060547,22.66666603088379,5640979,22.77826141952354,24.21089047640587,45.75624990431557,0.8285577953056732,25.066665649414062,5187100.75,False,False,False,True,1,-0.09574466951835592
2022-06-02,22.799999237060547,22.833332061767575,22.53333282470703,22.733333587646484,3296292,22.773982578392392,24.15294706900354,46.400220763221185,0.7908036125738782,24.76666641235352,5194072.8,False,False,False,False,0,-0.0820995765377942
2022-06-03,22.86666679382324,22.966665267944336,22.0,22.13333320617676,4953151,22.712968352467094,24.073746525363276,41.612172007675596,0.8033651593860538,23.600000381469727,5152386.85,False,False,False,False,0,-0.06214691320278809
2022-06-06,22.200000762939453,22.200000762939453,21.600000381469727,21.76666641235352,3474370,22.622844358170564,23.983272795441327,38.96593717891621,0.7888391038206019,23.433332443237305,5099922.0,False,False,False,False,0,-0.0711237309042988
2022-06-07,21.76666641235352,22.066665649414062,21.53333282470703,21.700000762939453,3605275,22.534954491958075,23.89373271573537,38.486718109473756,0.7705886553124898,23.433332443237305,4945309.2,False,False,False,False,0,-0.07396863781523655
2022-06-08,21.899999618530277,21.899999618530277,21.36666679382324,21.66666603088379,3474124,22.452260352808143,23.806396767309817,38.23351285968727,0.7536418102692433,23.16666603088379,4870273.25,False,False,False,False,0,-0.06474820321578989
2022-06-09,21.76666641235352,21.799999237060547,21.233333587646484,21.36666679382324,4697433,22.348870490047677,23.71072108207505,35.94175380016327,0.7402863702081589,23.16666603088379,4643462.2,False,False,False,True,1,-0.0776978109263089
2022-06-10,21.233333587646484,21.333332061767575,20.899999618530277,21.066665649414062,3744076,22.226755743320666,23.607032633735404,33.76231623442598,0.7207421419999306,23.16666603088379,4579120.1,False,False,False,False,0,-0.09064750096842544
2022-06-13,20.733333587646484,20.799999237060547,20.0,20.13333320617676,5999493,22.02738216835458,23.47080912677232,28.0613129744999,0.7454509639580829,23.16666603088379,4490935.1,False,False,False,True,1,-0.13093523343683777
2022-06-14,20.13333320617676,20.466665267944336,19.899999618530277,20.100000381469727,4006117,21.843821998175073,23.33862054852516,27.880247304066145,0.7326805843477955,23.16666603088379,4606381.05,False,False,False,False,0,-0.132374060442096
2022-06-15,20.26666641235352,20.36666679382324,19.933332443237305,20.0,2484037,21.66821990311078,23.207694252504567,27.31089859428336,0.7112987105076626,23.16666603088379,4587011.1,False,False,False,False,0,-0.13669062378946828
2022-06-16,20.5,20.66666603088379,18.76666641235352,18.899999618530277,10552053,21.404579876007876,23.038765051172245,21.991007831135533,0.7962059182235631,23.0,4522578.5,False,False,False,True,1,-0.17826088615085756
2022-06-17,18.399999618530277,19.5,17.700000762939453,19.26666641235352,13887984,21.200969069945558,22.890839614355826,27.08926380830526,0.8679054409976334,23.0,4825934.15,False,False,False,True,1,-0.16231885163680349
2022-06-20,19.233333587646484,19.333332061767575,18.066665649414062,18.299999237060547,9512400,20.924686228718414,22.71080665838346,22.849482857124627,0.8963883675230534,23.0,5368721.9,False,False,False,True,1,-0.20434785925823706
2022-06-21,18.600000381469727,19.200000762939453,18.299999237060547,19.100000381469727,5975725,20.750906624218537,22.56920641222998,32.29384607014593,0.8966464502627571,23.0,5678891.9,False,False,False,True,1,-0.16956520080566406
2022-06-22,18.933332443237305,19.200000762939453,18.566665649414062,18.66666603088379,4900297,20.552407520091418,22.416165612961503,30.141482463069266,0.8778384976386596,23.0,5737784.75,False,False,False,False,0,-0.1884058247441831
2022-06-23,18.86666679382324,19.066665649414062,18.566665649414062,18.86666679382324,4241698,20.39186078425635,22.276969580838436,32.38151598617685,0.8508500335216125,23.0,5819632.0,False,False,False,False,0,-0.1797101393989896
2022-06-24,19.066665649414062,19.13333320617676,18.600000381469727,19.0,4002699,20.259302614327176,22.148460969825166,33.90313993417966,0.8281702328919999,23.0,5590579.8,False,False,False,False,0,-0.17391304347826086
2022-06-27,19.466665267944336,19.5,19.16666603088379,19.36666679382324,4072720,20.174289679041088,22.039371002138818,38.032866111062226,0.8047295019711428,23.0,5562658.45,False,False,False,False,0,-0.15797100896420702
2022-06-28,19.333332061767575,19.600000381469727,19.13333320617676,19.53333282470703,3099412,20.11324616910451,21.94109499518071,39.8718522202071,0.7805821929227015,23.0,5579837.1,False,False,False,False,0,-0.15072465979534644
2022-06-29,19.333332061767575,19.433332443237305,19.0,19.200000762939453,7878700,20.02627041613641,21.833601103720266,37.47638926255946,0.7629215237644393,23.0,5281016.75,False,False,False,True,1,-0.16521735813306726
2022-06-30,19.100000381469727,19.299999237060547,18.799999237060547,18.933332443237305,3678361,19.92218108538411,21.719865077818973,35.63204166141003,0.7441414149241222,22.966665267944336,5392902.8,False,False,False,False,0,-0.17561682454337613
2022-07-01,19.0,19.200000762939453,18.733333587646484,19.16666603088379,2702703,19.850227270669794,21.619739624997983,38.48475610982276,0.7243218263790399,22.966665267944336,5412006.25,False,False,False,False,0,-0.16545716118240228
2022-07-04,19.13333320617676,19.433332443237305,19.066665649414062,19.36666679382324,3364938,19.804173891922503,21.531383827697013,40.90242758322642,0.6987750383393401,22.200000762939453,5299483.85,False,False,False,False,0,-0.1276276518803623
2022-07-05,19.566665649414062,19.63333320617676,19.13333320617676,19.200000762939453,3307368,19.746633593924116,21.439957040843776,39.508918507204186,0.6845768213151014,22.066665649414062,5294012.25,False,False,False,False,0,-0.12990929087425263
2022-07-06,19.16666603088379,19.53333282470703,18.700000762939453,19.399999618530277,4207455,19.713620834362796,21.359958710556974,42.059887346211,0.6952021956331355,21.899999618530277,5279116.9,False,False,False,False,0,-0.11415525312998964
2022-07-07,19.66666603088379,21.899999618530277,19.466665267944336,21.233333587646484,44422764,19.858355382294576,21.354993019462444,59.090678940178925,0.8241163245164829,21.799999237060547,5315783.45,False,False,True,True,2,-0.025993838038797623
2022-07-08,21.16666603088379,21.16666603088379,20.36666679382324,20.566665649414062,12937002,19.92581350297262,21.324078220637016,52.990958367070476,0.8271556437526802,21.899999618530277,7302050.0,False,False,True,True,2,-0.06088283070051015
2022-07-11,20.200000762939453,20.733333587646484,20.200000762939453,20.53333282470703,6364545,19.983672485994944,21.29306859726721,52.698049355730646,0.8061682995351339,21.899999618530277,7761696.3,False,False,True,False,1,-0.06240487751729762
2022-07-12,20.53333282470703,21.13333320617676,20.399999618530277,20.899999618530277,5026459,20.070941736712594,21.277654127512825,55.605072290210146,0.8009658201145161,21.899999618530277,7779948.9,False,False,True,False,1,-0.04566210125199588
2022-07-13,21.03333282470703,21.233333587646484,20.600000381469727,20.76666641235352,3805644,20.13720122963078,21.25761539358501,54.29827899693284,0.7889920619761048,21.899999618530277,7830966.0,False,False,True,False,1,-0.051750375612692245
2022-07-14,20.86666679382324,21.0,20.03333282470703,20.16666603088379,3003631,20.140007401178686,21.21483306563594,48.74648113393248,0.801683141498738,21.899999618530277,7897046.35,False,False,False,False,0,-0.07914765378259914
2022-07-15,20.333332061767575,20.333332061767575,19.899999618530277,20.200000762939453,2553355,20.14572105467971,21.175035720432156,49.05812075543952,0.7753723773372065,21.899999618530277,7519625.25,False,False,False,False,0,-0.07762551987226529
2022-07-18,20.5,21.733333587646484,20.36666679382324,21.566665649414062,14520585,20.281049111321078,21.190393756862818,59.83956888456621,0.829512409292194,21.899999618530277,6952893.8,False,False,True,True,2,-0.01522072944851427
2022-07-19,21.63333320617676,21.63333320617676,20.53333282470703,21.066665649414062,13665511,20.3558697339966,21.18554167421777,55.233823799335894,0.8488329787334467,21.899999618530277,7203303.05,False,False,True,True,2,-0.038051780074512154
2022-07-20,21.53333282470703,21.63333320617676,21.16666603088379,21.566665649414062,8262996,20.471183630703024,21.200487712460763,58.660414576992785,0.8286783057355361,21.899999618530277,7587792.35,False,False,True,True,2,-0.01522072944851427
2022-07-21,21.63333320617676,22.933332443237305,21.433332443237305,22.466665267944336,23082639,20.661229500916484,21.250141734244433,64.00175839174781,0.8766298553258549,21.899999618530277,7755927.3,False,True,True,True,2,0.025875144259572824
2022-07-22,22.63333320617676,22.63333320617676,21.600000381469727,21.799999237060547,9422706,20.769683761501632,21.271704773570555,58.02144875970879,0.8878229245673678,22.933332443237305,8697974.35,False,False,True,True,2,-0.04941860102459561
2022-07-25,21.86666679382324,21.899999618530277,21.333332061767575,21.66666603088379,5717253,20.855110644299934,21.287193450327937,56.87677582854261,0.8648832554384631,22.933332443237305,8968974.7,False,False,True,False,1,-0.055232549194002445
2022-07-26,21.63333320617676,23.233333587646484,21.566665649414062,22.700000762939453,19947672,21.030814465122745,21.342597658665643,62.97345596318355,0.9221535899237459,22.933332443237305,9051201.35,False,False,True,True,2,-0.010174346919505695
2022-07-27,22.600000381469727,23.066665649414062,22.233333587646484,22.36666679382324,10154839,21.158038496427555,21.38275723259339,60.02536923061795,0.9158091950554482,23.233333587646484,9893614.35,False,False,True,True,2,-0.03730273103314219
2022-07-28,22.5,22.733333587646484,21.63333320617676,21.66666603088379,12594483,21.206479213994815,21.39389091095772,54.27870492351608,0.9289657083707537,23.233333587646484,10007421.3,False,False,True,True,2,-0.06743188836214686
2022-07-29,21.966665267944336,22.26666641235352,21.76666641235352,21.966665267944336,5947774,21.27887788579953,21.41635265044739,56.21346828709077,0.9054681850206805,23.233333587646484,10453227.4,False,False,True,False,1,-0.05451943927563008
2022-08-01,22.100000381469727,22.433332443237305,21.933332443237305,22.100000381469727,5884395,21.35708002824431,21.443162365389444,57.08272987594973,0.8765061718049176,23.233333587646484,10615480.95,False,False,True,False,1,-0.04878048179790129
2022-08-02,22.200000762939453,22.333332061767575,21.86666679382324,22.066665649414062,6713988,21.42465961121286,21.46761347456688,56.77924526406974,0.8472318215291618,23.233333587646484,10741453.8,False,False,True,False,1,-0.05021526221500805
2022-08-03,22.100000381469727,22.299999237060547,21.86666679382324,21.933332443237305,3105663,21.473104642834237,21.485876963534345,55.50804518496825,0.8176675802226008,23.233333587646484,10911784.8,False,False,True,False,1,-0.055954137597387654
2022-08-04,22.100000381469727,22.5,21.466665267944336,21.899999618530277,5356450,21.513761307186243,21.502117067651835,55.17547078007577,0.8330723767821053,23.233333587646484,10856695.2,True,False,True,False,1,-0.05738883591914512
2022-08-05,22.0,23.966665267944336,21.86666679382324,23.03333282470703,15755161,21.658482404092982,21.562164744399098,63.23999316137914,0.9235670980206048,23.233333587646484,8903379.5,True,False,True,True,2,-0.008608354121243944
2022-08-08,23.299999237060547,23.5,22.966665267944336,23.13333320617676,7009050,21.798944385243818,21.623779193880576,63.85787485233965,0.8956933575945376,23.966665267944336,9044287.45,True,False,True,False,1,-0.03477046357726554
2022-08-10,23.26666641235352,23.600000381469727,22.733333587646484,23.03333282470703,7049860,21.91650518900222,21.679055806854166,62.72250381130414,0.8936200316108737,23.966665267944336,9076512.7,True,False,True,False,1,-0.03894294148988875
2022-08-11,22.833332061767575,22.833332061767575,22.16666603088379,22.233333587646484,6139429,21.946679322206435,21.70079219041465,54.39100670159002,0.8916948003403286,23.966665267944336,9177682.75,True,False,True,False,1,-0.0723226056240791
2022-08-12,22.233333587646484,22.333332061767575,22.0,22.200000762939453,3691971,21.970805173704818,21.720368997180326,54.06874169263379,0.8518117475851319,23.966665267944336,9294372.0,True,False,True,False,1,-0.07371340506715451
2022-08-16,22.16666603088379,22.333332061767575,22.066665649414062,22.13333320617676,3130084,21.98628403394024,21.736563672042934,53.38742019014643,0.8100156522114449,23.966665267944336,9328789.0,True,False,True,False,1,-0.07649508353670187
2022-08-17,22.13333320617676,22.53333282470703,22.100000381469727,22.26666641235352,5426148,22.012987117598648,21.75735201480021,54.61907123381668,0.7831097087132921,23.966665267944336,9357625.45,True,False,True,False,1,-0.07093180618100359
2022-08-18,22.26666641235352,22.966665267944336,22.26666641235352,22.600000381469727,5948079,22.068893142729227,21.790397048787252,57.63303370979343,0.7771732192045439,23.966665267944336,8902903.6,True,False,True,False,1,-0.057023573000059335
2022-08-19,22.600000381469727,22.899999618530277,22.200000762939453,22.26666641235352,4399756,22.087728692217254,21.80907427873103,53.786062826199085,0.7716607646607068,23.966665267944336,8517032.0,True,False,True,False,1,-0.07093180618100359
2022-08-22,22.200000762939453,22.233333587646484,21.76666641235352,21.833332061767575,2185753,22.06350044169824,21.810025564340304,49.189356228829205,0.7522564243277992,23.966665267944336,8323870.0,True,False,False,False,0,-0.08901251727457127
2022-08-23,21.66666603088379,22.100000381469727,21.66666603088379,21.86666679382324,2785701,22.044754379995858,21.81224678902591,49.546568421519765,0.7294762762033805,23.966665267944336,7279025.7,True,False,False,False,0,-0.08762163824809899
2022-08-24,21.833332061767575,22.200000762939453,21.833332061767575,22.03333282470703,2034885,22.043666612825493,21.820916829640858,51.386751478198214,0.7035614494154161,23.966665267944336,6947175.45,True,False,True,False,1,-0.08066756144932508
2022-08-25,22.13333320617676,22.66666603088379,22.100000381469727,22.399999618530277,4220301,22.077603089559283,21.843625958616915,55.25343961834934,0.6985451463269405,23.966665267944336,6763057.05,True,False,True,False,1,-0.0653685288253052
2022-08-26,22.566665649414062,22.966665267944336,22.466665267944336,22.53333282470703,3713077,22.121005921478115,21.87067328669888,56.60512123491033,0.6891251822617347,23.966665267944336,5976688.5,True,False,True,False,1,-0.05980525146960691
2022-08-29,21.700000762939453,22.333332061767575,21.466665267944336,22.16666603088379,2809504,22.125354503326275,21.882280845294368,51.95700675951874,0.7160924947260889,23.966665267944336,5654600.4,True,False,True,False,1,-0.07510428409362668
2022-08-30,22.36666679382324,23.16666603088379,22.36666679382324,23.03333282470703,8602144,22.21182862917206,21.92742013860467,60.26283948646718,0.736371602245654,23.966665267944336,5165351.45,True,False,True,True,2,-0.03894294148988875
2022-09-01,22.600000381469727,23.433332443237305,22.566665649414062,22.799999237060547,6471771,22.267844877542394,21.96163892677941,57.386295002450915,0.7456784016440532,23.966665267944336,5298069.95,True,False,True,True,2,-0.04867869675821013
2022-09-02,22.86666679382324,23.26666641235352,22.733333587646484,22.833332061767575,5293308,22.321700799849555,21.995822971288753,57.696946011186746,0.7305108604342662,23.966665267944336,5327438.75,True,False,True,False,1,-0.04728789731513483
2022-09-05,22.933332443237305,23.466665267944336,22.833332061767575,23.066665649414062,5169324,22.392649833141412,22.03781680180347,59.90063735884044,0.723569599415873,23.966665267944336,5256404.75,True,False,True,False,1,-0.03755214204681334
2022-09-06,23.26666641235352,23.333332061767575,22.733333587646484,22.933332443237305,3632119,22.444143415055308,22.072935062251855,58.04003960551643,0.7147430904662457,23.966665267944336,5359587.8,True,False,True,False,1,-0.043115419402511734
2022-09-07,22.833332061767575,24.333332061767575,22.63333320617676,24.03333282470703,19927099,22.59549478740309,22.14981340587755,67.11521868412187,0.7851185022608577,23.966665267944336,5273371.25,True,True,True,True,2,0.002781678469547577
2022-09-08,24.299999237060547,24.5,24.066665649414062,24.333332061767575,9756868,22.761003099247326,22.235441588461473,69.0793934892219,0.7623719789060085,24.333332061767575,5481968.15,True,False,True,True,2,0.0
2022-09-09,24.53333282470703,24.63333320617676,24.03333282470703,24.16666603088379,6450699,22.894875759403178,22.311175880321173,66.69599552958238,0.75077400766056,24.5,5619359.05,True,False,True,True,2,-0.013605468127192322
2022-09-12,24.200000762939453,24.399999618530277,23.899999618530277,24.066665649414062,4012464,23.006474796547074,22.38001861636403,65.24150379588411,0.7328615785419486,24.63333320617676,5589401.0,True,False,True,False,1,-0.023004095792469093
2022-09-13,24.066665649414062,24.233333587646484,23.66666603088379,23.76666641235352,3242307,23.07887399805245,22.434396961304795,60.94742474982255,0.7209905769862875,24.63333320617676,5483052.75,True,False,True,False,1,-0.03518268463993035
2022-09-14,23.333332061767575,23.66666603088379,23.13333320617676,23.299999237060547,3805191,23.09993354462465,22.468342148589333,54.89473325633206,0.7147293362141783,24.63333320617676,5460569.55,True,False,True,False,1,-0.05412722500671907
2022-09-15,23.5,23.63333320617676,23.03333282470703,23.13333320617676,3627144,23.10311446477247,22.494420229279037,52.87511617495728,0.7065344108752891,24.63333320617676,5494324.9,True,False,True,False,1,-0.06089309909646645
2022-09-16,23.333332061767575,23.5,22.66666603088379,22.799999237060547,4739934,23.074246347847527,22.50640371978027,48.99282584724333,0.7155915221782121,24.63333320617676,5404374.7,True,False,False,False,0,-0.0744249247055413
2022-09-19,22.53333282470703,22.799999237060547,22.03333282470703,22.26666641235352,3238594,22.997333973038575,22.49700225674393,43.49063277885182,0.7192397286193052,24.63333320617676,5343967.45,True,False,False,False,0,-0.09607578373639691
2022-09-20,22.53333282470703,22.833332061767575,22.5,22.600000381469727,3134269,22.959492678603446,22.501041398890038,47.462023534492545,0.7083415801046445,24.63333320617676,5285909.35,True,False,False,False,0,-0.0825439581273224
2022-09-21,22.833332061767575,23.16666603088379,22.26666641235352,22.399999618530277,5381196,22.906207625263146,22.497078976130833,45.400357976555554,0.7220314399921892,24.63333320617676,5333335.15,True,False,False,True,1,-0.09066306897868293
2022-09-22,22.333332061767575,22.933332443237305,22.26666641235352,22.66666603088379,2963668,22.88339414008416,22.503729448866242,48.605935467961025,0.7180767679130176,24.63333320617676,5463109.9,True,False,False,False,0,-0.07983763946325517
2022-09-23,22.799999237060547,22.799999237060547,22.03333282470703,22.13333320617676,2749351,22.811959765426312,22.489204106015674,43.149523332505105,0.7215474568016246,24.63333320617676,5509549.05,True,False,False,False,0,-0.10148849849411079
2022-09-26,22.13333320617676,22.200000762939453,20.86666679382324,20.966665267944336,3955495,22.636217432332792,22.429496700601113,34.12500196050718,0.7652464933955239,24.63333320617676,5436001.55,True,False,False,False,0,-0.14884984941108237
2022-09-27,21.03333282470703,21.399999618530277,20.966665267944336,21.03333282470703,2704054,22.48356175541605,22.37474517605625,34.96208157956869,0.7415384831948394,24.63333320617676,5448122.45,True,False,False,False,0,-0.1461434533174356
2022-09-28,21.0,21.066665649414062,20.66666603088379,20.733333587646484,2213499,22.316873358485616,22.310376094157828,32.93401976162268,0.7171428500045133,24.63333320617676,5442849.95,True,False,False,False,0,-0.1583220421648971
2022-09-29,21.0,21.200000762939453,20.333332061767575,20.66666603088379,3703848,22.15971075585687,22.24591687599022,32.48307831005907,0.7278232679450394,24.63333320617676,5123417.7,False,False,False,False,0,-0.16102843825854385
2022-09-30,20.53333282470703,20.933332443237305,19.86666679382324,20.5,7915375,22.001643064822883,22.177449547520016,31.328220846818027,0.752026295192827,24.63333320617676,4985021.55,False,False,False,True,1,-0.16779431234829134
2022-10-03,20.566665649414062,20.86666679382324,20.433332443237305,20.600000381469727,2677309,21.868153285455918,22.115588795910202,32.870364193076426,0.7292625848637633,24.63333320617676,5116124.9,False,False,False,False,0,-0.16373475692261108
2022-10-04,20.833332061767575,21.233333587646484,20.799999237060547,21.066665649414062,3747415,21.791821129642408,22.07445455487114,39.67820240399621,0.72241048638612,24.63333320617676,4991524.15,False,False,False,False,0,-0.144790293985402
2022-10-06,21.26666641235352,21.600000381469727,21.200000762939453,21.399999618530277,3242839,21.754504795250774,22.048005341681304,44.04341047786459,0.7089050753625161,24.63333320617676,4997288.95,False,False,False,False,0,-0.13125846837632726
2022-10-07,21.333332061767575,21.466665267944336,21.200000762939453,21.333332061767575,2307825,21.714393106347615,22.019978938547432,43.36746087200417,0.6773164631941138,24.63333320617676,4163075.95,False,False,False,False,0,-0.13396486446997424
2022-10-10,21.16666603088379,21.26666641235352,20.933332443237305,21.066665649414062,2108215,21.652704777115847,21.982594103679457,40.67819631463706,0.6575081171466963,24.63333320617676,3790623.8,False,False,False,False,0,-0.144790293985402
2022-10-11,21.066665649414062,21.200000762939453,20.466665267944336,20.600000381469727,2791750,21.552447215625744,21.928374742024175,36.4217058923059,0.6629243584215836,24.399999618530277,3573499.6,False,False,False,False,0,-0.15573767608482614
2022-10-12,20.63333320617676,20.733333587646484,20.233333587646484,20.399999618530277,2511388,21.44269030161665,21.868438462671474,34.743761130880955,0.6512869042486134,24.233333587646484,3512463.9,False,False,False,False,0,-0.1581843436955096
2022-10-13,20.433332443237305,20.566665649414062,20.200000762939453,20.233333587646484,1578844,21.327513471714727,21.804316702866572,33.36433034893824,0.6309567601218988,23.66666603088379,3475917.95,False,False,False,False,0,-0.1450703888227003
2022-10-14,20.600000381469727,20.66666603088379,20.066665649414062,20.16666603088379,1718337,21.21695657258797,21.740095107886855,32.80329188013992,0.6287455902181722,23.63333320617676,3364600.6,False,False,False,False,0,-0.14668549480726367
2022-10-17,20.299999237060547,20.399999618530277,20.100000381469727,20.26666641235352,4368778,21.12645274780374,21.68231359041496,34.580304639384025,0.6052637078497707,23.5,3269160.25,False,False,False,True,1,-0.13758866330410557
2022-10-18,20.399999618530277,20.86666679382324,20.333332061767575,20.76666641235352,3794847,21.092187382522766,21.646405857941964,42.73462365935968,0.6048877559654813,23.16666603088379,3250602.45,False,False,False,True,1,-0.10359710867894412
2022-10-19,20.899999618530277,22.13333320617676,20.66666603088379,21.76666641235352,17224561,21.156423480601887,21.651121958114967,54.85472305508325,0.6664434287745877,23.16666603088379,3278415.1,False,False,True,True,2,-0.060431639868417486
2022-10-20,21.53333282470703,21.86666679382324,21.399999618530277,21.5,3197070,21.189145053877898,21.64519560681634,51.711643289841824,0.652173696383043,23.16666603088379,3982929.7,False,False,True,False,1,-0.07194242057367839
2022-10-21,21.433332443237305,22.16666603088379,21.433332443237305,21.53333282470703,4948872,21.22192484157591,21.64080883104735,52.081246193733676,0.6579708314732888,22.933332443237305,3873723.4,False,False,True,True,2,-0.06104649736340928
2022-10-24,21.66666603088379,21.899999618530277,21.66666603088379,21.76666641235352,1169967,21.273804991173776,21.645744422471125,54.695365491619654,0.6371634002125715,22.799999237060547,3972983.6,False,False,True,False,1,-0.04532161663529288
2022-10-25,21.86666679382324,22.200000762939453,21.66666603088379,21.799999237060547,3448432,21.323918728877278,21.651793630886395,55.072427162897824,0.6297470667727924,22.200000762939453,3894014.4,False,False,True,False,1,-0.018018086132081
2022-10-27,21.933332443237305,22.399999618530277,21.733333587646484,21.899999618530277,4778497,21.378783575510894,21.661527199029294,56.2488763924416,0.6323841356378638,22.200000762939453,3868661.25,False,False,True,True,2,-0.013513564599060612
2022-10-28,22.0,22.399999618530277,21.700000762939453,21.76666641235352,3611779,21.415724798067338,21.665650305434166,54.21058769039945,0.6372137584916466,22.399999618530277,3972383.4,False,False,True,False,1,-0.028273804328676655
2022-10-31,21.933332443237305,21.966665267944336,21.600000381469727,21.63333320617676,1985841,21.436449408363472,21.664382968208386,52.17450746052407,0.6178888390618583,22.399999618530277,4042297.4,False,False,True,False,1,-0.034226179705793114
2022-11-01,21.733333587646484,22.5,21.66666603088379,22.26666641235352,7294548,21.515517694457763,21.688001926802315,59.882231534072965,0.6356586929733855,22.399999618530277,3956397.05,False,False,True,True,2,-0.005952375377116459
2022-11-02,22.333332061767575,22.333332061767575,21.833332061767575,21.899999618530277,3317110,21.55213502055991,21.69631556177204,54.41452089620517,0.6259687863324294,22.5,3925355.7,False,False,True,False,1,-0.02666668362087654
2022-11-03,21.76666641235352,22.299999237060547,21.600000381469727,21.966665267944336,3312906,21.59161409173938,21.706917511033698,55.21519077672098,0.6312566484223144,22.5,3957345.75,False,False,True,False,1,-0.02370376586914058
2022-11-04,22.066665649414062,22.933332443237305,22.0,22.600000381469727,10231566,21.68765088123751,21.741940368697858,62.0370540499617,0.6552145431987898,22.5,3935620.3,False,True,True,True,2,0.004444461398654509
2022-11-07,22.799999237060547,23.0,22.63333320617676,22.733333587646484,5705608,21.787239710419314,21.780818534146825,63.304345089450585,0.6369849057224672,22.933332443237305,4285056.65,True,False,True,True,2,-0.008720880669472741
2022-11-09,22.833332061767575,23.466665267944336,22.66666603088379,22.899999618530277,8644432,21.89321684452512,21.824707988436373,64.88244391315592,0.6486287865323301,23.0,4454945.8,True,False,True,True,2,-0.004347842672596691
2022-11-10,22.86666679382324,23.200000762939453,22.13333320617676,22.5,3999952,21.95100571647511,21.851190028105535,58.39205823697147,0.6784886986916416,23.466665267944336,4781756.65,True,False,True,False,1,-0.04119312466883862
2022-11-11,22.700000762939453,23.466665267944336,22.36666679382324,23.200000762939453,8744317,22.069957625662187,21.90408456672647,64.99192482953829,0.7085965397937456,23.466665267944336,4842166.75,True,False,True,True,2,-0.011363544924687274
2022-11-14,23.200000762939453,23.399999618530277,22.799999237060547,22.899999618530277,4531600,22.149009244030577,21.94314005895407,60.5584641811235,0.7008396713420302,23.466665267944336,5153813.2,True,False,True,False,1,-0.02414768536320877
2022-11-15,23.399999618530277,23.799999237060547,23.16666603088379,23.333332061767575,13267717,22.261801893338863,21.997657392397738,64.34220137473197,0.7150653818554759,23.466665267944336,5301451.0,True,False,True,True,2,-0.005681813101876765
2022-11-16,23.399999618530277,24.966665267944336,23.200000762939453,24.200000762939453,43782336,22.446392261872255,22.084023799085646,70.44832786749807,0.7901796049375763,23.799999237060547,5878920.0,True,True,True,True,2,0.016806787340397866
2022-11-17,24.13333320617676,25.933332443237305,24.13333320617676,25.333332061767575,59708421,22.721338909481332,22.211447652524154,76.19022080010217,0.8623095786606454,24.966665267944336,7849597.9,True,True,True,True,2,0.014686254246938368
2022-11-18,25.5,25.799999237060547,24.733333587646484,25.299999237060547,20286010,22.96692560734602,22.332567322505973,75.72419750215894,0.8769064408573181,25.933332443237305,10645276.6,True,False,True,True,2,-0.024421589765333596
2022-11-21,25.233333587646484,25.26666641235352,24.733333587646484,24.833332061767575,8541972,23.144678603005215,22.430636527967213,69.33049375684692,0.854746384325657,25.933332443237305,10798349.05,True,False,True,False,1,-0.042416468607627045
2022-11-22,24.966665267944336,25.53333282470703,24.733333587646484,25.13333320617676,9911868,23.33407427949774,22.53662463299504,71.0242571742585,0.8508358738067207,25.933332443237305,11065594.15,True,False,True,False,1,-0.030848300688373742
2022-11-23,25.600000381469727,28.0,25.5,27.76666641235352,103898532,23.756225911198293,22.74172431061694,80.96270845078776,0.9948237966650434,25.933332443237305,11313743.95,True,True,True,True,2,0.07069411434604489
2022-11-24,28.0,28.36666679382324,26.933332443237305,27.13333320617676,25211668,24.077855177386716,22.913944267305563,74.35703186371082,1.0261459790879641,28.0,16450172.2,True,False,True,True,2,-0.030952385493687062
2022-11-25,27.299999237060547,28.100000381469727,26.833332061767575,27.433332443237305,22028776,24.397424440801057,23.091175176165635,75.38165397773199,1.043326146274692,28.36666679382324,17538334.0,True,False,True,True,2,-0.03290250339843115
2022-11-28,27.5,28.233333587646484,27.233333587646484,27.399999618530277,16126029,24.683383981537173,23.260148683709346,75.02295819689937,1.0402314215407853,28.36666679382324,18400847.95,True,False,True,False,1,-0.034077573594351596
2022-11-29,27.899999618530277,28.899999618530277,27.26666641235352,27.5,46633519,24.951633126152682,23.426417362779567,75.401130721072,1.082595834729069,28.36666679382324,19026560.45,True,False,True,True,2,-0.030552295767508064
2022-11-30,27.600000381469727,29.16666603088379,27.36666679382324,28.36666679382324,57951918,25.276874427835594,23.620152634585203,78.44688093477042,1.1338389348956035,28.899999618530277,21258944.35,True,False,True,True,2,-0.018454423243835394
2022-12-01,28.63333320617676,28.899999618530277,28.03333282470703,28.13333320617676,14207316,25.548918121010942,23.79714010798095,75.7282706046138,1.1147552105332923,29.16666603088379,23791812.85,True,False,True,False,1,-0.035428554762236386
2022-12-02,28.16666603088379,28.799999237060547,27.966665267944336,28.433332443237305,13356717,25.82362424693726,23.97895157210865,76.8396051546848,1.094653693289215,29.16666603088379,24336323.15,True,False,True,False,1,-0.02514286641023622
2022-12-05,28.63333320617676,28.933332443237305,28.066665649414062,28.200000762939453,14135232,26.04994581988985,24.144482912925547,74.00153538980979,1.0783689147559312,29.16666603088379,24838513.7,True,False,True,False,1,-0.03314280990911889
2022-12-06,28.26666641235352,28.53333282470703,28.03333282470703,28.233333587646484,7483381,26.25788751205715,24.30482999820872,74.14843070565146,1.037056849416222,29.16666603088379,25033697.0,True,False,True,False,1,-0.03199997017996592
2022-12-07,28.299999237060547,28.399999618530277,27.36666679382324,27.466665267944336,8162913,26.37300920309402,24.42882353819835,65.04519938512573,1.0367908476512804,29.16666603088379,25122585.65,True,False,True,False,1,-0.05828574171416678
2022-12-08,27.333332061767575,27.700000762939453,27.16666603088379,27.36666679382324,6708204,26.46764325935395,24.544033077634623,63.942508403410834,1.0008296965373078,29.16666603088379,25098509.7,True,False,True,False,1,-0.061714260901625906
2022-12-09,27.566665649414062,28.200000762939453,26.399999618530277,26.799999237060547,11418576,26.499296209611718,24.632502338788584,57.94746071322995,1.0579133713852984,29.16666603088379,25233922.3,True,False,True,False,1,-0.08114286327128517
2022-12-12,26.799999237060547,27.13333320617676,26.36666679382324,26.76666641235352,7824652,26.52476003844427,24.716195047555836,57.60532840858823,1.037110017168743,29.16666603088379,25367635.25,True,False,True,False,1,-0.08228570300043814
2022-12-13,26.799999237060547,28.16666603088379,26.76666641235352,27.566665649414062,19693135,26.623989144250917,24.827978208413022,63.218308573733594,1.0630307029802808,29.16666603088379,25532287.85,True,False,True,False,1,-0.054857157131895984
2022-12-14,27.833332061767575,29.16666603088379,27.733333587646484,28.433332443237305,26342545,26.79630755367819,24.969364648994365,68.13961609806519,1.1013856800152413,29.16666603088379,25853558.75,True,False,True,True,2,-0.02514286641023622
2022-12-15,28.466665267944336,28.66666603088379,27.333332061767575,27.5,12340797,26.863325881899318,25.068605250994587,58.98647531011553,1.117953414951025,29.16666603088379,24981569.2,True,False,True,False,1,-0.05714283659020203
2022-12-16,27.466665267944336,27.799999237060547,26.76666641235352,27.16666603088379,10252272,26.892215419897838,25.150882144323578,56.08864276456282,1.1119090870764539,29.16666603088379,22613188.0,True,False,True,False,1,-0.06857143006616717
2022-12-19,27.299999237060547,27.76666641235352,27.0,27.53333282470703,8644123,26.95327422035586,25.24431158276999,58.503592155606924,1.0872488960248157,29.16666603088379,22111501.1,True,False,True,False,1,-0.05599999686104906
2022-12-20,27.899999618530277,28.53333282470703,27.566665649414062,27.733333587646484,20162976,27.02756558866925,25.341920288843575,59.80220055316661,1.081016832023043,29.16666603088379,22116608.65,True,False,True,False,1,-0.049142827696507685
2022-12-21,27.933332443237305,28.13333320617676,25.799999237060547,25.966665267944336,14743405,26.926527462885925,25.366420091945567,46.08329953939564,1.170468056101127,29.16666603088379,22629164.05,True,False,False,False,0,-0.10971431426379208
2022-12-22,26.26666641235352,26.399999618530277,24.66666603088379,24.76666641235352,13385830,26.72082641045427,25.342900339804704,39.46136667184812,1.2106727369257957,29.16666603088379,18171407.7,True,False,False,False,0,-0.1508571330666052
2022-12-23,24.333332061767575,24.566665649414062,22.53333282470703,22.733333587646484,16219932,26.341065189234477,25.240564388739674,31.26364542613331,1.283719940548702,29.16666603088379,17580115.8,True,False,False,False,0,-0.22057140286192545
2022-12-26,22.933332443237305,24.600000381469727,22.63333320617676,24.399999618530277,12537045,26.156201801548363,25.207601064417737,41.9151030362521,1.3325018858875781,29.16666603088379,17289673.6,True,False,False,False,0,-0.1634285662717233
2022-12-27,24.76666641235352,25.26666641235352,24.26666641235352,24.899999618530277,10335034,26.036563498403783,25.195538262618232,44.68444098624217,1.3087517511813225,29.16666603088379,17110224.4,True,False,False,False,0,-0.14628570875518154
2022-12-28,24.899999618530277,25.399999618530277,24.566665649414062,25.233333587646484,7011391,25.960065411664992,25.197020432227184,46.51522519606975,1.2747933381766718,29.16666603088379,15295300.15,True,False,False,False,0,-0.1348571152792165
2022-12-29,25.200000762939453,25.5,24.899999618530277,25.16666603088379,6079018,25.884503565876305,25.195830063547053,46.18597983617564,1.2265938412690327,29.16666603088379,12748273.8,True,False,False,False,0,-0.13714286013233423
2022-12-30,25.433332443237305,26.333332061767575,25.333332061767575,25.86666679382324,10750003,25.882804825680772,25.222137386302983,50.17393088409213,1.2223132833843722,29.16666603088379,12341858.9,True,False,True,False,1,-0.1131428334512512
2023-01-02,26.0,27.26666641235352,25.799999237060547,27.03333282470703,15334185,25.99237892082613,25.29316465839726,56.02330848425455,1.2397671328064153,29.16666603088379,12211523.2,True,False,True,True,2,-0.07314285437759083
2023-01-03,27.0,27.566665649414062,26.799999237060547,27.399999618530277,10440742,26.12643803489319,25.375785637226006,57.70390335144423,1.2059742242026368,29.16666603088379,12271470.85,True,False,True,False,1,-0.060571421172472606
2023-01-04,27.16666603088379,27.53333282470703,26.466665267944336,26.66666603088379,9469585,26.177888320225627,25.42640839776161,53.31548032765438,1.1960237479569267,29.16666603088379,12419338.9,True,False,True,False,1,-0.08571428758270894
2023-01-05,26.799999237060547,26.899999618530277,26.100000381469727,26.53333282470703,6385383,26.211740177795285,25.469817198818294,52.533206798673916,1.1677362828928997,29.16666603088379,12484672.5,True,False,True,False,1,-0.09028571189413259
2023-01-06,26.566665649414062,26.566665649414062,25.63333320617676,25.733333587646484,6857113,26.16617764540016,25.48015117485077,47.98398075851819,1.1509931514889284,29.16666603088379,12468531.45,True,False,False,False,0,-0.11771425776267475
2023-01-09,25.933332443237305,26.26666641235352,25.600000381469727,26.066665649414062,5601412,26.156700312449104,25.503151742480703,49.9295957369306,1.1163983571599903,29.16666603088379,12240458.3,True,False,False,False,0,-0.10628572968152139
2023-01-10,26.066665649414062,26.100000381469727,25.600000381469727,25.799999237060547,3116824,26.122728781459717,25.51479282069952,48.370835599420936,1.0723699030771339,29.16666603088379,12129296.3,True,False,False,False,0,-0.11542857830436881
2023-01-11,25.899999618530277,26.16666603088379,25.799999237060547,26.066665649414062,3989130,26.117389435550606,25.536434892413816,50.05018030521811,1.0219625381304274,29.16666603088379,11300480.75,True,False,True,False,1,-0.10628572968152139
2023-01-12,26.100000381469727,26.26666641235352,25.733333587646484,25.799999237060547,8259048,26.087161797599173,25.54677074906663,48.35630082372279,0.9870604157430423,28.66666603088379,10182810.0,True,False,False,False,0,-0.10000000665354192
2023-01-13,25.86666679382324,26.5,25.76666641235352,26.299999237060547,10022995,26.107432029928827,25.576309121144824,51.659781990689204,0.9689370708790022,28.53333282470703,9978722.55,True,False,True,True,2,-0.07827103834546234
2023-01-16,26.233333587646484,26.5,26.200000762939453,26.333332061767575,4678594,26.12894631867537,25.605996295286893,51.88076556773506,0.9211557970348268,28.53333282470703,9967258.7,True,False,True,False,1,-0.0771028318512611
2023-01-17,26.13333320617676,26.233333587646484,25.233333587646484,25.833332061767575,9037234,26.100792579922246,25.614911423384175,48.31298730210877,0.93393027396956,28.53333282470703,9768982.25,True,False,False,False,0,-0.09462619664960847
2023-01-18,25.833332061767575,26.233333587646484,25.63333320617676,25.799999237060547,9665346,26.072145594887797,25.62216976901854,48.075629638859006,0.9100781387910002,28.13333320617676,9212695.15,True,False,False,True,1,-0.08293841159937365
2023-01-19,25.66666603088379,26.0,25.399999618530277,25.566665649414062,5309964,26.024004647699822,25.619993136877188,46.35866972823121,0.8879297275537662,27.566665649414062,8958792.2,True,False,False,False,0,-0.0725513932455778
2023-01-20,25.566665649414062,25.899999618530277,25.233333587646484,25.333332061767575,6321051,25.958226306182464,25.608751526088575,44.641707827841635,0.8721251777916252,27.566665649414062,8554998.9,True,False,False,False,0,-0.08101573168294873
2023-01-23,25.53333282470703,25.53333282470703,24.86666679382324,24.966665267944336,4756276,25.863791921588355,25.58357167282802,42.00872401551306,0.8574495244410657,27.566665649414062,8060054.85,True,False,False,False,0,-0.09431682505733119
2023-01-24,25.16666603088379,25.966665267944336,25.066665649414062,25.36666679382324,13552852,25.81644667132501,25.575065599141556,45.766652818330655,0.8676317012667039,27.566665649414062,7671016.4,True,False,False,True,1,-0.07980649105589543
2023-01-25,25.36666679382324,25.36666679382324,24.600000381469727,24.733333587646484,6624796,25.71329304430801,25.542056500651555,41.21285373572468,0.8604198949157617,27.566665649414062,7831907.3,True,False,False,False,0,-0.1027810943043016
2023-01-27,24.733333587646484,24.966665267944336,23.466665267944336,23.799999237060547,8137930,25.53107458647492,25.47374052953034,35.59239681825747,0.9061041881360644,27.566665649414062,7812577.55,True,False,False,True,1,-0.13663844805378478
2023-01-30,23.66666603088379,24.399999618530277,23.433332443237305,23.899999618530277,6544629,25.375734113337334,25.4120251996872,36.59019892425625,0.9104301157901293,27.566665649414062,7915523.15,False,False,False,False,0,-0.1330108645534257
2023-01-31,24.0,24.66666603088379,23.86666679382324,24.399999618530277,7801549,25.282807018593804,25.372337921994774,41.47245564665344,0.9025421958808737,27.566665649414062,7705254.45,False,False,False,True,1,-0.11487301624203117
2023-02-01,24.66666603088379,25.200000762939453,23.466665267944336,23.899999618530277,9223854,25.15111107573061,25.314599164996167,38.29694862841203,0.961884574389034,27.566665649414062,7328622.65,False,False,False,True,1,-0.1330108645534257
2023-02-02,23.899999618530277,24.333332061767575,22.566665649414062,23.0,8750950,24.946243354232458,25.223830570290435,33.347333377246414,1.0193689913864967,27.53333282470703,7267778.25,False,False,False,True,1,-0.16464889498008917
2023-02-03,23.200000762939453,23.5,22.433332443237305,23.26666641235352,10683105,24.786283645482083,25.147079034685067,35.98721625382831,1.0227474603419395,26.899999618530277,7231846.5,False,False,False,True,1,-0.13506815084390955
2023-02-06,23.399999618530277,23.600000381469727,23.100000381469727,23.26666641235352,5210152,24.641558194707933,25.073337363221086,35.98721625382831,0.985408356031801,26.566665649414062,7446732.6,False,False,False,False,0,-0.12421578532318844
2023-02-07,23.333332061767575,23.53333282470703,22.86666679382324,22.933332443237305,5958219,24.47887002790121,24.989415601653093,34.033104830654295,0.9626410470926575,26.5,7364384.55,False,False,False,False,0,-0.13459122855708283
2023-02-08,23.066665649414062,23.53333282470703,22.966665267944336,23.399999618530277,4283307,24.376120465103977,24.927085563099258,39.02499773034406,0.9367381424053053,26.5,7382224.9,False,False,False,False,0,-0.11698114647055557
2023-02-09,23.53333282470703,23.600000381469727,23.13333320617676,23.26666641235352,4449952,24.27045817436584,24.861971086599425,38.13702070519953,0.9031616447544238,26.5,7440549.05,False,False,False,False,0,-0.1220125882130747
2023-02-10,23.233333587646484,23.733333587646484,23.13333320617676,23.26666641235352,4325653,24.174858958936095,24.79941011898194,38.13702070519953,0.8815072688055167,26.5,7463590.15,False,False,False,False,0,-0.1220125882130747
2023-02-13,23.399999618530277,23.433332443237305,23.03333282470703,23.200000762939453,3181590,24.082015321222126,24.73668818345086,37.640375836862944,0.8471138652144279,26.5,7266920.4,False,False,False,False,0,-0.1245282730966244
2023-02-14,23.299999237060547,23.299999237060547,22.86666679382324,23.13333320617676,3160189,23.991664643598757,24.673811517675404,37.11977881636538,0.8175580493589194,26.5,6924850.15,False,False,False,False,0,-0.12704402995559394
2023-02-15,23.13333320617676,23.566665649414062,22.833332061767575,22.966665267944336,5485360,23.894045655441193,24.606864605921245,35.78718595038194,0.8115420163794601,26.233333587646484,6848929.9,False,False,False,False,0,-0.1245235687941868
2023-02-16,23.03333282470703,23.26666641235352,22.86666679382324,23.0,2376669,23.808898450161077,24.543850307649826,36.27990359768828,0.7821461308188045,26.233333587646484,6671336.2,False,False,False,False,0,-0.12325286745749653
2023-02-17,22.933332443237305,23.13333320617676,22.53333282470703,22.66666603088379,3792577,23.700114410229908,24.470235237972727,33.5108630461483,0.7691357201510134,26.0,6306902.35,False,False,False,False,0,-0.12820515265831578
2023-02-20,22.799999237060547,22.899999618530277,22.100000381469727,22.26666641235352,3937248,23.5635955532893,24.383820774222954,30.502291489103754,0.7713402570731233,25.966665267944336,6231033.0,False,False,False,False,0,-0.1424903358752977
2023-02-21,22.36666679382324,22.466665267944336,22.13333320617676,22.200000762939453,3019972,23.43372938277979,24.298180773780462,30.018573758148364,0.7400539574084413,25.966665267944336,6111842.85,False,False,False,False,0,-0.14505769093325982
2023-02-22,22.066665649414062,22.200000762939453,21.66666603088379,21.733333587646484,3391411,23.271786926100432,24.197598531186973,26.81307253708644,0.7252882984546715,25.966665267944336,6025027.65,False,False,False,False,0,-0.16302947015394653
2023-02-23,21.733333587646484,22.26666641235352,21.53333282470703,22.200000762939453,4087663,23.169712053418433,24.119261363804718,34.36138679263961,0.7258629619683727,25.36666679382324,5516955.6,False,False,False,False,0,-0.12483571675466898
2023-02-24,22.333332061767575,22.5,21.833332061767575,22.0,3343576,23.05831090547382,24.036153075028064,32.80003815712371,0.7216347459872338,25.200000762939453,5390098.95,False,False,False,False,0,-0.12698415341500924
2023-02-27,22.53333282470703,22.600000381469727,21.86666679382324,22.16666603088379,8647558,22.973392345989055,23.96283985761064,35.432973038926846,0.7224703775343234,25.200000762939453,5150381.25,False,False,False,True,1,-0.12037042223096506
2023-02-28,22.16666603088379,22.333332061767575,22.066665649414062,22.200000762939453,3088909,22.899736004746234,23.89370891272157,35.97331249897698,0.6899129514499798,25.200000762939453,5255527.7,False,False,False,False,0,-0.1190476154434078
2023-03-01,22.233333587646484,22.66666603088379,22.13333320617676,22.566665649414062,3628803,22.868015018524126,23.841668000435003,41.74794296441501,0.678728656682626,25.200000762939453,5019895.7,False,False,False,False,0,-0.10449742197619782
2023-03-02,22.66666603088379,24.600000381469727,22.63333320617676,24.13333320617676,25076928,22.98852151258628,23.853105851640564,58.83267088592919,0.7754862334949859,24.333332061767575,4740143.15,False,False,True,True,2,-0.008219131481177255
2023-03-03,24.333332061767575,24.36666679382324,23.66666603088379,23.733333587646484,6078094,23.05945599592535,23.848408900111384,54.44230499483582,0.7700944141695906,24.600000381469727,5556442.05,False,False,True,True,2,-0.03523035692617593
2023-03-06,23.833332061767575,23.966665267944336,23.733333587646484,23.86666679382324,3525610,23.13633321477277,23.849124895943223,55.63087947067436,0.7317542188930378,24.600000381469727,5326191.5,False,False,True,False,1,-0.029810307978648698
2023-03-08,24.466665267944336,24.53333282470703,24.066665649414062,24.16666603088379,11394012,23.234460149640483,23.861577489470307,58.26897329848104,0.7271050626066632,24.600000381469727,5241964.4,False,False,True,True,2,-0.01761521723033599
2023-03-09,24.200000762939453,25.26666641235352,24.13333320617676,24.700000762939453,14818759,23.37403544614515,23.89445683352792,62.53390646996449,0.7561213585759557,24.600000381469727,5513754.05,False,True,True,True,2,0.004065056094269437
2023-03-10,24.966665267944336,25.700000762939453,24.76666641235352,25.100000381469727,21686170,23.538413059033207,23.941733051094264,65.390769978137,0.7735412615348161,25.26666641235352,6040526.65,False,False,True,True,2,-0.006596280972083646
2023-03-13,25.16666603088379,25.466665267944336,24.100000381469727,24.299999237060547,9048178,23.61094507598819,23.95578270544588,56.16627834882732,0.8159072347448013,25.700000762939453,6902337.55,False,False,True,True,2,-0.05447476592676881
2023-03-14,24.299999237060547,24.399999618530277,23.53333282470703,23.700000762939453,6440349,23.619426569983553,23.945752041033863,50.42134924163333,0.8195329175361188,25.700000762939453,7138463.8,False,False,True,False,1,-0.07782100936292924
2023-03-15,24.733333587646484,24.799999237060547,23.799999237060547,23.899999618530277,11993130,23.64614781270229,23.943957828386665,52.17727204932128,0.8395661715779027,25.700000762939453,7301401.75,False,False,True,True,2,-0.0700389529561749
2023-03-16,23.66666603088379,23.799999237060547,23.16666603088379,23.36666679382324,5273430,23.619530572809044,23.92131896428614,47.36023434685004,0.8319781298685159,25.700000762939453,7743048.8,False,False,False,False,0,-0.09079120232871685
2023-03-17,23.600000381469727,23.899999618530277,23.333332061767575,23.466665267944336,5506935,23.604971972345737,23.903489407566855,48.32355538496188,0.8130273746466722,25.700000762939453,7732452.3,False,False,False,False,0,-0.08690021123328862
2023-03-20,23.333332061767575,23.433332443237305,22.700000762939453,22.799999237060547,6766578,23.528307902318577,23.860215283233273,42.711732877336814,0.8097157411008301,25.700000762939453,7888965.6,False,False,False,False,0,-0.11284052294896574
2023-03-21,22.933332443237305,23.066665649414062,22.53333282470703,22.600000381469727,4735009,23.439897662237737,23.810795091007254,41.167189421566114,0.7899741042155588,25.700000762939453,8037665.65,False,False,False,False,0,-0.12062257935571996
2023-03-22,22.66666603088379,22.933332443237305,22.5,22.700000762939453,6530830,23.369431290875994,23.76723452912224,42.290904064627476,0.7644996998599692,25.700000762939453,8077553.7,False,False,False,False,0,-0.11673151404439386
2023-03-23,22.86666679382324,23.13333320617676,22.5,22.566665649414062,7905978,23.29297742026057,23.720153396584667,41.161991303467374,0.755130664596883,25.700000762939453,8253096.6,False,False,False,False,0,-0.12191965060342724
2023-03-24,22.700000762939453,22.833332061767575,21.700000762939453,21.86666679382324,7758040,23.157138312980823,23.647467647456768,35.76438015777542,0.7821449956134001,25.700000762939453,8478824.95,False,False,False,False,0,-0.1491569593509139
2023-03-27,22.03333282470703,22.16666603088379,21.13333320617676,21.333332061767575,8007883,22.98344247953194,23.556717232331703,32.29012172834243,0.8000869834058022,25.700000762939453,8662343.8,False,False,False,False,0,-0.16990928293935348
2023-03-28,21.333332061767575,21.399999618530277,20.63333320617676,20.733333587646484,10085763,22.769146394590468,23.445996305089146,28.89000381076208,0.7976997997592103,25.700000762939453,8895559.15,False,False,False,True,1,-0.1932555263755137
2023-03-29,20.933332443237305,24.53333282470703,20.933332443237305,23.5,43782847,22.838751499867566,23.448114097046435,53.306083514996644,1.0121497595664488,25.700000762939453,8967469.4,False,False,True,True,2,-0.08560313998558133
2023-03-31,23.466665267944336,24.100000381469727,23.066665649414062,23.63333320617676,15010779,22.91442594808749,23.455377591522137,54.12360795001095,1.013662971887107,25.700000762939453,11002166.3,False,False,True,True,2,-0.08041507764244582
2023-04-03,23.63333320617676,24.066665649414062,23.53333282470703,23.76666641235352,6032257,22.995591706589018,23.467584996260623,54.97259687292593,0.9793536756599589,25.700000762939453,11571265.1,False,False,True,False,1,-0.07522701529931031
2023-04-05,24.66666603088379,25.16666603088379,24.299999237060547,24.63333320617676,27575293,23.151567087502137,23.513300612335765,60.13659081215563,1.0093998144364098,25.700000762939453,10619031.55,False,False,True,True,2,-0.0415045729609812
2023-04-06,24.53333282470703,25.333332061767575,24.16666603088379,25.13333320617676,12370321,23.3403067178521,23.576831302290316,62.788100358623566,1.0206331156112225,25.700000762939453,11693891.5,False,False,True,True,2,-0.02204932062024889
2023-04-10,25.13333320617676,25.26666641235352,24.76666641235352,24.86666679382324,4946698,23.48567434413507,23.627413086272,60.47764989719688,0.9834450359247067,25.700000762939453,12136127.05,False,False,True,False,1,-0.03242544530651992
2023-04-11,24.86666679382324,25.86666679382324,24.466665267944336,25.299999237060547,20990170,23.65846719108035,23.693004700028418,62.86874327472567,1.013199070921435,25.700000762939453,11813761.35,False,False,True,True,2,-0.01556426124530419
2023-04-12,25.100000381469727,25.600000381469727,25.0,25.333332061767575,7661313,23.8179781311458,23.757331263233876,63.05390784053849,0.9836848788177415,25.86666679382324,12122331.9,True,False,True,False,1,-0.020618610673989957
2023-04-13,25.200000762939453,25.733333587646484,25.13333320617676,25.433332443237305,5262561,23.97182139896404,23.8230567997046,63.639721714369564,0.956278843292883,25.86666679382324,11421089.05,True,False,True,False,1,-0.01675261656401017
2023-04-17,25.36666679382324,26.566665649414062,25.13333320617676,25.833332061767575,20130867,24.14910812875485,23.90189112370707,65.96442154298762,0.9903541004317701,25.86666679382324,11231808.2,True,False,True,True,2,-0.0012887138617961869
2023-04-18,25.86666679382324,25.933332443237305,25.26666641235352,25.5,5103768,24.277764497444863,23.964562060032286,62.38492819655999,0.9672335240354855,26.566665649414062,11916334.1,True,False,True,False,1,-0.040150527864138974
2023-04-19,25.5,25.966665267944336,25.233333587646484,25.399999618530277,8328676,24.384644032786333,24.020853728992993,61.31006588455985,0.9505262494827973,26.566665649414062,11571866.0,True,False,True,False,1,-0.04391465780010362
2023-04-20,25.86666679382324,26.26666641235352,25.700000762939453,26.0,14134516,24.538487458235252,24.09846730824817,65.18588153336815,0.9445362883642577,26.566665649414062,11724628.3,True,False,True,True,2,-0.021329949979122076
2023-04-21,26.0,26.0,25.26666641235352,25.399999618530277,6024222,24.620536235406206,24.149507791004332,58.8382784518088,0.9294503811701308,26.566665649414062,12156007.35,True,False,True,False,1,-0.04391465780010362
2023-04-24,25.399999618530277,25.600000381469727,25.200000762939453,25.333332061767575,8530155,24.688421552202527,24.195932272210733,58.16058593725855,0.8916324695529981,26.566665649414062,12118889.55,True,False,True,False,1,-0.046424101689016006
2023-04-25,25.399999618530277,26.233333587646484,25.299999237060547,25.833332061767575,9562726,24.797460648351578,24.260144028663944,61.72154724446013,0.8946111753410653,26.566665649414062,12308646.85,True,False,True,False,1,-0.027603523803999108
2023-04-26,25.799999237060547,26.53333282470703,25.700000762939453,25.899999618530277,9373891,24.902464359797168,24.324452091011644,62.18370459110511,0.8902340958001019,26.566665649414062,12460241.65,True,False,True,False,1,-0.02509407991508672
2023-04-27,25.899999618530277,26.13333320617676,25.76666641235352,25.833332061767575,4153545,24.991118426651493,24.3836238545707,61.3855512611818,0.8528364313731834,26.566665649414062,12533637.3,True,False,True,False,1,-0.027603523803999108
2023-04-28,25.86666679382324,26.799999237060547,25.86666679382324,26.200000762939453,10394623,25.10625007772654,24.454854321565556,64.11378384347667,0.8609671987960256,26.566665649414062,12353412.55,True,False,True,False,1,-0.013801690107192566
2023-05-02,26.333332061767575,27.066665649414062,26.333332061767575,26.700000762939453,15644386,25.258035857270627,24.542899280050808,67.48717784263167,0.861374176487353,26.799999237060547,12472749.55,True,False,True,True,2,-0.0037312864540238744
2023-05-03,26.566665649414062,27.63333320617676,26.433332443237305,27.03333282470703,19676644,25.42711175893124,24.64056334062556,69.54270179744891,0.8855617898053605,27.066665649414062,12750680.7,True,False,True,True,2,-0.0012315083482680178
2023-05-04,27.100000381469727,27.933332443237305,26.86666679382324,27.63333320617676,20381466,25.637228087240338,24.757926864764826,72.86785134977445,0.898497779777411,27.63333320617676,11545370.55,True,False,True,True,2,0.0
2023-05-05,27.799999237060547,28.100000381469727,27.066665649414062,27.233333587646484,13813881,25.789238134898067,24.855001638211167,67.57150776122107,0.9081289906544291,27.933332443237305,11813904.9,True,False,True,True,2,-0.02505962570034459
2023-05-08,27.433332443237305,28.66666603088379,27.299999237060547,27.76666641235352,35919451,25.97756463751287,24.969184570530476,70.63612968976153,0.9456435229817773,28.100000381469727,12202986.1,True,False,True,True,2,-0.011862418668720731
2023-05-09,27.86666679382324,28.13333320617676,26.833332061767575,26.933332443237305,10520214,26.068590142819957,25.046209977303292,60.94462881356691,0.9709547816551637,28.66666603088379,12620194.0,True,False,True,False,1,-0.060465126491482946
2023-05-10,27.03333282470703,27.433332443237305,26.100000381469727,27.26666641235352,13467993,26.182692644680294,25.13328670024644,63.12410385023233,0.9968388730917647,28.66666603088379,12527688.65,True,False,True,True,2,-0.048837197078376415
2023-05-11,27.399999618530277,27.933332443237305,27.100000381469727,27.63333320617676,12069357,26.32084888863234,25.231327739694688,65.41070061878065,0.985159815140037,28.66666603088379,12953753.4,True,False,True,False,1,-0.036046494684585095
2023-05-12,27.799999237060547,28.0,27.399999618530277,27.53333282470703,9448746,26.436323549210883,25.32160244891086,64.24073721485571,0.9576484270207289,28.66666603088379,12507712.75,True,False,True,False,1,-0.03953488016205897
2023-05-15,27.53333282470703,27.600000381469727,26.833332061767575,27.399999618530277,7116745,26.528102222479397,25.403108220268486,62.63215890821086,0.9440069907836877,28.66666603088379,12597084.4,True,False,True,False,1,-0.04418603862021764
2023-05-16,27.399999618530277,28.433332443237305,27.36666679382324,27.799999237060547,22132935,26.649235271487125,25.497103946417194,65.42889144656932,0.9527683235430005,28.66666603088379,12689793.6,True,False,True,True,2,-0.030232563245741417
2023-05-17,27.899999618530277,28.5,27.5,27.600000381469727,12358411,26.739784329580704,25.579570473282,62.89425025228452,0.9561420147185005,28.66666603088379,12789897.0,True,False,True,False,1,-0.03720926766527011
2023-05-18,27.833332061767575,28.066665649414062,27.100000381469727,27.299999237060547,8114338,26.79313813029307,25.647038267939983,59.19020041449365,0.9568936756632029,28.66666603088379,13152629.15,True,False,True,False,1,-0.047674424097691515
2023-05-19,27.466665267944336,27.466665267944336,26.700000762939453,27.066665649414062,7084971,26.819188370209353,25.702709929958573,56.40765077561954,0.9433058777590373,28.66666603088379,13141912.25,True,False,True,False,1,-0.05581396803332417
2023-05-22,27.13333320617676,27.16666603088379,26.66666603088379,26.799999237060547,4038837,26.81736083371899,25.74574088317826,53.32248010649591,0.9116411722048203,28.66666603088379,12789435.0,True,False,True,False,1,-0.06511628494964172
2023-05-23,26.899999618530277,27.13333320617676,26.733333587646484,26.833332061767575,4521937,26.818881903056948,25.788391517632743,53.66363501612656,0.875095346942353,28.66666603088379,12690165.75,True,False,True,False,1,-0.06395351196895682
2023-05-24,26.700000762939453,28.966665267944336,26.600000381469727,28.86666679382324,59075245,27.01390903551088,25.909108195130408,68.69454601293215,0.9816360283375142,28.66666603088379,12489754.85,True,True,True,True,2,0.006976770954947531
2023-05-25,29.0,29.26666641235352,28.200000762939453,28.466665267944336,17954737,27.152266771933114,26.009404550927034,64.27723497138084,0.987709572700125,28.966665267944336,14965380.8,True,False,True,True,2,-0.01726122062636326
2023-05-26,28.53333282470703,28.66666603088379,27.86666679382324,27.933332443237305,8678551,27.226653978723988,26.084852703566654,58.8439911623434,0.9743016915830126,29.26666641235352,15394423.1,True,False,True,False,1,-0.04555810868003096
2023-05-29,28.16666603088379,28.433332443237305,27.600000381469727,28.100000381469727,10499389,27.309829826604535,26.163878102700107,59.9823827203626,0.9642324323104816,29.26666641235352,15620673.4,True,False,True,False,1,-0.03986330436292329
2023-05-30,28.933332443237305,29.466665267944336,28.233333587646484,28.399999618530277,38208063,27.413655521073654,26.251569142536585,62.018858273353445,0.9929776076079193,29.26666641235352,15625911.7,True,False,True,True,2,-0.029612760866315146
2023-05-31,28.433332443237305,28.5,27.933332443237305,28.233333587646484,8564841,27.491720098842496,26.329285395285993,60.186384138892855,0.9625268896904033,29.466665267944336,16754095.55,True,False,True,False,1,-0.041855149508198575
2023-06-01,28.233333587646484,29.0,28.233333587646484,28.799999237060547,16831465,27.61631811200612,26.426176134179116,64.0732253091295,0.9485368555949114,29.466665267944336,16198505.4,True,False,True,True,2,-0.022624413886732864
2023-06-02,29.0,29.799999237060547,28.733333587646484,29.16666603088379,33083815,27.763970294756376,26.533646326206753,66.36161353962379,0.9569746265819936,29.466665267944336,16021005.35,True,False,True,True,2,-0.010180970066772543
2023-06-05,29.333332061767575,29.53333282470703,28.36666679382324,28.5,11803050,27.834068361922437,26.61075823498296,59.00283424091832,0.9719525840321221,29.799999237060547,16984502.05,True,False,True,False,1,-0.04362413658869535
2023-06-06,28.63333320617676,28.700000762939453,27.933332443237305,28.26666641235352,10869132,27.875268176249207,26.67569581056612,56.63564851197801,0.957289422294267,29.799999237060547,15778682.0,True,False,True,False,1,-0.05145412295179219
2023-06-07,28.26666641235352,28.833332061767575,28.233333587646484,28.36666679382324,11344987,27.922068044589594,26.74200839814483,57.42402407333447,0.9317686402818972,29.799999237060547,15796127.9,True,False,True,False,1,-0.04809840536689525
2023-06-08,28.466665267944336,28.66666603088379,27.53333282470703,27.733333587646484,12102918,27.904093334404536,26.780883895772345,51.08906858043421,0.9461661092743873,29.799999237060547,15689977.6,True,False,True,False,1,-0.06935119806459156
2023-06-09,27.86666679382324,28.299999237060547,27.600000381469727,27.700000762939453,7390641,27.884655946645957,26.816927694484782,50.77160393189451,0.9285827340112754,29.799999237060547,15691655.65,True,False,True,False,1,-0.07046974925789418
2023-06-12,27.700000762939453,28.299999237060547,27.566665649414062,27.899999618530277,10680018,27.886117248730176,26.85940110327088,52.67192213546285,0.9146363664137903,29.799999237060547,15588750.4,True,False,True,False,1,-0.06375837809308904
2023-06-13,28.066665649414062,28.299999237060547,27.733333587646484,27.86666679382324,7871617,27.884264824453325,26.898901718586657,52.309495203436875,0.8897813151995241,29.799999237060547,15766914.05,True,False,True,False,1,-0.06487692928639188
2023-06-14,27.966665267944336,28.13333320617676,27.566665649414062,27.700000762939453,5310160,27.86671586621391,26.93031736738481,50.44061556926277,0.8667017610254651,29.799999237060547,15053848.15,True,False,True,False,1,-0.07046974925789418
2023-06-15,27.700000762939453,28.100000381469727,27.26666641235352,27.36666679382324,8622319,27.819092145033846,26.947429109598083,46.83647155373841,0.864318347317661,29.799999237060547,14701435.6,True,False,False,False,0,-0.0816554532058884
2023-06-16,27.566665649414062,27.76666641235352,27.333332061767575,27.466665267944336,5065015,27.78552768054913,26.96779131188617,48.03603310898757,0.8335337761225384,29.799999237060547,14726834.65,True,False,False,False,0,-0.07829979962598044
2023-06-19,27.566665649414062,27.799999237060547,27.200000762939453,27.433332443237305,6942667,27.751985276995622,26.986047826841116,47.650078888818015,0.8168526831224353,29.799999237060547,14625836.85,True,False,False,False,0,-0.07941835081928306
2023-06-20,27.433332443237305,27.66666603088379,27.100000381469727,27.399999618530277,7169569,27.718462833332257,27.002281230436772,47.24131238929851,0.7989821807146944,29.799999237060547,14771028.35,True,False,False,False,0,-0.08053690201258557
2023-06-21,27.5,27.966665267944336,27.100000381469727,27.233333587646484,12528415,27.67226004802885,27.011342107190092,45.15546904648206,0.8038166596975456,29.799999237060547,14903409.95,True,False,False,False,0,-0.08612972198408808
2023-06-22,27.233333587646484,27.399999618530277,26.833332061767575,26.966665267944336,5827189,27.605060545163656,27.009590074278496,41.962941371504066,0.7868774380593425,29.799999237060547,12576068.45,True,False,False,False,0,-0.09507832354547696
2023-06-23,26.966665267944336,27.03333282470703,26.36666679382324,26.466665267944336,6152473,27.496641947333245,26.988298905402647,36.72068400643784,0.7782909089753747,29.799999237060547,11969691.05,True,False,False,False,0,-0.1118568474649736
2023-06-26,26.466665267944336,26.53333282470703,26.03333282470703,26.466665267944336,6100998,27.398548930248587,26.967842684325852,36.720684006437835,0.758412986905705,29.799999237060547,11843387.15,True,False,False,False,0,-0.1118568474649736
2023-06-27,26.600000381469727,26.76666641235352,26.299999237060547,26.399999618530277,4412409,27.303448995799226,26.945574328804458,36.02477073566392,0.7375740003619384,29.799999237060547,11623467.6,True,False,False,False,0,-0.11409394985157872
2023-06-28,26.53333282470703,26.63333320617676,25.466665267944336,25.63333320617676,17284786,27.144390349168514,26.89411389262298,29.1766834636651,0.7682235673526876,29.799999237060547,9933684.9,True,False,False,True,1,-0.13982101132747493
2023-06-30,25.733333587646484,26.53333282470703,25.66666603088379,26.399999618530277,14523754,27.073495993869635,26.874736862266403,41.211629945946235,0.7776361424368007,29.799999237060547,10369682.15,True,False,False,True,1,-0.11409394985157872
2023-07-03,26.66666603088379,26.76666641235352,26.100000381469727,26.200000762939453,15550140,26.990305971876285,26.848276623077112,39.33386889804135,0.7697097058973,29.799999237060547,10254296.6,True,False,False,True,1,-0.12080532101638386
2023-07-04,26.233333587646484,27.13333320617676,25.933332443237305,26.799999237060547,16443058,26.97218152094145,26.846383392252935,47.11839971433424,0.8004447814003112,29.53333282470703,9377612.85,True,False,False,True,1,-0.09255080027269491
2023-07-05,26.899999618530277,27.26666641235352,26.799999237060547,27.03333282470703,8637810,26.97800545463341,26.853714742545254,49.81532582407668,0.7766035238212156,28.833332061767575,9609613.25,True,False,False,False,0,-0.062427721957508564
2023-07-06,27.100000381469727,27.566665649414062,26.799999237060547,26.899999618530277,10870609,26.970576327385494,26.85552983572114,48.29948802288507,0.7758937301449513,28.833332061767575,9498047.15,True,False,False,True,1,-0.06705199520803418
2023-07-07,26.899999618530277,27.200000762939453,26.399999618530277,26.76666641235352,7569474,26.951156335477688,26.852044995589075,46.76694237932279,0.7776156883066817,28.66666603088379,9474328.25,True,False,False,False,0,-0.06627905793032651
2023-07-10,26.733333587646484,28.13333320617676,26.66666603088379,27.399999618530277,23051683,26.99390331481603,26.873533412175007,54.200699325437434,0.8268336516628453,28.299999237060547,9247656.05,True,False,True,True,2,-0.03180210751919976
2023-07-11,27.5,27.799999237060547,27.36666679382324,27.63333320617676,9324154,27.05480139970753,26.90332948252802,56.60503956511432,0.7987264224895927,28.299999237060547,10030708.15,True,False,True,False,1,-0.02355710419987389
2023-07-12,27.799999237060547,28.13333320617676,27.0,27.13333320617676,18751497,27.062280619371265,26.912349236396597,50.48848509957502,0.8226269070386762,28.299999237060547,9962914.95,True,False,True,True,2,-0.04122494919914932
2023-07-13,27.26666641235352,27.53333282470703,26.799999237060547,27.13333320617676,11745109,27.069047532400358,26.92101527442719,50.48848509957502,0.8162488127963768,28.13333320617676,10506908.95,True,False,True,True,2,-0.035545023857338265
2023-07-14,27.233333587646484,27.733333587646484,27.16666603088379,27.433332443237305,13214821,27.10374133343245,26.941106143792297,53.950998622090935,0.8008024962730445,28.13333320617676,10828656.4,True,False,True,True,2,-0.024881543818838003
2023-07-17,27.5,27.76666641235352,27.26666641235352,27.700000762939453,9879742,27.16052794576645,26.97086671709219,56.840342361714164,0.7793166036821128,28.13333320617676,11058281.5,True,False,True,False,1,-0.015402812033028845
2023-07-18,27.76666641235352,27.899999618530277,27.566665649414062,27.76666641235352,8735053,27.218255418774742,27.00207454827891,57.55730629327709,0.74746070121312,28.13333320617676,11299017.85,True,False,True,False,1,-0.013033179934140882
2023-07-19,27.733333587646484,28.233333587646484,27.566665649414062,27.700000762939453,14235339,27.26413592774281,27.029444203755794,56.545718163275886,0.7416897895716416,28.13333320617676,11388637.15,True,False,True,True,2,-0.015402812033028845
2023-07-20,27.733333587646484,27.899999618530277,27.433332443237305,27.53333282470703,7546129,27.28977372745369,27.049204541832314,53.990908603296056,0.7220453171231652,28.233333587646484,11741925.65,True,False,True,False,1,-0.024793415229072968
2023-07-21,27.63333320617676,28.0,27.5,27.600000381469727,8189467,27.319319123074262,27.07080437868084,54.86928008984856,0.7061849373286534,28.233333587646484,11492811.35,True,False,True,False,1,-0.02243210863537115
2023-07-24,27.63333320617676,28.299999237060547,27.600000381469727,27.899999618530277,14879670,27.374622027403404,27.103321839067092,58.691086135658026,0.7057430743473797,28.233333587646484,11610925.25,True,False,True,True,2,-0.01180639785526627
2023-07-25,28.066665649414062,29.16666603088379,27.933332443237305,28.5,30518185,27.481800881936415,27.158093531652696,65.0633493751021,0.7458090270621035,28.299999237060547,12047285.1,True,True,True,True,2,0.007067164958702188
2023-07-26,28.36666679382324,29.0,27.933332443237305,28.5,22508554,27.5787722265139,27.21071731472514,65.0633493751021,0.7687274934692887,29.16666603088379,13268144.45,True,False,True,True,2,-0.022857121557118498
2023-07-27,28.66666603088379,29.16666603088379,28.299999237060547,28.566665649414062,16544188,27.672857314409153,27.263891759222744,65.74428018368452,0.7757231577802854,29.16666603088379,14172951.7,True,False,True,True,2,-0.020571442098812454
2023-07-28,28.66666603088379,29.233333587646484,28.63333320617676,28.833332061767575,20975938,27.78337871891948,27.325438437753913,68.39761730295903,0.7679334992411523,29.16666603088379,14135921.8,True,False,True,True,2,-0.011428593475965254
2023-07-31,28.966665267944336,31.0,28.833332061767575,30.76666641235352,67618972,28.06750135638939,27.46038855440488,80.30709052155015,0.8678431020262433,29.233333587646484,14458531.0,True,True,True,True,2,0.05245152148350929
2023-08-01,30.966665267944336,30.966665267944336,29.86666679382324,30.299999237060547,22238860,28.280120202167595,27.571745836077653,73.14195725750584,0.8844256286044471,31.0,17061972.6,True,False,True,True,2,-0.02258066977224038
2023-08-02,30.0,31.16666603088379,28.899999618530277,29.5,27396061,28.396299230532588,27.64736364642755,62.79807203653106,0.9831571131579517,31.0,17351762.7,True,False,True,True,2,-0.048387096774193505
2023-08-03,29.399999618530277,30.200000762939453,28.899999618530277,29.233333587646484,16432258,28.476016788352958,27.709558546083194,59.76403781086547,1.0057888296758963,31.16666603088379,18289675.25,True,False,True,False,1,-0.06203205826768632
2023-08-04,29.433332443237305,32.06666564941406,29.433332443237305,31.63333320617676,76671700,28.776713590050463,27.863432062165295,72.59645460855131,1.1363276319681592,31.16666603088379,18567757.7,True,True,True,True,2,0.014973278657092859
2023-08-07,31.899999618530277,32.599998474121094,31.0,32.06666564941406,40919418,29.0900423576089,28.028264751861325,74.19662175862851,1.1694469778362262,32.06666564941406,22022869.0,True,False,True,True,2,0.0
2023-08-08,32.20000076293945,33.099998474121094,31.5,32.16666412353516,33465598,29.38305395436378,28.190554923299516,74.56571406844418,1.2002006561422882,32.599998474121094,22916255.75,True,False,True,True,2,-0.01329246536406814
2023-08-09,32.29999923706055,32.900001525878906,31.76666641235352,32.53333282470703,21876988,29.68308051344409,28.36085993904099,75.9255305579851,1.1954245459553667,33.099998474121094,24123327.95,True,False,True,False,1,-0.017119808928604763
2023-08-10,32.46666717529297,32.66666412353516,31.600000381469727,31.76666641235352,14765065,29.88151726572118,28.49442097721011,67.76726240181148,1.1862273456775145,33.099998474121094,24279602.5,True,False,True,False,1,-0.0402819372577925
2023-08-11,32.93333435058594,34.133331298828125,32.26666641235352,32.5,68879868,30.130896573747734,28.651502507515595,70.97941471651262,1.2705443128773066,33.099998474121094,24430600.3,True,False,True,True,2,-0.018126842954092504
2023-08-14,32.633331298828125,32.633331298828125,31.066665649414062,31.600000381469727,20857447,30.27081122210221,28.76712987512164,62.71863623627739,1.2916958369156464,34.133331298828125,27213852.65,True,False,True,False,1,-0.07421868364326256
2023-08-16,31.600000381469727,33.20000076293945,31.233333587646484,32.29999923706055,23107651,30.464067223526815,28.905673771668265,66.03011745101685,1.3399080753711694,34.133331298828125,27762737.9,True,False,True,False,1,-0.05371090344851637
2023-08-17,32.33333206176758,32.633331298828125,31.53333282470703,31.733333587646484,13295659,30.584949734395355,29.016562391902706,61.284472958204276,1.3227716752818783,34.133331298828125,28481367.8,True,False,True,False,1,-0.07031243713572244
2023-08-18,31.733333587646484,32.26666641235352,31.36666679382324,31.566665649414062,11760831,30.67844648820666,29.11656644121688,59.92039970798788,1.292573671228193,34.133331298828125,28434383.8,True,False,True,False,1,-0.07519528717966595
2023-08-21,31.566665649414062,32.33333206176758,31.36666679382324,31.63333320617676,10417626,30.76938808039429,29.215263177097658,60.30103893075263,1.2692944995650606,34.133331298828125,28645118.9,True,False,True,False,1,-0.07324213598621687
2023-08-22,31.76666641235352,34.26666641235352,31.733333587646484,34.03333282470703,85808199,31.080239960805027,29.404207084847044,70.98431229273133,1.3667258357516108,34.133331298828125,28756526.85,True,False,True,True,2,-0.0029296429711367367
2023-08-23,34.46666717529297,34.733333587646484,33.5,33.76666641235352,46704640,31.33609009904774,29.575283921219846,68.76986572821492,1.357197818029816,34.26666641235352,32302953.3,True,False,True,True,2,-0.01459143979700761
2023-08-24,34.0,34.33333206176758,33.46666717529297,33.79999923706055,17432170,31.57074811219182,29.740959031644973,68.90046633251664,1.3221597514901586,34.733333587646484,33112276.05,True,False,True,False,1,-0.026871430242385252
2023-08-25,33.56666564941406,33.83333206176758,32.29999923706055,32.733333587646484,15952273,31.681470538425593,29.858307053448954,60.22157380612478,1.337243542434221,34.733333587646484,32858456.85,True,False,True,False,1,-0.057581573474748016
2023-08-28,32.96666717529297,34.26666641235352,32.66666412353516,33.900001525878906,21932815,31.892759203897338,30.016804875897186,65.36096391359149,1.3560120243188025,34.733333587646484,32828861.1,True,False,True,False,1,-0.02399228567176659
2023-08-29,34.33333206176758,34.66666412353516,33.76666641235352,34.06666564941406,23287614,32.09979791299417,30.175622945446868,66.03605391167365,1.3234395733804338,34.733333587646484,32876704.95,True,False,True,False,1,-0.019193894434294534
2023-08-30,34.20000076293945,35.0,34.0,34.233333587646484,29957388,32.30299178677058,30.334748852984106,66.73426638727209,1.3003367467104028,34.733333587646484,30660137.05,True,False,True,False,1,-0.014395393368687004
2023-08-31,34.400001525878906,34.93333435058594,34.06666564941406,34.29999923706055,14136358,32.493182972512486,30.490248868045928,67.02625936939815,1.269360457743365,35.0,31046063.45,True,False,True,False,1,-0.020000021798270096
2023-09-01,34.29999923706055,35.53333282470703,34.233333587646484,35.16666412353516,35149191,32.74780022499083,30.673637701594526,70.63487726840299,1.2715489419803068,35.0,30383078.3,True,True,True,True,2,0.0047618321010045594
2023-09-04,35.43333435058594,38.46666717529297,35.233333587646484,37.33333206176758,80946138,33.1845175427791,30.9348021863072,77.31800510847363,1.416438521250128,35.53333282470703,31318924.95,True,True,True,True,2,0.0506566396667687
2023-09-05,37.56666564941406,40.76666641235352,36.70000076293945,39.76666641235352,125678907,33.81138886369095,31.2811498030149,82.21381784412004,1.6057404589761237,38.46666717529297,31532646.85,True,True,True,True,2,0.033795473653499775
2023-09-06,41.09999847412109,42.400001525878906,39.33333206176758,39.86666488647461,126720097,34.38808181824177,31.617836669032926,82.38211377670473,1.7100925307714956,40.76666641235352,35770621.3,True,False,True,True,2,-0.02207689774717969
2023-09-07,39.86666488647461,40.53333282470703,39.0,39.29999923706055,37653733,34.855883477176896,31.91909794621048,77.88471579245677,1.6974668374811768,42.400001525878906,40433346.25,True,False,True,False,1,-0.07311325889755615
2023-09-08,39.33333206176758,40.26666641235352,38.83333206176758,39.73333358764648,30560260,35.32040253531686,32.22553855960013,78.83620286759142,1.6786002312743744,42.400001525878906,41222183.5,True,False,True,False,1,-0.0628931094873858
2023-09-11,40.0,40.93333435058594,39.79999923706055,40.16666412353516,33577183,35.78195125800431,32.5369552483819,79.7733652765849,1.6444145549647378,42.400001525878906,42011943.25,True,False,True,False,1,-0.052673050046486924
2023-09-12,40.400001525878906,40.43333435058594,36.26666641235352,36.46666717529297,44286481,35.84716229774609,32.69106159845685,56.690175317701815,1.824575510912429,42.400001525878906,40246809.0,True,False,True,True,2,-0.13993712587402896
2023-09-13,36.633331298828125,38.0,35.70000076293945,37.53333282470703,29816404,36.00774996698046,32.88095458772156,60.260230151807804,1.8585343484944377,42.400001525878906,41418260.7,True,False,True,False,1,-0.11477991806678345
2023-09-14,39.33333206176758,42.33333206176758,38.46666717529297,40.43333435058594,177127098,36.4292341939905,33.17712634312801,67.98659095894001,2.0686389833920167,42.400001525878906,41753698.35,True,False,True,True,2,-0.046383658125403904
2023-09-15,40.83333206176758,41.33333206176758,39.76666641235352,40.23333358764648,38230165,36.791529374338694,33.453840352716966,67.01883770889174,2.032783745250734,42.400001525878906,49945270.3,True,False,True,False,1,-0.051100657081580514
2023-09-18,40.33333206176758,40.400001525878906,38.96666717529297,39.133331298828125,22419694,37.01455812905197,33.67656548785858,61.80772184134027,1.9899659313461056,42.400001525878906,51268737.0,True,False,True,False,1,-0.07704410635591519
2023-09-20,39.633331298828125,40.79999923706055,39.33333206176758,39.5,40917372,37.251266878666065,33.90493546872687,62.84481600216198,1.966873217552271,42.400001525878906,51868840.4,True,False,True,False,1,-0.06839625994137966
2023-09-21,39.5,40.06666564941406,37.79999923706055,38.133331298828125,26712808,37.3352730139196,34.07075491304457,56.6681290576326,1.9882870171809315,42.400001525878906,49624299.05,True,False,True,False,1,-0.10062901116752587
2023-09-22,38.59999847412109,39.66666412353516,37.93333435058594,38.86666488647461,46197421,37.481119858924835,34.258829813963395,58.99689523956356,1.9700757854500954,42.400001525878906,48624707.45,True,False,True,False,1,-0.08333340830772662
2023-09-25,38.86666488647461,39.03333282470703,38.26666641235352,38.43333435058594,15267837,37.57180695336875,34.42253587422311,57.04594746877696,1.8841179730860536,42.400001525878906,50062970.0,True,False,True,False,1,-0.09355346774862516
2023-09-26,38.43333435058594,38.86666488647461,38.09999847412109,38.29999923706055,21414324,37.64115859943464,34.57459326100105,56.42762055889221,1.8043000044623014,42.400001525878906,50028748.2,True,False,True,False,1,-0.09669816370916673
2023-09-27,38.23333358764648,39.5,37.79999923706055,39.133331298828125,28325142,37.78327028509116,34.75336730170015,59.390279062978514,1.796850058639241,42.400001525878906,50002823.65,True,False,True,False,1,-0.07704410635591519
2023-09-28,40.633331298828125,40.96666717529297,38.66666412353516,38.76666641235352,40518357,37.87692705911615,34.9107515805493,57.536534327575474,1.83278955814771,42.400001525878906,50254700.05,True,False,True,False,1,-0.08569186280117869
2023-09-29,39.03333282470703,39.5,38.53333282470703,39.0,15916612,37.98388638681937,35.07111426366502,58.42583920903526,1.7709236736580858,42.400001525878906,50782748.5,True,False,True,False,1,-0.08018871234718494
2023-10-03,39.0,39.56666564941406,38.59999847412109,38.86666488647461,15736170,38.06796052964368,35.21995938612814,57.68242525006776,1.7134767809177207,42.400001525878906,50871761.2,True,False,True,False,1,-0.08333340830772662
2023-10-04,38.900001525878906,39.5,37.900001525878906,38.43333435058594,18825472,38.10275803640008,35.345974090616686,55.22315416762863,1.7053711875751048,42.400001525878906,49901110.15,True,False,True,False,1,-0.09355346774862516
2023-10-05,38.59999847412109,39.0,38.33333206176758,38.5,14392522,38.140590604361975,35.469661381180735,55.537224535728505,1.6311780983363418,42.400001525878906,46795076.85,True,False,True,False,1,-0.09198116475299023
2023-10-06,38.66666412353516,41.23333358764648,38.400001525878906,40.70000076293945,63233376,38.38434395279793,35.674772729485,64.4091392425291,1.7170462385814296,42.400001525878906,41230757.6,True,False,True,True,2,-0.04009435617359247
2023-10-09,39.79999923706055,39.900001525878906,38.36666488647461,38.53333282470703,30255951,38.39853336917022,35.78687312537606,53.1591303575733,1.7610669270016734,42.33333206176758,38056421.55,True,False,True,False,1,-0.08976376420160026
2023-10-10,38.93333435058594,42.06666564941406,38.73333358764648,41.23333358764648,88867260,38.668514342358435,36.00045981017098,62.05380086931901,1.887657348266342,42.33333206176758,37686532.45,True,False,True,True,2,-0.025984216704608043
2023-10-11,41.56666564941406,43.09999847412109,41.46666717529297,41.76666641235352,83380914,38.96357644426273,36.226585559276174,63.52711105061167,1.8861578867097897,42.33333206176758,40601882.45,True,False,True,True,2,-0.013385803144133512
2023-10-12,41.93333435058594,43.56666564941406,41.46666717529297,42.5,72392391,39.30037868766628,36.47260181185358,65.51003737664846,1.9014322143820257,43.09999847412109,43092069.0,True,False,True,True,2,-0.013921078778723173
2023-10-13,42.400001525878906,43.33333206176758,41.83333206176758,42.0,32818482,39.557485479317116,36.68936252511423,62.99527195297935,1.8727584847833096,43.56666564941406,44497364.5,True,False,True,False,1,-0.0359601917213771
2023-10-16,42.633331298828125,44.133331298828125,42.5,42.66666412353516,49761115,39.8535977311474,36.923766509366025,64.92842680510654,1.8913708286436535,43.56666564941406,44647468.4,True,False,True,True,2,-0.020658030915684855
2023-10-17,43.16666412353516,43.633331298828125,42.133331298828125,43.133331298828125,38175690,40.16595330902175,37.167278854050814,66.25727223900415,1.8634157694548212,44.133331298828125,38279169.25,True,False,True,False,1,-0.022658611316443977
2023-10-18,43.33333206176758,44.96666717529297,42.73333358764648,43.06666564941406,79187581,40.44221162715435,37.39862735582976,65.87329265275835,1.8898384707542264,44.133331298828125,38276445.5,True,False,True,True,2,-0.02416916235467559
2023-10-19,44.400001525878906,48.26666641235352,43.76666641235352,47.16666412353516,262707238,41.082635674428715,37.78168762122998,75.33897571865958,2.1262786344817433,44.96666717529297,41114839.85,True,True,True,True,2,0.04892506130521035
2023-10-20,48.16666412353516,49.56666564941406,45.33333206176758,45.66666412353516,238158241,41.51920981243885,38.09090238602626,67.91686468246749,2.2767825597077964,48.26666641235352,52204333.15,True,False,True,True,2,-0.05386745101901025
2023-10-23,45.86666488647461,46.33333206176758,41.133331298828125,41.59999847412109,116939676,41.526903970694306,38.22851399732409,52.74548933404995,2.485583859938629,49.56666564941406,62776604.8,True,False,True,True,2,-0.1607263081128224
2023-10-25,42.03333282470703,43.53333282470703,40.79999923706055,42.36666488647461,103287708,41.60688120076862,38.39079442434961,54.795615270785376,2.5032802690606184,49.56666564941406,66313717.55,True,False,True,True,2,-0.14525892893149583
2023-10-26,42.0,43.0,40.5,42.53333282470703,77019291,41.69511468876276,38.55324691063814,55.25014180598481,2.503045964127717,49.56666564941406,70714711.1,True,False,True,True,2,-0.1418964284274017
2023-10-27,43.0,43.73333358764648,42.33333206176758,42.83333206176758,48669676,41.80351634333465,38.72109338715302,56.105680721263205,2.4242570756813726,49.56666564941406,73494959.45,True,False,True,False,1,-0.13584398908878548
2023-10-30,43.0,45.633331298828125,42.09999847412109,44.73333358764648,82824481,42.08254655707863,38.95686751266257,61.16910158672294,2.5034767720403486,49.56666564941406,74512186.15,True,False,True,True,2,-0.09751174500931392
2023-10-31,44.96666717529297,45.09999847412109,43.5,43.73333358764648,39692854,42.23976436951366,39.14417990775998,57.41511528573683,2.4389426079032583,49.56666564941406,76627492.35,True,False,True,False,1,-0.11768659411199556
2023-11-01,44.0,45.09999847412109,43.73333358764648,43.96666717529297,35898247,42.4042313033974,39.33329705550637,58.06185824119462,2.3623513420869267,49.56666564941406,77816304.45,True,False,True,False,1,-0.11297912419064027
2023-11-02,44.59999847412109,45.56666564941406,43.96666717529297,44.900001525878906,29043700,42.6419237055385,39.551599191599415,60.637044270266145,2.307897565803653,49.56666564941406,78824408.3,True,False,True,False,1,-0.09414924450521966
2023-11-03,45.59999847412109,45.59999847412109,44.53333282470703,44.66666412353516,26512872,42.834756126300086,39.75218997324396,59.65088266324044,2.219238143204396,49.56666564941406,79335319.7,True,False,True,False,1,-0.09885679138751635
2023-11-06,45.09999847412109,45.400001525878906,44.66666412353516,44.96666717529297,18084499,43.037795273823214,39.9566792752851,60.53946771584746,2.1131023760000636,49.56666564941406,79941337.2,True,False,True,False,1,-0.09280427508795863
2023-11-07,45.03333282470703,45.900001525878906,44.400001525878906,45.36666488647461,29634207,43.259592379790014,40.16883557376312,61.749018386296804,2.069309349142916,49.56666564941406,77683893.35,True,False,True,False,1,-0.08473438162345104
2023-11-08,45.56666564941406,45.93333435058594,45.06666564941406,45.5,19900228,43.47296453409573,40.377900845380246,62.16533404240893,1.9834064457164131,49.56666564941406,77652806.15,True,False,True,False,1,-0.08204436582798735
2023-11-09,45.59999847412109,45.66666412353516,44.26666641235352,44.66666412353516,17648554,43.586650209280435,40.54608764060201,57.92221198242045,1.9417343932496438,49.56666564941406,74204454.55,True,False,True,False,1,-0.09885679138751635
2023-11-10,44.03333282470703,44.29999923706055,43.09999847412109,43.83333206176758,26835183,43.61014371904112,40.67499918653007,53.95613804806738,1.9149437686899606,49.56666564941406,70917836.55,True,False,True,False,1,-0.11566913998610395
2023-11-13,44.59999847412109,46.900001525878906,44.20000076293945,45.43333435058594,45450697,43.783780922045395,40.86160056551266,59.66655916215813,1.997209889791487,49.56666564941406,68639976.15,True,False,True,False,1,-0.08338933524524839
2023-11-15,46.0,46.26666641235352,45.26666641235352,45.43333435058594,14255292,43.94088124857306,41.040884243358676,59.66655916215814,1.925980611949238,49.56666564941406,69271586.9,True,False,True,False,1,-0.08338933524524839
2023-11-16,45.59999847412109,45.59999847412109,44.70000076293945,44.83333206176758,14825616,44.0258765641154,41.18960768721785,56.612947338604585,1.8526961190372664,49.56666564941406,67496295.75,True,False,True,False,1,-0.09549429088342232
2023-11-17,44.79999923706055,45.29999923706055,44.26666641235352,44.70000076293945,15538684,44.09007886876531,41.32727016077556,55.92797066504318,1.7941701694422492,49.56666564941406,66328792.05,True,False,True,False,1,-0.09818422971794427
2023-11-20,44.96666717529297,45.900001525878906,44.66666412353516,44.900001525878906,14714959,44.16721435991899,41.467377273132556,56.772861750388415,1.7541106860780702,49.56666564941406,63146347.2,True,False,True,False,1,-0.09414924450521966
2023-11-21,45.09999847412109,45.59999847412109,44.400001525878906,44.86666488647461,21355830,44.233828695781426,41.600682669734205,56.57816380145262,1.7145311333755069,49.56666564941406,50746733.25,True,False,True,False,1,-0.09482180617479186
2023-11-22,45.03333282470703,45.06666564941406,43.86666488647461,43.96666717529297,12794328,44.208384741449194,41.693466375834554,51.44840681355851,1.677778964058646,46.900001525878906,39906612.7,True,False,True,False,1,-0.0625444404083304
2023-11-23,44.06666564941406,44.36666488647461,43.26666641235352,43.400001525878906,10422708,44.13139586377583,41.760389322895115,48.468661567096085,1.636508929063106,46.900001525878906,34699345.3,True,False,False,False,0,-0.07462686324367684
2023-11-24,43.400001525878906,43.70000076293945,42.70000076293945,42.83333206176758,12831351,44.00777073977504,41.80246550873325,45.62302835273733,1.5910440055585986,46.900001525878906,30056095.3,True,False,False,False,0,-0.08670936741584934
2023-11-28,43.0,45.59999847412109,42.53333282470703,45.33333206176758,49349548,44.1340146752029,41.940930863754204,57.48282358606927,1.6964455515482741,46.900001525878906,26846698.3,True,False,True,True,2,-0.03340446509893735
2023-11-29,45.66666412353516,47.03333282470703,45.633331298828125,46.66666412353516,63398823,44.37521938456788,42.12625373668679,62.21600398509346,1.6966994952190728,46.900001525878906,26880691.9,True,False,True,True,2,-0.004975210975526112
2023-11-30,46.86666488647461,51.0,46.73333358764648,50.73333358764648,162324333,44.98075407057536,42.46378627986168,72.33273337367837,1.885030665308056,47.03333282470703,25909409.0,True,True,True,True,2,0.07866762869493704
2023-12-01,51.33333206176758,52.0,49.53333282470703,49.76666641235352,64945312,45.4365552459828,42.75017373603783,67.69294236910982,1.9265761303069784,51.0,32040982.95,True,False,True,True,2,-0.024183011522479925
2023-12-04,51.33333206176758,53.0,50.93333435058594,52.400001525878906,74179678,46.09974060597291,43.12859835524729,72.80966566088426,2.019915948688371,52.0,33493336.2,True,True,True,True,2,0.0076923370361328125
2023-12-05,52.33333206176758,52.43333435058594,50.59999847412109,51.400001525878906,34052143,46.604527360249676,43.45296710703677,68.38065874550483,2.0065888006724055,53.0,35750135.1,True,False,True,False,1,-0.030188650455114985
2023-12-06,51.73333358764648,52.53333282470703,51.46666717529297,52.03333282470703,24254743,47.12155645210275,43.78945203714149,69.64025420632518,1.9442132648263855,53.0,36127098.65,True,False,True,False,1,-0.01823900330741446
2023-12-07,52.29999923706055,54.29999923706055,51.09999847412109,54.06666564941406,63154572,47.78299542327526,44.19248002193649,73.31559783831364,2.0339123718344623,53.0,36435610.85,True,True,True,True,2,0.02012576697007673
2023-12-08,54.33333206176758,55.06666564941406,51.59999847412109,52.53333282470703,40356891,48.235408509125904,44.51957228871181,66.75289734192276,2.1362520006529273,54.29999923706055,38111629.1,True,False,True,True,2,-0.032535293502319984
2023-12-11,52.79999923706055,55.20000076293945,52.56666564941406,53.29999923706055,41133766,48.717750483214914,44.8639027572745,68.2816978689419,2.174138853337177,55.06666564941406,39134462.25,True,False,True,True,2,-0.03208232042958847
2023-12-12,53.633331298828125,54.76666641235352,53.09999847412109,53.59999847412109,40147117,49.18272648234883,45.20649474617045,68.88463266497367,2.1378909308296956,55.20000076293945,40308722.85,True,False,True,False,1,-0.028985548309857778
2023-12-13,53.73333358764648,53.96666717529297,53.03333282470703,53.46666717529297,16703028,49.5907208340578,45.530423076724276,68.26355492997116,2.051851175097999,55.20000076293945,40974319.55,True,False,True,False,1,-0.03140097035669287
2023-12-14,55.79999923706055,56.5,54.79999923706055,55.0,76028607,50.10589027843325,45.901779034499796,71.4514015149856,2.12195700721293,55.20000076293945,39536936.1,True,False,True,True,2,-0.0036232021770864486
2023-12-15,55.5,57.26666641235352,54.36666488647461,54.73333358764648,52369857,50.546599165024986,46.24811450717222,70.13201506143585,2.1775316156890714,56.5,42625601.85,True,False,True,True,2,-0.03126843207705354
2023-12-18,54.79999923706055,55.79999923706055,53.86666488647461,55.20000076293945,26843452,50.989780269588266,46.59916887014348,71.13647865902487,2.1600889538959906,57.26666641235352,44502813.9,True,False,True,False,1,-0.036088457367727145
2023-12-19,55.33333206176758,55.76666641235352,54.66666412353516,54.93333435058594,14648830,51.3653568487309,46.92599888898436,69.69413009184257,2.0843684778190172,57.26666641235352,45068052.3,True,False,True,False,1,-0.04074503036314758
2023-12-20,55.23333358764648,55.29999923706055,48.66666412353516,50.23333358764648,37826349,51.25754510958,47.0556982889319,50.32610055017629,2.409294666083758,57.26666641235352,45064745.85,True,False,True,False,1,-0.12281722100013526
2023-12-21,49.29999923706055,52.400001525878906,48.33333206176758,52.133331298828125,39265756,51.340953318079826,47.254821152065084,55.68724844298251,2.5276785802285846,57.26666641235352,45888271.8,True,False,True,False,1,-0.0896391467343739
2023-12-22,52.43333435058594,52.56666564941406,51.20000076293945,52.26666641235352,15326679,51.429116469915414,47.451364103448945,56.04576269360987,2.4447490306747293,57.26666641235352,47211843.2,True,False,True,False,1,-0.08731082693022629
2023-12-26,52.33333206176758,52.76666641235352,52.0,52.20000076293945,9276162,51.50253402163199,47.63758514891916,55.80266830523139,2.324885986508929,57.26666641235352,47457041.75,True,False,True,False,1,-0.08847495352586288
2023-12-27,52.59999847412109,54.26666641235352,52.46666717529297,53.29999923706055,38630886,51.67372118500613,47.85964060335608,58.96536386482845,2.3064416767164393,57.26666641235352,47279282.3,True,False,True,False,1,-0.06926659824636294
2023-12-28,53.59999847412109,56.43333435058594,53.03333282470703,55.23333358764648,100184920,52.012731890019495,48.14880503411257,63.860284310023914,2.3845530945137585,57.26666641235352,46743349.2,True,False,True,True,2,-0.035506394069908964
2023-12-29,55.53333282470703,55.53333282470703,54.09999847412109,54.36666488647461,26330947,52.23691598491998,48.39264267538167,60.38299723610991,2.316608898518915,57.26666641235352,48582654.05,True,False,True,False,1,-0.05064030626468119
2024-01-01,54.633331298828125,55.400001525878906,54.400001525878906,54.56666564941406,15241587,52.45879690534799,48.634761223382945,60.91195004304973,2.224946594296442,57.26666641235352,41782984.75,True,False,True,False,1,-0.047147859864897224
2024-01-02,54.76666641235352,54.79999923706055,52.66666412353516,53.73333358764648,20800195,52.58018135128118,48.83470523766779,57.46893005308743,2.2184029170985093,57.26666641235352,39297798.5,True,False,True,False,1,-0.06169964214897683
2024-01-03,53.73333358764648,59.03333282470703,53.16666412353516,58.66666412353516,188962468,53.15984637721014,49.220272252799845,68.73556899011211,2.4789933302466065,57.26666641235352,36628824.35,True,True,True,True,2,0.024446991572738552
2024-01-04,59.06666564941406,59.900001525878906,57.93333435058594,58.400001525878906,74899966,53.658908772321446,49.58026163605785,67.69173771320915,2.4423986048927753,59.03333282470703,44374340.6,True,False,True,True,2,-0.010728367661516414
2024-01-05,58.633331298828125,59.633331298828125,57.16666412353516,57.73333358764648,32486044,54.04694923092383,49.899989947884855,65.03276935480201,2.4441320742070745,59.900001525878906,46906601.75,True,False,True,False,1,-0.03617141707911897
2024-01-08,58.03333282470703,58.56666564941406,56.33333206176758,56.70000076293945,23156596,54.29962080540151,50.16665703867131,61.031075425765295,2.429075039452747,59.900001525878906,45373175.35,True,False,True,False,1,-0.0534223819937123
2024-01-09,57.06666564941406,61.66666412353516,56.59999847412109,60.900001525878906,143824681,54.92822849306603,50.58757250875788,69.29992188612582,2.617474368735699,59.900001525878906,44513160.6,True,True,True,True,2,0.016694490392758388
2024-01-10,60.900001525878906,62.43333435058594,59.93333435058594,61.66666412353516,94315192,55.56998426739642,51.022046689729535,70.52922139297861,2.6090833423974344,61.66666412353516,49647706.35,True,False,True,True,2,0.0
2024-01-11,62.03333282470703,62.400001525878906,61.20000076293945,61.56666564941406,28167439,56.14109677996953,51.43556115873677,70.1347411964978,2.5084345867218643,62.43333435058594,52356110.1,True,False,True,False,1,-0.013881505932475391
2024-01-12,61.86666488647461,62.900001525878906,60.70000076293945,60.93333435058594,66959160,56.597500358123476,51.808022852534776,67.55751781865527,2.486403599308835,62.43333435058594,52929330.65,True,False,True,True,2,-0.024025626944365164
2024-01-15,61.26666641235352,61.5,60.06666564941406,61.16666412353516,42770850,57.032658811972205,52.175028392574006,68.0237161815636,2.4111843672571998,62.900001525878906,52475858.3,True,False,True,False,1,-0.02755703275508825
2024-01-16,61.43333435058594,61.96666717529297,58.93333435058594,60.0,45491853,57.31526273464152,52.48189002423777,63.13821276312526,2.455623542789331,62.900001525878906,51995907.95,True,False,True,False,1,-0.0461049515982247
2024-01-17,59.29999923706055,61.133331298828125,58.0,58.633331298828125,39234153,57.440793074087864,52.72312301539818,57.89284493386054,2.504031239649245,62.900001525878906,52928328.0,True,False,True,False,1,-0.06783259337911696
2024-01-18,58.633331298828125,59.73333358764648,56.400001525878906,58.133331298828125,35530404,57.5067490954917,52.935288046120924,56.05794544446478,2.563267012657697,62.900001525878906,54157594.15,True,False,True,False,1,-0.07578171878246509
2024-01-19,58.633331298828125,63.93333435058594,58.59999847412109,63.03333282470703,162829722,58.03309040303601,53.331289802143914,67.07231189787764,2.794462444021991,62.900001525878906,54042796.9,True,True,True,True,2,0.0021197344291521425
2024-01-23,69.33333587646484,73.0,64.66666412353516,65.73332977294922,186775914,58.76644653350394,53.81764431080295,71.33584849030709,3.306762781969918,63.93333435058594,60220995.2,True,True,True,True,2,0.028154255376276804
2024-01-24,66.30000305175781,70.5999984741211,64.33333587646484,70.16666412353516,133655227,59.85218154207834,54.4587823426748,76.67610110675447,3.518184197376085,73.0,68793456.95,True,False,True,True,2,-0.038812820225545774
2024-01-25,70.80000305175781,79.5999984741211,69.66666412353516,76.46666717529297,345517897,61.4345135071464,55.3218366498363,81.85070793807583,3.976409208319646,73.0,75012410.2,True,True,True,True,2,0.0474885914423695
2024-01-29,78.0,85.63333129882812,77.80000305175781,84.66666412353516,191521422,63.647099280135805,56.47261419782449,86.15594550973657,4.3471417022636105,79.5999984741211,90356760.75,True,True,True,True,2,0.06365157973038515
2024-01-30,87.56666564941406,90.86666870117188,82.43333435058594,84.69999694824219,149753167,65.65213715328879,57.57957038411538,86.17030678774464,4.639012605715205,85.63333129882812,94923585.85,True,False,True,True,2,-0.0108991946994208
2024-01-31,85.06666564941406,87.06666564941406,83.03333282470703,86.30000305175781,90637747,67.6186005721906,58.705861861277825,86.87417384817147,4.595749764214622,90.86666870117188,101094696.85,True,False,True,False,1,-0.05025677418011443
2024-02-01,87.33333587646484,96.66666412353516,86.53333282470703,94.43333435058594,254158333,70.17238474156159,60.10693921379971,89.73436686587095,5.007957714754816,90.86666870117188,104864504.85,True,True,True,True,2,0.03925163869651205
2024-02-02,100.0,113.3000030517578,100.0,112.43333435058594,358171509,74.19723708527819,62.15895470935996,93.24339021254922,5.997865642356034,96.66666412353516,116532411.75,True,True,True,True,2,0.16310348939839048
2024-02-05,116.3000030517578,117.9000015258789,107.53333282470705,110.73332977294922,164052258,77.67686496029448,64.06383216283405,90.11054872498339,6.309923003700021,113.3000030517578,124992863.8,True,False,True,True,2,-0.022653779432257104
2024-02-06,111.8000030517578,111.8000030517578,100.76666259765624,104.96666717529295,73660180,80.2758937426753,65.66786490842067,80.25963166127904,6.6473099644429885,117.9000015258789,129450478.4,True,False,True,False,1,-0.10969749095166126
2024-02-07,106.9000015258789,109.9000015258789,102.43333435058594,105.36666870117188,50816668,82.66549135777021,67.22468074343053,80.41953072249623,6.705835479503701,117.9000015258789,131509185.2,True,False,True,False,1,-0.10630477237064306
2024-02-08,106.0,106.26666259765624,102.1999969482422,102.5999984741211,32226153,84.56401584504172,68.61194810541839,75.84349474535904,6.517323348783011,117.9000015258789,132892188.8,True,False,True,False,1,-0.12977101657118706
2024-02-09,103.0999984741211,103.0999984741211,93.0999984741211,98.63333129882812,53180316,85.90395065016423,69.78925725025799,69.71819845343377,6.766085966727082,117.9000015258789,127312262.4,True,False,True,False,1,-0.16341535180406064
2024-02-12,97.83333587646484,97.83333587646484,88.76666259765625,88.76666259765625,40895007,86.17658988325871,70.53346922466577,57.31798534892362,6.987556162044568,117.9000015258789,125255518.6,True,False,True,False,1,-0.2471021081524577
2024-02-13,82.9000015258789,88.53333282470703,80.5,82.93333435058594,86484798,85.86770840395654,71.01973844529009,51.487371661676185,7.0789209074454025,117.9000015258789,125891897.0,True,False,True,False,1,-0.2965790222455411
2024-02-14,84.5999984741211,87.06666564941406,84.0,87.06666564941406,11595793,85.98189480828583,71.64902970819692,54.98182854531012,6.868521649687025,117.9000015258789,126868178.9,True,False,True,False,1,-0.2615210812333787
2024-02-15,91.4000015258789,91.4000015258789,91.4000015258789,91.4000015258789,1992426,86.49790497186612,72.42357762261582,58.36763971995853,6.687436951599727,117.9000015258789,125309426.05,True,False,True,False,1,-0.22476674857534484
2024-02-16,91.66666412353516,95.96666717529295,89.06666564941406,89.73332977294922,57440197,86.80604066720737,73.10239143243281,56.60429715401142,6.702620135476811,117.9000015258789,123134454.7,True,False,True,False,1,-0.2389030652111327
2024-02-19,91.0,94.1999969482422,89.9000015258789,94.1999969482422,12508702,87.51022697968688,73.92974851148416,60.084645776043985,6.542909209749395,117.9000015258789,124044756.9,True,False,True,False,1,-0.2010178479296676
2024-02-20,95.33333587646484,98.26666259765624,94.66666412353516,95.06666564941406,41847199,88.22988780537518,74.75864722277554,60.74253455977481,6.36603466972544,117.9000015258789,122893671.8,True,False,True,False,1,-0.19366696845591602
2024-02-21,96.1999969482422,97.0999984741211,92.0,92.8000030517578,20995909,88.66513687645924,75.4661513729317,58.04779575441338,6.275603512896558,117.9000015258789,116844545.65,True,False,True,False,1,-0.21289226589714416
2024-02-22,96.63333129882812,97.43333435058594,95.0,97.33333587646484,44176891,89.49067963836454,76.32368802012908,61.7067840311637,6.158298354748815,117.9000015258789,108555545.4,True,False,True,False,1,-0.17444160630396344
2024-02-23,98.1999969482422,98.53333282470705,94.8000030517578,95.5999984741211,18920620,90.07251952748422,77.07962176342289,59.5675126264941,5.985086313191703,117.9000015258789,104081628.6,True,False,True,False,1,-0.1891433652514668
2024-02-26,96.1999969482422,96.26666259765624,92.4000015258789,93.13333129882812,14391678,90.36402541046935,77.70917900010545,56.56231998320627,5.833770224519247,117.9000015258789,87751764.75,True,False,True,False,1,-0.21006505433856615
2024-02-27,93.26666259765624,94.03333282470705,92.0,92.23332977294922,9485179,90.5420543973722,78.27875354021698,55.46285240479045,5.562310410246947,117.9000015258789,78895277.55,True,False,True,False,1,-0.21769865496817564
2024-02-28,92.23332977294922,92.9000015258789,87.63333129882812,88.13333129882812,16314007,90.31265219751086,78.66520756996644,50.63421669891759,5.541193254304364,117.9000015258789,71881878.15,True,False,True,False,1,-0.25247387482448025
2024-02-29,88.0,90.66666412353516,85.76666259765625,90.16666412353516,22817221,90.29874857141793,79.1162450818711,52.8276248061076,5.495393845131117,117.9000015258789,68165691.15,True,False,True,False,1,-0.2352276254742568
2024-03-01,91.86666870117188,92.96666717529295,88.13333129882812,88.63333129882812,15257412,90.14013740259985,79.48946414920275,50.98781692753687,5.448103990226382,117.9000015258789,56598635.55,True,False,True,False,1,-0.24823299277588884
2024-03-04,89.96666717529297,90.16666412353516,88.0,88.23332977294922,9489282,89.95853667596644,79.83236084033007,50.49378027099815,5.213715428319866,117.9000015258789,39452930.7,True,False,True,False,1,-0.2516257113569069
2024-03-05,89.56666564941406,90.96666717529295,88.19999694824219,88.4000015258789,11336502,89.81010475691049,80.16834674956728,50.70809567700738,5.038926485372074,111.8000030517578,31724781.9,True,False,True,False,1,-0.20930233351644778
2024-03-06,88.63333129882812,88.63333129882812,84.0,84.86666870117188,19782102,89.33930132303063,80.35259466923806,46.147237548573564,5.009955400618935,109.9000015258789,28608598.0,True,False,False,False,0,-0.2277828250876981
2024-03-07,85.13333129882812,86.66666412353516,84.66666412353516,84.86666870117188,7922532,88.91333631142503,80.5296171802943,46.147237548573564,4.794958586289011,106.26666259765624,27056869.7,True,False,False,False,0,-0.20138012593383492
2024-03-11,84.96666717529297,85.26666259765625,80.63333129882812,80.69999694824219,22885924,88.13111351493143,80.53629873982166,41.09242411473844,4.783413780041806,103.0999984741211,25841688.65,True,False,False,False,0,-0.21726480948010374
2024-03-12,80.66666412353516,81.0,77.06666564941406,77.5999984741211,20539009,87.12815017771139,80.42114970979418,37.7769672137171,4.722693820794958,98.53333282470705,24326969.05,True,False,False,False,0,-0.21244926717161605
2024-03-13,77.16666412353516,80.5,73.73332977294922,73.73332977294922,15586452,85.85245299630546,80.15888226129046,34.08310306539093,4.868692135527517,98.53333282470705,23309169.15,True,False,False,False,0,-0.2516915072372268
2024-03-14,70.66666412353516,77.4000015258789,70.06666564941406,77.4000015258789,33107566,85.0474576181696,80.05069085990178,40.06769526461013,5.04473811702304,98.53333282470705,19764251.85,True,False,False,True,1,-0.21447900616966642
2024-03-15,76.63333129882812,78.93333435058594,73.53333282470703,74.56666564941406,26993185,84.0492869544786,79.83563104772578,37.25313022163514,5.070114074798459,98.53333282470705,20839840.5,True,False,False,True,1,-0.2432341065528577
2024-03-18,74.33333587646484,76.5999984741211,72.66666412353516,74.33333587646484,19068784,83.12395828038206,79.61985476649987,37.02248773786909,4.988915523068994,98.53333282470705,22089878.45,True,False,False,False,0,-0.2456021353839165
2024-03-19,74.5999984741211,75.4000015258789,72.43333435058594,72.9000015258789,11294164,82.15024811328652,79.35633111000493,35.56578489664608,4.844469212513563,98.53333282470705,20171307.8,True,False,False,False,0,-0.2601488304920163
2024-03-20,73.4000015258789,74.93333435058594,70.93333435058594,72.9000015258789,13135987,81.26927224781913,79.10314171454901,35.56578489664608,4.784149983048309,98.53333282470705,20110580.9,True,False,False,False,0,-0.2601488304920163
2024-03-21,74.63333129882812,76.53333282470703,74.33333587646484,76.53333282470703,14926437,80.81823039799893,79.00236489533953,42.24632880856003,4.701948648461153,98.53333282470705,18675020.3,True,False,False,False,0,-0.22327469668704392
2024-03-22,76.13333129882812,78.19999694824219,75.13333129882812,76.69999694824219,17335779,80.42601768849829,78.91207595623767,42.54062051157983,4.58514271995779,98.53333282470705,18371546.7,True,False,False,False,0,-0.22158324752200187
2024-03-26,77.46666717529297,78.5,75.9000015258789,76.53333282470703,13419940,80.05528579670866,78.81879191186393,42.30844831873472,4.443346702398025,98.53333282470705,17029491.1,True,False,False,False,0,-0.22327469668704392
2024-03-27,77.26666259765625,79.30000305175781,75.03333282470703,75.5999984741211,18330669,79.63097271836699,78.69256471822695,40.96026499413781,4.430726954158936,96.26666259765624,16754457.1,True,False,False,True,1,-0.21468142309982086
2024-03-28,76.33333587646484,79.36666870117188,76.26666259765625,79.26666259765625,19599079,79.59627651639454,78.71507836055751,47.97416365207788,4.383294330794068,94.03333282470705,16951406.65,True,False,False,True,1,-0.15703655058763255
2024-04-01,80.5999984741211,83.19999694824219,80.26666259765625,83.19999694824219,10222204,79.93948798609432,78.89095752085888,54.25265627563564,4.3511543322077735,92.96666717529295,17457101.65,True,False,True,False,1,-0.1050556131977417
2024-04-02,84.53333282470703,87.33333587646484,83.46666717529297,85.46666717529297,25851046,80.46588600411323,79.14882848769943,57.44014472001645,4.335596089065979,92.96666717529295,17152511.5,True,False,True,True,2,-0.08067407628863787
2024-04-03,85.33333587646484,86.16666412353516,84.23332977294922,85.0999984741211,14407707,80.90723004887589,79.38220770285322,56.75128840240943,4.164005964888833,92.96666717529295,17304202.75,True,False,True,False,1,-0.08461816412477052
2024-04-04,85.96666717529297,86.53333282470703,82.43333435058594,84.4000015258789,15348202,81.2398749514476,79.57898393120718,55.38570632358761,4.159434001262566,90.96666717529295,17261717.5,True,False,True,False,1,-0.07218760292448734
2024-04-05,84.76666259765625,92.63333129882812,83.5,92.23332977294922,56968839,82.28687064873347,80.07523278774609,65.41489933704001,4.514712379660106,90.96666717529295,17554663.5,True,True,True,True,2,0.013924469665524963
2024-04-08,93.13333129882812,93.8000030517578,89.66666412353516,90.06666564941406,23038594,83.02780350594114,80.46705368428209,61.30955064042503,4.487471418843145,92.63333129882812,19836280.35,True,False,True,True,2,-0.027707798191281663
2024-04-09,90.56666564941406,94.36666870117188,89.26666259765625,91.5999984741211,31709079,83.84420302672018,80.90363975447187,63.07565241906827,4.5312238963197515,93.8000030517578,19999104.95,True,False,True,True,2,-0.02345420582153679
2024-04-10,91.93333435058594,92.03333282470705,90.0,90.93333435058594,11639716,84.51935839089788,81.29696111118223,61.75574147645401,4.352803105490272,94.36666870117188,21188432.3,True,False,True,False,1,-0.03638291356303125
2024-04-12,90.0,91.4000015258789,88.73332977294922,89.06666564941406,10630602,84.95243527266133,81.60165540679917,58.09025988910398,4.232365151735944,94.36666870117188,20626121.9,True,False,True,False,1,-0.05616393081058291
2024-04-15,83.33333587646484,86.93333435058594,81.66666412353516,83.96666717529297,29369058,84.8585525967215,81.69440096634794,49.45371376860773,4.458624892746156,94.36666870117188,20130701.55,True,False,False,True,1,-0.110208420716983
2024-04-16,83.23332977294922,85.66666412353516,82.46666717529297,83.76666259765625,11413062,84.754563073001,81.77566612836003,49.14513087579208,4.368722896710158,94.36666870117188,20819831.85,True,False,False,False,0,-0.1123278616211657
2024-04-18,84.53333282470703,85.86666870117188,82.83333587646484,83.13333129882812,12996007,84.6001600468893,81.82890789975093,48.12116665521608,4.273337891567077,94.36666870117188,19735106.65,True,False,False,False,0,-0.11903924931286947
2024-04-19,81.33333587646484,84.5999984741211,79.26666259765625,82.73332977294922,27743692,84.42236668746644,81.86437542419009,47.44874087075302,4.3490520333454885,94.36666870117188,19035247.75,True,False,False,True,1,-0.12327805027283101
2024-04-22,83.80000305175781,84.53333282470703,83.0,83.46666717529297,9251358,84.33134768630705,81.92721039482157,48.859649159085876,4.166977106089226,94.36666870117188,19468993.15,True,False,False,False,0,-0.11550690170483413
2024-04-23,83.96666717529297,91.13333129882812,83.66666412353516,89.5,48170127,84.82360028761114,82.22418253620113,58.687074249043924,4.416954750192506,94.36666870117188,19366852.85,True,False,True,True,2,-0.051571903174658096
2024-04-24,90.3000030517578,90.66666412353516,88.0,88.5,28913262,85.17373359355294,82.47029302497755,56.74082228400378,4.2919339911455525,94.36666870117188,21118559.85,True,False,True,True,2,-0.06216886515036024
2024-04-25,88.5999984741211,89.66666412353516,87.83333587646484,88.23332977294922,13050303,85.4651237058764,82.69629446607449,56.205525258761575,4.116319295140179,94.36666870117188,21817901.1,True,False,True,False,1,-0.06499475940646926
2024-04-26,88.66666412353516,92.33333587646484,87.36666870117188,90.86666870117188,50509681,85.97955656257119,83.01670129882342,60.19865870888704,4.177058429436807,94.36666870117188,21603627.3,True,False,True,True,2,-0.037089366914957456
2024-04-29,92.0,96.46666717529295,91.76666259765624,94.76666259765624,72959778,86.81642380400785,83.47748409485608,65.25187339083935,4.278697004057112,94.36666870117188,23458114.35,True,True,True,True,2,0.004238720111557681
2024-04-30,95.5999984741211,95.5999984741211,92.76666259765624,93.16666412353516,21127786,87.42120859634379,83.85745193911801,61.786092550379294,4.175456923514808,96.46666717529295,26189569.8,True,False,True,False,1,-0.034208739126036614
2024-05-02,93.43333435058594,94.53333282470705,91.43333435058594,92.5,19057068,87.90490301573962,84.19637539248593,60.34781771912207,4.09863846284383,96.46666717529295,26266005.15,True,False,True,False,1,-0.041119562761352424
2024-05-03,93.06666564941406,94.46666717529295,90.66666412353516,92.46666717529295,16195233,88.3393567452209,84.52070056043915,60.272270510960766,4.077307362051971,96.46666717529295,26707748.35,True,False,True,False,1,-0.041465099988698295
2024-05-06,93.13333129882812,93.1999969482422,88.36666870117188,89.06666564941406,16161703,88.40862425990596,84.69897370118328,52.98593553220468,4.131308853838997,96.46666717529295,26224957.7,True,False,True,False,1,-0.07671045079677197
2024-05-07,89.06666564941406,90.0,84.36666870117188,85.73332977294922,17277948,88.15383430876723,84.73953668438979,46.98847278227309,4.23859617133822,96.46666717529295,26312657.5,True,False,False,False,0,-0.11126472715015445
2024-05-08,85.63333129882812,91.5,84.46666717529297,90.5999984741211,26722183,88.38680232451522,84.96935871535965,54.99751898830304,4.438220218007421,96.46666717529295,26409144.8,True,False,True,True,2,-0.06081550107366451
2024-05-09,92.0,92.83333587646484,86.26666259765625,87.03333282470703,21215688,88.25790046739063,85.05029887651052,49.13822550102922,4.59025257949322,96.46666717529295,24896812.0,True,False,False,False,0,-0.09778853801846688
2024-05-10,87.26666259765625,88.9000015258789,84.5999984741211,88.26666259765625,15381604,88.25873495598736,85.17643078714369,51.079102741791814,4.5695204703692625,96.46666717529295,24805666.7,True,False,True,False,1,-0.08500350242987242
2024-05-13,88.5999984741211,88.5999984741211,85.06666564941406,86.66666412353516,11754942,88.10710916242049,85.23487131013943,48.49376379680411,4.495507067107675,96.46666717529295,23989292.95,True,False,False,False,0,-0.10158952660767129
2024-05-14,87.4000015258789,91.9000015258789,87.0999984741211,91.3000030517578,17797047,88.41119429473832,85.47271961373231,55.51546672813476,4.548209233910252,96.46666717529295,23995054.25,True,False,True,False,1,-0.05355906112260134
2024-05-15,91.66666412353516,91.9000015258789,89.9000015258789,90.06666564941406,10324413,88.56885823327886,85.65287436022963,53.42751651211101,4.366194288630949,96.46666717529295,24353376.5,True,False,True,False,1,-0.0663441757995974
2024-05-16,90.76666259765624,92.93333435058594,90.23332977294922,90.83333587646484,14341312,88.78452277072513,85.85602971380749,54.57131030128165,4.259085318098158,96.46666717529295,23401144.25,True,False,True,False,1,-0.05839666139384281
2024-05-17,91.5,95.5999984741211,90.9000015258789,94.86666870117188,44961517,89.36377476410101,86.20938810546885,60.12026014486142,4.295340838066593,96.46666717529295,23547556.75,True,False,True,True,2,-0.016586024177798753
2024-05-21,97.0,100.86666870117188,95.43333435058594,99.16666412353516,59635603,90.29738327452331,86.71751657676558,65.02510845681724,4.417102206776122,96.46666717529295,25145832.25,True,True,True,True,2,0.02798891085701083
2024-05-22,100.0,101.9000015258789,96.4000015258789,98.73332977294922,33863812,91.10080675056388,87.18872493740024,64.1685922535949,4.494452049149257,100.86666870117188,26740427.8,True,False,True,True,2,-0.02115008808849328
2024-05-23,98.96666717529295,101.83333587646484,97.73332977294922,99.13333129882812,33894519,91.8658090884938,87.65714087314251,64.6317103704096,4.466277338746854,101.9000015258789,27971050.5,True,False,True,True,2,-0.02715083597273693
2024-05-24,99.33333587646484,99.9000015258789,96.16666412353516,97.16666412353516,18609378,92.37065242516441,88.03006335355008,60.4919126554475,4.413924486146633,101.9000015258789,27257270.1,True,False,True,False,1,-0.04645080796335077
2024-05-27,97.66666412353516,99.1999969482422,95.6999969482422,96.6999969482422,16442554,92.7829709511718,88.37006074942036,59.51772888360615,4.348644165707588,101.9000015258789,26742075.9,True,False,True,False,1,-0.051030466141024466
2024-05-28,97.16666412353516,97.26666259765624,91.4000015258789,92.53333282470705,19090447,92.7591958915085,88.53332632100023,51.537221598475675,4.45707394471257,101.9000015258789,26911688.45,True,False,True,False,1,-0.09192020177539517
2024-05-29,96.0,97.1999969482422,93.8000030517578,94.83333587646484,44905830,92.9567330329329,88.78038551925374,55.114973612561414,4.472044671771326,101.9000015258789,25340726.75,True,False,True,True,2,-0.06934902398033216
2024-05-30,95.06666564941406,95.43333435058594,90.86666870117188,91.56666564941406,19542036,92.82434566307396,88.88965140671101,49.522938409152275,4.478803313031522,101.9000015258789,23938029.35,True,False,False,False,0,-0.10140663122404914
2024-05-31,92.36666870117188,95.33333587646484,90.0,94.93333435058594,28736523,93.0252017285513,89.12665858098062,54.63187903738349,4.539841353276759,101.9000015258789,23858741.85,True,False,True,True,2,-0.06836768470041377
2024-06-03,103.33333587646484,104.0,98.0,100.43333435058594,53593824,93.73073816874508,89.57005763076907,61.48935875471093,4.863185945857995,101.9000015258789,24342714.6,True,False,True,True,2,-0.014393200719633792
2024-06-04,100.43333435058594,100.43333435058594,90.4000015258789,90.4000015258789,47218297,93.41352515513879,89.60260445018514,47.41079904512791,5.232482151490069,104.0,26212644.15,True,False,False,True,1,-0.13076921609731817
2024-06-05,90.33333587646484,90.36666870117188,81.36666870117188,86.69999694824219,64178449,92.77414151638673,89.4887767050109,43.45912623000498,5.50397148529128,104.0,27765473.85,True,False,False,True,1,-0.16634618318997896
2024-06-06,91.16666412353516,94.0,90.33333587646484,92.6999969482422,34878309,92.7670801289444,89.61470691062782,50.64339622183233,5.632259454324604,104.0,30110498.9,True,False,True,True,2,-0.10865387549767114
2024-06-07,93.66666412353516,96.66666412353516,91.73332977294922,96.06666564941406,28762384,93.08132636898912,89.86772490038413,54.16282204047613,5.582336232628985,104.0,30518305.2,True,False,True,False,1,-0.07628206106332636
2024-06-10,96.9000015258789,97.0,94.33333587646484,95.3066635131836,24256314,93.29326323986479,90.08101661069,53.23990443728501,5.374073939122284,104.0,30895640.0,True,False,True,False,1,-0.0835897739116962
2024-06-11,98.94000244140624,106.33333587646484,98.83333587646484,104.38666534423828,175549021,94.3497777259956,90.64202244337818,61.648124324237436,5.7778309694193535,104.0,31339375.5,True,True,True,True,2,0.0037179360022912
2024-06-12,105.33333587646484,107.33333587646484,103.36666870117188,105.11333465576172,74847427,95.37487838597332,91.2095248830795,62.233415461807226,5.648462126981755,106.33333587646484,39529079.45,True,False,True,True,2,-0.011473365437537741
2024-06-13,105.98666381835938,106.26666259765624,103.06666564941406,103.45999908447266,37876414,96.1448898810685,91.6899356360753,59.99018241035445,5.4735717570717854,107.33333587646484,42381598.45,True,False,True,False,1,-0.036086987890232014
2024-06-14,104.0,108.46666717529295,101.66666412353516,106.3133316040039,82746901,97.11331290230044,92.26340214462154,62.502253835778646,5.568316849549357,107.33333587646484,43759198.5,True,False,True,True,2,-0.009503145170433491
2024-06-18,107.0,109.42666625976562,104.8733367919922,105.45999908447266,42661993,97.90823539584065,92.78091575010589,61.2634082996966,5.495817750851076,108.46666717529295,47179477.95,True,False,True,False,1,-0.02771974256350318
2024-06-19,106.53333282470705,108.46666717529295,102.44000244140624,107.3933334350586,57428613,98.81157806624236,93.3539517377511,63.05032951879152,5.53373539249648,109.42666625976562,47064501.75,True,False,True,True,2,-0.01858169397101206
2024-06-20,107.83333587646484,111.33333587646484,106.36666870117188,108.90666961669922,79692765,99.77301535676207,93.96386224280789,64.43338519371765,5.493230519839086,109.42666625976562,46954152.25,True,False,True,True,2,-0.00475201028085781
2024-06-21,109.4000015258789,115.33333587646484,109.33333587646484,110.7133331298828,75084193,100.81495038277357,94.62070423837946,66.06638367209754,5.55990450126241,111.33333587646484,49245599.9,True,False,True,True,2,-0.005568886818140384
2024-06-24,110.0,111.46666717529295,107.5,108.66666412353516,34717533,101.56273264379848,95.17152619466009,62.56202103701729,5.446101835121734,115.33333587646484,51305083.6,True,False,True,False,1,-0.05780351103405568
2024-06-25,109.23332977294922,110.26666259765624,105.83999633789062,106.5199966430664,22475595,102.03485302468114,95.61656425146033,59.02554776768364,5.3732850083105825,115.33333587646484,52110491.35,True,False,True,False,1,-0.07641623444273327
2024-06-26,106.53333282470705,108.33333587646484,105.0,105.40666961669922,22485079,102.35597841439714,96.00048995205795,57.219027896738304,5.227574356035887,115.33333587646484,52412143.4,True,False,True,False,1,-0.08606935873595312
2024-06-27,105.66666412353516,108.66666412353516,103.33333587646484,105.45999908447266,31522903,102.65159943059481,96.37145109450559,57.28646476841641,5.235128205395489,115.33333587646484,52581875.0,True,False,True,False,1,-0.08560696451689953
2024-06-28,106.0,106.42666625976562,103.73332977294922,104.63999938964844,16370133,102.84097085526659,96.69570789039355,55.829197282579436,5.053571654068411,115.33333587646484,51912728.65,True,False,True,False,1,-0.09271678830368857
2024-07-01,104.65333557128906,106.98666381835938,103.86666870117188,104.4000015258789,18291987,102.98944996675348,96.99783705256945,55.38511983168237,4.915459044291203,115.33333587646484,51754133.5,True,False,True,False,1,-0.0947976945910659
2024-07-02,104.86666870117188,108.8000030517578,104.2133331298828,108.1866683959961,41772646,103.48442315049088,97.43661475231168,60.697098884952744,4.89197410697576,115.33333587646484,51231906.7,True,False,True,False,1,-0.06196532360881024
2024-07-03,109.0,113.6066665649414,107.53333282470705,112.6866683959961,83248330,104.36082745958663,98.03465607167186,65.8940317187126,4.976356937922803,115.33333587646484,50640847.8,True,False,True,True,2,-0.022947983428690866
2024-07-04,114.34666442871094,126.5999984741211,113.8133316040039,124.45333099365234,216957328,106.27439922473575,99.0706825392005,75.14770971390848,5.614712162222961,115.33333587646484,52442349.45,True,True,True,True,2,0.0790751004285184
2024-07-05,125.05332946777344,129.32666015625,122.6066665649414,125.73999786376952,117370177,108.12826576178658,100.11653804212477,75.91717482639923,5.693660835729078,126.5999984741211,60081293.4,True,False,True,True,2,-0.00679305387612128
2024-07-08,126.33999633789062,131.3333282470703,123.46666717529295,127.48666381835938,73057750,109.97192271955542,101.18987630785946,76.96005032010899,5.848875138303956,129.32666015625,64205886.8,True,False,True,True,2,-0.014227509901419966
2024-07-09,128.10000610351562,132.1999969482422,124.4000015258789,126.45333099365234,55332307,111.54158065042179,102.18060002102781,74.89378603841197,5.988240872879622,131.3333282470703,66420655.1,True,False,True,False,1,-0.037157340932055694
2024-07-10,126.8000030517578,127.8000030517578,119.46666717529295,125.01333618164062,39219685,112.82460498672835,103.07600143909106,71.99299688182876,6.155747658849995,132.1999969482422,67974454.75,True,False,True,False,1,-0.05436203428518405
2024-07-11,125.33333587646484,130.3333282470703,124.06666564941406,129.27333068847656,73131990,114.39115029165674,104.103347684165,75.06935372082539,6.163670154479013,132.1999969482422,61157987.95,True,False,True,True,2,-0.022138171916232685
2024-07-12,129.53334045410156,131.3333282470703,125.93333435058594,126.52666473388672,46663893,115.54691357186913,104.98269345082075,69.74958005000038,6.109121850336539,132.1999969482422,61072216.1,True,False,True,False,1,-0.04291476811891792
2024-07-15,127.0,127.73332977294922,124.1999969482422,125.3933334350586,26551347,116.48466784455383,105.78311070510459,67.62025005063845,5.92513691993443,132.1999969482422,61511590.05,True,False,True,False,1,-0.05148762231702986
2024-07-16,125.5999984741211,129.26666259765625,123.33333587646484,123.7133331298828,41340081,117.1731121574423,106.48625668254687,64.47793547285292,5.9257219057385,132.1999969482422,58701812.35,True,False,True,False,1,-0.06419564307313874
2024-07-18,123.7133331298828,124.33333587646484,117.5999984741211,119.04666900634766,31610346,117.35154614305235,106.97882187171552,56.60861416836516,5.98340872692459,132.1999969482422,58635716.75,True,False,True,False,1,-0.0994956750796614
2024-07-19,117.53333282470705,120.95999908447266,114.0,114.57333374023438,37966545,117.08695448564112,107.27664586655939,50.274530885536755,6.053165181035166,132.1999969482422,57344803.4,True,False,True,False,1,-0.1333333102489318
2024-07-22,113.33333587646484,124.5,112.5,123.32666778564452,65763505,117.68121289516525,107.90605849083724,59.762247390504406,6.477939096675511,132.1999969482422,55258492.4,True,False,True,True,2,-0.0671204944586472
2024-07-23,123.96666717529295,124.53333282470705,100.0999984741211,118.17333221435548,92121924,117.72808140175479,108.30869667607325,53.312913893149556,7.760467329097686,132.1999969482422,54792458.0,True,False,True,True,2,-0.10610185368898539
2024-07-24,117.93333435058594,122.5999984741211,116.91999816894533,120.76000213623048,33580444,118.01683575741913,108.79698316470687,55.88626484219704,7.611862541674692,132.1999969482422,57662677.55,True,False,True,False,1,-0.08653551494778466
2024-07-25,118.7933349609375,121.33333587646484,116.0,116.9000015258789,29558314,117.91047059251053,109.1147485906352,51.33870711645602,7.4491106370168465,132.1999969482422,58217920.0,True,False,True,False,1,-0.11573370480752287
2024-07-26,117.53333282470705,119.91999816894533,115.55332946777344,116.34666442871094,35797536,117.76153667214867,109.39835313330484,50.70178912307724,7.228936213027921,132.1999969482422,58571581.75,True,False,True,False,1,-0.11991931078287399
2024-07-29,117.0,125.86666870117188,115.88666534423828,125.06666564941406,77476035,118.45726324141202,110.01279676138755,59.27610275874441,7.425441009021183,132.1999969482422,58785313.4,True,False,True,True,2,-0.05395863436835713
2024-07-30,125.06666564941406,126.8933334350586,122.73332977294922,123.05332946777344,38516814,118.89498383439881,110.52419020085365,56.818875754983544,7.192195484241768,132.1999969482422,61840608.5,True,False,True,False,1,-0.06918810659314745
2024-07-31,123.5,124.26666259765624,120.2066650390625,120.8066635131836,22297161,119.07704856571165,110.92742444839601,54.12267763900523,6.968467060981195,132.1999969482422,62851849.85,True,False,True,False,1,-0.08618255444831224
2024-08-01,121.8000030517578,123.52666473388672,118.86666870117188,119.66000366210938,24024547,119.13256809870191,111.2698785352083,52.74693505757227,6.803576273247884,132.1999969482422,61878075.6,True,False,True,False,1,-0.09485622977012897
2024-08-02,117.66666412353516,122.33333587646484,116.2066650390625,121.1999969482422,30120447,119.32946608437241,111.65929494356259,54.42255970613563,6.755225884973203,132.1999969482422,58916886.45,True,False,True,False,1,-0.08320726364544939
2024-08-05,115.86666870117188,117.49333190917967,111.1066665649414,111.913330078125,41287009,118.62316741711076,111.66925710570229,44.23560354806039,6.993661920568031,132.1999969482422,49575042.4,True,False,False,False,0,-0.15345436715902228
2024-08-06,113.33333587646484,116.56666564941406,108.66666412353516,109.1933364868164,26369235,117.72508828089225,111.57216217947148,41.76946708658934,7.058400463804523,132.1999969482422,45770884.0,True,False,False,False,0,-0.1740292056922902
2024-08-07,112.5,115.0,110.14666748046876,114.1999969482422,21836148,117.38936529683033,111.67521452334483,47.56425483826015,6.9689906816173135,132.1999969482422,43436458.25,True,False,False,False,0,-0.13615734051073536
2024-08-08,114.22000122070312,115.5999984741211,112.1066665649414,112.7133331298828,17733897,116.94402889997819,111.71592505693457,46.09731692674557,6.720729340728912,131.3333282470703,41761650.3,True,False,False,False,0,-0.14177661805812702
2024-08-09,113.65333557128906,125.5999984741211,113.03333282470705,123.1933364868164,145791906,117.53920105110564,112.16601962281229,56.323473941614736,7.161153340979582,131.3333282470703,40687360.9,True,False,True,True,2,-0.06197963509262916
2024-08-12,122.63999938964844,125.76666259765624,120.73332977294922,121.1866683959961,59803599,117.88657889347616,112.519770555094,54.20304104647072,7.009166161245828,131.3333282470703,44320356.7,True,False,True,True,2,-0.07725883434542868
2024-08-13,121.8933334350586,122.3000030517578,114.76000213623048,115.54000091552734,34956403,117.66309527652865,112.6382109613855,48.65242778882292,7.047082929408791,129.26666259765625,44977342.0,True,False,False,False,0,-0.1061887218737384
2024-08-14,117.0,119.26666259765624,115.5,115.74666595458984,41584089,117.48057819824876,112.76011115719743,48.858845674770336,6.812767191426466,129.26666259765625,45397594.8,True,False,False,False,0,-0.10458997216589039
2024-08-16,117.66666412353516,123.48666381835938,115.61333465576172,121.86000061035156,35765364,117.89766604702046,113.11696956712505,54.664624276096966,6.888521617938694,126.8933334350586,45409795.2,True,False,True,False,1,-0.03966585705058323
2024-08-19,122.42666625976562,128.89999389648438,121.8133316040039,123.11333465576172,84199500,118.39439639071011,113.5089838843265,55.77315878125489,6.902674523263107,126.8933334350586,45617546.1,True,False,True,True,2,-0.02978878934748297
2024-08-20,123.7933349609375,126.45999908447266,121.33333587646484,122.6066665649414,38491776,118.79556497873213,113.86575575415453,55.18569658349535,6.775816572173443,128.89999389648438,47929193.85,True,False,True,False,1,-0.048823333045282746
2024-08-21,122.46666717529295,123.04666900634766,120.26666259765624,121.18000030517578,19625559,119.02265405744106,114.15258887380243,53.47760881157807,6.490401560496156,128.89999389648438,46565607.4,True,False,True,False,1,-0.05989134179097233
2024-08-22,121.66666412353516,123.7866668701172,120.2866668701172,121.26000213623048,24805288,119.23573482684957,114.43131096252509,53.564404249074315,6.276801449032145,128.89999389648438,42940789.15,True,False,True,False,1,-0.05927069140429386
2024-08-23,121.46666717529295,122.63333129882812,118.4000015258789,118.7933349609375,17377597,119.19360150628651,114.60237072716872,50.43974230720434,6.130839186454793,128.89999389648438,42502031.35,True,False,True,False,1,-0.07840697761136606
2024-08-26,120.06666564941406,120.53333282470705,117.04666900634766,117.32666778564452,14904096,119.0157982947968,114.70920590593248,48.62348029006868,5.941969517305121,128.89999389648438,41892995.5,True,False,False,False,0,-0.08978531155039493
2024-08-27,117.7866668701172,119.53333282470705,117.44000244140624,118.42666625976562,12746905,118.95969048193669,114.85498866490633,50.07547416440791,5.675162054573508,128.89999389648438,40848323.5,True,False,True,False,1,-0.08125157589324294
2024-08-28,124.73332977294922,139.8333282470703,124.13333129882812,130.47332763671875,446049436,120.05622735382069,115.46747254615387,62.55618879017011,6.798840621197163,128.89999389648438,37611867.0,True,True,True,True,2,0.012205848058440383
2024-08-29,131.3333282470703,137.1199951171875,128.8333282470703,129.8800048828125,174557769,120.99182521372467,116.0326698926895,61.73756570042863,6.905113924691451,139.8333282470703,57988498.1,True,False,True,True,2,-0.07117990745862368
2024-08-30,130.96665954589844,132.26666259765625,123.46666717529295,124.24666595458984,95443672,121.30181004618802,116.35478738531303,54.45164746386512,7.040462603096583,139.8333282470703,65601528.5,True,False,True,True,2,-0.11146600376228277
2024-09-02,126.33333587646484,128.0,124.0,125.05999755859376,67436197,121.65973266641714,116.69616817642208,55.272371429037634,6.823286702875398,139.8333282470703,69172484.75,True,False,True,False,1,-0.10564956776523027
2024-09-03,125.58666229248048,125.63333129882812,123.90666961669922,124.44666290283205,18806166,121.92515459369476,117.00010914608521,54.475225164118584,6.459242058536363,139.8333282470703,71038272.25,True,False,True,False,1,-0.11003575139863442
2024-09-04,122.03333282470705,125.73332977294922,122.03333282470705,123.18000030517578,23794719,122.0446637090739,117.24245781899073,52.78219200155058,6.262153122086778,139.8333282470703,69914230.1,True,False,True,False,1,-0.11909412548966802
2024-09-05,123.83333587646484,123.86666870117188,121.2066650390625,121.5999984741211,12885960,122.00231463907839,117.41334176625075,50.66689175301385,6.004856732088392,139.8333282470703,69785504.3,True,False,True,False,1,-0.13039330466863308
2024-09-06,121.33333587646484,121.57333374023438,118.1999969482422,119.13999938964844,19506184,121.72971318675172,117.4810538299134,47.476628597734226,5.818795645930571,139.8333282470703,69337994.9,True,False,False,False,0,-0.14798567063253343
2024-09-09,118.5,118.66666412353516,115.0,115.77999877929688,23438521,121.16307371937508,117.41434578871277,43.45220947195446,5.698881627624704,139.8333282470703,69426609.25,True,False,False,False,0,-0.1720142813541119
2024-09-10,116.3000030517578,121.31999969482422,116.26666259765624,120.25333404541016,24638568,121.07643184566413,117.52567866152442,49.579987911898826,5.687533005332036,139.8333282470703,63308940.0,True,False,False,False,0,-0.1400238015293781
2024-09-11,120.45999908447266,120.46666717529295,116.43333435058594,117.13999938964844,14743015,120.70153351651977,117.51055398419595,45.85556885859911,5.569375849573107,139.8333282470703,61550688.45,True,False,False,False,0,-0.16228841251153825
2024-09-12,118.00666809082033,122.43333435058594,118.00666809082033,120.22666931152344,34717224,120.65630835413917,117.61706831075782,49.87577961613168,5.549658643241993,139.8333282470703,60540019.05,True,False,False,False,0,-0.14021449093240512
2024-09-13,120.6999969482422,122.26666259765624,119.04666900634766,119.50666809082033,16969612,120.54681880525166,117.69117026291714,48.96253597709514,5.383253996675321,139.8333282470703,60196675.8,True,False,False,False,0,-0.1453634867385476
2024-09-16,119.66666412353516,120.22000122070312,117.33999633789062,117.56666564941406,11986888,120.26299469517188,117.68628772905427,46.49233632303441,5.204450488542262,139.8333282470703,59256888.2,True,False,False,False,0,-0.15923716382058417
2024-09-17,117.1999969482422,119.93333435058594,115.76666259765624,118.77999877929688,15524307,120.12175698889807,117.72917835847555,48.25080334553902,5.130323435998508,139.8333282470703,55646257.6,True,False,False,False,0,-0.15056016853560472
2024-09-18,118.4000015258789,119.63333129882812,116.53333282470705,116.7933349609375,10474980,119.80476441480658,117.69247861739564,45.607865232358016,4.985300224435835,139.8333282470703,54497884.15,True,False,False,False,0,-0.1647675384327808
2024-09-19,117.5999984741211,118.26666259765624,112.8066635131836,114.48666381835938,15913452,119.29827864371637,117.56676038998246,42.68440203744722,5.019207285867036,139.8333282470703,54040355.2,True,False,False,False,0,-0.18126339940880287
2024-09-20,114.93333435058594,117.66000366210938,113.8066635131836,116.04666900634766,15027586,118.98860153539555,117.50714896317325,45.2408650201004,4.935931061799804,139.8333282470703,53595763.4,True,False,False,False,0,-0.1701072236419504
2024-09-23,116.6999969482422,119.0,115.73999786376952,117.85333251953124,14016858,118.8804806767418,117.52072478891279,48.126542506210946,4.816221852830567,139.8333282470703,53478262.85,True,False,False,False,0,-0.1571871026963101
2024-09-24,118.34666442871094,118.34666442871094,115.73332977294922,116.14666748046876,7796161,118.62011751519198,117.46684018858164,45.677751983131905,4.658872767325649,139.8333282470703,53433900.95,True,False,False,False,0,-0.16939209746012618
2024-09-25,116.14666748046876,116.33333587646484,114.66666412353516,114.86666870117188,7216053,118.26264619957102,117.36487267927146,43.87462489895407,4.445144123440223,139.8333282470703,53186363.75,True,False,False,False,0,-0.17854584353298852
2024-09-26,114.6999969482422,115.1999969482422,112.0,112.72666931152344,12461667,117.73541030547125,117.18298235112448,40.96320828573496,4.356205039497508,137.1199951171875,31244694.6,True,False,False,False,0,-0.17789765660957524
2024-09-27,113.3000030517578,119.5999984741211,112.9800033569336,118.27333068847656,20615419,117.78664081813842,117.22574110945202,50.18927318164117,4.535999619718948,132.26666259765625,23139889.5,True,False,True,False,1,-0.10579636345513754
2024-09-30,118.66666412353516,120.22000122070312,116.33999633789062,119.53333282470705,17611506,117.95299243781162,117.31623490220713,52.023473931101954,4.489142852797059,128.0,19398476.85,True,False,True,False,1,-0.06614583730697621
2024-10-01,120.0,121.13333129882812,118.46666717529295,120.1266632080078,11780326,118.16000870163982,117.42644777694441,52.902957269310136,4.358965800706924,125.73332977294922,16907242.3,True,False,True,False,1,-0.04459172897962704
2024-10-03,116.73332977294922,118.53333282470705,101.5,113.7133331298828,20916118,117.73651579004391,117.28083543784396,43.59936498643179,5.378087044085558,125.73332977294922,16555950.3,True,False,False,True,1,-0.09559912765193035
2024-10-04,114.45999908447266,116.27999877929688,108.75333404541016,112.67333221435548,19936246,117.25430783045454,117.10014903692286,42.300247463938504,5.531556879071355,123.86666870117188,16412020.25,True,False,False,True,1,-0.090366008904464
2024-10-07,118.0999984741211,119.8000030517578,111.0,115.83000183105467,22149030,117.1186596400355,117.05033934257509,47.42128905481815,5.76501731997753,122.43333435058594,16764534.55,True,False,False,True,1,-0.05393410670841259
2024-10-08,115.1500015258789,116.0,110.37999725341795,115.29000091552734,7673783,116.94450166627281,116.98130646308303,46.65839505744029,5.754659136163568,122.43333435058594,16896676.85,False,False,False,False,0,-0.05834467772154084
2024-10-09,115.6500015258789,117.4000015258789,115.37999725341795,116.16000366210938,5609715,116.8697875706382,116.94909851010368,48.106871730373264,5.494326384319852,122.43333435058594,16108439.95,False,False,False,False,0,-0.05123874737016454
2024-10-10,116.4000015258789,118.0,114.02999877929688,116.9800033569336,9336602,116.88028431219013,116.95031046488134,49.49882501471579,5.3854460154900865,122.43333435058594,15156997.3,False,False,False,False,0,-0.04454122745719569
2024-10-11,117.4000015258789,117.75,113.75,114.05999755859376,6953397,116.61168557375238,116.83696486071321,44.88201637185598,5.2864855858122235,122.43333435058594,14886676.65,False,False,False,False,0,-0.06839098874833593
2024-10-14,114.06999969482422,114.58999633789062,112.0,113.22000122070312,4309825,116.28866801631912,116.69512314934026,43.621563606748204,5.09387921096068,122.26666259765624,13498485.3,False,False,False,False,0,-0.07399123509834415
2024-10-15,111.51000213623048,113.27999877929688,110.68000030517578,112.66000366210938,4192713,115.9430809349658,116.53688316944886,42.75942032401473,4.9157448726149955,121.13333129882812,12865495.95,False,False,False,False,0,-0.06995042195129264
2024-10-16,112.0,113.6500015258789,111.52999877929688,112.76000213623048,4194334,115.63993057318149,116.38877018775402,42.9761541248204,4.716049006469785,121.13333129882812,12475787.2,False,False,False,False,0,-0.06912489793532695
2024-10-17,112.76000213623048,113.2300033569336,109.5,110.3000030517578,3361952,115.13136604733161,116.14999500595025,39.05818558594479,4.645617174360057,121.13333129882812,11909288.55,False,False,False,False,0,-0.08943309104861652
2024-10-18,108.75,109.5500030517578,106.5999984741211,107.97000122070312,4531607,114.44933130193841,115.82921093594057,35.73514990664134,4.578073417451246,121.13333129882812,11553637.15,False,False,False,False,0,-0.1086681092394951
2024-10-21,107.87999725341795,108.38999938964844,102.0,102.58000183105467,6793852,113.31891897137805,115.30963410829798,29.48558449538504,4.7074967011796165,121.13333129882812,10984544.9,False,False,False,False,0,-0.15316452762290156
2024-10-22,101.16000366210938,101.5,96.0999984741211,96.6500015258789,15613437,111.73140302418766,114.57788381094822,24.424625619489476,4.834104319447757,121.13333129882812,10572858.2,False,False,False,True,1,-0.20211885127265605
2024-10-23,96.6500015258789,99.58999633789062,92.94000244140624,94.55999755859376,13709569,110.09603107508349,113.79286866379708,22.93073719459376,4.963810717807516,121.13333129882812,10652687.15,False,False,False,True,1,-0.21937259922852825
2024-10-24,94.5500030517578,95.5,91.6999969482422,92.2699966430664,10529971,108.39831351012947,112.9488344669057,21.387198982100344,4.880681598803966,121.13333129882812,10948357.55,False,False,False,False,0,-0.23827739521633173
2024-10-25,91.98999786376952,92.54000091552734,87.45999908447266,87.91000366210938,12734279,106.44704590555612,111.96691953338427,18.79338305908351,4.894918758250445,121.13333129882812,11114053.45,False,False,False,True,1,-0.274270733583302
2024-10-28,87.55999755859375,94.4000015258789,85.20999908447266,93.30999755859376,17785638,105.19589844394066,111.23527553437289,30.100490802407194,5.201710449904431,121.13333129882812,11127684.05,False,False,False,True,1,-0.22969180688671054
2024-10-29,94.6999969482422,95.3499984741211,91.18000030517578,93.97000122070312,10837160,104.1267653750609,110.55820595344467,31.358502335635237,5.128016715550209,121.13333129882812,10986195.0,False,False,False,False,0,-0.22424323501113674
2024-10-30,93.5500030517578,98.86000061035156,93.0500030517578,97.13999938964844,14376765,103.46135909073591,110.03200177447228,37.204225775378326,5.1767296329104635,121.13333129882812,10647477.7,False,False,False,True,1,-0.19807373950601326
2024-10-31,96.8000030517578,98.0,95.52999877929688,97.19000244140624,7115804,102.864087028895,109.5283939574893,37.29494018608268,4.983391889181368,119.8000030517578,10777299.65,False,False,False,False,0,-0.1887312189848881
2024-11-01,97.9000015258789,100.9000015258789,97.5500030517578,99.97000122070312,4001836,102.5884598090672,109.15355502663495,42.28670919685968,4.892435260273604,119.8000030517578,10087283.95,False,False,False,False,0,-0.1655258875284621
2024-11-04,100.8000030517578,101.6999969482422,96.4499969482422,97.80999755859376,8543836,102.13336816616498,108.70870963573138,39.645856004560926,4.91797559882549,119.8000030517578,9290563.45,False,False,False,False,0,-0.1835559677211659
2024-11-05,96.5199966430664,97.6999969482422,95.2699966430664,96.86000061035156,8850092,101.63114268465894,108.24405437983414,38.50683788599341,4.748120264304195,118.0,8610303.75,False,False,False,True,1,-0.17915253720041047
2024-11-06,97.5500030517578,101.88999938964844,97.5500030517578,101.44000244140624,9457810,101.61293885196821,107.97722881362128,46.48873580624381,4.768254443946529,118.0,8669119.2,False,False,False,True,1,-0.1403389623609641
2024-11-07,101.8000030517578,101.8000030517578,99.3000030517578,99.61000061035156,6924509,101.4221828289571,107.64910221741464,44.02953496959946,4.60623626937892,118.0,8861523.95,False,False,False,False,0,-0.15584745245464782
2024-11-08,99.0,99.38999938964844,96.51000213623048,97.0199966430664,3825063,101.00292700172943,107.23227454783236,40.744438082494156,4.498647855431932,117.75,8740919.3,False,False,False,False,0,-0.1760509839230029
2024-11-11,96.0,96.4499969482422,93.91000366210938,94.5500030517578,5097204,100.38836281601785,106.73493056759415,37.844511094828675,4.3994582215408675,114.58999633789062,8584502.6,False,False,False,False,0,-0.17488431736258248
2024-11-12,94.6999969482422,96.4000015258789,92.12000274658205,93.45999908447266,5050522,99.72851865110879,106.21434501923645,36.60630879740985,4.390925404237724,113.6500015258789,8623871.55,False,False,False,False,0,-0.17765070101480684
2024-11-13,92.12000274658205,93.2699966430664,88.31999969482422,89.51000213623047,9326900,98.75532660207276,105.55927274931464,32.46144791513173,4.444430688909918,113.6500015258789,8666762.0,False,False,False,True,1,-0.21240650299640862
2024-11-14,90.58999633789062,92.8000030517578,89.5199966430664,90.0,7851055,97.92148597330392,104.949105190518,33.46784123341749,4.3619714193825905,113.2300033569336,8923390.3,False,False,False,False,0,-0.20515766729871
2024-11-18,90.27999877929688,92.01000213623048,89.0199966430664,89.98999786376953,6470782,97.16610615334827,104.36247353064552,33.456881885253125,4.263973853224125,109.5500030517578,9147845.45,False,False,False,False,0,-0.17854865032497513
2024-11-19,90.19000244140624,92.1999969482422,89.25,89.81999969482422,6571685,96.46647696682217,103.79218043904469,33.25754695955753,4.170118360011131,108.38999938964844,9244804.2,False,False,False,False,0,-0.17132576620899687
2024-11-21,89.5,90.0,86.7699966430664,88.23999786376953,6755138,95.68300276653144,103.1822909262888,31.38587307942096,4.102967288362735,101.88999938964844,9233695.85,False,False,False,False,0,-0.13396802048921874
2024-11-22,88.25,89.68000030517578,87.25,89.12999725341797,4919766,95.05890700337778,102.63122058617623,33.65099298275764,3.9834696467065243,101.88999938964844,8790780.9,False,False,False,False,0,-0.1252331162299215
2024-11-25,93.0,96.3000030517578,92.76000213623048,94.76000213623048,13448148,95.03043987317328,102.32254535284503,45.83293905301533,4.211079371823189,101.88999938964844,8351290.75,False,False,False,True,1,-0.06997740009940889
2024-11-26,95.0,95.3000030517578,93.87000274658205,94.5500030517578,4314123,94.98468398541942,102.01773977241024,45.49738537944401,4.012430867062658,101.88999938964844,8497199.6,False,False,False,False,0,-0.07203843735262938
2024-11-27,94.5,96.8499984741211,93.5999984741211,95.68000030517578,7343971,95.05090458730098,101.7692009697736,47.71558787467789,3.9579715194153255,101.88999938964844,8076191.8,False,False,False,False,0,-0.06094807264375712
2024-11-28,97.4000015258789,100.5,97.4000015258789,98.76000213623048,16617968,95.40415197291331,101.65119317237976,53.29519575410176,4.019544960515961,101.88999938964844,7554108.45,False,False,True,True,2,-0.030719376505717655
2024-11-29,99.0,100.37999725341795,96.5,99.22000122070312,8521514,95.76756618698853,101.5558523115297,54.083316282260604,4.009577267151817,101.88999938964844,7843148.85,False,False,True,True,2,-0.026204712777891825
2024-12-02,97.76000213623048,98.6500015258789,96.91000366210938,98.23999786376952,5289295,96.00303587049149,101.4258188037744,52.06749043780414,3.888178716540527,101.88999938964844,7550386.3,False,False,True,False,1,-0.03582296150499087
2024-12-03,98.3000030517578,100.13999938964844,97.93000030517578,99.29000091552734,6176380,96.3160801604949,101.34206123952943,54.043915689224455,3.768308742821393,101.88999938964844,7459060.85,False,False,True,False,1,-0.025517700360151774
2024-12-04,99.5,101.68000030517578,99.25,100.0500030517578,7546520,96.6716918644247,101.29139229098938,55.474993196787786,3.672715282989564,101.88999938964844,7567788.05,False,False,True,False,1,-0.018058654911303984
2024-12-05,100.0,103.4000015258789,99.04000091552734,102.83000183105467,17659498,97.25819757553232,101.35172992001155,60.34003863453056,3.72180709208685,101.88999938964844,7517922.25,False,True,True,True,2,0.009225659505713413
2024-12-06,103.3499984741211,104.9499969482422,102.2699966430664,103.62000274658205,9437700,97.86408378229896,101.44068179556334,61.62330882589997,3.647392321593203,103.4000015258789,7958392.55,False,True,True,True,2,0.0021276713487095034
2024-12-09,104.44000244140624,105.1999969482422,102.36000061035156,103.33000183105467,6547055,98.38464740599,101.51477277734732,60.84500846274509,3.589721179900163,104.9499969482422,7957387.05,False,False,True,False,1,-0.015435875791272813
2024-12-10,103.0,104.6500015258789,101.6500015258789,102.66000366210938,7198737,98.79182419228708,101.55968379243603,58.991268202056474,3.5475982384787232,105.1999969482422,7938514.35,False,False,True,False,1,-0.024144423572393103
2024-12-11,102.5999984741211,103.55999755859376,101.76000213623048,102.0500030517578,4650576,99.10212694080809,101.57891199868395,57.280190555716416,3.422769465899049,105.1999969482422,8107198.05,False,False,True,False,1,-0.029942908629875586
2024-12-12,102.0,103.7699966430664,98.91000366210938,100.6500015258789,10863440,99.24954356795769,101.54248413700533,53.44841766757456,3.5254282884031904,105.1999969482422,8084866.65,False,False,True,True,2,-0.043250908311355474
2024-12-13,100.7300033569336,101.5999984741211,97.61000061035156,99.29000091552734,6941105,99.2533966486786,101.45415146165327,49.95260068651043,3.5586118295007862,105.1999969482422,8375512.55,False,False,False,False,0,-0.05617867114219155
2024-12-16,99.75,102.0,99.5,101.06999969482422,7040415,99.42640646259724,101.4390866864835,54.17697929417362,3.497996633427349,105.1999969482422,8256222.8,False,False,True,False,1,-0.03925853016374059
2024-12-17,100.95999908447266,102.68000030517578,100.1999969482422,100.63999938964844,6681204,99.54198674136403,101.40774992974488,53.012863120617915,3.4252828279635086,105.1999969482422,8215690.8,False,False,True,False,1,-0.043345985654707375
2024-12-18,100.0,100.48999786376952,98.1999969482422,98.7300033569336,5136529,99.4646549904659,101.30274026022288,48.07180099705916,3.354905657495132,105.1999969482422,8226211.9,False,False,False,False,0,-0.0615018420056781
2024-12-19,96.0,97.94000244140624,95.61000061035156,97.0999984741211,3981544,99.23944960795687,101.13792685684633,44.278855802735634,3.3381268781441964,105.1999969482422,8154454.1,False,False,False,False,0,-0.0769961854476694
2024-12-20,97.0999984741211,97.9000015258789,93.3000030517578,94.43000030517578,5889049,98.78140681721581,100.87487091364356,38.86888415644897,3.4282605635711185,105.1999969482422,8015774.4,False,False,False,False,0,-0.10237639691534595
2024-12-23,95.0,95.4499969482422,92.3000030517578,92.63999938964844,4662477,98.19651087173321,100.55193477544768,35.71813154803064,3.4083843730649246,105.1999969482422,8064238.55,False,False,False,False,0,-0.11939161523714881
2024-12-24,92.63999938964844,93.98999786376952,92.18000030517578,93.1999969482422,3318049,97.7206524028293,100.26362348810628,37.427031179482434,3.2942138863169825,105.1999969482422,7624955.0,False,False,False,False,0,-0.11406844437366226
2024-12-26,93.1999969482422,93.9000015258789,91.66999816894533,92.06999969482422,3163694,97.18249500206691,99.94230490797757,35.382950439611676,3.218198848503883,105.1999969482422,7575151.3,False,False,False,False,0,-0.12480986344398726
2024-12-27,92.5,93.9800033569336,92.12000274658205,93.38999938964844,4776354,96.82130494374135,99.68535175039605,39.53710571712095,3.1247563351899896,105.1999969482422,7366137.45,False,False,False,False,0,-0.11226233746379499
2024-12-30,93.52999877929688,93.77999877929688,87.72000122070312,88.18000030517578,10407172,95.99832354959224,99.23416149764232,31.051748018248418,3.3344164225759725,105.1999969482422,6774056.75,False,False,False,True,1,-0.16178704502662833
2024-12-31,88.80000305175781,93.5,88.62000274658203,92.9499969482422,16003131,95.70800673041606,98.98772367217565,43.09355922307184,3.4762437991651334,105.1999969482422,6868339.65,False,False,False,True,1,-0.11644487029811346
2025-01-01,92.5999984741211,94.4800033569336,92.16999816894533,92.9499969482422,4220243,95.44533913211379,98.75095007515866,43.09355922307184,3.392941041223929,105.1999969482422,7404031.45,False,False,False,False,0,-0.11644487029811346
2025-01-02,92.9499969482422,94.52999877929688,92.25,93.3499984741211,5560559,95.24578287897162,98.53914805158855,44.04400666234915,3.3134451653719967,105.1999969482422,7306224.6,False,False,False,False,0,-0.1126425743144388
2025-01-03,93.4000015258789,94.56999969482422,92.30999755859376,92.5199966430664,6325530,94.9861841898378,98.30310289831317,42.45932563107985,3.2381992347190294,105.1999969482422,7206926.55,False,False,False,False,0,-0.12053232578908046
2025-01-06,93.22000122070312,93.22000122070312,87.55000305175781,87.8499984741211,7616604,94.30654745500765,97.89317723461936,34.8595731490682,3.4118991585923353,105.1999969482422,6640228.15,False,False,False,True,1,-0.16492394465236737
2025-01-07,88.19000244140625,90.5,88.0999984741211,89.27999877929688,5570304,93.82782853351138,97.55540553048907,38.4901459957887,3.3574778991128045,105.1999969482422,6549173.35,False,False,False,False,0,-0.15133078546359535
2025-01-08,90.0,92.37000274658205,88.62000274658203,89.83000183105469,13903442,93.4470831332774,97.25244852266812,39.878086975042834,3.3855151920333193,104.6500015258789,6500335.8,False,False,False,True,1,-0.14161490185128545
2025-01-09,89.76000213623047,89.7699966430664,87.51000213623047,87.75,5630997,92.90450378725099,96.87980348256349,36.5217809600695,3.3094069422326693,103.7699966430664,6835571.05,False,False,False,False,0,-0.1543798512220229
2025-01-10,87.63999938964844,87.9800033569336,84.04000091552734,84.48999786376953,8007873,92.10312227072895,96.39392875241471,31.978916030183456,3.354449477887925,103.7699966430664,6884592.1,False,False,False,True,1,-0.1857955035463047
2025-01-13,81.12000274658203,84.1500015258789,78.38999938964844,78.93000030517578,13526434,90.84853922639054,95.70906881330731,26.031609786619825,3.5505601204760087,102.68000030517578,6741813.75,False,False,False,True,1,-0.23130112903596123
2025-01-14,80.0,84.94000244140625,79.69999694824219,84.11000061035156,10324827,90.20677364391065,95.25420339358357,37.66324158378394,3.726234550172756,102.68000030517578,7071080.2,False,False,False,True,1,-0.1808531324467494
2025-01-15,85.69999694824219,87.38999938964844,83.5999984741211,86.25,10993490,89.82993805877629,94.90109737814892,41.73928530919444,3.7307892905552267,102.68000030517578,7235300.8,False,False,False,True,1,-0.16001168929045662
2025-01-16,87.9800033569336,89.08999633789062,87.30999755859375,87.83000183105469,6001575,89.63946794185043,94.62379951355699,44.618587652317494,3.6671612225077554,100.48999786376952,7450915.1,False,False,False,False,0,-0.1259826480430173
2025-01-17,87.55000305175781,96.98999786376952,86.9000015258789,95.30999755859376,58881883,90.17951838154028,94.65070924081334,55.76440207195747,4.125935159320816,97.94000244140624,7494167.4,False,False,True,True,2,-0.026853224599273418
2025-01-20,97.0,99.18000030517578,95.61000061035156,98.76000213623048,30958341,90.99670731055839,94.81185798181009,59.78456417409198,4.1076542726966165,97.9000015258789,10239184.35,False,True,True,True,2,0.008784480050536558
2025-01-21,98.6999969482422,98.83999633789062,94.62000274658205,95.0999984741211,17470432,91.38749694518341,94.82315760895953,54.1610796038228,4.115678509740328,99.18000030517578,11492648.95,False,False,True,True,2,-0.041137344409160836
2025-01-22,94.3000030517578,94.5999984741211,90.3499984741211,92.37999725341795,11402076,91.4820207840629,94.7273473989383,50.36920636450314,4.160987187616019,99.18000030517578,12133046.7,False,False,True,False,1,-0.06856224068193473
2025-01-23,91.5,94.38999938964844,91.0999984741211,92.04000091552734,9160862,91.53516174896427,94.62196126233395,49.898936004647226,4.098773882466828,99.18000030517578,12537248.05,False,False,False,False,0,-0.07199031425366742
2025-01-24,91.88999938964844,93.58000183105467,90.73999786376952,91.31999969482422,10328379,91.51467012476046,94.49247257341202,48.85861509291306,4.0088617456681375,99.18000030517578,12837106.45,False,False,False,False,0,-0.07924985466995793
2025-01-27,89.94999694824219,89.94999694824219,86.5,89.08000183105469,10177006,91.28279695393134,94.28021881880977,45.66859959932839,4.066800170607857,99.18000030517578,13114707.7,False,False,False,False,0,-0.10183503169029551
2025-01-28,89.08999633789062,90.0999984741211,84.91999816894531,87.01000213623047,11728831,90.8758641141503,93.99511228223804,42.882244222899324,4.146314465934138,99.18000030517578,13103199.4,False,False,False,False,0,-0.12270617192476674
2025-01-29,87.29000091552734,92.6500015258789,87.29000091552734,91.68000030517578,10117561,90.9524485132956,93.90432357725521,50.25602778931587,4.253006246199445,99.18000030517578,12889484.4,False,False,True,False,1,-0.07562008446181268
2025-01-30,92.75,93.68000030517578,91.58999633789062,93.16000366210938,7405863,91.16269186080166,93.87513456097498,52.35528039044537,4.098506083419853,99.18000030517578,13184350.3,False,False,True,False,1,-0.06069768728113467
2025-01-31,93.3000030517578,100.6999969482422,92.6999969482422,99.83000183105467,26392481,91.9881499532067,94.10865876764477,60.454899852207134,4.377184220318435,99.18000030517578,13276615.5,False,True,True,True,2,0.0065537560383024385
2025-02-01,100.0,104.1500015258789,94.0,95.33000183105467,33787212,92.30642156062079,94.156554574053,53.808694203492266,4.789528313572755,100.6999969482422,14279963.05,False,False,True,True,2,-0.053326666136321754
2025-02-03,93.7699966430664,93.9000015258789,90.3000030517578,90.76000213623048,12814367,92.15914352020268,94.02335643923644,48.03340206755083,4.806704775410192,104.1500015258789,15588493.45,False,False,False,False,0,-0.12856456258736892
2025-02-04,91.25,93.9000015258789,91.25,93.05999755859376,9370532,92.24493914290659,93.9855776596034,50.890235004333356,4.687654390712923,104.1500015258789,15950696.6,False,False,True,False,1,-0.10648107349791569
2025-02-05,93.0,95.5500030517578,92.9800033569336,95.0999984741211,8167629,92.51684955540321,94.0292804366433,53.340369514499365,4.536393341006585,104.1500015258789,15724051.1,False,False,True,False,1,-0.08689393105298315
2025-02-06,96.0,97.0,93.5199966430664,94.37999725341795,7507068,92.69429219330938,94.04303403730114,52.347694290048366,4.4609369135728,104.1500015258789,15850882.7,False,False,True,False,1,-0.09380704876930157
2025-02-07,93.5500030517578,94.1999969482422,91.8499984741211,92.4800033569336,6300526,92.67388373270217,93.98173871650242,49.71821159170636,4.323012761124518,104.1500015258789,15825842.45,False,False,False,False,0,-0.11204990876592147
2025-02-10,92.4800033569336,93.3499984741211,89.72000122070312,90.20999908447266,6021056,92.4392280519184,93.8338273583836,46.70000580930941,4.273511653431194,104.1500015258789,15464547.05,False,False,False,False,0,-0.13384543674675298
2025-02-11,90.1999969482422,90.75,85.0,85.36000061035156,10604130,91.76501591462633,93.50152042708822,40.97643418194824,4.3789751067575375,104.1500015258789,15249358.5,False,False,False,False,0,-0.18041287220584878
2025-02-12,86.9000015258789,87.0,82.93000030517578,85.87000274658203,22328417,91.20358608909831,93.20224522393113,41.78442138514235,4.3569054344765865,104.1500015258789,15229890.5,False,False,False,True,1,-0.17551606828113886
2025-02-13,86.0,89.52999877929688,85.19000244140625,85.75,16913561,90.68419693775562,92.91000031318873,41.63997940958357,4.355697641863303,104.1500015258789,16046232.6,False,False,False,True,1,-0.1766682789851609
2025-02-14,86.16000366210938,87.0,81.0999984741211,82.11000061035156,13407240,89.86760681133617,92.48647091307747,37.415043811383654,4.466005062150132,104.1500015258789,13947816.5,False,False,False,False,0,-0.21161786454751907
2025-02-17,81.69999694824219,83.5999984741211,79.4000015258789,82.0199966430664,12459888,89.12021536673906,92.07602094170448,37.31422790184578,4.44700448258528,104.1500015258789,13070261.45,False,False,False,False,0,-0.21248204088901235
2025-02-18,82.0,82.5999984741211,77.20999908447266,77.79000091552734,14312121,88.04114732376651,91.51578486224656,32.83609229135239,4.51436126166122,104.1500015258789,12819734.25,False,False,False,True,1,-0.2530964975915214
2025-02-19,77.30000305175781,81.66000366210938,76.80000305175781,80.70999908447266,13030642,87.34294272954804,91.09202855723582,38.337469901495126,4.5390497865676736,104.1500015258789,12965236.5,False,False,False,True,1,-0.22506002974548145
2025-02-20,80.30999755859375,83.25,79.25,82.70999908447266,10619188,86.90171000144562,90.76332151908825,41.85074192423441,4.500546230384268,104.1500015258789,13158725.5,False,False,False,False,0,-0.20585695753522282
2025-02-21,82.0999984741211,84.30000305175781,80.5,81.08000183105469,12310003,86.34726160426554,90.38358349210654,39.857578507583,4.4505074319109506,104.1500015258789,13173265.95,False,False,False,False,0,-0.2215074350151771
2025-02-24,80.0999984741211,81.16999816894531,78.83000183105469,79.94999694824219,7435359,85.7379983036919,89.97442323548441,38.48904628768805,4.299756639480928,104.1500015258789,13279915.8,False,False,False,False,0,-0.23235721769647377
2025-02-25,80.1500015258789,81.1500015258789,78.30000305175781,78.70999908447266,8145061,85.06866504471863,89.53268111191532,36.98821196050035,4.1962024848123685,104.1500015258789,13065242.2,False,False,False,False,0,-0.24426310195574008
2025-02-27,78.80000305175781,79.33000183105469,75.4000015258789,75.75,8341332,84.1811731356978,88.99218381340884,33.61824272615645,4.177188043409755,104.1500015258789,12966617.2,False,False,False,False,0,-0.27268364003645407
2025-02-28,75.0,75.36000061035156,72.5,72.86000061035156,13837258,83.10296622852196,88.35954917799484,30.67925195605848,4.110960326023344,104.1500015258789,13013390.65,False,False,False,True,1,-0.30043207351996526
2025-03-03,73.06999969482422,74.48999786376953,70.80000305175781,73.68000030517578,13653700,82.20554090248899,87.78388059474703,32.48284265012202,4.080891360736799,104.1500015258789,12385629.5,False,False,False,True,1,-0.2925588168439155
2025-03-04,72.79000091552734,75.36000061035156,72.05000305175781,74.56999969482422,10040201,81.478346501759,87.26568918690693,34.475529108100346,4.025827517726581,97.0,11378953.9,False,False,False,False,0,-0.2312371165482039
2025-03-05,74.75,79.2699966430664,74.70999908447266,78.98999786376953,15145124,81.24136091718859,86.94115227227408,43.408449741628544,4.073982477049125,97.0,11240245.6,False,False,False,True,1,-0.18567012511577807
2025-03-06,79.94999694824219,80.83000183105469,79.23999786376953,80.08000183105469,11056127,81.13075528993774,86.67208754908901,45.385811409795835,3.9144125834945553,97.0,11528975.2,False,False,False,False,0,-0.17443297081386921
2025-03-07,80.19000244140625,82.30999755859375,79.45999908447266,80.76000213623047,8938596,81.09544546577513,86.44024106231025,46.63845812017941,3.838383004253594,97.0,11673400.1,False,False,False,False,0,-0.16742265838937664
2025-03-10,81.19999694824219,82.06999969482422,77.55000305175781,78.6500015258789,8875128,80.86254604292787,86.13474147264628,43.31834323776769,3.8870696927402233,94.1999969482422,11744976.5,False,False,False,False,0,-0.16507426673174075
2025-03-11,77.30000305175781,79.56999969482422,76.56999969482422,78.87000274658203,7267789,80.67278001470446,85.84984975789867,43.76783416631351,3.8237075718302074,93.3499984741211,11873706.6,False,False,False,False,0,-0.15511511477478246
2025-03-12,79.58999633789062,80.25,77.5,79.11000061035156,5345006,80.52394388095657,85.58554194819094,44.28687660771808,3.7470141738423357,90.75,11936043.25,False,False,False,False,0,-0.12826445608428028
2025-03-13,79.73999786376953,79.73999786376953,77.75,77.88999938964844,4802499,80.2730920246415,85.283755965503,42.156669051661424,3.6215130088371357,89.52999877929688,11673087.05,False,False,False,False,0,-0.13001228133982834
2025-03-17,78.3499984741211,79.29000091552734,77.3499984741211,77.91999816894531,6690254,80.04898784790853,84.99498114995173,42.230251688228165,3.501405111163501,89.52999877929688,10796791.15,False,False,False,False,0,-0.12967721175749958
2025-03-18,77.91999816894531,77.91999816894531,77.91999816894531,77.91999816894531,0,79.8462269261025,84.7175308369711,42.230251688228165,3.251304746080394,87.0,10285625.8,False,False,False,False,0,-0.10436783713855957
2025-03-19,80.0,83.88999938964844,79.91999816894531,83.33000183105469,16189908,80.17801501228843,84.6631179347783,54.37057803128739,3.4454973514105895,84.30000305175781,9615263.8,False,False,True,True,2,-0.011506538381826248
2025-03-20,83.98999786376953,84.27999877929688,81.80000305175781,82.9800033569336,11003307,80.44487104511178,84.59711344152949,53.5860029248473,3.3765329497054806,84.30000305175781,9801764.8,False,False,True,True,2,-0.01565835880235711
2025-03-21,82.5,84.19999694824219,82.0199966430664,83.7300033569336,15715918,80.75774078909481,84.56310912448652,55.08180011629346,3.291066332239074,84.30000305175781,9636324.1,False,False,True,True,2,-0.006761561971406538
2025-03-24,84.38999938964844,86.30000305175781,84.16999816894531,85.36000061035156,12183787,81.19605124826211,84.59435977099103,58.23226713896437,3.239561572423727,84.30000305175781,9770587.9,False,True,True,True,2,0.012574110560149565
2025-03-25,85.79000091552734,85.94999694824219,82.0199966430664,83.16000366210938,12488125,81.38309433529518,84.5381105118192,52.84491135547625,3.28887862476316,86.30000305175781,9848817.85,False,False,True,True,2,-0.03638469616003659
2025-03-26,83.5,84.5,80.86000061035156,81.06999969482422,10713993,81.35327579810748,84.4021061660547,48.275613433641894,3.3139586793978224,86.30000305175781,9857723.95,False,False,False,True,1,-0.06060258600219215
2025-03-27,82.3499984741211,84.69000244140625,82.01000213623047,82.70999908447266,34327535,81.48248753966605,84.33574902560049,51.79766445118761,3.33581896991098,86.30000305175781,10021655.65,False,False,True,True,2,-0.041599117500981775
2025-03-28,83.0999984741211,84.80000305175781,81.0,81.88999938964844,13560542,81.52129819204532,84.23983727517101,49.96565965283514,3.3689749757571823,86.30000305175781,11330779.35,False,False,False,True,1,-0.05110085175158696
2025-04-01,80.87000274658203,82.45999908447266,80.51000213623047,81.61000061035156,5645573,81.52974604140782,84.13670642557025,49.3241500383506,3.267619402363254,86.30000305175781,11591739.85,False,False,False,False,0,-0.05434533343635517
2025-04-02,81.61000061035156,83.19999694824219,79.9000015258789,82.88999938964844,7593537,81.6592939793355,84.08781595357333,52.33682719120954,3.269931975220399,86.30000305175781,11182155.6,False,False,True,False,1,-0.03951336664570282
2025-04-03,81.4000015258789,84.77999877929688,81.4000015258789,84.41000366210938,9282920,81.92126633007587,84.10045076567278,55.70450869667221,3.2777937808059394,86.30000305175781,10879147.45,False,False,True,False,1,-0.021900339777681355
2025-04-04,84.33999633789062,85.68000030517578,81.69999694824219,82.7300033569336,12938267,81.9982889040623,84.04670773003595,51.383171050068704,3.3279516076722007,86.30000305175781,10841283.4,False,False,True,True,2,-0.04136731829178664
2025-04-07,75.91000366210938,80.0999984741211,75.0,79.45999908447266,11518239,81.75654701648233,83.86683680275895,44.19633478707648,3.642383875476586,86.30000305175781,10730940.55,False,False,False,True,1,-0.07925844409510518
2025-04-08,84.5,84.5,79.72000122070312,83.06999969482422,17372693,81.88163774775298,83.8355882887223,52.15275045889935,3.7422136640516404,86.30000305175781,10754046.15,False,False,True,True,2,-0.03742761579042386
2025-04-09,82.63999938964844,87.44999694824219,81.41000366210938,87.01000213623047,30465976,82.37005340379845,83.96007510627166,59.02024057553703,3.906340779914581,86.30000305175781,11175751.0,False,True,True,True,2,0.008227103816518255
2025-04-11,89.0,90.1999969482422,86.08999633789062,89.0999984741211,27133267,83.01100055335299,84.16164072854026,62.12565729850215,3.9208879106600807,87.44999694824219,12255293.4,False,True,True,True,2,0.01886794263532643
2025-04-15,89.80000305175781,90.55999755859376,89.30000305175781,89.7699966430664,10715153,83.65471446665902,84.3815762546001,63.09124700897969,3.74511013736098,90.1999969482422,13248567.3,False,False,True,False,1,-0.00476718758008976
2025-04-16,90.01000213623047,96.5,89.7699966430664,95.8000030517578,56298845,84.81140861762081,84.8293576976259,70.40438455243788,3.958316795901881,90.55999755859376,13517074.65,False,True,True,True,2,0.05786225303035897
2025-04-17,96.1999969482422,99.9000015258789,96.0,98.4000015258789,48187798,86.1055603231692,85.36153980853777,72.89792761627461,3.968436915774683,96.5,16091891.95,True,True,True,True,2,0.01968913498320113
2025-04-21,98.6999969482422,100.54000091552734,96.6999969482422,99.9800033569336,18052626,87.42693585019438,85.93481288886703,74.31421541529033,3.9592631337397157,99.9000015258789,18166769.15,True,True,True,False,1,0.0008008191174448953
2025-04-22,100.0999984741211,102.5,99.11000061035156,100.1999969482422,16900830,88.64341785953228,86.49423187158763,74.51392052117556,3.9186014377331957,100.54000091552734,19069400.45,True,False,True,False,1,-0.0033817780404717945
2025-04-23,100.75,101.62000274658205,97.6500015258789,100.80999755859376,14614747,89.80213973563338,87.05563444754866,75.0921984970359,3.9222728508024773,102.5,19104946.55,True,False,True,False,1,-0.016487828696646223
2025-04-24,100.75,101.02999877929688,99.25,99.87000274658205,9680306,90.7609838319142,87.55815869456958,72.3672665635874,3.769253274266363,102.5,19285518.55,True,False,True,False,1,-0.025658509789443507
2025-04-25,99.87000274658205,100.0999984741211,94.8499984741211,95.48999786376952,15332890,91.21136612066233,87.86921121100879,61.219574423615754,3.8750208975330516,102.5,18983737.95,True,False,True,False,1,-0.06839026474371201
2025-04-28,94.1999969482422,99.2699966430664,94.1999969482422,98.63999938964844,14383334,91.91885500342292,88.29159506115153,65.35316295817778,3.960376525910991,102.5,19141193.1,True,False,True,False,1,-0.037658542540015216
2025-04-29,99.1999969482422,100.1999969482422,97.0,97.30999755859376,8996893,92.43229715153443,88.64525790418848,62.332147676013236,3.906063698934649,102.5,19235953.55,True,False,True,False,1,-0.05063417016006089
2025-04-30,97.4000015258789,98.2300033569336,94.51000213623048,95.19000244140624,8309482,92.69493575056984,88.90191455270683,57.74964297052798,3.8927735219181105,102.5,19150098.55,True,False,True,False,1,-0.07131704935213423
2025-05-02,95.19000244140624,96.91999816894533,93.5,93.58999633789062,6847608,92.78017961602896,89.08576089722385,54.49347504194988,3.859003853848626,102.5,17849195.9,True,False,True,False,1,-0.08692686499618907
2025-05-05,94.38999938964844,96.9800033569336,93.4499969482422,96.29000091552734,9383107,93.11444831121928,89.3682801136279,58.723013856949635,3.8355040363373947,102.5,17513549.2,True,False,True,False,1,-0.06058535692168443
2025-05-06,96.29000091552734,96.58999633789062,91.5,92.58000183105467,15177974,93.06354864644169,89.49422998489955,51.62303778619224,3.9251106293054825,102.5,17700425.9,True,False,True,False,1,-0.09678046994093004
2025-05-07,91.0,96.0999984741211,90.8000030517578,95.9000015258789,16423887,93.33368701591189,89.74543671199677,56.671625116699445,4.023316685952469,102.5,18079647.75,True,False,True,False,1,-0.06439022901581559
2025-05-08,95.75,96.68000030517578,93.13999938964844,93.93000030517578,11654657,93.39047875774655,89.90953724506262,53.12861105145734,3.9887941309221033,102.5,18436696.1,True,False,True,False,1,-0.08360975312023633
2025-05-09,90.06999969482422,92.8000030517578,90.06999969482422,92.22000122070312,9487742,93.27900470659955,90.00014367547989,50.19513273257976,3.9795945937384936,102.5,18372515.6,True,False,True,False,1,-0.10029267101753048
2025-05-12,95.98999786376952,100.23999786376952,95.12000274658205,99.80999755859376,17809802,93.9010040258371,90.38484382775887,60.595157779631926,4.268194740119058,102.5,18270990.75,True,False,True,False,1,-0.02624392625762184
2025-05-13,99.3000030517578,102.0999984741211,98.31999969482422,101.69000244140624,20939670,94.64281339874844,90.82818338123525,62.67424765119148,4.233323600060331,102.5,18292846.2,True,False,True,True,2,-0.007902415205792823
2025-05-14,102.08000183105467,107.75,101.8000030517578,106.75,32568683,95.79587878934383,91.45256834667701,67.62537829120248,4.363800311384147,102.5,17816530.9,True,True,True,True,2,0.04146341463414638
2025-05-15,107.0,108.6500015258789,106.1999969482422,106.72000122070312,18249645,96.83627140185423,92.05129120448197,67.56815460477225,4.227100616116473,107.75,18088301.7,True,False,True,True,2,-0.00955915340414737
2025-05-16,107.16000366210938,113.1999969482422,106.5500030517578,111.08000183105467,27415877,98.19281715701618,92.79751515062208,71.36120425293598,4.400164421857039,108.6500015258789,18465026.3,True,True,True,True,2,0.022365395959952794
2025-05-19,112.4000015258789,116.44000244140624,112.1999969482422,115.93000030517578,33481411,99.88207269493614,93.7046714311928,74.88058406662512,4.468724149606649,113.1999969482422,17020877.9,True,True,True,True,2,0.024116638078902186
2025-05-20,116.0,116.37000274658205,110.51000213623048,110.88999938964844,15125669,100.93044666586113,94.37860586093616,65.82757528194914,4.568101039659857,116.44000244140624,16285558.55,True,False,True,False,1,-0.04766405818782604
2025-05-21,111.0,113.9000015258789,109.95999908447266,113.20999908447266,14477552,102.09992784858603,95.1170918697023,67.75982437983787,4.523236854070314,116.44000244140624,16139210.7,True,False,True,False,1,-0.0277396366301087
2025-05-22,113.5999984741211,115.30999755859376,111.25,113.11000061035156,14055956,103.14850620684942,95.8226961340415,67.5824416538936,4.490148332964846,116.44000244140624,16018046.8,True,False,True,False,1,-0.028598434912695647
2025-05-23,113.66999816894533,113.9499969482422,110.9499969482422,112.48999786376952,8509263,104.03817207893705,96.47631580971711,66.42144151090486,4.3837091663245005,116.44000244140624,15990107.25,True,False,True,False,1,-0.03392308910010888
2025-05-26,112.5,114.83000183105467,112.5,114.2699966430664,10037221,105.01263156123508,97.1741072149465,68.11498293245583,4.2377302235359755,116.44000244140624,15931555.1,True,False,True,False,1,-0.018636256894891456
2025-05-27,114.5,116.18000030517578,113.6999969482422,114.97000122070312,11450424,105.96095248118442,97.87198541125068,68.7818011807332,4.112178304492947,116.44000244140624,15666771.65,True,False,True,False,1,-0.012624537872565122
2025-05-28,114.97000122070312,117.76000213623048,114.8499984741211,115.5999984741211,13531812,106.8789568614641,98.56720160979462,69.40200754030501,4.026308687179836,116.44000244140624,15520126.15,True,False,True,False,1,-0.007214049722369609
2025-05-29,116.16999816894533,117.5,115.5999984741211,116.1999969482422,10371746,107.76667496496678,99.25868377992983,70.0130299410222,3.87442960422977,117.76000213623048,15746872.1,True,False,True,False,1,-0.013247326423988959
2025-05-30,117.8000030517578,126.6999969482422,113.94000244140624,123.36000061035156,79171451,109.25175359786057,100.2038334595542,76.13704447428876,4.509112811558785,117.76000213623048,15849985.3,True,True,True,True,2,0.04755433400589393
2025-06-02,123.25,127.48999786376952,123.0,124.8000030517578,28136388,110.73253926013649,101.16838912983671,77.14784499102005,4.507747458145266,126.6999969482422,19466177.45,True,False,True,True,2,-0.014996005858315509
2025-06-03,125.2699966430664,125.8000030517578,122.5,123.41999816894533,12848733,111.94086868002304,102.04100124901744,73.91649024410913,4.421480000546161,127.48999786376952,20403841.5,True,False,True,False,1,-0.031924070617470934
2025-06-04,123.0,125.9800033569336,122.11000061035156,124.87999725341795,15358451,113.17316663939398,102.93664815115079,75.10454785667963,4.382088768120153,127.48999786376952,20287379.45,True,False,True,False,1,-0.02047219902804065
2025-06-05,125.04000091552734,129.2899932861328,125.04000091552734,127.04000091552734,19764652,114.49381752283526,103.88187767132241,76.78897553534551,4.384082144162631,127.48999786376952,20234107.65,True,False,True,False,1,-0.0035296647249379864
2025-06-06,127.04000091552734,129.60000610351562,125.8499984741211,127.72000122070312,14906234,115.75345406548934,104.81670604580793,77.30947021018505,4.338791107393481,129.2899932861328,20639607.4,True,False,True,False,1,-0.012143183130616464
2025-06-09,128.25,130.6999969482422,126.51000213623048,128.6999969482422,17502001,116.98645814956103,105.75330568904064,78.07261778121429,4.328162800580497,129.60000610351562,20910532.0,True,False,True,False,1,-0.006944514759934295
2025-06-10,129.4199981689453,129.4199981689453,124.36000061035156,124.77999877929688,20024820,117.72870011429778,106.49945051610952,68.19280310788821,4.380436711867158,130.6999969482422,20895141.95,True,False,True,False,1,-0.045294554760316186
2025-06-11,125.44000244140624,126.1999969482422,123.4000015258789,124.30999755859376,12368749,118.35549034708788,107.19790334130498,67.0964575698697,4.267548048331168,130.6999969482422,20849399.45,True,False,True,False,1,-0.04889058560712045
2025-06-12,124.23999786376952,124.8499984741211,120.4000015258789,120.69000244140624,10246798,118.57782483226106,107.72700526679914,59.20173252213367,4.280580112610527,130.6999969482422,19839402.75,True,False,True,False,1,-0.07658756496222385
2025-06-13,118.0,121.68000030517578,117.30999755859376,120.63999938964844,12785259,118.77422240915509,108.2333971931854,59.0982932239055,4.286967443608491,130.6999969482422,19439260.4,True,False,True,False,1,-0.07697014379103284
2025-06-16,120.1999969482422,122.55999755859376,117.29000091552734,122.25,12036641,119.1052488463784,108.78306789149185,61.434769084480884,4.3571838149983435,130.6999969482422,18707729.5,True,False,True,False,1,-0.06465185268205043
2025-06-17,122.8000030517578,122.9000015258789,119.56999969482422,120.13999938964844,7651088,119.20379651716603,109.22843775416467,56.851229830019975,4.2838136732880825,130.6999969482422,17635491.0,True,False,True,False,1,-0.08079569858578928
2025-06-18,120.0500030517578,120.94000244140624,118.5500030517578,118.91999816894533,6661197,119.17676810304977,109.60849894690118,54.32735588114633,4.14854122445668,130.6999969482422,17261761.95,True,False,True,False,1,-0.09013006162472825
2025-06-19,118.6999969482422,119.3000030517578,113.33000183105467,114.29000091552734,10591499,118.71136170423812,109.79208725939633,45.984017457968314,4.278645509902854,130.6999969482422,16870944.2,True,False,False,False,0,-0.12555467800977282
2025-06-20,113.8000030517578,117.97000122070312,113.66000366210938,117.08000183105467,15400158,118.55599409726827,110.0778878308339,50.87946781224118,4.280884941952204,130.6999969482422,16697721.35,True,False,True,False,1,-0.10420807525023201
2025-06-23,115.08999633789062,121.3000030517578,115.0,119.91000366210938,19949193,118.6849473891579,110.46346100068784,55.30435899196108,4.425107664081175,130.6999969482422,17042266.1,True,False,True,True,2,-0.0825554211023104
2025-06-24,120.6500015258789,123.87999725341795,120.5500030517578,121.0500030517578,16336347,118.91019078559597,110.87861951249451,56.98532437210091,4.39259951602599,130.6999969482422,17537864.7,True,False,True,False,1,-0.07383316084013247
2025-06-25,121.94000244140624,125.36000061035156,121.72000122070312,124.9000015258789,18990187,119.4806489513372,111.42847763066645,62.161071509897134,4.386699376209402,130.6999969482422,17782160.85,True,False,True,True,2,-0.04437640059517456
2025-06-26,125.3000030517578,125.5500030517578,122.62000274658205,123.91000366210938,9009025,119.90249225712502,111.91794923974264,60.15660814587828,4.282649442564142,130.6999969482422,18055079.6,True,False,True,False,1,-0.0519509827442588
2025-06-27,124.5199966430664,125.48999786376952,122.5,123.1999969482422,9140549,120.2165403229457,112.36038248321321,58.69479421421327,4.190317186935955,130.6999969482422,17986943.55,True,False,True,False,1,-0.05738332192134654
2025-06-30,122.9800033569336,124.8499984741211,122.3000030517578,122.72000122070312,5652591,120.45496517035117,112.76664204154616,57.67443820180072,4.073151346609336,130.6999969482422,14485398.45,True,False,True,False,1,-0.06105582183524594
2025-07-01,122.98999786376952,123.95999908447266,121.33000183105467,123.20999908447266,6571667,120.71734935264845,113.17618545499427,58.4681716684534,3.9700689113813823,130.6999969482422,13361208.6,True,False,True,False,1,-0.05730679448091802
2025-07-02,124.0,124.3000030517578,118.27999877929688,120.08000183105467,23353762,120.65664958868715,113.44692335209469,51.78734696036139,4.116492865744207,130.6999969482422,13047355.3,True,False,True,True,2,-0.0812547464816934
2025-07-03,120.6999969482422,121.1999969482422,117.3000030517578,117.51000213623048,10153081,120.35696887892937,113.60625977500197,47.03502613545375,4.101028653654221,130.6999969482422,13447120.85,True,False,False,False,0,-0.10091809579180788
2025-07-04,117.9000015258789,119.12999725341795,117.3000030517578,117.87000274658205,5558954,120.12011496156296,113.7734653817306,47.75822028009189,3.9388119070832164,130.6999969482422,12966542.3,True,False,False,False,0,-0.09816369166971661
2025-07-07,117.3000030517578,117.58999633789062,115.73999786376952,115.93000030517578,4613507,119.72105642285942,113.85803537872845,44.25167406899752,3.809611405349596,130.6999969482422,12499178.3,True,False,False,False,0,-0.11300686295283846
2025-07-08,115.94000244140624,117.2300033569336,115.0999984741211,115.73999786376952,4656720,119.34190798866038,113.93183782912222,43.91161650026563,3.6896395108826603,129.4199981689453,11854753.6,True,False,False,False,0,-0.10570236824851342
2025-07-09,115.93000030517578,116.63999938964844,114.1999969482422,114.54000091552734,7401878,118.88458350550485,113.95568736192243,41.73048516084439,3.600379720205773,126.1999969482422,11086348.6,True,False,False,False,0,-0.0923929977391118
2025-07-10,115.0,115.98999786376952,113.6500015258789,113.97000122070312,6869685,118.41652804980944,113.95624868971775,40.6964435489688,3.51035233575469,125.5500030517578,10838005.05,True,False,False,False,0,-0.09223418199584454
2025-07-11,113.97000122070312,114.18000030517578,112.0999984741211,112.9000015258789,6109041,117.89114457133986,113.91482723231232,38.75507973264223,3.408184442561833,125.5500030517578,10669149.4,True,False,False,False,0,-0.10075668035359542
2025-07-14,112.9000015258789,113.9000015258789,112.1500015258789,113.02999877929688,4329150,117.428178305431,113.88012807729211,39.13496595968041,3.2897426966645593,125.5500030517578,10335338.5,True,False,False,False,0,-0.09972125820896693
2025-07-15,113.5999984741211,116.6999969482422,113.18000030517578,114.9000015258789,13208032,117.18739956452129,113.9201231144916,44.47074764507109,3.316903801827471,125.5500030517578,9949963.95,True,False,False,True,1,-0.0848267723377788
2025-07-16,115.0,115.55999755859376,114.01000213623048,114.98999786376952,5024407,116.97812321206874,113.9620789870123,44.721907663541835,3.1906960604371717,125.5500030517578,10227811.15,True,False,False,False,0,-0.08410995564559987
2025-07-17,115.5,116.75,114.25,114.45999908447266,10120462,116.7383018665834,113.98160526534409,43.474808262734406,3.1413606275488024,125.5500030517578,10145971.65,True,False,False,False,0,-0.08833137154694692
2025-07-18,114.48999786376952,115.4000015258789,112.75,113.0500030517578,4868726,116.38703531279049,113.94507184520344,40.25844254621853,3.1062635488580956,125.5500030517578,10122419.8,True,False,False,False,0,-0.09956192509885398
2025-07-21,113.0500030517578,116.08000183105467,112.0999984741211,115.30999755859376,7233416,116.28446028858127,113.99859834376778,47.023689219272086,3.1686735351492015,125.5500030517578,9595848.2,True,False,False,False,0,-0.08156117279378006
2025-07-22,115.87999725341795,116.45999908447266,113.9000015258789,114.58000183105467,8153849,116.12213091167398,114.02139848052413,45.2415477811013,3.125196679680955,125.5500030517578,8960059.35,True,False,False,False,0,-0.0873755551895985
2025-07-23,114.58000183105467,115.38999938964844,113.8499984741211,114.38999938964844,7322559,115.95716600481441,114.03585341813684,44.765996590042604,3.01196841081284,125.5500030517578,8550934.45,True,False,False,False,0,-0.08888891589678949
2025-07-24,114.5,115.37000274658205,113.01000213623048,113.68000030517578,4380156,115.7402930810393,114.02189839409915,42.949232578659085,2.9653992822084634,125.5500030517578,7967553.05,True,False,False,False,0,-0.09454402595027123
2025-07-25,113.0,113.5999984741211,109.0,109.25,9253584,115.12216993046412,113.83476512374233,33.74661910143442,3.0878707838489863,125.48999786376952,7736109.6,True,False,False,True,1,-0.12941268738724077
2025-07-28,108.6999969482422,111.62999725341795,108.26000213623048,108.51000213623048,6097251,114.49243966434663,113.62595088893795,32.49413520798366,3.1080225219445925,124.8499984741211,7741761.35,True,False,False,False,0,-0.1308770247304213
2025-07-29,108.0,110.0500030517578,107.1500015258789,109.56999969482422,5523420,114.02363585772545,113.46689397936487,36.14977498710692,3.093163879368471,124.3000030517578,7763994.35,True,False,False,False,0,-0.11850364437078964
2025-07-30,109.58999633789062,110.52999877929688,108.4499969482422,108.81999969482422,3123498,113.52805146125867,113.28466283095152,34.7172307336855,3.020795161631771,124.3000030517578,7711582.0,True,False,False,False,0,-0.12453743344228074
2025-07-31,106.9499969482422,109.5500030517578,106.61000061035156,108.18000030517578,5280798,113.01871325591745,113.08447998680346,33.49735404629254,3.015024253044233,121.1999969482422,6700068.8,False,False,False,False,0,-0.1074257175817136
2025-08-01,108.1999969482422,109.0999984741211,107.0,107.26000213623048,4630269,112.47026457785202,112.85606909070256,31.769249933436015,2.949665268835438,119.12999725341795,6456454.65,False,False,False,False,0,-0.09963901108750262
2025-08-04,107.6999969482422,111.18000030517578,107.0,110.83000183105467,5666170,112.31404907815704,112.77661547267716,43.87018454114933,3.0375463428597484,117.58999633789062,6410020.4,False,False,False,False,0,-0.057487836698381645
2025-08-05,111.16000366210938,111.9499969482422,109.75,110.5,4455556,112.14128249928494,112.68733643453297,43.10908677829971,2.977721386101352,117.2300033569336,6462653.55,False,False,False,False,0,-0.057408540170749256
2025-08-06,110.3000030517578,110.9000015258789,108.5,110.0999984741211,4194497,111.94687449688838,112.58587220079133,42.154436606124534,2.9364556817997487,116.75,6452595.35,False,False,False,False,0,-0.05695932784478719
2025-08-07,109.4000015258789,110.61000061035156,107.0999984741211,109.63999938964844,9320080,111.72717210572269,112.47034777682494,41.0291883192799,2.977423285687657,116.75,6292226.3,False,False,False,True,1,-0.06089936282956365
2025-08-08,110.01000213623048,110.16999816894533,105.0,105.80999755859376,8350031,111.16363167266279,112.20915757218842,33.10543322106395,3.134035777348919,116.75,6414746.05,False,False,False,True,1,-0.09370451769941102
2025-08-11,105.69000244140624,109.9499969482422,104.61000061035156,109.12000274658205,12682149,110.96900034636938,112.08801424569405,43.29734964932342,3.2916043888161846,116.75,6526795.55,False,False,False,True,1,-0.06535329553248781
2025-08-12,109.0,109.31999969482422,106.52999877929688,106.81999969482422,5294133,110.5738574271746,111.8814254397776,38.86615335032482,3.2557755692955532,116.75,6944445.5,False,False,False,False,0,-0.08505353580450348
2025-08-13,107.5,108.0500030517578,105.63999938964844,105.77999877929688,3763179,110.11729946071006,111.64215380603326,37.021140225535504,3.195363290210825,116.75,6548750.55,False,False,False,False,0,-0.09396146655848503
2025-08-14,105.75,106.29000091552734,103.0,103.45999908447266,5824140,109.48327085344935,111.32128499342305,33.23135311156227,3.2021231205905765,116.75,6485689.15,False,False,False,False,0,-0.11383298428717215
2025-08-18,104.98999786376952,106.83999633789062,103.12999725341795,105.62999725341795,6793352,109.11629241535113,111.09809723891304,39.47262349528364,3.238399975153583,116.45999908447266,6270873.05,False,False,False,True,1,-0.092993318875087
2025-08-19,105.98999786376952,106.8000030517578,105.27999877929688,106.58000183105467,3562682,108.87474093113241,110.92091702684017,42.02752002024892,3.1156574249612503,116.45999908447266,6367104.35,False,False,False,False,0,-0.08483597227449458
2025-08-20,106.30999755859376,107.83999633789062,104.81999969482422,105.38999938964844,5607655,108.5428607843244,110.70401829596992,39.7633389835814,3.1088245119687614,116.45999908447266,6183567.65,False,False,False,False,0,-0.09505409395370801
2025-08-21,105.38999938964844,107.0,104.0999984741211,104.33000183105467,5541717,108.14163612210824,110.45405686597326,37.809366336683986,3.0939085843909147,115.38999938964844,6056257.95,False,False,False,False,0,-0.09584883973563785
2025-08-22,104.33000183105467,105.1999969482422,103.5,103.58999633789062,3493110,107.70814661884941,110.18487802173473,36.46228362890017,2.9943434675231497,115.37000274658205,5967215.85,False,False,False,False,0,-0.10210631991200514
2025-08-25,103.81999969482422,105.0199966430664,103.02999877929688,104.12000274658205,7510662,107.36641863101443,109.94703977565031,38.161637038303155,2.9226044958264628,113.5999984741211,5922863.55,False,False,False,True,1,-0.08345066773657273
2025-08-26,104.43000030517578,104.5,100.5500030517578,100.88999938964844,9796615,106.74961679850338,109.59186172129729,32.46326457301757,2.9959896709990157,111.9499969482422,5835717.45,False,False,False,True,1,-0.09879408539606416
2025-08-28,100.48999786376952,101.41000366210938,98.41999816894533,98.9000015258789,7033332,106.00203439158678,109.17257308618284,29.536932871641113,2.9955622297250892,111.9499969482422,6020685.65,False,False,False,True,1,-0.11656985956325394
2025-08-29,98.6999969482422,99.98999786376952,98.0,98.26000213623048,5435093,105.26469798631474,108.74462912736118,28.642687385093623,2.9237362035854058,111.9499969482422,6096181.25,False,False,False,False,0,-0.12228669214114418
2025-09-01,98.3000030517578,100.6500015258789,98.3000030517578,100.2300033569336,5253217,104.78520325970702,108.41072223440324,35.150970825874225,2.8856121454470496,111.9499969482422,6211761.0,False,False,False,False,0,-0.10468953917637991
2025-09-02,100.6999969482422,103.0,99.6999969482422,101.58000183105467,6417533,104.47994598078775,108.14285084603664,39.24067927243268,2.9152114958978177,111.9499969482422,6210381.95,False,False,False,True,1,-0.09263059758708059
2025-09-03,101.5999984741211,103.45999908447266,101.4000015258789,103.29000091552734,5290122,104.36661787933437,107.95254300562452,44.05359582384594,2.8541247860903844,111.9499969482422,6299745.15,False,False,False,False,0,-0.07735592915396527
2025-09-04,103.83999633789062,104.38999938964844,101.5,101.77999877929688,5786255,104.12027320314031,107.71048244772932,40.96755389249444,2.8566872577731024,111.9499969482422,6280942.75,False,False,False,False,0,-0.0908441129627473
2025-09-05,102.01000213623048,102.8000030517578,100.76000213623048,102.27999877929688,3703438,103.94500897229808,107.49752230386923,42.40626252090932,2.7983525190412606,110.9000015258789,6347477.7,False,False,False,False,0,-0.0777277062937688
2025-09-08,102.27999877929688,103.69000244140624,101.62000274658205,102.54000091552734,5060651,103.81119868117706,107.30310970040485,43.18172661951969,2.74632731731147,110.61000061035156,6322924.75,False,False,False,False,0,-0.07295904213266025
2025-09-09,102.5,103.9000015258789,102.1500015258789,102.6500015258789,4834886,103.70060847591057,107.12063487003128,43.52816119125163,2.6751610803606507,110.16999816894533,6109953.3,False,False,False,False,0,-0.06825811716484309
2025-09-10,103.0999984741211,106.68000030517578,103.0999984741211,105.5199966430664,11886534,103.87388353944922,107.05786474348365,51.78779728235324,2.771935201713238,109.9499969482422,5934196.05,False,False,True,True,2,-0.04029104527634664
2025-09-11,106.5,109.41000366210938,106.0,107.80999755859376,17793563,104.24875154127251,107.08736014799777,57.170618639718775,2.8517974743796475,109.31999969482422,5894415.3,False,False,True,True,2,-0.01381267966013311
2025-09-12,110.0,110.47000122070312,106.02999877929688,106.48999786376952,27038991,104.46220357198652,107.06393417606725,53.46512208368535,2.965240686310119,109.41000366210938,6519386.8,False,False,True,True,2,-0.026688654607468054
2025-09-15,107.0,109.1999969482422,106.5999984741211,107.66000366210938,10029041,104.76675596152202,107.0873094500297,56.176437645196195,2.947009143321731,110.47000122070312,7683177.4,False,False,True,True,2,-0.02543674778259286
2025-09-16,108.08000183105467,109.9000015258789,107.37999725341795,109.58999633789062,10406802,105.22611218784283,107.18545403386739,60.28687368834665,2.9165087954031037,110.47000122070312,7893422.45,False,False,True,True,2,-0.007966007722353341
2025-09-17,110.04000091552734,110.4000015258789,109.44000244140624,110.01000213623048,6681544,105.68172075435594,107.29622062611692,61.141065519429176,2.776758101765216,110.47000122070312,8074094.95,False,False,True,False,1,-0.004164018098937405
2025-09-18,110.1500015258789,111.4000015258789,109.33999633789062,109.8000030517578,7221087,106.07393811601325,107.39440817222048,60.44106200237395,2.7255614650668636,110.47000122070312,8230038.05,False,False,True,False,1,-0.0060649783791236755
2025-09-19,109.4000015258789,111.05999755859376,109.31999969482422,110.80999755859376,6059125,106.52499139625901,107.52835285403906,62.65558008365978,2.655164064974198,111.4000015258789,8310709.65,False,False,True,False,1,-0.005296265342941475
2025-09-22,111.1999969482422,117.1999969482422,110.80999755859376,114.9499969482422,34894081,107.32737287740026,107.81939772047839,70.05537159193698,2.921938016736644,111.4000015258789,8336580.05,False,True,True,True,2,0.031867103893518545
2025-09-23,115.5,115.5,112.30999755859376,112.83999633789062,8040918,107.8523846355422,108.01628394076907,63.18365131480737,2.9410854756416147,117.1999969482422,9906628.6,False,False,True,False,1,-0.037201371364173674
2025-09-24,112.5,113.25,109.8499984741211,110.05999755859376,8107115,108.06263348535663,108.09642957284063,55.46424587354183,2.9738651935157074,117.1999969482422,9933141.4,False,False,True,False,1,-0.060921498085034886
2025-09-25,109.6500015258789,112.1999969482422,108.94000244140624,109.19000244140624,7243487,108.17000195736135,108.13931478337263,53.270808138854655,2.994303001610012,117.1999969482422,9848666.4,True,False,True,False,1,-0.06834466480722978
2025-09-26,108.5999984741211,109.41000366210938,104.6999969482422,105.18000030517578,6901213,107.88523989524843,108.02326323520803,44.52956630264199,3.116853266771238,117.1999969482422,9859174.15,False,False,False,False,0,-0.10255970099022005
2025-09-29,105.18000030517578,108.4499969482422,104.95999908447266,107.33000183105467,7865279,107.83236007961094,107.99607651347654,49.33033448389119,3.143506452271117,117.1999969482422,9932480.15,False,False,False,False,0,-0.08421497759548846
2025-09-30,107.6500015258789,108.16999816894533,105.83999633789062,107.08000183105467,4264532,107.76070691308176,107.96015201612666,48.80144156945679,3.0853989793270875,117.1999969482422,10063083.25,False,False,False,False,0,-0.08634808345307987
2025-10-01,106.4000015258789,110.0999984741211,106.4000015258789,109.4800033569336,10099140,107.92444943154383,108.01975402949164,53.91019298254212,3.1292988342495947,117.1999969482422,9955433.2,False,False,True,True,2,-0.06587025420075654
2025-10-03,109.80999755859376,113.5999984741211,109.20999908447266,113.12000274658205,11412595,108.41926403297605,108.21976378310303,60.369182059451575,3.2193488739209406,117.1999969482422,10195884.1,True,False,True,True,2,-0.034812238122002404
2025-10-06,113.41999816894533,113.86000061035156,110.63999938964844,111.33999633789062,6130488,108.69742901439648,108.3421258440751,56.220062735974494,3.219395470119668,117.1999969482422,10477201.1,True,False,True,False,1,-0.05000000650972258
2025-10-07,111.4000015258789,113.1500015258789,111.0199966430664,112.62000274658205,6890369,109.07100746508081,108.50988572260479,58.432494367042196,3.1415818567405847,117.1999969482422,10598553.6,True,False,True,False,1,-0.039078449837185336
2025-10-08,112.62000274658205,112.9800033569336,110.5,111.0500030517578,5610463,109.25948323524052,108.6094981668853,54.776061265440234,3.094326249611514,117.1999969482422,10690039.5,True,False,True,False,1,-0.052474352018971104
2025-10-09,110.6500015258789,114.1999969482422,110.62999725341795,113.6500015258789,9446254,109.67762783434894,108.80716496527722,59.316329796375996,3.1283029242695664,117.1999969482422,10728818.35,True,False,True,False,1,-0.030290064119464444
2025-10-10,113.75,115.25,112.41000366210938,112.66000366210938,8711474,109.96166362746898,108.95825667887848,56.9709537085191,3.1077095966710706,117.1999969482422,10606804.35,True,False,True,False,1,-0.03873714508830384
2025-10-13,111.97000122070312,114.0,110.62999725341795,113.29000091552734,7718254,110.27864813109359,109.12812900188433,58.106166831075136,3.1264448216647116,117.1999969482422,10152699.9,True,False,True,False,1,-0.03336174176217421
2025-10-14,113.3000030517578,113.76000213623048,109.25,109.83999633789062,9419103,110.23687176983617,109.15604536800222,50.28268869758951,3.2252703441336954,117.1999969482422,9186663.05,True,False,True,True,2,-0.06279864165527149
2025-10-15,109.83999633789062,112.29000091552734,109.0999984741211,111.87000274658205,6608121,110.39240805333577,109.26247506912301,54.191014346021426,3.222751208224592,117.1999969482422,9156166.15,True,False,True,False,1,-0.04547776740995979
2025-10-16,112.0,114.62999725341795,111.68000030517578,112.36000061035156,9669421,110.57979782067062,109.38394665897512,55.10835385927901,3.203268761082991,117.1999969482422,8966232.1,True,False,True,True,2,-0.04129689815630355
2025-10-17,111.8000030517578,112.9499969482422,110.20999908447266,111.41000366210938,6775760,110.65886504366479,109.46339987478432,52.896682628836665,3.1701779827034593,117.1999969482422,9115625.95,True,False,True,False,1,-0.049402674376261335
2025-10-20,111.94000244140624,113.91000366210938,111.11000061035156,113.4800033569336,7412702,110.92754488302373,109.6209137368294,56.950839690625905,3.1437369162073416,117.1999969482422,9093359.6,True,False,True,False,1,-0.031740560479292745
2025-10-21,113.5999984741211,114.01000213623048,112.26000213623048,112.72000122070312,1697859,111.09825501042175,109.74244657933426,55.076515350224945,3.0441842793353886,117.1999969482422,9161038.45,True,False,True,False,1,-0.03822522051359378
2025-10-23,112.94000244140624,113.63999938964844,111.0,111.4800033569336,5069231,111.13461199580384,109.81058606080875,52.06568026844494,3.0153139300720353,115.5,7501227.35,True,False,True,False,1,-0.0348051657408347
2025-10-24,111.51000213623048,113.22000122070312,111.4000015258789,111.69000244140624,5908652,111.18750632395646,109.88428866396944,52.538874771522686,2.9299343418400485,115.25,7352643.0,True,False,True,False,1,-0.030889349749186668
2025-10-27,112.0,112.5,111.01000213623048,111.5,4105791,111.2172676264368,109.9476498928334,52.03832999139085,2.827081736263582,115.25,7242719.85,True,False,True,False,1,-0.03253796095444683
2025-10-28,111.97000122070312,111.97000122070312,109.80999755859376,110.30999755859376,5374777,111.13086095330888,109.96185960521616,48.89629187726205,2.7794333023954234,115.25,7085835.05,True,False,False,False,0,-0.04286336174755956
2025-10-29,110.6500015258789,116.1500015258789,110.36000061035156,115.22000122070312,19778162,111.5203028835369,110.16806123719604,59.70665078501677,2.998045492744689,115.25,7009513.25,True,False,True,True,2,-0.0002602930958514049
2025-10-30,116.13999938964844,118.9000015258789,115.11000061035156,118.37000274658205,24956240,112.17265525144596,110.48970600227,64.84463681750316,3.054613737229164,116.1500015258789,7605157.4,True,True,True,True,2,0.019113225928012678
2025-10-31,118.3000030517578,119.80999755859376,117.0500030517578,117.41000366210938,11263219,112.6714503381758,110.76109022422449,62.23984630638199,3.033569506486793,118.9000015258789,8639742.8,True,False,True,True,2,-0.012531520981059252
2025-11-03,116.8000030517578,118.58999633789062,116.58000183105467,117.63999938964844,6203118,113.1446454859351,111.0308513679666,62.627182616254636,2.9604570065117333,119.80999755859376,8697946.75,True,False,True,False,1,-0.018111995769669154
2025-11-04,117.8000030517578,117.8000030517578,113.73999786376952,113.9499969482422,6381468,113.22134562520245,111.14532766523232,53.19860335152457,3.038996162331487,119.80999755859376,8437472.9,True,False,True,False,1,-0.048910781485373866
2025-11-06,113.94000244140624,115.0500030517578,111.0999984741211,111.44000244140624,5870038,113.05169389341232,111.15688353880776,47.91439216871552,3.1040681919961455,119.80999755859376,8450021.9,True,False,False,False,0,-0.06986057330561357
2025-11-07,110.58999633789062,114.06999969482422,110.3000030517578,113.38999938964844,7763252,113.08391346448242,111.24445670942897,51.91082999215066,3.1516345099297367,119.80999755859376,8399005.35,True,False,True,False,1,-0.053584828476484936
2025-11-10,113.5999984741211,114.43000030517578,112.22000122070312,113.19000244140624,5382984,113.0940171765704,111.32075262048691,51.47459312390633,3.0843748366828025,119.80999755859376,8506644.8,True,False,True,False,1,-0.05525411277927772
2025-11-11,113.5,113.9499969482422,110.80999755859376,113.58999633789062,6082457,113.14125328717233,111.40974257018902,52.33728917951696,3.088348019037491,119.80999755859376,8303481.3,True,False,True,False,1,-0.05191554417369226
2025-11-12,113.98999786376952,115.0999984741211,111.8000030517578,112.05999755859376,6197092,113.03827655111724,111.43524276581275,48.76597589163872,3.10346569070362,119.80999755859376,8172030.45,True,False,False,False,0,-0.0646857537594876
2025-11-13,112.05999755859376,113.5,108.3000030517578,108.9800033569336,16615090,112.65177434214736,111.33895886742532,42.48161343005643,3.2532179233849474,119.80999755859376,8095972.35,True,False,False,True,1,-0.0903930758897119
2025-11-14,110.0,116.5999984741211,108.30999755859376,114.13999938964844,37966431,112.79351006095698,111.44880359378702,53.33204938691525,3.612988137109403,119.80999755859376,8455771.7,True,False,True,True,2,-0.04732491682234097
2025-11-17,114.6999969482422,117.5,113.6999969482422,116.81999969482422,15262875,113.17698526418243,111.65943873500417,57.786201871962724,3.626346345298574,119.80999755859376,10023687.2,True,False,True,True,2,-0.024956163297702005
2025-11-18,116.9499969482422,117.4000015258789,114.8000030517578,114.95999908447266,9444590,113.34679610421009,111.78887247419901,53.93844436130937,3.5530357830716124,119.80999755859376,10303359.9,True,False,True,False,1,-0.040480749294308116
2025-11-19,114.56999969482422,114.83999633789062,112.5500030517578,113.04000091552734,6455676,113.31757751481173,111.83793633464326,50.22102523021745,3.4713900866175584,119.80999755859376,10436801.4,True,False,True,False,1,-0.05650610784592924
2025-11-20,116.0,117.5500030517578,113.8000030517578,115.98999786376952,40833678,113.572093738522,112.00076227696194,55.31661665470666,3.545576661589908,119.80999755859376,10388950.1,True,False,True,True,2,-0.031883814144608835
2025-11-21,115.5,115.5,112.3000030517578,112.61000061035156,10280182,113.48046582155338,112.02465397631056,49.113258408346205,3.5558922437628944,119.80999755859376,12345741.05,True,False,False,False,0,-0.06009512640813641
2025-11-24,113.0,118.9000015258789,112.66000366210938,116.47000122070312,55013786,113.76518347861526,112.19898131922791,55.28091108990377,3.7511857203174976,119.80999755859376,12606288.6,True,False,True,True,2,-0.027877442667146313
2025-11-25,116.47000122070312,118.0500030517578,114.66999816894533,117.58999633789062,12545517,114.12945136997482,112.41039367290097,56.912750717133484,3.724672803352853,119.80999755859376,15061545.3,True,False,True,False,1,-0.018529348684924507
2025-11-26,117.1999969482422,119.29000091552734,117.1999969482422,118.51000213623048,11921723,114.54664668104678,112.64959400479626,58.26014464765303,3.607910743633731,119.80999755859376,15483531.6,True,False,True,False,1,-0.010850475326380948
2025-11-27,118.63999938964844,119.63999938964844,117.0,117.41999816894533,8681290,114.82029920370378,112.83666867790015,56.024781007692624,3.5387742183490674,119.80999755859376,15810878.9,True,False,True,False,1,-0.01994824671020956
2025-11-28,117.63999938964844,118.5999984741211,116.5,116.69000244140624,5885849,114.99836617872306,112.98777980588078,54.51616455157114,3.4360045223327838,119.80999755859376,15256035.3,True,False,True,False,1,-0.026041191726605906
2025-12-01,116.5500030517578,118.5,116.16000366210938,118.01000213623048,6989299,115.28518865086662,113.1847297011886,56.78236274452204,3.357718223444058,119.80999755859376,14302515.75,True,False,True,False,1,-0.01502374976247689
2025-12-02,117.5,117.77999877929688,114.56999969482422,115.26000213623048,5926749,115.28278993518698,113.26611293393533,51.07314085532358,3.363595667584216,119.63999938964844,14088819.75,True,False,True,False,1,-0.03660980671817793
2025-12-03,115.26000213623048,115.77999877929688,112.51000213623048,113.20999908447266,6645723,115.085381282738,113.26391239081916,47.258530587027764,3.3569100229758,119.63999938964844,14075001.3,True,False,False,False,0,-0.053744569859402014
2025-12-04,113.18000030517578,114.20999908447266,111.8499984741211,112.5199966430664,6596946,114.84105893610261,113.23473922424061,46.01281970546645,3.2857022077883546,119.63999938964844,14088214.05,True,False,False,False,0,-0.059511892200812544
2025-12-05,112.5,112.58999633789062,110.70999908447266,112.05999755859376,5759775,114.57619594776844,113.18867092362701,45.15821586002051,3.1852947110476126,119.63999938964844,14124559.45,True,False,False,False,0,-0.06335675250522033
2025-12-08,112.4000015258789,113.08000183105467,107.05999755859376,107.9800033569336,10852779,113.9479871295937,112.98440945042336,38.35392232101326,3.3877739654342767,119.63999938964844,14024385.6,True,False,False,False,0,-0.09745901113506439
2025-12-09,107.9000015258789,108.9000015258789,105.6500015258789,108.0999984741211,9028489,113.39103582907251,112.79286392194092,38.64672344428288,3.377932967903257,119.63999938964844,14297875.35,True,False,False,False,0,-0.09645604291540821
2025-12-10,108.1999969482422,109.1999969482422,106.1500015258789,106.69000244140624,6240874,112.75284217310428,112.55353602074348,36.455582420105536,3.3545088575075455,119.63999938964844,14445176.95,True,False,False,False,0,-0.10824136588354638
2025-12-11,106.69000244140624,108.7699966430664,106.33999633789062,108.30999755859376,5813442,112.32971411457947,112.387122747718,40.621111878215046,3.288472532340991,119.63999938964844,14447366.05,False,False,False,False,0,-0.09470078476141297
2025-12-12,110.0,110.29000091552734,108.31999969482422,109.56999969482422,10141811,112.06688416984088,112.27664733387904,43.71178140552555,3.1950104483833184,119.63999938964844,13907283.65,False,False,False,False,0,-0.08416917206784524
2025-12-15,109.19000244140624,116.23999786376952,108.5,115.38999938964844,32608285,112.38337133363207,112.3987395713602,55.28830173391154,3.5196524066251897,119.63999938964844,12516052.65,False,False,True,True,2,-0.03552323655701828
2025-12-16,114.80999755859376,115.22000122070312,111.0999984741211,111.68000030517578,9867666,112.31638361663623,112.37055371778435,48.4480462025466,3.574677300118201,119.63999938964844,13383323.15,False,False,False,False,0,-0.06653292481679318
2025-12-17,113.25,113.25,109.16000366210938,109.55999755859376,12496037,112.05387065872742,112.26033582918863,45.02040189612034,3.611485802816231,119.63999938964844,13404476.95,False,False,False,False,0,-0.08425277400934872
2025-12-18,109.4000015258789,109.5199966430664,107.0,108.26000213623048,10152766,111.69254984706104,112.10345999809223,43.01090144521873,3.536379499657483,119.63999938964844,13706495.0,False,False,False,False,0,-0.09511866692973736
2025-12-19,108.7300033569336,114.0,108.4499969482422,113.6999969482422,17749011,111.88373528526877,112.16606929025498,52.55455399298985,3.6937808113797717,119.63999938964844,12172449.4,False,False,True,True,2,-0.049648967500079966
2025-12-22,114.0,117.4000015258789,113.13999938964844,116.36000061035156,13396669,112.31004626861,112.33053718516074,56.399438890749245,3.7342251917262503,119.63999938964844,12545890.85,False,False,True,True,2,-0.027415570010280943
2025-12-23,116.98999786376952,117.1999969482422,115.62000274658205,116.2699966430664,6440370,112.68718439951061,112.48502579135312,56.23338573097992,3.5803515495786726,119.63999938964844,10465035.0,True,False,True,False,1,-0.0281678599446199
2025-12-24,116.0,117.37000274658205,115.5,116.16000366210938,5565300,113.01792909118669,112.62914257059848,56.016328129038904,3.4581837779360565,119.63999938964844,10159777.65,True,False,True,False,1,-0.02908722622277249
2025-12-26,116.51000213623048,122.5,116.16000366210938,122.05999755859376,45284006,113.87907846903498,112.9989800211081,64.03544786411675,3.664027532218526,119.63999938964844,9841956.5,True,True,True,True,2,0.020227333511293244
2025-12-29,125.8499984741211,125.8499984741211,121.6999969482422,122.08999633789062,34437380,114.66107064702123,113.3554904649035,64.0713163649391,3.698739960337124,122.5,11672092.3,True,False,True,True,2,-0.0033469686702806145
2025-12-30,121.88999938964844,122.5,120.72000122070312,121.91999816894533,10134696,115.35239707768068,113.69135351212083,63.68370878582386,3.5616870188342493,125.8499984741211,13099668.85,True,False,True,False,1,-0.03122765477016598
2025-12-31,122.1999969482422,123.12999725341795,121.41999816894533,121.7699966430664,5985402,115.96359703628883,114.00816304666772,63.319706906176904,3.429423594951276,125.8499984741211,13256938.7,True,False,True,False,1,-0.03241956202243157
2026-01-01,122.3000030517578,123.79000091552734,121.20999908447266,122.0999984741211,8976396,116.54801622084429,114.32548992617569,63.80979224537394,3.3687506118158055,125.8499984741211,13259871.35,True,False,True,False,1,-0.029797378192031765
2026-01-02,122.5,123.43000030517578,121.51000213623048,122.66999816894533,8357400,117.13106212066344,114.6527255435392,64.68742191347833,3.265268294467912,125.8499984741211,13376405.0,True,False,True,False,1,-0.025268179131759605
2026-01-05,122.6999969482422,124.2699966430664,118.5199966430664,119.6500015258789,12521716,117.37096111163635,114.84869715068979,56.82468447924066,3.4427491305773468,125.8499984741211,13464427.7,True,False,True,False,1,-0.04926497436165733
2026-01-06,120.4000015258789,120.4000015258789,117.75,118.54000091552734,9107172,117.48229823581644,114.99345416107558,54.21622183996971,3.3861243016703155,125.8499984741211,13802524.75,True,False,True,False,1,-0.05808500315633236
2026-01-07,118.5,118.9499969482422,115.1999969482422,116.0500030517578,9340773,117.345889170668,115.03488745090625,48.80413621863944,3.412115422979579,125.8499984741211,13715244.4,True,False,False,False,0,-0.07787044530142362
2026-01-08,116.0,116.51000213623048,111.5,112.08999633789062,10325660,116.84532794849872,114.91940152490565,41.67842330219744,3.5262501882117863,125.8499984741211,13730858.6,True,False,False,False,0,-0.10933653002037957
2026-01-09,111.75,112.76000213623048,108.76000213623048,109.1999969482422,13537745,116.11720118656952,114.69511114935023,37.38808601308559,3.5600894604823727,125.8499984741211,13935097.9,True,False,False,False,0,-0.13230037129720496
2026-01-12,109.0,109.0,103.93000030517578,107.5500030517578,18049823,115.30127755468268,114.41491083179758,35.16257331996266,3.682225687809805,125.8499984741211,14321313.05,True,False,False,True,1,-0.14541116920336217
2026-01-13,108.05999755859376,108.58999633789062,104.19000244140624,105.30999755859376,14960981,114.34972707886469,114.057855409319,32.34750427977839,3.733494845572275,125.8499984741211,14716713.65,True,False,False,True,1,-0.16321018009190547
2026-01-14,104.6999969482422,106.6999969482422,104.58000183105467,105.18000030517578,10212283,113.47641976708479,113.70970422876437,32.186457754160415,3.618244864973365,125.8499984741211,13834348.45,False,False,False,False,0,-0.1642431340449777
2026-01-15,105.18000030517578,105.18000030517578,105.18000030517578,105.18000030517578,0,112.6862845802363,113.37520603568245,32.186457754160415,3.3597988031895536,125.8499984741211,13851579.3,False,False,False,False,0,-0.1642431340449777
2026-01-16,105.5,106.8499984741211,103.0,103.72000122070312,12175671,111.83235283170934,112.99657055274209,30.226332560451866,3.3948130653989494,125.8499984741211,13226777.45,False,False,False,False,0,-0.17584423934632487
2026-01-19,103.3499984741211,104.5,101.72000122070312,102.2699966430664,10548967,110.92165224231478,112.57592059549991,28.37794497588878,3.3508977592488014,125.8499984741211,13327922.7,False,False,False,False,0,-0.18736592862099644
2026-01-20,102.08999633789062,102.2699966430664,97.4499969482422,97.77999877929688,16259983,109.67006619821784,111.99568836741352,23.571203284769922,3.4558336117899016,125.8499984741211,12967920.5,False,False,False,True,1,-0.22304330580183784
2026-01-21,97.77999877929688,98.91999816894533,95.51000213623048,96.69000244140624,17697753,108.43386964995007,111.39546538992303,22.57167030596233,3.452559498998826,125.8499984741211,13111086.2,False,False,False,True,1,-0.23170438129731974
2026-01-22,98.8499984741211,100.18000030517578,97.30999755859376,98.68000030517578,11730823,107.50492971235252,110.8968197003251,28.530340423262416,3.4552336679110205,125.8499984741211,13673955.35,False,False,False,False,0,-0.215891922911166
2026-01-23,99.0,99.29000091552734,94.62000274658205,95.08000183105467,13406785,106.32160324746701,110.27655233290272,24.81053687725104,3.5420025608420405,125.8499984741211,13982231.5,False,False,False,False,0,-0.2444973938509324
2026-01-27,95.1500015258789,97.54000091552734,93.77999877929688,96.83999633789062,10240316,105.4185930656026,109.74962856839245,29.640350756353556,3.557573959084071,125.8499984741211,12388370.45,False,False,False,False,0,-0.23051253466797528
2026-01-28,97.87999725341795,99.8000030517578,96.91000366210938,99.52999877929688,11030733,104.85777456214491,109.34885877274165,36.368163767842574,3.5148905844257214,124.2699966430664,11178517.25,False,False,False,False,0,-0.19908263082060595
2026-01-29,99.6999969482422,101.5,97.81999969482422,99.3000030517578,14773564,104.32846298972709,108.95478599936975,36.05075683314792,3.5266841359078684,124.2699966430664,11223319.1,False,False,False,True,1,-0.200933405213074
2026-01-30,98.30999755859376,100.0,97.5999984741211,98.86000061035156,8922253,103.80765704883417,108.5589120625455,35.41397636900588,3.4462068066200855,124.2699966430664,11662727.2,False,False,False,False,0,-0.20447410251163456
2026-02-02,95.77999877929688,97.48999786376952,93.5,96.95999908447266,8021250,103.15549914746641,108.10405273007206,32.72584916555279,3.582906364029477,124.2699966430664,11660020.05,False,False,False,False,0,-0.2197634046537773
2026-02-03,101.0,102.98999786376952,99.0,100.43000030517578,10662047,102.89592782915302,107.8031094977232,41.464682598913825,3.7576986794057192,124.2699966430664,11643212.55,False,False,False,False,0,-0.1918403233434124
2026-02-04,101.0,104.79000091552734,99.8499984741211,104.3499984741211,15808161,103.03441074772141,107.66769337915058,49.45278127740514,3.842148948120043,120.4000015258789,11550229.1,False,False,False,True,1,-0.1333056714979194
2026-02-05,103.98999786376952,103.98999786376952,99.75,100.9499969482422,10977125,102.83589514777101,107.40425430342869,43.861779594980256,3.896281057120118,118.9499969482422,11885278.55,False,False,False,False,0,-0.1513240896326563
2026-02-06,100.5,100.5,96.8499984741211,98.3000030517578,13407633,102.40390542434119,107.04722484257884,40.06021301944193,3.9108323011916175,116.51000213623048,11967096.15,False,False,False,True,1,-0.15629558622083328
2026-02-09,99.05999755859376,102.3499984741211,99.05999755859376,102.01000213623048,10247094,102.3663908254735,106.84968669723185,46.987571526158455,3.920772524132452,112.76000213623048,12121194.8,False,False,False,False,0,-0.09533522345106415
2026-02-10,102.3000030517578,102.94000244140624,101.08000183105467,101.44000244140624,6738195,102.27816336032424,106.63754221661124,46.105924578335085,3.77357453029096,109.0,11956662.25,False,False,False,False,0,-0.06935777576691526
2026-02-11,101.48999786376952,102.12999725341795,99.8499984741211,101.68000030517578,6872954,102.2211954503101,106.44312880831966,46.5605888301809,3.666890548077096,108.58999633789062,11391080.85,False,False,False,False,0,-0.06363381771570908
2026-02-12,101.05999755859376,101.48999786376952,99.5,100.5,7260515,102.0572720740901,106.2100649334836,44.56969161437866,3.560684102155574,106.8499984741211,10986679.5,False,False,False,False,0,-0.05942909279178932
2026-02-13,100.0,100.12000274658205,97.6999969482422,98.08000183105467,9520535,101.67848443189624,105.89123892946678,40.723806217613685,3.506349741412876,106.8499984741211,10839091.1,False,False,False,False,0,-0.08207764874409895
2026-02-16,98.01000213623048,100.6500015258789,96.1999969482422,99.80999755859376,13225540,101.50053330110552,105.65275887570706,44.41629255434983,3.573753658286007,106.8499984741211,11315117.85,False,False,False,True,1,-0.06588676664541471
2026-02-17,99.4000015258789,99.9800033569336,97.38999938964844,98.51000213623048,12170149,101.21572080921267,105.37265076827661,42.284704098782406,3.503485823214518,104.79000091552734,11367611.3,False,False,False,True,1,-0.05992937040204105
2026-02-18,98.75,100.16999816894533,97.62000274658205,98.04000091552734,9729228,100.91327129552835,105.08509587209036,41.50908926662876,3.4353793660108582,104.79000091552734,11448670.4,False,False,False,False,0,-0.0644145428096834
2026-02-19,98.04000091552734,98.66999816894533,94.77999877929688,95.4800033569336,10789982,100.39581720613837,104.70842557737834,37.4768093920038,3.4678522248421153,104.79000091552734,11122132.65,False,False,False,False,0,-0.08884433130312375
2026-02-20,95.0,96.37999725341795,94.5999984741211,94.91000366210938,6625030,99.87335877337371,104.32417373756388,36.623729344161774,3.3472912644460258,104.79000091552734,10776744.1,False,False,False,False,0,-0.09428377867256987
2026-02-23,95.0999984741211,96.48999786376952,94.13999938964844,95.33999633789062,7088081,99.44160996999437,103.97185305522376,37.77444252882597,3.276056065137101,104.79000091552734,10521454.45,False,False,False,False,0,-0.09018040361746438
2026-02-24,95.3000030517578,95.33999633789062,93.20999908447266,94.54000091552734,7043891,98.97479006004514,103.60197650072587,36.44848086287255,3.1941947214428774,104.79000091552734,10205519.25,False,False,False,False,0,-0.0978146761184081
2026-02-25,94.9000015258789,95.93000030517578,93.73999786376952,94.62999725341795,10414932,98.56100026893779,103.25013417730203,36.71759585580155,3.122466701440262,104.79000091552734,10045698.0,False,False,False,True,1,-0.09695585049473854
2026-02-26,94.5,95.5,93.1500015258789,94.05999755859376,7125794,98.13233334414312,102.88973666284289,35.68684297720202,3.067290399488893,104.79000091552734,10014907.95,False,False,False,False,0,-0.10239529786418444
2026-02-27,94.8000030517578,95.38999938964844,92.20999908447266,92.66999816894533,14082018,97.61211094650524,102.48896260425867,33.23653470598822,3.0753411070379566,104.79000091552734,9632519.45,False,False,False,True,1,-0.11565991641084261
2026-03-02,86.05000305175781,90.81999969482422,86.05000305175781,89.36000061035156,13260337,96.82619567639537,101.97410134959566,28.260433908172345,3.3285306791914966,104.79000091552734,9890507.7,False,False,False,True,1,-0.14724687632758127
2026-03-04,87.0,87.26000213623047,85.0,85.62999725341797,13414288,95.75989106468325,101.33315609092203,23.915195583425742,3.402207102845787,104.79000091552734,10152462.05,False,False,False,True,1,-0.1828419075743163
2026-03-05,86.37999725341797,87.30000305175781,84.91000366210938,86.8499984741211,10690095,94.91132986558209,100.7651891255573,27.82416539218697,3.3299065519031195,104.79000091552734,10290074.1,False,False,False,True,1,-0.17119956374337597
2026-03-06,86.4000015258789,88.38999938964844,85.41000366210938,85.63999938964844,8972368,94.02834601073127,100.17204443003146,26.376743858604087,3.3049129215914013,103.98999786376952,10034170.8,False,False,False,False,0,-0.1764592638818996
2026-03-09,83.69999694824219,85.0,81.4000015258789,84.44000244140625,11986742,93.11517043270031,99.55510160694813,24.98841795222603,3.3717047031755536,102.94000244140624,9933932.95,False,False,False,True,1,-0.17971633535301534
2026-03-10,86.0,87.5,85.30999755859375,87.04000091552734,7716371,92.53658285963621,99.06431334453947,33.193225265049605,3.349439907133996,102.94000244140624,9862888.4,False,False,False,False,0,-0.15445891926153021
2026-03-11,87.0,88.38999938964844,85.88999938964844,86.16000366210938,7826947,91.9292896027289,98.55826198444419,31.920590212620795,3.2887656280529964,102.94000244140624,9736352.25,False,False,False,False,0,-0.16300756150504359
2026-03-12,85.3499984741211,87.9800033569336,84.41000366210938,86.58000183105469,9325823,91.41983362447421,98.0885262921544,33.23625687091135,3.3088537756795127,102.12999725341795,9790789.85,False,False,False,False,0,-0.15225688671839122
2026-03-13,85.94000244140625,86.30999755859375,83.0,83.19999694824219,8554912,90.63699203626165,97.5046623963147,28.468169132870628,3.3282214939205965,101.48999786376952,9913433.3,False,False,False,False,0,-0.1802148123017805
2026-03-16,83.19999694824219,83.75,80.25,82.87999725341797,13948339,89.89823062837176,96.9311461162011,28.05777394178277,3.3404913872119826,100.6500015258789,9978153.15,False,False,False,True,1,-0.17655244911140866
2026-03-17,83.13999938964844,84.08000183105469,81.91000366210938,83.12999725341797,9088928,89.25363697361426,96.3899245921704,28.919890412621186,3.2568847287643634,100.6500015258789,10199543.35,False,False,False,False,0,-0.17406859420619314
2026-03-18,83.52999877929688,88.68000030517578,83.44000244140625,88.44000244140625,19158052,89.17614797054682,96.07816293919927,44.211864068585875,3.420678894692467,100.16999816894533,9992712.75,False,False,False,True,1,-0.11710088791012485
2026-03-19,86.3499984741211,86.76000213623047,82.5199966430664,83.13999938964844,21115461,88.60127667712793,95.5707839764718,35.9081196467575,3.599202244952994,100.16999816894533,10342107.9,False,False,False,True,1,-0.17001097225313244
2026-03-20,84.19999694824219,86.30000305175781,83.5999984741211,83.91000366210938,13414557,88.15448877093569,95.11349847394779,37.737743045161764,3.5678309176070213,98.66999816894533,10911419.55,False,False,False,True,1,-0.14958948799779548
2026-03-23,82.9000015258789,82.95999908447266,78.87000274658203,79.08999633789062,12197511,87.29120377731235,94.48512584116123,31.647467976265318,3.672985917458473,96.48999786376952,11042648.3,False,False,False,True,1,-0.18032958763710705
2026-03-24,82.0,82.66999816894531,80.0,81.8499984741211,12914765,86.77299374843699,93.98963065029692,37.83416903791009,3.66634419700106,96.48999786376952,11321272.35,False,False,False,True,1,-0.15172556444988283
2026-03-25,83.0,85.3499984741211,82.58000183105469,84.5199966430664,12579198,86.55842259554456,93.61827245393494,43.190999500041976,3.6544624686438416,95.93000030517578,11612606.55,False,False,False,True,1,-0.1189409321985978
2026-03-27,83.5,83.69000244140625,80.30000305175781,80.52999877929688,12115051,85.98428699399716,93.1050068196354,37.93088160251322,3.6948575488341815,95.93000030517578,11889371.9,False,False,False,True,1,-0.16053373790146874
2026-03-30,79.5,80.66000366210938,77.18000030517578,77.5199966430664,14774475,85.17816410343232,92.49382994996604,34.515814981372486,3.6795108208412826,95.5,11974377.85,False,False,False,True,1,-0.18827228646003769
2026-04-01,81.0999984741211,84.08999633789062,80.11000061035156,82.79000091552734,15853541,84.95071999029852,92.11328763489001,44.01912267217007,3.8859743118400636,95.38999938964844,12356811.9,False,False,False,True,1,-0.13208930238748307
2026-04-02,80.5,83.5,79.29000091552734,83.08999633789062,11834423,84.77350821387873,91.75943307422337,44.5127733372252,3.909118938456677,90.81999969482422,12445388.05,False,False,False,False,0,-0.08511344839141333
2026-04-06,83.08999633789062,84.62000274658203,81.52999877929688,84.33999633789062,12396717,84.73222136854653,91.46847477083777,46.6248009981303,3.85061072623014,88.68000030517578,12374092.35,False,False,False,True,1,-0.04894005358987186
2026-04-07,83.5999984741211,84.45999908447266,82.58999633789062,84.16000366210938,7862081,84.67772444412395,91.18186806069157,46.35121290661741,3.709138727683847,88.68000030517578,12323213.8,False,False,False,False,0,-0.05096974095074058
2026-04-08,88.4000015258789,89.25,86.91000366210938,88.7300033569336,12193416,85.06365576915344,91.08571650368147,53.76878133690023,3.8077714141271883,88.68000030517578,12181813.1,False,True,True,True,2,0.0005638593999293118
2026-04-09,88.45999908447266,89.4000015258789,86.5,87.83000183105469,11318643,85.32711729885833,90.95804141848042,52.23701759451663,3.7429307078237395,89.25,12342865.5,False,False,True,False,1,-0.01591034362963939
2026-04-10,88.26000213623047,90.1999969482422,88.25,89.18000030517578,9362242,85.69405853755522,90.88831431599789,54.338318314926084,3.644863879921152,89.4000015258789,12309460.55,False,False,True,False,1,-0.002460863724252138
2026-04-13,86.98999786376953,89.0,85.72000122070312,88.6500015258789,8880605,85.97557691739557,90.80053734383637,53.34605854291837,3.6316592516748307,90.1999969482422,12391754.1,False,False,True,False,1,-0.0171839853082556
2026-04-15,90.98999786376952,91.5999984741211,90.3000030517578,91.0,7702468,86.45409340145314,90.80835940878396,57.08782844894574,3.5829690871439275,90.1999969482422,12444437.0,False,True,True,False,1,0.008869213734196135
2026-04-16,92.3000030517578,93.5,91.0999984741211,93.0500030517578,12866006,87.08227527291072,90.89626700262608,60.094545818209724,3.5056141523479325,91.5999984741211,12363269.25,False,True,True,True,2,0.015829744561036918
2026-04-17,93.25,94.56999969482422,92.83000183105467,94.31999969482422,11203110,87.77158236071202,91.0305310297711,61.87666109353309,3.379498703163762,93.5,12578823.95,False,True,True,False,1,0.008770050212023817
2026-04-20,94.31999969482422,94.87999725341795,92.08999633789062,93.31999969482422,13841641,88.3000030591989,91.12031411467515,59.61894198006703,3.3373917183325883,94.56999969482422,12441562.5,False,False,True,True,2,-0.013217722364742834
2026-04-21,93.87000274658205,94.4800033569336,93.0999984741211,93.27999877929688,7224140,88.7742883658749,91.20500763093483,59.5253799083916,3.1975783729382963,94.87999725341795,12679198.15,False,False,True,False,1,-0.01686339081405741
2026-04-22,93.22000122070312,94.73999786376952,92.81999969482422,94.1999969482422,11345558,89.29102251657655,91.32245819239786,61.039773465348304,3.106322644081654,94.87999725341795,12082502.55,False,False,True,False,1,-0.007166951147347889
2026-04-23,93.44000244140624,94.5999984741211,93.0,93.30999755859376,7892606,89.67378204438772,91.40040091264085,58.74970182706926,2.9987280605130424,94.87999725341795,11594007.4,False,False,True,False,1,-0.016547214800510912
2026-04-24,93.5999984741211,94.18000030517578,91.26000213623048,93.1999969482422,9129145,90.009612035231,91.47097330619384,58.45777867938601,2.993104496829632,94.87999725341795,11317909.85,False,False,True,False,1,-0.017706580457507726
2026-04-27,94.62000274658205,96.5,94.12999725341795,95.41000366210938,13917958,90.52393504731467,91.6254450848572,62.490408710312714,3.0150258221816437,94.87999725341795,11164491.55,False,True,True,True,2,0.005586071079616506
2026-04-28,95.5,95.87999725341795,94.0,94.62999725341795,7329263,90.91498859075307,91.74327066009488,60.2667620188071,2.9339523529842375,96.5,11214651.2,False,False,True,False,1,-0.019378266803959043
2026-04-29,94.9800033569336,95.72000122070312,93.0,93.1999969482422,7628032,91.13260843432346,91.80039718119869,56.31067534441059,2.9186701292498727,96.5,10952154.45,False,False,True,False,1,-0.03419692281614295
2026-04-30,93.0,93.0,90.8000030517578,91.6500015258789,9010740,91.18188396685255,91.79449931236262,52.30299163958155,2.8816218269094818,96.5,10727803.5,False,False,True,False,1,-0.05025905154529631
2026-05-01,91.6500015258789,91.6500015258789,91.6500015258789,91.6500015258789,0,91.22646659152173,91.78883273250051,52.30299163958155,2.6757916964159474,96.5,10439616.75,False,False,True,False,1,-0.05025905154529631
2026-05-04,92.9499969482422,93.70999908447266,91.75,92.5199966430664,6598368,91.34965992976409,91.8175058270325,54.41492933335195,2.631806400857219,96.5,9646939.7,False,False,True,False,1,-0.04124355810293878
2026-05-05,92.8000030517578,93.1999969482422,91.4000015258789,92.91999816894533,5822486,91.49921595254327,91.86074082083302,55.39289479663609,2.5723913309647957,96.5,9385136.95,False,False,True,False,1,-0.0370984645705148
2026-05-06,94.0,96.5999984741211,93.62000274658205,94.94000244140624,13278543,91.82690990386355,91.98149617850255,60.05362134879225,2.651506257694151,96.5,9056425.4,False,False,True,True,2,-0.01616577780926176
2026-05-07,95.44000244140624,97.3499984741211,94.16000366210938,96.8499984741211,15140136,92.30529929150714,92.17241783715427,63.894957424121564,2.6899697258596915,96.5999984741211,9327248.5,True,True,True,True,2,0.0025879917593061297
2026-05-08,97.4000015258789,101.9499969482422,96.6999969482422,100.63999938964844,45653530,93.09908025323489,92.50447985882072,70.04955548946276,2.872829031155428,97.3499984741211,9474584.5,True,True,True,True,2,0.033795592882335246
2026-05-11,100.38999938964844,100.47000122070312,95.5,95.6999969482422,20845127,93.34678660514035,92.62979425448431,56.52444872568508,3.0347697710477854,101.9499969482422,11191328.85,True,False,True,True,2,-0.06130456289442543
2026-05-12,95.6999969482422,96.36000061035156,92.38999938964844,92.66000366210938,12417621,93.28137870580407,92.63097893713628,50.11221869292083,3.1015720174517387,101.9499969482422,11765473.1,True,False,True,True,2,-0.09112303643176323
2026-05-13,92.94000244140624,95.5,92.83000183105467,94.87999725341795,12838455,93.43362809129111,92.7191757338532,54.198396155707925,3.082888040340231,101.9499969482422,11942323.9,True,False,True,True,2,-0.06934771855278754
2026-05-14,96.6999969482422,97.0,93.62999725341795,95.48999786376952,14444893,93.62947283152715,92.82783542522247,55.28223900592618,3.1033962336432177,101.9499969482422,12199123.25,True,False,True,True,2,-0.06336438722751792
2026-05-15,95.5,95.73999786376952,93.5,93.81999969482422,7648496,93.64761824707927,92.86674382795195,51.67685044425792,3.041724921509382,101.9499969482422,12278067.6,True,False,True,False,1,-0.07974494847258706
2026-05-18,92.6999969482422,92.6999969482422,89.83000183105469,91.66000366210938,9136004,93.45832161993927,92.81942068419342,47.37334692083799,3.109458703099393,101.9499969482422,12100336.9,True,False,False,False,0,-0.10093176649487134
2026-05-19,91.83000183105467,94.16000366210938,91.72000122070312,93.08000183105467,6091227,93.42229116385502,92.82963955269778,50.30337980327916,3.0659259385922932,101.9499969482422,11865055.05,True,False,True,False,1,-0.08700338776557914
2026-05-20,92.0,93.2699966430664,91.61000061035156,93.01000213623048,5639016,93.3830255421765,92.83671259518927,50.15513645847352,2.9655023738867614,101.9499969482422,11808409.4,True,False,True,False,1,-0.08768999587660964
2026-05-21,94.0,94.62000274658205,92.8000030517578,93.06999969482422,5505477,93.35321355671438,92.84586110890045,50.29035641884441,2.883680753953725,101.9499969482422,11523082.3,True,False,True,False,1,-0.08710149601991812
2026-05-22,93.23999786376952,95.6500015258789,92.9000015258789,94.81999969482422,11193155,93.4929074746296,92.92327830834846,54.19368326205852,2.874132128671316,101.9499969482422,11403725.85,True,False,True,False,1,-0.06993621840947895
2026-05-25,95.68000030517578,99.5,95.4000015258789,96.79000091552734,34422254,93.80691637376272,93.07491448902213,58.17513911086928,3.0031227127073494,101.9499969482422,11506926.35,True,False,True,True,2,-0.050613008211608634
2026-05-26,97.98999786376952,99.77999877929688,94.3000030517578,95.5500030517578,31029229,93.97292462880986,93.17197678560001,54.93823129804969,3.1800422137667588,101.9499969482422,12532141.15,True,False,True,True,2,-0.06277581253615472
2026-05-27,95.5500030517578,99.86000061035156,95.5500030517578,99.0999984741211,27016586,94.46121737598236,93.40444822436554,61.53654205582882,3.2607533098258306,101.9499969482422,13717139.45,True,False,True,True,2,-0.027954865712923826
2026-05-28,99.0999984741211,99.0999984741211,99.0999984741211,99.0999984741211,0,94.90300605199558,93.62780313612065,61.53654205582882,3.027842359123986,101.9499969482422,14686567.15,True,False,True,False,1,-0.027954865712923826
2026-05-29,99.6500015258789,102.66999816894533,99.43000030517578,100.26000213623048,29675566,95.41319615525605,93.88788937141908,63.55871876185215,3.066567883102575,101.9499969482422,14236030.15,True,False,True,True,2,-0.01657670291907598
2026-06-01,101.6999969482422,105.75,99.05999755859376,104.4000015258789,47025842,96.26908238102965,94.30012906375083,69.68449565903441,3.3253846372671223,102.66999816894533,15719808.45,True,True,True,True,2,0.01685013526626178
2026-06-02,104.58999633789062,106.86000061035156,102.02999877929688,104.11000061035156,46173461,97.01583649810793,94.68482990871557,68.81189640025151,3.4328572939662343,105.75,17741182.15,True,False,True,True,2,-0.015508268460032504
2026-06-03,104.1500015258789,104.19000244140624,100.02999877929688,102.23999786376952,17666047,97.51337567578999,94.98111100499219,63.30689713525743,3.484796320262172,106.86000061035156,19758730.9,True,False,True,False,1,-0.0432341635803295
2026-06-04,102.69000244140624,105.5,102.08999633789062,104.08000183105467,18505570,98.13876864295806,95.33793025307307,66.17437921584663,3.4794539875369725,106.86000061035156,19978106.1,True,False,True,False,1,-0.026015335611252022
2026-06-05,104.5999984741211,107.7300033569336,104.16000366210938,106.36000061035156,28253888,98.92174311604315,95.77016830629968,69.36872473861969,3.4916359545613975,106.86000061035156,20146377.8,True,False,True,True,2,-0.004679019250834249
2026-06-08,104.9499969482422,107.23999786376952,102.76000213623048,103.45999908447266,15143319,99.3539579701793,96.07173029760058,61.423292913637844,3.562233081202657,107.7300033569336,19276395.7,True,False,True,False,1,-0.03963616577930906
2026-06-09,104.0,106.30999755859376,103.0999984741211,105.83000183105467,11519116,99.97072405216743,96.454407612638,64.95596411287391,3.5370735100076582,107.7300033569336,18991305.3,True,False,True,False,1,-0.01763669791769884
2026-06-10,106.25,107.4000015258789,102.5,103.0,13555314,100.25922652338957,96.71109751018162,58.1125820492335,3.634425511141319,107.7300033569336,18946380.05,True,False,True,False,1,-0.04390609124240008
2026-06-11,102.4800033569336,103.94000244140624,99.54000091552734,100.5199966430664,14774026,100.28406177288261,96.86046610362807,52.85717964022512,3.689109512194003,107.7300033569336,18982223.0,True,False,True,False,1,-0.06692663593427006
2026-06-12,102.5999984741211,105.45999908447266,102.36000061035156,105.16000366210938,15469674,100.74843719090421,97.18593816474498,60.12334923847438,3.7784590071377346,107.7300033569336,18998679.65,True,False,True,False,1,-0.02385593256048857
2026-06-15,107.0,108.87999725341795,106.0,107.36000061035156,21708282,101.37810989751824,97.58492100574917,63.03269839231524,3.774282906007081,107.7300033569336,19389738.55,True,False,True,True,2,-0.003434537594472431
2026-06-16,107.47000122070312,109.91999816894533,107.26000213623048,109.13999938964844,18417449,102.1173374681973,98.03806133452953,65.24228341190079,3.6946909864862065,108.87999725341795,20018352.45,True,True,True,False,1,0.0023879697170208214
2026-06-17,109.4000015258789,113.1999969482422,108.81999969482422,112.83000183105467,27859510,103.13759121704086,98.61813743243248,69.3343007941368,3.7436414341241906,109.91999816894533,20634663.55,True,True,True,True,2,0.026473832883773474
2026-06-18,113.3000030517578,114.29000091552734,109.58000183105467,110.1500015258789,18889529,103.80543981788259,99.07036739688137,63.488128250392286,3.8126669805776534,113.1999969482422,21745688.25,True,False,True,False,1,-0.02694342318540721
2026-06-19,109.8000030517578,113.37000274658205,109.01000213623048,111.4499969482422,21519579,104.53349287791684,99.55584306556219,65.02851313730075,3.8517622398472184,114.29000091552734,22414890.85,True,False,True,False,1,-0.024849102673331958
2026-06-22,111.95999908447266,113.2300033569336,109.23999786376952,109.9800033569336,15695771,105.05220816163272,99.96463366522381,61.850910754729114,3.86163675794128,114.29000091552734,22931212.05,True,False,True,False,1,-0.0377110641706907
2026-06-23,110.4000015258789,111.3499984741211,108.5500030517578,109.04000091552734,10463568,105.43199794771793,100.32053042013769,59.837342976957736,3.785805233971424,114.29000091552734,21994887.9,True,False,True,False,1,-0.04593577704037566
2026-06-24,109.04000091552734,109.5999984741211,107.2300033569336,108.87999725341795,8399288,105.76037883397508,100.65619578614867,59.48237101588676,3.6846759399154294,114.29000091552734,20966604.85,True,False,True,False,1,-0.04733575657338529
2026-06-25,109.3499984741211,110.2699966430664,106.8000030517578,107.16999816894533,9712938,105.89462829444844,100.91163901684658,55.68067916838663,3.6693414864435137,114.29000091552734,20035739.95,True,False,True,False,1,-0.06229768737025798
2026-06-26,107.16999816894533,107.16999816894533,107.16999816894533,107.16999816894533,0,106.01609209201956,101.15706486594848,55.68067916838663,3.407245665983263,114.29000091552734,20521386.85,True,False,True,False,1,-0.06229768737025798
2026-06-29,107.0,107.4800033569336,104.08999633789062,104.3499984741211,20141614,105.85741650936257,101.28227794862192,49.61568756114508,3.406014334058956,114.29000091552734,19037608.55,True,False,False,True,1,-0.08697175922461475
2026-06-30,104.9000015258789,106.3499984741211,104.33000183105467,104.93000030517578,18641839,105.76909115658287,101.42532588417306,50.80263772717389,3.307013070416632,114.29000091552734,17693397.15,True,False,True,True,2,-0.08189693354950289
2026-07-01,105.5,105.76000213623048,103.9000015258789,104.44000244140624,7088069,105.64251127894701,101.54354849426065,49.736623614483165,3.2036550375548427,114.29000091552734,16316816.05,True,False,False,False,0,-0.08618425404862251
2026-07-02,105.0,105.02999877929688,101.83999633789062,103.05999755859376,10129934,105.39655759129431,101.6030170850188,46.760654669277585,3.2026798521156574,114.29000091552734,15787917.15,True,False,False,False,0,-0.0982588438793851
2026-07-03,103.6999969482422,104.25,102.1500015258789,102.36000061035156,7486749,105.10736168834738,101.63270271346323,45.28064383194356,3.1239168965446176,114.29000091552734,15369135.35,True,False,False,False,0,-0.104383587449556
2026-07-06,103.0,103.01000213623048,99.0999984741211,99.56999969482422,11921695,104.57999387944042,101.55181239900679,39.86479284184832,3.1800659512278155,114.29000091552734,14330778.4,True,False,False,False,0,-0.128795179830148
2026-07-07,99.9000015258789,100.08999633789062,97.5999984741211,98.54000091552734,9576877,104.00475645430585,101.4337021447527,38.05518289569757,3.1307753735522237,114.29000091552734,14169697.2,True,False,False,False,0,-0.13780733112112709
2026-07-08,97.5,98.22000122070312,94.33999633789062,94.77999877929688,14006184,103.126208104305,101.17277260100934,32.292404583846775,3.2071488881296877,114.29000091552734,14072585.25,True,False,False,False,0,-0.17070611584516893
2026-07-09,95.3000030517578,98.4000015258789,95.3000030517578,97.75,9049480,102.61418828484737,101.03854622449917,40.01895033686912,3.2366384494477125,114.29000091552734,14095128.75,True,False,False,False,0,-0.14471957986729034
2026-07-10,98.58999633789062,100.5,98.20999908447266,99.9800033569336,10832235,102.36331352980795,100.9970347394966,45.08610127436084,3.2018785602014477,114.29000091552734,13808901.45,True,False,False,False,0,-0.12520778234283492
2026-07-13,98.8000030517578,102.47000122070312,98.13999938964844,101.48999786376952,13918087,102.28014060923286,101.016366626723,48.2726775057566,3.282458793833822,114.29000091552734,13577029.5,True,False,False,True,1,-0.11199582596222402
2026-07-14,100.8000030517578,100.8000030517578,97.81999969482422,98.1500015258789,11842618,101.88679402986583,100.9039601521801,42.4103604357517,3.3101401777703563,114.29000091552734,13187519.75,True,False,False,False,0,-0.14121969778946486
2026-07-15,98.91999816894533,99.69000244140624,97.5,97.81999969482422,6248606,101.49948028367139,100.78302052640144,41.8693333545866,3.2301303394586336,114.29000091552734,12858778.2,True,False,False,False,0,-0.14410710551027328
2026-07-16,98.11000061035156,98.29000091552734,96.6999969482422,97.3000030517578,5991681,101.09953007110819,100.64643160582719,40.98215546228656,3.1129784557319558,114.29000091552734,11778233.0,True,False,False,False,0,-0.14865690548315758
2026-07-17,97.13999938964844,98.5500030517578,96.37000274658205,97.25,8122036,100.73290815957408,100.51323820952024,40.892425354655174,3.0463371592636554,113.37000274658205,11133340.6,True,False,False,False,0,-0.14218931248167443
2026-07-20,97.5,98.3000030517578,96.41999816894533,98.11000061035156,5331792,100.4831074406005,100.41899359778813,43.19603544453117,2.963027710945714,113.2300033569336,10463463.45,True,False,False,False,0,-0.1335335361504797
2026-07-21,98.4000015258789,98.6999969482422,96.51000213623048,96.8000030517578,6472045,100.13233559404405,100.27707239990458,40.60035023258453,2.907811075307572,111.3499984741211,9945264.5,False,False,False,False,0,-0.1306690221980099
2026-07-22,96.5,96.8000030517578,94.27999877929688,94.73999786376952,8605587,99.6187796197322,100.05993222201694,36.85034241639133,2.8801105893899543,110.2699966430664,9745688.35,False,False,False,False,0,-0.14083612271764212
2026-07-23,94.0500030517578,95.0500030517578,93.0,93.1500015258789,6871994,99.00270551555569,99.78895454765859,34.22290849621774,2.8208171938448006,110.2699966430664,9756003.3,False,False,False,False,0,-0.15525524293433424
2026-07-24,92.4000015258789,94.06999969482422,91.3499984741211,93.83999633789062,6730344,98.51101892720663,99.55566206884416,36.34402174199752,2.8136160529061094,107.4800033569336,9613956.1,False,False,False,False,0,-0.12690739293843767
2026-07-27,94.5,95.9499969482422,94.5,94.9000015258789,6593505,98.16711250803257,99.37308714559062,39.56807683193128,2.763357807009357,107.4800033569336,9950473.3,False,False,False,False,0,-0.11704504501434909
2026-07-28,94.9000015258789,95.3000030517578,94.19000244140624,94.51000213623048,4465009,97.81881628214666,99.18237792953728,38.789646589774264,2.645260864390943,106.3499984741211,9273067.85,False,False,False,False,0,-0.11133047962169662
2026-07-29,95.5,95.5,94.1999969482422,94.5999984741211,4086454,97.51226220519185,99.00267677442292,39.087448270519815,2.549171020631433,105.76000213623048,8564226.35,False,False,False,False,0,-0.10552196895508836
2026-07-30,94.5199966430664,94.52999877929688,93.08999633789062,93.56999969482422,5422710,97.13680863277588,98.78963061443866,36.87616412306253,2.4749446717456496,105.02999877929688,8414145.6,False,False,False,False,0,-0.1091116749277884
2026-07-31,93.9000015258789,95.5500030517578,93.6999969482422,94.8000030517578,5779241,96.91425572029796,98.63317463158843,41.15725482022822,2.4395917206876443,104.25,8178784.4,False,False,False,False,0,-0.09064745274093244
2026-08-03,95.1999969482422,96.5999984741211,95.0,95.5,5156861,96.7795646993172,98.51030503819281,43.50549122555192,2.3939062708073338,103.01000213623048,8093409.0,False,False,False,False,0,-0.07290556237731671
2026-08-04,95.4000015258789,96.0500030517578,94.6999969482422,94.83999633789062,4304105,96.59484390299086,98.36637136367116,41.811243702848614,2.3193419731436387,102.47000122070312,7755167.3,False,False,False,False,0,-0.07446086456443735
2026-08-05,95.30999755859376,96.3000030517578,95.1999969482422,96.0,5779578,96.538192102706,98.27357248666445,45.80592630871455,2.2579608831953197,102.47000122070312,7491528.7,False,False,False,False,0,-0.06314044250636663
2026-08-06,96.5999984741211,96.95999908447266,95.25,96.25,6704370,96.51074523578163,98.19421670287369,46.655879665169905,2.2188207547151295,102.47000122070312,7080198.4,False,False,False,False,0,-0.06070070407539363
2026-08-07,96.01000213623048,96.44000244140624,94.77999877929688,95.33000183105467,4742088,96.39829348295048,98.08189455103765,43.92568581366093,2.178905248100432,102.47000122070312,6962942.9,False,False,False,False,0,-0.06967892363219652
2026-08-10,95.25,95.5500030517578,94.33000183105467,94.8499984741211,3905923,96.25083681544291,97.95515352841348,42.52739383526723,2.1104121032863388,102.47000122070312,6658435.55,False,False,False,False,0,-0.07436325417982415
2026-08-11,94.8499984741211,95.02999877929688,93.25,93.8000030517578,5883330,96.01742407604434,97.79220645089757,39.56071036960972,2.086811151572806,100.8000030517578,6157827.35,False,False,False,False,0,-0.06944444234198788
2026-08-12,93.8000030517578,94.13999938964844,90.9000015258789,92.16999816894533,11484423,95.65100256108252,97.57172769474258,35.4288496251215,2.1691816310154293,99.69000244140624,5859862.95,False,False,False,True,1,-0.07543388592934241
2026-08-13,92.26000213623048,93.12999725341795,91.9000015258789,92.06999969482422,4910033,95.30995466905792,97.35597365553011,35.18605374806994,2.1020969236242593,98.6999969482422,6121653.8,False,False,False,False,0,-0.06717322652902125
2026-08-14,91.98999786376952,92.45999908447266,89.0999984741211,89.1500015258789,10143348,94.72329246494563,97.03417082691634,28.947673868935908,2.191947186961924,98.6999969482422,6067571.4,False,False,False,True,1,-0.0967578086894092
2026-08-17,89.45999908447266,90.26000213623048,88.54000091552734,89.75,6941578,94.24964556352224,96.74851706899805,31.63004460299726,2.1582367608005826,98.6999969482422,6168637.0,False,False,False,True,1,-0.09067879660559197
2026-08-18,89.3499984741211,89.93000030517578,87.69999694824219,88.0,6718438,93.65444122413916,96.40543796825304,28.276951070140072,2.1633629462386548,98.6999969482422,6249126.3,False,False,False,True,1,-0.10840929360771134
2026-08-19,88.0,88.0199966430664,87.0,87.19000244140625,4316941,93.0387803876884,96.04404833974924,26.857744086425726,2.0816939245834942,96.95999908447266,6261445.95,False,False,False,False,0,-0.10076316764973026
2026-08-20,87.9000015258789,89.02999877929688,87.73999786376953,88.25,4634300,92.58270606505141,95.73839938524927,31.689515326642635,2.0644298112482895,96.95999908447266,6047013.65,False,False,False,False,0,-0.08983084949170028
2026-08-21,88.79000091552734,89.62999725341797,88.41999816894531,88.87999725341797,5375979,92.23006713061014,95.46944243890295,34.46065603191437,2.0155417714032664,96.95999908447266,5935128.95,False,False,False,False,0,-0.08333335300483347
2026-08-24,89.0,90.29000091552734,88.23999786376953,88.58000183105469,5530404,91.8824418639858,95.1992682974187,33.75837110193217,2.0180032914285913,96.95999908447266,5867410.7,False,False,False,False,0,-0.0864273652283889
2026-08-25,88.19999694824219,89.5,87.79000091552734,89.5,4906608,91.6555426388443,94.97576757987288,37.93561004132134,1.9960029909317387,96.95999908447266,5814255.65,False,False,False,False,0,-0.07693893517855155
2026-08-26,90.0999984741211,90.5,89.0999984741211,89.20999908447266,5343033,91.42263372890413,94.74965901142582,37.14054317549387,1.9534314577136793,96.95999908447266,5836335.6,False,False,False,False,0,-0.07992986874152208
2026-08-27,89.25,89.66999816894531,88.41999816894531,88.5999984741211,3405853,91.1538113236867,94.50849585310014,35.4571854175458,1.9031863535912736,96.95999908447266,5899164.55,False,False,False,False,0,-0.08622112922121872
2026-08-28,89.0999984741211,89.27999877929688,87.1500015258789,87.5,6704520,90.80582929285939,94.23365287846877,32.588766409677305,1.9193871321503235,96.95999908447266,5798321.7,False,False,False,True,1,-0.09756599807958943
2026-08-31,87.0999984741211,87.19999694824219,85.5999984741211,86.19999694824219,5142217,90.36717859337203,93.91860754787166,29.546600941314978,1.9180024459880793,96.95999908447266,5844585.65,False,False,False,False,0,-0.1109736204396643
2026-09-01,86.0,86.4000015258789,85.0,85.19999694824219,4390141,89.87506605574062,93.57670124984698,27.425733730616102,1.8810023802659956,96.95999908447266,5843853.45,False,False,False,False,0,-0.12128715189018335
2026-09-02,84.80000305175781,85.22000122070312,83.83999633789062,85.0,4241099,89.410774050432,93.24036002436279,27.008182883462652,1.8452168447336033,96.95999908447266,5848155.25,False,False,False,False,0,-0.1233498267058869
2026-09-03,85.1500015258789,86.9000015258789,85.1500015258789,86.5,3561028,89.13355747420039,92.97603218027012,35.00117186580508,1.849130036243982,96.95999908447266,5771231.3,False,False,False,False,0,-0.10787952953010849
2026-09-04,86.5,87.3499984741211,86.30999755859375,86.5999984741211,2548390,88.8922661408595,92.72599164277409,35.508193370125596,1.7913350990499364,96.44000244140624,5614064.2,False,False,False,False,0,-0.10203239027563904
2026-09-07,86.31999969482422,86.58999633789062,85.62000274658203,86.0,1862601,88.61681222268241,92.4622272646261,33.804330466973084,1.7333822867991597,95.5500030517578,5504379.3,False,False,False,False,0,-0.09994770012288456
2026-09-08,85.54000091552734,86.0999984741211,84.87999725341797,86.0,4783728,88.36759201099838,92.20880658758193,33.80433046697307,1.696712210649443,95.02999877929688,5402213.2,False,False,False,False,0,-0.09502261280954727
2026-09-09,85.30000305175781,85.5199966430664,83.5,83.5999984741211,5699936,87.91353548367672,91.87120626940701,27.649407299946574,1.7540899098887686,94.13999938964844,5347233.1,False,False,False,True,1,-0.11196091973510591
2026-09-10,83.19999694824219,84.69999694824219,83.19999694824219,83.94000244140625,4868776,87.53510376536525,91.56017866830894,29.604872305925056,1.7359406306109995,93.12999725341795,5058008.75,False,False,False,False,0,-0.09867921274607816
2026-09-11,82.87999725341797,83.13999938964844,82.0,82.9000015258789,6012573,87.09366545684274,91.22056387840972,27.18459441545987,1.7505164742392316,92.45999908447266,5055945.9,False,False,False,True,1,-0.10339603778126383
2026-09-14,82.9000015258789,82.9000015258789,82.9000015258789,82.9000015258789,0,86.69426889198904,90.89426731556537,27.18459441545987,1.6254795832221438,90.5,4849407.15,False,False,False,False,0,-0.08397788369194581
2026-09-15,83.25,83.48999786376953,80.12999725341797,80.69000244140625,5854402,86.12243399193355,90.49410006559835,22.625942262219368,1.7493739423028165,90.5,4502328.25,False,False,False,True,1,-0.108397763078384
2026-09-16,81.19999694824219,81.54000091552734,79.72000122070312,81.41000366210938,5850166,85.67363110337885,90.13786099095172,26.92532690086999,1.754418638911488,90.5,4459126.45,False,False,False,True,1,-0.10044194848497923
2026-09-17,81.41000366210938,82.44999694824219,81.0,82.12999725341797,3276068,85.33614216528734,89.82382711889157,31.051216623675444,1.7326742324351094,90.5,4535787.7,False,False,False,False,0,-0.0924862181942766
