Date,Open,High,Low,Close,Volume,EMA20,EMA50,RSI14,ATR14,Prev20High,AvgVolume20,TrendPass,BreakoutPass,RSIPass,VolumePass,ConfirmationScore,BreakoutStrength
2022-04-08,75.25,78.2125015258789,74.25,75.3125,1398068,75.3125,75.3125,,3.9625015258789062,,,False,False,False,False,0,
2022-04-11,76.9625015258789,79.75,75.25,76.4625015258789,680924,75.4220239548456,75.35759809905407,,4.000894274030413,,,True,False,False,False,0,
2022-04-12,76.7249984741211,77.23750305175781,75.25,76.1500015258789,349208,75.49135515208687,75.38867274324328,97.95250061359998,3.857080615296656,,,True,False,True,False,1,
2022-04-13,77.48750305175781,79.4625015258789,76.2750015258789,76.88749694824219,396676,75.624321037435,75.44745016304715,98.05377748201394,3.8181819999183237,,,True,False,True,False,1,
2022-04-18,76.7125015258789,77.44999694824219,76.125,76.9375,305540,75.74938570053642,75.50588348998647,98.06078130463013,3.6400973533700283,,,True,False,True,False,1,
2022-04-19,77.5,77.5,75.5,75.73750305175781,486408,75.74825401970035,75.51496661005595,89.7165993999413,3.5229475424150265,,,True,False,True,False,1,
2022-04-20,76.0,76.3375015258789,75.375,75.82499694824219,312884,75.75556287003766,75.52712466253385,89.78485140312847,3.340058541233875,,,True,False,True,False,1,
2022-04-21,77.25,77.25,75.42500305175781,75.82499694824219,270544,75.76217563939048,75.53880592864006,89.78485140312847,3.231839856020183,,,True,False,True,False,1,
2022-04-22,75.75,76.75,75.125,75.3375015258789,288368,75.72173048572272,75.5309116383357,86.0924747968424,3.11706558059017,,,True,False,True,False,1,
2022-04-25,75.3499984741211,76.25,74.30000305175781,75.0875015258789,350280,75.66132772764234,75.51352300647466,84.18055849868668,3.033703535422457,,,True,False,True,False,1,
2022-04-26,75.38749694824219,76.2874984741211,75.01249694824219,75.6500015258789,380628,75.66024904176011,75.51887510527483,84.98835006213109,2.9080819633122035,,,True,False,True,False,1,
2022-04-27,75.7249984741211,77.44999694824219,75.1875,76.26249694824219,348232,75.7176059852346,75.54803674617551,85.83644679169822,2.8619687479500593,,,True,False,True,False,1,
2022-04-28,76.9000015258789,79.88749694824219,76.25,77.94999694824219,333512,75.93021464837818,75.64223126390361,87.86979083314554,2.917363619399497,,,True,False,True,False,1,
2022-04-29,77.94999694824219,79.69999694824219,77.5,78.5374984741211,224268,76.17852739368703,75.75577115450038,88.48935759630304,2.8661231428882608,,,True,False,True,False,1,
2022-05-02,80.26249694824219,80.2750015258789,78.25,78.7249984741211,203324,76.42104844896647,75.87221144154432,88.6879389734224,2.8060430273875925,,,True,False,True,False,1,
2022-05-04,80.44999694824219,80.44999694824219,78.6624984741211,79.0374984741211,184564,76.67023416564786,75.99634034478262,89.02769734578054,2.733289845011414,,,True,False,True,False,1,
2022-05-05,79.67500305175781,82.88749694824219,79.2249984741211,81.0999984741211,309256,77.09211648074056,76.19648380083511,90.95798586850785,2.8130547470906766,,,True,False,True,False,1,
2022-05-06,80.0,81.25,75.48750305175781,80.26249694824219,228744,77.39405747764548,76.35593529681186,84.46037375188234,3.0237291900300702,,,True,False,True,False,1,
2022-05-09,80.9375,80.9375,79.0250015258789,79.82499694824219,130940,77.62557552246422,76.49197693020129,81.1972654788153,2.9443555674651436,,,True,False,True,False,1,
2022-05-10,79.75,81.75,78.7874984741211,80.48750305175781,192216,77.89814004906361,76.64866422908585,82.31171577316762,2.9456517073518413,,,True,False,True,False,1,
2022-05-11,80.5250015258789,80.875,76.7125015258789,77.5374984741211,249288,77.86379323240241,76.68352047398919,64.09463260369324,3.0325693335496453,82.88749694824219,368729.2,True,False,True,False,1,-0.06454530141574688
2022-05-12,77.25,78.51249694824219,76.19999694824219,76.4749984741211,213544,77.73152706494704,76.67534314066104,59.02749743257996,2.981135809724671,82.88749694824219,311290.2,True,False,True,False,1,-0.07736388128749117
2022-05-13,77.5,78.75,77.25,78.11250305175781,154536,77.76781049226236,76.73170235286092,63.78005011446722,2.9306976465928307,82.88749694824219,287921.2,True,False,True,False,1,-0.05760813237569529
2022-05-16,78.11250305175781,79.5,78.0,78.5625,179796,77.84349520728499,76.80349833902324,64.98213688735784,2.8285049575504857,82.88749694824219,278187.6,True,False,True,False,1,-0.05217912360102828
2022-05-17,78.73750305175781,79.5,78.0,79.07499694824219,141164,77.96078108737615,76.89257671585536,66.35180742138498,2.7336117462968796,82.88749694824219,267343.6,True,False,True,False,1,-0.045996080716258714
2022-05-18,80.0,80.625,78.75,79.94999694824219,199644,78.15023021698244,77.01247554849797,68.6093125790972,2.6722823358471026,82.88749694824219,259124.8,True,False,True,False,1,-0.03543960317482231
2022-05-19,79.38749694824219,79.5999984741211,78.0,79.0,156164,78.23116067250791,77.09041768385099,63.61873426513469,2.620690522446752,82.88749694824219,244786.6,True,False,True,False,1,-0.046900884830310074
2022-05-20,79.5,81.8499984741211,79.0,81.30000305175781,192408,78.52343137529361,77.2554994629846,69.41857885031087,2.637069661852062,82.88749694824219,236950.6,True,False,True,False,1,-0.019152392760462544
2022-05-23,82.2125015258789,96.25,81.6500015258789,85.0875015258789,297884,79.1485809134446,77.56263679878438,76.1588151750314,3.516564468022785,82.88749694824219,233043.8,True,True,True,True,2,0.026542055902719186
2022-05-24,85.0,85.1500015258789,81.2750015258789,83.7874984741211,213164,79.59038258588998,77.8067490213466,70.42161467515706,3.542167006021158,96.25,233519.6,True,False,True,False,1,-0.12948053533380677
2022-05-25,87.6500015258789,89.0,85.01249694824219,85.4375,278804,80.14725091104332,78.10599415776439,73.18292901110787,3.661476614582426,96.25,226663.8,True,False,True,True,2,-0.11233766233766229
2022-05-26,87.375,87.44999694824219,83.6875,86.3125,185232,80.73441749094394,78.42781791628343,74.54031333800637,3.66869235270098,96.25,221572.6,True,False,True,False,1,-0.10324675324675325
2022-05-27,87.5,87.75,86.5,86.5625,175152,81.2894729679969,78.74682505682134,74.93074900661576,3.509321470365196,96.25,213422.6,True,False,True,False,1,-0.10064935064935066
2022-05-30,86.75,88.30000305175781,84.69999694824219,85.17500305175781,253576,81.6595234521646,78.99891046838746,68.63936226409245,3.5157989441616557,96.25,205504.6,True,False,True,True,2,-0.1150649033583604
2022-05-31,85.48750305175781,86.23750305175781,83.19999694824219,85.48750305175781,312692,82.02409293784015,79.25336507950003,69.26528138510157,3.4816351698297967,96.25,206970.0,True,False,True,True,2,-0.11181815011160712
2022-06-01,85.11250305175781,87.5,85.01249694824219,86.82499694824219,173264,82.48132189121178,79.55029181945069,71.8545002798445,3.4106257328246548,96.25,212438.4,True,False,True,False,1,-0.09792210962865255
2022-06-02,86.9749984741211,88.36250305175781,86.25,86.9375,132444,82.90571980633447,79.8399862579036,72.06765945560386,3.3179026841770236,96.25,211873.4,True,False,True,False,1,-0.0967532467532467
2022-06-03,86.26249694824219,87.8499984741211,86.26249694824219,86.7874984741211,117532,83.27541301279034,80.11243771736312,71.2923871290451,3.1943026014414437,96.25,203032.8,True,False,True,False,1,-0.0983117041649757
2022-06-06,88.5250015258789,88.5250015258789,86.25,86.51249694824219,422856,83.58370672092862,80.36342043229956,69.8096858638902,3.1286382389012624,96.25,197472.2,True,False,True,True,2,-0.10116886287540583
2022-06-07,86.32499694824219,87.6500015258789,86.32499694824219,86.7750015258789,106732,83.88763955949531,80.61485498498895,70.44162822662551,2.999807263096652,96.25,212068.0,True,False,True,False,1,-0.09844154258827109
2022-06-08,86.92500305175781,87.48750305175781,85.6500015258789,86.8125,173596,84.16619769668623,80.85789988753841,70.5365040399755,2.916785424723956,96.25,207793.8,True,False,True,False,1,-0.09805194805194806
2022-06-09,88.25,88.25,86.3375015258789,87.4625015258789,115760,84.48013139470457,81.11690387335568,72.20211012405845,2.8450506425380375,96.25,204009.2,True,False,True,False,1,-0.09129868544541397
2022-06-10,87.3125,87.4375,86.25,86.4749984741211,128804,84.67011873560139,81.32702523024845,66.08946720286295,2.7284399913481,96.25,199120.0,True,False,True,False,1,-0.10155845741172886
2022-06-13,85.26249694824219,86.5,84.55000305175781,85.4000015258789,164156,84.73963138229449,81.48674979086142,60.12230020071486,2.672836916840535,96.25,197833.4,True,False,True,False,1,-0.11272725687398544
2022-06-14,85.0,85.86250305175781,84.7750015258789,85.0625,110112,84.77038077445692,81.62697528925901,58.3412949531272,2.55959867462899,96.25,197051.4,True,False,True,False,1,-0.11623376623376624
2022-06-15,85.67500305175781,91.0,85.5,90.3125,308792,85.29820165308008,81.96758410144494,72.15786817265365,2.800877340726919,96.25,195498.8,True,False,True,True,2,-0.06168831168831168
2022-06-16,90.0749969482422,93.6999969482422,88.75,91.5999984741211,336628,85.8983727788935,82.3453258415499,74.4002160036475,2.954385884120868,96.25,200956.2,True,False,True,True,2,-0.048311704164975655
2022-06-17,92.5,92.5,90.0374984741211,90.8375015258789,184752,86.36876599289211,82.67835233897456,70.76527979382107,2.919251287103585,96.25,209979.4,True,False,True,False,1,-0.05623375038047884
2022-06-20,89.9375,92.0875015258789,87.625,88.5,161896,86.57174066023572,82.90665224725007,60.9365199781474,3.0294834470161076,96.25,209596.6,True,False,True,False,1,-0.08051948051948055
2022-06-21,88.69999694824219,91.0749969482422,88.69999694824219,90.125,144016,86.91014631164184,83.18972470814222,64.61588578546531,2.9970201256751143,93.6999969482422,202797.2,True,False,True,False,1,-0.03815365063690401
2022-06-22,90.25,92.8000030517578,88.9000015258789,92.4000015258789,202732,87.4329896653787,83.55091203432798,69.0158987065728,3.061518797118241,93.6999969482422,199339.8,True,False,True,True,2,-0.01387401776631203
2022-06-23,91.6875,95.0,90.9875030517578,94.1125030517578,175884,88.06913379741479,83.9650920742272,71.85321871286652,3.12944580791281,93.6999969482422,195536.2,True,True,True,False,1,0.004402413201181288
2022-06-24,95.0,98.75,94.1500015258789,95.0374984741211,342548,88.73278757614872,84.39930408990931,73.2767032398297,3.2371637465077665,95.0,195068.8,True,True,True,True,2,0.00039472078022195767
2022-06-27,96.25,98.0999984741211,95.2874984741211,97.0625,173168,89.52609352127742,84.8959000079521,76.12355077220855,3.224687764614355,98.75,203438.6,True,False,True,False,1,-0.01708860759493669
2022-06-28,96.5250015258789,97.375,95.5124969482422,96.9625015258789,158072,90.23432285504899,85.36910006747864,75.69471359788126,3.1273888565531722,98.75,199418.2,True,False,True,False,1,-0.018101250370846533
2022-06-29,96.375,97.5,95.75,96.4375,124504,90.82510163075861,85.8031549667932,73.35817071036277,3.029003938227946,98.75,191687.2,True,False,True,False,1,-0.023417721518987356
2022-06-30,96.0749969482422,97.4749984741211,96.0,96.4250030517578,84616,91.35842557561568,86.21969802894867,73.30016893709649,2.9180035479345996,98.75,189249.2,True,False,True,False,1,-0.023544272893591955
2022-07-01,97.2375030517578,97.2375030517578,95.2624969482422,96.0250015258789,73564,91.80286138040265,86.60421973471064,71.35542626646627,2.850646587618957,98.75,186857.8,True,False,True,False,1,-0.027594921256922422
2022-07-04,97.1750030517578,98.2624969482422,96.3874969482422,97.6875,1066312,92.36330315369763,87.0388581764867,74.39596080996563,2.806850075814981,98.75,184659.4,True,False,True,True,2,-0.010759493670886022
2022-07-05,98.5,100.9625015258789,94.0374984741211,97.4000015258789,1243272,92.84298871295299,87.44517752352169,72.95379746446986,3.1010038598108975,98.75,216832.2,True,False,True,True,2,-0.013670870624011067
2022-07-06,97.0,99.25,97.0,98.7750015258789,961036,93.40794231418403,87.88948434714355,75.40902981072253,3.0402178698244047,100.9625015258789,273659.2,True,False,True,True,2,-0.021666459991973364
2022-07-07,99.4499969482422,100.2249984741211,98.5124969482422,99.25,1813132,93.96432876045222,88.33499476490263,76.21239179663728,2.945380988114011,100.9625015258789,313031.2,True,False,True,True,2,-0.016961758078467892
2022-07-08,99.6999969482422,101.75,98.125,100.0999984741211,1942692,94.5486782569921,88.79636745938178,77.62129507339819,2.9939252032487245,100.9625015258789,397899.8,True,False,True,True,2,-0.008542805880624282
2022-07-11,102.0,103.5749969482422,99.5,100.1624984741211,2049192,95.08332780148059,89.24209808741078,77.72576223817252,3.0711446136054015,101.75,488594.2,True,False,True,True,2,-0.015601980598318521
2022-07-12,100.4875030517578,101.1999969482422,99.0,99.5250015258789,220708,95.5063443466614,89.64534920264482,73.93457515514244,3.008919780365173,103.5749969482422,582846.0,True,False,True,False,1,-0.03910205688335311
2022-07-13,100.75,101.25,99.25,99.4250030517578,132516,95.87954993762295,90.02886503986494,73.33035672202524,2.936854081767661,103.5749969482422,588375.8,True,False,True,False,1,-0.0400675261285135
2022-07-14,99.9875030517578,100.4000015258789,99.1750030517578,99.6875,103012,96.24221184832554,90.4076350383016,73.93258334574992,2.814578681221479,103.5749969482422,579562.0,True,False,True,False,1,-0.03753316015239505
2022-07-15,100.0,100.4499969482422,99.1125030517578,99.5875015258789,111496,96.56081086523538,90.76762980252032,73.25396177548782,2.709072625168831,103.5749969482422,567881.2,True,False,True,False,1,-0.03849862939755533
2022-07-18,99.3249969482422,101.7750015258789,99.3249969482422,99.8375015258789,94768,96.87287664243952,91.1233110465736,73.89899245194366,2.690567764630822,103.5749969482422,564218.4,True,False,True,False,1,-0.03608491945436376
2022-07-19,99.75,100.6500015258789,98.75,98.9749984741211,124600,97.07307872164729,91.43122035745782,67.82189573273615,2.634098747577114,103.5749969482422,560862.0,True,False,True,False,1,-0.04441224822260714
2022-07-20,99.25,100.4625015258789,98.75,99.4250030517578,103432,97.29707151499115,91.7447020317441,69.24305202974797,2.5682703745986704,103.5749969482422,559891.2,True,False,True,False,1,-0.0400675261285135
2022-07-21,98.875,99.9250030517578,98.75,99.5124969482422,140484,97.50806441339601,92.04932144023422,69.52487243241418,2.4687512801100366,103.5749969482422,554926.2,True,False,True,False,1,-0.039222786576861624
2022-07-22,100.4000015258789,100.75,99.25,99.2874984741211,90808,97.67753432394126,92.3331715199945,67.8043001240749,2.399554760102177,103.5749969482422,553156.2,True,False,True,False,1,-0.041395110793617795
2022-07-25,99.25,99.8375015258789,97.7750015258789,99.0374984741211,104752,97.80705471919649,92.59608630250926,65.85418074219673,2.3754794200948783,103.5749969482422,540569.2,True,False,True,False,1,-0.04380882073680925
2022-07-26,99.6750030517578,99.7874984741211,98.75,98.9250030517578,214572,97.91352598896424,92.84427911620529,64.94895755177367,2.2799093525253227,103.5749969482422,537148.4,True,False,True,False,1,-0.04489494601489652
2022-07-27,99.3499984741211,99.75,98.75,99.5,133776,98.06461875192004,93.10528777831489,67.41449787766774,2.1884872559163715,103.5749969482422,539973.4,True,False,True,False,1,-0.039343442609788615
2022-07-28,100.75,103.4875030517578,99.2750015258789,102.2874984741211,215120,98.46679777308205,93.46537447226807,76.16687384846526,2.333059703770837,103.5749969482422,540437.0,True,False,True,False,1,-0.012430591475319885
2022-07-29,101.4250030517578,102.4749984741211,100.5,102.0374984741211,70072,98.80686450651433,93.80153619783094,74.24088079254707,2.3074839016529984,103.5749969482422,546962.2,True,False,True,False,1,-0.014844301418511452
2022-08-01,105.25,108.75,105.25,108.1624984741211,370928,99.69787726533403,94.364711189058,84.54923511102065,2.622128017669135,103.5749969482422,546787.6,True,True,True,False,1,0.04429159218968004
2022-08-02,109.6750030517578,110.5,107.5,108.3249969482422,407356,100.51950771132528,94.91217337569267,84.72389725112572,2.649118873549911,108.75,512018.4,True,False,True,False,1,-0.003908074039152165
2022-08-03,108.75,109.5,107.9124984741211,108.8000030517578,171488,101.308126315176,95.45679414730307,85.24883721263565,2.5732890630019822,110.5,470222.6,True,False,True,False,1,-0.015384587766897773
2022-08-04,109.625,110.4749984741211,107.0875015258789,108.3249969482422,208364,101.97639970880135,95.96142955126146,82.2066313445461,2.631446769090568,110.5,430745.2,True,False,True,False,1,-0.019683285536269635
2022-08-05,108.4499969482422,110.0,107.5,107.6374969482422,195204,102.51555182684334,96.4193145472215,77.87495366921893,2.6220577141555275,110.5,350506.8,True,False,True,False,1,-0.025905004993283187
2022-08-08,108.375,109.1125030517578,107.5,108.2375030517578,103492,103.06049956254948,96.88277291994842,78.91897335348844,2.549946666841404,110.5,263132.4,True,False,True,False,1,-0.020475085504454316
2022-08-10,108.4749984741211,108.4749984741211,107.0,107.1875,98768,103.45354722325905,97.28687986426418,72.47392940228082,2.473164653075668,110.5,165847.4,True,False,True,False,1,-0.029977375565610864
2022-08-11,108.0,109.5,107.25,108.9375,96180,103.97582844009152,97.74376692841068,75.99290487936024,2.461688606427406,110.5,159750.4,True,False,True,False,1,-0.01414027149321262
2022-08-12,109.9749984741211,110.4875030517578,106.75,107.875,192640,104.34717811246375,98.14107018612007,70.13076508084123,2.5528182096652916,110.5,157933.6,True,False,True,True,2,-0.02375565610859731
2022-08-16,108.5250015258789,108.7249984741211,107.5,108.2624969482422,88700,104.72006562063312,98.53798888267389,71.0091170883367,2.4579739428407064,110.5,162415.0,True,False,True,False,1,-0.02024889639599814
2022-08-17,110.5,110.5,108.0,108.3874969482422,90576,105.06934479469113,98.92424410093147,71.302286199013,2.4609758040663703,110.5,161275.2,True,False,True,False,1,-0.01911767467654113
2022-08-18,109.0,109.3499984741211,107.75,108.0625,90780,105.35440719519674,99.28260707736554,69.33897942025085,2.3994774233559935,110.5,161065.6,True,False,True,False,1,-0.022058823529411797
2022-08-19,107.5250015258789,109.75,107.5250015258789,108.1125030517578,60360,105.6170829910597,99.62887750773388,69.47822978474932,2.387014641267786,110.5,159374.6,True,False,True,False,1,-0.021606307223911325
2022-08-22,109.0,109.0,107.75,107.8125,97360,105.82617032524449,99.94980387997961,67.49756187703434,2.3057993097486587,110.5,157221.0,True,False,True,False,1,-0.024321266968325816
2022-08-23,108.7375030517578,108.7375030517578,107.5124969482422,107.9625015258789,74832,106.02963043959062,100.2640273170737,67.98894205743477,2.228599795017726,110.5,155064.8,True,False,True,False,1,-0.02296378709611846
2022-08-24,109.5,109.5,107.75,108.0124969482422,69496,106.21847486898601,100.56788887123717,68.1617129739223,2.194414095373603,110.5,154266.0,True,False,True,False,1,-0.02251133983491216
2022-08-25,108.9875030517578,108.9875030517578,107.5,107.8874969482422,76816,106.37742935272469,100.85493232523737,67.18535366375865,2.1439204494010458,110.5,152503.2,True,False,True,False,1,-0.023642561554369168
2022-08-26,108.75,109.0124969482422,107.8874969482422,108.6500015258789,78752,106.593864797787,101.16062131349783,70.00761546036044,2.0711404173009713,110.5,145615.4,True,False,True,False,1,-0.016742067639104907
2022-08-29,107.9000015258789,108.5,106.2624969482422,106.9375,135012,106.62659195990253,101.3871655757136,57.952418068635836,2.0937378573249523,110.5,142864.2,True,False,True,False,1,-0.03223981900452488
2022-08-30,107.9875030517578,109.6500015258789,107.625,107.9000015258789,83992,106.74786906142408,101.64257090709263,61.92128441838323,2.137935262221663,110.5,138858.8,True,False,True,False,1,-0.023529397955846965
2022-09-01,109.5,109.5,105.75,106.1125030517578,110476,106.68735801288445,101.81786236374617,52.08812443260326,2.2530827434915444,110.5,139554.8,True,False,True,False,1,-0.03970585473522359
2022-09-02,106.3000030517578,108.7624969482422,106.3000030517578,108.3874969482422,84184,106.84927600672803,102.07549509254994,60.652400054253,2.2814335401338917,110.5,126532.2,True,False,True,False,1,-0.01911767467654113
2022-09-05,108.75,109.25,107.75,108.2375030517578,72044,106.98148810625467,102.31714246349927,59.892255537521486,2.2256168586957568,110.5,110373.6,True,False,True,False,1,-0.020475085504454316
2022-09-06,109.375,109.375,108.0875015258789,109.0374984741211,82032,107.17729861748005,102.58068583646482,62.5855633147415,2.1586084026547097,110.5,105401.4,True,False,True,False,1,-0.013235307926505957
2022-09-07,109.0,109.0,107.25,107.5999984741211,83788,107.21755574668396,102.77752162617683,55.38810310418286,2.1321005506165944,110.5,99084.8,True,False,True,False,1,-0.026244357700261567
2022-09-08,107.5,110.0,107.5,109.3000030517578,188232,107.41588406145289,103.03330521149374,61.087411403861964,2.1583790827154092,110.5,93514.0,True,False,True,True,2,-0.010859700889069734
2022-09-09,110.0,110.25,109.0,109.9375,95920,107.65603796036214,103.30405794829791,62.99650369488368,2.093494862521452,110.5,97751.0,True,False,True,False,1,-0.005090497737556543
2022-09-12,110.25,115.875,109.75,114.6500015258789,281280,108.3221297285066,103.74899691212462,73.38962288460577,2.381459515198491,110.5,97608.6,True,True,True,True,2,0.03755657489483166
2022-09-13,116.375,119.3375015258789,113.5250015258789,115.75,203856,109.0295459448393,104.21962448419816,75.14451586275239,2.626533835541456,115.875,106863.6,True,False,True,True,2,-0.0010787486515642097
2022-09-14,117.0,119.25,116.2624969482422,117.4499969482422,269168,109.8314936594491,104.73846262004302,77.60281019457659,2.6889242758599234,119.3375015258789,107424.4,True,False,True,True,2,-0.015816525011020044
2022-09-15,118.9875030517578,120.25,115.375,118.3625030517578,174180,110.64397074443087,105.27273871540439,78.81405469819128,2.845072541869929,119.3375015258789,116447.8,True,False,True,True,2,-0.008170092901682469
2022-09-16,119.0,119.6500015258789,114.0,115.2874984741211,137588,111.08621148059186,105.66547439221681,65.88368746966974,3.0454246121562845,120.25,120628.0,True,False,True,True,2,-0.04126820395741293
2022-09-19,117.0,117.4250030517578,113.5999984741211,113.7624969482422,212980,111.34109581084427,105.98300468853154,60.57586928107829,3.1011088954048858,120.25,122968.4,True,False,True,True,2,-0.05395012932854715
2022-09-20,115.3499984741211,116.5,112.5,114.2125015258789,175676,111.61456302179995,106.30573005470202,61.56000014919229,3.165315402875965,120.25,130599.4,True,False,True,True,2,-0.05020788751867855
2022-09-21,116.1750030517578,117.0,112.75,116.0124969482422,154072,112.03341387193731,106.6863875799389,65.29213851016442,3.2427928740991105,120.25,134515.2,True,False,True,True,2,-0.03523911061752849
2022-09-22,123.0,128.9499969482422,118.0,122.5749969482422,117984,113.03737416491873,107.30947030026452,74.87129176646977,3.935271954520602,120.25,138477.2,True,True,True,False,1,0.019334693956276183
2022-09-23,123.8000030517578,124.0,118.7750015258789,119.6750030517578,37194,113.66952929699863,107.79439315326427,66.17904207405508,4.027395277349209,128.9499969482422,140901.6,True,False,True,False,1,-0.07192705789831988
2022-09-26,117.25,118.4000015258789,112.5,113.9749984741211,58256,113.69862159958173,108.03676983251356,53.12418910040258,4.252224404092679,128.9499969482422,138920.5,True,False,True,False,1,-0.11613027397070619
2022-09-27,113.9749984741211,115.4749984741211,110.6999969482422,111.1500015258789,59948,113.45589587827669,108.15885734990043,48.06366123703426,4.289565627077409,128.9499969482422,137895.7,True,False,False,False,0,-0.13803796699202575
2022-09-28,110.0,116.3249969482422,109.5250015258789,115.9749984741211,54796,113.69581041121425,108.46537268810516,55.80688582796228,4.468882041026402,128.9499969482422,134142.5,True,False,True,False,1,-0.10062038605033075
2022-09-29,115.5,117.2249984741211,114.5,114.75,40984,113.79620941967003,108.71182866112065,53.62109116737268,4.3443189291045945,128.9499969482422,132682.7,True,False,True,False,1,-0.1101201805684553
2022-09-30,115.1750030517578,116.875,114.0,114.5749969482422,33396,113.87037966048644,108.94175682924306,53.29991534167747,4.239367577025695,128.9499969482422,129208.1,True,False,True,False,1,-0.1114773194276989
2022-10-03,116.5,116.5,109.5250015258789,111.3499984741211,84782,113.63034335702308,109.03619767806181,47.637231782903065,4.434769783961081,128.9499969482422,126668.7,True,False,False,False,0,-0.1364870018661991
2022-10-04,111.8249969482422,115.0250015258789,109.5,114.5500030517578,110498,113.71792999461685,109.25242533977539,52.97577971689529,4.512643479812354,128.9499969482422,127305.6,True,False,True,False,1,-0.11167114569428216
2022-10-06,115.0,119.5,112.5500030517578,118.0250015258789,84102,114.12812728330847,109.59644793530886,57.98524206087874,4.686740156128772,128.9499969482422,128728.9,True,False,True,False,1,-0.08472272726573493
2022-10-07,118.4499969482422,124.9250030517578,117.375,122.8249969482422,161444,114.95640058473073,110.11521456326703,63.73246952719294,4.891258934387988,128.9499969482422,128744.6,True,False,True,True,2,-0.04749903175614989
2022-10-10,122.875,122.875,120.625,122.1750030517578,53102,115.6438865339714,110.58814744516863,62.4859698395256,4.702597581931703,128.9499969482422,127405.2,True,False,True,False,1,-0.05253969799785052
2022-10-11,120.3499984741211,124.2249984741211,119.4499969482422,121.0500030517578,52214,116.15875477376058,110.99841629248586,60.288153797850015,4.707769292213645,128.9499969482422,125264.3,True,False,True,False,1,-0.06126400995306169
2022-10-12,121.9000015258789,122.5500030517578,118.5,119.5,46176,116.476968604831,111.33181173199623,57.29787256348334,4.660785989323942,128.9499969482422,113811.0,True,False,True,False,1,-0.07328419675756348
2022-10-13,120.0250015258789,122.4000015258789,118.0,120.5500030517578,74782,116.86487664739546,111.6933094308104,58.7890700299383,4.642158527649297,128.9499969482422,105927.0,True,False,True,False,1,-0.06514148193315561
2022-10-14,122.5,130.47500610351562,121.5,124.6500015258789,214094,117.60631711201293,112.20141500316603,64.06586963063253,5.0195045650856205,128.9499969482422,96207.7,True,False,True,True,2,-0.033346223529491126
2022-10-17,128.4499969482422,129.3000030517578,123.5,126.5250015258789,57584,118.45571562761921,112.76312427856655,66.19748785210439,5.075254456990777,130.47500610351562,98203.4,True,False,True,False,1,-0.03027403251855676
2022-10-18,123.5,127.75,122.0,125.2249984741211,70146,119.10040923204797,113.25182522741183,63.38979612073207,5.123450567205722,130.47500610351562,94203.2,True,False,True,False,1,-0.04023765000040935
2022-10-19,125.9749984741211,126.8249969482422,124.5,124.8249969482422,54840,119.6456080621617,113.70567509881694,62.51124303404767,4.923561022994042,130.47500610351562,87061.5,True,False,True,False,1,-0.04330338295436331
2022-10-20,126.0749969482422,126.1999969482422,124.5,125.5999984741211,33080,120.21269286330069,114.17211915275044,63.56488813959553,4.693306446226053,130.47500610351562,81019.7,True,False,True,False,1,-0.03736353631995093
2022-10-21,125.9499969482422,126.4250030517578,124.625,125.0500030517578,40820,120.67338907172517,114.59870283506446,62.22822513374835,4.48664191804975,130.47500610351562,74970.1,True,False,True,False,1,-0.04157886796689447
2022-10-24,126.0,130.0,125.5,128.75,54204,121.44259011251324,115.15365566506193,67.22185139863383,4.519738705920639,130.47500610351562,71111.9,True,False,True,False,1,-0.013220969709302421
2022-10-25,126.0500030517578,129.0,126.0500030517578,127.4250030517578,48622,122.01234372577463,115.63488497434412,63.96077798174587,4.407614294657893,130.47500610351562,71962.4,True,False,True,False,1,-0.023376147990658347
2022-10-27,127.5,130.0,127.3000030517578,128.47500610351562,40744,122.62783538079758,116.1384191362724,65.3935196927343,4.285641627056773,130.47500610351562,71480.7,True,False,True,False,1,-0.015328606295777814
2022-10-28,130.0,132.5,129.0500030517578,132.0749969482422,119718,123.52756505388754,116.76338297203593,69.82310053021408,4.267023932015888,130.47500610351562,70520.5,True,True,True,True,2,0.012262814867831207
2022-10-31,133.75,137.89999389648438,132.27499389648438,137.25,151460,124.83446362018397,117.56677971823059,74.8138031397118,4.378307718889195,132.5,73766.6,True,True,True,True,2,0.03584905660377369
2022-11-01,138.0,140.4250030517578,138.0,139.9250030517578,92064,126.27165785176243,118.44357279013363,76.93704909249193,4.292357385522667,137.89999389648438,79290.4,True,True,True,True,2,0.014684621065273795
2022-11-02,142.5,144.0,140.52499389648438,142.8000030517578,128518,127.84578596604771,119.39872691804047,78.98734649319104,4.276831640002633,140.4250030517578,82223.8,True,True,True,True,2,0.01691294248449915
2022-11-03,144.5,149.6999969482422,141.3000030517578,144.89999389648438,168420,129.4699962451369,120.39877660346964,80.36072921832492,4.571343229751329,144.0,84410.6,True,True,True,True,2,0.006249957614474777
2022-11-04,145.8000030517578,148.0,144.0500030517578,145.0,183108,130.94904422179053,121.36353046215712,80.42634019543848,4.526961352500676,149.6999969482422,87306.7,True,False,True,True,2,-0.031396105838714106
2022-11-07,147.0,147.47500610351562,139.64999389648438,140.9250030517578,154294,131.89913553893027,122.13064703429832,70.14327371503917,4.762536413538574,149.6999969482422,92257.0,True,False,True,True,2,-0.05861719489225026
2022-11-09,142.5,142.5,137.5,138.97500610351562,70880,132.57302797365267,122.79121013505194,65.80727100090192,4.779498098285819,149.6999969482422,91899.5,True,False,True,False,1,-0.0716432268761813
2022-11-10,136.89999389648438,139.39999389648438,135.0,136.0500030517578,66120,132.90416845728174,123.31116279845217,59.8325441005737,4.752390655300002,149.6999969482422,92788.4,True,False,True,False,1,-0.09118232581663832
2022-11-11,138.35000610351562,138.97500610351562,134.5,136.3000030517578,57812,133.22758127580326,123.82052908289555,60.165435534065416,4.732577473029689,149.6999969482422,93483.7,True,False,True,False,1,-0.08951231910256707
2022-11-14,139.89999389648438,139.89999389648438,135.5749969482422,136.89999389648438,62404,133.57733485872527,124.33344927166375,61.0007949017155,4.703464578402011,149.6999969482422,94065.5,True,False,True,False,1,-0.08550436414626872
2022-11-15,138.9499969482422,139.75,136.10000610351562,136.77499389648438,53744,133.88187381470232,124.82135298244103,60.71512777922273,4.628216672550751,149.6999969482422,93446.6,True,False,True,False,1,-0.08633936750330429
2022-11-16,137.3249969482422,139.9499969482422,135.8000030517578,137.47500610351562,83836,134.2240768898274,125.31757467346357,61.794160939916125,4.594057902831724,149.6999969482422,85429.1,True,False,True,False,1,-0.08166326716060834
2022-11-17,137.0,138.5749969482422,135.0,137.0500030517578,65094,134.49321271477314,125.77766990398491,60.70398210478172,4.521267834646758,149.6999969482422,86741.7,True,False,True,False,1,-0.08450229896035355
2022-11-18,135.6999969482422,139.4499969482422,132.0,134.02499389648438,78862,134.44862044636469,126.10109437427901,53.47289882568008,4.730462771332146,149.6999969482422,86489.1,True,False,True,False,1,-0.10470944135808724
2022-11-21,134.0,138.9250030517578,126.0,130.47500610351562,172224,134.07018098514095,126.27262032444516,46.476081486905336,5.315787077076836,149.6999969482422,87690.2,True,False,False,True,1,-0.12842345515460152
2022-11-22,131.14999389648438,133.0500030517578,129.02499389648438,129.8249969482422,58858,133.66587774353155,126.41192921165288,45.30709281861385,5.223588654090879,149.6999969482422,94647.4,True,False,False,False,0,-0.13276553376865907
2022-11-23,130.22500610351562,131.875,130.02499389648438,130.9250030517578,49228,133.4048420586007,126.58891249950013,47.70430797994056,4.996903968209946,149.6999969482422,95549.3,True,False,False,False,0,-0.12541746345509752
2022-11-24,131.5,134.97500610351562,130.89999389648438,133.875,59576,133.44961900540062,126.87464142108836,53.58039961230016,4.931054556697181,149.6999969482422,95300.5,True,False,True,False,1,-0.10571140461488171
2022-11-25,137.47500610351562,137.47500610351562,132.5,134.02499389648438,57954,133.50441661407527,127.15504740051566,53.86425483461986,4.934193952898498,149.6999969482422,95848.2,True,False,True,False,1,-0.10470944135808724
2022-11-28,134.02499389648438,134.97500610351562,133.0,133.8000030517578,43362,133.53256770337836,127.4156338966428,53.33738521744169,4.722823392228293,149.6999969482422,96708.7,True,False,True,False,1,-0.10621238624327889
2022-11-29,135.6750030517578,135.6750030517578,133.0,134.14999389648438,46336,133.5913701979599,127.6797264456562,54.08968219841815,4.576550510766117,149.6999969482422,92890.9,True,False,True,False,1,-0.10387443800105167
2022-11-30,136.125,136.125,133.0,133.8000030517578,46738,133.61123999355968,127.9197372929543,53.16659280579412,4.47286833142568,149.6999969482422,87634.7,True,False,True,False,1,-0.10621238624327889
2022-12-01,137.0,137.0,133.02499389648438,134.1999969482422,54628,133.66731208448184,128.16602198531854,54.1300642043735,4.437306743717818,149.6999969482422,85368.4,True,False,True,False,1,-0.10354041627241328
2022-12-02,134.64999389648438,136.75,132.47500610351562,135.0500030517578,59626,133.7989969385081,128.4359820271397,56.192520261592676,4.42571296891543,149.6999969482422,81673.9,True,False,True,False,1,-0.09786235267292298
2022-12-05,137.0749969482422,137.75,134.52499389648438,135.1999969482422,63692,133.93242551086374,128.70123751424174,56.56366725752544,4.339948192815444,148.0,76234.2,True,False,True,False,1,-0.08648650710647166
2022-12-06,136.5749969482422,137.97500610351562,133.52499389648438,134.10000610351562,42980,133.9483855673068,128.91295392950738,53.016291504986185,4.347809908116573,147.47500610351562,70263.4,True,False,True,False,1,-0.09069333410036828
2022-12-07,129.39999389648438,137.47500610351562,127.5,132.4499969482422,35898,133.80568188930064,129.05166149886952,48.13930639451747,4.7497524935022195,142.5,64697.7,True,False,False,False,0,-0.07052633720531798
2022-12-08,133.4499969482422,134.5,131.0,131.89999389648438,45856,133.62418779474672,129.1633608085799,46.600458472989594,4.6604844582520615,139.9499969482422,62948.6,True,False,False,False,0,-0.057520566111444404
2022-12-09,132.875,133.3249969482422,127.5,127.7750015258789,65772,133.06712243580694,129.10891534651321,37.037709971152445,4.743663921822785,139.9499969482422,61935.4,True,False,False,True,1,-0.08699532467203963
2022-12-12,127.9749984741211,128.4250030517578,126.5,127.6999969482422,49534,132.55596762746742,129.05366364462023,36.88947715888692,4.542331002532429,139.9499969482422,62333.4,True,False,False,False,0,-0.08753126307341341
2022-12-13,128.25,130.5500030517578,127.5250015258789,128.0,43534,132.122065948661,129.01234350169395,37.95902792104671,4.433950325628606,139.9499969482422,61689.9,True,False,False,False,0,-0.0853876184982102
2022-12-14,128.9499969482422,129.72500610351562,126.0,128.3000030517578,72976,131.75805995847975,128.9844085820886,39.07103639730365,4.383311452620537,139.9499969482422,61179.4,True,False,False,True,1,-0.08324397392300698
2022-12-15,128.0,128.97500610351562,125.5,125.875,51362,131.19776853386261,128.86247099063414,33.79767401454366,4.318432499113043,139.4499969482422,60636.4,True,False,False,False,0,-0.09734669950032804
2022-12-16,126.0250015258789,128.1750030517578,124.6500015258789,126.6999969482422,64630,130.7694093352321,128.77766808701094,36.917061575755824,4.261758858167748,139.4499969482422,59949.8,True,False,False,True,1,-0.09143062229490218
2022-12-19,126.5,128.5,125.5500030517578,125.9499969482422,39920,130.31041767932828,128.6667790227455,35.28914971793104,4.168061578887352,138.9250030517578,59238.2,True,False,False,False,0,-0.09339575899582053
2022-12-20,126.5500030517578,127.5749969482422,124.4499969482422,126.7750015258789,92220,129.97371137899978,128.5925916699272,38.501676912380375,4.093557180395399,137.97500610351562,52623.0,True,False,False,True,1,-0.08117415533385752
2022-12-21,130.0,130.0,123.8249969482422,124.7750015258789,75192,129.47859615489304,128.44288225251356,34.08413837481176,4.242231885492713,137.97500610351562,54291.1,True,False,False,True,1,-0.09566953429038749
2022-12-22,124.75,125.2750015258789,119.5749969482422,121.375,63348,128.70682509252228,128.16571039947382,28.16741242700573,4.346358506360141,137.97500610351562,55589.3,True,False,False,True,1,-0.12031168957558502
2022-12-23,121.375,121.375,116.75,117.7750015258789,100136,127.66569903855624,127.75823162011717,23.513177108845,4.36626147019156,137.97500610351562,55777.9,False,False,False,True,1,-0.14640336063824255
2022-12-26,117.0,120.0,116.0,118.6500015258789,80322,126.80706118020602,127.40104612622548,26.68413004773973,4.340099936606449,137.97500610351562,57887.0,False,False,False,True,1,-0.14006163234476066
2022-12-27,119.9000015258789,121.375,119.0,119.7249984741211,55862,126.13257901772174,127.10002464967236,30.496488963191425,4.224735546428924,137.97500610351562,59735.0,False,False,False,False,0,-0.13227038827381876
2022-12-28,120.8499984741211,122.4499969482422,119.7249984741211,122.0,46238,125.73900006365301,126.90002368301855,37.86062516627332,4.117611469835508,137.97500610351562,60211.3,False,False,False,False,0,-0.11578188365166941
2022-12-29,122.0749969482422,125.0,121.0,124.6750030517578,74602,125.63766701490108,126.8127679719887,45.21139141440552,4.109210650561543,137.97500610351562,60186.3,False,False,False,True,1,-0.09639429217911766
2022-12-30,126.0500030517578,127.4749984741211,124.0500030517578,124.9250030517578,48586,125.56979425650648,126.7387379751169,45.85602991547803,4.060338134261668,137.97500610351562,61185.0,False,False,False,False,0,-0.09458236980955137
2023-01-02,127.4250030517578,128.5,124.8249969482422,127.3000030517578,63840,125.73457604653042,126.7607483702793,51.67332594616832,4.032814199797106,137.97500610351562,60633.0,False,False,True,True,2,-0.07736910729867197
2023-01-03,127.8000030517578,129.35000610351562,127.1500015258789,128.85000610351562,66332,126.0312836710052,126.84268004609248,55.06641864745106,3.90189922678565,137.97500610351562,60640.4,False,False,True,True,2,-0.06613516648916817
2023-01-04,129.375,129.72500610351562,126.5,126.8499984741211,37096,126.10925650939718,126.84296704327008,50.1714567916148,3.8535497179806484,137.47500610351562,61808.0,False,False,True,False,1,-0.07728683147971016
2023-01-05,128.6750030517578,128.6750030517578,124.0250015258789,124.25,29646,125.93218446088316,126.74128206118107,44.61873565311079,3.910439132830524,134.5,61867.9,False,False,False,False,0,-0.07620817843866168
2023-01-06,124.2750015258789,128.3000030517578,122.9499969482422,125.7249984741211,86966,125.91245246214393,126.70142780286498,48.12625379621651,4.013265345022316,133.3249969482422,61057.4,False,False,False,True,1,-0.05700355258265244
2023-01-09,129.47500610351562,129.47500610351562,123.7750015258789,125.8499984741211,49574,125.90650446328462,126.66803841742406,48.42436941607335,4.133746718780488,130.5500030517578,62117.1,False,False,False,False,0,-0.036001566202747304
2023-01-10,125.1750030517578,127.5749969482422,124.0,127.125,80128,126.02255165725752,126.68595847948586,51.48690720472068,4.093836020884896,130.5500030517578,62119.1,False,False,True,True,2,-0.026235181705816846
2023-01-11,126.6750030517578,133.9499969482422,126.5250015258789,131.4499969482422,165272,126.53945120877987,126.87278351747631,60.134478373394394,4.3317759781333525,130.0,63948.8,False,True,True,True,2,0.011153822678785952
2023-01-12,134.47500610351562,136.9499969482422,132.5,134.875,106586,127.33331299841987,127.18659592855568,65.39505327017734,4.415220551123828,133.9499969482422,68563.6,True,True,True,True,2,0.006905584716924151
2023-01-13,137.0,137.25,134.5,135.5500030517578,62302,128.11585490826158,127.51457267848518,66.33782676595007,4.296276226043554,136.9499969482422,71324.8,True,False,True,False,1,-0.010222664678214421
2023-01-16,140.0,140.5,132.5,135.77499389648438,128222,128.84529671666374,127.83851076546554,66.66383503027949,4.5608279241833,137.25,71208.4,True,False,True,True,2,-0.010746856856215792
2023-01-17,136.0,138.875,133.4499969482422,135.02499389648438,65004,129.43383930521807,128.12033363334862,64.42400392276826,4.622554719010051,140.5,75623.5,True,False,True,False,1,-0.038968014971641485
2023-01-18,135.02499389648438,135.14999389648438,132.5,132.75,60936,129.74966413329255,128.3018891771389,58.0523994479231,4.481657517401074,140.5,74262.7,True,False,True,False,1,-0.05516014234875444
2023-01-19,132.5,134.47500610351562,132.0,133.14999389648438,42572,130.07350506312034,128.49201093083872,58.82349533406635,4.338325273552114,140.5,73549.9,True,False,True,False,1,-0.05231321070117878
2023-01-20,134.97500610351562,136.72500610351562,133.0,134.0500030517578,60362,130.4522191572763,128.70997140616888,60.57940698990979,4.29451676140665,140.5,72511.1,True,False,True,False,1,-0.04590745158891241
2023-01-23,136.0500030517578,137.9499969482422,133.5,136.60000610351562,71188,131.03772267596577,129.01938453155503,65.11810891347588,4.30562248903776,140.5,70522.4,True,False,True,True,2,-0.027757963676045327
2023-01-24,136.5,140.35000610351562,136.0749969482422,138.60000610351562,106570,131.75794014525624,129.39509518143583,68.2096679972672,4.303435822340308,140.5,70065.7,True,False,True,True,2,-0.013523088231205516
2023-01-25,139.5,140.0,137.0,138.6750030517578,82420,132.41670804111354,129.75901313713473,68.32304350799879,4.210333263601715,140.5,72601.1,True,False,True,True,2,-0.012989302122720203
2023-01-27,137.5,140.0,129.1750030517578,131.35000610351562,69420,132.31511738038992,129.8214050181693,49.685071597199205,4.6828092410760345,140.5,74410.2,True,False,False,False,0,-0.06512451171875
2023-01-30,133.8000030517578,135.72500610351562,125.5500030517578,129.64999389648438,136184,132.06129609620845,129.81468301339734,46.51373774248424,5.075108798981876,140.5,74151.1,True,False,False,True,1,-0.07722424272964856
2023-01-31,131.4499969482422,131.47500610351562,128.85000610351562,130.0500030517578,86510,131.86974437768936,129.82391125019578,47.365057613597,4.900101027626028,140.5,78531.0,True,False,False,True,1,-0.07437720247859203
2023-02-01,130.85000610351562,132.625,126.5500030517578,128.0749969482422,66184,131.50833986059916,129.75532637560937,43.669249273791884,4.984022164812898,140.5,79664.5,True,False,False,False,0,-0.08843418542176384
2023-02-02,129.39999389648438,129.39999389648438,127.0749969482422,127.7249984741211,46044,131.14802163331555,129.67570567359022,43.0284973143496,4.794091792200703,140.5,79657.1,True,False,False,False,0,-0.09092527776426262
2023-02-03,129.72500610351562,129.72500610351562,125.5500030517578,127.5999984741211,59228,130.81011466577323,129.5943053912581,42.787031906215674,4.749871167883355,140.5,80104.5,True,False,False,False,0,-0.09181495747956514
2023-02-06,129.5,129.5,126.4499969482422,128.0,64380,130.54248469760435,129.53178361120877,43.87248454903325,4.62845201673153,140.5,81583.6,True,False,False,False,0,-0.08896797153024916
2023-02-07,128.35000610351562,129.8249969482422,125.4250030517578,128.10000610351562,95172,130.30986768864352,129.47563547365218,44.157736718015386,4.6121335795710205,140.5,80454.3,True,False,False,True,1,-0.08825618431661475
2023-02-08,128.5,133.3249969482422,127.0,132.85000610351562,123640,130.55178563291705,129.6079637336468,55.67930263868573,4.734480963047532,140.5,82734.2,True,False,True,True,2,-0.05444835513512014
2023-02-09,133.10000610351562,135.5,131.0,135.22500610351562,60492,130.99685424916453,129.82823990501421,60.110873617952194,4.717732322829851,140.5,84909.8,True,False,True,False,1,-0.03754444054437278
2023-02-10,136.0,136.9499969482422,134.0,135.89999389648438,47040,131.46381992986164,130.06634790467973,61.295362839597054,4.591465510359304,140.5,79670.8,True,False,True,False,1,-0.032740256964523984
2023-02-13,137.25,137.25,131.02499389648438,133.85000610351562,101360,131.69107575592392,130.21472665757526,55.86924261732112,4.70814698129904,140.5,76693.5,True,False,True,True,2,-0.047330917412700124
2023-02-14,134.02499389648438,134.25,127.5,130.0500030517578,62284,131.5347831174319,130.20826690832752,47.478898382228536,4.853993625491966,140.5,78646.4,True,False,False,False,0,-0.07437720247859203
2023-02-15,131.52499389648438,132.4499969482422,129.75,130.5749969482422,53606,131.4433749108424,130.22264847852026,48.626784327928114,4.700136719974124,140.35000610351562,75349.5,True,False,False,False,0,-0.06964737249860786
2023-02-16,131.0500030517578,131.0500030517578,128.5,129.0749969482422,80004,131.2178151048805,130.1776425361564,45.56273081659618,4.546555743672959,140.35000610351562,74779.6,True,False,False,True,1,-0.08033493883112142
2023-02-17,130.5,134.89999389648438,130.375,134.77499389648438,97368,131.5565940374142,130.35793082479674,56.72241410176505,4.6378729725707615,140.35000610351562,75733.0,True,False,True,True,2,-0.03972220851147934
2023-02-20,134.0,135.60000610351562,129.14999389648438,130.125,341842,131.42025174813665,130.34879628264784,48.065696987550055,4.767311489317939,140.35000610351562,78472.8,True,False,False,True,1,-0.07285362065445256
2023-02-21,133.97500610351562,134.02499389648438,128.0,128.75,393828,131.16594205783792,130.28609838921068,45.837985025967,4.857145946972685,140.35000610351562,92546.8,True,False,False,True,1,-0.08265055645925656
2023-02-22,128.75,132.0,127.9000015258789,129.3000030517578,955226,130.98823358106839,130.2474279838204,46.89816693715197,4.803063984626143,140.35000610351562,108678.8,True,False,False,True,1,-0.07873176039342555
2023-02-23,129.27499389648438,130.5749969482422,128.0,129.0749969482422,273356,130.80602056841826,130.20145029615065,46.49718379942484,4.643916339170147,140.0,151111.6,True,False,False,True,1,-0.0780357360839844
2023-02-24,129.0749969482422,133.14999389648438,127.5,128.125,280544,130.55068527618795,130.1200208727722,44.757197913759654,4.715779021835449,140.0,160658.4,True,False,False,True,1,-0.0848214285714286
2023-02-27,128.125,129.75,127.0,127.4749984741211,52648,130.25776272361017,130.01629450419765,43.55619016266541,4.575366234561488,137.25,171214.6,True,False,False,False,0,-0.07122041184611227
2023-02-28,128.8249969482422,129.47500610351562,127.5,127.5999984741211,47566,130.0046423188969,129.92153779713584,43.868131364867544,4.391412048478134,137.25,167037.8,True,False,False,False,0,-0.07030966503372604
2023-03-01,129.8000030517578,130.14999389648438,127.0,127.5749969482422,243260,129.7732475216917,129.8295165873753,43.8159722683547,4.3027393233357225,137.25,165090.6,False,False,False,True,1,-0.07049182551371802
2023-03-02,128.85000610351562,129.8000030517578,127.0,129.1999969482422,428046,129.71865222898222,129.80482954270343,48.132621472706326,4.195401018223015,137.25,173944.4,False,False,False,True,1,-0.05865211695269812
2023-03-03,130.02499389648438,135.35000610351562,130.02499389648438,133.22500610351562,485536,130.0525906932235,129.93895411371568,56.954479112364595,4.335015885155188,137.25,193044.5,True,False,True,True,2,-0.02932600288877507
2023-03-06,134.72500610351562,135.27499389648438,131.5,132.3249969482422,239456,130.2690103365586,130.03252442095203,54.71356358027044,4.295014314535845,137.25,214359.9,True,False,True,True,2,-0.035883446643044214
2023-03-08,133.0749969482422,134.89999389648438,129.1750030517578,129.77499389648438,65116,130.22196115178963,130.0224251846984,48.84904777486736,4.397155495263753,137.25,223113.7,True,False,False,False,0,-0.05446270385075136
2023-03-09,131.0749969482422,132.47500610351562,130.0,131.8000030517578,59756,130.3722508565485,130.0921341206615,53.14413595233441,4.275930974675717,137.25,221610.9,True,False,True,False,1,-0.0397085387850068
2023-03-10,132.5749969482422,132.5749969482422,129.5,131.1999969482422,158802,130.45108381766218,130.1355797217431,51.75736766308247,4.190149972787608,137.25,218416.7,True,False,True,False,1,-0.04408016795451963
2023-03-13,131.0,132.85000610351562,128.89999389648438,129.8249969482422,68168,130.39145649676504,130.12340000513524,48.62590009230819,4.172997275233582,137.25,223332.2,True,False,False,False,0,-0.054098382890767294
2023-03-14,129.77499389648438,132.47500610351562,128.5,131.0,547086,130.44941302088264,130.1577764755221,51.3355225451644,4.1588550486823,137.25,224388.6,True,False,True,True,2,-0.04553734061930781
2023-03-15,133.0,133.0,126.2750015258789,127.4749984741211,78930,130.1661354450006,130.052569495075,43.861520132507515,4.342151007642213,135.60000610351562,246674.9,True,False,False,False,0,-0.05991893262299697
2023-03-16,127.5,129.27499389648438,126.9749984741211,127.8499984741211,68282,129.94555097158351,129.96619416091994,44.78253857136203,4.196282751550862,135.60000610351562,247507.2,False,False,False,False,0,-0.05715344602181105
2023-03-17,129.0,129.9499969482422,125.5,126.8499984741211,2128330,129.65073644801566,129.84399040849647,42.76753725414967,4.214405194171671,135.60000610351562,248241.0,False,False,False,True,1,-0.06452807695830687
2023-03-20,132.1999969482422,132.1999969482422,125.5500030517578,126.625,2241760,129.36257107201416,129.71775549051623,42.30628786699824,4.3883758157654364,135.60000610351562,350657.3,False,False,False,True,1,-0.06618735766622463
2023-03-21,128.9499969482422,129.89999389648438,125.5999984741211,127.5250015258789,1000742,129.18756444857272,129.63176513896184,44.86768063664513,4.382062930522426,135.60000610351562,457876.9,False,False,False,True,1,-0.059550178570584644
2023-03-22,129.1750030517578,146.6999969482422,128.85000610351562,137.27499389648438,1895348,129.9577958245643,129.93149960004115,63.67991172239872,5.438700965653915,135.35000610351562,490821.9,True,True,True,True,2,0.014222295575639032
2023-03-23,138.22500610351562,147.0,136.125,137.64999389648438,802842,130.69038611712813,130.23418565088207,64.18608304823815,5.827008039535778,146.6999969482422,565897.9,True,False,True,True,2,-0.06169054696675136
2023-03-24,138.0,141.10000610351562,136.5,137.47500610351562,335192,131.336540401546,130.5181393941226,63.73968557285996,5.739365044105768,147.0,558278.7,True,False,True,False,1,-0.06479587684683252
2023-03-27,138.85000610351562,139.47500610351562,136.52499389648438,137.6750030517578,305604,131.94020351108998,130.79880071402988,64.04744468312774,5.540125555743303,147.0,561370.5,True,False,True,False,1,-0.06343535338940265
2023-03-28,138.97500610351562,140.0,136.27499389648438,137.10000610351562,329974,132.43161328179718,131.0459068077352,62.40744925046807,5.410474166298469,147.0,562623.5,True,False,True,False,1,-0.06734689725499576
2023-03-29,138.10000610351562,140.4250030517578,136.5,139.10000610351562,406612,133.06669831243704,131.3617538389423,65.6975908781874,5.304369086688422,147.0,576489.8,True,False,True,False,1,-0.053741455078125
2023-03-31,140.4499969482422,144.1999969482422,139.3249969482422,141.14999389648438,579642,133.83653598710822,131.74560639021846,68.71957010128256,5.289770640834004,147.0,594442.1,True,False,True,False,1,-0.03979595988786144
2023-04-03,141.4499969482422,145.875,141.0,142.97500610351562,467136,134.70686647438512,132.1859750064262,71.1558323980805,5.260144166488718,147.0,611261.2,True,False,True,False,1,-0.027380910860437924
2023-04-05,142.5,147.1999969482422,137.3000030517578,139.0,642656,135.11573633396748,132.45319167284086,60.16454257315751,5.591562004345551,147.0,613215.7,True,False,True,True,2,-0.05442176870748294
2023-04-06,139.5,141.77499389648438,138.5,140.125,273940,135.59280906406582,132.7540469013569,61.95567401063887,5.426092853784039,147.1999969482422,621071.7,True,False,True,False,1,-0.04806383896006372
2023-04-10,141.0,145.5,140.5,142.75,441740,136.27444629605955,133.146045062088,65.81774159699194,5.422443364228036,147.1999969482422,622795.9,True,False,True,False,1,-0.030230958155568977
2023-04-11,143.5,150.0,143.5,147.5749969482422,908200,137.35068921531504,133.71188631252542,71.53725602911872,5.552983123926033,147.1999969482422,641627.1,True,True,True,True,2,0.002547554400642138
2023-04-12,148.97500610351562,155.0,148.97500610351562,152.4499969482422,697344,138.78871852321288,134.44671418059275,75.92111897785016,5.686698833056875,150.0,684049.3,True,True,True,True,2,0.016333312988281223
2023-04-13,153.22500610351562,156.77499389648438,151.52499389648438,153.52499389648438,735238,140.1921733206673,135.1948820125885,76.7707543856705,5.655506059267098,155.0,710976.4,True,False,True,True,2,-0.009516168409778203
2023-04-17,154.02499389648438,158.35000610351562,154.02499389648438,156.60000610351562,691128,141.75482406189096,136.03429864360524,79.04817125831471,5.59618506982168,156.77499389648438,744329.9,True,False,True,False,1,-0.0011161715820846574
2023-04-18,157.0500030517578,160.5749969482422,157.0500030517578,158.3000030517578,817834,143.33055539425925,136.90746352235632,80.20369166178162,5.480385482314886,158.35000610351562,751532.0,True,False,True,True,2,-0.00031577549624550727
2023-04-19,160.0,161.4250030517578,157.9499969482422,159.47500610351562,717898,144.86812212847417,137.79246519220573,80.98431787026948,5.337144098114939,160.5749969482422,788477.2,True,False,True,False,1,-0.006850324556326282
2023-04-20,160.4499969482422,162.10000610351562,159.5,160.39999389648438,641768,146.3473480111418,138.6790349453147,81.59945411358451,5.143419519678157,161.4250030517578,820958.0,True,False,True,False,1,-0.006349754597463342
2023-04-21,161.4250030517578,162.47500610351562,159.4499969482422,161.0749969482422,772010,147.74998124324662,139.55730796503735,82.05563995283248,4.992104493649249,162.10000610351562,746629.9,True,False,True,True,2,-0.006323313489691507
2023-04-24,161.97500610351562,163.39999389648438,160.27499389648438,161.0500030517578,955826,149.01664998691436,140.40015875275188,81.9745992295282,4.8587398869600165,162.47500610351562,673142.4,True,False,True,True,2,-0.008770598542707009
2023-04-25,163.5,163.5,157.6750030517578,158.4250030517578,614828,149.91268361213756,141.10701539192857,73.737687542015,4.927758248480171,163.39999389648438,670896.6,True,False,True,False,1,-0.030446701533405673
2023-04-26,158.3000030517578,160.39999389648438,156.14999389648438,158.97500610351562,616150,150.77576194464976,141.80772091003,74.31992726542141,4.879346945017303,163.5,606870.6,True,False,True,True,2,-0.02767580364822253
2023-04-27,159.1999969482422,162.5,158.0749969482422,162.0500030517578,607064,151.84949919294576,142.60153589598013,77.3441483280256,4.846893809784482,163.5,597536.0,True,False,True,True,2,-0.008868482863866545
2023-04-28,162.89999389648438,167.5,162.6750030517578,165.72500610351562,823684,153.17097604157146,143.50833864921682,80.32612886805083,4.8899726053886035,163.5,611129.6,True,True,True,True,2,0.013608600021502326
2023-05-02,166.97500610351562,169.22500610351562,166.02499389648438,168.5500030517578,610872,154.63564528063682,144.49036470421845,82.25917888515627,4.790688847860846,167.5,637033.6,True,True,True,False,1,0.00626867493586758
2023-05-03,168.5500030517578,169.0,164.1750030517578,164.97500610351562,425880,155.62034631138718,145.29368397477913,72.54505852343743,4.793139426459513,169.22500610351562,651078.5,True,False,True,False,1,-0.025114491633702496
2023-05-04,166.0,167.0,164.5749969482422,165.4499969482422,404068,156.55650351489717,146.0841276207973,73.00126017252374,4.623986828266535,169.22500610351562,652041.9,True,False,True,False,1,-0.02230763196406238
2023-05-05,166.4499969482422,169.5749969482422,165.0,165.85000610351562,382642,157.44159899952749,146.85926011031566,73.40208380343756,4.620487551121938,169.22500610351562,643263.2,True,False,True,False,1,-0.01994386100323431
2023-05-08,166.5,167.5500030517578,164.25,165.8000030517578,352736,158.23763748069226,147.6020343433134,73.25567662507328,4.526167229738787,169.5749969482422,639038.5,True,False,True,False,1,-0.022261500601038375
2023-05-09,166.3249969482422,167.4499969482422,161.60000610351562,165.5749969482422,496420,158.93643362045893,148.3068564062518,72.55438265574469,4.620726059380771,169.5749969482422,624542.5,True,False,True,False,1,-0.023588383146018188
2023-05-10,165.0,166.8249969482422,163.0500030517578,166.3249969482422,552800,159.64010631834304,149.0134501529965,73.46620420244169,4.560316619173886,169.5749969482422,635666.5,True,False,True,False,1,-0.019165561306139778
2023-05-11,166.0,168.0,165.0,166.8000030517578,444616,160.32200124533492,149.71096203137932,74.05413685359883,4.448865432090037,169.5749969482422,641219.5,True,False,True,False,1,-0.01636440481453383
2023-05-12,166.9499969482422,168.75,165.10000610351562,167.4499969482422,752582,161.00085797894513,150.4066104594916,74.87455769579236,4.391803179546775,169.5749969482422,618040.3,True,False,True,True,2,-0.012531328546322107
2023-05-15,167.5,181.1499938964844,167.5,176.27499389648438,1622812,162.45553759013933,151.42105686878543,82.81829393392817,5.05667416302502,169.5749969482422,620802.2,True,True,True,True,2,0.039510523773072403
2023-05-16,177.8249969482422,178.89999389648438,175.6750030517578,176.625,1131558,163.80501020060223,152.40944679549975,83.04722130954,4.925839640289416,181.1499938964844,665180.9,True,False,True,True,2,-0.024979266072016282
2023-05-17,176.85000610351562,177.89999389648438,175.0,175.27499389648438,756826,164.89738960021003,153.306134917107,78.69203233754298,4.781136372874771,181.1499938964844,687202.4,True,False,True,True,2,-0.03243168754042136
2023-05-18,176.25,183.1000061035156,176.22500610351562,179.0500030517578,1402716,166.24525754797648,154.3156983733678,81.59813353503469,4.998556075314518,181.1499938964844,684152.0,True,False,True,True,2,-0.011592552666198852
2023-05-19,179.1999969482422,182.25,177.8249969482422,178.77499389648438,1587348,167.43856577164388,155.2748864330979,80.73427922784398,4.957588002203325,183.1000061035156,718392.9,True,False,True,True,2,-0.023621038027634378
2023-05-22,178.35000610351562,180.6499938964844,175.0500030517578,179.0500030517578,1160988,168.54441694117853,156.20724394755516,80.9514527233722,5.0034739195264155,183.1000061035156,765671.9,True,False,True,True,2,-0.02211907655245038
2023-05-23,179.25,184.4250030517578,179.14999389648438,180.3249969482422,1319846,169.66637694185124,157.15303818287623,81.96641360018404,5.0300114967031,183.1000061035156,785120.8,True,False,True,True,2,-0.015155702145113858
2023-05-24,180.1499938964844,183.0,177.0749969482422,178.25,1382864,170.48386485215113,157.98037001884188,74.9656738833136,5.093939464921294,184.4250030517578,803321.8,True,False,True,True,2,-0.03348246143189615
2023-05-25,178.5,179.6750030517578,174.0,176.89999389648438,816028,171.09492476113525,158.72231605325925,70.73283244217079,5.135444006838188,184.4250030517578,841723.6,True,False,True,False,1,-0.040802543205931685
2023-05-26,177.72500610351562,185.5,176.5500030517578,180.3500061035156,1727504,171.97636107945718,159.57046076111246,74.66914035148395,5.407912074081331,184.4250030517578,851717.5,True,False,True,True,2,-0.022095685947195465
2023-05-29,181.25,184.0,180.5749969482422,182.1750030517578,1060968,172.9476603149144,160.4569133999613,76.47183673797826,5.282346489967265,185.5,907739.5,True,False,True,True,2,-0.017924511850362146
2023-05-30,182.8000030517578,188.7749938964844,180.5749969482422,182.4750061035156,2234190,173.85502658049546,161.32036801578695,76.76456967698503,5.490750094129762,185.5,919603.7,True,False,True,True,2,-0.01630724472498335
2023-05-31,182.3000030517578,189.6750030517578,182.125,185.2250061035156,2798852,174.93788177316404,162.25780480354103,79.30621634954127,5.637839591103194,188.7749938964844,1000769.6,True,False,True,True,2,-0.018805392174534807
2023-06-01,186.8500061035156,192.8999938964844,184.9750061035156,185.6499938964844,2960728,175.958082927766,163.17514555228394,79.67621278620913,5.801207319807881,189.6750030517578,1119418.2,True,False,True,True,2,-0.021220556691780246
2023-06-02,186.5249938964844,194.2749938964844,186.5249938964844,187.3999938964844,1860274,177.04778873431061,164.12513960499768,81.16925286176793,6.002906796964462,192.8999938964844,1247251.2,True,False,True,True,2,-0.028512183380116962
2023-06-05,189.1999969482422,195.4750061035156,186.8249969482422,187.875,1825792,178.0789517119953,165.05650667931152,81.56512313566478,6.1919855368436725,194.2749938964844,1321132.8,True,False,True,True,2,-0.03294296279784992
2023-06-06,189.125,191.7250061035156,185.25,187.8500061035156,1180770,179.00952832071152,165.95036940182933,81.46807387112352,6.212201291605953,195.4750061035156,1394785.6,True,False,True,False,1,-0.03900754450398691
2023-06-07,189.2749938964844,192.75,187.5,188.4250030517578,1109352,179.90624019985881,166.83172758417948,81.99872284315866,6.143472627919814,195.4750061035156,1429003.1,True,False,True,False,1,-0.036066007579630854
2023-06-08,188.9499969482422,189.7250061035156,186.1499938964844,188.4250030517578,958876,180.7175509476587,167.6785227005551,81.99872284315865,5.960011169284913,195.4750061035156,1456830.7,True,False,True,False,1,-0.036066007579630854
2023-06-09,190.0249938964844,196.4750061035156,190.0,191.2749938964844,1260244,181.72302170468973,168.6038745121602,84.54297407847643,6.109296303747261,195.4750061035156,1482543.7,True,False,True,False,1,-0.021486185322368234
2023-06-12,192.4250030517578,195.1999969482422,190.9250030517578,191.9250030517578,1476104,182.69463897583907,169.51842857253658,85.06156218372496,5.978274703228483,196.4750061035156,1507926.8,True,False,True,False,1,-0.023158177429247973
2023-06-13,193.4250030517578,197.4499969482422,189.5749969482422,190.1000061035156,2095580,183.3999120356178,170.32554926002595,77.22735375122092,6.113755081569306,196.4750061035156,1500591.4,True,False,True,True,2,-0.03244687518493439
2023-06-14,191.4750061035156,193.6999969482422,188.6999969482422,191.625,1230774,184.18325374651135,171.16082183806415,78.97030554863045,6.0342011471714985,197.4499969482422,1548792.5,True,False,True,False,1,-0.02950112452910847
2023-06-15,193.8500061035156,195.8500061035156,190.125,191.875,1605414,184.91580100874836,171.97314255029693,79.25067611125905,6.012115786910363,197.4499969482422,1572489.9,True,False,True,True,2,-0.028234981182114538
2023-06-16,194.0,194.0,190.0,191.1750030517578,752914,185.51191548903498,172.72615668760912,76.18782526039234,5.86839323070248,197.4499969482422,1582624.8,True,False,True,False,1,-0.03178016709784626
2023-06-19,195.0,195.9499969482422,191.3500061035156,193.875,1203984,186.30839972817452,173.5555230920166,79.481758678016,5.79029327825833,197.4499969482422,1540903.1,True,False,True,False,1,-0.018105834406162646
2023-06-20,194.6499938964844,195.1999969482422,188.5749969482422,192.0249938964844,1051748,186.85283726801356,174.27981606474083,72.12023889781938,5.8499151869541635,197.4499969482422,1543052.9,True,False,True,False,1,-0.027475326085620755
2023-06-21,192.9499969482422,193.9499969482422,190.6499938964844,193.2749938964844,860728,187.46447123262982,175.024724999319,73.88053538058773,5.667778605868707,197.4499969482422,1529648.0,True,False,True,False,1,-0.021144609350650878
2023-06-22,193.1499938964844,193.5,191.5,192.6000061035156,614532,187.95356979176182,175.7139517092875,71.26393638710832,5.405794419735229,197.4499969482422,1503541.2,True,False,True,False,1,-0.024563134564129285
2023-06-23,192.5,193.25,187.8000030517578,188.9250030517578,1383552,188.04608724509478,176.23203215409026,59.0099159385245,5.408951743200012,197.4499969482422,1493466.4,True,False,True,False,1,-0.04317545722079219
2023-06-26,189.7250061035156,190.1000061035156,187.0500030517578,188.6000061035156,1580428,188.09884142208725,176.71705074034224,58.05912390668777,5.240455408096996,197.4499969482422,1476268.8,True,False,True,True,2,-0.04482142811603307
2023-06-27,189.3999938964844,190.1000061035156,185.3249969482422,186.25,883160,187.92276128665037,177.0908918877798,51.586624232542285,5.207209247181026,197.4499969482422,1502241.8,True,False,True,False,1,-0.05672320648947926
2023-06-28,186.75,187.1999969482422,183.0,185.8500061035156,575660,187.72535603111373,177.43438656290672,50.55357157264728,5.135265511542538,197.4499969482422,1434690.3,True,False,True,False,1,-0.058749004932966975
2023-06-30,186.0,186.4499969482422,178.625,180.4750061035156,596374,187.03484651419961,177.5536265448914,39.194957650161626,5.327389185592513,197.4499969482422,1323530.7,True,False,False,False,0,-0.08597108689333766
2023-07-03,181.25,181.2749938964844,175.0749969482422,176.60000610351562,476666,186.04105218937258,177.51622966483743,33.373255416990844,5.389718311496063,197.4499969482422,1205313.0,True,False,False,False,0,-0.10559630877174431
2023-07-04,177.39999389648438,178.3000030517578,166.125,168.85000610351562,2871728,184.40380970500527,177.17637776047187,25.284399329635008,5.874381507229045,197.4499969482422,1136132.6,True,False,False,True,1,-0.14484675252855794
2023-07-05,169.35000610351562,171.0500030517578,166.35000610351562,170.875,2392350,183.11535163786192,176.92926490712003,30.054782466054576,5.790496895872842,197.4499969482422,1188429.4,True,False,False,True,1,-0.1345910223296095
2023-07-06,170.8000030517578,173.4250030517578,169.25,172.02499389648438,2102362,182.05912709106406,176.73694055376177,32.68336062919431,5.6751044784360545,197.4499969482422,1249008.4,True,False,False,True,1,-0.1287667938451399
2023-07-07,172.0500030517578,174.25,171.5500030517578,172.47500610351562,2634484,181.14635366367847,176.5698058694384,33.7328418206593,5.4625967977079215,197.4499969482422,1298658.9,True,False,False,True,1,-0.1264876739971451
2023-07-10,174.0,174.3249969482422,168.39999389648438,169.77499389648438,1718994,180.06336701918377,176.30334265481278,30.645756091431778,5.495625815854343,197.4499969482422,1382439.3,True,False,False,True,1,-0.14016208396808583
2023-07-11,170.47500610351562,171.5,169.25,170.9499969482422,987050,179.19542701242742,176.0934075290649,33.49801105757733,5.263795400436176,197.4499969482422,1405376.8,True,False,False,False,0,-0.13421119478136267
2023-07-12,171.60000610351562,174.25,170.27499389648438,171.52499389648438,1617066,178.4649095728138,175.91425405327743,34.908757913140235,5.171739022084708,197.4499969482422,1380924.1,True,False,False,True,1,-0.13129908053912787
2023-07-13,171.85000610351562,173.1999969482422,169.0500030517578,170.375,981470,177.69444199445059,175.6970284041293,33.38344049853929,5.09875722739897,195.9499969482422,1356998.4,True,False,False,False,0,-0.13051797574152302
2023-07-14,171.0500030517578,174.875,170.02499389648438,173.0500030517578,2471220,177.2521144760989,175.59322348835002,39.95565014810839,5.080989289978731,195.9499969482422,1344533.2,True,False,False,True,1,-0.11686651826043726
2023-07-17,174.3249969482422,179.3249969482422,174.3249969482422,176.8249969482422,2881546,177.21143661630305,175.64152832991442,47.784615094945586,5.166275333300562,195.9499969482422,1387823.5,True,False,False,True,1,-0.09760143045601388
2023-07-18,181.75,181.75,171.64999389648438,173.60000610351562,1630932,176.86749085318044,175.56146863476152,42.66643593792384,5.51868467403021,195.9499969482422,1494255.1,True,False,False,True,1,-0.11405966416335311
2023-07-19,174.0,174.125,171.60000610351562,173.5500030517578,2784030,176.55153963399732,175.48258763150648,42.59026480061367,5.304849618491222,195.1999969482422,1515602.5,True,False,False,True,1,-0.11091185571188777
2023-07-20,174.4499969482422,174.4499969482422,171.25,172.5749969482422,3030798,176.17282128297302,175.3685644674569,41.05130748426959,5.154502999187719,193.9499969482422,1602216.6,True,False,False,True,1,-0.11020881843944641
2023-07-21,173.0,177.5,172.5500030517578,175.3000030517578,1584650,176.08969573714302,175.3658757844883,46.833579094398296,5.139895424120181,193.5,1710720.1,True,False,False,False,0,-0.09405683177386148
2023-07-24,175.4499969482422,178.0749969482422,174.8000030517578,175.875,1614170,176.0692485240818,175.3858414399986,47.992811286439206,5.006688172146195,193.25,1759226.0,True,False,False,False,0,-0.08990944372574383
2023-07-25,176.0,177.4250030517578,175.125,176.14999389648438,1349850,176.0769385595487,175.41580820299805,48.570360091768315,4.813353520689882,190.1000061035156,1770756.9,True,False,False,False,0,-0.07338249215749626
2023-07-26,176.0,179.75,174.8249969482422,175.72500610351562,1622928,176.04342118278365,175.4279336108615,47.68894374739891,4.821328487194734,190.1000061035156,1759228.0,True,False,False,False,0,-0.07561809331122438
2023-07-27,175.75,177.625,174.6999969482422,175.8249969482422,1061518,176.02261887473207,175.4435047221313,47.928374195702624,4.685876670377811,187.1999969482422,1796216.4,True,False,False,False,0,-0.06076388987946946
2023-07-28,176.5,178.6999969482422,175.10000610351562,175.85000610351562,1459844,176.00617956318766,175.45944595277382,47.992491522445164,4.608313397117008,186.4499969482422,1820509.3,True,False,False,False,0,-0.05685165469683051
2023-07-31,176.875,178.1999969482422,173.5500030517578,177.35000610351562,1136256,176.13416304321888,175.53358556652842,51.82409918267053,4.611290575643249,181.75,1863682.8,True,False,True,False,1,-0.024209044822472436
2023-08-01,177.8249969482422,180.5,177.125,179.6999969482422,1083306,176.47376627226873,175.69697424816425,57.150352661569265,4.522984105954446,181.75,1896662.3,True,False,True,False,1,-0.01127924650210621
2023-08-02,180.1999969482422,181.0,177.64999389648438,178.6750030517578,780670,176.6834078703153,175.8137596914424,54.328962233556304,4.4391999629231025,181.75,1807241.2,True,False,True,False,1,-0.016918827775747936
2023-08-03,178.5,179.6750030517578,175.22500610351562,176.6750030517578,959618,176.6826074114051,175.84753394086655,49.222700089926924,4.43997117616018,181.75,1726657.2,True,False,False,False,0,-0.027922954323203242
2023-08-04,176.64999389648438,177.75,175.8000030517578,176.875,887686,176.7009305150808,175.88782672749923,49.73149843900195,4.262115874166037,181.75,1669520.0,True,False,False,False,0,-0.026822558459422274
2023-08-07,177.5,178.4499969482422,175.75,177.27499389648438,1442620,176.75560321807163,175.94222544000846,50.793471489641995,4.150535950885763,181.75,1582180.1,True,False,True,False,1,-0.02462176673186034
2023-08-08,177.5,178.25,176.0,176.64999389648438,3454410,176.7455451874443,175.96998106575262,49.04979431288334,4.014783382965351,181.75,1568361.4,True,False,False,True,1,-0.02806055627794013
2023-08-09,177.25,178.85000610351562,175.85000610351562,177.625,1904122,176.82930278864006,176.03488376905645,51.82800283874781,3.9422988556106837,181.75,1691729.4,True,False,True,True,2,-0.02269601100412655
2023-08-10,177.625,180.0,176.5500030517578,178.0500030517578,2602876,176.94555995655605,176.1139080546526,53.03028450694219,3.9071344336557914,181.75,1706082.2,True,False,True,True,2,-0.020357617321827726
2023-08-11,178.0,179.39999389648438,177.0500030517578,178.9250030517578,1166072,177.13407834657525,176.22414707414694,55.49314153657884,3.7959098915894183,181.75,1787152.5,True,False,True,False,1,-0.015543311957316064
2023-08-14,178.9250030517578,182.25,176.0,180.5,2053504,177.45464231356806,176.39182758104312,59.5995643772978,3.971202042190174,181.75,1721895.1,True,False,True,True,2,-0.00687757909215958
2023-08-16,180.5,182.8249969482422,180.0,181.7250061035156,1838714,177.8613436268964,176.60097183682637,62.49781859126042,3.889330249765318,182.25,1680493.0,True,False,True,True,2,-0.002880624946416499
2023-08-17,182.4499969482422,183.3999938964844,180.5500030517578,181.625,1425950,178.2197870910015,176.7979925491077,62.10611484307391,3.8150917208339803,182.8249969482422,1690882.1,True,False,True,False,1,-0.006563637184590854
2023-08-18,181.5249938964844,183.2250061035156,181.0749969482422,182.2749938964844,1636918,178.60599726295226,177.01277691567148,63.69862917352992,3.696157251865368,183.3999938964844,1622978.1,True,False,True,True,2,-0.006134133246672779
2023-08-21,182.0,184.75,181.7250061035156,183.6499938964844,1665640,179.08637789471723,177.27305993452688,66.87044472060639,3.6482170121952993,183.3999938964844,1553284.1,True,True,True,True,2,0.0013631407214829139
2023-08-22,183.6499938964844,186.125,183.3999938964844,185.5,2137396,179.6971990476013,177.5956850351337,70.59337747197858,3.582273375861035,184.75,1557333.6,True,True,True,True,2,0.004059539918809252
2023-08-23,186.6999969482422,186.8999938964844,184.5,185.4750061035156,835522,180.2474663862598,177.9046780182075,70.4781464143818,3.4978248416198467,186.125,1583494.9,True,False,True,False,1,-0.003492243903207015
2023-08-24,186.2250061035156,186.4750061035156,181.6000061035156,182.6000061035156,1960330,180.4715177879032,178.08880853135685,58.62401559125375,3.5961944957898577,186.8999938964844,1557778.5,True,False,True,True,2,-0.023006891029383247
2023-08-25,182.5,183.4250030517578,181.75,182.5249938964844,1189448,180.66708694110142,178.26277658489127,58.34826151498805,3.4589665355018546,186.8999938964844,1574648.6,True,False,True,False,1,-0.023408240464807717
2023-08-28,183.0249938964844,185.0,181.9750061035156,183.6499938964844,1325638,180.95117331780455,178.4740400088753,61.28918644418606,3.427968489857751,186.8999938964844,1581045.1,True,False,True,False,1,-0.017388978630999974
2023-08-29,183.9750061035156,184.375,181.0500030517578,182.7250061035156,1242960,181.12010977358653,178.6407445616063,57.68285439755555,3.420613379742354,186.8999938964844,1574334.8,True,False,True,False,1,-0.022338084158960103
2023-08-30,182.25,183.3249969482422,180.6000061035156,181.1750030517578,936924,181.12533770484094,178.74012724749463,52.14575811273499,3.3709260558126566,186.8999938964844,1579670.0,True,False,True,False,1,-0.030631305680498877
2023-08-31,181.5,182.25,180.5249938964844,181.875,848594,181.1967341139037,178.86306343386738,54.28021688562771,3.253360344934295,186.8999938964844,1572350.9,True,False,True,False,1,-0.026886003534422387
2023-09-01,182.4499969482422,193.3249969482422,181.25,190.1000061035156,1612728,182.044664779581,179.30372785228496,70.77500015332713,3.8834772451705732,186.8999938964844,1575747.1,True,True,True,True,2,0.01712152119600141
2023-09-04,189.6499938964844,194.4499969482422,188.625,192.8000030517578,1391892,183.06898271026452,179.83299354638194,74.08079471690318,4.022157223961403,193.3249969482422,1608402.6,True,False,True,False,1,-0.002715602766179992
2023-09-05,192.4750061035156,197.875,192.25,194.8000030517578,1033332,184.1862227427877,180.41993509561237,76.22602786326105,4.136645993678446,194.4499969482422,1633612.9,True,True,True,False,1,0.0017999799897594482
2023-09-06,196.75,203.0,196.75,202.4250030517578,3073808,185.92324943888008,181.28287893702984,82.25582980679881,4.4268853475758565,197.875,1613148.5,True,True,True,True,2,0.02299433001520046
2023-09-07,204.9499969482422,207.1000061035156,201.9499969482422,203.0500030517578,1741082,187.55436883058272,182.13649164741133,82.64439676180797,4.478537048125682,203.0,1594118.4,True,True,True,True,2,0.00024632045200889685
2023-09-08,203.8500061035156,205.875,203.375,204.7749938964844,1318216,189.19442836066858,183.02427604933575,83.70500698454553,4.360427040991147,207.1000061035156,1585966.4,True,False,True,False,1,-0.011226519258860201
2023-09-11,206.1999969482422,207.75,205.75,206.4750061035156,722072,190.84019766951116,183.94391252204872,84.69750204592124,4.261468402600037,207.1000061035156,1521733.4,True,False,True,False,1,-0.0030178656763901746
2023-09-12,207.6499938964844,207.6499938964844,199.7749938964844,200.1750030517578,1277958,191.72922675353465,184.58042587615495,68.13524866980138,4.51957780241432,207.75,1499533.4,True,False,True,False,1,-0.03646207917324762
2023-09-13,201.0,204.2749938964844,199.5,202.6750030517578,1711378,192.7716816390797,185.29001713794332,70.59271556829484,4.537821809133612,207.75,1460756.1,True,False,True,True,2,-0.024428384829083938
2023-09-14,203.625,205.5,202.75,204.875,782674,193.924378625834,186.05805568155338,72.59563568533007,4.415477176212796,207.75,1454389.3,True,False,True,False,1,-0.013838748495788256
2023-09-15,206.1499938964844,210.375,205.75,207.6999969482422,1087982,195.23634227558716,186.9067592606392,74.95457962463396,4.492943092197597,207.75,1422225.5,True,False,True,False,1,-0.00024068857645154207
2023-09-18,207.5,209.4499969482422,205.0,207.125,912880,196.3685953921979,187.6996314464965,73.56651304102223,4.489875510486496,210.375,1394778.7,True,False,True,False,1,-0.015448603683897777
2023-09-20,207.0249938964844,207.2250061035156,202.8500061035156,203.8500061035156,572692,197.0811106980377,188.33297947226197,66.06245051183387,4.481670116880318,210.375,1357140.7,True,False,True,False,1,-0.03101601376819685
2023-09-21,203.9499969482422,204.75,203.2749938964844,203.8000030517578,462848,197.7210052079158,188.93952941655593,65.95183555374737,4.266908401639981,210.375,1278905.5,True,False,True,False,1,-0.031253699100378785
2023-09-22,204.0,206.9499969482422,204.0,206.1999969482422,868790,198.52852823080403,189.6164104962299,68.66391395886296,4.187128794128866,210.375,1260271.8,True,False,True,False,1,-0.01984552846943699
2023-09-25,206.0,208.0,205.9499969482422,207.625,832804,199.39485887548935,190.3226296924562,70.18260215481854,4.034476955388077,210.375,1205694.8,True,False,True,False,1,-0.013071895424836555
2023-09-26,208.3500061035156,209.8500061035156,207.25,207.625,873390,200.17868183972845,191.00115401824223,70.18260215481854,3.9320147516828996,210.375,1187862.6,True,False,True,False,1,-0.013071895424836555
2023-09-27,207.75,210.5,207.75,208.9750061035156,919592,201.0164270077082,191.70601096276278,71.69008288236054,3.856513697991264,210.375,1165250.2,True,False,True,False,1,-0.006654754112819461
2023-09-28,209.0,210.9499969482422,206.6499938964844,207.8999938964844,1047274,201.67200480663928,192.34106911702636,68.71107850660752,3.888191508974587,210.5,1149081.8,True,False,True,False,1,-0.012351572938316346
2023-09-29,209.8000030517578,211.3249969482422,206.0,210.5749969482422,983888,202.51990882012527,193.05612511040738,71.84613682305078,3.990820468922273,210.9499969482422,1154599.3,True,False,True,False,1,-0.0017776724599432026
2023-10-03,212.2749938964844,212.5,210.5,210.8999938964844,691390,203.31801216073092,193.75588467064568,72.21045111715569,3.848619006856396,211.3249969482422,1161364.0,True,False,True,False,1,-0.002011134782421764
2023-10-04,211.5,212.625,210.1750030517578,211.1000061035156,793348,204.05915444099614,194.4360462954641,72.44675608670259,3.7487174312410954,212.5,1115297.1,True,False,True,False,1,-0.006588206571691346
2023-10-05,212.4750061035156,213.1999969482422,210.625,211.1000061035156,1543826,204.72971174218847,195.0895349153877,72.44675608670259,3.664880253884031,212.625,1085369.9,True,False,True,True,2,-0.007172222911155379
2023-10-06,212.25,213.3999938964844,211.8500061035156,212.6750030517578,634914,205.48640615262366,195.77916111681398,74.43228347496515,3.567387935247229,213.1999969482422,1110894.6,True,False,True,False,1,-0.0024624479549679723
2023-10-09,213.875,213.875,209.4750061035156,210.0,1054952,205.91627223332617,196.33684107301735,65.7642202746164,3.626859789621313,213.3999938964844,988949.9,True,False,True,True,2,-0.01593249294155863
2023-10-10,211.4499969482422,212.1000061035156,209.0749969482422,210.0749969482422,596930,206.31234125379436,196.87559228381048,65.88417589087035,3.5838704585964627,213.875,954643.4,True,False,True,False,1,-0.017767401761579538
2023-10-11,211.375,211.6999969482422,207.9750061035156,208.875,1061860,206.5564039915282,197.3461572922885,62.132865667793006,3.593950486177186,213.875,918579.1,True,False,True,True,2,-0.02337814143775574
2023-10-12,209.25,211.0,208.5500030517578,210.125,387338,206.89627027804934,197.84728837886544,64.40633512736686,3.512239519181829,213.875,935568.5,True,False,True,False,1,-0.017533606078316777
2023-10-13,211.3249969482422,212.3500061035156,210.625,211.6000061035156,866718,207.34424511856994,198.3866106425772,66.92944765844211,3.42029427520567,213.875,891037.5,True,False,True,False,1,-0.010637025816408685
2023-10-16,213.4499969482422,218.625,211.6499938964844,214.25,2184196,208.0019360596585,199.0087043428683,70.91806967923785,3.6777728195827226,213.875,848804.5,True,True,True,True,2,0.001753360607831711
2023-10-17,219.5,220.5,215.2749938964844,217.3500061035156,1454816,208.89222844478775,199.72797107857997,74.75404340559037,3.8615033324696713,218.625,918880.6,True,False,True,True,2,-0.005831876027372895
2023-10-18,218.9750061035156,219.3000030517578,216.5,217.1750030517578,728986,209.68106412164204,200.41216841086145,74.15935958670642,3.785681883847396,220.5,937222.3,True,False,True,False,1,-0.015079351239193572
2023-10-19,217.875,218.3999938964844,214.6999969482422,215.625,1125148,210.24715325291422,201.00875004180807,68.92907300503597,3.779561531304169,220.5,928027.6,True,False,True,True,2,-0.022108843537414935
2023-10-20,215.5,216.4750061035156,211.7749938964844,213.2250061035156,680676,210.5307582863048,201.48781890697308,61.675761898256546,3.8453080081418136,220.5,955650.4,True,False,True,False,1,-0.032993169598568683
2023-10-23,213.2250061035156,214.3500061035156,203.5,205.0749969482422,1393512,210.01116196839408,201.6284925556503,44.53677131826392,4.345643586382798,220.5,966541.8,True,False,False,True,1,-0.06995466236624859
2023-10-25,205.7749938964844,207.1499938964844,198.1000061035156,201.25,420918,209.17676559045177,201.6136497103307,39.051854349693556,4.681668172567513,220.5,992777.9,True,False,False,False,0,-0.08730158730158732
2023-10-26,200.5249938964844,201.1000061035156,193.5,198.8999938964844,504650,208.19802542912154,201.5072318352779,36.1094974354501,4.900834731669835,220.5,972183.6,True,False,False,False,0,-0.09795921135381225
2023-10-27,200.875,208.1000061035156,197.5249938964844,204.1499938964844,847470,207.81249861648945,201.61086956316836,45.91377042756706,5.306133122767075,220.5,953746.6,True,False,False,False,0,-0.07414968754428841
2023-10-30,204.9499969482422,205.4250030517578,201.4750061035156,204.2250061035156,653262,207.4708326628729,201.71338472161338,46.04117906342727,5.209266253158156,220.5,950140.5,True,False,False,False,0,-0.07380949612918097
2023-10-31,204.5,206.9750061035156,201.0,204.9499969482422,792302,207.2307530710033,201.8403106912851,47.33251721657955,5.263961956755116,220.5,930439.9,True,False,False,False,0,-0.07052155579028485
2023-11-01,205.1750030517578,205.375,203.0500030517578,204.3999938964844,371340,206.96115695914438,201.94069042482235,46.42481176614886,5.054035884718478,220.5,920860.6,True,False,False,False,0,-0.07301590069621589
2023-11-02,204.5,206.2250061035156,202.6499938964844,205.375,661220,206.8100943916068,202.07536923169206,48.31698166415507,4.948391336312244,220.5,904858.1,True,False,False,False,0,-0.06859410430838997
2023-11-03,207.4250030517578,207.4250030517578,203.5,204.2250061035156,616018,206.5638955070267,202.15966871686163,46.2424953708927,4.875292173129784,220.5,898251.7,True,False,False,False,0,-0.07380949612918097
2023-11-06,206.4499969482422,206.75,202.8000030517578,206.1750030517578,685756,206.52685813033443,202.31713280842618,50.15083036708014,4.809199657066385,220.5,851861.3,True,False,True,False,1,-0.0649659725543863
2023-11-07,206.5,208.9499969482422,206.5,208.3500061035156,602150,206.7004912706374,202.55371607490028,54.15451511163017,4.663899245596241,220.5,854403.4,True,False,True,False,1,-0.05510201313598373
2023-11-08,211.0,217.1999969482422,209.0,215.5249938964844,1919172,207.54092009214662,203.06239363653103,64.33174868692896,4.962905788391265,220.5,831763.3,True,False,True,True,2,-0.022562385956986786
2023-11-09,217.6999969482422,219.8500061035156,215.8500061035156,217.0249938964844,1366178,208.44416521636924,203.60994658790176,66.02955886983642,4.91734196115126,220.5,897875.4,True,False,True,True,2,-0.015759664868551404
2023-11-10,224.0,224.0,218.4499969482422,220.5500030517578,1288660,209.5971021530729,204.27426252766082,69.68183722860704,5.064317971320142,220.5,913091.3,True,True,True,True,2,0.0002267712097860919
2023-11-13,226.875,226.9250030517578,223.75,224.625,1079314,211.0283305194469,205.072330663831,73.26084094903615,5.157938116225846,224.0,958157.4,True,True,True,True,2,0.002790178571428603
2023-11-15,227.0,227.8249969482422,220.0749969482422,221.3999938964844,866108,212.01610798392667,205.71263118275857,66.56376695360979,5.343085393638287,226.9250030517578,968787.2,True,False,True,False,1,-0.024347291311981323
2023-11-16,222.3999938964844,222.3999938964844,216.8000030517578,219.2250061035156,998568,212.70266970960182,206.24252823847456,62.419529288715594,5.361435783001737,227.8249969482422,902882.8,True,False,True,True,2,-0.037748232019861994
2023-11-17,219.5,221.3999938964844,218.0,220.1499938964844,536024,213.41193867978112,206.7879190485926,63.46142028492681,5.221332791107642,227.8249969482422,880070.4,True,False,True,False,1,-0.033688151671527944
2023-11-20,220.75,221.4499969482422,218.5500030517578,219.6999969482422,542936,214.0108013720155,207.2942750446573,62.55283578673924,5.055522870063124,227.8249969482422,870422.3,True,False,True,False,1,-0.035663338566162106
2023-11-21,220.3500061035156,220.75,218.3249969482422,219.0249938964844,307446,214.48834351720302,207.75430323492503,61.13882260699172,4.86762859732703,227.8249969482422,841311.7,True,False,True,False,1,-0.038626152396073477
2023-11-22,219.3999938964844,219.5249938964844,217.6499938964844,218.875,280374,214.90612032508847,208.19040899041818,60.8098702025031,4.6538694118036705,227.8249969482422,822650.2,True,False,True,False,1,-0.039284525702311224
2023-11-23,220.4499969482422,220.4499969482422,218.5,219.25,497638,215.31982315127053,208.62411844177433,61.36948457628024,4.460735664406421,227.8249969482422,766993.3,True,False,True,False,1,-0.037638525460796046
2023-11-24,219.9499969482422,220.5249938964844,218.0,218.5749969482422,686086,215.62983970336307,209.01434897143974,59.71651164632724,4.3224683952691345,227.8249969482422,770829.3,True,False,True,False,1,-0.04060133929070753
2023-11-28,220.3999938964844,221.3500061035156,219.3249969482422,219.875,407994,216.0341406839952,209.44025685491272,61.84786487883423,4.211935592412297,227.8249969482422,779901.1,True,False,True,False,1,-0.03489519172493738
2023-11-29,221.9750061035156,223.1999969482422,219.1499938964844,220.3999938964844,442704,216.4499362280418,209.8700504643861,62.706012006719966,4.200368982365546,227.8249969482422,757927.3,True,False,True,False,1,-0.032590818177184566
2023-11-30,221.3000030517578,221.3000030517578,216.0,217.1499938964844,436092,216.51660838694107,210.15553844211547,54.52917038326368,4.278914273036423,227.8249969482422,747399.4,True,False,True,False,1,-0.046856153603649364
2023-12-01,217.9750061035156,219.3500061035156,215.8000030517578,218.25,441154,216.68169330247048,210.47296830713057,56.59235933408162,4.226849185802235,227.8249969482422,729588.9,True,False,True,False,1,-0.04202785943816978
2023-12-04,220.4750061035156,221.875,216.5,220.3999938964844,1007318,217.03581716856704,210.8622634282817,60.376647175811044,4.308859958244932,227.8249969482422,733079.6,True,False,True,True,2,-0.032590818177184566
2023-12-05,222.6000061035156,222.6000061035156,218.5249938964844,219.875,1975840,217.30621553346543,211.215704078153,59.02350117166173,4.292156547443951,227.8249969482422,750384.5,True,False,True,True,2,-0.03489519172493738
2023-12-06,220.5,220.9499969482422,217.7250061035156,218.5500030517578,1739806,217.4246714875885,211.50332364574535,55.63454821799129,4.215930425821282,227.8249969482422,818375.6,True,False,True,True,2,-0.040711045849773364
2023-12-07,218.9499969482422,224.25,216.75,220.7749938964844,1486232,217.74374981224526,211.86691855753907,59.80785046844887,4.450506823976905,227.8249969482422,871078.1,True,False,True,True,2,-0.03094481793566939
2023-12-08,227.5,227.5,220.5749969482422,221.5500030517578,1116018,218.10625012077026,212.24664736123393,61.17772015357884,4.627256554532685,227.8249969482422,915282.2,True,False,True,True,2,-0.027543043917652055
2023-12-11,228.75,228.75,223.75,225.0249938964844,1116974,218.7651780994097,212.7477589900673,66.66405497063403,4.811023725511935,227.8249969482422,875124.5,True,False,True,True,2,-0.012290148531830747
2023-12-12,227.1999969482422,228.3500061035156,223.0500030517578,224.0249938964844,891710,219.26611293722635,213.1900034962013,63.866951836001725,4.8459508202437815,228.75,862664.3,True,False,True,True,2,-0.02065576438695338
2023-12-13,228.0,228.4499969482422,224.3000030517578,224.9750061035156,1842734,219.8098170483015,213.65216046119403,65.35419269294033,4.815883122494782,228.75,842816.8,True,False,True,True,2,-0.01650270555840172
2023-12-14,225.9250030517578,227.1750030517578,223.5,224.6750030517578,813064,220.27316809624972,214.08442879807887,64.45201030271328,4.734391688870712,228.75,880987.8,True,False,True,False,1,-0.01781419430925546
2023-12-15,225.9499969482422,227.3500061035156,220.6000061035156,221.6000061035156,1380510,220.39953362075124,214.37915731986072,55.92953417091367,4.878363711094233,228.75,878335.6,True,False,True,True,2,-0.031256803919057496
2023-12-18,222.6999969482422,224.2250061035156,221.25,221.7749938964844,913374,220.53052983748773,214.66919012678716,56.283792081253736,4.742409596267188,228.75,897432.7,True,False,True,True,2,-0.03049182996072397
2023-12-19,222.0249938964844,223.0,219.7749938964844,221.8500061035156,394924,220.6561942437761,214.95079075332555,56.445419346787254,4.6340236324992174,228.75,916300.2,True,False,True,False,1,-0.030163907744194085
2023-12-20,222.6999969482422,229.0,218.6499938964844,219.8999938964844,992764,220.58417516308165,215.14487715109647,51.15102204843894,5.042308094714673,228.75,908899.6,True,False,True,True,2,-0.03868855127219928
2023-12-21,219.875,221.5,217.0249938964844,220.4499969482422,186330,220.5713962854779,215.35292106471002,52.504201730425315,5.001786523914739,229.0,943165.5,True,False,True,False,1,-0.03733625786793804
2023-12-22,220.4499969482422,221.6000061035156,217.125,218.2250061035156,145774,220.34793055386245,215.46555185054552,46.85016153381495,4.964159351029086,229.0,938463.3,True,False,False,False,0,-0.04705237509381832
2023-12-26,218.9499969482422,221.3500061035156,214.8999938964844,219.6750030517578,529856,220.28384222032867,215.63062836824014,50.58480292993409,5.07029169788638,229.0,920870.1,True,False,True,False,1,-0.0407205106910139
2023-12-27,221.3999938964844,224.8500061035156,219.6999969482422,222.5749969482422,816930,220.5020474325109,215.90295654784808,57.08037694711194,5.077771080305767,229.0,913058.6,True,False,True,False,1,-0.02805678188540528
2023-12-28,224.75,230.7250061035156,221.75,228.0500030517578,2069444,221.22090034862964,216.37931131270727,66.13187340599653,5.35614501053504,229.0,933505.4,True,False,True,True,2,-0.004148458289267243
2023-12-29,229.25,231.3000030517578,227.8249969482422,230.125,1061134,222.06890983923634,216.91835792789524,68.81606175273876,5.221777945747939,230.7250061035156,1014842.4,True,False,True,True,2,-0.0026005248137100923
2024-01-01,233.5,235.3249969482422,231.625,232.5749969482422,1226584,223.06948956390357,217.53234377183043,71.67093491984882,5.220222160211814,231.3000030517578,1046094.5,True,True,True,True,2,0.0055122951995771885
2024-01-02,234.0,234.7250061035156,229.5749969482422,230.3249969482422,857038,223.7604902671739,218.0340164454152,65.7203785789255,5.215206945573358,235.3249969482422,1085366.0,True,False,True,False,1,-0.021247211579055958
2024-01-03,230.9750061035156,239.0,229.0,235.8500061035156,718576,224.91187272777788,218.73268270651718,71.89177087612474,5.556977878032404,235.3249969482422,1077852.0,True,True,True,False,1,0.002230996120607065
2024-01-04,238.25,240.8500061035156,237.1750030517578,238.8249969482422,749788,226.23693217734592,219.52061659834953,74.54878006267415,5.517193743887232,239.0,1014988.8,True,False,True,False,1,-0.0007322303420829179
2024-01-05,239.7250061035156,242.75,238.9499969482422,240.2749938964844,701196,227.5738904363115,220.334513747296,75.75188548286432,5.403465837306559,240.8500061035156,965487.9,True,False,True,False,1,-0.002387428658748081
2024-01-08,241.9499969482422,245.8000030517578,241.0500030517578,243.9250030517578,1360830,229.1311392568302,221.25963097492195,78.50623542058963,5.412147502875619,242.75,926236.1,True,True,True,True,2,0.00484038332341008
2024-01-09,246.5249938964844,253.25,246.25,251.75,2037372,231.28531647046543,222.45533172100346,82.97186855953719,5.691636748973231,245.8000030517578,938476.7,True,True,True,True,2,0.024206659374977013
2024-01-10,264.75,266.8999938964844,257.07501220703125,258.8500061035156,3238934,233.9105250069464,223.882573853651,85.84546286847849,6.3672336880811695,253.25,984496.6,True,True,True,True,2,0.02211256111950899
2024-01-11,261.5,264.375,259.70001220703125,261.45001220703125,1455736,236.53333331171638,225.35580673025416,86.72869034729868,6.307073702967114,266.8999938964844,1101857.8,True,False,True,True,2,-0.02041956468371775
2024-01-12,264.45001220703125,272.25,262.82501220703125,267.9750061035156,2744946,239.52777833950677,227.02714788214678,88.64382533137179,6.62799613796723,266.8999938964844,1082507.9,True,True,True,True,2,0.004027771568433147
2024-01-15,267.9750061035156,267.9750061035156,267.9750061035156,267.9750061035156,0,242.23703812655523,228.6329462437691,88.64382533137179,6.1545678423981425,272.25,1179102.0,True,False,True,False,1,-0.015702456920052787
2024-01-16,280.0,280.0,265.625,269.82501220703125,5412990,244.86446422945772,230.24832137958333,89.15827898170544,6.7417415679411326,272.25,1110076.5,True,False,True,True,2,-0.008907209524219417
2024-01-17,269.82501220703125,271.3999938964844,266.25,267.9750061035156,914090,247.06546821746323,231.72779921189442,85.01090214559503,6.628045305694222,280.0,1335057.3,True,False,True,False,1,-0.04294640677315853
2024-01-18,269.0,269.8999938964844,262.5,268.0249938964844,564284,249.06161352022716,233.15121861129012,85.0311638204146,6.683184490750662,280.0,1361015.6,True,False,True,False,1,-0.04276787894112721
2024-01-19,271.875,273.625,268.625,270.82501220703125,604156,251.13431815706562,234.62862228171136,86.15972752449588,6.60581460594816,280.0,1339591.6,True,False,True,False,1,-0.03276781354631697
2024-01-23,269.7250061035156,270.2250061035156,261.54998779296875,263.45001220703125,382514,252.3072413999195,235.75887286701803,70.98011809006476,6.796472449384898,280.0,1360482.9,True,False,True,False,1,-0.05910709926060265
2024-01-24,264.9750061035156,271.79998779296875,260.5,269.95001220703125,1148814,253.9875052863111,237.09970186074406,75.13764082011357,7.118152116783745,280.0,1372319.9,True,False,True,False,1,-0.035892813546317015
2024-01-25,271.25,275.3500061035156,269.8999938964844,270.6000061035156,746906,255.56964822128296,238.41343928202923,75.51539792984535,6.9989992660871385,280.0,1403267.8,True,False,True,False,1,-0.03357140677315851
2024-01-29,271.42498779296875,273.3500061035156,268.0,269.54998779296875,316750,256.9011091328721,239.6344804001053,73.57072039805657,6.881214040189173,280.0,1399766.6,True,False,True,False,1,-0.03732147216796877
2024-01-30,270.3999938964844,271.75,267.875,268.8999938964844,580860,258.0438600627399,240.78214759604174,72.32900613905133,6.666484465889947,280.0,1312131.9,True,False,True,False,1,-0.03964287894112728
2024-01-31,269.6499938964844,272.6499938964844,266.2749938964844,271.07501220703125,392430,259.28492217172004,241.9701030709825,73.9154969088777,6.645664146897809,280.0,1288118.2,True,False,True,False,1,-0.03187495640345983
2024-02-01,272.2749938964844,274.45001220703125,269.2250061035156,273.54998779296875,801532,260.6434998499342,243.2085299228251,75.62787209371567,6.54418857237051,280.0,1246410.5,True,False,True,False,1,-0.023035757882254426
2024-02-02,276.0,280.45001220703125,275.625,276.67498779296875,1104530,262.17030822546127,244.52094003537977,77.62515750727704,6.5696054182056525,280.0,1243635.2,True,False,True,False,1,-0.011875043596540125
2024-02-05,280.5,282.32501220703125,277.5249938964844,278.54998779296875,676600,263.730277708081,245.8554124964617,78.75036862844998,6.503921060766856,280.45001220703125,1262932.9,True,False,True,False,1,-0.006774912930507804
2024-02-06,281.25,282.375,278.6000061035156,279.20001220703125,446110,265.2035857556001,247.1630438576605,79.14198433186422,6.31257042835717,282.32501220703125,1259273.5,True,False,True,False,1,-0.011068803205110278
2024-02-07,280.8999938964844,282.125,275.0,276.5249938964844,383404,266.281815102351,248.31449287879087,73.16612295761615,6.370601112045944,282.375,1246519.2,True,False,True,False,1,-0.02071715308903277
2024-02-08,277.5,280.5,271.1000061035156,276.8500061035156,1197272,267.2883094834143,249.4335326130938,73.42864446345024,6.586986310934403,282.375,1197647.9,True,False,True,False,1,-0.01956615811061313
2024-02-09,282.0,284.0,273.6499938964844,281.70001220703125,815026,268.66085259994924,250.69888475403252,77.03863784351441,6.85577343897592,282.375,1155642.9,True,False,True,False,1,-0.002390395017153657
2024-02-12,284.125,284.25,276.0249938964844,278.7250061035156,648320,269.6193434098127,251.79794833636518,70.69401779540848,6.953575772157327,284.0,1034447.5,True,False,True,False,1,-0.018573922170719626
2024-02-13,280.5,280.5,270.0,271.1000061035156,396500,269.7603589044511,252.55489177821423,57.60041144754257,7.206891788431804,284.25,994076.7,True,False,True,False,1,-0.04626207175544195
2024-02-14,270.5,273.20001220703125,266.04998779296875,270.95001220703125,405824,269.87365921898254,253.27626904993255,57.375288420696776,7.202829833119711,284.25,876654.4,True,False,True,False,1,-0.046789754768579606
2024-02-15,272.7749938964844,278.0,272.1499938964844,273.4750061035156,514548,270.21664463655713,254.0683763853672,60.195598507619245,7.1919125445375,284.25,896945.6,True,False,True,False,1,-0.037906750735213324
2024-02-16,275.0,277.3500061035156,269.45001220703125,271.95001220703125,577236,270.3817272623166,254.7696170058246,57.711930925766666,7.242489783962277,284.25,652023.5,True,False,True,False,1,-0.04327172486532538
2024-02-19,275.0,283.2749938964844,275.0,281.54998779296875,1053640,271.4453711223787,255.8198276249283,66.95508308753008,7.534096348640196,284.25,635180.8,True,False,True,True,2,-0.009498723683487253
2024-02-20,296.0,302.0,282.04998779296875,289.54998779296875,1234622,273.1696203291015,257.14257900406716,72.37412835415616,8.4566617670967,284.25,659648.6,True,True,True,True,2,0.01864551554254623
2024-02-21,290.0,292.20001220703125,283.04998779296875,286.0,574145,274.39156125013943,258.2742425725351,67.11448908662132,8.5061876704514,302.0,691171.9,True,False,True,False,1,-0.052980132450331174
2024-02-22,291.5,293.25,286.0,289.1499938964844,493342,275.79712626407706,259.4850563499449,69.2499240151141,8.416459979704872,302.0,700753.45,True,False,True,False,1,-0.04254968908448886
2024-02-23,290.0,291.45001220703125,285.25,288.54998779296875,242810,277.0116845049239,260.62485758300465,68.33962312519921,8.258142281656756,302.0,667979.85,True,False,True,False,1,-0.04453646426169289
2024-02-26,289.8999938964844,289.8999938964844,283.5,285.1000061035156,242255,277.78200084764694,261.5846673289071,63.19565037752001,8.125417397001586,302.0,642775.05,True,False,True,False,1,-0.05596024469034566
2024-02-27,285.6000061035156,286.5,275.25,279.8500061035156,148774,277.97895372915826,262.30095512398975,56.25621998785354,8.34860186864433,302.0,639050.3,True,False,True,False,1,-0.07334435065061051
2024-02-28,280.8999938964844,282.95001220703125,272.1499938964844,279.6499938964844,919401,278.1381004117608,262.9813095856562,56.003908597885186,8.523703043065941,302.0,617446.0,True,False,True,True,2,-0.07400664272687296
2024-02-29,276.0,278.8999938964844,270.3500061035156,274.95001220703125,455799,277.83447296369127,263.450670472769,50.29544411383721,8.579151953773286,302.0,643794.55,True,False,True,False,1,-0.08956949600320774
2024-03-01,276.20001220703125,277.79998779296875,271.75,273.79998779296875,383393,277.4502362807653,263.8565260539533,48.97987338807776,8.398497370858676,302.0,626507.9,True,False,False,False,0,-0.09337752386434184
2024-03-04,280.0,280.0,270.1000061035156,274.8500061035156,274316,277.20259531150344,264.287642918642,50.25917524806382,8.505747122689083,302.0,590451.05,True,False,True,False,1,-0.08990064204133896
2024-03-05,277.5,277.5,269.1499938964844,274.6000061035156,423542,276.9547296726475,264.6920493180488,49.93811138083174,8.494622764176693,302.0,570336.85,True,False,False,False,0,-0.09072845661087536
2024-03-06,274.6000061035156,275.0,268.0,274.1000061035156,657991,276.68285123749206,265.0609887998318,49.26033240679467,8.38786399530693,302.0,569208.45,True,False,False,True,1,-0.09238408574994827
2024-03-07,274.79998779296875,275.70001220703125,268.0,270.29998779296875,293855,276.0749594808708,265.26643974073914,44.33533158127844,8.33873172471581,302.0,582937.8,True,False,False,False,0,-0.10496692783785178
2024-03-11,270.70001220703125,270.75,260.25,262.0,286333,274.73448714935927,265.1383440646317,35.89405797605683,8.493108030093254,302.0,537766.95,True,False,False,False,0,-0.13245033112582782
2024-03-12,262.0,262.3500061035156,250.3000030517578,255.5,538033,272.90263123037266,264.76036978758736,30.927816204573503,8.747171960212151,302.0,511332.3,True,False,False,True,1,-0.1539735099337748
2024-03-13,258.79998779296875,258.79998779296875,243.8500061035156,246.0500030517578,592596,270.3452380705046,264.02662991559407,25.420996430956293,9.19022979801508,302.0,505817.95,True,False,False,True,1,-0.1852648905570934
2024-03-14,246.8000030517578,258.0,244.0,253.6999969482422,303617,268.7599770112415,263.6216639168744,35.44209111818421,9.533784812442574,302.0,515622.75,True,False,False,False,0,-0.15993378493959542
2024-03-15,254.0,255.4499969482422,247.0,250.8999938964844,391347,267.0590262384075,263.122774896467,33.65935728176548,9.456371393571118,302.0,510512.4,True,False,False,False,0,-0.16920531822356155
2024-03-18,253.8999938964844,254.8000030517578,247.6000061035156,250.1000061035156,260601,265.4438814636559,262.6120780810571,33.146362922542394,9.295201790333339,302.0,504352.35,True,False,False,False,0,-0.17185428442544504
2024-03-19,250.9499969482422,252.0,246.1000061035156,249.0500030517578,511953,263.8825597101418,262.08023200147676,32.44736152664902,9.052686940772702,302.0,488520.6,True,False,False,True,1,-0.17533111572265625
2024-03-20,250.1999969482422,252.8000030517578,245.5500030517578,249.8999938964844,666416,262.55088677550776,261.60257560520256,33.6668595223736,8.923923587860365,302.0,461436.25,True,False,False,True,1,-0.17251657650170726
2024-03-21,253.0,257.3500061035156,250.1999969482422,252.3500061035156,575649,261.57937433055616,261.2397297423913,37.18674671767445,8.818644203515426,293.25,433025.95,True,False,False,True,1,-0.13947141993686074
2024-03-22,255.9499969482422,262.54998779296875,254.1499938964844,258.5,500296,261.2861005847889,261.13228936033676,45.06672146641408,8.917311166796694,293.25,433101.15,True,False,False,True,1,-0.1184995737425405
2024-03-26,258.6499938964844,263.5,256.0,261.6499938964844,535326,261.3207570906647,261.1525914990092,48.62197559961946,8.816074654882645,291.45001220703125,433448.85,True,False,False,True,1,-0.10224744231397886
2024-03-27,261.8500061035156,264.5,259.1499938964844,260.3999938964844,784066,261.2330653578856,261.12307786753763,47.313384006256676,8.568498329785001,289.8999938964844,448074.65,True,False,False,True,1,-0.10175922946219063
2024-03-28,264.5,275.79998779296875,262.25,273.3999938964844,702145,262.3918204567998,261.6045255549473,59.51643221892993,9.056462298834957,286.5,475165.2,True,False,True,True,2,-0.045724279593422734
2024-04-01,279.0,282.29998779296875,275.6000061035156,280.0,623886,264.06878993710455,262.3259167096553,64.06682869133911,9.045285984381344,282.95001220703125,502833.75,True,False,True,True,2,-0.010425912987318653
2024-04-02,288.5,296.6499938964844,285.3999938964844,289.70001220703125,1087215,266.5098587247166,263.3994106507289,69.49394505739696,9.588479406674418,282.29998779296875,488058.0,True,True,True,True,2,0.026213335933579662
2024-04-03,296.0,296.79998779296875,289.0,290.5,729718,268.7946340842674,264.46217886050425,69.89774695054373,9.460730005695442,296.6499938964844,519628.8,True,False,True,True,2,-0.02073148162150451
2024-04-04,295.0,295.8999938964844,287.5,289.0,583486,270.7189546476705,265.42444635617073,68.07811968003875,9.384963140751795,296.79998779296875,536945.05,True,False,True,True,2,-0.026280283402200122
2024-04-05,290.1499938964844,294.29998779296875,287.3500061035156,292.3999938964844,948825,272.78381552850993,266.4823109655948,69.98543656048969,9.211035894230463,296.79998779296875,552403.55,True,False,True,True,2,-0.014824777888985508
2024-04-08,294.8999938964844,307.5,294.0,304.29998779296875,2315033,275.78535574417265,267.9653571156879,75.50251514337684,9.631676623465117,296.79998779296875,578667.7,True,True,True,True,2,0.025269542818282087
2024-04-09,308.5,310.29998779296875,304.5,307.0,995668,278.75817900663236,269.49612742487665,76.55549921306584,9.372271150360467,307.5,661519.8,True,False,True,True,2,-0.001626016260162566
2024-04-10,308.79998779296875,311.79998779296875,307.04998779296875,308.1499938964844,739713,281.5573994723325,271.011965325724,77.00878972386074,9.045679481975343,310.29998779296875,696610.45,True,False,True,True,2,-0.006928759204202217
2024-04-12,309.20001220703125,311.8500061035156,302.5,303.1499938964844,576324,283.61383703653746,272.2722801716362,70.61589897481178,9.06741709779965,311.79998779296875,719279.45,True,False,True,False,1,-0.027742123909985095
2024-04-15,301.5,304.3999938964844,291.0,297.1499938964844,588737,284.90299483272287,273.24787678829694,63.774143495815665,9.376886869134273,311.8500061035156,721194.0,True,False,True,False,1,-0.0471380853593818
2024-04-16,297.04998779296875,305.75,296.3500061035156,301.54998779296875,897437,286.48842273369866,274.35776349436253,66.34897525550139,9.378537371087852,311.8500061035156,721001.05,True,False,True,True,2,-0.03302875776480785
2024-04-18,308.95001220703125,316.20001220703125,308.0,310.25,1633025,288.751430092394,275.76530218085816,70.77255196869058,9.755072159871755,311.8500061035156,750692.05,True,False,True,True,2,-0.0051306912688804385
2024-04-19,309.54998779296875,316.0,304.20001220703125,314.45001220703125,789111,291.19891410331184,277.28234963286496,72.64224818291555,9.901137562235826,316.20001220703125,812775.95,True,False,True,False,1,-0.005534471639596861
2024-04-22,323.8500061035156,328.5,322.0,327.1000061035156,2091452,294.6180657223789,279.2359832199493,77.3433557088617,10.197484007288178,316.20001220703125,839201.45,True,True,True,True,2,0.034471832623926835
2024-04-23,331.95001220703125,335.5,329.45001220703125,330.29998779296875,1878796,298.01634401481607,281.23849320320494,78.35653973723385,10.06909185651648,328.5,918176.4,True,True,True,True,2,0.005479414894882018
2024-04-24,334.3999938964844,334.3999938964844,320.8999938964844,324.95001220703125,941234,300.5814552712175,282.9526704190412,72.51770988707548,10.314156723908159,335.5,978795.4,True,False,True,False,1,-0.03144556719215719
2024-04-25,326.6499938964844,326.6499938964844,320.3999938964844,322.5,401038,302.6689357215778,284.50354608888273,69.94718425688953,10.023859815057577,335.5,997074.65,True,False,True,False,1,-0.03874813710879288
2024-04-26,325.29998779296875,328.5,323.5,325.04998779296875,403579,304.8004644902817,286.09360262629787,71.09559291889332,9.736441256839178,335.5,992111.75,True,False,True,False,1,-0.031147577368200396
2024-04-29,328.0,328.5,323.5,326.1499938964844,484831,306.83375300515814,287.6644414996385,71.59976056147568,9.39812402420781,335.5,985524.4,True,False,True,False,1,-0.027868870651313382
2024-04-30,326.8500061035156,330.25,323.29998779296875,325.20001220703125,486556,308.58292054819367,289.1364246646343,70.45678084435804,9.223258894409485,335.5,970562.65,True,False,True,False,1,-0.030700410709295856
2024-05-02,328.8500061035156,332.8999938964844,324.54998779296875,330.54998779296875,651632,310.6750221905532,290.7604859637847,73.0645680332718,9.160883695059924,335.5,959783.2,True,False,True,False,1,-0.01475413474524967
2024-05-03,333.95001220703125,337.79998779296875,330.29998779296875,335.79998779296875,1077671,313.0678760574499,292.52674093747817,75.36281939007769,9.042249145412788,335.5,961170.5,True,True,True,True,2,0.0008941513948397262
2024-05-06,342.0,345.25,338.1000061035156,341.5,1142527,315.7756973853118,294.4472609007143,77.5977609584052,9.071375078385536,337.79998779296875,960693.3,True,True,True,True,2,0.010953263294073645
2024-05-07,344.0,344.79998779296875,335.04998779296875,341.0,1693449,318.178011920044,296.272858512451,76.93843915263427,9.119848287072283,345.25,981333.75,True,False,True,True,2,-0.012309920347574277
2024-05-08,341.3500061035156,342.79998779296875,331.29998779296875,332.3500061035156,847547,319.5277256518032,297.6876486140614,66.42363124084912,9.289859123709977,345.25,1036831.9,True,False,True,False,1,-0.037364211141156733
2024-05-09,332.0,333.6000061035156,321.04998779296875,322.6499938964844,363976,319.82508453224904,298.6665641153329,57.013850434895055,9.52272763705547,345.25,1031768.0,True,False,True,False,1,-0.06545982940916906
2024-05-10,323.0,324.5,318.25,322.3500061035156,636883,320.06555325332204,299.59532654624206,56.74611306207713,9.288961377265792,345.25,934215.15,True,False,True,False,1,-0.0663287296060373
2024-05-13,323.0,324.70001220703125,313.6499938964844,315.5,376328,319.63073865776755,300.2190392307032,50.87154897547457,9.414751158214441,345.25,916275.9,True,False,True,False,1,-0.0861694424330196
2024-05-14,316.8500061035156,322.0,315.0,319.54998779296875,959264,319.6230480992153,300.9771156449097,53.90961561710373,9.242268932627695,345.25,898106.65,True,False,True,True,2,-0.0744388478118212
2024-05-15,322.3999938964844,334.5,321.70001220703125,330.1499938964844,864894,320.62561436562186,302.12115008614796,60.7508110352981,9.649964880799377,345.25,917253.65,True,False,True,False,1,-0.04373644056050874
2024-05-16,337.0,337.54998779296875,330.45001220703125,336.1499938964844,660716,322.1041267018945,303.45561454929845,64.00741208609051,9.48925266763402,345.25,931061.5,True,False,True,False,1,-0.026357729481580328
2024-05-17,338.0,339.0,332.6000061035156,337.95001220703125,544179,323.61325865476465,304.8083360260723,64.94706742373802,9.268591326837615,345.25,919225.45,True,False,True,False,1,-0.021144063122284562
2024-05-21,342.95001220703125,343.25,338.25,340.0,367208,325.17390068764416,306.1884012799518,66.03462185051245,8.985119645846982,345.25,864783.15,True,False,True,False,1,-0.01520637219406229
2024-05-22,342.0,344.0,335.5,339.75,640248,326.5621006221542,307.5045424062282,65.76663979551628,8.950468242572198,345.25,843688.0,True,False,True,False,1,-0.015930485155684293
2024-05-23,338.79998779296875,348.8999938964844,335.1000061035156,345.0,1282982,328.3180910390919,308.97495250794475,68.64439095096954,9.296862496171952,345.25,771127.8,True,False,True,True,2,-0.0007241129616220032
2024-05-24,347.0,347.6499938964844,342.1000061035156,344.45001220703125,418180,329.8544644836575,310.3661313196737,67.99949768485655,9.029228588800295,348.8999938964844,741337.1,True,False,True,False,1,-0.012754318622239302
2024-05-27,348.5,349.0,344.0,345.20001220703125,622015,331.3159452192169,311.73216586427594,68.43499110578645,8.741426546743133,348.8999938964844,715184.4,True,False,True,False,1,-0.010604705514987378
2024-05-28,345.8999938964844,346.54998779296875,338.70001220703125,339.29998779296875,480477,332.0763302262409,312.8132569203031,61.36056256270695,8.67775147811416,349.0,726233.25,True,False,True,False,1,-0.027793731252238496
2024-05-29,340.1000061035156,350.1000061035156,336.79998779296875,342.3500061035156,668941,333.0547755478861,313.97156080984087,63.463257617770296,9.007913394716496,349.0,730078.15,True,False,True,False,1,-0.01905442377216149
2024-05-30,343.1000061035156,345.0,341.54998779296875,343.3999938964844,665458,334.0400344382288,315.12561700931707,64.18580638193694,8.610920452738979,350.1000061035156,739283.65,True,False,True,False,1,-0.019137423850973057
2024-05-31,348.0,360.5,346.0,356.3500061035156,3238956,336.1647936444466,316.7422597188935,71.6361068945551,9.217283713508738,350.1000061035156,748228.75,True,True,True,True,2,0.017852041962410192
2024-06-03,369.8999938964844,374.0,359.20001220703125,365.5,721486,338.958622821166,318.6543279652114,75.51227314436203,9.819620155149856,360.5,877594.95,True,True,True,False,1,0.01386962552011095
2024-06-04,368.8999938964844,368.8999938964844,324.0,331.95001220703125,923081,338.2911360960103,319.1757273472436,49.04585731646332,12.32536113667375,374.0,859785.7,True,False,False,True,1,-0.11243312244109294
2024-06-05,339.79998779296875,359.3999938964844,321.6000061035156,353.6499938964844,931167,339.7538844579602,320.52765936878245,59.04450843332343,14.144977326409109,374.0,848813.4,True,False,True,True,2,-0.05441178102544286
2024-06-06,357.70001220703125,362.0,354.5,356.0,515998,341.30113355720215,321.91873155039883,59.960816344907784,13.731050810488147,374.0,810699.3,True,False,True,False,1,-0.048128342245989275
2024-06-07,357.8999938964844,363.1000061035156,354.54998779296875,361.1000061035156,462644,343.1867404663749,323.4552521211093,61.95041555774886,13.360977060492344,374.0,794121.85,True,False,True,False,1,-0.034491962290065126
2024-06-10,363.9500122070313,364.6000061035156,358.5,360.75,382092,344.85943185052963,324.91779125361484,61.723730882797796,12.84233627785115,374.0,799055.25,True,False,True,False,1,-0.03542780748663099
2024-06-11,362.5,365.8999938964844,358.1000061035156,363.2999877929688,461982,346.6156752736191,326.42297543162874,62.79195398775125,12.482168528930979,374.0,786315.7,True,False,True,False,1,-0.028609658307570007
2024-06-12,365.25,368.7999877929688,363.3500061035156,365.3500061035156,1092878,348.3998972574188,327.9495256540557,63.66977264195492,11.983442205435908,374.0,790598.4,True,False,True,True,2,-0.023128325926428772
2024-06-13,366.8999938964844,369.0,366.0,366.8999938964844,691209,350.1618112230441,329.47699499689605,64.35451576928062,11.388195897653656,374.0,797279.1,True,False,True,False,1,-0.01898397353881187
2024-06-14,368.25,375.8999938964844,367.2999877929688,370.0,741261,352.0511625351351,331.06613244799814,65.74511207595542,11.21761047639268,374.0,788594.85,True,False,True,False,1,-0.010695187165775444
2024-06-18,375.8500061035156,375.8500061035156,371.0,372.5499877929688,438937,354.0034316073098,332.69295030466367,66.88937077486304,10.83421016404432,375.8999938964844,792622.1,True,False,True,False,1,-0.008911961047911365
2024-06-19,374.7000122070313,378.0,367.25,374.0,749274,355.90786669232784,334.3128346064416,67.55310326735835,10.828195152326868,375.8999938964844,787360.0,True,False,True,False,1,-0.005054519625790621
2024-06-20,375.4500122070313,379.6000061035156,373.6000061035156,377.0499877929688,639543,357.92140203524605,335.9888013980701,68.96246971179453,10.483324070017806,378.0,806463.3,True,False,True,False,1,-0.0025132598069608214
2024-06-21,379.0,380.4500122070313,376.0,378.5499877929688,520803,359.88602925026726,337.6578675312034,69.66044148364367,10.052373222661627,379.6000061035156,806428.05,True,False,True,False,1,-0.002766117738840279
2024-06-24,378.0,382.5,374.7000122070313,380.7999877929688,324804,361.87783482576265,339.34971538460593,70.7239456356555,9.891488549112132,380.4500122070313,768319.1,True,True,True,False,1,0.0009198990004160024
2024-06-25,382.4500122070313,385.2999877929688,380.5,382.4500122070313,690588,363.83708981445494,341.0399231031324,71.51257980485232,9.527809923673324,382.5,763650.3,True,False,True,False,1,-0.0001306870404410576
2024-06-26,383.5,451.2000122070313,382.1499938964844,383.9500122070313,1197222,365.75260623279553,342.72267169544216,72.24455573526356,13.77939623702144,385.2999877929688,767078.95,True,False,True,True,2,-0.003503700048552494
2024-06-27,385.0,388.25,382.0,384.75,506518,367.5618818296722,344.3708022171895,72.64820695121034,13.241582220091336,451.2000122070313,802916.2,True,False,True,False,1,-0.1472739592403668
2024-06-28,385.0,388.0,384.25,386.75,504288,369.3893216554177,346.03273154200565,73.67881798826771,12.563612061513384,451.2000122070313,794795.05,True,False,True,False,1,-0.14284133524681442
2024-07-01,388.5,394.7999877929688,387.3500061035156,392.1000061035156,473372,371.55224398380795,347.8392913287315,76.25614317191918,12.241210328045913,451.2000122070313,786736.55,True,False,True,False,1,-0.13098405253676693
2024-07-02,393.9500122070313,396.1000061035156,388.1000061035156,391.7000122070313,957864,373.4710790526864,349.55931959846873,75.65964120941837,11.938266733185491,451.2000122070313,648457.35,True,False,True,True,2,-0.1318705638081824
2024-07-03,396.0,400.0,392.0,397.0,585027,375.71192866671623,351.41973843774446,78.10371172125575,11.67838966602715,451.2000122070313,660276.25,True,False,True,False,1,-0.1201241372798586
2024-07-04,400.5,401.0,392.8999938964844,393.75,323801,377.42984022226705,353.0797486950878,73.24671214413003,11.42279084013347,451.2000122070313,643373.55,True,False,True,False,1,-0.1273271512693812
2024-07-05,393.6499938964844,393.7000122070313,388.1000061035156,391.3500061035156,279334,378.75557030619547,354.58054310326145,69.79501822874562,11.01044820130139,451.2000122070313,613005.25,True,False,True,False,1,-0.13264628653434907
2024-07-08,392.1499938964844,398.0,388.0,389.3500061035156,579022,379.76456419165453,355.9440514562126,66.96307794443786,10.93827332977986,451.2000122070313,601172.05,True,False,True,False,1,-0.13707891052790144
2024-07-09,390.0,392.5,388.0499877929688,391.1499938964844,377553,380.84889083020977,357.32467664994874,68.21313991763706,10.474826106726384,451.2000122070313,606990.95,True,False,True,False,1,-0.13308957598829418
2024-07-10,391.8999938964844,394.3999938964844,385.8500061035156,390.2999877929688,433478,381.74899530285353,358.61782610653773,66.92530704778383,10.337337655743697,451.2000122070313,606764.0,True,False,True,False,1,-0.1349734547128486
2024-07-11,391.6499938964844,392.5,386.7000122070313,389.6499938964844,394567,382.50147135938977,359.8347738630062,65.90070912708637,10.013241236974054,451.2000122070313,605338.8,True,False,True,False,1,-0.13641404398345836
2024-07-12,391.0,391.75,386.75,387.4500122070313,540773,382.9727609639271,360.91772438630136,62.41761858619227,9.655152577190194,451.2000122070313,570423.25,True,False,True,False,1,-0.1412898897944811
2024-07-15,389.7999877929688,390.6000061035156,380.0,381.2000122070313,682272,382.8039277489846,361.71310822240844,53.729373091889364,9.722642114784867,451.2000122070313,562901.45,True,False,True,True,2,-0.15514183977433227
2024-07-16,382.0,393.3999938964844,380.5,385.2999877929688,526956,383.0416477531736,362.63808389184214,57.87205076619797,9.94959581347769,451.2000122070313,559952.0,True,False,True,False,1,-0.14605501469672955
2024-07-18,386.8999938964844,388.3999938964844,381.0,386.5499877929688,363525,383.37577537601123,363.575805613455,59.07508227155292,9.767481390835309,451.2000122070313,564352.95,True,False,True,False,1,-0.1432846247007593
2024-07-19,397.0,397.0,376.7000122070313,380.1000061035156,807287,383.0637973500593,364.22381347581035,50.98452860757951,10.51980327670198,451.2000122070313,545065.5,True,False,True,True,2,-0.15757979649808107
2024-07-22,379.6499938964844,379.6499938964844,366.0,371.7999877929688,604181,381.99105358271737,364.52091835099304,42.85161192794643,10.775532050045811,451.2000122070313,553452.7,True,False,False,True,1,-0.17597522665320786
2024-07-23,372.1499938964844,374.4500122070313,358.1000061035156,373.0,529081,381.1347627653157,364.85343135683644,44.236607543268114,11.173708768150803,451.2000122070313,557621.6,True,False,False,False,0,-0.17331562520248678
2024-07-24,375.0,393.2999877929688,374.7000122070313,387.25,829067,381.71716631147615,365.73172816637225,57.43012676327805,11.825585841352089,451.2000122070313,567835.45,True,False,True,True,2,-0.14173317924842632
2024-07-25,386.0499877929688,394.1000061035156,384.6000061035156,392.4500122070313,365375,382.73934211105285,366.779504011104,61.05152363735249,11.659472566969797,451.2000122070313,574759.4,True,False,True,False,1,-0.13020832981060027
2024-07-26,394.0,394.8500061035156,387.5,388.5499877929688,440106,383.29273693790196,367.6332484731379,57.12635833510612,11.351653533865926,401.0,533167.05,True,False,True,False,1,-0.031047411987608964
2024-07-29,400.5,400.5499877929688,390.0,391.4500122070313,635758,384.0696202968667,368.56723920780036,59.22562573183198,11.397963995732647,401.0,529846.45,True,False,True,True,2,-0.023815430905158808
2024-07-30,392.7999877929688,408.7999877929688,392.7999877929688,405.6499938964844,1262628,386.1248939730208,370.0214648818664,67.59296684313178,11.823107680747281,401.0,536419.95,True,True,True,True,2,0.011595994754325156
2024-07-31,408.0,413.8999938964844,396.6499938964844,399.25,784290,387.37490407082834,371.16768194532267,61.47028292009687,12.21074284640819,408.7999877929688,575882.75,True,False,True,True,2,-0.023361027588399197
2024-08-01,401.8500061035156,403.5499877929688,392.4500122070313,398.8500061035156,655243,388.46777093108426,372.2532632848597,61.09778463123298,12.13140232780314,413.8999938964844,567204.05,True,False,True,True,2,-0.03636141100483492
2024-08-02,395.5,400.1499938964844,391.0499877929688,395.2999877929688,430803,389.11845825126375,373.1570564028248,57.75280072705182,11.914874026068315,413.8999938964844,570714.85,True,False,True,False,1,-0.04493840632471091
2024-08-05,389.8999938964844,390.0,378.2999877929688,382.1499938964844,382695,388.45479497938004,373.50972061826246,47.400612416962254,12.278097309920577,413.8999938964844,576064.95,True,False,False,False,0,-0.07670935121574474
2024-08-06,388.8500061035156,390.2999877929688,381.0499877929688,383.1000061035156,282676,387.9448150864406,373.8858102451352,48.12407041634645,12.061804644926251,413.8999938964844,581233.0,True,False,False,False,0,-0.07441408129296023
2024-08-07,387.2999877929688,388.9500122070313,383.1000061035156,386.1000061035156,358460,387.7691189928287,374.36479831801284,50.442116869740325,11.618104749111211,413.8999938964844,566415.7,True,False,True,False,1,-0.06716595361903166
2024-08-08,387.0,390.8500061035156,382.5,385.3500061035156,388526,387.5387272890846,374.79559078018946,49.84249057350842,11.38466913156867,413.8999938964844,565461.05,True,False,False,False,0,-0.06897798553751378
2024-08-09,389.5499877929688,396.6499938964844,384.6000061035156,394.6499938964844,905320,388.2159907755036,375.57419482396574,56.713842608481094,11.432191893097247,413.8999938964844,563213.45,True,False,True,True,2,-0.046508819241042
2024-08-12,396.3999938964844,402.0,393.0,400.0499877929688,811897,389.3430381105003,376.53402984235805,60.129349244764846,11.258463900733158,413.8999938964844,588751.1,True,False,True,True,2,-0.033462204174323884
2024-08-13,402.0,403.7999877929688,392.7999877929688,394.2000122070313,616002,389.8056070720747,377.22681346450213,55.06068870357496,11.240002193537933,413.8999938964844,602307.3,True,False,True,True,2,-0.0475959941530707
2024-08-14,395.4500122070313,395.4500122070313,389.0,390.1000061035156,541735,389.83364507506906,377.731644548385,51.76705502369383,10.897860051644603,413.8999938964844,598993.8,True,False,True,False,1,-0.05750178338712675
2024-08-16,393.9500122070313,395.4500122070313,389.2999877929688,392.7999877929688,527992,390.11615390534524,378.32255996974123,53.729939420857605,10.558728934674452,413.8999938964844,599732.75,True,False,True,False,1,-0.05097851271965137
2024-08-19,396.8999938964844,410.7999877929688,394.3999938964844,408.7000122070313,1223732,391.8860451721725,379.5138326064977,63.22200358035712,11.09024829648342,413.8999938964844,607956.1,True,False,True,True,2,-0.012563377062415615
2024-08-20,409.7999877929688,426.75,408.7000122070313,423.7999877929688,1351807,394.925468278915,381.2505445745946,69.60015837742684,11.587372546232368,413.8999938964844,628778.35,True,True,True,True,2,0.02391880657761103
2024-08-21,425.9500122070313,429.7999877929688,418.8999938964844,427.2000122070313,1144767,397.99923436730705,383.052484481749,70.82697303553769,11.538274071250374,426.75,666159.65,True,True,True,True,2,0.0010545101512158261
2024-08-22,431.3999938964844,433.0,426.0,429.3999938964844,630570,400.9897828938954,384.87003387056217,71.62490644873802,11.214111637589633,429.7999877929688,696943.95,True,False,True,False,1,-0.0009306512513841403
2024-08-23,431.7999877929688,434.0,428.4500122070313,431.1000061035156,509870,403.8574231995735,386.68297395812897,72.25639532169838,10.809531362973852,433.0,687019.1,True,False,True,False,1,-0.004387976666245685
2024-08-26,432.0,435.4500122070313,430.1000061035156,432.1499938964844,465068,406.55195374213645,388.4659943478684,72.66108907793509,10.419565273012553,434.0,694243.85,True,False,True,False,1,-0.004262686874459964
2024-08-27,432.5499877929688,432.9500122070313,426.2999877929688,430.75,349494,408.8565295762187,390.124190647952,71.17039149632373,10.150312354516123,435.4500122070313,695491.95,True,False,True,False,1,-0.010793459812321049
2024-08-28,431.0499877929688,434.0,427.6000061035156,431.2999877929688,577857,410.9940017873377,391.73892779089385,71.4184674940999,9.882432464656713,435.4500122070313,681178.75,True,False,True,False,1,-0.009530426679812298
2024-08-29,431.2000122070313,442.0,428.0,439.5499877929688,1003545,413.71361950215976,393.613871320387,74.90658673312062,10.176544431466947,435.4500122070313,646940.2,True,True,True,True,2,0.009415490804919768
2024-08-30,443.3500061035156,454.7000122070313,443.0,450.9500122070313,1277143,417.2599426169094,395.86234743358875,78.76339024489923,10.531793001652343,442.0,657902.95,True,True,True,True,2,0.02024889639599836
2024-09-02,453.2999877929688,456.4500122070313,441.1000061035156,443.8999938964844,508817,419.79709035782133,397.7461767066435,71.4496882593894,10.875951080356867,454.7000122070313,688997.95,True,False,True,False,1,-0.023751963977580726
2024-09-03,444.6000061035156,446.8999938964844,442.5499877929688,445.1000061035156,474596,422.2068918574113,399.60318962416795,71.9275186445123,10.409812153439631,456.4500122070313,692898.65,True,False,True,False,1,-0.024865824953396398
2024-09-04,443.8999938964844,458.6499938964844,442.5499877929688,454.0,899843,425.2348069186102,401.7363978742006,75.23763834351047,10.816254578445056,456.4500122070313,697493.7,True,False,True,True,2,-0.0053675367324123036
2024-09-05,459.7999877929688,461.3999938964844,454.0,456.25,701261,428.1886348311235,403.8741861928594,76.0078490899772,10.572235958305008,458.6499938964844,728352.05,True,False,True,False,1,-0.005232735045072379
2024-09-06,456.7000122070313,457.8999938964844,448.6000061035156,450.4500122070313,403039,430.30876600978144,405.7006891738073,69.96646191395271,10.481361089352419,461.3999938964844,745492.1,True,False,True,False,1,-0.023732080265067568
2024-09-09,450.7999877929688,450.8999938964844,442.2000122070313,446.2999877929688,298318,431.83173951294214,407.2928185314215,65.9285222665184,10.354119703645322,461.3999938964844,746217.75,True,False,True,False,1,-0.03272649827321683
2024-09-10,448.4500122070313,467.4500122070313,448.0,459.6499938964844,2104814,434.4810970732795,409.3460410947573,71.6055265956223,11.125255754389407,461.3999938964844,715867.65,True,False,True,True,2,-0.0037928045581911984
2024-09-11,461.9500122070313,463.8999938964844,452.0,454.1499938964844,482124,436.35432534215613,411.1030588516878,66.6764387336997,11.180594193110478,467.4500122070313,780513.5,True,False,True,False,1,-0.028452279309507
2024-09-12,456.7999877929688,457.7000122070313,450.2999877929688,453.75,451941,438.0110562619508,412.77548791632756,66.31889214591575,10.910553494607052,467.4500122070313,773819.6,True,False,True,False,1,-0.02930797272278951
2024-09-13,454.8500061035156,460.7999877929688,453.5499877929688,457.4500122070313,573394,439.8623853995775,414.5274300453748,68.02686117500615,10.649085387849405,467.4500122070313,769329.9,True,False,True,False,1,-0.021392661758175446
2024-09-16,461.0,464.3999938964844,453.0,460.0,388448,441.7802534567606,416.3106680828111,69.18658115259963,10.70272170989476,467.4500122070313,771600.0,True,False,True,False,1,-0.015937559123929912
2024-09-17,462.2999877929688,469.6499938964844,458.9500122070313,463.5499877929688,1171394,443.85356148878043,418.1631904243859,70.77580080233231,10.702525994148926,467.4500122070313,729835.8,True,False,True,True,2,-0.008343190313866544
2024-09-18,465.0,466.3999938964844,461.1000061035156,464.2999877929688,451169,445.80084018441744,419.9724765957029,71.1147535842786,10.316630408350342,469.6499938964844,720815.15,True,False,True,False,1,-0.011391474870741214
2024-09-19,470.0,471.8999938964844,455.0499877929688,457.7000122070313,459758,446.9340946627616,421.4519877961472,64.07217357700549,10.783300100862144,469.6499938964844,686135.25,True,False,True,False,1,-0.025444441274893204
2024-09-20,459.0,462.4500122070313,450.0499877929688,457.25,474915,447.91656183773665,422.8558314119846,63.60962054321907,10.898780408947884,471.8999938964844,677594.65,True,False,True,False,1,-0.03104470033050688
2024-09-23,459.8999938964844,465.2999877929688,458.6499938964844,464.2000122070313,478164,449.4673666348123,424.4771718353198,67.5106486022051,10.695295222092236,471.8999938964844,675846.9,True,False,True,False,1,-0.01631697772630636
2024-09-24,469.0,475.7999877929688,467.5499877929688,471.3999938964844,890977,451.55618827878106,426.31728250438505,70.98122831222102,10.759915248081183,471.8999938964844,676501.7,True,False,True,True,2,-0.0010595465277960514
2024-09-25,471.3999938964844,477.0,466.8999938964844,469.9500122070313,393249,453.3079810338525,428.0283699437045,69.3740146369266,10.712778880612216,475.7999877929688,703575.85,True,False,True,False,1,-0.012295030971045229
2024-09-26,470.8999938964844,473.3999938964844,467.25,468.25,377845,454.73103045919987,429.6056887694416,67.44578338570287,10.386865667460228,477.0,694345.45,True,False,True,False,1,-0.01834381551362685
2024-09-27,469.0,471.0,465.1000061035156,467.0499877929688,370013,455.9042644909874,431.0740926527172,66.05020332477568,10.066374826676238,477.0,663060.45,True,False,True,False,1,-0.020859564375327433
2024-09-30,467.0,468.8999938964844,461.0499877929688,467.2000122070313,290702,456.98004998775343,432.4907953803374,66.14452030403677,9.908062775021905,477.0,617703.95,True,False,True,False,1,-0.020545047784001458
2024-10-01,469.6000061035156,482.8500061035156,467.1000061035156,478.5499877929688,1037500,459.0343297787263,434.2970382200484,72.39317867274893,10.325344005377485,477.0,606798.2,True,True,True,True,2,0.0032494502997248986
2024-10-03,477.0,477.4500122070313,466.5499877929688,471.25,415338,460.19772694265714,435.74617397612496,64.18740527904527,10.444962290707664,482.8500061035156,634943.4,True,False,True,False,1,-0.02402403636094963
2024-10-04,474.0,474.3999938964844,463.1000061035156,470.1000061035156,262682,461.1408011484532,437.0933830791599,62.97636784615105,10.50603554086917,482.8500061035156,610718.15,True,False,True,False,1,-0.026405715727104262
2024-10-07,474.4500122070313,474.4500122070313,447.6000061035156,450.8500061035156,500387,460.16072542988775,437.6328584918797,46.99320581692932,11.673462009629636,482.8500061035156,588789.2,True,False,False,False,0,-0.06627316888371271
2024-10-08,452.2000122070313,457.9500122070313,443.1000061035156,454.3500061035156,416668,459.6073235892809,438.2884329080223,49.502639730836684,11.900358016335783,482.8500061035156,593656.6,True,False,False,False,0,-0.05902454103705668
2024-10-09,456.75,478.3999938964844,454.5,472.25,1265929,460.8113880093494,439.620259068492,59.946369631008814,12.768188714666708,482.8500061035156,599574.1,True,False,True,True,2,-0.021952999833333653
2024-10-10,474.8999938964844,487.1000061035156,471.5499877929688,473.7000122070313,951117,462.0388760281762,440.9567199758857,60.656219493711674,12.966890828658144,482.8500061035156,557629.85,True,False,True,True,2,-0.01894997158708267
2024-10-11,475.5,482.7000122070313,469.2000122070313,481.1000061035156,689607,463.8542217496371,442.5309664906947,64.14825977310085,13.004970055182563,487.1000061035156,581079.5,True,False,True,True,2,-0.01231779906552688
2024-10-14,485.5,489.2999877929688,479.1000061035156,480.8500061035156,440895,465.47286787857786,444.03367392649164,63.94177824933283,12.80461374334475,487.1000061035156,592962.8,True,False,True,False,1,-0.012831040693257134
2024-10-15,482.7999877929688,484.7999877929688,479.5499877929688,482.6499938964844,385281,467.108784642188,445.548039415511,64.81980706424218,12.264998475962983,489.2999877929688,586337.85,True,False,True,False,1,-0.013590831928036229
2024-10-16,489.0499877929688,491.3999938964844,479.8999938964844,488.9500122070313,1283109,469.18890155312545,447.2500775641981,67.77729757180288,12.210355727679913,489.2999877929688,586179.5,True,False,True,True,2,-0.0007152577042074393
2024-10-17,489.9500122070313,494.8999938964844,477.8500061035156,480.0,334855,470.21852997663734,448.534388247955,60.053514458534615,12.5560437323434,491.3999938964844,591765.25,True,False,True,False,1,-0.023199011066503683
2024-10-18,480.5,497.7999877929688,472.2999877929688,493.0499877929688,695849,472.39295453057366,450.280098034034,66.11672161494113,13.480612037176016,494.8999938964844,585949.55,True,False,True,True,2,-0.0037381412938600755
2024-10-21,495.8999938964844,498.1000061035156,486.3500061035156,487.7999877929688,293665,473.8602910317542,451.7514662598746,62.03719417364777,13.356996891663442,497.7999877929688,597754.1,True,False,True,False,1,-0.020088389403815965
2024-10-22,488.75,493.9500122070313,467.6499938964844,474.2000122070313,652740,473.89264542939964,452.6318013950572,52.9267905912074,14.281498421583692,498.1000061035156,588691.6,True,False,True,True,2,-0.04798232002333558
2024-10-23,481.0499877929688,488.0,475.5,481.8999938964844,564791,474.6552500453124,453.77957365001515,56.795374009283016,14.247104805254049,498.1000061035156,597420.4,True,False,True,False,1,-0.03252361374929302
2024-10-24,486.0,486.5,470.1499938964844,471.8500061035156,318733,474.3880839556175,454.48821805995635,50.914035178427625,14.397312040844161,498.1000061035156,581111.1,True,False,True,False,1,-0.05270026034600106
2024-10-25,473.9500122070313,475.8999938964844,451.5499877929688,455.7000122070313,458090,472.6082675986093,454.5357393990573,43.17650685890887,15.108218759606405,498.1000061035156,577385.3,True,False,False,False,0,-0.0851234558862316
2024-10-28,459.8999938964844,474.3999938964844,449.5,469.75,475799,472.336051636837,455.13237706968255,50.25873377572672,15.807631269383403,498.1000061035156,581397.55,True,False,True,False,1,-0.05691629342727589
2024-10-29,470.7999877929688,485.5,463.0499877929688,482.8500061035156,607999,473.33738063366354,456.2193429141466,55.79133699401752,16.28208705064396,498.1000061035156,586686.85,True,False,True,True,2,-0.03061634172481964
2024-10-30,483.7999877929688,498.0,482.5499877929688,495.7999877929688,836717,475.4766765535974,457.7715250662573,60.471927675893944,16.222653133243046,498.1000061035156,602551.7,True,False,True,True,2,-0.004617583381576695
2024-10-31,501.0,522.75,501.0,520.0999755859375,1739639,479.7265145566774,460.21577802781337,67.43850159052553,16.98889306708506,498.1000061035156,592512.55,True,True,True,True,2,0.044167775974389034
2024-11-01,524.9000244140625,528.7999877929688,520.7000122070312,522.8499755859375,238247,483.83351084517835,462.67202106930847,68.12320051573319,16.396830148509785,522.75,658727.6,True,True,True,False,1,0.0001912493274749405
2024-11-04,526.0,529.2000122070312,507.25,519.25,490474,487.20650981230426,464.89076534110035,66.16185335285417,16.793486009832748,528.7999877929688,657505.85,True,False,True,False,1,-0.01805973527500848
2024-11-05,517.5,530.9000244140625,515.5,527.2999877929688,588636,491.02493628665326,467.3381858294089,68.35583702092653,16.6939530387063,529.2000122070312,657010.2,True,False,True,False,1,-0.003590371069982501
2024-11-06,533.0999755859375,536.0,522.0,533.4000244140625,734765,495.06065896545414,469.92884616606204,69.94603258346558,16.501527821655852,530.9000244140625,665608.6,True,True,True,True,2,0.0047089845263412755
2024-11-07,537.0,539.9000244140625,530.0,531.9000244140625,1097087,498.5691699605597,472.3590884502974,69.02744155048835,16.029991863970615,536.0,639050.4,True,False,True,True,2,-0.0076492081827191916
2024-11-08,536.5,538.0,517.2999877929688,523.9500122070312,1019833,500.98639303165226,474.38226193095363,64.21405818431674,16.363564745617804,539.9000244140625,646348.9,True,False,True,True,2,-0.029542529145727192
2024-11-11,522.0,525.75,514.2000122070312,522.0999755859375,414869,502.9972104177747,476.2535448193844,63.111168411148924,16.01973782042859,539.9000244140625,662860.2,True,False,True,False,1,-0.03296915729433958
2024-11-12,524.7999877929688,534.0999755859375,521.9000244140625,523.5499877929688,561378,504.95461778684074,478.1083072889367,63.63830376370494,15.746895916960476,539.9000244140625,661558.9,True,False,True,False,1,-0.030283452272183098
2024-11-13,523.5999755859375,526.4000244140625,503.25,507.1499938964844,483944,505.1637012258544,479.24719695982094,54.203899414072914,16.27569080961062,539.9000244140625,670363.75,True,False,True,False,1,-0.06065943514842542
2024-11-14,508.0499877929688,532.5,508.0499877929688,526.7999877929688,689173,507.224299946532,481.11201228661105,61.55765482799412,16.923856187746694,539.9000244140625,630405.5,True,False,True,True,2,-0.024263819278968923
2024-11-18,528.0,536.25,518.0,526.5,274901,509.0600809040052,482.8919333734106,61.39556955397418,17.018580745764787,539.9000244140625,648121.4,True,False,True,False,1,-0.024819455099312382
2024-11-19,531.0,540.0,528.0499877929688,530.4000244140625,655709,511.0924564763916,484.7549957671617,62.76810954711912,16.76725354963873,539.9000244140625,627074.0,True,False,True,True,2,-0.017595850287856707
2024-11-21,529.5,532.4500122070312,518.0499877929688,522.4000244140625,312208,512.1693677085507,486.2312714003735,58.197252050616754,16.59816575424043,540.0,645176.2,True,False,True,False,1,-0.032592547381365744
2024-11-22,524.0,540.0,520.4000244140625,537.7999877929688,654884,514.6103791451619,488.2535740040047,63.680225697306675,16.812580742218792,540.0,628149.6,True,False,True,True,2,-0.0040740966796875
2024-11-25,549.0,555.0,515.0,520.7000122070312,1010017,515.1903441986733,489.52598334529984,55.04644369182299,18.46882497491745,540.0,632654.25,True,False,True,True,2,-0.03574071813512736
2024-11-26,524.7999877929688,530.6500244140625,521.0,527.1500244140625,263728,516.3293613620436,491.00143593623176,57.39298049232907,17.860338348639864,555.0,667218.45,True,False,True,False,1,-0.050180136190878355
2024-11-27,529.5,531.7999877929688,521.75,530.3499755859375,360078,517.6646579547954,492.5445159224948,58.54900171586672,17.30245616609193,555.0,657500.35,True,False,True,False,1,-0.04441445840371616
2024-11-28,534.7999877929688,535.8499755859375,521.5,526.1500244140625,278639,518.4727880937733,493.86237900059547,56.38655321418784,17.091564696080898,555.0,651714.3,True,False,True,False,1,-0.05198193799268014
2024-11-29,529.7999877929688,532.5999755859375,525.0,530.2999877929688,365788,519.5991880651252,495.2913048355905,58.03581566516688,16.41359404535637,555.0,635246.3,True,False,True,False,1,-0.04450452649915537
2024-12-02,531.2000122070312,535.0,525.2999877929688,533.5,372088,520.9230749160656,496.7896850381164,59.31346627587297,15.934052485476004,555.0,611699.85,True,False,True,False,1,-0.03873873873873879
2024-12-03,535.4000244140625,540.7000122070312,526.8499755859375,530.7000122070312,684839,521.8542118009195,498.1195017898385,57.659252937729455,15.7851942094487,555.0,543322.3,True,False,True,True,2,-0.0437837617891329
2024-12-04,533.9000244140625,544.7999877929688,529.5,542.4000244140625,355389,523.810955859314,499.8559928731414,62.380590456932836,15.750536608271561,555.0,565651.9,True,False,True,False,1,-0.022702658713400936
2024-12-05,545.2999877929688,555.0,544.0999755859375,548.4000244140625,512590,526.1527719121472,501.7596803845501,64.56289040602724,15.525496535247699,555.0,558897.65,True,False,True,False,1,-0.011891847902590125
2024-12-06,554.0,557.8499755859375,547.0499877929688,553.1500244140625,388792,528.7239388170915,503.7749879935506,66.23291578594713,15.187960196513488,555.0,555095.35,True,False,True,False,1,-0.0033332893440315425
2024-12-09,553.4000244140625,562.4500122070312,549.2999877929688,558.5,602448,531.5597541678446,505.9210668957643,68.05874292324623,15.042393354909846,557.8499755859375,537796.7,True,True,True,True,2,0.001165231590052107
2024-12-10,560.7000122070312,565.2000122070312,553.2000122070312,559.0499877929688,441542,534.1778716559517,508.0045539897723,68.24881223695112,14.825079543844858,562.4500122070312,513064.75,True,False,True,False,1,-0.006045025051596875
2024-12-11,562.0499877929688,564.7000122070312,556.0,557.5999755859375,367326,536.4085482207122,509.9494724837396,67.11489281325052,14.387574734072457,565.2000122070312,484150.2,True,False,True,False,1,-0.01344663208943786
2024-12-12,558.8499755859375,563.4500122070312,554.75,559.6500244140625,173279,538.6220221438884,511.89851373590915,67.92625360731033,13.981320267855228,565.2000122070312,481773.05,True,False,True,False,1,-0.009819511098905997
2024-12-13,558.0,560.0,543.25,553.4000244140625,451915,540.029450931524,513.5260239585818,62.83616954394912,14.179083105865569,565.2000122070312,462368.1,True,False,True,False,1,-0.020877543414925537
2024-12-16,554.0,566.2999877929688,554.0,563.7999877929688,623023,542.293311584995,515.4975519520873,67.23586374417187,14.087717411082762,565.2000122070312,460766.65,True,False,True,True,2,-0.0024770424342270836
2024-12-17,564.9000244140625,568.9000244140625,548.1500244140625,551.2000122070312,858501,543.1415687870937,516.8976484326733,58.23994444405567,14.563594738862566,566.2999877929688,457459.15,True,False,True,True,2,-0.026664269665246487
2024-12-18,552.7999877929688,553.9000244140625,541.2999877929688,546.75,663362,543.4852289026086,518.068328886294,55.41971135338236,14.423340587593366,568.9000244140625,486639.15,True,False,True,True,2,-0.03893482767358969
2024-12-19,544.0,550.0,538.5499877929688,547.5999755859375,186990,543.8771095391161,519.2264326784369,55.85938693355334,14.210959988981786,568.9000244140625,487021.8,True,False,True,False,1,-0.03744075920907708
2024-12-20,549.4000244140625,551.5,530.0,532.9500122070312,331023,542.8364336027271,519.7646122677936,47.21584057070235,14.731605704054516,568.9000244140625,480760.9,True,False,False,False,0,-0.06319214389919903
2024-12-23,536.9000244140625,540.4000244140625,527.0,530.5,213257,541.6615351643721,520.185607865135,45.93568603232037,14.636492754769371,568.9000244140625,464567.85,True,False,False,False,0,-0.06749872168420545
2024-12-24,531.6500244140625,535.9000244140625,526.0,528.2000122070312,348213,540.3794853589111,520.4998982314838,44.710159110492164,14.298173587576024,568.9000244140625,424729.85,True,False,False,False,0,-0.07154158984076353
2024-12-26,529.7999877929688,541.7000122070312,525.5999755859375,536.25,448658,539.9862010390149,521.1175492812296,49.762102538007596,14.426878089970149,568.9000244140625,428954.1,True,False,False,True,1,-0.05739149764967988
2024-12-27,557.0,563.7000122070312,539.25,550.4500122070312,2026985,540.9827544835879,522.2678419449865,57.19248742924817,15.357101955474514,568.9000244140625,433383.1,True,False,True,True,2,-0.03243102727238201
2024-12-30,551.5,556.3499755859375,530.7000122070312,538.4000244140625,750303,540.7367801912521,522.9004765516169,50.38255758268686,16.092306342862496,568.9000244140625,520800.4,True,False,True,True,2,-0.05361223183530961
2024-12-31,538.0,559.0,533.0499877929688,555.6500244140625,641969,542.1570891648531,524.1847725462226,58.07798846056643,16.79642819030312,568.9000244140625,540026.15,True,False,True,True,2,-0.023290559731732885
2025-01-01,557.5,558.8499755859375,550.7999877929688,554.7999877929688,324548,543.3611747484832,525.3853692225656,57.60387369931529,16.171682447636382,568.9000244140625,553520.2,True,False,True,False,1,-0.024784735482506037
2025-01-02,555.25,561.7999877929688,554.7999877929688,557.6500244140625,431691,544.7220175737765,526.6506498183105,58.81776367464404,15.516562272805212,568.9000244140625,535505.65,True,False,True,False,1,-0.019775003545810965
2025-01-03,560.0499877929688,562.4000244140625,546.0499877929688,547.2999877929688,462557,544.9675385470329,527.460427778101,52.894760909316986,15.576096154825823,568.9000244140625,539320.75,True,False,True,False,1,-0.037968071179713236
2025-01-06,553.0,555.9500122070312,529.0,532.7000122070312,425589,543.7992027051279,527.6659016772747,45.876652466900005,16.388518729983353,568.9000244140625,536819.1,True,False,False,False,0,-0.06363158842243921
2025-01-07,533.7999877929688,537.9500122070312,531.5999755859375,535.9500122070312,218413,543.0516607529282,527.9907687568731,47.545088235210834,15.671484293634096,568.9000244140625,538658.95,True,False,False,False,0,-0.057918809620316036
2025-01-08,537.0,538.4500122070312,528.2000122070312,537.25,246605,542.4991216336017,528.3538758644468,48.232508857125836,15.284235415517376,568.9000244140625,519457.2,True,False,False,False,0,-0.05563371955671892
2025-01-09,537.5499877929688,538.0,529.0,532.9500122070312,204604,541.589682640595,528.5341165053325,46.081341775033806,14.835361457266135,568.9000244140625,509710.35,True,False,False,False,0,-0.06319214389919903
2025-01-10,533.7000122070312,534.0499877929688,520.25,522.5999755859375,208017,539.7811391115799,528.3014050967288,41.30597714535115,14.761406195530608,568.9000244140625,501574.25,True,False,False,False,0,-0.0813852115331013
2025-01-13,521.5,521.5,496.0,498.6499938964844,846591,535.8638871863327,527.1386046575035,32.82828564909603,15.607018294845385,568.9000244140625,503311.15,True,False,False,True,1,-0.12348396467363842
2025-01-14,503.0,509.7000122070313,493.7000122070313,507.1499938964844,416592,533.1292306825377,526.3547375688361,37.71426602164865,15.635088416642144,568.9000244140625,523044.95,True,False,False,False,0,-0.10854285088347015
2025-01-15,510.8999938964844,533.2999877929688,506.7999877929688,529.9000244140625,537371,532.8216872283972,526.4937684255117,48.509665955196766,16.41115352973913,568.9000244140625,512723.4,True,False,False,True,1,-0.06855334562547788
2025-01-16,533.9500122070312,543.8499755859375,530.5,539.3499755859375,441594,533.4434289767344,526.997933412195,52.214577503874885,16.235353361320264,563.7000122070312,496666.9,True,False,True,False,1,-0.043196799882542214
2025-01-17,541.9000244140625,545.9500122070312,537.6500244140625,542.7000122070312,332908,534.3250083320007,527.613701208071,53.49214289277075,15.668541535009442,563.7000122070312,485578.5,True,False,True,False,1,-0.03725385762859856
2025-01-20,545.8499755859375,545.9000244140625,534.2999877929688,541.8499755859375,273306,535.0416718799947,528.1719864777913,53.10418089503328,15.377934041158321,563.7000122070312,492874.4,True,False,True,False,1,-0.03876181683151858
2025-01-21,543.7999877929688,544.75,528.0,530.5499877929688,159127,534.6138924431351,528.2652414313277,48.10900706813978,15.475938752504156,563.7000122070312,489988.55,True,False,False,False,0,-0.058807918566954775
2025-01-22,533.0,536.7999877929688,527.5,535.2999877929688,404192,534.6792348574049,528.5411138376666,50.22836410147822,15.034799398251629,563.7000122070312,487282.05,True,False,True,False,1,-0.050381450770009883
2025-01-23,538.5499877929688,539.9000244140625,529.7000122070312,531.0999755859375,202625,534.3383530220271,528.6414613572066,48.34804028818298,14.689457456021602,563.7000122070312,490081.0,True,False,False,False,0,-0.05783224395092024
2025-01-24,530.0499877929688,533.7000122070312,514.25,516.1500244140625,314768,532.60613124984,528.1516010849265,42.28068371283703,15.02949708109372,563.7000122070312,477779.35,True,False,False,False,0,-0.08435335597527882
2025-01-27,514.9000244140625,514.9500122070312,496.2999877929688,501.2000122070313,273051,529.6150722933821,527.0946760308914,37.246872616980006,15.373821333950861,562.4000244140625,392168.5,True,False,False,False,0,-0.10881936264279601
2025-01-28,504.0,506.2000122070313,478.5499877929688,484.7000122070313,525553,525.3374475232534,525.4321401946615,32.62952339372559,16.250692982530264,562.4000244140625,368305.9,False,False,False,True,1,-0.13815791044458625
2025-01-29,490.2999877929688,518.75,486.3999938964844,511.1000061035156,803110,523.9815007213737,524.870095720499,44.48722263665932,17.522071183275866,562.4000244140625,362485.1,False,False,False,True,1,-0.0912162448143452
2025-01-30,512.0499877929688,516.9000244140625,508.5499877929688,512.0999755859375,403471,522.8499268989513,524.3693066956142,44.88293941304887,16.86692585740571,562.4000244140625,386413.2,False,False,False,True,1,-0.08943820527129276
2025-01-31,514.8499755859375,518.0,507.0499877929688,509.4500122070313,424696,521.5737445473399,523.7842363235129,43.98806079256488,16.444289168093245,562.4000244140625,385002.2,False,False,False,True,1,-0.0941500887419009
2025-02-01,514.5,516.9000244140625,505.0,513.0499877929688,197909,520.7619581897807,523.3632854007465,45.57558720532225,16.11969882851962,555.9500122070312,383109.15,False,False,False,False,0,-0.07716525491879456
2025-02-03,509.0,509.0,498.0,501.2000122070313,297707,518.8989157152331,522.4941374323655,41.41459978162417,16.043290897408845,545.9500122070312,371725.15,False,False,False,False,0,-0.08196721128202877
2025-02-04,503.75,510.7999877929688,500.5,509.0499877929688,227461,517.9609225797794,521.9669158778794,44.99709246157745,15.633054961377415,545.9500122070312,375689.85,False,False,False,False,0,-0.06758865022255822
2025-02-05,512.0,534.7999877929688,510.7000122070313,527.7000122070312,586519,518.888454925232,522.1917431849049,52.43838362836134,16.355693892707595,545.9500122070312,374732.65,False,False,True,True,2,-0.033427968846860945
2025-02-06,528.7999877929688,536.7999877929688,526.75,531.1500244140625,345605,520.0562234479778,522.5430483311465,53.686614977304,15.90528631415482,545.9500122070312,393828.4,False,False,True,False,1,-0.027108686623412703
2025-02-07,536.0,538.75,529.0999755859375,534.75,721351,521.4556307386466,523.0217523181603,55.013354591843694,15.458481892719654,545.9500122070312,400707.8,False,False,True,True,2,-0.020514721048827567
2025-02-10,533.0,533.9000244140625,511.4500122070313,515.4500122070312,351074,520.883667068969,522.7248213334102,47.205774286540084,16.018589457023158,545.9500122070312,394445.8,False,False,False,False,0,-0.05586592053858952
2025-02-11,515.4000244140625,516.9000244140625,488.0,495.25,356527,518.4423654433529,521.647377359551,40.695826751329854,16.93869195395454,545.9500122070312,391169.9,False,False,False,False,0,-0.0928656673201157
2025-02-12,499.0,502.0,480.25,495.3500061035156,845169,516.2430931252732,520.61610789853,40.739398799395,17.282356814386358,545.9500122070312,382127.7,False,False,False,True,1,-0.09268248918790656
2025-02-13,496.4500122070313,513.5499877929688,493.0,498.8999938964844,1163013,514.591369389198,519.7644955847243,42.35838771267649,17.515759027142245,545.9500122070312,402306.45,False,False,False,True,1,-0.08618008473036709
2025-02-14,503.5499877929688,503.7999877929688,479.5,492.5,697353,512.4874294473697,518.695299679441,40.22480654545859,18.000346796129858,545.9000244140625,443811.7,False,False,False,True,1,-0.09782015392173504
2025-02-17,495.0,499.7999877929688,485.2000122070313,492.9500122070313,644335,510.62672304352793,517.6856805628759,40.45193253786595,17.757463138258974,544.75,465014.05,False,False,False,True,1,-0.09508946818351294
2025-02-18,499.0,500.5499877929688,482.7999877929688,493.5,310853,508.9956065631919,516.7372225015866,40.74825218817193,17.75693005695476,539.9000244140625,489274.45,False,False,False,False,0,-0.08594188241502498
2025-02-19,494.2999877929688,497.7000122070313,489.5,492.2999877929688,310001,507.4055476326945,515.778899571837,40.27730685098309,17.074293067674517,539.9000244140625,484607.5,False,False,False,False,0,-0.08816453874539565
2025-02-20,497.0,500.5,489.5,495.4500122070313,428860,506.26692521120276,514.981688302629,42.166826781965796,16.64041499141205,538.75,489976.3,False,False,False,False,0,-0.08037120704031309
2025-02-21,494.0,496.75,482.4500122070313,489.0499877929688,159245,504.62721688565665,513.9647588708776,39.436804419285544,16.47324162009467,538.75,495680.9,False,False,False,False,0,-0.09225060270446628
2025-02-24,487.7999877929688,487.7999877929688,480.5499877929688,481.8500061035156,195931,502.45795871592895,512.7053568015693,36.56842875280412,15.90372436151648,538.75,489990.6,False,False,False,False,0,-0.10561483785890369
2025-02-25,482.5499877929688,488.0,479.5,486.6000061035156,378536,500.9476775147467,511.68161755850844,39.68520120964428,15.374886907122447,538.75,473509.5,False,False,False,False,0,-0.09679813252247682
2025-02-27,487.0,492.8999938964844,479.5,482.6499938964844,156503,499.2050409796741,510.5431225129389,38.012510323519116,15.233823120648298,538.75,452280.8,False,False,False,False,0,-0.1041299417234629
2025-02-28,481.7000122070313,483.75,460.4500122070313,465.6499938964844,473790,496.00932220984646,508.7826076652348,31.800212200163017,15.809977740099754,538.75,439932.4,False,False,False,True,1,-0.13568446608541185
2025-03-03,468.7000122070313,471.9500122070313,438.4500122070313,468.0,978901,493.3417677136706,507.1832897175786,33.42005883204152,17.07355075866406,538.75,442387.1,False,False,False,True,1,-0.131322505800464
2025-03-04,465.0,470.8999938964844,462.3999938964844,468.4500122070313,357258,490.9711243320859,505.6643376583414,33.744586872822524,16.46115427590234,538.75,481436.7,False,False,False,False,0,-0.13048721632105553
2025-03-05,469.7000122070313,487.7999877929688,467.0,483.1000061035156,507946,490.221494024603,504.77946191109334,43.41429536187501,16.771070955692803,538.75,484414.25,False,False,False,True,1,-0.10329465224405454
2025-03-06,486.8999938964844,493.9500122070313,481.1499938964844,489.8500061035156,491826,490.18611422259465,504.1939930558942,47.23537331409135,16.487424338182386,538.75,498438.5,False,False,False,False,0,-0.09076564992386893
2025-03-07,489.0,494.5,485.1000061035156,487.0499877929688,309269,489.88743551501125,503.5216791240148,45.852186001426155,15.981179306632528,538.75,493703.85,False,False,False,False,0,-0.09596289968822491
2025-03-10,488.3999938964844,493.0,486.0,487.6000061035156,256665,489.6695850948688,502.89729978987754,46.18554604353862,15.33966649901592,538.75,491887.05,False,False,False,False,0,-0.09494198403059739
2025-03-11,486.6000061035156,489.4500122070313,478.5,486.75,210580,489.39152937154796,502.26407234713724,45.71711997384988,15.026119763874162,533.9000244140625,468652.75,False,False,False,False,0,-0.08831245974526425
2025-03-12,487.4500122070313,488.7000122070313,476.8500061035156,482.2999877929688,181568,488.7161444593023,501.4811670705032,43.244325918816294,14.799254502419986,516.9000244140625,461628.05,False,False,False,False,0,-0.06693757977727888
2025-03-13,489.0499877929688,491.8999938964844,478.9500122070313,480.6499938964844,300135,487.94793964379585,500.6642583185809,42.33007801735159,14.667163587208062,513.5499877929688,452880.1,False,False,False,False,0,-0.06406385878398191
2025-03-17,483.0,485.8500061035156,480.5499877929688,481.3500061035156,184121,487.319565020912,499.90683666308814,42.88179625553256,13.99808178173226,513.5499877929688,425628.4,False,False,False,False,0,-0.06270077393602069
2025-03-18,481.3500061035156,481.3500061035156,481.3500061035156,481.3500061035156,0,486.75103560020756,499.1791178176147,42.88179625553256,12.998218797322814,503.7999877929688,376683.8,False,False,False,False,0,-0.04456129859748781
2025-03-19,491.2000122070313,505.6499938964844,487.25,502.75,523422,488.2747464954259,499.31915241300237,57.3487512552612,13.805488011297525,500.5499877929688,341816.15,False,True,True,True,2,0.004395189812572919
2025-03-20,504.5,506.5499877929688,497.9500122070313,502.1000061035156,425323,489.59143788667257,499.42820549890484,56.877531336403024,13.433665695200382,505.6499938964844,335770.5,False,False,True,True,2,-0.007020642412378875
2025-03-21,502.0,507.8500061035156,495.8500061035156,496.8999938964844,353908,490.287490839988,499.3290599458687,53.11729297087231,13.33126100268607,506.5499877929688,341494.0,False,False,True,True,2,-0.01905042765577647
2025-03-24,500.9500122070313,507.2000122070313,499.9500122070313,503.0,388791,491.4982059980844,499.4730183793641,56.73107023227189,13.114743667533274,507.8500061035156,343689.35,False,False,True,True,2,-0.009550075898841381
2025-03-25,507.0,510.1000061035156,497.75,501.9500122070313,224615,492.4936161132222,499.5701553922138,55.931886142065856,13.060119555817728,507.8500061035156,341685.9,False,False,True,False,1,-0.011617591465149513
2025-03-26,502.5,503.8500061035156,487.0499877929688,491.7999877929688,511807,492.42755627319804,499.26544293734145,48.77835426603557,13.32725518115552,510.1000061035156,344954.4,False,False,False,True,1,-0.03587535403172126
2025-03-27,493.0,496.9500122070313,484.7000122070313,487.5,345689,491.9582651995602,498.80405301823004,46.089028429689364,13.250308382501554,510.1000061035156,360748.2,False,False,False,False,0,-0.044305049663005414
2025-03-28,492.5,503.75,489.7999877929688,501.8500061035156,491011,492.90033576184163,498.9235021588295,55.00468144360106,13.464572069465728,510.1000061035156,359105.85,False,False,True,True,2,-0.016173299159549126
2025-04-01,501.5,510.7000122070313,494.1499938964844,508.6499938964844,425121,494.4003032032362,499.30493320736497,58.5065234936291,13.684961086685814,510.1000061035156,375831.25,False,False,True,True,2,-0.002842603782947206
2025-04-02,511.7999877929688,514.0,507.1000061035156,512.25,370419,496.1002743267375,499.8125828855075,60.26944758797904,13.200320573099997,510.7000122070313,373397.8,False,True,True,False,1,0.003035025956373616
2025-04-03,510.0,520.4000244140625,505.0,518.7000122070312,443090,498.25263031533694,500.55326638831235,63.27969410913748,13.35744227602589,514.0,342973.7,False,True,True,True,2,0.009143992620683328
2025-04-04,518.7000122070312,521.4000244140625,508.25,513.7000122070312,260980,499.7238095431174,501.06882504787,59.515257993321704,13.342626714457078,520.4000244140625,347265.3,False,False,True,False,1,-0.012874734613194994
2025-04-07,485.0,500.25,476.5,483.9500122070313,292337,498.2215431301568,500.3974990541116,43.089958826800746,15.046725678212375,521.4000244140625,334917.0,False,False,False,False,0,-0.07182587352027203
2025-04-08,503.4500122070313,507.6000061035156,494.5,503.1499938964844,455660,498.6909193936166,500.5054400283223,52.24928233951015,15.661244836660373,521.4000244140625,324942.55,False,False,True,True,2,-0.035001974804445224
2025-04-09,505.0,506.7999877929688,493.1499938964844,504.7000122070313,231695,499.2632139472751,500.6699330549383,52.90821397469237,15.517584055219235,521.4000244140625,332262.1,False,False,True,False,1,-0.0320291741946086
2025-04-11,515.0,518.8499755859375,507.8999938964844,515.5999755859375,624619,500.8190960081001,501.25542491889905,57.36386508215833,15.419896864054019,521.4000244140625,331013.6,False,False,True,True,2,-0.011123990327087108
2025-04-15,525.0,535.75,520.2000122070312,533.6500244140625,835062,503.9458510943822,502.5258013696898,63.519402592247246,15.757763117626054,521.4000244140625,351715.55,True,True,True,True,2,0.023494436951295272
2025-04-16,537.4500122070312,542.6500244140625,534.0499877929688,538.6500244140625,667670,507.25101045816126,503.94243756750836,65.02570918816208,15.275065752081336,535.75,384390.25,True,True,True,True,2,0.005413018038380679
2025-04-17,542.0,546.7000122070312,536.0,544.2999877929688,670889,510.77948449004765,505.5250865959578,66.69899118397487,14.948276213149187,542.6500244140625,402767.0,True,True,True,True,2,0.0030405663036463526
2025-04-21,550.0,561.9000244140625,549.5499877929688,556.25,616418,515.1100097767097,507.5142988863124,69.97136705727655,15.137687670859513,546.7000122070312,427105.4,True,True,True,True,2,0.01746842432729312
2025-04-22,561.3499755859375,570.0,556.0999755859375,562.75,787854,519.6471517027373,509.6804048123394,71.60579292870867,15.04928315251687,561.9000244140625,457926.3,True,True,True,True,2,0.0015126811692594
2025-04-23,585.0,611.0,578.7999877929688,606.4500122070312,4724857,527.9140907983844,513.4752913768372,79.63227280581239,17.420762927337094,570.0,471147.9,True,True,True,True,2,0.06394738983689696
2025-04-24,612.0,625.0,612.0,622.8499755859375,1487575,536.9556036352943,517.7644946791548,81.72062059336302,17.501421846310787,611.0,686124.6,True,True,True,True,2,0.019394395394332964
2025-04-25,628.2999877929688,635.0,613.0999755859375,624.7999877929688,1380732,545.3217354598348,521.9619649973437,81.95750473753336,17.81560774400734,625.0,742807.95,True,False,True,True,2,-0.00032001953125004867
2025-04-28,635.7000122070312,638.0,615.2999877929688,622.4500122070312,1098127,552.6672856262345,525.9026727310569,80.60190782715804,18.164493777080477,635.0,792405.0,True,False,True,True,2,-0.019763760303887823
2025-04-29,625.7000122070312,628.9000244140625,606.2999877929688,613.9500122070312,1080909,558.5037357767866,529.355509573252,75.72313403885025,18.48131826593857,638.0,836080.6,True,False,True,True,2,-0.037695905631612514
2025-04-30,615.0,617.5,604.2999877929688,610.2000122070312,810746,563.4271906749051,532.5258822255571,73.6063447128372,18.104082118873762,638.0,864535.7,True,False,True,False,1,-0.04357364857832091
2025-05-02,618.0,635.0,609.0,613.9000244140625,546938,568.2341272214915,535.7170250564789,74.36770994027272,18.668076253239924,638.0,887788.55,True,False,True,False,1,-0.037774256404290774
2025-05-05,618.0,631.0,614.4000244140625,626.4000244140625,748634,573.7737364779267,539.2732211097175,76.80232090506135,18.556069062718326,638.0,890584.9,True,False,True,False,1,-0.018181779915262486
2025-05-06,629.7999877929688,633.7000122070312,618.5999755859375,620.6500244140625,766775,578.2381448527967,542.4644682981232,73.35095919183257,18.309209602602287,638.0,906760.55,True,False,True,False,1,-0.027194319100215525
2025-05-07,619.9500122070312,624.5,610.2999877929688,622.4500122070312,611005,582.4487988865334,545.601156294551,73.74865777611006,18.015695502918643,638.0,926578.35,True,False,True,False,1,-0.024373021619073287
2025-05-08,626.7999877929688,647.0,616.0,619.7000122070312,1354805,585.9965334884855,548.5069937813149,71.9812384681511,18.943145824138742,638.0,934974.1,True,False,True,True,2,-0.028683366446659475
2025-05-09,613.5,621.0,604.4500122070312,619.5499877929688,810660,589.1921005651029,551.2929935464778,71.88003214061749,18.772205964769455,647.0,989665.35,True,False,True,False,1,-0.04242660310205759
2025-05-12,643.9500122070312,658.7999877929688,635.0499877929688,651.9500122070312,1251146,595.1690445310008,555.2403276115975,78.80947297507544,20.234905538714493,647.0,1015581.5,True,True,True,True,2,0.0076507143849013914
2025-05-13,659.5,668.9000244140625,654.0,658.5999755859375,557126,601.2100855838519,559.293647140003,79.90406000056319,20.00027030073712,658.7999877929688,1055355.8,True,False,True,False,1,-0.00030360080561220304
2025-05-14,661.4000244140625,686.9500122070312,658.5499877929688,677.3499755859375,1279264,608.4615036792886,563.9233070790593,82.62869149759236,20.60025273740322,668.9000244140625,1071627.35,True,True,True,True,2,0.012632607061536572
2025-05-15,680.9000244140625,692.4000244140625,670.9000244140625,679.1500244140625,618326,615.193743749267,568.4420018765105,82.86882584028965,20.664520399017277,686.9500122070312,1104359.6,True,False,True,False,1,-0.011354520204328922
2025-05-16,680.0,687.0,678.9000244140625,684.2000122070312,349080,621.7657693166731,572.9815316933937,83.55562512804929,19.767052912368722,692.4000244140625,1093522.8,True,False,True,False,1,-0.011842882608172123
2025-05-19,685.7000122070312,704.3499755859375,679.9000244140625,690.5499877929688,548831,628.3166472667965,577.5920593835731,84.40239802723055,20.1015456451906,692.4000244140625,1077593.3,True,False,True,False,1,-0.002671918769297177
2025-05-20,694.4500122070312,704.4000244140625,690.0,692.1500244140625,406274,634.3960165189171,582.0845286004551,84.61734114339139,19.694294128681452,704.3499755859375,1071490.4,True,False,True,False,1,-0.017320865471353253
2025-05-21,692.9000244140625,708.0,690.7999877929688,699.9000244140625,411099,640.6344934613119,586.7047441225574,85.64892958107829,19.516131134277867,704.4000244140625,1060983.2,True,False,True,False,1,-0.0063884154514946
2025-05-22,699.75,707.0,698.6500244140625,702.8499755859375,323454,646.559777473181,591.2594590819057,86.03288394431719,18.7185485951107,708.0,1042145.45,True,False,True,False,1,-0.007274045782574179
2025-05-23,704.0,712.5,698.8499755859375,703.75,412402,652.0064653328781,595.6708528433996,86.15459363669373,18.356511153607258,708.0,822075.3,True,False,True,False,1,-0.006002824858757028
2025-05-26,707.7999877929688,715.7000122070312,705.0,706.4500122070312,316468,657.1915650351784,600.0151336027578,86.53370148998638,17.898904085994687,712.5,768316.65,True,False,True,False,1,-0.008491210937500049
2025-05-27,707.5999755859375,709.9500122070312,700.0999755859375,705.0,217648,661.7447493175424,604.1321871869634,85.1847096099283,17.323984981358908,715.7000122070312,715103.45,True,False,True,False,1,-0.014950415012618512
2025-05-28,708.4000244140625,718.0,707.7999877929688,710.9000244140625,273301,666.4262040886396,608.3191611958694,86.13204408146129,17.015128911261844,715.7000122070312,671079.5,True,False,True,False,1,-0.006706703522565083
2025-05-29,712.7999877929688,713.4500122070312,702.5499877929688,705.9000244140625,270728,670.1856155482037,612.1458617142299,81.38277738310494,16.578335732890462,718.0,630699.1,True,False,True,False,1,-0.016852333685149712
2025-05-30,706.9000244140625,718.7000122070312,698.0999755859375,701.5499877929688,514694,673.1726986191337,615.6519058741804,77.38493367986322,16.86560008204784,718.0,603698.2,True,False,True,False,1,-0.022910880511185616
2025-06-02,703.0,712.75,701.0,703.5499877929688,350946,676.0657737785466,619.0988894788388,77.9219358743669,16.50020007618728,718.7000122070312,602086.0,True,False,True,False,1,-0.021079760897093625
2025-06-03,704.7000122070312,709.0,702.1500244140625,705.2000122070312,255299,678.840463152688,622.4754040956307,78.3780958640848,15.810898326883725,718.7000122070312,582201.6,True,False,True,False,1,-0.018783915083768088
2025-06-04,705.0,707.7999877929688,702.5,705.5499877929688,439355,681.3842274041433,625.733230907291,78.47965930468914,15.060119003032655,718.7000122070312,556627.8,True,False,True,False,1,-0.018296958662461282
2025-06-05,706.9000244140625,708.7999877929688,693.0,696.75,515860,682.8476343180345,628.5182022442601,69.6238093012396,15.112966773742377,718.7000122070312,548045.3,True,False,True,False,1,-0.03054127150996655
2025-06-06,702.5,710.0,695.0,701.0999755859375,256532,684.5859525340252,631.3645462968749,71.34512711189194,15.104897718475064,718.7000122070312,506098.05,True,False,True,False,1,-0.02448871061939517
2025-06-09,704.9000244140625,723.0,702.7000122070312,714.7999877929688,522832,687.4634797015436,634.636524394761,75.96464908362286,15.590263911017024,718.7000122070312,478391.65,True,False,True,True,2,-0.005426498327286811
2025-06-10,717.5999755859375,718.7000122070312,698.1500244140625,711.6500244140625,380218,689.7669601503549,637.6566616504199,73.04869780519294,15.944529902585003,723.0,441975.95,True,False,True,False,1,-0.01569844479382776
2025-06-11,713.5999755859375,717.0,696.0499877929688,700.4500122070312,386955,690.7843936795621,640.1191459859733,63.6877033140279,16.30206435290259,723.0,433130.55,True,False,True,False,1,-0.03118947135956951
2025-06-12,701.2999877929688,704.7000122070312,690.1500244140625,694.8499755859375,408420,691.1715919563597,642.2654530291093,59.57674265923509,16.17691602719303,723.0,388515.1,True,False,True,True,2,-0.038935026852091936
2025-06-13,691.0499877929688,696.4000244140625,683.5,694.7000122070312,421006,691.5076319802332,644.3217102517729,59.46604566566324,15.94285234054085,723.0,378019.8,True,False,True,True,2,-0.03914244508017806
2025-06-16,696.0,699.0,682.0,692.9500122070312,269976,691.6450015256426,646.2287024853125,58.109166322107214,16.018362887645075,723.0,381616.1,True,False,True,False,1,-0.04156291534297196
2025-06-17,696.9500122070312,697.9500122070312,684.0999755859375,687.9000244140625,315406,691.2883370388254,647.8628719727144,54.26147081988403,15.863482440034266,723.0,367673.35,True,False,True,False,1,-0.048547684074602304
2025-06-18,689.9000244140625,702.5,681.0,692.5499877929688,390633,691.4084942535058,649.6153078872342,57.079617064591176,16.266090837174676,723.0,363129.95,True,False,True,True,2,-0.04211619945647471
2025-06-19,701.6500244140625,702.0,684.0999755859375,690.0499877929688,249717,691.2791126858356,651.2009816090276,55.113477660599116,16.38280037838095,723.0,362106.65,True,False,True,False,1,-0.045574014117608974
2025-06-20,692.7000122070312,708.0499877929688,685.5,704.5,597489,692.5382448109941,653.2911391929873,63.03842843935256,16.82331376513722,723.0,358419.8,True,False,True,True,2,-0.025587828492392828
2025-06-23,703.0,706.7999877929688,695.7000122070312,704.2000122070312,361428,693.6488893249024,655.2875655856949,62.790574899321975,16.414503895194386,723.0,367674.15,True,False,True,False,1,-0.026002749367868283
2025-06-24,710.9000244140625,718.4000244140625,704.0999755859375,707.25,541437,694.9442331987212,657.3253081117462,64.32631228411236,16.263471390403716,723.0,369922.15,True,False,True,True,2,-0.021784232365145262
2025-06-25,709.2999877929688,710.9500122070312,704.5,709.5499877929688,366509,696.3352574457924,659.3733347659117,65.48323976078319,15.562510020162826,723.0,386111.6,True,False,True,False,1,-0.018603059760762486
2025-06-26,710.75,719.0,704.5999755859375,715.2999877929688,576807,698.1414222407616,661.5665368454041,68.25502815847807,15.479475334012804,723.0,390772.0,True,False,True,True,2,-0.010650086040153828
2025-06-27,719.75,721.2999877929688,697.0,703.5,649072,698.6517629797366,663.2109863808786,57.96746022458787,16.109511938223942,723.0,406075.95,True,False,True,True,2,-0.026970954356846488
2025-06-30,705.9000244140625,706.5999755859375,698.1500244140625,701.0,312858,698.8754046007141,664.6929084835892,56.04028357828014,15.562400454913304,723.0,412794.85,True,False,True,False,1,-0.03042876901798064
2025-07-01,703.0,703.0,691.2000122070312,694.0499877929688,365315,698.4158410952145,665.8441664957218,50.96734605810239,15.293656693345834,723.0,410890.45,True,False,True,False,1,-0.04004151065979422
2025-07-02,695.5999755859375,697.7999877929688,689.5,692.5,318733,697.852427657575,666.8894932998111,49.88282589279213,14.79410891474747,723.0,416391.25,True,False,False,False,0,-0.04218533886583675
2025-07-03,694.7999877929688,696.7999877929688,688.5,694.0499877929688,329607,697.4902905276125,667.9546107309154,51.00556044750478,14.330243120334703,723.0,410360.15,True,False,True,False,1,-0.04004151065979422
2025-07-04,695.9500122070312,738.5,694.5499877929688,734.4000244140625,1123906,701.005503278703,670.5603132282938,69.90596966715836,16.481655197955885,723.0,401047.5,True,True,True,True,2,0.015767668622493014
2025-07-07,734.9000244140625,740.0,705.0,709.3499755859375,714957,701.8002149270111,672.0814764580053,55.57296326176905,17.804394112387605,738.5,444416.2,True,False,True,True,2,-0.0394719355640657
2025-07-08,710.7999877929688,717.0,702.7999877929688,704.9000244140625,343527,702.0954348781588,673.3684783386351,53.47543087352093,17.546938262005007,740.0,454022.45,True,False,True,False,1,-0.047432399440456074
2025-07-09,706.2000122070312,709.7999877929688,698.0999755859375,700.8499755859375,435995,701.9768197074711,674.4461841130391,51.567719184138426,17.12930068664974,740.0,452187.9,True,False,True,False,1,-0.05290543839738171
2025-07-10,703.7999877929688,707.5999755859375,699.2000122070312,701.5999755859375,179562,701.9409297911346,675.5110386806037,51.90985631612321,16.50577659323949,740.0,454639.9,True,False,True,False,1,-0.05189192488386829
2025-07-11,703.0,708.5499877929688,697.5,705.9500122070312,226565,702.3227471640771,676.7047239169343,53.94214469146811,16.116077393220152,740.0,443197.0,True,False,True,False,1,-0.04601349701752533
2025-07-14,706.5499877929688,708.0,685.1500244140625,690.75,470458,701.2205807674984,677.2555190574467,46.54097381108358,16.597070121271393,740.0,433474.95,True,False,False,True,1,-0.06655405405405401
2025-07-15,694.2000122070312,721.0,694.2000122070312,705.2000122070312,524747,701.59957423793,678.3513815339011,53.12541094844455,17.572279398323438,740.0,443499.05,True,False,True,True,2,-0.04702701053103886
2025-07-16,706.4000244140625,751.6500244140625,706.0,747.0999755859375,1232372,705.932945794883,681.0474048300593,66.14615336609776,19.634974598945426,740.0,453966.1,True,True,True,True,2,0.00959456160261829
2025-07-17,752.8499755859375,762.0,741.0,756.2999877929688,978271,710.7298069375579,683.9984865148793,68.23274475319559,19.73247641330647,751.6500244140625,496053.05,True,True,True,True,2,0.006186341020252062
2025-07-18,759.7999877929688,762.7999877929688,745.5,753.0499877929688,523765,714.7603003523589,686.7063885257849,66.66946747726556,19.55872722613949,762.0,532480.75,True,False,True,False,1,-0.011745422843873032
2025-07-21,754.5999755859375,765.7999877929688,747.5999755859375,761.25,1053504,719.1878907949914,689.6296674071267,68.62278729515641,19.46167615334604,762.7999877929688,528794.55,True,False,True,True,2,-0.002031971444380054
2025-07-22,789.0,789.0,758.4000244140625,763.9000244140625,1682291,723.4461892349029,692.5422304270065,69.24997372701806,20.257268969959714,765.7999877929688,563398.35,True,False,True,True,2,-0.0024810177712093484
2025-07-23,766.5,768.9500122070312,745.1500244140625,761.2999877929688,1808094,727.0513129070997,695.2386130688091,67.81765608343224,20.510320314460362,789.0,620441.05,True,False,True,True,2,-0.03510774677697248
2025-07-24,762.5,766.5,755.4500122070312,762.2000122070312,1400116,730.3988080785217,697.8645502899158,68.06389752812447,19.83458227721096,789.0,692520.3,True,False,True,True,2,-0.03396703142328106
2025-07-25,761.8499755859375,761.8499755859375,749.0,752.0999755859375,431473,732.4655859363708,699.9914297132891,62.30281022201052,19.360684415055267,789.0,733685.75,True,False,True,False,1,-0.04676809177954688
2025-07-28,751.9000244140625,753.75,731.0499877929688,736.7999877929688,505529,732.8783861131895,701.4349025791589,54.74363988557182,19.599207828767838,789.0,722805.8,True,False,True,False,1,-0.06615971128901299
2025-07-29,735.5,742.3499755859375,719.9500122070312,739.7999877929688,813459,733.5375862731686,702.9394157247986,55.87414995246217,19.79926179663487,789.0,732439.35,True,False,True,True,2,-0.062357429920191665
2025-07-30,741.6500244140625,745.4500122070312,735.4000244140625,744.1500244140625,338319,734.5482946675395,704.5555180263383,57.53077965014053,19.10288508208729,789.0,754846.55,True,False,True,False,1,-0.05684407552083337
2025-07-31,740.5,784.5,737.4500122070312,762.2000122070312,1082664,737.1817915760626,706.8160864255811,63.632045098891524,21.09910670429311,789.0,755825.85,True,False,True,True,2,-0.03396703142328106
2025-08-01,761.9000244140625,765.0,751.0,752.7999877929688,583249,738.6692388348155,708.6193766752826,58.887389570235676,20.59202765398646,789.0,793478.7,True,False,True,False,1,-0.04588087732196611
2025-08-04,760.0,764.0,750.5499877929688,752.2999877929688,546712,739.9674054022586,710.3323418171527,58.636936830516014,20.08188369348966,789.0,766445.85,True,False,True,False,1,-0.046514590883436346
2025-08-05,753.7000122070312,756.3499755859375,744.0,752.7999877929688,406365,741.1895561061357,711.9977396985573,58.82552577488852,19.52960454295022,789.0,758033.6,True,False,True,False,1,-0.04588087732196611
2025-08-06,754.0,756.7000122070312,736.5,739.2999877929688,456810,741.0095972191674,713.0684160944166,51.93976452668806,19.577490804670298,789.0,761175.5,True,False,True,False,1,-0.0629911434816619
2025-08-07,738.9500122070312,742.9500122070312,729.75,739.4500122070312,370292,740.8610653132497,714.1029884909898,52.0069966651508,19.121956619124653,789.0,762216.25,True,False,True,False,1,-0.06280099847017584
2025-08-08,740.5,754.25,731.2000122070312,740.75,468063,740.8504876643688,715.1479693344803,52.62543764584659,19.402530274399233,789.0,771752.75,True,False,True,False,1,-0.06115335868187577
2025-08-11,742.9000244140625,768.5999755859375,735.6500244140625,765.4500122070312,919601,743.1932995255747,717.1205984667372,62.510376510315034,20.370203195647502,789.0,783827.65,True,False,True,True,2,-0.029847893273724613
2025-08-12,768.0,798.7000122070312,766.1500244140625,789.1500244140625,827808,747.5701304673354,719.9452818372206,69.1597754949162,21.29018868167268,789.0,806284.8,True,True,True,True,2,0.00019014501148606477
2025-08-13,789.25,806.0,782.0999755859375,802.5,672418,752.8015466133035,723.1827217651728,72.15565850833056,21.476605519700527,798.7000122070312,821437.85,True,True,True,False,1,0.004757715957044217
2025-08-14,803.9000244140625,812.7999877929688,799.2999877929688,801.7000122070312,516766,757.4585433365156,726.2618311942654,71.70613623688035,20.906847982579063,806.0,793440.15,True,False,True,False,1,-0.005334972447852082
2025-08-18,813.0,817.9500122070312,801.0,814.9500122070312,489311,762.9339213241838,729.739799077119,74.53576026639448,20.62421685575422,812.7999877929688,770364.9,True,True,True,False,1,0.0026452072420677375
2025-08-19,819.5999755859375,822.9000244140625,813.5,819.0999755859375,433765,768.2830693491127,733.2441197245236,75.36670484165268,19.82248882420481,817.9500122070312,768642.2,True,True,True,False,1,0.0014059091163816095
2025-08-20,819.5,824.7999877929688,793.5,796.9500122070312,330073,771.0132543832002,735.7423900179552,63.463156425708256,20.64231017911652,822.9000244140625,737655.25,True,False,True,False,1,-0.03153482979358113
2025-08-21,796.0,801.7999877929688,783.5499877929688,786.4000244140625,1322517,772.4786610528062,737.7289639158417,58.70705773153873,20.471430880608196,824.7999877929688,670044.35,True,False,True,True,2,-0.04655669731719847
2025-08-22,787.7999877929688,809.4000244140625,784.0999755859375,803.25,461461,775.4092647620628,740.298416311299,63.4220458530332,20.816332162573683,824.7999877929688,645765.5,True,False,True,False,1,-0.026127531658472813
2025-08-25,807.7000122070312,814.5499877929688,799.0,804.3499755859375,219260,778.1655229357651,742.8102421652064,63.71333232455204,20.440164707601905,824.7999877929688,598832.75,True,False,True,False,1,-0.024793904594679006
2025-08-26,804.5,810.1500244140625,792.5,802.75,396518,780.5069017037875,745.1608209038259,62.928345780734624,20.24086897234909,824.7999877929688,588222.1,True,False,True,False,1,-0.02673373923291511
2025-08-28,804.7999877929688,806.0,792.1500244140625,796.75,268242,782.053863446284,747.1839259664209,59.945629169923954,19.784376587605408,824.7999877929688,582771.55,True,False,True,False,1,-0.03400823012622245
2025-08-29,800.0,804.4000244140625,789.2000122070312,796.0,900367,783.3820669275904,749.098281810875,59.565566121446544,19.45692198899297,824.7999877929688,555510.7,True,False,True,True,2,-0.03491754148788584
2025-09-01,799.9500122070312,806.7000122070312,790.1500244140625,792.2999877929688,370761,784.2313927242931,750.7924663591924,57.624536570439474,19.249283832134097,824.7999877929688,583613.1,True,False,True,False,1,-0.0394034923387484
2025-09-02,794.5999755859375,799.7000122070312,784.1500244140625,786.2999877929688,325246,784.4284017784527,752.1849181801248,54.52183426288017,18.985048400765145,824.7999877929688,548017.95,True,False,True,False,1,-0.04667798323205574
2025-09-03,786.7000122070312,795.4500122070312,780.1500244140625,783.5999755859375,380792,784.3495040458322,753.4168812156469,53.135348678703,18.721829785922548,824.7999877929688,535117.8,True,False,True,False,1,-0.04995151893403371
2025-09-04,783.9500122070312,790.0,776.5,780.75,527451,784.0066941367054,754.488768226798,51.64251180760162,18.34884194407094,824.7999877929688,526821.8,True,False,True,True,2,-0.0534068725083755
2025-09-05,782.7999877929688,791.4500122070312,781.5999755859375,786.5999755859375,940645,784.2536733223466,755.7480312604897,54.470142619828124,17.80249696285382,824.7999877929688,532876.1,True,False,True,True,2,-0.04631427348738004
2025-09-08,789.4000244140625,795.7999877929688,780.25,783.0999755859375,242636,784.1437973474505,756.8206565281544,52.49246889023733,17.641603450719174,824.7999877929688,557067.85,True,False,True,False,1,-0.05055772650847601
2025-09-09,784.9500122070312,790.0,771.0,781.2999877929688,436474,783.8729583422618,757.7806303032452,51.45772490179326,17.738631775667805,824.7999877929688,550685.05,True,False,True,False,1,-0.0527400589764786
2025-09-10,784.0,793.0,782.0,786.6500244140625,778603,784.1374408252905,758.9127634056301,54.33880332460789,17.307301806479483,824.7999877929688,549105.6,True,False,True,True,2,-0.04625359352997738
2025-09-11,788.4000244140625,819.4000244140625,786.6500244140625,816.0999755859375,625491,787.1814917548759,761.1553991774069,66.2229737618104,18.410351677445234,824.7999877929688,542055.7,True,False,True,True,2,-0.01054802659528531
2025-09-12,819.7000122070312,826.4500122070312,813.0499877929688,817.4500122070312,496861,790.0642079884145,763.3630310609217,66.65146699729289,18.052471158632184,824.7999877929688,531939.85,True,False,True,False,1,-0.00891122174432235
2025-09-15,817.9000244140625,829.75,815.9000244140625,822.0999755859375,428781,793.1152334738929,765.6664406501379,68.15017911888268,17.752292903439706,826.4500122070312,523162.0,True,False,True,False,1,-0.005263520547936107
2025-09-16,824.4500122070312,830.0,820.7000122070312,825.0,562141,796.1518779049507,767.9932468991522,69.08336990150703,17.14855682412035,829.75,518762.75,True,False,True,True,2,-0.0057246158481469855
2025-09-17,826.4000244140625,827.8499755859375,819.0,823.7000122070312,276718,798.775509743244,770.1778259308337,68.11985274912308,16.555801021393005,830.0,522404.25,True,False,True,False,1,-0.007590346738516551
2025-09-18,825.7000122070312,828.0,818.1500244140625,820.25,279168,800.8206992915065,772.1414406002127,65.50859199366951,16.07681349028904,830.0,514551.9,True,False,True,False,1,-0.011746987951807175
2025-09-19,820.0,825.7999877929688,808.0,809.6500244140625,400139,801.6615873984165,773.6123654556579,58.1349392513622,16.19989736905188,830.0,512006.65,True,False,True,False,1,-0.024518042874623447
2025-09-22,810.9000244140625,818.4500122070312,803.1500244140625,805.8499755859375,290835,802.0604815115137,774.8765854607669,55.713819107453006,16.13561811361737,830.0,465887.75,True,False,True,False,1,-0.029096414956701788
2025-09-23,807.7999877929688,818.0,803.4500122070312,815.8499755859375,299891,803.3737666614587,776.4833850735187,60.38892308430172,16.022358804999612,830.0,457356.45,True,False,True,False,1,-0.017048222185617523
2025-09-24,815.8499755859375,832.0,810.0499877929688,826.2999877929688,420473,805.557216293031,778.4369773370265,64.59510313595737,16.445762619430443,830.0,461388.0,True,False,True,False,1,-0.004457846032567825
2025-09-25,827.9000244140625,836.7999877929688,807.9000244140625,820.2000122070312,433299,806.9517682848406,780.0747434103602,60.55303955960749,17.33534838796443,832.0,462585.75,True,False,True,False,1,-0.014182677635779739
2025-09-26,819.9000244140625,821.7999877929688,795.4500122070312,804.4500122070312,365998,806.7135058012396,781.0306363043474,51.578548925996216,17.97925033067679,836.7999877929688,470838.6,True,False,True,False,1,-0.03865914920871294
2025-09-29,806.9000244140625,813.7000122070312,778.5999755859375,788.5999755859375,1601130,804.9884076854966,781.3274731389196,44.44039135531049,19.202163637135147,836.7999877929688,444120.15,True,False,False,True,1,-0.05760039783719062
2025-09-30,788.0,792.5999755859375,758.2000122070312,767.5,481476,801.4180831440207,780.7852192903346,37.08293807841912,20.28772076154737,836.7999877929688,505638.6,True,False,False,False,0,-0.08281547419204094
2025-10-01,770.2999877929688,778.0,760.0,766.2000122070312,679077,798.0639811500217,780.213250385107,36.68001591397385,20.12431213572256,836.7999877929688,513450.1,True,False,False,True,1,-0.08436899691184574
2025-10-03,766.75,784.7999877929688,765.0,783.5,385106,796.6769353262101,780.3421425268675,45.21155190373396,20.101146111240144,836.7999877929688,528364.35,True,False,False,False,0,-0.06369501502210295
2025-10-06,783.5499877929688,804.5,781.0999755859375,801.9500122070312,481131,797.1791331243836,781.1895099653053,52.5537173474339,20.336780275727456,836.7999877929688,521247.1,True,False,True,False,1,-0.04164672095401567
2025-10-07,802.0,810.7999877929688,800.0499877929688,808.0999755859375,338295,798.2192133588173,782.244822342585,54.731391362316145,19.65201025603264,836.7999877929688,498271.4,True,False,True,False,1,-0.034297338223828744
2025-10-08,807.75,809.0,793.0499877929688,794.75,168626,797.888812086549,782.7352214664053,49.42797062746369,19.38758182396111,836.7999877929688,503054.35,True,False,False,False,0,-0.05025094216824044
2025-10-09,794.4500122070312,801.0,791.2000122070312,798.8499755859375,240379,797.9803514674431,783.3671726083477,50.99838923427728,18.70275367889023,836.7999877929688,489661.95,True,False,True,False,1,-0.04535135368144916
2025-10-10,800.0,803.7999877929688,792.5499877929688,795.9000244140625,420582,797.782225081407,783.8586569928855,49.80012196310932,18.17041413039807,836.7999877929688,462750.75,True,False,False,False,0,-0.04887662998989584
2025-10-13,798.0999755859375,825.0,796.0,821.5,796265,800.0410607879396,785.3347880912038,58.83862518443308,18.951097091508025,836.7999877929688,452505.3,True,False,True,True,2,-0.01828392449350047
2025-10-14,824.0,829.75,813.1500244140625,814.8499755859375,379597,801.4514336258442,786.4922464243306,56.017106694192954,18.78315984111013,836.7999877929688,467475.5,True,False,True,False,1,-0.026230894511511282
2025-10-15,816.9500122070312,825.8499755859375,814.4500122070312,821.75,434247,803.3846304233828,787.874903427298,58.25401004208814,18.255788665238423,836.7999877929688,465016.3,True,False,True,False,1,-0.017985167318970152
2025-10-16,824.75,827.0,817.5,822.5999755859375,335647,805.2146632960071,789.236670962931,58.533778273676155,17.630375189149962,836.7999877929688,458621.6,True,False,True,False,1,-0.01696942210107255
2025-10-17,830.0499877929688,834.2000122070312,815.2000122070312,819.0,653629,806.5275525059112,790.4038603369338,56.79761129457156,17.72820553278211,836.7999877929688,461568.05,True,False,True,True,2,-0.02127149623880331
2025-10-20,822.7999877929688,824.7000122070312,816.0,818.0,256716,807.6201665529674,791.4860618923482,56.29807892319926,17.08333458094276,836.7999877929688,480291.1,True,False,True,False,1,-0.02246652493692436
2025-10-21,828.0,828.0,817.0,820.2999877929688,89444,808.8277685758246,792.6160197708039,57.22979819759663,16.648810682303992,836.7999877929688,473119.95,True,False,True,False,1,-0.01971797351899851
2025-10-23,823.0,823.4000244140625,810.5499877929688,814.8499755859375,355384,809.4013121005972,793.4879396066915,54.27685009359473,16.37746967793183,836.7999877929688,463050.4,True,False,True,False,1,-0.026230894511511282
2025-10-24,818.0,818.5,800.8499755859375,809.7000122070312,202020,809.4297597297814,794.123707159646,51.569064920481225,16.46836644479831,836.7999877929688,465825.05,True,False,True,False,1,-0.03238524854357705
2025-10-27,811.75,813.9000244140625,801.1500244140625,804.7000122070312,220429,808.9793075847575,794.5384642203278,49.01249917917951,16.20276884159843,836.7999877929688,454902.4,True,False,False,False,0,-0.03836039203418262
2025-10-28,804.7999877929688,820.7000122070312,801.3499755859375,816.8499755859375,505028,809.7288950134414,795.4134254503517,54.86773613078914,16.427573682990953,834.2000122070312,444258.9,True,False,True,True,2,-0.020798413290825768
2025-10-29,817.0,826.7999877929688,814.0,822.0499877929688,580376,810.9023324210154,796.4579965226113,57.13646606512416,16.168460405132226,834.2000122070312,451210.4,True,False,True,True,2,-0.01456488160665137
2025-10-30,821.25,822.9000244140625,812.0999755859375,814.8499755859375,428418,811.2782984367223,797.179250603526,53.15235235185485,15.785002435345996,834.2000122070312,400172.7,True,False,True,True,2,-0.023195919848885693
2025-10-31,814.0999755859375,838.0,813.0,836.5999755859375,1302237,813.6898867366475,798.72516138715,61.814531887889004,16.443216547106996,834.2000122070312,397519.8,True,True,True,True,2,0.002876963970015689
2025-11-03,837.7999877929688,841.0,825.1500244140625,830.5499877929688,411814,815.2956106467733,799.9731937952213,58.57040707173331,16.40084219273775,838.0,428677.8,True,False,True,False,1,-0.00889022936399908
2025-11-04,832.7999877929688,834.9000244140625,805.0,809.0,322108,814.696028680414,800.3271861954087,48.75509352137422,17.365069494260947,841.0,430013.2,True,False,False,False,0,-0.038049940546967864
2025-11-06,811.0,811.0,793.2000122070312,798.8499755859375,346223,813.1868807666543,800.2692563675863,44.935474811194155,17.39613508702579,841.0,422062.05,True,False,False,False,0,-0.05011893509401011
2025-11-07,801.1500244140625,806.4500122070312,790.2000122070312,802.2999877929688,257813,812.1500338167796,800.3488928940718,46.470554725592606,17.314268295095378,841.0,422458.45,True,False,False,False,0,-0.04601666136388971
2025-11-10,802.9000244140625,805.8499755859375,791.7999877929688,794.5999755859375,203697,810.4785996995565,800.123445156498,43.55228454925355,17.081105402086333,841.0,426917.8,True,False,False,False,0,-0.05517244282290423
2025-11-11,794.0499877929688,804.9000244140625,782.5999755859375,794.0,243483,808.9092092519797,799.8833100523216,43.323986134174085,17.45388707537481,841.0,425083.7,True,False,False,False,0,-0.05588585017835912
2025-11-12,796.0,797.1500244140625,785.1500244140625,787.5999755859375,225970,806.8797584266424,799.401610661483,40.863289819258135,17.064323712848037,841.0,416228.75,True,False,False,False,0,-0.06349586731755352
2025-11-13,790.0,794.9500122070312,783.0,784.5,293344,804.7483528622002,798.8172337727974,39.68746059937078,16.699015748146838,841.0,387714.0,True,False,False,False,0,-0.06718192627824016
2025-11-14,784.5,788.0,777.2000122070312,784.8499755859375,255518,802.8532693120801,798.2694981576265,39.8977251164931,16.27765660849126,841.0,383401.35,True,False,False,False,0,-0.06676578408330858
2025-11-17,784.8499755859375,796.0,783.7000122070312,789.5499877929688,294458,801.5862901197837,797.9275565746987,42.78263435334817,15.99353740738251,841.0,374464.9,True,False,False,False,0,-0.061177184550572195
2025-11-18,788.9000244140625,795.0,781.0,783.9000244140625,221654,799.9018838620959,797.3774572742815,40.27964930780297,15.851141878283759,841.0,372405.45,True,False,False,False,0,-0.06789533363369504
2025-11-19,800.0,806.0,790.0999755859375,799.75,630931,799.8874187323725,797.4704981654862,49.249736798678164,16.29748714311617,841.0,350806.7,True,False,False,True,1,-0.049048751486325814
2025-11-20,804.0,804.8499755859375,791.25,795.0,285760,799.4219502816703,797.3736158844868,46.972702499880114,16.10480774617484,841.0,369517.45,True,False,False,False,0,-0.05469678953626633
2025-11-21,793.7000122070312,793.7000122070312,777.6500244140625,779.6500244140625,216344,797.5389097228506,796.6785730817251,40.462207699171195,16.193748306157886,841.0,379333.25,True,False,False,False,0,-0.07294884136258917
2025-11-24,780.0,785.0,775.0499877929688,782.9500122070312,434826,796.1494909118202,796.1401981454626,42.31332229216148,15.747767156220268,841.0,372381.25,True,False,False,True,1,-0.06902495575858358
2025-11-25,782.8499755859375,785.8499755859375,778.0,780.25,194211,794.6352536821231,795.5170531201504,41.18503905062518,15.183639186914357,841.0,384021.55,False,False,False,False,0,-0.07223543400713439
2025-11-26,780.0499877929688,814.9000244140625,780.0499877929688,811.0499877929688,628626,796.1985616926797,796.1261878132021,55.69744165065265,16.588381860784317,841.0,382710.65,True,False,True,True,2,-0.035612380745578154
2025-11-27,813.8499755859375,820.0,807.0,813.2999877929688,713430,797.8272689403263,796.7996701653499,56.541062427612154,16.332068870728293,841.0,388890.55,True,False,True,True,2,-0.03293699430086949
2025-11-28,812.5,824.0,798.7000122070312,806.4500122070312,1144687,798.6484825847745,797.1781149512982,53.21850626745164,16.97263450803118,841.0,395543.25,True,False,True,True,2,-0.04108203066940397
2025-12-01,806.7000122070312,815.9500122070312,790.3499755859375,794.9000244140625,1094410,798.2914865685161,797.0887780674851,48.087337679127664,17.58887751610708,841.0,431356.7,True,False,False,True,1,-0.054815666570674826
2025-12-02,794.4500122070312,795.0,776.9000244140625,784.7000122070312,996127,796.9970604388509,796.6029441121732,44.04822588123465,17.625384521094965,841.0,420965.35,True,False,False,True,1,-0.0669440996349212
2025-12-03,788.0999755859375,791.0,778.7999877929688,782.5999755859375,339472,795.6259095004782,796.0538080915366,43.242883332616294,17.23785792723327,834.9000244140625,450181.0,False,False,False,False,0,-0.06264228925472781
2025-12-04,781.0499877929688,800.0,765.2000122070312,780.7000122070312,583897,794.2043954725309,795.4516984490069,42.486047647877676,18.492295774785806,824.0,451049.2,False,False,False,True,1,-0.052548528874962086
2025-12-05,781.9000244140625,783.7000122070312,761.2000122070312,766.0,855368,791.5182625703851,794.2967298823792,37.07887046082479,18.778560362301107,824.0,462932.9,False,False,False,True,1,-0.07038834951456308
2025-12-08,765.0,768.4000244140625,740.0,743.6500244140625,325375,786.9593827459735,792.3105845698962,30.68462711270341,19.465807794569777,824.0,492810.65,False,False,False,False,0,-0.09751210629361351
2025-12-09,741.0,743.5,720.0,723.5999755859375,1022890,780.9251534926367,789.6160508842506,26.302519133590437,19.76468041024783,824.0,498894.55,False,False,False,True,1,-0.12184468982289143
2025-12-10,725.0,741.9500122070312,718.9500122070312,723.7999877929688,1470227,775.4846615212398,787.0350288022396,26.415414164148316,19.9957746666587,824.0,537864.9,False,False,False,True,1,-0.12160195656193118
2025-12-11,724.0,725.7000122070312,697.2999877929688,704.9500122070312,642395,768.7670758722675,783.816008543604,22.861082527195308,20.596078220044685,824.0,600077.75,False,False,False,True,1,-0.1444781405254475
2025-12-12,715.0499877929688,751.0,711.0,747.7000122070312,1294011,766.7606888565307,782.3996949617776,41.94111879822294,22.41421461811069,824.0,617530.3,False,False,False,True,1,-0.09259707256428251
2025-12-15,747.0,774.0,743.5999755859375,772.2000122070312,785082,767.2787196518165,781.9997074027681,49.6304470506929,22.98462960353582,824.0,669454.95,False,False,False,True,1,-0.06286406285554458
2025-12-16,772.5499877929688,775.4000244140625,754.0,756.2999877929688,400531,766.23312614145,780.9918752612074,45.425718765796816,22.87144351857344,824.0,693986.15,False,False,False,False,0,-0.08216020898911558
2025-12-17,758.0,774.0,755.0,770.2999877929688,460466,766.6204462987375,780.5725855565705,49.483926407688045,22.594911838675337,824.0,702930.0,False,False,False,False,0,-0.06516991772697966
2025-12-18,769.75,777.0,765.5,771.75,251048,767.1089752226673,780.226601809254,49.899470262048624,21.802418135912816,824.0,694406.75,False,False,False,False,0,-0.06341019417475724
2025-12-19,773.7999877929688,788.0,770.4000244140625,784.9000244140625,470129,768.803360859943,780.4098732839525,53.62518064013912,21.50224366805744,824.0,692671.15,False,False,True,False,1,-0.047451426681963005
2025-12-22,791.2000122070312,794.0,787.0,790.5499877929688,358977,770.874468186898,780.8075248333257,55.16780619588266,20.61636737647744,824.0,705360.4,False,False,True,False,1,-0.04059467500853309
2025-12-23,794.0,813.75,789.9000244140625,807.7999877929688,683812,774.3911843398571,781.8660527925274,59.58777498991344,20.847339391438876,824.0,701567.95,False,False,True,False,1,-0.01966020898911558
2025-12-24,810.7000122070312,820.0,806.7999877929688,814.4500122070312,556981,778.2063108033975,783.143855122508,61.17683034279446,20.301101735409762,824.0,726048.0,False,False,True,False,1,-0.01158979101088442
2025-12-26,815.9000244140625,826.5,811.3499755859375,822.5,561313,782.4247573935502,784.6872333529979,63.06988680523707,19.93316764102782,824.0,722465.75,False,False,True,False,1,-0.00182038834951459
2025-12-29,825.7000122070312,827.5499877929688,816.0499877929688,818.0,262188,785.8128757370216,785.9936163587627,61.2712990147612,19.33079852381155,826.5,714859.9,False,False,True,False,1,-0.010284331518451317
2025-12-30,819.7999877929688,845.7000122070312,817.0,831.5,1959663,790.1640304287338,787.7781804231249,64.53847780681032,20.000028072612956,827.5499877929688,670734.95,True,True,True,True,2,0.004773140312122726
2025-12-31,830.0,846.0,828.1500244140625,836.4500122070312,1191566,794.572219169524,789.6868797087684,65.68168032165403,19.84645289499328,845.7000122070312,713997.6,True,False,True,True,2,-0.010937684600311415
2026-01-01,840.2999877929688,843.3499755859375,833.1500244140625,838.2000122070312,399651,798.7272470778581,791.589355493014,66.0977923207654,19.15741705762769,846.0,723769.55,True,False,True,False,1,-0.009219843726913424
2026-01-02,839.9000244140625,852.4000244140625,835.0999755859375,850.2999877929688,557364,803.6389366697734,793.8917332302672,68.90518598976148,19.0247478983775,846.0,726778.5,True,True,True,False,1,0.005082727887669947
2026-01-05,852.9000244140625,860.5,839.5499877929688,842.6500244140625,561034,807.3542783597056,795.8038230806121,65.22757238682979,19.16226677756705,852.4000244140625,725451.85,True,False,True,False,1,-0.011438291554135227
2026-01-06,842.5499877929688,845.0,835.5,841.5999755859375,339250,810.6157733336324,797.5997506298406,64.71698826153069,18.47210486488369,860.5,710735.15,True,False,True,False,1,-0.021964002805418326
2026-01-07,842.9000244140625,851.8499755859375,836.2999877929688,839.0499877929688,323960,813.3237937583311,799.2252501264339,63.418712925891505,18.263382216889767,860.5,711428.9,True,False,True,False,1,-0.02492738199538791
2026-01-08,839.9500122070312,845.0,827.5,830.25,291710,814.9358134003949,800.4419069842209,59.01857887360148,18.208854915683354,860.5,676482.4,True,False,True,False,1,-0.03515398024404415
2026-01-09,830.1500244140625,834.5,814.7999877929688,820.2000122070312,318765,815.4371656676935,801.2167346400174,54.37831795312204,18.31536615077963,860.5,617556.55,True,False,True,False,1,-0.04683322230443787
2026-01-12,820.2000122070312,823.0,806.0,810.4500122070312,259393,814.96219867144,801.578823956371,50.25052397490837,18.221411425723947,860.5,601375.05,True,False,True,False,1,-0.05816384403598929
2026-01-13,811.0,823.0,807.0,811.0999755859375,281127,814.5943679013922,801.9522024516482,50.52016714400719,18.06273918102938,860.5,549644.15,True,False,True,False,1,-0.05740851181180995
2026-01-14,811.0999755859375,837.8499755859375,811.0999755859375,831.5499877929688,635756,816.209188843447,803.1128999160138,58.197233631455795,18.68325781095585,860.5,524446.4,True,False,True,True,2,-0.03364324486581205
2026-01-15,831.5499877929688,831.5499877929688,831.5499877929688,831.5499877929688,0,817.67021731483,804.2280798327572,58.197233631455795,17.348739395887577,860.5,536207.65,True,False,True,False,1,-0.03364324486581205
2026-01-16,834.0,838.0,818.5,822.6500244140625,247949,818.144484657614,804.9505090320241,53.970656547753606,17.502400867609893,860.5,513184.35,True,False,True,False,1,-0.04398602624745784
2026-01-19,822.5999755859375,825.0,816.2999877929688,818.4500122070312,235803,818.1735825194634,805.4799013133969,52.0495542829565,16.873658820425703,860.5,513029.4,True,False,True,False,1,-0.048866923640870086
2026-01-20,819.9000244140625,822.0,791.5,796.75,299886,816.1332413271335,805.1375522422833,43.44502787451037,17.84696890468101,860.5,501313.1,True,False,False,False,0,-0.07408483439860547
2026-01-21,796.7999877929688,803.5,775.2999877929688,785.0,382073,813.1681707245493,804.3478443112133,39.625198375855426,18.586471997706028,860.5,498358.55,True,False,False,False,0,-0.08773968622893669
2026-01-22,789.7000122070312,800.7999877929688,773.0,783.4500122070312,306582,810.337869913357,803.5283214835983,39.136366525179305,19.244580268796224,860.5,483271.6,True,False,False,False,0,-0.08954095036951626
2026-01-23,785.0,785.7999877929688,754.2000122070312,760.0499877929688,348010,805.5485478066535,801.8232887898482,32.598220011218885,20.12710850573489,860.5,470751.65,True,False,False,False,0,-0.11673447089718914
2026-01-27,762.7999877929688,768.0999755859375,741.5,745.5999755859375,290892,799.839159976109,799.6184529779301,29.33871386573672,20.58945615432079,860.5,460086.5,True,False,False,False,0,-0.13352704754684774
2026-01-28,747.0999755859375,758.4500122070312,741.0499877929688,743.7999877929688,641695,794.5020959586672,797.4294935589121,28.950386220922212,20.361639601445198,860.5,461521.7,False,False,False,True,1,-0.1356188404497748
2026-01-29,758.0,802.0,754.75,781.1500244140625,1773721,793.2304700972762,796.7910830042122,45.16830335691742,23.0643805018442,860.5,395623.3,False,False,False,True,1,-0.09221380079713826
2026-01-30,782.4500122070312,782.4500122070312,763.0999755859375,765.5499877929688,478698,790.5942336873422,795.5659420155359,40.96258680553133,22.799070224647743,860.5,424731.05,False,False,False,True,1,-0.1103428381255448
2026-02-02,754.0,755.0,737.8499755859375,748.5499877929688,231383,786.5900197926401,793.7221791048471,36.92740590661702,23.14913750910371,860.5,428683.4,False,False,False,False,0,-0.13009879396517288
2026-02-03,778.0,788.0,767.0,782.8499755859375,508946,786.2338251062874,793.2958181825369,48.047570670998226,24.313485701812823,860.5,412384.35,False,False,False,True,1,-0.0902382619570744
2026-02-04,792.5,797.0,780.0,783.5499877929688,828121,785.978221552638,792.9136287554951,48.24810701830673,23.791093865969053,851.8499755859375,409779.95,False,False,False,True,1,-0.0801784231384044
2026-02-05,784.5,787.9000244140625,770.2000122070312,775.8499755859375,715244,785.0136266986666,792.2444658861007,46.13840879949959,23.356016604616354,851.8499755859375,434223.5,False,False,False,True,1,-0.08921758781260059
2026-02-06,775.0,775.0499877929688,756.0,760.0999755859375,209587,782.6408980212639,790.9838976390355,42.08482282662363,23.10558510328215,845.0,453787.7,False,False,False,False,0,-0.10047340167344676
2026-02-09,764.7999877929688,778.0,760.0999755859375,771.7999877929688,912516,781.6084303804738,790.2315874489937,45.888116547237544,22.733759339766458,838.0,449681.55,False,False,False,True,1,-0.07899762793201814
2026-02-10,777.7999877929688,794.5,775.0,780.5499877929688,1299007,781.507626324521,789.8519168742476,48.606329837746,22.731348830285373,838.0,479369.1,False,False,False,True,1,-0.06855610048571747
2026-02-11,783.75,783.75,774.2000122070312,776.4000244140625,271911,781.0211880473345,789.3243916797306,47.39041737641381,21.789823041905613,838.0,531349.8,False,False,False,False,0,-0.07350832408823094
2026-02-12,776.0,777.9000244140625,765.0499877929688,766.6500244140625,382927,779.6525057965466,788.4352008065672,44.569488329447324,21.15126686899048,838.0,530889.0,False,False,False,False,0,-0.08514316895696594
2026-02-13,766.0,771.0,751.0499877929688,753.8499755859375,213399,777.1951219669647,787.0789174645818,41.10978743136567,21.06546296456482,838.0,518247.55,False,False,False,False,0,-0.1004176902315782
2026-02-16,753.8499755859375,781.9000244140625,746.0,763.7999877929688,1537751,775.9193949027747,786.1660182617734,44.70312614387786,22.1250744966718,838.0,528917.5,False,False,False,True,1,-0.08854416731149317
2026-02-17,763.9000244140625,767.9000244140625,753.2999877929688,755.8499755859375,431077,774.0080216345045,784.9771538431132,42.47315900561715,21.587571791273366,825.0,593407.6,False,False,False,False,0,-0.08381821141098489
2026-02-18,756.5,799.0,754.3499755859375,795.4000244140625,1363401,776.0453552325578,785.3858938655034,54.60512765237614,23.234889835758302,822.0,603171.3,False,False,True,True,2,-0.032360067622794975
2026-02-19,796.9000244140625,814.4000244140625,793.3499755859375,797.75,943630,778.1124642580285,785.8707607727385,55.20955916671052,23.078829763784494,803.5,656347.05,False,False,True,True,2,-0.0071561916614810706
2026-02-20,800.0,810.5999755859375,793.4500122070312,805.25,764831,780.6969914715495,786.6307309385136,57.16964276160089,22.655339307721764,814.4000244140625,684424.9,False,False,True,True,2,-0.011235294867096401
2026-02-23,808.0,808.9000244140625,762.5,766.6500244140625,609615,779.3591850851221,785.8471738199077,46.00996592220453,24.351388243888962,814.4000244140625,707337.35,False,False,False,False,0,-0.05863212004979346
2026-02-24,768.0,770.0,757.2000122070312,760.6500244140625,255005,777.5773602593069,784.859050313796,44.55409565455787,23.526288211680377,814.4000244140625,720417.6,False,False,False,False,0,-0.06599950686233291
2026-02-25,762.4500122070312,767.75,752.0999755859375,754.7000122070312,417429,775.3985652067092,783.6763429370602,43.09771046405197,22.96369794042196,814.4000244140625,718623.25,False,False,False,False,0,-0.07330551377375472
2026-02-26,755.9000244140625,760.2999877929688,740.25,745.7999877929688,464503,772.5796530720672,782.1909956765077,40.94188083848614,22.75557578703244,814.4000244140625,707409.95,False,False,False,False,0,-0.0842338341903287
2026-02-27,746.5,749.9500122070312,735.0999755859375,736.8499755859375,315628,769.1768266448167,780.4129164572697,38.83793994251107,22.190894418036823,814.4000244140625,641949.05,False,False,False,False,0,-0.09522353450802024
2026-03-02,726.5,730.0,706.2000122070312,709.25,321956,763.4695098215009,777.6222138511023,33.17606388902833,22.795113629527496,814.4000244140625,633795.55,False,False,False,False,0,-0.12911348386772814
2026-03-04,703.0,704.0999755859375,676.5,681.9500122070312,361866,755.7057481439324,773.8703628062368,28.716662415025468,23.506176941704105,814.4000244140625,638324.2,False,False,False,False,0,-0.16263507887579598
2026-03-05,685.0,692.0,672.0999755859375,687.2000122070312,507168,749.181392340418,770.4715255278367,30.647282116442426,23.248594618301134,814.4000244140625,630970.2,False,False,False,False,0,-0.15618861541482398
2026-03-06,689.9500122070312,718.5,689.9500122070312,702.5499877929688,857790,744.740306193042,767.8079358127438,36.0968728545779,23.823694130777394,814.4000244140625,614922.55,False,False,False,True,1,-0.1373404141307174
2026-03-09,692.0,694.9500122070312,645.0,650.5999755859375,513709,735.7745604209368,763.2115452156143,28.060523328150282,26.232715106648207,814.4000244140625,622049.85,False,False,False,False,0,-0.20112971993827533
2026-03-10,658.0,682.0,654.5,667.9500122070312,1009126,729.3150796386601,759.4757988231208,33.393904672336205,26.60180862860637,814.4000244140625,637255.95,False,False,False,True,1,-0.17982564810505486
2026-03-11,670.0,675.0,647.0,649.9000244140625,487940,721.7517410458413,755.1787096306088,30.832896913196706,26.701679440848775,814.4000244140625,642086.45,False,False,False,False,0,-0.20198918844379088
2026-03-12,649.0,654.0,635.6500244140625,645.25,424849,714.4658609462374,750.867779841173,30.190538300176826,26.105129165497967,814.4000244140625,601533.1,False,False,False,False,0,-0.20769894320148274
2026-03-13,653.0,653.1500244140625,621.4000244140625,624.5999755859375,583099,705.9072051976374,745.9161012429284,27.45504646069425,26.508334225105255,814.4000244140625,609180.0,False,False,False,False,0,-0.23305506279261312
2026-03-16,627.0,630.9000244140625,605.25,617.7999877929688,730043,697.516041635288,740.8919399311654,26.60032662417811,26.447026381459345,814.4000244140625,619188.6,False,False,False,True,1,-0.2414047528578377
2026-03-17,622.2000122070312,638.4000244140625,622.2000122070312,629.7999877929688,551221,691.0668936503052,736.5353927884911,30.700386589495636,26.02938425571895,814.4000244140625,645020.8,False,False,False,False,0,-0.22666997923275878
2026-03-18,633.4500122070312,647.0,633.4500122070312,645.0499877929688,937425,686.6843311877018,732.9477298474902,35.62199311055116,25.398714823669827,814.4000244140625,595694.3,False,False,False,True,1,-0.2079445377508875
2026-03-19,639.5499877929688,639.5499877929688,611.0999755859375,614.5,678073,679.8096329793492,728.3027208338632,30.889284115817503,26.009521779624215,814.4000244140625,621011.7,False,False,False,True,1,-0.2454568006157476
2026-03-20,619.0,622.0,610.2999877929688,614.9000244140625,806007,673.6277654969409,723.8555562683808,31.01852033135509,24.987413953010435,814.4000244140625,586745.3,False,False,False,True,1,-0.24496561151693796
2026-03-23,604.9000244140625,607.2999877929688,568.7000122070312,583.9500122070312,1108595,665.087027088378,718.3690643444063,26.837019959283737,26.50259954258335,810.5999755859375,579864.15,False,False,False,True,1,-0.27960766124508407
2026-03-24,600.0499877929688,622.25,597.0,620.3499755859375,1635444,660.8263555167171,714.5251785107408,37.50707627996632,27.345270131896594,808.9000244140625,597052.35,False,False,False,True,1,-0.2330943789557971
2026-03-25,630.0,658.5,626.9500122070312,652.9500122070312,1053361,660.0762275824612,712.1104661066738,45.21346612464713,28.117038294908447,770.0,648343.8,False,False,False,True,1,-0.1520129711596997
2026-03-27,651.0,651.0,637.5499877929688,641.5,555393,658.3070630507982,709.3414282201376,43.19852839576929,27.20868016056231,767.75,688261.6,False,False,False,False,0,-0.16444154998371863
2026-03-30,633.0,633.0,605.7999877929688,610.0999755859375,690257,653.7159118636686,705.4496065482082,38.17425650104685,27.81520387816723,760.2999877929688,695159.8,False,False,False,False,0,-0.1975536164916144
2026-04-01,629.7999877929688,655.3499755859375,626.0,640.25,694296,652.4334440671287,702.8927592325922,44.81160077057187,29.060546458298145,749.9500122070312,706447.5,False,False,False,False,0,-0.14627643232406196
2026-04-02,629.0,637.9000244140625,615.3499755859375,634.3499755859375,468909,650.7112089736819,700.2048069327234,43.8201979375469,28.763366312281313,730.0,725380.9,False,False,False,False,0,-0.1310274307041952
2026-04-06,642.25,647.0,626.0999755859375,640.8499755859375,653317,649.7720438891348,697.8771664877514,45.2571147044905,28.201699033837112,718.5,732728.55,False,False,False,False,0,-0.10807240697851428
2026-04-07,640.5,647.9500122070312,632.0499877929688,643.9000244140625,476970,649.212803939128,695.760415818195,45.95563645422849,27.323007989567497,718.5,747301.1,False,False,False,False,0,-0.10382738425321847
2026-04-08,669.9000244140625,682.9000244140625,659.0,677.0999755859375,886395,651.868725048348,695.0286338483027,52.987647857797235,28.157078847455534,718.5,745791.2,False,False,True,True,2,-0.05762007573286365
2026-04-09,679.9500122070312,694.7000122070312,671.2000122070312,686.1500244140625,839101,655.1336107022256,694.6804530861756,54.71730331925241,27.824430358351567,694.9500122070312,747221.45,False,False,True,True,2,-0.012662763707308455
2026-04-10,689.8499755859375,712.7000122070312,688.5,702.3499755859375,874843,659.6304073578173,694.9812186744016,57.716248971869256,27.73339874653851,694.7000122070312,763491.05,False,True,True,True,2,0.011011894694808788
2026-04-13,688.0,702.0,675.75,696.0,899272,663.0941780856442,695.0211708832486,56.14659905353701,27.652439949352722,712.7000122070312,756776.9,False,False,True,True,2,-0.02343203580888964
2026-04-15,709.7999877929688,724.7000122070312,705.0999755859375,719.2000122070312,1000197,668.4375908591096,695.9693607390833,60.38555691765925,27.727266539186903,712.7000122070312,777343.5,False,True,True,True,2,0.009120246792014619
2026-04-16,728.4000244140625,734.0,715.5,719.2999877929688,816857,673.2816286623342,696.884287290216,60.40331945597952,27.068176072102126,724.7000122070312,806110.9,False,False,True,True,2,-0.007451392746106178
2026-04-17,723.0,728.3499755859375,719.8499755859375,724.7999877929688,663539,678.188139055728,697.9790206432651,61.427973697277544,25.7811626235926,734.0,817798.8,False,False,True,False,1,-0.012534076576336872
2026-04-20,727.9500122070312,732.0,718.2000122070312,722.6500244140625,613442,682.4226043279504,698.946510987218,60.7660127647166,24.925364421405185,734.0,814473.6,False,False,True,False,1,-0.0154631819971901
2026-04-21,724.7000122070312,736.0,718.0999755859375,725.9000244140625,595108,686.5633110028182,700.0035115137608,61.44242715612251,24.423554420880706,734.0,817584.65,False,False,True,False,1,-0.011035389081658686
2026-04-22,724.6500244140625,726.4000244140625,707.5,708.75,344191,688.6763290025498,700.3465110622408,55.959755176612724,24.029016563250835,736.0,800468.8,False,False,True,False,1,-0.037024456521739135
2026-04-23,713.0,726.8499755859375,706.9500122070312,717.2999877929688,1315542,691.4023917444945,701.0113532869752,57.97318197684499,23.734084192940507,736.0,783774.7,False,False,True,True,2,-0.02540762528129248
2026-04-24,721.0,723.0,691.0999755859375,701.0999755859375,1276314,692.3259711579653,701.0148286712482,53.026503925675065,24.317365637306363,736.0,809251.45,False,False,True,True,2,-0.047418511432150146
2026-04-27,706.0,712.0,690.2000122070312,692.7000122070312,715369,692.3615941150192,700.6887574373574,50.614870090712756,24.13755293413939,736.0,817637.4,False,False,True,False,1,-0.058831505153490116
2026-04-28,694.0,695.9500122070312,673.5999755859375,677.4500122070312,402542,690.9414434571156,699.7774340949917,46.481750399296125,24.009873197493274,736.0,771633.65,False,False,False,False,0,-0.07955161384914233
2026-04-29,680.0,689.2999877929688,661.0,662.8499755859375,722922,688.2660655646224,698.3292984671856,42.87226668932423,24.316309954312953,736.0,739092.7,False,False,False,False,0,-0.09938862012780236
2026-04-30,659.0,669.0,650.0499877929688,663.4500122070312,926010,685.9026319115185,696.9614833197286,43.06793838906246,23.93300297236426,736.0,747469.15,False,False,False,True,1,-0.09857335297957714
2026-05-04,665.0,677.5,664.9500122070312,671.2000122070312,491257,684.502382415853,695.9512295506032,45.65694809610329,23.227073316693154,736.0,759256.8,False,False,False,False,0,-0.08804346167522925
2026-05-05,671.0,671.4500122070312,653.0,657.9500122070312,535808,681.9735852531081,694.4609857332083,42.12949025716835,22.88585466600302,736.0,749104.85,False,False,False,False,0,-0.10604617906653357
2026-05-06,662.2000122070312,687.5,662.2000122070312,685.2000122070312,775023,682.2808640106246,694.0978103008092,50.58515412557665,23.361864175072,736.0,752449.8,False,False,True,True,2,-0.06902172254479455
2026-05-07,688.7000122070312,702.0,687.0,689.9500122070312,737191,683.0112590769489,693.9351515520336,51.90434616573031,22.893158719207484,736.0,758535.1,False,False,True,False,1,-0.06256791819696839
2026-05-08,688.7999877929688,691.0,679.9500122070312,688.8499755859375,1270069,683.5673273159002,693.7357328866966,51.56104874817076,22.04721793876186,736.0,771546.15,False,False,True,True,2,-0.06406253317128052
2026-05-11,687.0,687.5999755859375,673.1500244140625,683.3499755859375,389587,683.5466271511418,693.3284482866669,49.78795645421152,21.593841741127086,736.0,790729.85,False,False,False,False,0,-0.07153535925823706
2026-05-12,680.0,682.5,658.0,661.1500244140625,257612,681.4136173666581,692.0665493112707,43.31345359895214,21.8621370157564,736.0,768254.15,False,False,False,False,0,-0.10169833639393677
2026-05-13,661.7999877929688,667.7999877929688,657.0499877929688,663.0999755859375,267035,679.6694610065894,690.9306052436107,44.0022785690911,21.06841294320237,736.0,737392.6,False,False,False,False,0,-0.09904894621475879
2026-05-14,667.8499755859375,672.0,655.2000122070312,670.3499755859375,522306,678.7818909665273,690.1235217276235,46.600436485641644,20.7635254324714,736.0,705780.75,False,False,False,False,0,-0.08919840273649793
2026-05-15,671.4000244140625,675.8499755859375,662.0,664.25,422581,677.3979013506676,689.1088738167363,44.720361100018025,20.269700443433265,736.0,681886.2,False,False,False,False,0,-0.09748641304347827
2026-05-18,661.5999755859375,661.7000122070312,651.5499877929688,655.9000244140625,382674,675.3504844995623,687.8065659970235,42.20996602719213,19.729008426547406,736.0,662172.4,False,False,False,False,0,-0.10883148856784985
2026-05-19,656.4000244140625,667.8499755859375,656.0499877929688,659.0,907856,673.793295499604,686.6768967422383,43.478517425650296,19.173361479785093,736.0,648129.15,False,False,False,True,1,-0.10461956521739135
2026-05-20,658.5,668.6500244140625,652.2000122070312,664.8499755859375,743462,672.9415507459215,685.8209390498344,45.89228141963187,18.978836531731247,736.0,662849.85,False,False,False,True,1,-0.09667122882345447
2026-05-21,665.25,679.0,665.25,674.5499877929688,617869,673.0947352265928,685.3789409613298,49.72606054209781,18.633921380469193,726.8499755859375,670267.55,False,False,False,False,0,-0.0719543090729391
2026-05-22,675.4000244140625,680.9000244140625,669.2000122070312,676.75,426951,673.442855681203,685.040551119709,50.58131731706257,18.138642153795058,726.8499755859375,683951.45,False,False,True,False,1,-0.06892753287299802
2026-05-25,682.8499755859375,693.4000244140625,679.5,689.2999877929688,655675,674.9530587394664,685.2075878519937,55.25735649531667,18.032312315242734,723.0,639521.9,False,False,True,True,2,-0.04661135851594922
2026-05-26,693.5,696.0,685.3499755859375,687.5999755859375,346903,676.157527010559,685.3014069788151,54.505011848916226,17.505006036587,712.0,608489.95,False,False,True,False,1,-0.034269697210761896
2026-05-27,688.7000122070312,692.0,683.0499877929688,685.75,289327,677.0710958666963,685.3189988619988,53.64898598070798,16.89393504876159,702.0,590066.65,False,False,True,False,1,-0.02314814814814814
2026-05-28,685.75,685.75,685.75,685.75,0,677.8976581651062,685.3359008674106,53.64898598070798,15.687225402421477,702.0,584405.9,False,False,True,False,1,-0.02314814814814814
2026-05-29,685.4000244140625,686.9500122070312,665.9500122070312,672.2999877929688,513983,677.3645467010931,684.8246885899815,47.37522735557921,16.066709302248515,702.0,548259.8,False,False,False,False,0,-0.04230770969662567
2026-06-01,672.9500122070312,673.9000244140625,663.0,668.5499877929688,268829,676.5250649003193,684.1864650293144,45.76819955834771,15.697660381663802,702.0,527658.45,False,False,False,False,0,-0.04764959003850611
2026-06-02,665.5499877929688,669.5999755859375,660.0,662.9500122070312,328041,675.2322027390537,683.3536629578523,43.40060457871039,15.262111467683352,702.0,516537.05,False,False,False,False,0,-0.05562676323784721
2026-06-03,662.0,683.8499755859375,656.5499877929688,679.4000244140625,931547,675.6291381366735,683.1986183090763,51.360344010500036,16.12195977663231,702.0,506148.7,False,False,True,True,2,-0.03219369741586542
2026-06-04,677.9500122070312,683.75,668.75,671.3499755859375,1161152,675.2215988461272,682.733965653267,47.81644515664914,16.041819792587145,702.0,513974.9,False,False,False,True,1,-0.0436610034388355
2026-06-05,671.2999877929688,677.0,657.0499877929688,663.6500244140625,848656,674.1195441383115,681.9855758007492,44.643341716987315,16.320976393618867,696.0,535172.95,False,False,False,True,1,-0.04647984997979526
2026-06-08,661.0,661.0,645.5,648.0999755859375,303499,671.6414899904663,680.6567287335017,39.01288662675725,16.451622680793413,696.0,514102.3,False,False,False,False,0,-0.06882187415813579
2026-06-09,649.9500122070312,657.7000122070312,649.9500122070312,652.8499755859375,376402,669.8518219519398,679.566267825754,41.44238557159502,15.962223676529153,696.0,509797.9,False,False,False,False,0,-0.061997161514457666
2026-06-10,652.9500122070312,656.7999877929688,637.2999877929688,640.7999877929688,419654,667.0849806034663,678.0460215499586,37.37481269748095,16.2149219853485,696.0,515737.4,False,False,False,False,0,-0.07931036236642419
2026-06-11,639.5,663.8499755859375,632.0499877929688,656.0999755859375,844822,666.038789649416,677.1853922964675,44.78511504221553,17.32814097160709,696.0,523368.35,False,False,False,True,1,-0.05732762128457258
2026-06-12,663.0499877929688,678.0,661.7999877929688,673.5,1537591,666.7493811113764,677.0408671083708,51.77405196096722,17.65470407463962,696.0,539494.15,False,False,True,True,2,-0.032327586206896575
2026-06-15,685.0,707.8499755859375,685.0,702.25,1320668,670.1303924341024,678.0294605551013,60.639292436131285,18.847223468303753,696.0,595244.65,False,True,True,True,2,0.00897988505747116
2026-06-16,709.7999877929688,713.1500244140625,703.4500122070312,709.7000122070312,801463,673.8989276505719,679.271442972824,62.559950187394875,18.279566393000806,707.8499755859375,642144.35,False,True,True,True,2,0.0026135998939074145
2026-06-17,712.9500122070312,718.4000244140625,706.0,709.75,738782,677.3133154933745,680.4666805033016,62.57314678766008,17.859599108790928,713.1500244140625,636824.7,False,False,True,True,2,-0.0047676145238247924
2026-06-18,709.75,716.25,705.5,707.5499877929688,507377,680.1929985695264,681.5287709852494,61.5449787907651,17.351770601020146,718.4000244140625,636590.7,False,False,True,False,1,-0.015103057144163046
2026-06-19,706.9000244140625,733.9000244140625,705.5,726.0999755859375,1203479,684.5650916187084,683.276661361747,66.53767778340372,18.140931587666028,718.4000244140625,631066.1,True,True,True,True,2,0.010718194474109488
2026-06-22,733.9500122070312,735.0,724.2000122070312,727.3499755859375,824641,688.6398424727302,685.0050266254408,66.8500100105567,17.616578459473367,733.9000244140625,669892.5,True,False,True,True,2,-0.008924987886946179
2026-06-23,728.0,730.5,705.0,708.2999877929688,588034,690.5122372651339,685.9185545143634,57.96964646971549,18.179679998082413,735.0,678340.8,True,False,True,False,1,-0.0363265472204507
2026-06-24,709.0,716.4000244140625,706.0499877929688,709.4500122070312,464752,692.3158348786479,686.841356776821,58.32952403311623,17.620419756868937,735.0,690397.35,True,False,True,False,1,-0.03476188815369896
2026-06-25,715.0499877929688,739.9500122070312,715.0499877929688,723.8499755859375,1415101,695.3190863745803,688.2926751614923,62.64278051126632,18.54038977423544,735.0,699168.6,True,False,True,True,2,-0.015170101243622502
2026-06-26,723.8499755859375,723.8499755859375,723.8499755859375,723.8499755859375,0,698.0363139185191,689.6870790997059,62.64278051126632,17.21607621893291,739.9500122070312,769923.65,True,False,True,False,1,-0.02175827603958347
2026-06-29,730.25,755.0,730.1500244140625,745.2000122070312,2233085,702.5280947079012,691.8640568686207,68.28718600506221,18.211358232870737,739.9500122070312,744224.5,True,True,True,True,2,0.007095073874437752
2026-06-30,753.0499877929688,760.0,749.5,753.2000122070312,901308,707.3539916125803,694.2693884505192,70.10961737475843,17.96768891573488,755.0,842437.3,True,False,True,True,2,-0.0023840897920115456
2026-07-01,757.4500122070312,766.0,751.7000122070312,763.8499755859375,848015,712.7345615148049,696.998038926418,72.38475713334037,17.705710264108728,760.0,871100.65,True,True,True,False,1,0.0050657573499177655
2026-07-02,770.0,791.0,768.0,780.2000122070312,1365629,719.1598425331123,700.2608614080107,75.4715154128166,18.38030413196257,766.0,866924.05,True,True,True,True,2,0.01853787494390513
2026-07-03,798.0,802.5,789.3499755859375,800.0499877929688,1634548,726.8636658911938,704.1741604819307,78.5991167052451,18.660281536320156,791.0,877147.9,True,True,True,True,2,0.011441198221199489
2026-07-06,804.4000244140625,806.0999755859375,789.2000122070312,793.7999877929688,868666,733.2385536913629,707.6888988078538,75.34164617652874,18.534544525076306,802.5,916442.5,True,False,True,False,1,-0.010841136706581045
2026-07-07,792.4500122070312,792.4500122070312,775.7000122070312,778.1500244140625,1015838,737.5158366173342,710.4520802041758,67.76799250031154,18.503503886566392,806.0999755859375,944700.85,True,False,True,True,2,-0.034673057956066455
2026-07-08,774.0,790.8499755859375,762.0999755859375,769.0999755859375,1319620,740.5238498524393,712.7519976701273,63.775479407286944,19.235396466097363,806.0999755859375,976672.65,True,False,True,True,2,-0.045900013795566075
2026-07-09,791.0,837.0,787.5499877929688,830.4500122070312,8696557,749.0882462671623,717.3676060833392,74.66995406579682,22.711441319523445,806.0999755859375,1021670.95,True,True,True,True,2,0.030207216671101156
2026-07-10,834.0,846.0,819.4500122070312,835.0,3009170,757.270318051242,721.9806411388945,75.26412447830248,22.985623210483823,837.0,1414257.7,True,False,True,True,2,-0.002389486260453988
2026-07-13,831.0,831.0,817.0,820.1500244140625,948142,763.2588615143678,725.8304208751756,69.53145926263362,22.629507266877834,846.0,1487836.65,True,False,True,False,1,-0.03055552669732564
2026-07-14,818.0,818.7000122070312,808.5,810.7999877929688,676638,767.7865878266155,729.1625607543048,66.1167605686552,21.84525849167674,846.0,1469210.35,True,False,True,False,1,-0.041607579440935294
2026-07-15,814.0,818.9000244140625,807.0999755859375,817.6500244140625,586810,772.5354865492295,732.6326573684129,67.38065428537,21.12774351570876,846.0,1462969.1,True,False,True,False,1,-0.03351060943964246
2026-07-16,820.7000122070312,824.0,800.0999755859375,806.5999755859375,760669,775.7797236003446,735.5333365141983,63.28004494798468,21.325763579876888,846.0,1455370.5,True,False,True,False,1,-0.04657213287714246
2026-07-17,808.0,818.0499877929688,803.5,808.7999877929688,723085,778.9245106663088,738.4065385251304,63.753011769447006,20.841779595097734,846.0,1468035.1,True,False,True,False,1,-0.043971645634788725
2026-07-20,808.0,819.9000244140625,804.0,815.0499877929688,642534,782.3650322974192,741.4121639866142,65.12722660611342,20.488797082166645,846.0,1444015.4,True,False,True,False,1,-0.036583938778996794
2026-07-21,817.0,819.2000122070312,809.2999877929688,816.9000244140625,876205,785.6540791656711,744.3724722386711,65.54365175121677,19.732456177302065,846.0,1434910.05,True,False,True,False,1,-0.03439713426233748
2026-07-22,816.0,816.7999877929688,805.0,809.2000122070312,265096,787.896548979134,746.9147287080185,62.21374134175865,19.172996765642097,846.0,1449318.6,True,False,True,False,1,-0.04349880353778812
2026-07-23,808.0,817.7999877929688,802.0,805.25,734011,789.5492586001687,749.2023864057434,60.51526857705724,18.932067553308286,846.0,1439335.8,True,False,True,False,1,-0.04816784869976354
2026-07-24,802.0,805.0,788.4000244140625,797.1500244140625,471316,790.2731410586348,751.0826859354814,57.074284228684355,18.78334669849609,846.0,1405281.3,True,False,True,False,1,-0.057742287926640046
2026-07-27,801.0,811.6500244140625,798.0,800.0,505379,791.19950857686,753.0010119772273,57.97964069316138,18.477393362889224,846.0,1428847.1,True,False,True,False,1,-0.05437352245862881
2026-07-28,800.0,805.0,791.0499877929688,796.5499877929688,330643,791.7090780260132,754.7088149503937,56.428105238111506,18.154008994613655,846.0,1342461.8,True,False,True,False,1,-0.05845155107214095
2026-07-29,799.9500122070312,803.5999755859375,792.5,800.0999755859375,543689,792.5082111269584,756.4888604655132,57.68295695516344,17.6501494654225,846.0,1313928.55,True,False,True,False,1,-0.05425534800716603
2026-07-30,800.0,803.0,795.0999755859375,798.7000122070312,228721,793.0979064679177,758.1441997494943,56.98596404263736,16.953711961753932,846.0,1298712.25,True,False,True,False,1,-0.055910151055518664
2026-07-31,799.8499755859375,830.5,797.0,822.9500122070312,1389037,795.9409641573571,760.6856041595938,64.89806255138701,18.13558967877151,846.0,1241866.85,True,False,True,True,2,-0.02724584845504585
2026-08-03,828.0,835.7999877929688,821.0,828.0999755859375,550388,799.0037271505553,763.3293049998426,66.31513916444877,17.897332401214168,846.0,1229591.3,True,False,True,False,1,-0.0211584212932181
2026-08-04,826.8499755859375,831.0,821.0,824.7999877929688,333380,801.4605138784042,765.7399200113377,64.51778135492118,17.333237229698874,846.0,1213677.4,True,False,True,False,1,-0.025059116083961275
2026-08-05,825.9500122070312,833.9500122070312,822.0,824.3499755859375,460451,803.6404626124549,768.0383535632828,64.26199773767932,16.94872115665119,846.0,1179554.5,True,False,True,False,1,-0.025591045406693214
2026-08-06,825.2999877929688,841.8499755859375,824.5,833.2000122070312,684783,806.4556578119384,770.5937127257829,67.03030143895252,16.988098216890393,846.0,1136596.05,True,False,True,False,1,-0.015130009211546946
2026-08-07,832.0,843.9500122070312,831.0,841.1500244140625,694855,809.7598832026168,773.360626909637,69.32868875166325,16.699663501900453,846.0,736007.35,True,False,True,False,1,-0.005732831661864668
2026-08-10,843.7999877929688,850.0,837.5499877929688,844.75,488129,813.0922752785581,776.1602101680826,70.33710136728186,16.396116980838368,843.9500122070312,620291.6,True,True,True,False,1,0.0009479089773061222
2026-08-11,850.0499877929688,854.2999877929688,820.0,822.4000244140625,820404,813.9787275771776,777.9735362169445,57.6618476252523,17.674964895990538,850.0,597290.95,True,False,True,True,2,-0.03247055951286759
2026-08-12,822.7999877929688,827.9000244140625,810.5499877929688,814.5,273711,814.0283725698273,779.4059465613781,53.96030579838995,17.65175573349791,854.2999877929688,604479.25,True,False,True,False,1,-0.046587836078272216
2026-08-13,813.9500122070312,819.8499755859375,807.2000122070312,810.25,358796,813.668527563177,780.6155172844612,52.025421954356915,17.29448485102708,854.2999877929688,588824.3,True,False,True,False,1,-0.05156266934612652
2026-08-14,813.0,816.5,803.0,804.3499755859375,359840,812.7810464224875,781.5462803551075,49.37834487928767,17.02345021881086,854.2999877929688,568730.65,True,False,False,False,0,-0.05846893704876899
2026-08-17,804.9500122070312,808.7999877929688,800.9500122070312,803.7999877929688,231474,811.9257075053905,782.4189747644353,49.127411300318215,16.368202030748478,854.2999877929688,550568.4,True,False,False,False,0,-0.05911272471215134
2026-08-18,803.2000122070312,809.5,802.0,803.5999755859375,260260,811.1327806559187,783.2496022476316,49.02982906408018,15.734759028552158,854.2999877929688,530015.4,True,False,False,False,0,-0.05934684880191976
2026-08-19,803.5,814.5999755859375,795.3499755859375,800.4500122070312,485815,810.1153741369772,783.9241281283923,47.431922787764556,15.985847669369862,854.2999877929688,499218.15,True,False,False,False,0,-0.06303403529836815
2026-08-20,802.7999877929688,819.0,802.7999877929688,809.7000122070312,796294,810.0758158579347,784.9349471118684,52.34363331371385,16.169000535341212,854.2999877929688,510254.1,True,False,True,True,2,-0.05220645700950877
2026-08-21,809.9500122070312,815.7999877929688,806.9500122070312,808.5999755859375,253715,809.935259641554,785.8629874441848,51.72467903436488,15.646213038955233,854.2999877929688,513368.25,True,False,True,False,1,-0.05349410378091468
2026-08-24,809.0,811.75,795.0,797.6500244140625,449818,808.7652372389358,786.3252241881016,45.90564947000738,15.725054964744146,854.2999877929688,502488.2,True,False,False,False,0,-0.06631155822120272
2026-08-25,797.9500122070312,801.75,786.5999755859375,788.75,358035,806.859024168561,786.420313435627,41.79042744495273,15.68398135398117,854.2999877929688,499710.15,True,False,False,False,0,-0.07672947293644838
2026-08-26,790.9500122070312,794.9500122070312,779.0,781.8499755859375,338222,804.477210017835,786.2410845003451,38.88036953237365,15.702983557770462,854.2999877929688,501079.75,True,False,False,False,0,-0.08480628964329195
2026-08-27,781.0,784.2000122070312,773.5,775.0499877929688,189310,801.6746174249906,785.8022179628009,36.20470294032758,15.34562846128909,854.2999877929688,490806.4,True,False,False,False,0,-0.09276600858293049
2026-08-28,775.0,792.9000244140625,774.2999877929688,786.4000244140625,378490,800.2198942810927,785.8256613530465,43.22754785734365,15.578086186989422,854.2999877929688,488835.85,True,False,False,False,0,-0.0794802345184642
2026-08-31,784.9000244140625,785.0,775.0499877929688,780.7000122070312,238496,798.3608578930869,785.6246555041831,40.798522460559326,15.276082646568304,854.2999877929688,438308.5,True,False,False,False,0,-0.08615237813133825
2026-09-01,779.7999877929688,784.5,772.0999755859375,774.7000122070312,257538,796.1074440182244,785.1962381199811,38.35533186438993,15.070649915675032,854.2999877929688,422713.9,True,False,False,False,0,-0.09317567215654432
2026-09-02,773.0,774.75,760.0,763.4000244140625,203010,792.9924516749709,784.3414846413176,34.20132464294211,15.047746350269673,854.2999877929688,418921.8,True,False,False,False,0,-0.10640286161508761
2026-09-03,764.9500122070312,772.7999877929688,764.0,768.4500122070312,231618,790.6550764875481,783.7182896438946,37.461107887703896,14.644333280886572,854.2999877929688,406049.75,True,False,False,False,0,-0.10049160343280072
2026-09-04,768.9000244140625,781.2000122070312,756.5,760.9500122070312,567061,787.8260227465464,782.8254160189197,34.71073838741745,15.362596061325478,854.2999877929688,383391.5,True,False,False,True,1,-0.10927072096430834
2026-09-07,762.0,768.9500122070312,751.8499755859375,755.6500244140625,290500,784.7616419529766,781.7597143873567,32.87394406897472,15.486698958451784,854.2999877929688,377001.8,True,False,False,False,0,-0.11547461639764545
2026-09-08,755.9000244140625,757.9500122070312,750.0999755859375,753.4500122070312,306449,781.7795819771723,780.6495299881283,32.11426601554288,14.941223077211925,854.2999877929688,367120.35,True,False,False,False,0,-0.11804983849581596
2026-09-09,752.8499755859375,755.4000244140625,745.1500244140625,750.6500244140625,589501,778.8148622092571,779.4730787891453,31.12832870281001,14.60613571455393,827.9000244140625,341422.6,False,False,False,True,1,-0.09330836782457264
2026-09-10,750.0,775.9500122070312,750.0,770.4000244140625,549144,778.0134490859052,779.1172727352206,44.152514224042456,15.41641260687374,819.8499755859375,357212.1,False,False,False,True,1,-0.06031585368595482
2026-09-11,768.0,768.9500122070312,757.4500122070312,759.7999877929688,228484,776.2788337246732,778.3597321492499,39.80200719450081,15.240241149742134,819.0,366729.5,False,False,False,False,0,-0.07228328718807231
2026-09-15,760.5,764.7000122070312,737.0999755859375,740.4000244140625,193485,772.8618042665198,776.8711161596348,33.32926387475011,16.12308368341011,819.0,360161.7,False,False,False,False,0,-0.09597066616109584
2026-09-16,740.3499755859375,741.5999755859375,722.5,725.6500244140625,204754,768.3654442805715,774.8624458951025,29.41278846257724,16.335718819304923,819.0,358262.25,False,False,False,False,0,-0.1139804341708639
2026-09-17,725.5,742.0,721.5999755859375,738.0,490061,765.4734972062313,773.4168597815691,36.17542964234466,16.626026361787606,819.0,355486.95,False,False,False,True,1,-0.09890109890109888
