Date,Open,High,Low,Close,Volume,EMA20,EMA50,RSI14,ATR14,Prev20High,AvgVolume20,TrendPass,BreakoutPass,RSIPass,VolumePass,ConfirmationScore,BreakoutStrength
2020-01-01,160.6999969482422,170.9499969482422,160.6999969482422,162.6999969482422,446861,162.6999969482422,162.6999969482422,,10.25,,,False,False,False,False,0,
2020-01-02,163.89999389648438,164.9499969482422,160.5,161.0500030517578,135580,162.54285467238654,162.6352913052428,0.0,9.835714067731585,,,False,False,False,False,0,
2020-01-03,160.8000030517578,165.0,160.8000030517578,164.10000610351562,121551,162.69115480868456,162.6927311012535,12.449030814753371,9.433162844910914,,,False,False,False,False,0,
2020-01-06,160.10000610351562,169.6999969482422,160.10000610351562,165.8000030517578,124006,162.98723559373914,162.81458490323405,18.53642673563678,9.445079130612031,,,True,False,False,False,0,
2020-01-07,171.89999389648438,174.89999389648438,161.5,164.25,316227,163.1074988705259,162.87087569134252,17.351793133722808,9.727573042460056,,,True,False,False,False,0,
2020-01-08,155.1999969482422,161.35000610351562,155.1999969482422,160.14999389648438,406965,162.82583173014098,162.76417444448532,14.679386365872475,9.679175185981325,,,True,False,False,False,0,
2020-01-09,167.0,171.6999969482422,162.1999969482422,165.5500030517578,1488525,163.08527661791402,162.87342262516268,29.976129964653197,9.812805747822503,,,True,False,False,False,0,
2020-01-10,166.3000030517578,167.6999969482422,157.1999969482422,160.0,275055,162.79144074954127,162.76073938496023,25.012632271693818,9.861891051549469,,,True,False,False,False,0,
2020-01-13,160.89999389648438,161.85000610351562,158.60000610351562,159.64999389648438,112871,162.49225533496443,162.63874936580433,24.734480307903084,9.389613119295936,,,False,False,False,False,0,
2020-01-14,163.0,163.6999969482422,159.10000610351562,159.75,149104,162.23108816020593,162.52546507694925,24.991147774630306,9.047497242540981,,,False,False,False,False,0,
2020-01-15,160.4499969482422,164.0,158.75,160.25,2975180,162.04241309732916,162.436231152363,26.343573996957275,8.77624743950234,,,False,False,False,False,0,
2020-01-16,161.0,163.0,160.25,161.0,230355,161.9431356594883,162.37990836207427,28.428157062555172,8.345801193823602,,,False,False,False,False,0,
2020-01-17,160.5,163.25,160.10000610351562,161.0,1530649,161.85331321572752,162.3257943086596,28.428157062555172,7.974672101156515,,,False,False,False,False,0,
2020-01-20,163.5500030517578,163.75,161.75,162.8000030517578,120466,161.9434741524923,162.34439072995758,33.654538777718315,7.601481236788192,,,False,False,False,False,0,
2020-01-21,162.9499969482422,165.5500030517578,162.1999969482422,163.64999389648438,258075,162.10599984239633,162.39559085413512,36.03006867147266,7.297804441554438,,,False,False,False,False,0,
2020-01-22,164.85000610351562,165.9499969482422,162.85000610351562,164.5,362453,162.33399985740618,162.47811670299257,38.40519043334525,6.99796061320959,,,False,False,False,False,0,
2020-01-23,158.0,166.3000030517578,156.9499969482422,164.5,257843,162.54028558527224,162.55740624405166,38.40519043334525,7.165963862517163,,,False,False,False,False,0,
2020-01-24,165.9499969482422,168.60000610351562,162.5500030517578,164.3000030517578,248793,162.70787772493753,162.62574337376563,38.01998480449415,7.086252376034353,,,True,False,False,False,0,
2020-01-27,165.0,169.4499969482422,163.0,168.1999969482422,417756,163.2309366985856,162.84434155315688,48.80366122723265,7.040805559763484,,,True,False,False,False,0,
2020-01-28,166.64999389648438,171.89999389648438,163.0500030517578,163.8000030517578,306001,163.2851334941258,162.88181847467067,40.28726619950429,7.17003308011799,,,True,False,False,False,0,
2020-01-29,165.60000610351562,170.0,163.10000610351562,165.0,484216,163.44845411373288,162.96488441684045,43.19849275947312,7.150744567001303,174.89999389648438,514215.8,True,False,False,False,0,-0.056603740663042856
2020-01-30,166.5,169.0,165.0,167.5,82622,163.83431562671072,163.14273208676826,48.7990544092611,6.925691383644067,174.89999389648438,516083.55,True,False,False,False,0,-0.04230985794581621
2020-01-31,170.0,170.0,164.1999969482422,164.9499969482422,69668,163.94057099066612,163.21360521859077,44.03026250213192,6.845285074223621,174.89999389648438,513435.65,True,False,False,False,0,-0.05688963576597461
2020-02-03,162.0,168.89999389648438,162.0,165.14999389648438,91632,164.05575412455357,163.28954202948856,44.48845464200323,6.8491928472422465,174.89999389648438,510841.5,True,False,False,False,0,-0.0557461425971838
2020-02-04,168.89999389648438,168.89999389648438,165.0,166.5,80207,164.28853944602466,163.41544234205764,47.60640780265568,6.6385357793309705,174.89999389648438,509222.8,True,False,False,False,0,-0.0480274110327068
2020-02-05,166.10000610351562,167.5,166.10000610351562,166.5500030517578,43877,164.50391693228497,163.53836629145763,47.7235296699784,6.264354216270499,171.89999389648438,497421.8,True,False,False,False,0,-0.03112269362818154
2020-02-06,168.0,168.0,163.60000610351562,164.64999389648438,41404,164.51782902411347,163.58195953087045,43.72387646184675,6.1311856220000625,171.89999389648438,479267.4,True,False,False,False,0,-0.04217568503443836
2020-02-07,164.3000030517578,166.4499969482422,163.0,164.10000610351562,35049,164.4780363650089,163.60227508273888,42.61063386644188,5.939672145303072,171.89999389648438,406911.35,True,False,False,False,0,-0.04537514874878812
2020-02-10,166.9499969482422,167.0,161.0500030517578,163.3000030517578,43365,164.36584271612784,163.59042127760236,40.97634923814314,5.940409631227295,171.89999389648438,394911.05,True,False,False,False,0,-0.05002903519534363
2020-02-11,167.0,168.5,164.5500030517578,166.64999389648438,103553,164.58338092378085,163.71040451755854,49.6797528924621,5.887523011014073,171.89999389648438,391435.75,True,False,False,False,0,-0.03054101330080017
2020-02-12,176.0,181.8000030517578,170.3000030517578,177.60000610351562,1538548,165.823059512327,164.25509477583137,66.87411879664666,6.549129164175457,171.89999389648438,389158.2,True,True,True,True,2,0.03315888545326939
2020-02-13,178.25,180.5,172.14999389648438,174.64999389648438,142610,166.6637199298658,164.6627378786021,60.84236786359049,6.677763231271183,181.8000030517578,317326.6,True,False,True,False,1,-0.03932898259213924
2020-02-14,174.64999389648438,177.3000030517578,168.0,173.1999969482422,101768,167.2862225030445,164.9975323519213,58.06991313923456,6.865066075591657,181.8000030517578,312939.35,True,False,True,False,1,-0.047304763251666326
2020-02-17,173.5500030517578,174.64999389648438,167.5500030517578,168.14999389648438,69152,167.3684864452769,165.12115829484537,49.593829468899315,6.881846416244151,181.8000030517578,241495.3,True,False,False,False,0,-0.07508255734950309
2020-02-18,168.3000030517578,172.1999969482422,165.10000610351562,167.64999389648438,1844711,167.39529667872523,165.22032831843907,48.83380483464357,6.8974281611357515,181.8000030517578,238929.6,True,False,False,True,1,-0.07783283233083871
2020-02-19,168.60000610351562,171.35000610351562,166.4499969482422,168.3000030517578,90568,167.48145919044262,165.34109987660844,49.908531298415156,6.754755375002729,181.8000030517578,318261.4,True,False,False,False,0,-0.07425742449606343
2020-02-20,169.39999389648438,172.89999389648438,169.0,170.89999389648438,90650,167.80703392435134,165.55909572052514,54.06474596717042,6.600843622840145,181.8000030517578,304667.15,True,False,True,False,1,-0.059956044952156784
2020-02-24,171.5,179.0,168.3000030517578,170.60000610351562,209044,168.07303127474793,165.75677848064242,53.513036737246736,6.893640288940291,181.8000030517578,296307.5,True,False,True,False,1,-0.06160614279557297
2020-02-25,171.39999389648438,173.9499969482422,165.25,166.39999389648438,100378,167.91369438157997,165.78200261459702,46.37738005110513,7.022665764604712,181.8000030517578,294320.05,True,False,False,False,0,-0.08470851978417793
2020-02-26,165.9499969482422,170.0,165.35000610351562,167.5500030517578,73584,167.8790571120731,165.85133596507393,48.40603724062823,6.853189202596117,181.8000030517578,278451.15,True,False,False,False,0,-0.07838283696806692
2020-02-27,168.3000030517578,171.75,165.85000610351562,168.85000610351562,110556,167.97152844459146,165.9689308724638,50.67763926819009,6.785103823588136,181.8000030517578,266830.3,True,False,True,False,1,-0.07123210523024781
2020-02-28,164.0,168.0,161.0,162.39999389648438,115194,167.4409061066765,165.8289725596803,41.026138461158844,6.861168272154385,181.8000030517578,248147.3,True,False,False,False,0,-0.10671071963486345
2020-03-02,167.89999389648438,169.0,155.0,161.0500030517578,101269,166.83224867287473,165.64156199074216,39.33748685899165,7.371084824143358,181.8000030517578,249775.9,True,False,False,False,0,-0.11413641172543076
2020-03-03,166.8000030517578,166.8000030517578,161.5500030517578,164.85000610351562,54429,166.6434636662691,165.61052058339993,46.06683679898095,7.255293050990261,181.8000030517578,251355.95,True,False,False,False,0,-0.09323430508093322
2020-03-04,165.60000610351562,165.60000610351562,159.5,160.3000030517578,95058,166.03932456012515,165.40226499392375,40.30194516070862,7.172772554742073,181.8000030517578,249495.8,True,False,False,False,0,-0.11826182419743425
2020-03-05,161.10000610351562,162.9499969482422,158.0,159.0500030517578,36534,165.3736748926616,165.15315668246626,38.8630707860976,7.01400286856351,181.8000030517578,250238.35,True,False,False,False,0,-0.12513751165077347
2020-03-06,157.0500030517578,158.25,152.1999969482422,156.6999969482422,47107,164.5476103265264,164.8216602223006,36.243272040322566,7.002288813917232,181.8000030517578,249871.2,False,False,False,False,0,-0.1380638376357438
2020-03-09,152.0,153.35000610351562,140.0,142.8000030517578,86179,162.4764096336913,163.9580658234558,25.35560034523391,7.6949822520833004,181.8000030517578,250156.35,False,False,False,False,0,-0.2145214485441831
2020-03-11,143.5,147.75,141.4499969482422,143.5,53136,160.6691325257207,163.1557887323399,26.55221018549497,7.59534088063148,181.8000030517578,252712.85,False,False,False,False,0,-0.2106710803566595
2020-03-12,135.0,138.8000030517578,115.0,121.3499984741211,238959,156.924453092235,161.5163459771156,17.171637548899042,9.088530817729232,181.8000030517578,253201.4,False,False,False,False,0,-0.33250827042300335
2020-03-13,109.0500030517578,121.4499969482422,97.0999984741211,118.9499969482422,341267,153.30783822137857,159.84707738774802,16.491778913514295,10.178635650328651,181.8000030517578,259971.7,False,False,False,True,1,-0.3457095987265877
2020-03-16,118.9000015258789,119.5,111.5,115.6999969482422,110125,149.72613905250844,158.11581933129682,15.591550458533916,10.023018818162319,180.5,200107.65,False,False,False,False,0,-0.35900278699034793
2020-03-17,115.0,115.1500015258789,112.0,112.75,146616,146.2046019998886,156.33676759281462,14.801743431659261,9.57137439888231,179.0,198483.4,False,False,False,False,0,-0.3701117318435754
2020-03-18,113.0999984741211,122.8499984741211,103.6500015258789,110.3000030517578,278511,142.78511638578092,154.53140427747908,14.160194808838995,10.259133152408015,179.0,200725.8,False,False,False,True,1,-0.383798865632638
2020-03-19,108.5,108.5,88.25,88.6500015258789,1580010,137.62939116102834,151.9478198558477,10.025120099973336,11.101338145218714,179.0,211193.75,False,False,False,True,1,-0.5047485948274921
2020-03-20,88.75,95.1500015258789,88.0,92.9499969482422,1339326,133.3742107598106,149.63417974182397,15.314651007708576,10.81909981526587,179.0,197958.7,False,False,False,True,1,-0.4807262740321665
2020-03-23,89.9000015258789,93.9499969482422,84.0,85.8499984741211,160693,128.84809530403066,147.13283929995328,13.865219860967969,10.757021039049894,179.0,260396.6,False,False,False,False,0,-0.5203910699769771
2020-03-24,86.0999984741211,89.94999694824219,78.0,83.55000305175781,133556,124.53399128000467,144.6393947412005,13.422057389045833,10.8422336039922,179.0,263898.75,False,False,False,False,0,-0.5332402064147608
2020-03-25,82.94999694824219,91.9000015258789,82.94999694824219,83.69999694824219,226168,120.64503943888442,142.2496144355943,13.615967737524528,10.707074387823953,173.9499969482422,260124.35,False,False,False,False,0,-0.5188272583117858
2020-03-26,90.3000030517578,90.9000015258789,84.5,88.3499984741211,740679,117.56932125176411,140.1359040057326,19.62595746268552,10.456569401382009,171.75,266413.85,False,False,False,True,1,-0.4855895285349573
2020-03-27,91.0,96.9000015258789,88.9000015258789,93.0,1246952,115.22938589445324,138.28743718197842,25.22821043392902,10.320386090694566,171.75,299768.6,False,False,False,True,1,-0.4585152838427947
2020-03-30,92.9499969482422,97.4499969482422,90.0,92.4000015258789,1153821,113.05515881173189,136.48792990134706,24.98620289269242,10.115358294805112,169.0,356588.4,False,False,False,True,1,-0.45325442884095324
2020-03-31,92.4499969482422,96.9000015258789,92.4499969482422,95.1500015258789,85920,111.34990573688874,134.86683467093656,28.37745021376203,9.714261273747605,169.0,408519.75,False,False,False,False,0,-0.4369822394918408
2020-04-01,96.6999969482422,96.6999969482422,92.9000015258789,93.75,71250,109.67372423813744,133.25440978188024,27.691110413352945,9.29181371293444,166.8000030517578,407752.3,False,False,False,False,0,-0.43794965057099244
2020-04-03,95.9499969482422,96.9000015258789,93.0999984741211,94.0,124546,108.18098859641006,131.715021162983,28.02587414140541,8.899541522850395,165.60000610351562,408593.35,False,False,False,False,0,-0.432367170679685
2020-04-07,99.0,99.0,93.8000030517578,94.5500030517578,284518,106.88279949691938,130.25756947234672,28.806773654589236,8.63528833894981,162.9499969482422,410067.75,False,False,False,False,0,-0.41976063318497814
2020-04-08,96.0,103.5,93.8000030517578,99.25,996205,106.15586621149848,129.04158635578412,35.26989384694669,8.711338953899267,158.25,422466.95,False,False,False,True,1,-0.372827804107425
2020-04-09,100.0500030517578,104.0,100.0,100.9000015258789,345718,105.6553076700109,127.93799479382704,37.41785037462221,8.42838617147789,153.35000610351562,469921.85,False,False,False,False,0,-0.34202805666816516
2020-04-13,102.5,104.0,98.9000015258789,99.3499984741211,106761,105.05480203230711,126.81689689893662,36.20252945234831,8.190644193095261,147.75,482898.8,False,False,False,False,0,-0.3275803825778606
2020-04-15,102.6999969482422,103.0,100.0,101.1999969482422,94222,104.68767773858664,125.81231258714469,38.759209763309954,7.866312574008379,138.8000030517578,485580.05,False,False,False,False,0,-0.27089340977532084
2020-04-16,101.0,104.6999969482422,99.0,103.9499969482422,69820,104.6174224252205,124.95496687581517,42.45115767804811,7.7115757435965095,122.8499984741211,478343.2,False,False,False,False,0,-0.15384616817769248
2020-04-17,105.3000030517578,108.9000015258789,103.6500015258789,104.9499969482422,766609,104.6490961893178,124.17045825120448,43.77845896166463,7.535748904768187,122.8499984741211,464770.85,False,False,False,True,1,-0.14570615993657998
2020-04-20,107.0,110.0,102.0,102.75,348749,104.46822988557324,123.33044028056902,41.51019071448322,7.568909697284745,122.8499984741211,497595.05,False,False,False,False,0,-0.16361415322569373
2020-04-21,101.0,103.4000015258789,99.0999984741211,101.4000015258789,89308,104.17601766084044,122.47042307450275,40.13594828145878,7.335416365461393,122.8499984741211,507701.7,False,False,False,False,0,-0.17460315193052878
2020-04-22,100.0500030517578,102.25,100.0,101.6500015258789,20554,103.93544469560601,121.65393595494886,40.528600628409556,6.972172339357008,110.0,498241.55,False,False,False,False,0,-0.07590907703746452
2020-04-23,105.4000015258789,105.4000015258789,101.6500015258789,104.75,136618,104.01302139126258,120.99103650573518,45.318117448254384,6.74201717226008,110.0,420268.75,False,False,False,False,0,-0.04772727272727273
2020-04-24,104.75,106.0,103.0,104.25,242936,104.0355907825709,120.33452527021616,44.692922433261444,6.47473023138436,110.0,360133.35,False,False,False,False,0,-0.05227272727272725
2020-04-27,106.5,107.75,102.9499969482422,103.8000030517578,231734,104.0131538558268,119.6861126341982,44.103212935410426,6.355106861411034,110.0,364245.5,False,False,False,False,0,-0.0563636086203837
2020-04-28,105.0999984741211,105.0999984741211,99.8000030517578,100.5500030517578,99537,103.683329969725,118.93567696429858,39.99833919310761,6.279741758621911,110.0,369154.4,False,False,False,False,0,-0.08590906316583824
2020-04-29,102.0,102.5,97.0,98.3499984741211,390259,103.17539363681034,118.12839545487986,37.45686388756879,6.224045918720346,110.0,362822.85,False,False,False,True,1,-0.10590910478071736
2020-04-30,102.0,102.0,96.0,98.75,718784,102.75392757616174,117.36845837821791,38.22542157764775,6.208042638811751,110.0,345301.85,False,False,False,True,1,-0.10227272727272729
2020-05-04,99.0500030517578,101.0,97.9000015258789,98.0999984741211,98364,102.31069623311026,116.61283249962588,37.42069911077056,5.98603948419099,110.0,318893.45,False,False,False,False,0,-0.10818183205344456
2020-05-05,100.0,100.0,96.0,96.5500030517578,67981,101.76205878726716,115.8260548742193,35.50141097154069,5.844179521034491,110.0,266120.6,False,False,False,False,0,-0.12227269952947462
2020-05-06,96.5500030517578,97.6500015258789,93.8000030517578,95.0500030517578,93978,101.12281538388532,115.0113077439267,33.700035803576384,5.701738017683534,110.0,265223.65,False,False,False,False,0,-0.13590906316583817
2020-05-07,104.5500030517578,104.5500030517578,97.1500015258789,98.75,258289,100.89683296637244,114.37360940102761,41.57505562208797,5.9730424449918536,110.0,266360.05,False,False,False,False,0,-0.10227272727272729
2020-05-08,100.8000030517578,100.8000030517578,96.0999984741211,96.3000030517578,85154,100.45903964117106,113.66484052458566,38.32859511902922,5.8821111687522,110.0,273047.2,False,False,False,False,0,-0.12454542680220182
2020-05-11,99.9000015258789,99.9000015258789,96.5,97.3000030517578,81160,100.15817901360789,113.0230821923179,40.37515149792673,5.719103119135694,110.0,263079.0,False,False,False,False,0,-0.11545451771129278
2020-05-12,97.4000015258789,97.4000015258789,94.3499984741211,94.9000015258789,61727,99.65740020525276,112.3123731465752,37.18572684154797,5.528453114322988,110.0,217326.75,False,False,False,False,0,-0.1372727134011008
2020-05-13,96.9000015258789,97.3000030517578,94.9499969482422,95.1999969482422,611152,99.232885609347,111.64129957016998,37.84664931902299,5.304992286576982,110.0,203127.2,False,False,False,True,1,-0.13454548228870722
2020-05-14,94.0,95.4000015258789,93.0,93.1999969482422,70871,98.65832478447987,110.91811123205515,35.18842251692537,5.09749294652712,110.0,228346.75,False,False,False,False,0,-0.1527273004705254
2020-05-15,93.4499969482422,95.5,92.5500030517578,92.9000015258789,160707,98.10991304556549,110.21151869455804,34.793661691490655,4.944100375221055,110.0,227179.2,False,False,False,False,0,-0.155454531582919
2020-05-18,93.4499969482422,93.8000030517578,90.0,90.1500015258789,81759,97.35182623416677,109.42479253108041,31.32452441357772,4.862379137830823,110.0,231723.55,False,False,False,False,0,-0.18045453158291902
2020-05-19,90.9499969482422,91.75,86.1500015258789,86.5,789191,96.31831897376993,108.52578105927334,27.417121141345746,4.915066233280128,110.0,197481.05,False,False,False,True,1,-0.21363636363636362
2020-05-20,87.94999694824219,87.94999694824219,84.5,84.8499984741211,97153,95.22609797380338,107.59731899711052,25.847488287708117,4.81041842720599,107.75,219503.15,False,False,False,False,0,-0.21252901648147482
2020-05-21,85.80000305175781,86.80000305175781,82.80000305175781,83.55000305175781,110300,94.11408893360856,106.65428699925356,24.650094558375912,4.7525313966912766,107.75,219895.4,False,False,False,False,0,-0.22459393919482307
2020-05-22,84.19999694824219,91.9000015258789,83.75,90.3499984741211,344139,93.75560412794309,106.01490313552287,40.24390703075972,5.009493330793406,107.75,224382.7,False,False,False,True,1,-0.1614849329547926
2020-05-26,92.6500015258789,95.0,87.0,90.6999969482422,268263,93.46459392035253,105.41431857915893,40.92161165470177,5.223100950022448,107.75,234758.75,False,False,False,True,1,-0.15823668725529283
2020-05-27,90.9000015258789,91.1999969482422,88.5,89.94999694824219,855813,93.12987039919916,104.80787459363279,39.877923894027866,5.042879235609573,107.75,236025.1,False,False,False,True,1,-0.1651972440998405
2020-05-28,91.8499984741211,94.0,89.3499984741211,89.9000015258789,641495,92.82226383983533,104.22325212038754,39.805043682005056,5.014816542057383,105.0999984741211,267229.05,False,False,False,True,1,-0.14462414052256056
2020-05-29,90.05000305175781,90.9499969482422,88.5,89.75,117584,92.52966728366054,103.65567360586255,39.57137080755312,4.831615142499156,104.5500030517578,294326.95,False,False,False,False,0,-0.14155908770687464
2020-06-01,91.9000015258789,91.9000015258789,89.55000305175781,90.8000030517578,194631,92.36493735681266,103.15152966256431,42.1322345786682,4.6543568090435805,104.5500030517578,280693.2,False,False,False,False,0,-0.1315160172036821
2020-06-02,92.0,98.9000015258789,90.1500015258789,96.9000015258789,401245,92.79684823005707,102.90637169641978,54.25962375765368,4.946902751254753,104.5500030517578,254485.55,False,False,True,True,2,-0.07317074416623148
2020-06-03,97.9499969482422,104.0999984741211,97.0,99.9000015258789,478167,93.47333902013533,102.78847482698681,58.82939123797365,5.10783805103957,104.5500030517578,269629.6,False,False,True,True,2,-0.04447634041270088
2020-06-04,99.9499969482422,101.8499984741211,98.9000015258789,99.5500030517578,249619,94.0520689279089,102.66147593384058,58.100100275490426,4.9537065436969,104.5500030517578,290138.9,False,False,True,False,1,-0.047824006255884455
2020-06-05,103.0,103.0,96.0999984741211,100.9499969482422,233106,94.70901445365493,102.59435911087594,60.224177587128146,5.092727613852758,104.5500030517578,297920.95,False,False,True,False,1,-0.034433342883150364
2020-06-08,104.9000015258789,104.9000015258789,101.5,102.1500015258789,224484,95.41767988910483,102.57693332322901,62.002278228702906,5.0111045398373255,104.0999984741211,296661.8,False,False,True,False,1,-0.018731959431555145
2020-06-09,103.5,103.6999969482422,99.1999969482422,101.0500030517578,265029,95.95409161888131,102.51705370473995,59.381777831678626,4.9745970727060875,104.9000015258789,303628.3,False,False,True,False,1,-0.03670160551114299
2020-06-10,102.8499984741211,104.3000030517578,100.1500015258789,102.0,221110,96.52989241708308,102.4967770888678,60.9180481451173,4.91569739078986,104.9000015258789,312821.75,False,False,True,False,1,-0.027645390692996985
2020-06-11,103.0,103.4499969482422,101.8000030517578,102.1999969482422,174436,97.06990237243157,102.48513865198052,61.250325411922276,4.682432855482327,104.9000015258789,320790.9,False,False,True,False,1,-0.025738842119755412
2020-06-12,95.0999984741211,102.0,95.0999984741211,100.4499969482422,149427,97.39181614155639,102.40532917340255,56.70713001912509,4.855116113956526,104.9000015258789,298955.1,False,False,True,False,1,-0.042421396691199154
2020-06-15,101.9000015258789,103.3499984741211,100.25,101.0500030517578,131105,97.7402148949089,102.35217912941648,57.86121380480042,4.729750568253995,104.9000015258789,302882.9,False,False,True,False,1,-0.03670160551114299
2020-06-16,103.0,121.25,101.0500030517578,115.1500015258789,2270422,99.39828981214413,102.85405451751305,74.8370365044468,5.834768166824581,104.9000015258789,301402.8,False,True,True,True,2,0.09771210534702734
2020-06-17,122.8000030517578,129.5,119.0,121.9499969482422,1578092,101.54607144415347,103.60291500499264,79.19091273142045,6.4429989030600465,121.25,410835.95,False,True,True,True,2,0.00577317070715222
2020-06-18,123.1999969482422,127.5500030517578,122.1500015258789,123.3000030517578,598230,103.6178744544015,104.37534983035599,79.9332530685143,6.382785131664015,129.5,450281.0,False,False,True,True,2,-0.047876424310750565
2020-06-19,123.8000030517578,125.25,115.6999969482422,119.8000030517578,309060,105.15902955891161,104.9802381919796,72.69291100405877,6.609014983099286,129.5,475334.85,True,False,True,False,1,-0.07490345133777765
2020-06-22,120.8499984741211,125.75,116.5999984741211,122.25,596111,106.78674102949145,105.65748375307844,74.43834243252323,6.790514021869258,129.5,485272.85,True,False,True,True,2,-0.055984555984555984
2020-06-23,123.0,127.4000015258789,122.3499984741211,125.3499984741211,736973,108.55467030993238,106.42973923233501,76.48633481041108,6.673334557869947,129.5,497871.45,True,False,True,True,2,-0.0320463438291807
2020-06-24,129.0,129.0,120.3000030517578,121.0,478354,109.73993980422452,107.00112200753756,68.22593399222252,6.818096157182251,129.5,521306.95,True,False,True,False,1,-0.06563706563706562
2020-06-25,121.0,127.5999984741211,120.0500030517578,125.3000030517578,606236,111.22185058970388,107.71872518574229,71.50229331598074,6.870374676123754,129.5,502434.0,True,False,True,True,2,-0.03243240886673515
2020-06-26,126.5500030517578,128.6999969482422,125.3000030517578,125.5999984741211,237348,112.59119800726742,108.41995158920813,71.72137574973891,6.6224903347209425,129.5,500671.05,True,False,True,False,1,-0.030115841898678775
2020-06-29,126.0,126.0,121.5500030517578,122.5,141436,113.53489343514673,108.97211035041565,66.0690492846785,6.467312235686746,129.5,506659.25,True,False,True,False,1,-0.05405405405405406
2020-06-30,123.4499969482422,126.5500030517578,119.3000030517578,123.8499984741211,593063,114.51728439123953,109.55555694350214,67.27844665311984,6.523218504566264,129.5,503999.5,True,False,True,True,2,-0.04362935541219237
2020-07-01,123.5,124.25,121.1500015258789,121.9499969482422,140233,115.22516177762074,110.04161341427627,63.83015308263369,6.278702788105895,129.5,513590.4,True,False,True,False,1,-0.05830118186685562
2020-07-02,123.0,123.0,120.75,121.3499984741211,472291,115.80847955823982,110.48507949505449,62.73662409129344,5.9909383032411885,129.5,496693.7,True,False,True,False,1,-0.06293437471721164
2020-07-03,122.5999984741211,122.75,121.0,121.4499969482422,451571,116.34576692871624,110.9150762579246,62.85085434895894,5.688014138723961,129.5,507827.3,True,False,True,False,1,-0.062162185727859476
2020-07-06,122.0,122.3000030517578,120.0,120.25,145176,116.71759864979089,111.28115169879031,60.45583707865712,5.446013346797806,129.5,518750.55,True,False,True,False,1,-0.0714285714285714
2020-07-07,121.25,121.25,119.5,120.0,493950,117.03020830219175,111.62306731844559,59.94334987753621,5.182012393455106,129.5,514785.15,True,False,True,False,1,-0.07335907335907332
2020-07-08,121.9000015258789,124.75,121.8499984741211,123.1999969482422,745121,117.61780722086323,112.07706455882978,64.13435048643663,5.151154365351171,129.5,526231.2,True,False,True,True,2,-0.04864867221434588
2020-07-09,123.1999969482422,124.6999969482422,122.5500030517578,123.0500030517578,82768,118.13515920475794,112.50737587227793,63.79740872452307,4.936785760432116,129.5,552431.75,True,False,True,False,1,-0.04980692624125249
2020-07-10,122.9000015258789,123.75,121.5500030517578,123.1500015258789,115895,118.61276323534089,112.9247337410466,63.9334507855221,4.741300845275694,129.5,547848.35,True,False,True,False,1,-0.04903473725190033
2020-07-13,124.1500015258789,124.75,122.6999969482422,123.25,107818,119.05440483197509,113.32964614335849,64.0788187931663,4.549065288595845,129.5,546171.75,True,False,True,False,1,-0.04826254826254828
2020-07-14,123.3000030517578,123.9000015258789,119.0500030517578,121.1500015258789,94225,119.25398546948975,113.63632674659458,58.72574680081709,4.570560516133364,129.5,545007.4,True,False,True,False,1,-0.06447875269591574
2020-07-15,122.3499984741211,133.3000030517578,121.1999969482422,131.64999389648438,1599739,120.4345577006321,114.34274506619809,71.53155555593526,5.111949159686617,129.5,436197.55,True,True,True,True,2,0.016602269470921804
2020-07-16,135.0,135.0,125.0999984741211,128.10000610351562,815038,121.16460040566862,114.88224549903407,64.2710668211468,5.4539529001289235,133.3000030517578,437279.9,True,False,True,True,2,-0.039009728651117404
2020-07-17,126.1999969482422,131.39999389648438,125.25,127.1500015258789,409009,121.73463860759341,115.36333397067504,62.444457763665994,5.503670114154313,135.0,448120.3,True,False,True,False,1,-0.05814813684534148
2020-07-20,127.8499984741211,129.39999389648438,125.5,127.0500030517578,702363,122.24086379275192,115.8216347189528,62.24392772092559,5.389121812892175,135.0,453117.75,True,False,True,True,2,-0.05888886628327561
2020-07-21,127.5,129.39999389648438,127.0999984741211,128.10000610351562,1053320,122.798877346158,116.30313947913174,63.56693762838704,5.172041029451775,135.0,458430.35,True,False,True,True,2,-0.051111065899884234
2020-07-22,128.10000610351562,128.10000610351562,125.0999984741211,127.0,322970,123.19898426557151,116.72262420544031,61.149483201871355,5.016895786590544,135.0,474247.7,True,False,True,False,1,-0.059259259259259234
2020-07-23,125.6500015258789,134.8000030517578,125.6500015258789,133.89999389648438,852432,124.21812803994416,117.39624654626557,69.09022601983239,5.31211762511114,135.0,466478.5,True,False,True,True,2,-0.008148193359375
2020-07-24,133.8000030517578,133.8000030517578,128.25,129.25,791604,124.69735394090186,117.8610996228826,60.16540466204054,5.3362516444949435,135.0,478788.3,True,False,True,True,2,-0.042592592592592626
2020-07-27,130.0,130.39999389648438,127.1500015258789,128.5,189463,125.05951070843503,118.2783114023774,58.84506244304135,5.18723312493141,135.0,506501.1,True,False,True,False,1,-0.04814814814814816
2020-07-28,129.0,138.6999969482422,129.0,136.3000030517578,1080001,126.13003378875149,118.98504440823547,66.96469208109542,5.545287683739323,135.0,508902.45,True,True,True,True,2,0.009629652235243036
2020-07-29,136.6999969482422,136.89999389648438,130.1999969482422,131.14999389648438,250396,126.6081252275832,119.4621012509119,58.726260618735424,5.627766916918099,138.6999969482422,533249.35,True,False,True,False,1,-0.054434053481451805
2020-07-30,130.35000610351562,136.0,130.0,130.75,287529,127.0025894916229,119.90476394695457,58.128104070241605,5.654354994281093,138.6999969482422,538757.5,True,False,True,False,1,-0.057317931673847355
2020-07-31,131.5,134.5,130.1999969482422,132.1999969482422,207693,127.49758067796759,120.38692994700507,59.729390855275994,5.557615569815145,138.6999969482422,529519.4,True,False,True,False,1,-0.04686373571028679
2020-08-03,132.89999389648438,133.0,126.5,127.5,173088,127.49781108958972,120.66587387065194,52.69493458033402,5.624928743399777,138.6999969482422,517325.5,True,False,True,False,1,-0.08074979952899075
2020-08-04,129.5500030517578,130.0500030517578,127.3000030517578,127.8000030517578,93478,127.52659127646287,120.94564364246001,53.074827419503535,5.4195766902997935,138.6999969482422,518721.1,True,False,True,False,1,-0.07858683587824355
2020-08-05,127.8499984741211,128.85000610351562,127.0500030517578,127.4000015258789,90452,127.51453510974058,121.19875571631958,52.46978833395994,5.161035716118224,138.6999969482422,498697.5,True,False,True,False,1,-0.08147076907708972
2020-08-06,126.6500015258789,132.5,126.6500015258789,130.4499969482422,143006,127.7941029038836,121.56154949012047,56.53819898228341,5.2102473416898585,138.6999969482422,465964.05,True,False,True,False,1,-0.05948089532459466
2020-08-07,131.60000610351562,131.89999389648438,127.9000015258789,128.3000030517578,86546,127.84228387034781,121.82580257096899,53.088522294102425,5.1238005580409745,138.6999969482422,468975.95,True,False,True,False,1,-0.0749819331312983
2020-08-10,129.5,135.8000030517578,126.5,132.75,293767,128.30968540650517,122.25420247014668,58.704738450504664,5.422100736163606,138.6999969482422,467508.5,True,False,True,False,1,-0.042898320686066804
2020-08-11,134.39999389648438,142.0,134.39999389648438,135.85000610351562,596647,129.02781118717283,122.78737124008272,62.10803179551676,5.69552211215192,138.6999969482422,476805.95,True,False,True,True,2,-0.0205478796498465
2020-08-12,136.85000610351562,141.25,136.5,137.89999389648438,376141,129.872780969012,123.38002310896123,64.20866611672224,5.674412953889952,142.0,501927.05,True,False,True,False,1,-0.028873282419124124
2020-08-13,128.5,135.0,128.5,134.64999389648438,592996,130.3277536287713,123.82198274768763,58.656806492627105,5.940525878360982,142.0,440747.15,True,False,True,True,2,-0.05176060636278612
2020-08-14,135.0,136.89999389648438,130.0500030517578,131.1999969482422,213099,130.41082442110184,124.11131663790546,53.380306684491885,6.00548766167281,142.0,429645.05,True,False,True,False,1,-0.07605635951942125
2020-08-17,131.5,134.5,129.0500030517578,130.25,173697,130.39550780956833,124.35204931877192,51.99334814226633,5.965809753570623,142.0,419849.55,True,False,True,False,1,-0.08274647887323938
2020-08-18,130.89999389648438,132.4499969482422,129.10000610351562,130.64999389648438,170217,130.4197445797508,124.59902753750575,52.55234962985404,5.778965545796048,142.0,393416.25,True,False,True,False,1,-0.07992962044729313
2020-08-19,131.85000610351562,135.6999969482422,130.9499969482422,133.60000610351562,408261,130.72262662963317,124.95200708911398,56.569020966767226,5.726896796221888,142.0,349261.1,True,False,True,True,2,-0.059154886594960376
2020-08-20,131.0500030517578,141.0,131.0500030517578,140.14999389648438,731014,131.62047113123805,125.54800657175596,63.88035212229794,6.028546807080482,142.0,353525.65,True,False,True,True,2,-0.013028211996588879
2020-08-21,141.5,143.10000610351562,138.0,139.85000610351562,258134,132.40423636669306,126.10886929849164,63.354309693307385,5.962222471111564,142.0,347454.75,True,False,True,False,1,-0.015140802087918126
2020-08-24,142.0,147.5500030517578,139.85000610351562,142.10000610351562,390801,133.3276430082952,126.73597270261024,65.63976738942162,6.086349219478038,143.10000610351562,320781.25,True,False,True,True,2,-0.0069881198976093906
2020-08-25,143.25,143.8000030517578,138.5,139.35000610351562,215459,133.9012013983162,127.23064067911635,60.66022794521901,6.03018163606945,147.5500030517578,330848.15,True,False,True,False,1,-0.0555743597332613
2020-08-26,142.89999389648438,152.39999389648438,139.14999389648438,144.14999389648438,1050599,134.8772768743322,127.89414472685628,65.56990065291171,6.545882947778775,147.5500030517578,287621.05,True,False,True,True,2,-0.02304309783091485
2020-08-27,145.10000610351562,147.4499969482422,142.5,143.39999389648438,184167,135.68896420977526,128.5022172433123,64.2212323471449,6.431891090669019,152.39999389648438,327631.2,True,False,True,False,1,-0.05905512047535333
2020-08-28,143.39999389648438,147.0,140.10000610351562,141.5500030517578,157820,136.24715838520217,129.0138951181533,60.894108975005636,6.465327005370116,152.39999389648438,322463.1,True,False,True,False,1,-0.07119416849908977
2020-08-31,141.5500030517578,143.9499969482422,128.8000030517578,130.35000610351562,447651,135.68552483456534,129.0662916273832,45.519058523245796,7.08566035473542,152.39999389648438,319969.45,True,False,False,True,1,-0.14468496506598227
2020-09-01,130.0,130.0,125.0,127.4499969482422,158914,134.90118884539172,129.00290752231885,42.52505503634568,6.961685051076864,152.39999389648438,333697.6,True,False,False,False,0,-0.1637138972931267
2020-09-02,128.75,132.39999389648438,127.6999969482422,129.1999969482422,179145,134.35821818852034,129.01063651941388,44.88109667754014,6.817993043731529,152.39999389648438,336969.4,True,False,False,False,0,-0.1522309572006969
2020-09-03,130.0,132.89999389648438,130.0,132.25,69774,134.15743550389936,129.13767038139764,48.81895810297763,6.595279036910862,152.39999389648438,341404.05,True,False,False,False,0,-0.13221781301494662
2020-09-04,127.25,130.35000610351562,126.0,128.25,105055,133.5948225987661,129.10285977820558,44.34446651070153,6.570616248560086,152.39999389648438,337742.45,True,False,False,False,0,-0.1584645332262148
2020-09-07,127.5,129.39999389648438,125.0,125.3000030517578,86662,132.8048397847653,128.9537281418743,41.335452920035515,6.4155717948403925,152.39999389648438,338667.9,True,False,False,False,0,-0.17782146935736676
2020-09-08,127.1999969482422,127.1999969482422,124.0,124.0500030517578,68173,131.97104581019315,128.76142519716385,40.09398065686755,6.185887877226236,152.39999389648438,328312.65,True,False,False,False,0,-0.18602356942338805
2020-09-09,122.0,124.4499969482422,120.0,121.5999984741211,94346,130.98332701628152,128.4805849335151,37.70374678400936,6.061895668013091,152.39999389648438,301888.95,True,False,False,False,0,-0.20209971558977724
2020-09-10,121.8499984741211,125.5500030517578,118.3499984741211,120.4000015258789,131726,129.9753912552908,128.16369930968625,36.554277543319486,6.143189161557635,152.39999389648438,287799.2,True,False,False,False,0,-0.20997371162849932
2020-09-11,120.0500030517578,123.5,120.0500030517578,121.5999984741211,60548,129.1777347999413,127.906299276919,38.5711116797212,5.9508182891779615,152.39999389648438,264735.7,True,False,False,False,0,-0.20209971558977724
2020-09-14,124.25,134.5,122.3000030517578,132.5,698826,129.4941410094707,128.08644440331435,53.141914405254944,6.4471885203708865,152.39999389648438,257108.15,True,False,True,True,2,-0.13057739300174231
2020-09-15,132.5,134.0,126.0,132.0,244821,129.73279424666396,128.23991717181184,52.52643030476997,6.5581036260586805,152.39999389648438,283364.6,True,False,True,False,1,-0.13385823302815092
2020-09-16,133.3000030517578,134.5,131.9499969482422,133.14999389648438,125046,130.05824183236115,128.43246920023037,53.850340001554365,6.271810727894333,152.39999389648438,287094.8,True,False,True,False,1,-0.12631234101672795
2020-09-17,131.9499969482422,140.39999389648438,131.9499969482422,136.64999389648438,392122,130.68602774323003,128.7547250706717,57.715315629544754,6.42739545791918,152.39999389648438,272934.05,True,False,True,True,2,-0.10334646083186838
2020-09-18,137.0,147.5,137.0,145.64999389648438,725352,132.11116737687328,129.41728463246827,65.6757751850591,6.7432962183189264,152.39999389648438,255989.45,True,False,True,True,2,-0.04429134035651505
2020-09-21,146.5,146.5,126.75,133.75,406617,132.26724667431392,129.58719503903814,51.792023472470106,7.672346488439003,152.39999389648438,279350.35,True,False,True,True,2,-0.12237529293572103
2020-09-22,133.75,139.3000030517578,125.4499969482422,136.35000610351562,233426,132.65608090566647,129.85240331607648,54.07631070848751,8.113607889515905,152.39999389648438,280141.15,True,False,True,False,1,-0.10531488474908002
2020-09-23,135.3000030517578,139.5500030517578,131.1999969482422,136.39999389648438,144498,133.01264404764913,130.1091715741317,54.12132153503502,8.130493476230171,152.39999389648438,281039.5,True,False,True,False,1,-0.10498688084507257
2020-09-24,132.1999969482422,135.75,131.3000030517578,133.0,112101,133.01143985263494,130.22253739475397,50.496081599977856,7.9140290025513425,147.5,235734.45,True,False,True,False,1,-0.09830508474576272
2020-09-25,135.0,137.5,132.5,134.10000610351562,86677,133.1151128289093,130.374594991176,51.62507221903321,7.705884073797675,147.5,232131.15,True,False,True,False,1,-0.09084741624735171
2020-09-28,135.8000030517578,137.85000610351562,134.5500030517578,135.5500030517578,65093,133.34700713584726,130.57755217002233,53.142088905579676,7.4233209256692705,147.5,228574.0,True,False,True,False,1,-0.08101692846265884
2020-09-29,135.5500030517578,143.0,135.5500030517578,139.1999969482422,499442,133.9044347370277,130.9156872593643,56.81345912855345,7.4252263558530505,147.5,209446.1,True,False,True,True,2,-0.05627120713056144
2020-09-30,139.9499969482422,144.64999389648438,130.8000030517578,132.5500030517578,506569,133.7754412431925,130.9797780747523,49.24328202926923,7.884138105058302,147.5,226472.5,True,False,False,True,1,-0.10135591151350631
2020-10-01,132.14999389648438,136.4499969482422,132.14999389648438,133.75,180256,133.77301826765034,131.08841422868358,50.52440095441285,7.628128458393982,147.5,242843.7,True,False,True,False,1,-0.09322033898305082
2020-10-05,134.4499969482422,135.60000610351562,130.6999969482422,132.14999389648438,113163,133.61844451801548,131.13004480389145,48.75729849815165,7.433262793885372,147.5,248367.8,True,False,False,False,0,-0.10406783798993646
2020-10-06,132.0,135.39999389648438,131.5500030517578,132.6999969482422,113822,133.53097332089422,131.1916115546503,49.412287105252595,7.177314797516885,147.5,248773.2,True,False,False,False,0,-0.1003390037407309
2020-10-07,134.1999969482422,141.4499969482422,131.25,137.39999389648438,326841,133.89945147095042,131.43507752883988,54.73662733441583,7.393220665425836,147.5,250131.2,True,False,True,True,2,-0.06847461765095342
2020-10-08,138.35000610351562,139.8000030517578,135.0,136.8000030517578,426018,134.17569447864636,131.64546676503275,53.95591410283846,7.20799083587812,147.5,263064.6,True,False,True,True,2,-0.07254235219147243
2020-10-09,137.0,140.5,135.5,137.89999389648438,185909,134.5303896612976,131.8907423388152,55.217031491810395,7.050277204743969,147.5,279648.2,True,False,True,False,1,-0.06508478714247878
2020-10-12,137.89999389648438,139.64999389648438,134.0,136.1999969482422,94158,134.68939987910184,132.05973271565546,52.80968294846937,6.950256968439713,147.5,282357.35,True,False,True,False,1,-0.07661019018140891
2020-10-13,137.75,138.35000610351562,133.0500030517578,134.10000610351562,77919,134.63326713856983,132.139743436748,49.91468540462983,6.83238168867672,147.5,284037.85,True,False,False,False,0,-0.09084741624735171
2020-10-14,133.3000030517578,134.85000610351562,131.25,132.89999389648438,92064,134.46819349646645,132.16955718026708,48.28574018837103,6.60149771830807,147.5,252992.5,True,False,False,False,0,-0.09898309222722457
2020-10-15,132.75,134.3000030517578,129.10000610351562,129.9499969482422,127462,134.03788906330226,132.0825156025406,44.445759351801094,6.501390520446222,147.5,245354.65,True,False,False,False,0,-0.11898307153734111
2020-10-16,130.5500030517578,134.5,130.0,133.25,107145,133.96285200965443,132.12829930440176,49.30279854930974,6.362005701254192,147.5,245475.45,True,False,False,False,0,-0.09661016949152545
2020-10-19,133.9499969482422,138.4499969482422,133.9499969482422,137.4499969482422,125081,134.29496105142468,132.33699332965043,54.727860796116225,6.2790050760390494,147.5,231226.6,True,False,True,False,1,-0.06813561391022249
2020-10-20,137.0,140.0,137.0,137.25,100036,134.5763933322414,132.52966025789942,54.42917705348628,6.044790427750546,146.5,201213.05,True,False,True,False,1,-0.06313993174061439
2020-10-21,136.1999969482422,139.0,136.10000610351562,137.8000030517578,102100,134.88340378171915,132.7363403674625,55.15403499159812,5.820162104088677,144.64999389648438,185884.0,True,False,True,False,1,-0.04735562484453759
2020-10-22,138.0,138.5500030517578,134.60000610351562,135.75,155937,134.96593675488876,132.85452309815025,51.84395675145465,5.686578878671071,144.64999389648438,179317.7,True,False,True,False,1,-0.06152778618748833
2020-10-23,136.0,141.25,135.0500030517578,140.39999389648438,238964,135.48346600646929,133.1504239137712,58.00112702593072,5.723251597926151,144.64999389648438,179889.65,True,False,True,True,2,-0.029381266362454306
2020-10-26,140.39999389648438,142.10000610351562,137.25,139.35000610351562,223683,135.8517079204737,133.39354478395725,56.25214242207536,5.66087691975397,144.64999389648438,186232.8,True,False,True,True,2,-0.036640083073640306
2020-10-27,139.10000610351562,143.89999389648438,139.10000610351562,142.14999389648438,506543,136.45154468009378,133.73693494523283,59.73867840676822,5.5993848392693115,144.64999389648438,193083.1,True,False,True,True,2,-0.01728309786026727
2020-10-28,143.5,144.0500030517578,137.0500030517578,137.4499969482422,112313,136.5466353722984,133.88254521986065,52.21608195157652,5.6994287793215035,144.64999389648438,215155.6,True,False,True,False,1,-0.04977530074003811
2020-10-29,137.0,139.5,132.3000030517578,137.89999389648438,150665,136.6755266603161,134.0400922267871,52.828556431247954,5.806612219958695,144.64999389648438,195799.15,True,False,True,False,1,-0.04666436422272158
2020-10-30,136.60000610351562,138.89999389648438,133.85000610351562,134.3000030517578,59785,136.44928631664388,134.0502848081585,47.57491124745417,5.752567618030842,144.0500030517578,178003.95,True,False,False,False,0,-0.06768483022174443
2020-11-02,134.5500030517578,137.5,133.3000030517578,134.8000030517578,64123,136.29221171998807,134.07968552359375,48.34328421540593,5.641669713045938,144.0500030517578,171980.4,True,False,False,False,0,-0.06421381328729603
2020-11-03,134.0500030517578,138.14999389648438,134.0500030517578,135.5500030517578,121703,136.22152518015662,134.13734503450215,49.53802338861281,5.531549793880268,144.0500030517578,169528.4,True,False,False,False,0,-0.05900728788562337
2020-11-04,135.25,136.5,131.5500030517578,132.89999389648438,81778,135.90518886742592,134.08882146046224,45.530979493670486,5.49001030490612,144.0500030517578,169922.45,True,False,False,False,0,-0.0774037411944184
2020-11-05,133.5500030517578,135.0500030517578,133.1999969482422,133.89999389648438,405118,135.71421791781245,134.0814164579533,47.264487709619154,5.251438794218071,144.0500030517578,157669.3,True,False,False,True,1,-0.07046170732552148
2020-11-06,133.60000610351562,136.5,133.5,135.5500030517578,103651,135.69857840675962,134.1390080890829,50.08715506482363,5.090621737488209,144.0500030517578,156624.3,True,False,True,False,1,-0.05900728788562337
2020-11-09,136.0,137.0,134.25,136.0,79087,135.72728522516348,134.21198816402082,50.859662318031845,4.923434470524765,144.0500030517578,152511.4,True,False,True,False,1,-0.05588339383002594
2020-11-10,137.0,138.4499969482422,134.25,134.9499969482422,102563,135.6532577702186,134.2409296849707,48.9556964833378,4.871760361790296,144.0500030517578,151757.85,True,False,False,False,0,-0.06317255057777371
2020-11-11,140.0,145.75,138.3000030517578,140.64999389648438,853395,136.12913740129153,134.4922655364026,58.12106709782465,5.295206268216547,144.0500030517578,152990.05,True,False,True,True,2,-0.02360297871046768
2020-11-12,141.8000030517578,157.75,140.64999389648438,155.5500030517578,1308088,137.9787436537169,135.31805916445575,72.18223895489804,6.138406256452195,145.75,191056.6,True,True,True,True,2,0.06723844289370717
2020-11-13,154.8000030517578,163.1999969482422,151.5,161.64999389648438,1223319,140.23314843874238,136.35068405590783,75.76915923187941,6.535662734437195,157.75,250087.9,True,True,True,True,2,0.024722623749504846
2020-11-14,161.0,162.0,158.0500030517578,159.10000610351562,94370,142.02999202586363,137.2428143322846,71.61216015741131,6.350972321137552,163.1999969482422,305896.6,True,False,True,False,1,-0.025122493390896672
2020-11-17,159.25,166.4499969482422,154.0,164.64999389648438,707917,144.1842779183037,138.31760568774342,74.846756324788,6.7866169373593115,163.1999969482422,304361.05,True,True,True,True,2,0.008884785388213245
2020-11-18,164.89999389648438,177.8000030517578,162.75,171.8000030517578,904974,146.81434697863267,139.6306408784891,78.28028785430514,7.37685880267349,166.4499969482422,334755.1,True,True,True,True,2,0.032141821577678975
2020-11-19,171.39999389648438,173.5,167.5500030517578,172.3000030517578,361445,149.2415523189303,140.9117923362643,78.50129556226747,7.274940098785541,177.8000030517578,374898.8,True,False,True,False,1,-0.03093363276489336
2020-11-20,174.89999389648438,180.0,168.10000610351562,170.35000610351562,396213,151.25188125079558,142.06623209184278,75.28390272237982,7.605301084335458,177.8000030517578,385174.2,True,False,True,True,2,-0.041900994490272736
2020-11-23,168.8000030517578,171.64999389648438,164.0,166.3000030517578,348679,152.68503570803009,143.01657605105513,68.9620612290139,7.60849342806038,180.0,393036.65,True,False,True,False,1,-0.0761110941569011
2020-11-24,168.39999389648438,174.25,168.0,171.60000610351562,382805,154.4864614599811,144.13749487664182,72.24652380476108,7.632886536644795,180.0,399286.45,True,False,True,False,1,-0.04666663275824656
2020-11-25,172.0,173.25,163.25,164.14999389648438,189448,155.4067978825052,144.9222987597729,62.271254906723144,7.801966069741596,180.0,393099.55,True,False,True,False,1,-0.08805558946397574
2020-11-26,164.5,165.5,159.5,163.35000610351562,336593,156.1632939035538,145.64495394972357,61.29260625127234,7.673254207617196,180.0,396956.3,True,False,True,False,1,-0.09249996609157984
2020-11-27,162.5,170.60000610351562,160.85000610351562,167.4499969482422,1416714,157.23821800304796,146.50005367515567,64.38212870823855,7.821593192787397,180.0,406252.7,True,False,True,True,2,-0.06972223917643228
2020-12-01,170.0,174.0,168.8000030517578,172.25,320378,158.6679115265672,147.50985549181624,67.63874159602892,7.7307653255709985,180.0,474099.15,True,False,True,False,1,-0.043055555555555514
2020-12-02,172.25,172.25,166.85000610351562,168.8000030517578,243489,159.6328726242044,148.34476323926492,63.16821519514909,7.564281652064811,180.0,486911.9,True,False,True,False,1,-0.06222220526801214
2020-12-03,169.64999389648438,170.9499969482422,166.0,168.5,252439,160.47736094570874,149.13516468086237,62.77964130080777,7.377547030363195,180.0,493001.2,True,False,True,False,1,-0.06388888888888888
2020-12-04,168.5,170.0,165.60000610351562,166.35000610351562,114990,161.0366604845475,149.81025650135857,59.934222933873684,7.164864663657566,180.0,501534.25,True,False,True,False,1,-0.07583329942491324
2020-12-07,164.0,171.0,163.9499969482422,168.4499969482422,408237,161.7426925287089,150.54122671496185,61.75744295564601,7.156660262807583,180.0,487027.85,True,False,True,False,1,-0.06416668362087674
2020-12-08,167.10000610351562,168.60000610351562,163.10000610351562,164.9499969482422,186490,162.04815009247397,151.10627652803169,57.094152482764166,7.038327386892757,180.0,502257.15,True,False,True,False,1,-0.08361112806532123
2020-12-09,165.5,167.85000610351562,164.0,164.75,102821,162.30546913128597,151.64132450732458,56.830081035628915,6.810590152365819,180.0,507627.3,True,False,True,False,1,-0.08472222222222225
2020-12-10,164.0,164.75,160.0,161.10000610351562,139406,162.19066312864118,152.0122531973713,52.09448131847581,6.663405141482547,180.0,507640.2,True,False,True,False,1,-0.10499996609157991
2020-12-11,161.9499969482422,164.75,161.10000610351562,162.0,105201,162.17250473543726,152.40392954257243,53.13155441982972,6.448161481125534,180.0,471940.75,True,False,True,False,1,-0.09999999999999998
2020-12-14,162.85000610351562,164.0,159.89999389648438,161.6999969482422,141433,162.12750399379962,152.76848120553987,52.7218363258933,6.28043609701054,180.0,411796.4,True,False,True,False,1,-0.10166668362087672
2020-12-15,162.39999389648438,171.0,161.0,168.9499969482422,471931,162.77726522755606,153.40305045035174,60.62423056992839,6.546119232938359,180.0,357702.1,True,False,True,True,2,-0.06138890584309897
2020-12-16,170.6999969482422,171.75,167.35000610351562,169.5,824078,163.4175256820745,154.03430337386737,61.15468552473389,6.392824566048789,180.0,376580.15,True,False,True,True,2,-0.05833333333333335
2020-12-17,172.89999389648438,174.5500030517578,163.75,166.75,366649,163.7349041885436,154.53295814351964,57.01861088325887,6.70762302931372,180.0,382388.2,True,False,True,False,1,-0.07361111111111107
2020-12-18,166.75,171.8000030517578,163.0,168.4499969482422,439202,164.18396064184822,155.07872437115583,58.87048862470994,6.857078745202584,180.0,355471.95,True,False,True,True,2,-0.06416668362087674
2020-12-21,168.4499969482422,169.0,156.25,160.0500030517578,189638,163.79025039517293,155.27367647627747,47.890605762448914,7.278001691973828,180.0,359359.8,True,False,False,False,0,-0.1108333163791233
2020-12-22,159.89999389648438,166.85000610351562,158.0,164.9499969482422,515031,163.90070244784621,155.65314002419768,53.35572526739147,7.3902877213696705,174.5500030517578,349031.05,True,False,True,True,2,-0.05499860175120719
2020-12-23,170.0,171.5,167.9499969482422,169.60000610351562,479329,164.44349327219567,156.20007594887682,57.871221252329526,7.330267387825967,174.5500030517578,357348.65,True,False,True,True,2,-0.028358618514457423
2020-12-24,171.0,171.0,163.0,165.5,93493,164.54411296055798,156.56477885284244,52.99937840659857,7.378105431552684,174.5500030517578,362174.85,True,False,True,False,1,-0.05184762471229687
2020-12-28,166.60000610351562,168.89999389648438,165.10000610351562,165.60000610351562,53529,164.64467421226823,156.91910149012372,53.10308386008623,7.122525600225261,174.5500030517578,357377.1,True,False,True,False,1,-0.05127468800781587
2020-12-29,167.0,167.0,162.60000610351562,164.60000610351562,77650,164.64042010667274,157.22031343574693,51.87061053042428,6.928059049958055,174.5500030517578,343223.9,True,False,True,False,1,-0.0570037053811554
2020-12-30,165.4499969482422,168.0,163.35000610351562,167.0500030517578,93146,164.86990419668084,157.60579145990422,54.64780520343433,6.765340110424221,174.5500030517578,276270.7,True,False,True,False,1,-0.04296763030004702
2020-12-31,167.89999389648438,168.35000610351562,165.0,165.85000610351562,61697,164.963247235427,157.92909399494783,53.033644661081674,6.521387681359322,174.5500030517578,264909.1,True,False,True,False,1,-0.049842433664480934
2021-01-01,165.10000610351562,168.5,164.10000610351562,167.3000030517578,72658,165.18579540841085,158.29658062462664,54.77205573930764,6.369859553868254,174.5500030517578,255819.5,True,False,True,False,1,-0.041535375956712084
2021-01-04,167.5,169.5,166.0,168.35000610351562,166656,165.48714880794464,158.69083260419092,56.04094046722947,6.164869585734808,174.5500030517578,246830.45,True,False,True,False,1,-0.035519890231132
2021-01-05,166.6999969482422,174.4499969482422,165.9499969482422,169.5500030517578,234727,165.8740873073554,159.11668242566412,57.50816007562015,6.331664615325178,174.5500030517578,249413.75,True,False,True,False,1,-0.028645086866697977
2021-01-06,170.35000610351562,173.35000610351562,166.10000610351562,167.3000030517578,131426,166.0098888068223,159.43759696002073,53.87706422885605,6.397259999944808,174.5500030517578,240738.25,True,False,True,False,1,-0.041535375956712084
2021-01-07,167.14999389648438,170.0,166.10000610351562,166.4499969482422,72758,166.0518038679099,159.71259303799022,52.527725320032566,6.218883849697635,174.5500030517578,237985.05,True,False,True,False,1,-0.046405075691197784
2021-01-08,167.25,168.75,165.0,166.4499969482422,139863,166.08972701841776,159.97680495603933,52.527725320032566,6.042535003290662,174.5500030517578,236481.9,True,False,True,False,1,-0.046405075691197784
2021-01-11,168.5500030517578,168.5500030517578,164.14999389648438,165.5,113259,166.0335625404732,160.19340084011623,50.87614076196575,5.925211728432289,174.5500030517578,236504.75,True,False,True,False,1,-0.05184762471229687
2021-01-12,166.35000610351562,166.35000610351562,163.0,163.60000610351562,112782,165.801795260763,160.3269932033868,47.6492590199279,5.74126846950967,174.5500030517578,236907.65,True,False,False,False,0,-0.06273272275449504
2021-01-13,164.0,166.0,162.5,163.5500030517578,139020,165.58733885990537,160.45338574646019,47.56375746089582,5.581177864544694,174.5500030517578,235475.1,True,False,False,False,0,-0.0630191911067356
2021-01-14,164.0,165.0,161.75,162.60000610351562,146891,165.30283097834445,160.53756693693296,45.879356116726306,5.4146651599343585,174.5500030517578,218829.55,True,False,False,False,0,-0.06846174012783468
2021-01-15,163.0,165.5,160.89999389648438,162.5500030517578,199705,165.0406568900981,160.6164860002594,45.787443569139036,5.3564752273330205,174.5500030517578,184970.2,True,False,False,True,1,-0.06874820848007512
2021-01-18,162.0,165.60000610351562,158.9499969482422,159.8000030517578,162960,164.54154700073235,160.5844670611025,40.93087639915336,5.448870507900193,174.4499969482422,176623.0,True,False,False,False,0,-0.0839781837361161
2021-01-19,160.64999389648438,162.0,160.10000610351562,160.64999389648438,73191,164.17092289556587,160.58703674092138,42.94525459804187,5.2168081107817645,174.4499969482422,162810.9,True,False,False,False,0,-0.07910577984046718
2021-01-20,161.4499969482422,162.89999389648438,158.0,158.9499969482422,110725,163.6736918529636,160.5228391019928,40.00671243224258,5.194178524046237,174.4499969482422,156988.55,True,False,False,False,0,-0.08885067509974631
2021-01-21,162.75,164.0,161.39999389648438,161.85000610351562,178093,163.50000749587332,160.5748848667584,46.70603224280687,5.1838802760256355,174.4499969482422,136773.25,True,False,False,True,1,-0.07222694792287598
2021-01-22,163.6999969482422,164.39999389648438,159.0,160.64999389648438,157180,163.22857762926483,160.57783031890452,44.492014497374655,5.19931696320126,174.4499969482422,121711.45,True,False,False,True,1,-0.07910577984046718
2021-01-25,161.0,165.0,153.0,154.64999389648438,165938,162.41156965471433,160.3453661454763,35.44486579135288,5.685080037258312,174.4499969482422,124895.8,True,False,False,True,1,-0.11349958955649797
2021-01-27,154.64999389648438,157.3000030517578,152.10000610351562,155.6999969482422,161002,161.77237225409795,160.1631948044083,37.82747152698176,5.650431245185732,174.4499969482422,130516.25,True,False,False,True,1,-0.10748065536259632
2021-01-28,151.75,157.4499969482422,151.75,155.35000610351562,58331,161.16071833499487,159.97444230633408,37.332860866778944,5.6539716525469075,174.4499969482422,134683.85,True,False,False,False,0,-0.109486908448576
2021-01-29,155.0,161.3000030517578,155.0,158.4499969482422,201991,160.90255439339938,159.91466013542853,44.282129205925216,5.700116752490543,174.4499969482422,132943.1,True,False,False,True,1,-0.09171682590941554
2021-02-01,159.25,159.64999389648438,152.35000610351562,154.25,207324,160.26897778450422,159.69251660070586,38.115179221325555,5.8143932553818445,174.4499969482422,139957.8,True,False,False,True,1,-0.11579247521704084
2021-02-02,155.89999389648438,159.75,153.0,154.3000030517578,99571,159.70050400043314,159.48104548113926,38.22548125543085,5.881222308568855,174.4499969482422,146691.1,True,False,False,False,0,-0.11550584264247765
2021-02-03,157.8000030517578,158.0,152.6999969482422,153.35000610351562,133874,159.0956946769172,159.2406125643697,36.880528877796785,5.839706647368066,174.4499969482422,143336.85,False,False,False,False,0,-0.12095151168725293
2021-02-04,153.0,156.0,151.85000610351562,153.10000610351562,155416,158.52467671754562,158.99980446786566,36.5164089157713,5.719012879447803,173.35000610351562,138294.2,False,False,False,True,1,-0.1168156866859742
2021-02-05,154.8000030517578,154.8000030517578,151.3000030517578,151.75,173148,157.87946941111272,158.7154984103023,34.53364858904497,5.560511959487245,170.0,139493.7,False,False,False,True,1,-0.10735294117647054
2021-02-08,153.5,160.1999969482422,152.5,157.85000610351562,253395,157.87666338181776,158.68155753552637,48.215906131688094,5.766903744398312,168.75,144513.2,False,False,False,True,1,-0.06459255642361106
2021-02-09,159.5,160.0,153.60000610351562,154.60000610351562,198629,157.56460078388423,158.52149669505536,43.05314236302886,5.812124469547317,168.5500030517578,150189.8,False,False,False,True,1,-0.08276473862749478
2021-02-10,151.0,152.75,148.39999389648438,149.1999969482422,791296,156.76797184715642,158.15594768537642,36.130636241103126,5.839830736510455,166.35000610351562,154458.3,False,False,False,True,1,-0.10309593342967116
2021-02-11,152.89999389648438,154.1999969482422,147.60000610351562,148.5500030517578,382074,155.98530815235654,157.77924397425414,35.39294494451683,5.89412788709732,166.0,188384.0,False,False,False,True,1,-0.10512046354362758
2021-02-12,148.5500030517578,151.64999389648438,148.25,149.0,499405,155.32004070927496,157.43495989683242,36.3616749771224,5.715975459196396,165.60000610351562,200536.7,False,False,False,True,1,-0.10024157905609654
2021-02-15,150.10000610351562,153.0,149.14999389648438,150.35000610351562,1352033,154.84670408015504,157.15711857160431,39.30208205642146,5.59340578353951,165.60000610351562,218162.4,False,False,False,True,1,-0.09208936858654049
2021-02-16,153.0,153.0,148.0500030517578,148.6999969482422,259668,154.26130340092524,156.82546674323717,37.048885040618664,5.547448009589702,165.60000610351562,275778.8,False,False,False,False,0,-0.10205319162071369
2021-02-17,149.0,152.6999969482422,148.1999969482422,150.4499969482422,234747,153.89832183400307,156.57544831990404,40.91769517148094,5.472630294619009,165.0,280614.2,False,False,False,False,0,-0.08818183667732005
2021-02-18,153.85000610351562,153.85000610351562,149.1999969482422,150.3000030517578,157067,153.55562480712257,156.32935242703556,40.686888324240165,5.413871641808611,165.0,288692.0,False,False,False,False,0,-0.0890908905954072
2021-02-19,150.3000030517578,153.9499969482422,149.0,150.4499969482422,312061,153.25985072532444,156.0987894670829,41.04501997619654,5.380737735125295,165.0,291009.1,False,False,False,True,1,-0.08818183667732005
2021-02-22,151.25,152.0,145.60000610351562,146.10000610351562,141757,152.57796076134264,155.70668031557045,34.532873578059025,5.453541746650944,165.0,297707.5,False,False,False,False,0,-0.1145454175544508
2021-02-23,146.5500030517578,152.0,144.1999969482422,149.5500030517578,375702,152.28958383662027,155.46524199149937,42.34573585546376,5.621146125587149,165.0,296936.35,False,False,False,True,1,-0.09363634514086172
2021-02-24,149.5500030517578,151.39999389648438,147.0,151.0500030517578,95430,152.17152852377623,155.29209536641147,45.39687238184486,5.533920966365523,161.3000030517578,307424.55,False,False,False,False,0,-0.06354618602648743
2021-02-25,151.0,154.0,147.5,149.35000610351562,729877,151.90281210279903,155.05907225806263,42.64254898884888,5.602926611625128,161.3000030517578,304145.95,False,False,False,True,1,-0.07408553454526401
2021-02-26,147.5,147.5,141.3000030517578,143.25,425878,151.0787347596753,154.59597138519743,34.54367944289592,5.77771778592032,161.3000030517578,337723.25,False,False,False,True,1,-0.11190330260543113
2021-03-01,148.6999969482422,148.6999969482422,143.0,143.35000610351562,135074,150.34266536385059,154.15495313885697,34.762435409132266,5.772166297514739,160.1999969482422,348917.6,False,False,False,False,0,-0.10518096857499004
2021-03-02,144.5,145.8000030517578,142.25,144.25,148677,149.76241151967434,153.76652360399984,36.80916355911132,5.613440351389245,160.1999969482422,345305.1,False,False,False,False,0,-0.09956302903922876
2021-03-03,144.25,145.60000610351562,142.8000030517578,144.1999969482422,417665,149.23265775096652,153.39136569593092,36.740195894453144,5.4124805442727135,160.1999969482422,347760.4,False,False,False,True,1,-0.09987515795752056
2021-03-04,143.10000610351562,145.5500030517578,142.10000610351562,142.35000610351562,271126,148.57716711787594,152.9583712021107,34.18796164974418,5.272303144556248,160.1999969482422,361949.95,False,False,False,False,0,-0.11142316594733503
2021-03-05,143.5,143.64999389648438,142.10000610351562,142.5500030517578,101663,148.00315149253137,152.55019990209686,34.715950344314095,5.006423476585712,160.1999969482422,367735.45,False,False,False,False,0,-0.1101747455225407
2021-03-08,143.3000030517578,143.89999389648438,140.60000610351562,141.0500030517578,117149,147.34094687912435,152.09921179031886,32.60327354670579,4.8845352134702145,160.1999969482422,364161.2,False,False,False,False,0,-0.11953804158105819
2021-03-09,141.8000030517578,143.6999969482422,141.3000030517578,142.4499969482422,118487,146.87514212380222,151.72081120827664,36.488159459111074,4.724925119399797,160.0,357348.9,False,False,False,False,0,-0.10968751907348628
2021-03-10,142.39999389648438,144.4499969482422,141.85000610351562,142.4499969482422,99420,146.45369972612986,151.35724986474588,36.488159459111074,4.573144099780281,154.1999969482422,353341.8,False,False,False,False,0,-0.07619974210468972
2021-03-12,143.1999969482422,144.39999389648438,141.5500030517578,142.0,545558,146.02953784745083,150.9902988896578,35.720601770787894,4.450061724419301,154.1999969482422,318748.0,False,False,False,True,1,-0.07911801030928145
2021-03-15,143.0,143.9499969482422,138.0500030517578,140.1999969482422,133811,145.47434347609763,150.56714979391603,32.75266860904921,4.553628308138235,154.0,326922.2,False,False,False,False,0,-0.08961040942699883
2021-03-16,140.9499969482422,142.0,139.5,139.85000610351562,94315,144.9386922977565,150.14686964919446,32.192576806877355,4.406940571842647,154.0,308642.5,False,False,False,False,0,-0.09188307724989853
2021-03-17,140.5500030517578,140.5500030517578,135.85000610351562,137.3000030517578,77591,144.21119808385185,149.6430709590989,28.384061048387792,4.4278731701569,154.0,245756.6,False,False,False,False,0,-0.10844153862494932
2021-03-18,139.8000030517578,140.75,138.0,139.85000610351562,182175,143.79584646667698,149.25902920005643,36.477155963368425,4.3580248685915635,154.0,236652.75,False,False,False,False,0,-0.09188307724989853
2021-03-19,140.0,142.5,136.0,140.1999969482422,106428,143.45338460777845,148.90377303331863,37.52077323215015,4.511023092263595,154.0,234024.15,False,False,False,False,0,-0.08961040942699883
2021-03-22,140.1999969482422,143.9499969482422,139.14999389648438,143.39999389648438,178862,143.4482997781314,148.68793855736433,46.22050057800128,4.531664517941754,154.0,231492.2,False,False,False,False,0,-0.06883120846438717
2021-03-23,143.8000030517578,144.8000030517578,136.0500030517578,137.25,433793,142.85798551354748,148.2393919472716,35.88017243167559,4.832974195231628,154.0,224832.25,False,False,False,True,1,-0.10876623376623373
2021-03-24,138.0,140.1999969482422,136.8000030517578,138.25,153234,142.41912975035248,147.84765108659428,38.297376438462194,4.730618459606825,154.0,239434.05,False,False,False,False,0,-0.10227272727272729
2021-03-25,139.0,139.1999969482422,132.85000610351562,135.0,215211,141.71254596460463,147.34382163221804,33.833284187886846,4.846287915686807,154.0,228310.65,False,False,False,False,0,-0.12337662337662336
2021-03-26,135.1999969482422,137.6999969482422,132.5500030517578,133.1999969482422,89114,140.90182701066533,146.7891618406896,31.63394574088214,4.86798120002949,154.0,234299.7,False,False,False,False,0,-0.13506495488154424
2021-03-30,135.5500030517578,138.5,133.9499969482422,136.8000030517578,120474,140.511177109817,146.3974301234766,40.03036293190238,4.898839903724371,148.6999969482422,202261.55,False,False,False,False,0,-0.08002686039480145
2021-03-31,136.8000030517578,138.0,135.5,137.4499969482422,77090,140.21963614204796,146.04655039111447,41.429068644441294,4.7274941963154875,148.6999969482422,186991.35,False,False,False,False,0,-0.07565568413505597
2021-04-01,138.0,139.60000610351562,136.1999969482422,138.5500030517578,183317,140.06062346678223,145.75256814251225,43.81725589322167,4.6326738362410556,145.8000030517578,184092.15,False,False,False,False,0,-0.04972565053668965
2021-04-05,139.89999389648438,139.89999389648438,135.25,137.0,119900,139.76913551756488,145.40933017613924,41.26408100476452,4.633910983401293,145.60000610351562,185824.15,False,False,False,False,0,-0.05906597350965337
2021-04-06,136.4499969482422,139.1999969482422,136.4499969482422,138.0,379401,139.60064642065393,145.1187682084475,43.54944678860355,4.4993459131583435,145.5500030517578,170935.9,False,False,False,True,1,-0.05187222874240005
2021-04-07,138.14999389648438,138.89999389648438,134.64999389648438,135.0500030517578,624627,139.1672518140924,144.72391467289106,38.758462530300854,4.4815354907898906,144.8000030517578,176349.65,False,False,False,True,1,-0.06733425272453153
2021-04-08,137.8000030517578,138.6999969482422,135.0,136.10000610351562,186381,138.87513317498986,144.38572217997438,41.23647571982772,4.4257113091793405,144.8000030517578,202497.85,False,False,False,False,0,-0.06008285058621465
2021-04-09,138.85000610351562,149.89999389648438,137.39999389648438,148.39999389648438,3040831,139.78226276751315,144.54314460022968,61.09544739437118,5.095302486592869,144.8000030517578,205959.45,False,True,True,True,2,0.024861814702032525
2021-04-12,147.39999389648438,147.39999389648438,141.0,142.9499969482422,2215340,140.0839517371064,144.48066822172038,52.61136708148991,5.25992330158512,149.89999389648438,352076.65,False,False,True,True,2,-0.04636422435775156
2021-04-13,144.60000610351562,147.39999389648438,140.85000610351562,141.64999389648438,997331,140.2330986094281,144.36966138543661,50.799250951069716,5.352070765255379,149.89999389648438,457872.65,False,False,True,True,2,-0.055036693368361034
2021-04-15,143.60000610351562,143.60000610351562,140.14999389648438,140.75,813088,140.28232731329211,144.22771388012538,49.52741248932729,5.216209439667942,149.89999389648438,480461.3,False,False,False,True,1,-0.061040655564022495
2021-04-16,142.0,151.89999389648438,136.25,145.5,3087083,140.77924852155002,144.2776074534538,55.815053122108516,5.961479758011974,149.89999389648438,514425.15,False,False,True,True,2,-0.02935286241254187
2021-04-19,144.0,152.5500030517578,139.5,147.14999389648438,881964,141.38598617630566,144.39025005906285,57.78247857684115,6.467802850422391,151.89999389648438,664063.55,False,False,True,True,2,-0.03127057400171451
2021-04-20,149.6999969482422,156.0,145.5500030517578,146.9499969482422,1542421,141.91589196410914,144.49063229001106,57.44856899746838,6.7522452859809485,152.5500030517578,704282.2,False,False,True,True,2,-0.03670931492289531
2021-04-22,148.4499969482422,157.9499969482422,147.5,150.1999969482422,2755465,142.70485434355038,144.714528943275,61.35655682806215,7.0556563369823095,156.0,772294.5,False,False,True,True,2,-0.037179506742037294
2021-04-23,150.9499969482422,152.6999969482422,146.0,147.89999389648438,729595,143.19962953906793,144.83944913751853,57.34282932118021,7.030252094929444,157.9499969482422,904746.35,False,False,True,False,1,-0.06362775084478822
2021-04-26,149.5,150.5,144.10000610351562,145.5,398253,143.4187124401091,144.86535309290997,53.41614612198655,6.985233652183368,157.9499969482422,932283.0,False,False,True,False,1,-0.07882239435763883
2021-04-27,146.85000610351562,151.5500030517578,145.8000030517578,149.5,949747,143.99788268390822,145.04710395201155,58.514998039478954,6.918431466438686,157.9499969482422,930506.0,False,False,True,True,2,-0.05349792409942955
2021-04-28,151.25,151.8000030517578,147.75,148.25,765772,144.40284623782173,145.17270771859933,56.43612080261717,6.7135437225329095,157.9499969482422,970331.65,False,False,True,False,1,-0.061411821055119886
2021-04-29,149.0500030517578,150.10000610351562,145.0,145.39999389648438,450761,144.4978126815039,145.1816209020458,51.90801533526024,6.598291035460247,157.9499969482422,997859.7,False,False,True,False,1,-0.079455544756169
2021-04-30,145.0,146.14999389648438,142.35000610351562,143.0500030517578,559592,144.3599260500995,145.0980280451718,48.45570847876085,6.398412232425141,157.9499969482422,1015942.05,False,False,False,False,0,-0.09433361306975441
2021-05-03,146.0,149.85000610351562,143.6999969482422,145.85000610351562,446335,144.5018384361391,145.12751738079314,52.50861699850905,6.427097290948904,157.9499969482422,1037897.95,False,False,True,False,1,-0.07660646456797049
2021-05-04,146.89999389648438,146.89999389648438,142.39999389648438,142.9499969482422,270681,144.35404400872036,145.04212442265387,48.27479843007853,6.289447484452554,157.9499969482422,1056360.2,False,False,False,False,0,-0.0949667634682847
2021-05-05,144.6999969482422,154.39999389648438,143.0,152.4499969482422,3806053,145.12508714581767,145.3326292275789,59.729783915250266,6.658058160437528,157.9499969482422,1060728.4,False,False,True,True,2,-0.034821146605037656
2021-05-06,153.8000030517578,156.0,151.0500030517578,152.35000610351562,1420781,145.81317466559844,145.60782047761566,59.580223797958006,6.536053788137861,157.9499969482422,1245036.05,True,False,True,True,2,-0.03545420039838043
2021-05-07,153.8000030517578,153.85000610351562,147.25,147.9499969482422,687714,146.01668154965975,145.69967053528728,53.26036964506374,6.5406218106648435,157.9499969482422,1297105.05,True,False,True,False,1,-0.06331117564552313
2021-05-10,149.25,158.39999389648438,149.0500030517578,156.14999389648438,2791917,146.981758916024,146.10948713768715,61.46415994151215,6.819862891920368,157.9499969482422,1300259.4,True,False,True,True,2,-0.011396030937231627
2021-05-11,154.0,163.6999969482422,153.0,159.3000030517578,2086241,148.1549250241891,146.6267622715723,64.07291927312323,7.097015324514784,158.39999389648438,1430536.2,True,True,True,True,2,0.005681876199197244
2021-05-12,159.3000030517578,160.5500030517578,154.0,155.8000030517578,620294,148.88302769348138,146.9864972041286,59.271639259543626,7.057943019317857,163.6999969482422,1382806.7,True,False,True,False,1,-0.04825897399974999
2021-05-14,156.0,158.0,153.25,153.64999389648438,408278,149.33702447471975,147.24781079990726,56.47218077866188,6.8930899465094395,163.6999969482422,1303054.4,True,False,True,False,1,-0.06139281147900921
2021-05-17,154.89999389648438,155.0,152.5,153.4499969482422,293791,149.72873613886475,147.49103378611647,56.20624339310871,6.5792978074730515,163.6999969482422,1273601.75,True,False,True,False,1,-0.06261453995775446
2021-05-18,156.0,156.39999389648438,153.0,153.89999389648438,337288,150.12599878244757,147.7423655551505,56.70032687695279,6.352204670973861,163.6999969482422,1247636.9,True,False,True,False,1,-0.0598656275776005
2021-05-19,154.5,156.5,152.89999389648438,153.4499969482422,310551,150.44257003633277,147.96619423723254,56.01969302664768,6.155619059012558,163.6999969482422,1110147.15,True,False,True,False,1,-0.06261453995775446
2021-05-20,153.60000610351562,154.5,147.3000030517578,148.4499969482422,804718,150.25280117080032,147.98516689256627,48.983710098824176,6.2302174796718175,163.6999969482422,1081576.5,True,False,False,False,0,-0.09315821798592738
2021-05-21,150.0,151.6999969482422,148.39999389648438,148.8000030517578,437692,150.11443944517723,148.01712125175027,49.46221954286753,6.020916449106532,163.6999969482422,1044691.35,True,False,False,False,0,-0.09102012323919206
2021-05-24,150.0,150.85000610351562,148.14999389648438,148.5500030517578,357054,149.9654455029468,148.03801857724076,49.107910552748955,5.783709003244012,163.6999969482422,928802.7,True,False,False,False,0,-0.09254730714060078
2021-05-25,148.9499969482422,150.60000610351562,148.0,148.8000030517578,359511,149.85445098378594,148.06790032133947,49.49749906291652,5.5563016532634135,163.6999969482422,910175.65,True,False,False,False,0,-0.09102012323919206
2021-05-26,148.89999389648438,150.1999969482422,146.5,146.85000610351562,339984,149.56831337614116,148.02013976377776,46.506940996800374,5.423708460047611,163.6999969482422,908238.55,True,False,False,False,0,-0.10293213902779796
2021-05-27,148.5,153.39999389648438,146.60000610351562,149.4499969482422,2128213,149.5570451449127,148.07621259454106,50.777233034745976,5.5220141266848355,163.6999969482422,877750.4,True,False,True,True,2,-0.08704948238029286
2021-05-28,151.4499969482422,151.8000030517578,147.0,147.5500030517578,688253,149.36589827889793,148.0555769261966,47.77577058742863,5.470441907047191,163.6999969482422,945872.45,True,False,False,False,0,-0.0986560427462353
2021-05-31,148.85000610351562,148.85000610351562,146.5,146.75,271274,149.11676510947908,148.00437783105164,46.52864998009162,5.247553635366365,163.6999969482422,957747.05,True,False,False,False,0,-0.10354304987312457
2021-06-01,147.39999389648438,148.5,142.39999389648438,144.1999969482422,741896,148.64850147507556,147.85518642388266,42.70229133599548,5.308443097377026,163.6999969482422,943331.15,True,False,False,False,0,-0.11912034430987439
2021-06-02,143.8000030517578,147.89999389648438,142.5500030517578,145.4499969482422,779785,148.34388199632954,147.7608652679752,45.086258416524714,5.311410793616279,163.6999969482422,958109.2,True,False,False,False,0,-0.11148442480283116
2021-06-03,146.85000610351562,147.39999389648438,144.39999389648438,146.60000610351562,444497,148.1777985779663,147.71534137917286,47.26034219173705,5.1463100226436875,163.6999969482422,983564.4,True,False,False,False,0,-0.10445932292920657
2021-06-04,147.39999389648438,152.5,146.1999969482422,150.3000030517578,1192593,148.37991328975596,147.8167006604507,53.62227955817186,5.228716667580411,163.6999969482422,815486.6,True,False,True,True,2,-0.08185701983074023
2021-06-07,151.8000030517578,153.3000030517578,150.60000610351562,151.0500030517578,585001,148.63420755280376,147.94349683265884,54.812199826292385,5.069522619896096,163.6999969482422,804077.2,True,False,True,False,1,-0.07727546812651431
2021-06-08,151.10000610351562,151.75,148.39999389648438,149.4499969482422,306886,148.71190178094076,148.00257526856407,51.76109599991236,4.946700011583206,163.6999969482422,798941.55,True,False,True,False,1,-0.08704948238029286
2021-06-09,150.0,151.5,147.0,147.9499969482422,437591,148.63933941592185,148.00051337364948,49.00692134196768,4.914792867898692,163.6999969482422,674690.0,True,False,False,False,0,-0.0962125857887447
2021-06-10,149.85000610351562,158.5,148.25,156.5,2992247,149.3879737572626,148.33382657468283,61.561761448287385,5.317307881031486,160.5500030517578,592257.5,True,False,True,True,2,-0.025225804888039605
2021-06-11,157.5,164.6999969482422,156.10000610351562,162.3000030517578,3601030,150.61769083292884,148.88151976986225,67.42149352816713,5.551785235581136,158.5,710855.15,True,True,True,True,2,0.02397478266093267
2021-06-14,160.5,163.9499969482422,152.14999389648438,162.0,2055355,151.7017202774118,149.39596997496568,66.85378889146308,5.998086508165184,164.6999969482422,870492.75,True,False,True,True,2,-0.016393424397516343
2021-06-15,162.5,164.4499969482422,156.60000610351562,157.8000030517578,937132,152.28250911306378,149.72553989954577,59.32277395833721,6.130365389348141,164.6999969482422,958570.95,True,False,True,False,1,-0.04189431708764835
2021-06-16,158.5,158.89999389648438,153.5,155.75,619887,152.61274634039106,149.96179323681847,56.006458677383144,6.078195997000729,164.6999969482422,988563.15,True,False,True,False,1,-0.05434120895008132
2021-06-17,154.0,157.89999389648438,153.0,153.6999969482422,418493,152.71629401732926,150.10838946079588,52.82615876626668,5.994038704106704,164.6999969482422,1004029.95,True,False,True,False,1,-0.0667881008125143
2021-06-18,154.5,161.8000030517578,148.0,160.5,2094379,153.45759934901218,150.5159035995882,60.78152153171786,6.551607586081783,164.6999969482422,984718.7,True,False,True,True,2,-0.025500892690132004
2021-06-21,156.8000030517578,161.9499969482422,156.39999389648438,158.6999969482422,794807,153.95687531084363,150.83684843679032,57.99355659099507,6.480064405058642,164.6999969482422,1067553.05,True,False,True,False,1,-0.03642987317046231
2021-06-22,161.39999389648438,162.5,156.3000030517578,158.0,850429,154.341934805049,151.11775634122992,56.90050798962349,6.46005958671461,164.6999969482422,1089440.7,True,False,True,False,1,-0.040680006511157996
2021-06-23,154.75,154.8000030517578,151.0500030517578,153.35000610351562,1445978,154.24746540490295,151.20529554759406,50.13992252530718,6.495055112538008,164.6999969482422,1113986.6,True,False,True,True,2,-0.0689131211598829
2021-06-24,154.6999969482422,160.8000030517578,154.5,158.0500030517578,1425109,154.60961184746054,151.47371544971816,55.84984571027909,6.563265243659735,164.6999969482422,1169286.3,True,False,True,True,2,-0.04037640570554579
2021-06-25,158.89999389648438,160.10000610351562,156.5500030517578,157.1999969482422,624415,154.85631519039214,151.69827550848382,54.63133793426377,6.348032229952455,164.6999969482422,1134131.1,True,False,True,False,1,-0.045537341463077974
2021-06-28,158.39999389648438,159.9499969482422,155.10000610351562,155.75,819797,154.94142802940243,151.85716666501386,52.52605328125313,6.241029273864892,164.6999969482422,1130939.2,True,False,True,False,1,-0.05434120895008132
2021-06-29,157.0,157.0,154.3000030517578,155.3000030517578,571912,154.9755780315315,151.9921798566509,51.85815061617064,5.98809839346327,164.6999969482422,1158365.35,True,False,True,False,1,-0.05707343090867434
2021-06-30,156.0,156.0,152.8000030517578,154.0500030517578,989437,154.8874280334578,152.07287880547864,49.95782907152851,5.788948290233193,164.6999969482422,1149866.15,True,False,False,False,0,-0.06466298781918733
2021-07-01,154.3000030517578,158.5,153.75,155.0500030517578,796572,154.902911368534,152.18962877592097,51.48934622491572,5.714737698073679,164.6999969482422,1160348.75,True,False,True,False,1,-0.05859134229077689
2021-07-02,156.25,157.0,154.4499969482422,154.6999969482422,247291,154.88358618564908,152.28807458660023,50.902151475499984,5.488685223336832,164.6999969482422,1177952.5,True,False,True,False,1,-0.060716455284103965
2021-07-05,156.35000610351562,156.35000610351562,153.75,154.9499969482422,427068,154.88991102018176,152.39246369882147,51.329107523872864,5.2823510004924605,164.6999969482422,1130687.4,True,False,True,False,1,-0.0591985439020013
2021-07-06,156.0500030517578,156.3000030517578,152.25,154.0500030517578,410568,154.80991978509374,152.4574652420739,49.655057480681464,5.194326147011414,164.6999969482422,1122790.75,True,False,False,False,0,-0.06466298781918733
2021-07-07,155.0,155.0500030517578,150.9499969482422,151.5,427286,154.49468932937052,152.419917585522,45.16085440601722,5.116160429618858,164.6999969482422,1127974.85,True,False,False,False,0,-0.08014570244582553
2021-07-08,151.9499969482422,155.10000610351562,151.10000610351562,152.10000610351562,528321,154.26662426024149,152.407372037208,46.39036342294888,5.036434684646082,164.6999969482422,1127459.6,True,False,False,False,0,-0.0765026780703959
2021-07-09,152.10000610351562,154.5,152.10000610351562,153.75,589218,154.2174219497423,152.46002411418024,49.72828473722996,4.848117485491674,164.6999969482422,1004263.3,True,False,False,False,0,-0.06648450000690209
2021-07-12,154.89999389648438,167.5,153.0,165.8000030517578,8244965,155.320524911839,152.98316054310484,66.25361099845696,5.5375376650994115,164.4499969482422,853672.7,True,True,True,True,2,0.008209219389286648
2021-07-13,170.0,173.3000030517578,164.0,166.1999969482422,5201839,156.35666510578216,153.50146785311023,66.64556117837898,5.806285192717868,167.5,1163153.2,True,False,True,True,2,-0.0077612122493003755
2021-07-14,165.64999389648438,170.0,162.6999969482422,163.8000030517578,1081480,157.06555443397033,153.9053319785474,61.9930440770946,5.912979325506436,173.3000030517578,1376388.55,True,False,True,False,1,-0.05481823331049063
2021-07-15,164.60000610351562,166.10000610351562,160.64999389648438,161.89999389648438,656838,157.52597723992403,154.218848132192,58.51061975832668,5.879910245615352,173.3000030517578,1399468.2,True,False,True,False,1,-0.06578193280163247
2021-07-16,162.85000610351562,164.35000610351562,158.4499969482422,159.4499969482422,515153,157.7092172121448,154.4239912230175,54.276663195035816,5.8813458820195015,173.3000030517578,1411385.45,True,False,True,False,1,-0.07991924904570935
2021-07-19,159.0,165.89999389648438,157.14999389648438,159.64999389648438,1188981,157.89405308684383,154.62893250432995,54.565690015608745,6.086249747589537,173.3000030517578,1332424.15,True,False,True,False,1,-0.07876519858569608
2021-07-20,160.39999389648438,162.64999389648438,155.8000030517578,159.6999969482422,716623,158.06604774031035,154.82779777664024,54.64288755403372,6.140802683099325,173.3000030517578,1352132.85,True,False,True,False,1,-0.07847666395859121
2021-07-22,162.8000030517578,162.8000030517578,160.0,160.39999389648438,335571,158.28832832661263,155.0463152715361,55.77571726982153,5.923602927414776,173.3000030517578,1345442.55,True,False,True,False,1,-0.07443744332434155
2021-07-23,161.25,162.5,159.10000610351562,159.8000030517578,357399,158.43229734805504,155.23273440017223,54.51882266179067,5.7433451394911765,173.3000030517578,1289922.2,True,False,True,False,1,-0.07789959470438146
2021-07-26,161.60000610351562,162.5,159.1999969482422,160.14999389648438,403082,158.5958874955245,155.42556810590995,55.15368160081855,5.5688207046530795,173.3000030517578,1236536.7,True,False,True,False,1,-0.07588002841145969
2021-07-27,162.0,162.1999969482422,156.60000610351562,158.9499969482422,415788,158.62961220530713,155.5637810016877,52.45033371549828,5.571047143229757,173.3000030517578,1225470.05,True,False,True,False,1,-0.08280441921994575
2021-07-28,159.64999389648438,160.1999969482422,156.10000610351562,157.0,278617,158.47441104289695,155.620103315347,48.306771042038974,5.465971693336671,173.3000030517578,1205269.6,True,False,False,False,0,-0.09405656528978623
2021-07-29,157.6999969482422,158.9499969482422,157.0,158.25,327346,158.45303856262106,155.72323651866674,50.9801375879138,5.214830640115636,173.3000030517578,1190604.85,True,False,True,False,1,-0.08684363985419541
2021-07-30,158.39999389648438,166.0,157.5,163.39999389648438,1848226,158.92417716584612,156.02428582760078,60.12893600241945,5.44948559439309,173.3000030517578,1157500.3,True,False,True,True,2,-0.057126422278923394
2021-08-02,165.0500030517578,166.14999389648438,161.39999389648438,161.85000610351562,361631,159.20282754086224,156.25274544626413,56.69909234528232,5.399522337650727,173.3000030517578,1210083.0,True,False,True,False,1,-0.06607037938033111
2021-08-03,162.0,165.35000610351562,161.35000610351562,163.39999389648438,554450,159.60255766996912,156.53302969921396,59.20509439012732,5.299556456389961,173.3000030517578,1215800.0,True,False,True,False,1,-0.057126422278923394
2021-08-04,164.6999969482422,165.5500030517578,162.6999969482422,163.89999389648438,526066,160.0118373105896,156.82193025596965,60.00912346579818,5.124588574041795,173.3000030517578,1222169.1,True,False,True,False,1,-0.05424125210468711
2021-08-05,163.89999389648438,165.0,159.0,161.0,447479,160.10594804291443,156.98577612828456,53.431419867460406,5.187117961610238,173.3000030517578,1227944.0,True,False,True,False,1,-0.0709752038958954
2021-08-06,160.89999389648438,168.39999389648438,160.1999969482422,165.4499969482422,1144196,160.61490508151707,157.3177063565182,60.57305218549868,5.402323603512521,173.3000030517578,1228953.65,True,False,True,False,1,-0.04529720695487316
2021-08-09,166.85000610351562,167.0,158.0,159.3000030517578,468055,160.4896763167781,157.3954434818217,49.316689847837154,5.659300488975912,173.3000030517578,1259747.4,True,False,False,False,0,-0.08078476487861774
2021-08-10,160.10000610351562,162.0,148.39999389648438,156.0,736720,160.06208809613256,157.34072020802478,44.53437357061438,6.2264937471573205,173.3000030517578,1253689.25,True,False,False,False,0,-0.09982690563825891
2021-08-11,156.5,162.0,152.0,156.85000610351562,493788,159.75617552540712,157.32147651765186,45.98726424689721,6.4960299080746555,173.3000030517578,878277.0,True,False,False,False,0,-0.09492208112269462
2021-08-12,158.0,166.89999389648438,150.8000030517578,164.3000030517578,1654989,160.1889210041072,157.5951442248717,56.694370342026694,7.182027117835506,170.0,642874.45,True,False,True,True,2,-0.03352939381318931
2021-08-13,165.89999389648438,166.0,161.0500030517578,162.5,770005,160.4090237656208,157.78749151017084,53.91353320175458,7.022596391435983,168.39999389648438,671549.9,True,False,True,True,2,-0.035035594479362664
2021-08-16,161.1999969482422,166.9499969482422,160.5,163.4499969482422,584369,160.69864025920378,158.00955054695797,55.163506992413275,6.9816964312078555,168.39999389648438,677208.25,True,False,True,False,1,-0.029394282230704616
2021-08-17,163.8000030517578,184.9499969482422,160.64999389648438,176.4499969482422,17014199,162.19876946768363,158.73270530779266,67.96705187890771,8.21871833267571,168.39999389648438,680669.05,True,True,True,True,2,0.04780287021094631
2021-08-18,178.0,194.6999969482422,177.0,189.6999969482422,21807578,164.81793398964157,159.94710890153578,75.61142969995217,8.935238451770303,184.9499969482422,1471929.95,True,True,True,True,2,0.02568261734726751
2021-08-20,185.8500061035156,198.6999969482422,182.6999969482422,188.1000061035156,12407605,167.0352741909629,161.05114408592715,73.33556632821251,9.439864276643853,194.6999969482422,2526477.7,True,False,True,True,2,-0.03389825859360995
2021-08-23,197.0,203.8999938964844,189.1999969482422,192.3500061035156,13057474,169.44620103977746,162.27855043955807,75.4494275650284,9.894158813524207,198.6999969482422,3130079.4,True,False,True,True,2,-0.031957679628855984
2021-08-24,193.3999938964844,198.0,185.1000061035156,187.1999969482422,4142055,171.13703874534554,163.25586206734963,68.37568049867406,10.108861319449936,203.8999938964844,3765083.15,True,False,True,True,2,-0.0819028810600183
2021-08-25,189.5,198.3999938964844,186.1000061035156,196.5,4685294,173.55255886483644,164.55955375098299,73.25249872027689,10.265370353272711,203.8999938964844,3952031.8,True,False,True,True,2,-0.03629227129963142
2021-08-26,198.0,198.0,192.0500030517578,194.25,2188041,175.52374373485202,165.72388497643465,70.42297175469224,9.957129395770531,203.8999938964844,4165507.1,True,False,True,False,1,-0.047327092620628064
2021-08-27,194.3999938964844,198.0,192.3000030517578,195.25,2777891,177.40243480772327,166.88177184010388,70.95987015835402,9.653048506661364,203.8999938964844,4260978.3,True,False,True,False,1,-0.04242272758907395
2021-08-30,198.0,219.3999938964844,197.0,215.0500030517578,8992579,180.98791749763132,168.77072208369816,79.06366147849613,10.688544605934439,203.8999938964844,4383505.55,True,True,True,True,2,0.05468371500263025
2021-08-31,214.8000030517578,227.3999938964844,211.3500061035156,214.1999969482422,9239178,184.15097268340378,170.55226227446462,78.05663476949789,11.071504833579752,219.3999938964844,4740723.2,True,False,True,True,2,-0.023700989484510382
2021-09-01,214.6000061035156,229.5500030517578,213.3999938964844,226.3999938964844,6021719,188.17468898941144,172.74236939689678,81.66608905085751,11.434255142272157,227.3999938964844,5184600.55,True,False,True,True,2,-0.004397537497099591
2021-09-02,225.1000061035156,236.9499969482422,218.0,223.9499969482422,7250482,191.58186117596676,174.75051165381228,78.86072277767008,11.971093842698588,229.5500030517578,5457964.0,True,False,True,True,2,-0.024395582788352077
2021-09-03,225.8999938964844,230.0,221.5,228.3000030517578,3151747,195.07882706889924,176.85049170863368,80.16364556439461,11.723158568220118,236.9499969482422,5794184.8,True,False,True,False,1,-0.03650556660852722
2021-09-06,229.0,234.0,223.0500030517578,226.1499938964844,2364317,198.03798581438355,178.78380551992194,77.61727240133973,11.667932738221694,236.9499969482422,5929398.2,True,False,True,False,1,-0.04557924959212756
2021-09-07,226.3999938964844,227.6000061035156,217.0,218.5500030517578,2242159,199.99151126556205,180.34326424666062,69.24418988491522,11.591652264314115,236.9499969482422,5990404.25,True,False,True,False,1,-0.0776534886409117
2021-09-08,219.8999938964844,222.3999938964844,216.25,219.75,1291565,201.87327209741326,181.8886264330661,69.79819233785052,11.202962380897707,236.9499969482422,6079109.45,True,False,True,False,1,-0.07258914188548926
2021-09-09,217.5500030517578,233.0,217.5500030517578,227.25,4307334,204.29010332623105,183.6675038278478,73.06395185752747,11.506321992850884,236.9499969482422,6106851.7,True,False,True,False,1,-0.0409368941682704
2021-09-13,226.9499969482422,232.4499969482422,225.1000061035156,229.3500061035156,2567712,206.6767607335915,185.458974505325,73.91449147685421,11.209441196556291,236.9499969482422,6297529.0,True,False,True,False,1,-0.03207423904878415
2021-09-14,232.4499969482422,237.0,230.6000061035156,233.8500061035156,3336511,209.26468886406045,187.35666201897953,75.6861919182145,10.955194960836872,236.9499969482422,6343165.15,True,False,True,False,1,-0.013082890418452897
2021-09-15,233.8999938964844,233.8999938964844,229.5,230.8500061035156,1004811,211.32043336305617,189.062283355628,72.16715367207884,10.486966313383125,237.0,6471490.45,True,False,True,False,1,-0.025949341335377185
2021-09-16,230.8999938964844,232.0500030517578,223.25,227.25,1484588,212.83753494752702,190.55984087109357,68.07669098185164,10.366468937552746,237.0,6492512.55,True,False,True,False,1,-0.04113924050632911
2021-09-17,228.0,229.3999938964844,213.6000061035156,216.3500061035156,10316306,213.17205601000214,191.57121989981601,57.457585555972514,10.754577427225321,237.0,5716032.0,True,False,True,True,2,-0.08713077593453333
2021-09-20,218.0,226.8999938964844,211.0,214.1000061035156,1604948,213.26043220938436,192.45470171172582,55.53195313247946,11.12210717502954,237.0,5141468.4,True,False,True,False,1,-0.09662444682060933
2021-09-21,214.0,218.9499969482422,211.9499969482422,217.75,1303781,213.6880100942049,193.44667419361892,57.99151280180621,10.827670948241717,237.0,4601335.55,True,False,True,False,1,-0.08122362869198307
2021-09-22,217.75,218.75,208.3500061035156,209.1999969482422,1014058,213.26058027077988,194.06445155654532,50.89072174700265,10.79712258740191,237.0,4013650.9,True,False,True,False,1,-0.11729959093568698
2021-09-23,210.9499969482422,214.8000030517578,208.1000061035156,209.9499969482422,773122,212.9452866210144,194.68741412092558,51.45227488254985,10.50447075603336,237.0,3857251.05,True,False,True,False,1,-0.11413503397366165
2021-09-24,212.0,215.1499938964844,206.3999938964844,213.4499969482422,1033830,212.99335427122656,195.42320168278115,54.09055446850105,10.379151416316692,237.0,3661642.45,True,False,True,False,1,-0.09936710148421013
2021-09-27,215.0,217.25,210.5,211.75,637060,212.8749395787288,196.06346828345642,52.59547226262666,10.119926315151215,237.0,3603931.9,True,False,True,False,1,-0.10654008438818563
2021-09-28,212.0,215.8000030517578,210.0,213.0,653526,212.88685009504033,196.72764599783068,53.61080189038516,9.811360367765971,237.0,3496890.35,True,False,True,False,1,-0.10126582278481011
2021-09-29,212.25,214.4499969482422,209.6000061035156,210.5500030517578,450278,212.6642932337753,197.26969921563173,51.29193136103547,9.456976830406015,237.0,3079937.7,True,False,True,False,1,-0.11160336265081094
2021-09-30,211.4499969482422,211.9499969482422,207.0,207.5500030517578,596809,212.17721797834508,197.6728483856759,48.52420577663672,9.135049695965742,237.0,2640492.7,True,False,False,False,0,-0.12426159049891217
2021-10-01,207.5500030517578,213.0,206.0,211.8500061035156,713091,212.14605494264703,198.22881535500295,52.48209347420893,8.982546146253904,237.0,2369247.2,True,False,True,False,1,-0.10611811770668522
2021-10-04,211.3000030517578,212.75,209.0,210.4499969482422,532290,211.98452560984657,198.70807737826723,51.10436015495105,8.608792850092911,237.0,2042377.65,True,False,True,False,1,-0.11202532933231146
2021-10-05,211.4499969482422,218.0,210.5,212.3500061035156,1005177,212.0193332759103,199.2430549753358,52.91104565496009,8.53316500735469,237.0,1911404.8,True,False,True,False,1,-0.10400841306533504
2021-10-06,213.0,215.25,206.1000061035156,207.9499969482422,561434,211.63177743518,199.58450368015568,48.44668698805995,8.577224213721099,237.0,1843447.8,True,False,False,False,0,-0.1225738525390625
2021-10-07,210.0,213.5,208.8500061035156,211.6499938964844,435149,211.6335123362566,200.0576601592274,52.106209424431135,8.360994130723721,237.0,1759411.55,True,False,True,False,1,-0.10696205106968604
2021-10-08,212.8999938964844,217.0500030517578,211.6000061035156,212.8000030517578,685111,211.74460669011384,200.5573598805031,53.217770585820176,8.153065760546472,237.0,1716590.75,True,False,True,False,1,-0.10210969176473494
2021-10-11,214.3000030517578,216.75,211.3500061035156,212.6999969482422,601577,211.835596238507,201.03354172629682,53.102351455453174,7.956417770256325,237.0,1535479.6,True,False,True,False,1,-0.10253165844623546
2021-10-12,213.6499938964844,214.0500030517578,209.0,211.3500061035156,323316,211.78934955898401,201.438108956776,51.47926208367283,7.748816718935003,237.0,1437172.85,True,False,True,False,1,-0.10822782234803541
2021-10-13,212.5,212.8500061035156,208.8000030517578,209.3999938964844,257780,211.5617918768412,201.75033973872536,49.142691986661646,7.484615742708058,233.8999938964844,1286513.1,True,False,False,False,0,-0.10474562051866831
2021-10-14,209.3999938964844,212.6499938964844,207.1499938964844,207.9499969482422,377037,211.2178114074508,201.99346355086328,47.41917741766847,7.342857475371769,232.0500030517578,1249161.55,True,False,False,False,0,-0.10385695232307413
2021-10-18,207.5,208.1999969482422,203.0,203.6499938964844,582119,210.49706688259684,202.05842552520136,42.642904321287546,7.189796009148228,229.3999938964844,1193784.0,True,False,False,False,0,-0.11224934910686857
2021-10-19,203.1000061035156,205.75,196.1499938964844,196.8999938964844,565465,209.20210755058613,201.8561340887811,36.43831412039041,7.361953873031612,226.8999938964844,707074.65,True,False,False,False,0,-0.13221683916697902
2021-10-20,198.8000030517578,200.3000030517578,187.6499938964844,188.75,602056,207.25428778386365,201.3421680460838,30.64121750591127,7.739672107477455,218.9499969482422,655100.5,True,False,False,False,0,-0.13793102246711242
2021-10-21,190.8999938964844,202.9499969482422,189.8500061035156,195.1999969482422,873696,206.10626008523303,201.1012985912665,38.922883271514735,8.201123881817793,218.75,620014.25,True,False,False,True,1,-0.10765715680803567
2021-10-22,195.1999969482422,198.75,192.1000061035156,193.3999938964844,274596,204.89613949582838,200.7992866424515,37.57451646057591,8.090328882865409,218.0,612996.15,True,False,False,False,0,-0.11284406469502573
2021-10-25,178.0,191.1999969482422,177.4499969482422,185.1499938964844,1189167,203.01555420065276,200.1855888877077,32.087844607881536,8.651733744678038,218.0,588069.85,True,False,False,True,1,-0.1506881013922734
2021-10-26,185.1499938964844,190.0,183.3500061035156,187.3500061035156,579652,201.52359723902066,199.68223270009233,34.821089277461624,8.508752326949923,218.0,595836.7,True,False,False,False,0,-0.14059630227745135
2021-10-27,189.6499938964844,195.8000030517578,187.3500061035156,188.6499938964844,416982,200.29753977782673,199.24959588426455,36.448713736509944,8.504555514185087,218.0,592966.3,True,False,False,False,0,-0.1346330555207137
2021-10-28,189.0,191.5,180.8000030517578,183.6499938964844,239281,198.71205921769888,198.63784678670456,33.032079860154795,8.661372759474881,218.0,581139.1,True,False,False,False,0,-0.15756883533722754
2021-10-29,183.0,195.5,176.0,187.8000030517578,915052,197.67281577332355,198.21283330690272,38.209370978550034,9.43556041951239,218.0,570589.25,False,False,False,True,1,-0.1385320960928541
2021-11-01,179.0,187.8500061035156,179.0,184.0500030517578,1438000,196.37540503793633,197.65742819885782,35.5359313949709,9.393735111226905,218.0,586501.4,False,False,False,True,1,-0.15573393095523935
2021-11-02,187.5500030517578,189.75,184.8500061035156,188.1499938964844,237420,195.59203254827423,197.28458763798045,40.44245169578801,9.12989667101371,218.0,622746.85,False,False,False,False,0,-0.1369266335023651
2021-11-03,189.1000061035156,190.3500061035156,185.0500030517578,185.9499969482422,132694,194.6737434435093,196.8400938854417,38.73863046476651,8.856332841066859,218.0,608003.35,False,False,False,False,0,-0.14701836262274226
2021-11-04,191.0,199.0,189.0,193.75,318303,194.5857678774608,196.71891373307142,47.22752925291539,9.15588071325907,217.0500030517578,564379.2,False,False,False,False,0,-0.10734854975423191
2021-11-08,195.8999938964844,197.0,191.1000061035156,192.0,265031,194.33950427008358,196.53385829255882,45.697550038947966,8.923317369203737,217.0500030517578,552222.65,False,False,False,False,0,-0.11541120801451632
2021-11-09,193.0,196.8999938964844,192.0,194.5,231947,194.35478957769467,196.45409914383103,48.27549302386696,8.635937121152356,217.0500030517578,543716.75,False,False,False,False,0,-0.10389312478553858
2021-11-10,195.25,207.0,193.6999969482422,205.3500061035156,1102090,195.40195305634427,196.80295824028926,57.66827970194205,8.969084687624175,216.75,521058.55,False,False,True,True,2,-0.052595127550101095
2021-11-11,207.3500061035156,212.3000030517578,197.1000061035156,203.4499969482422,1144445,196.16843342700122,197.06362642491487,55.758770810035166,9.414149849096892,214.0500030517578,546084.2,False,False,True,True,2,-0.04952116772898396
2021-11-12,212.0,214.0,203.6000061035156,207.8999938964844,1242672,197.28572490028535,197.48858201203524,59.168853907667675,9.49528222071553,212.8500061035156,587140.65,False,False,True,True,2,-0.023255870637014953
2021-11-15,211.0,211.25,205.4499969482422,207.3999938964844,727387,198.24898861420905,197.87726483103324,58.62209722076152,9.231333708647123,214.0,636385.25,True,False,True,True,2,-0.030841150016428065
2021-11-16,208.6499938964844,209.5,198.6499938964844,200.25,519987,198.43956112714153,197.97031326903195,51.31911189111249,9.346953165423441,214.0,653902.75,True,False,True,False,1,-0.06425233644859818
2021-11-17,200.75,207.5500030517578,200.25,201.5,567995,198.73103149598518,198.1087323565209,52.43473630822038,9.200742443018754,214.0,650796.15,True,False,True,False,1,-0.05841121495327106
2021-11-18,203.0,204.75,195.25,196.3999938964844,433811,198.50902791508034,198.04172300514693,47.637873965915475,9.222117982803129,214.0,650922.65,True,False,False,False,0,-0.08224301917530652
2021-11-22,198.3500061035156,198.6000061035156,186.75,191.8000030517578,314566,197.87007316619247,197.79694967364148,43.750205521074676,9.409824277139734,214.0,642510.4,True,False,False,False,0,-0.10373830349645885
2021-11-23,190.75,204.6000061035156,187.6000061035156,201.9499969482422,492014,198.2586373359115,197.95981427264542,52.88659911411601,9.951979685915466,214.0,614553.9,True,False,True,False,1,-0.05630842547550374
2021-11-24,204.8500061035156,206.5,197.6499938964844,198.5,559061,198.28162425630086,197.98099802665934,49.918663836746674,9.873267287172618,214.0,625424.8,True,False,False,False,0,-0.07242990654205606
2021-11-25,198.6000061035156,209.3000030517578,197.5,207.1999969482422,814739,199.1309930841048,198.3425273961332,56.541825259454306,10.010891270357275,214.0,593919.5,True,False,True,True,2,-0.031775715195130005
2021-11-26,207.1999969482422,212.75,203.0,205.3999938964844,3142578,199.7280407805219,198.61929078830383,54.923425254611416,9.99225617961747,214.0,605673.85,True,False,True,True,2,-0.04018694440895143
2021-11-29,209.3999938964844,209.5,190.5,192.25,936661,199.0158464204722,198.36951467895858,44.82842145990749,10.635666452501937,214.0,741953.65,True,False,False,True,1,-0.10163551401869164
2021-11-30,191.8999938964844,197.1999969482422,190.1000061035156,192.0,551854,198.3476705709034,198.11972978958767,44.66035918993614,10.383118194803698,214.0,776822.65,True,False,False,False,0,-0.10280373831775702
2021-12-01,193.1999969482422,194.8999938964844,188.1000061035156,191.4499969482422,360010,197.6907492735071,197.8581716389467,44.26716394980584,10.12718030895835,214.0,758662.75,False,False,False,False,0,-0.10537384603625144
2021-12-02,191.5500030517578,194.6999969482422,191.5500030517578,193.6000061035156,245735,197.30115468588883,197.6911847552043,46.258991546752455,9.635953144032754,214.0,704763.25,False,False,False,False,0,-0.09532707428263743
2021-12-03,194.6499938964844,196.1499938964844,191.6000061035156,194.1000061035156,312059,196.99628339232947,197.55035421984397,46.73574172495254,9.272669904671043,214.0,705179.0,False,False,False,False,0,-0.09299062568450656
2021-12-06,192.6499938964844,198.5,191.0,192.4499969482422,409683,196.56330373098783,197.35034020919292,45.30732633799233,9.14605062576597,214.0,714147.25,False,False,False,False,0,-0.10070094883998981
2021-12-07,193.1000061035156,194.8999938964844,190.5,191.3000030517578,247999,196.0620369996326,197.11307208537193,44.29127093983048,8.807046573674429,214.0,718716.25,False,False,False,False,0,-0.10607475209458961
2021-12-08,192.6999969482422,195.1499938964844,192.0,192.6999969482422,188911,195.74184270902398,196.94001031528842,45.882390618193874,8.45297116446387,214.0,717864.65,False,False,False,False,0,-0.09953272454092432
2021-12-09,194.3000030517578,196.3000030517578,192.5,193.1000061035156,325794,195.49023922278508,196.78942191482676,46.35385252466715,8.12061629927058,214.0,715712.85,False,False,False,False,0,-0.0976635228807683
2021-12-10,190.8999938964844,197.75,188.1000061035156,194.3000030517578,1043536,195.37688339697297,196.69179764568682,47.82239673102126,8.229857556214425,214.0,676898.05,False,False,False,True,1,-0.09205606050580462
2021-12-13,193.0,196.1999969482422,191.1000061035156,191.75,333393,195.03146593059458,196.49800165958146,45.0031282837104,8.006295648251008,214.0,671852.6,False,False,False,False,0,-0.1039719626168224
2021-12-14,191.6000061035156,193.75,190.1000061035156,190.6999969482422,240506,194.61894507513244,196.27062892580346,43.85662617889973,7.695131237410537,212.75,626388.65,False,False,False,False,0,-0.10364278755232814
2021-12-15,191.5,195.5,190.6000061035156,192.1000061035156,357224,194.37904612545464,196.10707508963534,45.83793584214959,7.495478570201528,212.75,602044.6,False,False,False,False,0,-0.09706225098230037
2021-12-16,193.4499969482422,193.8000030517578,186.1000061035156,187.0,374495,193.6762798277923,195.74993489004183,40.26362450563638,7.510087025775864,212.75,593906.45,False,False,False,False,0,-0.12103407755581663
2021-12-17,187.6499938964844,190.25,185.1000061035156,185.5,320460,192.8975865108597,195.3479766590598,38.77024574865349,7.341508945112188,212.75,584231.45,False,False,False,False,0,-0.12808460634547592
2021-12-20,180.10000610351562,184.0,173.60000610351562,175.8000030517578,1312562,191.26924522904048,194.58138945877346,30.81164076157914,7.667115013067344,212.75,578563.9,False,False,False,True,1,-0.17367801150760132
2021-12-21,177.0,179.39999389648438,172.0,173.89999389648438,481111,189.6150308164161,193.77035433868372,29.53281318320832,7.648034933311418,212.75,628463.7,False,False,False,False,0,-0.18260872434084896
2021-12-22,173.9499969482422,177.5,173.9499969482422,175.75,208729,188.29455169104313,193.06367377638242,32.47171475046936,7.358890016897433,212.75,627918.55,False,False,False,False,0,-0.17391304347826086
2021-12-23,176.89999389648438,179.39999389648438,175.25,178.4499969482422,308891,187.35697504887162,192.490588410573,36.6258896531437,7.129683151153643,212.75,610401.95,False,False,False,False,0,-0.16122210600121178
2021-12-24,182.0,183.8000030517578,167.5,172.3000030517578,473328,185.92297771581315,191.698800749443,31.82363740822099,7.784706001196798,212.75,585109.55,False,False,False,False,0,-0.19012924535013953
2021-12-27,173.0,177.1999969482422,169.25,176.39999389648438,413644,185.01602687587706,191.09884753952306,37.689241040953746,7.796512497414326,209.5,451647.05,False,False,False,False,0,-0.1579952558640364
2021-12-28,176.0,177.0,173.1999969482422,173.64999389648438,369209,183.93354754450633,190.41457876920782,35.48404837932699,7.511047537010289,198.5,425496.2,False,False,False,False,0,-0.12518894762476385
2021-12-29,174.8000030517578,182.3000030517578,174.25,175.5,849656,183.13035254026764,189.8296933272781,38.10761163245908,7.5924019383148,198.5,416363.95,False,False,False,True,1,-0.11586901763224178
2021-12-30,176.85000610351562,176.85000610351562,172.14999389648438,172.75,422208,182.14174753643263,189.15990143209075,35.77849762184077,7.385802671794546,198.5,440846.25,False,False,False,False,0,-0.12972292191435764
2021-12-31,175.5,175.60000610351562,172.6999969482422,173.8000030517578,375421,181.3472956807493,188.55755247599924,37.3529240575894,7.065388849185896,198.5,449669.9,False,False,False,False,0,-0.12443323399618234
2022-01-03,175.4499969482422,179.8000030517578,175.0500030517578,178.3000030517578,495351,181.05707733513108,188.1552956358329,43.72082462397665,6.989289645672619,198.5,452838.0,False,False,False,True,1,-0.10176320880726542
2022-01-04,181.6000061035156,183.1499938964844,178.1999969482422,179.25,549429,180.8849747317853,187.80606835599633,44.99202927141204,6.843625881570448,197.75,457121.4,False,False,False,True,1,-0.09355246523388117
2022-01-05,182.1000061035156,194.6000061035156,180.1499938964844,191.4499969482422,2713569,181.89116732382882,187.94896751647656,58.085487364803285,7.451224468852245,197.75,472192.9,False,False,True,True,2,-0.03185842251204962
2022-01-06,190.0,191.5,187.25,190.5,673024,182.71105615013084,188.0490080060265,56.94875007565569,7.2225655782199425,197.75,598425.8,False,False,True,True,2,-0.036662452591656125
2022-01-07,192.0,194.8500061035156,186.0,187.6499938964844,566581,183.1814311735931,188.0333603938876,53.562187991208525,7.338811330026775,197.75,615787.3,False,False,True,False,1,-0.05107461999249352
2022-01-10,188.8500061035156,189.4499969482422,179.0500030517578,183.9499969482422,442194,183.25462791403586,187.87322849405837,49.450800321466545,7.55746722763089,196.1999969482422,591939.55,False,False,False,False,0,-0.06243629047166377
2022-01-11,183.9499969482422,187.6999969482422,182.1000061035156,183.8500061035156,395405,183.3113305987482,187.71545506697825,49.34057588462969,7.417647485994869,195.5,597379.6,False,False,False,False,0,-0.05959076161884602
2022-01-12,184.75,185.3999938964844,180.5500030517578,182.3000030517578,318569,183.21501368951104,187.5030843997147,47.570470944659974,7.234243440189992,195.5,605124.55,False,False,False,False,0,-0.06751916597566332
2022-01-13,182.5,183.6999969482422,181.75,183.25,193170,183.21834571908144,187.3362967761965,48.78324855064458,6.85679726219372,194.8500061035156,603191.8,False,False,False,False,0,-0.05953300354198088
2022-01-14,183.6000061035156,185.5,182.5,183.8999938964844,197463,183.2832645931198,187.20153980052152,49.641568407319724,6.581311743465598,194.8500061035156,594125.55,False,False,False,False,0,-0.05619713556084727
2022-01-17,186.0,189.9499969482422,183.6999969482422,188.75,517616,183.80390606044173,187.26226372991283,55.618239377759984,6.557646618932341,194.8500061035156,587975.7,False,False,True,False,1,-0.03130616326629687
2022-01-18,189.9499969482422,193.5,187.1999969482422,189.4499969482422,1110851,184.341629002137,187.34805718945518,56.4221204279721,6.539243506991303,194.8500061035156,548228.4,False,False,True,True,2,-0.027713671984206156
2022-01-19,191.0500030517578,194.8000030517578,189.4499969482422,192.6999969482422,726471,185.13766404462322,187.55793717999586,60.04099726770987,6.454297978171612,194.8500061035156,579715.4,False,False,True,True,2,-0.011034175457665607
2022-01-20,192.75,200.4499969482422,192.0,198.6000061035156,1555432,186.41979185975583,187.99095949072213,65.62233266717783,6.596847904605224,194.8500061035156,605602.5,False,True,True,True,2,0.019245572915239206
2022-01-21,198.4499969482422,200.0,186.1499938964844,189.6499938964844,659963,186.7274301489681,188.05601966349715,53.43051483586261,7.114930633098822,200.4499969482422,667929.55,False,False,True,False,1,-0.05387878880610031
2022-01-24,187.8999938964844,189.8000030517578,178.0500030517578,180.6499938964844,650474,186.14862669635062,187.76558728047704,44.481078642438106,7.446007016448906,200.4499969482422,677261.3,False,False,False,False,0,-0.09877776679073891
2022-01-25,179.10000610351562,185.0,176.1999969482422,182.4499969482422,289601,185.79637624414983,187.5571327576443,46.414252982354206,7.542721018970971,200.4499969482422,689102.8,False,False,False,False,0,-0.0897979559692772
2022-01-27,182.4499969482422,187.3000030517578,181.4499969482422,184.8500061035156,279642,185.70624575456563,187.4509709280706,48.96586758255225,7.42181281072416,200.4499969482422,685122.4,False,False,False,False,0,-0.07782484949977142
2022-01-28,185.8500061035156,190.0,183.5,184.4499969482422,226523,185.58660301110626,187.3332856739597,48.55090888686266,7.355969038529578,200.4499969482422,656621.7,False,False,False,False,0,-0.07982040530602419
2022-01-31,188.1000061035156,188.1000061035156,183.3000030517578,184.6499938964844,171840,185.49740214304705,187.22805854543125,48.784604236269004,7.17340003947445,200.4499969482422,646837.45,False,False,False,False,0,-0.07882266546423278
2022-02-01,185.6000061035156,198.8999938964844,185.1000061035156,187.9499969482422,972406,185.73098260068468,187.2563698553454,52.60966059147868,7.678871465226276,200.4499969482422,636658.4,False,False,True,True,2,-0.062359691645331394
2022-02-02,189.3000030517578,191.3500061035156,185.0,185.8999938964844,284619,185.74707891457038,187.20317864127244,50.10612938096504,7.583952510818371,200.4499969482422,660511.15,False,False,True,False,1,-0.07258669629969972
2022-02-03,186.9499969482422,188.75,185.0,185.5,181103,185.7235475893732,187.13638732200687,49.61006183127112,7.310098760045631,200.4499969482422,647270.65,False,False,False,False,0,-0.0745821759832822
2022-02-04,185.4499969482422,188.25,184.4499969482422,185.6999969482422,151882,185.72130467117023,187.0800582877416,49.87726365814676,7.059377638025073,200.4499969482422,520647.35,False,False,False,False,0,-0.07358443614149102
2022-02-07,186.5,189.25,183.75,184.1999969482422,231066,185.57641822136756,186.96711470580044,47.828757516714205,6.947993521023283,200.4499969482422,494590.25,False,False,False,False,0,-0.0810675991389308
2022-02-08,184.8999938964844,188.1999969482422,176.10000610351562,184.3999938964844,289114,185.46437780947394,186.86644330151356,48.13462195898777,7.315993329859232,200.4499969482422,477814.5,False,False,False,False,0,-0.0800698592971395
2022-02-09,192.8999938964844,196.8000030517578,188.0,192.9499969482422,1646400,186.17729391792807,187.10501403275782,59.158353698700786,7.679137317388816,200.4499969482422,470160.5,False,False,True,True,2,-0.037415814987198814
2022-02-10,192.8500061035156,194.0,188.9499969482422,190.4499969482422,366508,186.58421801605323,187.23618983336507,55.4473586635013,7.491342012700888,200.4499969482422,532710.25,False,False,True,False,1,-0.04988775331626516
2022-02-11,182.1499938964844,188.8500061035156,182.0,185.6000061035156,223632,186.4904835481925,187.17202576552785,49.02260772213182,7.559817365239552,200.4499969482422,535107.2,False,False,False,False,0,-0.07408326800105158
2022-02-14,182.0,184.6000061035156,179.0,181.6000061035156,332027,186.0247237915566,186.95351519054697,44.44821435281267,7.491259417973556,200.4499969482422,536630.3,False,False,False,False,0,-0.0940383693275576
2022-02-15,182.3000030517578,188.0,182.0,184.75,514951,185.90332152569408,186.86710283013338,48.52195649610979,7.413311880724331,200.4499969482422,543358.5,False,False,False,False,0,-0.07832375748200215
2022-02-16,186.8999938964844,189.25,183.1999969482422,184.25,332961,185.74586233277083,186.76447134659873,47.921241397492736,7.315932678655295,200.4499969482422,543225.25,False,False,False,False,0,-0.08081814514781538
2022-02-17,185.9499969482422,188.6999969482422,180.10000610351562,182.25,210158,185.41292306298314,186.58743325457525,45.49497571277373,7.407651119088957,200.4499969482422,504330.75,False,False,False,False,0,-0.09079569581106839
2022-02-18,182.8000030517578,191.4499969482422,180.6499938964844,189.8500061035156,1215903,185.83550240017672,186.71537728786703,54.84985297160329,7.649961971422444,200.4499969482422,478515.1,False,False,True,True,2,-0.05288097284163884
2022-02-21,186.3000030517578,187.5500030517578,182.0,182.75,270617,185.54164502873132,186.55987229618597,46.77325263760416,7.664250838000527,200.0,461538.65,False,False,False,False,0,-0.08625000000000005
2022-02-22,179.8000030517578,181.9499969482422,175.8000030517578,177.10000610351562,653345,184.73767941680603,186.1888971513754,41.53226986573262,7.613232703017789,198.8999938964844,442071.35,False,False,False,True,1,-0.1096027574757713
2022-02-23,177.3000030517578,184.0,176.25,178.0500030517578,253623,184.10075785823003,185.86972483374333,42.69496762935347,7.623001795659376,198.8999938964844,442214.9,False,False,False,False,0,-0.10482650319023024
2022-02-24,175.0,178.64999389648438,166.1999969482422,170.8000030517578,477093,182.83401930523266,185.27875535209685,36.69726675807606,7.967787163701005,198.8999938964844,440416.0,False,False,False,True,1,-0.1412769819357107
2022-02-25,174.1999969482422,175.89999389648438,170.8000030517578,174.10000610351562,449507,182.00220852411675,184.84037302862308,40.77548659605914,7.762944569488545,198.8999938964844,450288.55,False,False,False,False,0,-0.12468571419803909
2022-02-28,172.5,172.89999389648438,168.0,170.8000030517578,272485,180.93533181246352,184.2897702844323,38.13003364178241,7.64416325049048,198.8999938964844,461437.75,False,False,False,False,0,-0.1412769819357107
2022-03-02,171.9499969482422,173.10000610351562,168.14999389648438,168.8000030517578,199702,179.77958621620584,183.68232843217058,36.581013854008766,7.451723890243391,198.8999938964844,466470.0,False,False,False,False,0,-0.15133228641722252
2022-03-03,170.6999969482422,173.0,166.5,167.0,258639,178.56248276704338,183.02811947404626,35.19521152773329,7.383743612368864,196.8000030517578,427834.8,False,False,False,False,0,-0.15142277738644394
2022-03-04,167.8000030517578,181.4499969482422,163.5,166.3000030517578,3693911,177.3946275560638,182.37211490846633,34.64554345129703,8.138475993502674,196.8000030517578,426535.8,False,False,False,True,1,-0.15497967239349375
2022-03-07,163.10000610351562,165.5,158.10000610351562,161.89999389648438,461730,175.91894815991336,181.56928663348666,31.333003815053132,8.14287034741264,196.8000030517578,602176.2,False,False,False,False,0,-0.17733744214472824
2022-03-08,161.0,166.0,160.3000030517578,163.0500030517578,282938,174.69333434008902,180.8430402185169,33.13254140913058,7.968379390329036,196.8000030517578,617668.6,False,False,False,False,0,-0.17149389977968577
2022-03-09,164.0,175.0,162.4499969482422,172.35000610351562,465002,174.47016022232012,180.5099800571443,45.5580231930429,8.295638223288234,196.8000030517578,620262.2,False,False,False,False,0,-0.12423778744460645
2022-03-10,173.3000030517578,175.9499969482422,168.0,168.64999389648438,339317,173.91585866747863,180.04488256064784,42.19833850255825,8.270949560784945,196.8000030517578,629056.6,False,False,False,False,0,-0.14303866218879102
2022-03-11,170.85000610351562,174.4499969482422,169.5,173.8000030517578,346085,173.90482479931472,179.79998532500508,47.95179618545081,8.094453381568723,194.0,563702.45,False,False,False,False,0,-0.10412369560949586
2022-03-14,172.4499969482422,177.1999969482422,171.0,174.1999969482422,288585,173.93293643254592,179.58037793768105,48.3815537947737,7.959135064902542,191.4499969482422,562681.3,False,False,False,False,0,-0.09010185570628904
2022-03-15,175.5,176.0,171.0,172.9499969482422,218253,173.8393231483265,179.32036299691876,47.073470561817714,7.74776827455236,191.4499969482422,565928.95,False,False,False,False,0,-0.09663097568500567
2022-03-16,173.5500030517578,174.4499969482422,172.10000610351562,172.64999389648438,135992,173.72605369577013,179.05877989494095,46.74680164506584,7.362212743850518,191.4499969482422,560240.25,False,False,False,False,0,-0.09819798042013195
2022-03-17,175.0,175.89999389648438,173.64999389648438,174.4499969482422,145495,173.79500067219604,178.87804330879592,49.03218903843431,7.068483262146909,191.4499969482422,541292.3,False,False,False,False,0,-0.08879603171054573
2022-03-21,175.89999389648438,176.89999389648438,170.0500030517578,173.60000610351562,180728,173.77642976089314,178.67106145760846,47.984952255311256,7.0528766609026,191.4499969482422,531919.0,False,False,False,False,0,-0.09323578547537004
2022-03-22,174.5,179.39999389648438,170.5500030517578,173.60000610351562,248583,173.75962750780957,178.4721965417617,47.984952255311256,7.181241959747169,191.4499969482422,530447.5,False,False,False,False,0,-0.09323578547537004
2022-03-23,174.3000030517578,179.0,170.5,171.1999969482422,354125,173.51585316880315,178.18701224397662,44.84822416211795,7.2754389626223706,187.5500030517578,482081.5,False,False,False,False,0,-0.08717678399079287
2022-03-24,171.75,175.8000030517578,171.5500030517578,175.0,262031,173.65720048606,178.06203137166383,50.37908011788214,7.084336615543318,184.0,486256.9,False,False,True,False,1,-0.048913043478260865
2022-03-25,175.39999389648438,183.8999938964844,175.1999969482422,180.9499969482422,789682,174.35175253007736,178.17528492368652,57.55640337127143,7.214026421324824,184.0,466691.2,False,False,True,True,2,-0.01657610354216199
2022-03-28,181.9499969482422,201.6999969482422,181.9499969482422,200.0,4584167,176.79444276530808,179.0311561031498,71.6801872394419,8.18088167694448,183.8999938964844,493494.15,False,True,True,True,2,0.0875476163015978
2022-03-29,200.5,201.5500030517578,192.6000061035156,194.6999969482422,1168807,178.49973363987323,179.6456204500162,65.18145438509501,8.235818482037176,201.6999969482422,698847.85,False,False,True,True,2,-0.03470500796188036
2022-03-30,197.1499938964844,202.0500030517578,193.1999969482422,195.1499938964844,403163,180.08547271193143,180.25363509497572,65.46772245412791,8.279689026428494,201.6999969482422,734812.85,False,False,True,False,1,-0.03247398686594216
2022-03-31,194.1999969482422,199.6999969482422,194.1999969482422,197.5,727256,181.7439991203189,180.9299631304669,66.99388501511018,8.081139810255031,202.0500030517578,741346.75,True,False,True,False,1,-0.02251919318502693
2022-04-01,197.5500030517578,201.4499969482422,193.1000061035156,194.1000061035156,670500,182.92076169014717,181.4464354039198,62.677863625336265,8.100343455574428,202.0500030517578,767724.45,True,False,True,False,1,-0.03934668066402214
2022-04-04,195.8000030517578,199.4499969482422,191.8500061035156,192.6999969482422,244688,183.85211742901336,181.88775154291284,60.936991562160415,8.064603983371011,202.0500030517578,788317.5,True,False,True,False,1,-0.04627570384703483
2022-04-05,193.8999938964844,197.3999938964844,192.3000030517578,194.3500061035156,323056,184.85191635039453,182.3764674080345,62.267176827526285,7.852845902039268,202.0500030517578,615856.35,True,False,True,False,1,-0.03810936318704117
2022-04-06,194.25,204.3500061035156,192.8500061035156,198.6000061035156,852664,186.16125823164415,183.01268461177887,65.52370125456386,8.113356909036463,202.0500030517578,608922.65,True,False,True,True,2,-0.017074966078364562
2022-04-07,199.6000061035156,203.3999938964844,188.25,192.6000061035156,12547463,186.77447231467954,183.38865800361168,57.92331827089382,8.615973836711316,204.3500061035156,637408.95,True,False,True,True,2,-0.05749938658699094
2022-04-08,193.6999969482422,197.9499969482422,188.1999969482422,196.6000061035156,1679195,187.71023743742583,183.90675008596085,61.15800349401595,8.69697570551765,204.3500061035156,1241532.0,True,False,True,True,2,-0.03792512732333442
2022-04-11,197.3000030517578,197.3000030517578,191.8999938964844,193.6000061035156,469304,188.27116778657722,184.2868777729238,57.58257908184571,8.46147809478592,204.3500061035156,1308525.9,True,False,True,False,1,-0.052605821771076866
2022-04-12,194.0,194.0,188.5500030517578,190.75,539099,188.50724704499842,184.5403335465346,54.33285812099842,8.246372298604225,204.3500061035156,1314686.85,True,False,True,False,1,-0.06655251136438123
2022-04-13,191.5,193.8000030517578,189.1999969482422,190.0,383860,188.64941399309382,184.75443811333716,53.47754220278332,7.985917570383611,204.3500061035156,1327212.55,True,False,True,False,1,-0.07022268497631678
2022-04-18,188.5,190.5,182.25,182.8000030517578,335438,188.0923272367761,184.67779360111837,45.992314722554234,8.004780601070497,204.3500061035156,1335492.9,True,False,False,False,0,-0.10545633671692389
2022-04-19,184.25,189.5,181.5,183.6000061035156,365455,187.66448712884653,184.6355274247418,46.88196552615873,8.004439129565462,204.3500061035156,1345465.2,True,False,False,False,0,-0.10154146993021806
2022-04-20,184.6000061035156,184.8999938964844,179.1999969482422,182.0,346300,187.1250121641945,184.53217340808527,45.27560525335488,7.839836116613801,204.3500061035156,1356463.2,True,False,False,False,0,-0.10937120350362983
2022-04-21,185.8999938964844,194.6999969482422,184.3500061035156,193.3999938964844,1201043,187.7226294720316,184.879931074297,56.66796918074261,8.186990461730115,204.3500061035156,1364741.8,True,False,True,False,1,-0.053584594470157954
2022-04-22,192.8000030517578,199.0,190.3000030517578,195.6499938964844,1103963,188.47761656007472,185.30228647908865,58.504087990930174,8.223633782195263,204.3500061035156,1412364.8,True,False,True,False,1,-0.04257407363435117
2022-04-25,195.1000061035156,195.1000061035156,189.0,192.4499969482422,396805,188.85593850180496,185.582588850428,54.93858399583092,8.111230933215916,204.3500061035156,1449856.7,True,False,True,False,1,-0.05823346611130187
2022-04-26,193.4499969482422,198.3999938964844,192.25,196.75,546473,189.60775388258543,186.0205265425681,58.59063757637115,7.971142573449379,204.3500061035156,1456595.4,True,False,True,False,1,-0.037191122468896554
2022-04-27,196.75,212.0,193.8000030517578,197.1999969482422,2460481,190.3308246507432,186.45893714671217,58.96544443365323,8.701775028791722,204.3500061035156,1444434.95,True,False,True,True,2,-0.03498903323570979
2022-04-28,197.3000030517578,199.0,192.0,193.0,297855,190.58503182686292,186.71544941546856,54.04827771709816,8.580219669592314,212.0,1338250.65,True,False,True,False,1,-0.089622641509434
2022-04-29,194.0,196.0,190.3999938964844,192.3999938964844,381048,190.75788535730308,186.93837272844956,53.36365033720396,8.367347272015406,212.0,1294703.05,True,False,True,False,1,-0.09245285897884714
2022-05-02,191.0,192.0,186.8500061035156,190.0,235592,190.6857057994647,187.05843654302015,50.60253932770906,8.166107309226364,212.0,1293597.3,True,False,True,False,1,-0.10377358490566035
2022-05-04,190.0500030517578,191.3500061035156,183.8000030517578,184.75,312563,190.12040048522996,186.96790961976447,45.10467808266148,8.122099862264323,212.0,1269014.1,True,False,False,False,0,-0.1285377358490566
2022-05-05,186.6499938964844,192.0,185.0,190.3500061035156,311972,190.14226768697145,187.10054085442138,51.19574077355769,8.059807014959729,212.0,1251117.25,True,False,True,False,1,-0.10212261271926604
2022-05-06,186.8999938964844,187.1999969482422,182.1000061035156,184.1999969482422,232029,189.5763371404258,186.98679403457123,45.25674527471076,8.07339222817689,212.0,1254481.45,True,False,False,False,0,-0.13113208986678215
2022-05-09,182.0,183.0500030517578,178.5500030517578,181.5500030517578,448896,188.81192437007647,186.77358654504914,42.94497177445719,7.900292347341711,212.0,1249930.1,True,False,False,False,0,-0.14363206107661408
2022-05-10,181.9499969482422,182.5,170.5500030517578,172.5,333118,187.25840776340252,186.21383805308642,36.15301359217763,8.189556961691746,212.0,1229741.7,True,False,False,False,0,-0.18632075471698117
2022-05-11,173.25,179.4499969482422,169.25,171.0,471357,185.70998797641178,185.6172169529654,35.16043670313671,8.333159817873922,212.0,619024.45,True,False,False,False,0,-0.19339622641509435
2022-05-12,170.89999389648438,171.10000610351562,162.60000610351562,164.3000030517578,329076,183.6709417931114,184.78124778036903,31.058673480941223,8.34507697374007,212.0,558632.55,False,False,False,False,0,-0.22499998560491596
2022-05-13,165.3000030517578,172.6999969482422,165.0,171.39999389648438,249919,182.50228008867072,184.25649272609905,39.1586380750673,8.34899961107895,212.0,551621.15,False,False,False,False,0,-0.1915094627524322
2022-05-16,174.35000610351562,174.35000610351562,168.0,169.60000610351562,159858,181.27349209008452,183.68172854482125,37.94156900430238,8.206214360538713,212.0,537162.15,False,False,False,False,0,-0.19999997120983193
2022-05-17,171.0500030517578,174.35000610351562,170.10000610351562,173.14999389648438,106947,180.49982559545595,183.2687193429257,41.784547114626335,7.95934190621452,212.0,525962.05,False,False,False,False,0,-0.18325474577130008
2022-05-18,174.0500030517578,177.6999969482422,173.39999389648438,175.85000610351562,198087,180.05698564384258,182.97778941196844,44.59477410578306,7.715817702324754,212.0,514537.5,False,False,False,False,0,-0.17051883913436028
2022-05-19,174.89999389648438,174.89999389648438,168.0,169.8000030517578,183877,179.08013015888213,182.4610134762739,39.94204309165751,7.725402588124102,212.0,506169.1,False,False,False,False,0,-0.1990565893785009
2022-05-20,171.1999969482422,175.6999969482422,171.1999969482422,175.10000610351562,94022,178.70107072503768,182.17234652047946,45.32383873024552,7.595016253006978,212.0,498047.95,False,False,False,False,0,-0.17405657498341687
2022-05-23,174.10000610351562,177.4499969482422,172.0500030517578,174.10000610351562,211691,178.26287409441653,181.85578415118678,44.51333439960684,7.438228941826792,212.0,442696.9,False,False,False,False,0,-0.17877355611549228
2022-05-24,174.0,175.85000610351562,170.3000030517578,171.85000610351562,75292,177.65212476194978,181.46340069833693,42.664644832929405,7.303355663964723,212.0,398083.3,False,False,False,False,0,-0.18938676366266216
2022-05-25,186.0,197.1000061035156,175.1999969482422,179.60000610351562,9210695,177.83763727067034,181.3903264005008,50.31838073830352,8.585258830824383,212.0,382007.65,False,False,True,True,2,-0.15283015988907722
2022-05-26,179.89999389648438,194.0,179.60000610351562,191.1999969482422,2722485,179.11024295424863,181.77501936315736,59.11566342888922,9.000597049800097,212.0,815218.75,False,False,True,True,2,-0.0981132219422538
2022-05-27,187.3500061035156,199.8000030517578,187.3500061035156,198.3999938964844,2058186,180.94736209160442,182.426979148778,63.44266170699499,9.246982756831677,199.0,828318.95,False,False,True,True,2,-0.0030151060478170733
2022-05-30,200.5500030517578,202.8000030517578,191.0,193.1000061035156,1202729,182.1047567594055,182.84552922543438,58.531891976068664,9.429341349326402,199.8000030517578,916335.5,False,False,True,True,2,-0.03353351774727753
2022-05-31,193.1000061035156,202.0,193.1000061035156,199.6499938964844,775844,183.77573172484156,183.50452783998537,62.40491073064001,9.391530816980545,202.8000030517578,957419.55,True,False,True,False,1,-0.01553258928930823
2022-06-01,199.6000061035156,200.0,194.3500061035156,196.1000061035156,509007,184.94947214185814,183.9984681640454,59.17884708399813,9.12427817980225,202.8000030517578,984432.15,True,False,True,False,1,-0.033037459799900804
2022-06-02,194.1000061035156,199.9499969482422,194.1000061035156,197.1000061035156,408528,186.10666585249217,184.51225396559326,59.809135516075884,8.890400513011132,202.8000030517578,994254.35,True,False,True,False,1,-0.028106493404674526
2022-06-03,198.4499969482422,199.6499938964844,189.0,190.4499969482422,258011,186.5203164330398,184.74510663157952,53.854156632989486,9.016085754687793,202.8000030517578,999082.15,True,False,True,False,1,-0.06089746507727467
2022-06-06,191.4499969482422,191.8999938964844,185.1000061035156,188.3500061035156,244025,186.69457259213272,184.8864752383221,52.09035453258463,8.857793043136438,202.8000030517578,1000381.25,True,False,True,False,1,-0.07125244936290431
2022-06-07,185.5500030517578,190.75,184.3500061035156,189.5,124101,186.96175615478674,185.06739777799575,52.998191805606396,8.68223596123272,202.8000030517578,990137.7,True,False,True,False,1,-0.06558186810462441
2022-06-08,190.4499969482422,194.8000030517578,187.6999969482422,193.5500030517578,315761,187.58920824021254,185.4000489652021,56.149589509012024,8.569219542824356,202.8000030517578,979686.85,True,False,True,False,1,-0.04561143915584287
2022-06-09,193.0,197.75,191.8999938964844,195.1499938964844,556247,188.3092830646194,185.782399746821,57.365758755462785,8.37499001144516,202.8000030517578,971907.05,True,False,True,False,1,-0.03772193806782642
2022-06-10,194.9499969482422,195.6999969482422,191.0500030517578,192.6999969482422,188540,188.72744629163108,186.05367806844538,54.85685507228266,8.108918860376532,202.8000030517578,983265.6,True,False,True,False,1,-0.04980279068801563
2022-06-13,193.3000030517578,194.5,182.5,184.1000061035156,402245,188.28673770228676,185.9770634815854,47.07414554726721,8.386853227492495,202.8000030517578,980196.65,True,False,False,False,0,-0.09220905654261591
2022-06-14,184.0,187.25,183.0,184.1999969482422,197449,187.89752429713965,185.90737459792487,47.16799763077811,8.09136371124303,202.8000030517578,992316.0,True,False,False,False,0,-0.09171600504743882
2022-06-15,185.0500030517578,188.0,182.5,184.6499938964844,202577,187.58823568755344,185.85806555080956,47.61818221604447,7.9062663032971,202.8000030517578,996841.1,True,False,False,False,0,-0.08949708521770205
2022-06-16,186.0,186.0,176.4499969482422,177.4499969482422,340496,186.62268914095236,185.5283373703167,41.52173927405704,8.023676071044294,202.8000030517578,997065.6,True,False,False,False,0,-0.12500002821521605
2022-06-17,177.0500030517578,179.89999389648438,173.0,174.85000610351562,252269,185.50148123262505,185.10957928142255,39.55248556828842,7.943413058575729,202.8000030517578,1004896.55,True,False,False,False,0,-0.13782049569845867
2022-06-20,175.0500030517578,176.0500030517578,168.25,169.9499969482422,313563,184.02038749125524,184.51508585659195,36.079547982761774,7.933169486660164,202.8000030517578,1012808.9,False,False,False,False,0,-0.16198227617941297
2022-06-21,170.8000030517578,175.4499969482422,170.35000610351562,174.5500030517578,172823,183.118446116065,184.12429829561805,41.291169038688786,7.759371666184439,202.8000030517578,1017902.5,False,False,False,False,0,-0.1392998006651417
2022-06-22,174.5500030517578,176.8000030517578,171.4499969482422,173.0500030517578,172675,182.1595467766072,183.6900122076235,40.1418311933238,7.587274125993809,202.8000030517578,1022779.05,False,False,False,False,0,-0.14669625025798116
2022-06-23,174.0,176.5,172.8000030517578,175.3000030517578,196037,181.50625689805008,183.3609922407268,42.71749101224281,7.309611470440122,202.8000030517578,570878.05,False,False,False,False,0,-0.135601575868722
2022-06-24,176.85000610351562,178.5,173.5500030517578,177.9499969482422,138223,181.16756547425888,183.14879634690388,45.68202015963142,7.141067575997412,202.8000030517578,444555.65,False,False,False,False,0,-0.12253454501760286
2022-06-27,178.85000610351562,179.5,175.0,176.89999389648438,186652,180.76113008589942,182.90374527041683,44.695006710087085,6.952419891997597,202.8000030517578,348557.5,False,False,False,False,0,-0.12771207478070568
2022-06-28,176.75,179.6999969482422,175.3000030517578,178.5,124051,180.5457843634328,182.73104937745933,46.588771754778946,6.770103749460938,202.0,297753.65,False,False,False,False,0,-0.11633663366336633
2022-06-29,179.5,179.5,175.14999389648438,175.60000610351562,99211,180.07475786248833,182.4514006216184,43.669968898574716,6.597239631893416,200.0,265164.0,False,False,False,False,0,-0.12199996948242187
2022-06-30,175.89999389648438,178.8000030517578,173.0,178.0,252816,179.87716187558468,182.27683589135884,46.64892701099849,6.54029416188373,199.9499969482422,244674.2,False,False,False,True,1,-0.10977743077397506
2022-07-01,179.5500030517578,179.5500030517578,174.3000030517578,175.64999389648438,92393,179.4745744490037,182.0169597346971,44.18491959313423,6.4481302931777496,199.6499938964844,236888.6,False,False,False,False,0,-0.12021037181921312
2022-07-04,176.0,180.0,175.0500030517578,178.60000610351562,84960,179.39128222562388,181.88296155308217,47.90486867592502,6.341120768539495,197.75,228607.7,False,False,False,False,0,-0.09683941287729136
2022-07-05,178.89999389648438,181.6499938964844,178.14999389648438,180.6499938964844,146870,179.5111595276106,181.8346098802744,50.37976170067305,6.138183570786676,197.75,220654.45,False,False,True,False,1,-0.08647285008098915
2022-07-06,181.9499969482422,185.3999938964844,179.5500030517578,184.1999969482422,119385,179.95771547243265,181.92737015744962,54.41819528944667,6.117598376068099,197.75,221792.9,False,False,True,False,1,-0.06852087510370575
2022-07-07,185.3000030517578,185.3000030517578,181.6499938964844,183.1499938964844,124357,180.261741989009,181.97531618643137,53.04311011877396,5.941342003154193,197.75,211974.1,False,False,True,False,1,-0.07383062504938354
2022-07-08,184.8000030517578,188.6999969482422,183.5500030517578,185.6499938964844,157853,180.77490883733998,182.11942119466875,55.900399638479,5.913389220911593,195.6999969482422,190379.6,False,False,True,False,1,-0.05135412983381782
2022-07-11,185.8000030517578,193.3500061035156,185.75,191.6999969482422,267782,181.81539341933066,182.49513004775005,61.936589493222435,6.041005148491564,194.5,188845.25,False,False,True,True,2,-0.014395902579731668
2022-07-12,190.0,195.0,189.3000030517578,193.5,244858,182.9282130936801,182.92669357528928,63.535770452159426,6.016647419902323,193.3500061035156,182122.1,True,True,True,True,2,0.0007757635983942635
2022-07-13,193.1000061035156,199.0,190.6999969482422,194.75,292453,184.05409756094866,183.39035265076814,64.6465879230023,6.1797442507491445,195.0,184492.55,True,False,True,True,2,-0.0012820512820512775
2022-07-14,193.3999938964844,200.0,193.3999938964844,198.8500061035156,619138,185.4632317078598,183.99661357048373,68.08122639241017,6.209762954518177,199.0,188986.35,True,False,True,True,2,-0.0007537381732884985
2022-07-15,200.0,216.0,199.3000030517578,213.4499969482422,3246638,188.12863792122957,185.1516482127488,76.74517014922542,6.991208021801478,200.0,202918.45,True,True,True,True,2,0.06724998474121091
2022-07-18,217.0,220.0,215.3000030517578,218.0,1566916,190.97352954777912,186.4398188710724,78.68678129860352,6.959693381084074,216.0,352636.9,True,True,True,True,2,0.0092592592592593
2022-07-19,216.9499969482422,227.6999969482422,215.3999938964844,223.6499938964844,1801660,194.08557377146533,187.89904142108855,80.82745214945002,7.341144071846482,220.0,415304.55,True,True,True,True,2,0.016590881347656294
2022-07-20,224.8999938964844,225.25,216.1999969482422,222.3500061035156,875420,196.77742446975583,189.25005964392886,78.8647263390443,7.463205427554435,227.6999969482422,496746.4,True,False,True,True,2,-0.023495787950944425
2022-07-21,222.3500061035156,232.9499969482422,222.3500061035156,225.8000030517578,1200492,199.54147957280364,190.68339075796138,80.23634128924229,7.6872615287810175,227.6999969482422,531883.65,True,False,True,True,2,-0.008344285998898138
2022-07-22,227.0,228.8000030517578,219.0,221.25,539640,201.60895770872708,191.88208131647272,73.46488901432016,7.8381716375650745,232.9499969482422,582106.4,True,False,True,False,1,-0.05022535780861903
2022-07-25,220.8999938964844,225.8999938964844,218.0500030517578,220.0,374115,203.36048554599117,192.98474479425812,71.67526008753003,7.83901586664804,232.9499969482422,602177.25,True,False,True,False,1,-0.05559131623907887
2022-07-26,220.9499969482422,237.4499969482422,218.4499969482422,229.4499969482422,2101379,205.84520091763412,194.41475468264966,76.36316529002221,8.636229019030324,232.9499969482422,611550.4,True,False,True,True,2,-0.015024683605287414
2022-07-27,227.8000030517578,230.5500030517578,226.0,226.8500061035156,453221,207.84565855438476,195.6867253266052,72.79347783445687,8.344355735653718,237.4499969482422,710416.8,True,False,True,False,1,-0.04464093906489752
2022-07-28,228.0,229.4499969482422,219.5,223.3500061035156,385046,209.3222630828734,196.7715598668762,68.17347131292092,8.459044393695752,237.4499969482422,728117.3,True,False,True,False,1,-0.059380884505970344
2022-07-29,223.8000030517578,232.5,223.8000030517578,229.3000030517578,1045980,211.22490498467192,198.04718508981273,71.48656038194696,8.508397929609227,237.4499969482422,734728.8,True,False,True,True,2,-0.03432299010835893
2022-08-01,230.0,242.0,230.0,237.1499938964844,981631,213.6939610715112,199.58062857242732,75.160439310039,8.807797859511581,237.4499969482422,782408.15,True,False,True,True,2,-0.0012634367471614505
2022-08-02,237.1499938964844,244.3000030517578,237.0500030517578,238.0500030517578,707020,216.01358411724897,201.08923149318537,75.54941895419694,8.696526583832181,242.0,827241.7,True,False,True,False,1,-0.01632230143901725
2022-08-03,238.0500030517578,239.5500030517578,232.0,237.0,331772,218.01229039179668,202.49749692482516,74.09167682519512,8.61463204582687,244.3000030517578,855249.2,True,False,True,False,1,-0.02988130561018132
2022-08-04,237.1499938964844,241.0,230.8500061035156,234.5,382145,219.58254844972083,203.75249704542026,70.59881719811085,8.724300749445264,244.3000030517578,865868.55,True,False,True,False,1,-0.040114625171255414
2022-08-05,228.0500030517578,240.5,228.0500030517578,238.1499938964844,581410,221.35087658750786,205.10141849056,72.62771240390477,8.990421906502188,244.3000030517578,878757.95,True,False,True,False,1,-0.025174003595777483
2022-08-08,241.8000030517578,242.3999938964844,234.5500030517578,238.1499938964844,382738,222.9507925216961,206.3974410554982,72.62771240390475,8.908962544946789,244.3000030517578,899935.8,True,False,True,False,1,-0.025174003595777483
2022-08-10,235.25,237.1499938964844,220.5,222.8000030517578,614768,222.93643161979722,207.04067878084172,54.33872669990464,9.533321927199475,244.3000030517578,905683.6,True,False,True,False,1,-0.08800654822523668
2022-08-11,227.9499969482422,240.6000061035156,224.6499938964844,236.6000061035156,987187,224.2377244277704,208.19986808761323,63.289048352080876,10.123799150382213,244.3000030517578,924179.1,True,False,True,True,2,-0.031518611756263026
2022-08-12,226.0,226.0,212.1999969482422,216.1499938964844,1822936,223.46746437717172,208.5116377271768,48.208600963865244,11.14352843644587,244.3000030517578,958915.8,True,False,False,True,1,-0.11522721573322903
2022-08-16,217.0,218.1499938964844,202.0,203.4499969482422,1084636,221.56103890774986,208.31314201035585,41.58206654761736,11.501133112162908,244.3000030517578,1019105.7,True,False,False,True,1,-0.16721246661164013
2022-08-17,206.5,210.3999938964844,200.6000061035156,207.8000030517578,982638,220.25046406432205,208.29301891394024,44.401092787968615,11.379622732220472,244.3000030517578,911005.6,True,False,False,True,1,-0.14940646559168091
2022-08-18,208.0,214.5500030517578,206.8000030517578,208.1999969482422,868081,219.1028005294573,208.2893709937168,44.6655144234988,11.120363965633295,244.3000030517578,881791.7,True,False,False,False,0,-0.14776915944559943
2022-08-19,209.0,213.1999969482422,208.0500030517578,208.6999969482422,795533,218.11205733124635,208.30547397232564,45.01752550550755,10.693908960694086,244.3000030517578,835112.75,True,False,False,False,0,-0.14572249553338457
2022-08-22,209.3999938964844,213.8999938964844,204.25,209.75,488998,217.3156709187467,208.36212205184228,45.79733114335392,10.619343598964823,244.3000030517578,831118.4,True,False,False,False,0,-0.14142448882588832
2022-08-23,209.8500061035156,213.5500030517578,208.3999938964844,209.4499969482422,347814,216.566559112032,208.40478381248542,45.59834129147171,10.228676852986865,244.3000030517578,795543.7,True,False,False,False,0,-0.14265249966506244
2022-08-24,209.4499969482422,210.9499969482422,207.0500030517578,207.9499969482422,259895,215.745934144052,208.3869490334955,44.555912563264336,9.776628070379545,244.3000030517578,785952.4,True,False,False,False,0,-0.1487924914017068
2022-08-25,211.0500030517578,218.6000061035156,210.8000030517578,215.3999938964844,949431,215.71298745380747,208.66197040067155,50.59681466205761,9.83901243358625,244.3000030517578,780241.4,True,False,True,True,2,-0.11829721160155127
2022-08-26,216.6000061035156,218.8000030517578,213.3500061035156,215.5500030517578,289780,215.69746512980274,208.93208932816515,50.71326024058717,9.525511327490248,244.3000030517578,722644.0,True,False,True,False,1,-0.11768317495235137
2022-08-29,213.8500061035156,228.8999938964844,209.6499938964844,225.3000030517578,1853939,216.61199255094132,209.5739682977178,57.693173621282426,10.220117661240945,244.3000030517578,714471.95,True,False,True,True,2,-0.0777732286641627
2022-08-30,227.25,228.6499938964844,220.1000061035156,221.0,573769,217.02989802228024,210.0220479723171,54.0571874767462,10.100822670650079,244.3000030517578,787916.6,True,False,True,False,1,-0.09537455080105517
2022-09-01,222.75,226.8000030517578,218.8999938964844,220.9499969482422,326665,217.40324077713376,210.45059499098082,54.01455691668075,9.94362170526603,244.3000030517578,764306.05,True,False,True,False,1,-0.0955792296841218
2022-09-02,222.0,233.3999938964844,216.5,231.0500030517578,1317099,218.70293242233606,211.25841491493287,60.74802643737122,10.4405054332102,244.3000030517578,731557.75,True,False,True,True,2,-0.05423659367369238
2022-09-05,232.8999938964844,243.0,232.25,240.9499969482422,2042021,220.82170047242238,212.422790680945,66.00285911749992,10.548326255712485,242.3999938964844,762061.7,True,False,True,True,2,-0.005981835745678343
2022-09-06,241.1000061035156,261.0,241.1000061035156,250.1000061035156,5003933,223.61011053252648,213.90032854065367,70.0003287657585,11.227017455430008,243.0,847574.15,True,True,True,True,2,0.029218132113232986
2022-09-07,249.25,253.8000030517578,247.0,250.5,1059890,226.17105238657157,215.33560977435351,70.16547868791017,10.910802140881994,261.0,1078663.55,True,False,True,False,1,-0.04022988505747127
2022-09-08,253.8999938964844,265.79998779296875,253.8500061035156,255.6000061035156,2190007,228.9738098834234,216.91460570883046,72.26217843491747,11.224315401745333,261.0,1102587.55,True,False,True,True,2,-0.020689631787296547
2022-09-09,257.8999938964844,257.95001220703125,244.1000061035156,245.6000061035156,549554,230.5572571424798,218.03952337136715,62.924275034837734,11.41186473758607,265.79998779296875,1192951.0,True,False,True,False,1,-0.07599692481997744
2022-09-12,247.3000030517578,253.8500061035156,245.6000061035156,246.5,499523,232.07561360510078,219.15562049405864,63.38288834918879,11.186017256329922,265.79998779296875,1189690.3,True,False,True,False,1,-0.07261094311261396
2022-09-13,248.3000030517578,253.5,248.25,251.8500061035156,574470,233.95888908114028,220.43775326305695,66.06973944356439,10.887016023734928,265.79998779296875,1165307.1,True,False,True,False,1,-0.05248300349930335
2022-09-14,242.1000061035156,250.9499969482422,242.1000061035156,244.8000030517578,409534,234.99137612596098,221.39313560771188,59.83868863630712,10.805800593468147,265.79998779296875,1102883.8,True,False,True,False,1,-0.07900671823043048
2022-09-15,247.3000030517578,255.5,245.0,247.6999969482422,888825,236.20172096617824,222.42477722890916,61.44927390652619,10.798243190237722,265.79998779296875,1069128.7,True,False,True,False,1,-0.06809628170045146
2022-09-16,247.0,253.0,244.1999969482422,247.6999969482422,414224,237.29679486923197,223.41596231594184,61.44927390652619,10.655511751774872,265.79998779296875,1064438.05,True,False,True,False,1,-0.06809628170045146
2022-09-19,247.6999969482422,257.6499938964844,244.0,249.8000030517578,1145081,238.4875766009011,224.4506305800915,62.70534793930627,10.869403333539838,265.79998779296875,1041745.2,True,False,True,True,2,-0.06019558117389123
2022-09-20,252.0,263.1499938964844,250.0,251.8999938964844,1328664,239.76494967667094,225.52707620034224,63.969598920690295,11.046588155767461,265.79998779296875,1059222.6,True,False,True,True,2,-0.05229493805436525
2022-09-21,251.8500061035156,255.0,248.4499969482422,253.75,620289,241.0968592312737,226.633857525819,65.09226062314373,10.725403505481058,265.79998779296875,1101205.9,True,False,True,False,1,-0.04533479438063204
2022-09-22,253.6499938964844,258.8500061035156,247.25,247.9499969482422,473067,241.74953901384214,227.46978456199247,58.89631395942732,10.787875119626383,265.79998779296875,1114829.65,True,False,True,False,1,-0.06715572484762455
2022-09-23,250.8999938964844,253.0,237.0,239.3000030517578,642063,241.516249874596,227.93371469884602,51.08624981086269,11.160169753938785,265.79998779296875,1125488.25,True,False,True,False,1,-0.09969896899262365
2022-09-26,238.3000030517578,238.3500061035156,227.25,230.6000061035156,448332,240.4766076106836,228.03827514608798,44.67014008035985,11.223729275211573,265.79998779296875,1110119.85,True,False,False,False,0,-0.1324303359895952
2022-09-27,231.5,254.8000030517578,231.5,250.6499938964844,3170998,241.44550154266463,228.92500921473098,57.81845133003761,12.150605537570904,265.79998779296875,1118047.45,True,False,True,True,2,-0.05699772231850009
2022-09-28,244.0,257.79998779296875,244.0,255.0,1655290,242.73640615764896,229.94755787297683,60.037290232251024,12.268418555813609,265.79998779296875,1183900.4,True,False,True,True,2,-0.0406320101164972
2022-09-29,256.0,262.3999938964844,251.6000061035156,254.8999938964844,1168128,243.89484308515708,230.92608477585947,59.95920292886744,12.163530644181835,265.79998779296875,1237976.45,True,False,True,False,1,-0.041008255820441764
2022-09-30,252.5,259.25,250.1000061035156,252.3999938964844,599769,244.70485744814061,231.76819885902123,57.9307421218428,11.948278019346304,265.79998779296875,1280049.6,True,False,True,False,1,-0.050413824348711334
2022-10-03,252.3000030517578,255.0,240.0500030517578,242.1000061035156,645524,244.45677636770012,232.17336777057002,50.370004844770065,12.162686514267438,265.79998779296875,1244183.1,True,False,True,False,1,-0.08916472075955484
2022-10-04,247.0,250.4499969482422,244.8000030517578,248.25,399654,244.81803576125247,232.80382393643004,54.212592373476056,11.890351109300235,265.79998779296875,1174358.25,True,False,True,False,1,-0.0660270451428252
2022-10-06,250.0500030517578,254.0,247.0,248.3500061035156,432409,245.15441388908707,233.41347813906086,54.2745897983968,11.54104031577879,265.79998779296875,944144.3,True,False,True,False,1,-0.06565079943888075
2022-10-07,248.0,253.5,246.3500061035156,249.5500030517578,269027,245.57304142838905,234.046283037598,55.06089354898042,11.227394142972049,265.79998779296875,912770.25,True,False,True,False,1,-0.061136138026718134
2022-10-10,247.0,258.0,246.3500061035156,255.0500030517578,937929,246.47560920204322,234.86995833227093,58.57684703410924,11.257579839651502,263.1499938964844,816721.25,True,False,True,True,2,-0.030780889350553675
2022-10-11,256.79998779296875,265.70001220703125,244.6000061035156,248.3000030517578,2212151,246.64936099725412,235.39662675264296,53.08731624244744,11.96061028707037,263.1499938964844,836140.0,True,False,True,True,2,-0.05643165946858475
2022-10-12,251.0,252.0,235.25,237.1499938964844,1000213,245.7446593686094,235.4653862484799,45.50166821337302,12.30270955227963,265.70001220703125,921771.4,True,False,False,True,1,-0.10745207752681962
2022-10-13,237.1999969482422,241.5,232.0,237.75,507272,244.98326323826564,235.55497894461791,45.949246283178915,12.102516012831085,265.70001220703125,943058.55,True,False,False,False,0,-0.10519386873513892
2022-10-14,241.75,245.75,239.5,241.8500061035156,525213,244.68485779686085,235.80184275477077,49.02971077303605,11.809479154771722,265.70001220703125,947945.45,True,False,False,False,0,-0.0897629093254686
2022-10-17,241.1499938964844,247.9499969482422,239.1000061035156,242.6499938964844,444469,244.49106123492024,236.07039770150465,49.63288814536444,11.598087132625642,265.70001220703125,929764.85,True,False,False,False,0,-0.08675204084140753
2022-10-18,248.6999969482422,251.6999969482422,248.0,249.9499969482422,1233246,245.01095987428423,236.61469571118062,54.880011652325315,11.416081126849367,265.70001220703125,931277.1,True,False,True,True,2,-0.05927743520958806
2022-10-19,249.9499969482422,251.8000030517578,246.0500030517578,246.8000030517578,307860,245.18134493880552,237.01411952845817,52.34588598735337,11.011361046360127,265.70001220703125,935685.35,True,False,True,False,1,-0.07113288779432458
2022-10-20,246.0,253.8999938964844,244.6000061035156,249.8500061035156,540741,245.62597933544458,237.5174876294408,54.53499043915444,10.88912009968932,265.70001220703125,884645.15,True,False,True,False,1,-0.05965376505577824
2022-10-21,250.6000061035156,252.0,243.0500030517578,245.1999969482422,246254,245.58540958428244,237.81876250468792,50.71026567399642,10.750611303157383,265.70001220703125,880667.75,True,False,True,False,1,-0.07715473961971675
2022-10-24,248.3999938964844,252.3000030517578,246.0500030517578,247.1499938964844,133437,245.73441761401597,238.18469314750348,52.223492909561756,10.489853788897257,265.70001220703125,869327.1,True,False,True,False,1,-0.06981564718970668
2022-10-25,248.3999938964844,250.6999969482422,241.1000061035156,243.8500061035156,381175,245.5549498511112,238.40686228303335,49.4563425823695,10.426292150027924,265.70001220703125,843895.8,True,False,False,False,0,-0.08223562325804601
2022-10-27,247.1000061035156,248.0,243.8500061035156,245.6000061035156,241648,245.55924092276877,238.68894635442481,50.940899381060305,9.977985131917674,265.70001220703125,840537.95,True,False,True,False,1,-0.07564924794905126
2022-10-28,244.5,249.0,243.0,243.9499969482422,325277,245.40597959186147,238.89526206398628,49.46564531252491,9.693843336780697,265.70001220703125,694070.45,True,False,False,False,0,-0.08185929341185594
2022-10-31,245.25,248.5,244.0,247.3000030517578,246541,245.58636277851826,239.22485974978127,52.47495365741135,9.326426173564778,265.70001220703125,627569.8,True,False,True,False,1,-0.06925106627746902
2022-11-01,248.0,254.9499969482422,247.25,249.6499938964844,550896,245.97337526594362,239.63368853984807,54.520912815339855,9.210252657470308,265.70001220703125,581490.45,True,False,True,False,1,-0.06040653960542841
2022-11-02,249.6499938964844,267.6000061035156,249.6499938964844,265.54998779296875,1757191,247.83781455423173,240.65001400075477,65.38044968141337,9.834521196724658,265.70001220703125,579046.8,True,False,True,True,2,-0.0005646383408729472
2022-11-03,267.0,272.5,261.1000061035156,269.54998779296875,1734276,249.90564057696858,241.7833463063318,67.4839612926097,9.946340675278924,267.6000061035156,634630.15,True,True,True,True,2,0.007286926924429116
2022-11-04,272.5,275.6000061035156,264.1499938964844,268.25,756510,251.65272242678108,242.8212542943188,66.07872577797264,10.053745784689804,272.5,701361.25,True,False,True,True,2,-0.015596330275229331
2022-11-07,269.5,270.0,261.8500061035156,264.5,365773,252.87627267184956,243.67140118473768,62.06392096924218,9.917763506960844,275.6000061035156,717566.3,True,False,True,False,1,-0.04027578322819936
2022-11-09,264.0,268.3500061035156,263.25,267.25,375447,254.24519908405438,244.59605211866952,63.80086978515993,9.57363797814333,275.6000061035156,722403.6,True,False,True,False,1,-0.030297554131328175
2022-11-10,267.75,267.8999938964844,260.29998779296875,265.5,552082,255.317084885573,245.41581478068247,61.85983475466182,9.43266427281278,275.6000061035156,694279.5,True,False,True,False,1,-0.036647336283882614
2022-11-11,256.8999938964844,259.0,243.9499969482422,245.3500061035156,1407732,254.3678392872818,245.41323404824456,44.915498773455106,10.298188471308853,275.6000061035156,611276.05,True,False,False,True,1,-0.10976052006558412
2022-11-14,243.1000061035156,244.0,232.25,234.0,955909,252.42804506944543,244.96565624243107,38.51578675198044,10.498318302180763,275.6000061035156,631652.0,True,False,False,True,1,-0.15094341502986264
2022-11-15,222.9499969482422,229.0,213.3500061035156,219.6499938964844,2929932,249.3063259101158,243.972885170041,32.257739844117594,11.223437987488166,275.6000061035156,654083.85,True,False,False,True,1,-0.2030116508270916
2022-11-16,220.8000030517578,230.0,219.1999969482422,228.3999938964844,1344902,247.31524667072233,243.36218355147014,38.78863559317457,11.193192634935999,275.6000061035156,774319.8,True,False,False,True,1,-0.1712627400643193
2022-11-17,228.3999938964844,228.3999938964844,221.0,221.8500061035156,389798,244.8899856643217,242.51856874958958,35.99140069099502,10.922249867903743,275.6000061035156,819341.45,True,False,False,False,0,-0.19502902325702953
2022-11-18,222.8000030517578,226.3500061035156,219.3000030517578,221.6999969482422,558101,242.68141531040936,241.7021541691446,35.927498848937276,10.645660809607602,275.6000061035156,777169.05,True,False,False,False,0,-0.19557332351810086
2022-11-21,221.6499938964844,226.8999938964844,219.8999938964844,223.0,427753,240.80699480465609,240.96873635858992,36.97188294916436,10.385256466064202,275.6000061035156,789681.1,False,False,False,False,0,-0.1908563314173477
2022-11-22,223.0,225.8000030517578,220.3000030517578,221.8000030517578,247004,238.99680511390386,240.21702132694946,36.3823610983259,10.036309575631044,275.6000061035156,784031.7,False,False,False,False,0,-0.19521045667738657
2022-11-23,221.8000030517578,229.0,221.8000030517578,228.25,391133,237.97329986496064,239.74772637295143,41.75798391351763,9.833715816531841,275.6000061035156,784069.2,False,False,False,False,0,-0.17180698495968438
2022-11-24,228.25,234.8999938964844,227.3000030517578,231.1499938964844,378672,237.32346120129623,239.41056039348214,44.04724322231461,9.674164032831467,275.6000061035156,796954.0,False,False,False,False,0,-0.1612845109674481
2022-11-25,232.3500061035156,234.25,231.4499969482422,232.0500030517578,221646,236.82122709181638,239.12191108596355,44.77275834353387,9.204581323594619,275.6000061035156,796828.85,False,False,False,False,0,-0.1580188754981391
2022-11-28,232.0500030517578,234.6000061035156,228.6499938964844,232.1499938964844,253293,236.37634773988,238.8485025687291,44.85830500876198,8.972112100982947,275.6000061035156,795828.75,False,False,False,False,0,-0.15765606402313126
2022-11-29,232.0,235.8000030517578,231.1000061035156,233.3500061035156,347199,236.08812472689291,238.63287525636778,45.940564365477854,8.666961018644324,275.6000061035156,792229.55,False,False,False,False,0,-0.15330188339738604
2022-11-30,233.5,237.75,233.3000030517578,236.6000061035156,260545,236.1368753341903,238.5531548974324,48.86761138529201,8.365749299329886,275.6000061035156,797262.45,False,False,False,False,0,-0.14150943082835632
2022-12-01,237.25,238.0500030517578,231.6999969482422,232.1999969482422,277818,235.76193453552858,238.30401144844456,45.29211994421069,8.22176764248601,275.6000061035156,782744.9,False,False,False,False,0,-0.15747463060277422
2022-12-02,232.3999938964844,236.0,232.0,233.5,213162,235.54651219881157,238.1156188426232,46.53676450120023,7.9202128108798675,275.6000061035156,708776.25,False,False,False,False,0,-0.15275763850202106
2022-12-05,233.4499969482422,235.1499938964844,230.4499969482422,231.3000030517578,139392,235.14208275623503,237.848339792001,44.684042313759946,7.6901973921200355,275.6000061035156,632720.55,False,False,False,False,0,-0.16074021070637667
2022-12-06,232.0,232.8000030517578,225.5500030517578,227.25,346689,234.3904558270698,237.43271862368724,41.415214898099876,7.6587547212543186,270.0,601864.65,False,False,False,False,0,-0.15833333333333333
2022-12-07,228.3500061035156,235.3500061035156,227.3999938964844,232.8999938964844,386314,234.24850707177592,237.25496471281656,47.21638956570139,7.690272677130124,268.3500061035156,600910.45,False,False,False,False,0,-0.13210363853450569
2022-12-08,233.0,235.25,227.0500030517578,228.6000061035156,514335,233.71055459860827,236.91555457127535,43.67202521264001,7.726681553638128,267.8999938964844,601453.8,False,False,False,False,0,-0.14669648633196375
2022-12-09,229.6000061035156,230.25,224.1000061035156,226.8000030517578,223053,233.05240683224156,236.51886627639232,42.24251884807972,7.614061006698576,259.0,599566.45,False,False,False,False,0,-0.12432431254147558
2022-12-12,227.3500061035156,230.5,225.6499938964844,227.75,188198,232.5474157053614,236.1749891675142,43.29743780580624,7.416628513614078,244.0,540332.5,False,False,False,False,0,-0.06659836065573765
2022-12-13,228.8000030517578,229.9499969482422,226.1000061035156,228.0500030517578,185421,232.1190906907325,235.85636226101394,43.647473545424106,7.161868680122114,238.0500030517578,501946.95,False,False,False,False,0,-0.04200798097795344
2022-12-14,227.8500061035156,230.25,225.8000030517578,228.1000061035156,282271,231.73632073004518,235.55219143130813,43.709846692715296,6.968163556416405,238.0500030517578,364721.4,False,False,False,False,0,-0.04179792825324535
2022-12-15,228.8000030517578,231.0,225.1499938964844,226.6499938964844,99710,231.25190865065844,235.2030856456288,42.24946847121259,6.88829516692349,238.0500030517578,311589.85,False,False,False,False,0,-0.04788913677432205
2022-12-16,226.0500030517578,229.25,219.0500030517578,222.1499938964844,205079,230.38505962645138,234.69119969468196,38.00562390139086,7.12484529416054,238.0500030517578,297085.45,False,False,False,False,0,-0.06679272821440108
2022-12-19,223.3000030517578,225.75,220.0,221.5500030517578,232035,229.54362566695676,234.1758586498614,37.46526314566385,7.0266420588633585,238.0500030517578,279434.35,False,False,False,False,0,-0.06931316861362313
2022-12-20,221.8999938964844,229.75,221.8999938964844,228.6000061035156,319933,229.4537571371052,233.95719776569098,47.000603944786725,7.110453122390418,238.0500030517578,269648.45,False,False,False,True,1,-0.03969752920434766
2022-12-21,228.8000030517578,237.6999969482422,227.8500061035156,235.3999938964844,581726,230.02006539990322,234.01377800611425,54.24722921975169,7.306134388271574,238.0500030517578,273294.9,False,False,True,True,2,-0.011132153418612734
2022-12-22,238.6999969482422,249.5,236.3500061035156,241.1999969482422,1983123,231.08482078545933,234.29559051364868,59.35234036174836,7.791410939360433,238.0500030517578,282824.55,False,True,True,True,2,0.013232488368418505
2022-12-23,236.3999938964844,243.0,223.0,225.3999938964844,517299,230.54340870079506,233.94674358748537,44.71519051201377,8.663453015120401,249.5,363047.1,False,False,False,True,1,-0.0965932108357338
2022-12-26,234.8000030517578,237.0,226.1999969482422,232.75,437971,230.7535602531003,233.89981246640752,50.794416261145855,8.87320680714863,249.5,377829.75,False,False,True,True,2,-0.06713426853707416
2022-12-27,233.3000030517578,235.75,228.1000061035156,230.0,201385,230.68179260994788,233.74687864419548,48.63935348846319,8.785834456386901,249.5,387063.65,False,False,False,False,0,-0.07815631262525047
2022-12-28,230.0,232.4499969482422,228.1999969482422,229.6999969482422,124513,230.588288261214,233.5881774012169,48.39811308662108,8.461846280930695,249.5,379772.95,False,False,False,False,0,-0.07935872966636393
2022-12-29,229.4499969482422,234.9499969482422,228.5500030517578,231.8999938964844,214178,230.71321260743022,233.52197412652154,50.343126974168925,8.314571110613102,249.5,372971.35,False,False,True,False,1,-0.07054110662731705
2022-12-30,233.1999969482422,234.6999969482422,230.0,231.1000061035156,98411,230.75005008324788,233.42699498836444,49.61084272425993,8.056387241872322,249.5,369789.35,False,False,False,False,0,-0.0737474705269916
2023-01-02,232.3000030517578,232.9499969482422,229.0,229.8000030517578,117410,230.65956941358218,233.2847600104583,48.37931300154864,7.7630736494701695,249.5,364051.8,False,False,False,False,0,-0.07895790360016908
2023-01-03,230.1999969482422,236.25,228.5500030517578,233.5,233630,230.93008661228865,233.29320079436192,52.02925867963742,7.758568170811028,249.5,362952.7,False,False,True,False,1,-0.064128256513026
2023-01-04,233.5,234.5,229.75,230.4499969482422,95344,230.88436378714135,233.18170260431802,48.95631278904239,7.543670444324526,249.5,357299.75,False,False,False,False,0,-0.07635271764231588
2023-01-05,231.25,231.9499969482422,228.6000061035156,230.25,82666,230.823948188366,233.06673387473694,48.75297589583453,7.2441219014961025,249.5,342751.25,False,False,False,False,0,-0.07715430861723449
2023-01-06,227.6499938964844,229.8999938964844,225.0,227.6000061035156,279252,230.51690608504688,232.85235239351258,46.02519603910049,7.101684622817809,249.5,321167.8,False,False,False,False,0,-0.08777552663921606
2023-01-09,228.5500030517578,229.3500061035156,224.5,225.5,199679,230.03910550551862,232.56402484866896,43.92767294283286,6.940850442867652,249.5,323977.75,False,False,False,False,0,-0.09619238476953906
2023-01-10,225.8000030517578,227.3999938964844,223.5,226.6000061035156,111871,229.7115722291374,232.33014176062375,45.33305729025392,6.723646403840277,249.5,324551.8,False,False,False,False,0,-0.0917835426712802
2023-01-11,226.8999938964844,230.0,224.1000061035156,225.1499938964844,133073,229.27713619745617,232.04856733457908,43.77551778565237,6.664814081886287,249.5,320874.3,False,False,False,False,0,-0.09759521484374989
2023-01-12,226.1499938964844,226.8500061035156,222.6499938964844,224.1000061035156,115177,228.78407618850946,231.73685905100797,42.63324526504032,6.488756805110923,249.5,313414.4,False,False,False,False,0,-0.10180358275144052
2023-01-13,224.8500061035156,226.1499938964844,220.75,221.9499969482422,144886,228.1332114989602,231.353060537174,40.31355359734913,6.410988025923316,249.5,314187.75,False,False,False,False,0,-0.110420853914861
2023-01-16,222.0,224.6999969482422,218.3999938964844,223.0,169024,227.64433421334496,231.02548953571622,41.9740541843038,6.403060527768635,249.5,311178.1,False,False,False,False,0,-0.1062124248496994
2023-01-17,224.0,226.0,221.1999969482422,224.3500061035156,111039,227.3305886790755,230.76370587170837,44.126341631675864,6.2885564223392905,249.5,308027.55,False,False,False,False,0,-0.10080157874342444
2023-01-18,226.0,227.3500061035156,222.1999969482422,222.6999969482422,134440,226.88957994280568,230.44748199235676,42.07229836362343,6.207231617548871,249.5,297582.85,False,False,False,False,0,-0.10741484189081285
2023-01-19,222.0,223.6499938964844,220.5,222.8999938964844,75190,226.50961936696555,230.15150206702842,42.422153921242426,5.9888574946156945,249.5,275218.55,False,False,False,False,0,-0.10661325091589413
2023-01-20,223.8000030517578,223.8000030517578,218.8999938964844,220.0,175055,225.88965561773074,229.7534039467528,38.766096941859594,5.911082613234103,243.0,179821.9,False,False,False,False,0,-0.09465020576131689
2023-01-23,221.1000061035156,221.4499969482422,218.6999969482422,219.5500030517578,62162,225.28587918287616,229.35327057832163,38.21572096979518,5.6852909980030955,237.0,162709.7,False,False,False,False,0,-0.07362867910650717
2023-01-24,218.0,221.6999969482422,217.6999969482422,218.3000030517578,75311,224.62055764657916,228.91980910669167,36.658785582868425,5.5649130695743025,236.25,143919.25,False,False,False,False,0,-0.07597882306134263
2023-01-25,218.3000030517578,219.4499969482422,214.0,214.9499969482422,90466,223.69955186578517,228.3719733357721,32.80181222360385,5.556704775193437,236.25,137615.55,False,False,False,False,0,-0.09015874307622351
2023-01-27,214.9499969482422,216.0,209.3500061035156,212.3999938964844,159581,222.62340348775652,227.74562120089809,30.19735485432598,5.634796855285649,236.25,135913.2,False,False,False,True,1,-0.10095240678736761
2023-01-30,213.0,216.6000061035156,209.0,211.0,121019,221.51641267939877,227.0889301734119,28.843305273743027,5.775168944444931,236.25,133183.35,False,False,False,False,0,-0.1068783068783069
2023-01-31,210.8999938964844,216.1999969482422,209.1000061035156,212.6000061035156,121868,220.66723110074324,226.52073707263168,32.56492252130349,5.869799080179335,236.25,134313.75,False,False,False,False,0,-0.10010579427083344
2023-02-01,213.6999969482422,218.8999938964844,207.0500030517578,209.5500030517578,270584,219.60844747703035,225.85521809142094,29.407469403144248,6.296955634789853,236.25,134536.65,False,False,False,True,1,-0.1130158600983796
2023-02-02,210.0,211.3500061035156,201.3000030517578,208.1999969482422,446180,218.52192837905054,225.16285647796295,28.10836919504679,6.565030450287563,234.5,136384.35,False,False,False,True,1,-0.11215353113755999
2023-02-03,209.25,215.8999938964844,203.6000061035156,209.8500061035156,364971,217.69603101947578,224.5623525417101,32.05887786599111,6.97467026047908,231.9499969482422,153926.15,False,False,False,True,1,-0.0952791167729915
2023-02-06,208.6999969482422,213.6999969482422,208.0,212.3500061035156,90710,217.18688578938435,224.08343699511425,37.64941521428892,6.883622166747873,230.0,168041.4,False,False,False,False,0,-0.07673910389775829
2023-02-07,212.1999969482422,213.25,206.3500061035156,211.8999938964844,178029,216.68337227577484,223.60565491281503,37.058295763456314,6.884791576014768,230.0,158614.3,False,False,False,True,1,-0.07869567871093741
2023-02-08,211.9499969482422,215.8999938964844,210.1999969482422,215.1999969482422,104310,216.54209843505745,223.27602126714552,44.00161662122125,6.8001633883167285,230.0,157531.8,False,False,False,False,0,-0.06434783935546873
2023-02-09,215.0500030517578,215.1999969482422,207.0,207.5500030517578,182190,215.68570839855272,222.65931467046366,34.50031289359268,6.900151499739976,230.0,157153.75,False,False,False,True,1,-0.09760868238366172
2023-02-10,207.5,210.8500061035156,205.8000030517578,207.75,158384,214.9299266463096,222.07463566377882,34.89610624618375,6.767998039169819,227.3500061035156,159609.6,False,False,False,False,0,-0.08621071289785431
2023-02-13,207.6999969482422,212.75,207.25,209.5500030517578,99071,214.417552970638,221.58347360056231,38.49817368068634,6.677426750657689,227.3500061035156,161769.95,False,False,False,False,0,-0.078293391571994
2023-02-14,209.5500030517578,214.6999969482422,209.5500030517578,211.8500061035156,129637,214.17302469757874,221.20176899283499,42.84934275138062,6.568324403931024,227.3500061035156,159479.2,False,False,False,False,0,-0.06817681805094233
2023-02-15,213.8500061035156,215.5,212.5500030517578,214.6999969482422,106289,214.22321253097527,220.94679754010585,47.77947859661693,6.359872224827694,227.3500061035156,157509.85,False,False,False,False,0,-0.05564112080785999
2023-02-16,215.4499969482422,228.5,214.6000061035156,223.6000061035156,671415,215.11624049026483,221.05084493474936,59.522566180621524,6.898452344231745,227.3500061035156,157272.35,False,False,True,True,2,-0.016494391463937608
2023-02-17,223.4499969482422,233.75,220.8000030517578,228.4499969482422,486969,216.38612205769124,221.3410077588079,64.24161183960699,7.330705530232491,228.5,184121.1,False,False,True,True,2,-0.00021883173635806052
2023-02-20,228.3000030517578,232.6999969482422,225.1999969482422,232.0,256218,217.87315805219686,221.75900745454092,67.2512128214164,7.342797992358742,233.75,204710.05,False,False,True,True,2,-0.007486631016042744
2023-02-21,232.0,234.0500030517578,228.1999969482422,229.8999938964844,172844,219.01857098974804,222.0782618248132,63.82886144335349,7.236170000298519,233.75,208768.2,False,False,True,False,1,-0.016470614346590806
2023-02-22,228.0,229.8000030517578,226.3999938964844,227.5500030517578,80555,219.83108832898705,222.2928399121444,60.14059335036416,6.969300714562911,234.0500030517578,214302.3,False,False,True,False,1,-0.02777184326104276
2023-02-23,227.9499969482422,231.3999938964844,222.1499938964844,229.8000030517578,181773,220.78050877877473,222.58723846663904,62.38190970215978,7.132207806379846,234.0500030517578,214564.5,False,False,True,False,1,-0.018158512901451096
2023-02-24,230.0,235.0,230.0,233.1000061035156,352770,221.95379423827387,222.99950386416361,65.45044611281696,6.994192745084299,234.0500030517578,219129.85,False,False,True,True,2,-0.004058948668469453
2023-02-27,234.0,236.9499969482422,227.6000061035156,228.3999938964844,194319,222.5677180152463,223.21128778699972,58.172309991556304,7.162464037915891,235.0,228789.3,False,False,True,False,1,-0.028085132355385567
2023-02-28,227.1000061035156,229.5500030517578,219.5,222.8500061035156,156835,222.59460259508148,223.19711987784348,50.96523095543431,7.368716824618885,236.9499969482422,232454.3,False,False,True,False,1,-0.059506187070373806
2023-03-01,221.8999938964844,223.3999938964844,216.6000061035156,219.0,182667,222.25225949078802,223.03252694145746,46.647774396425575,7.328093322358166,236.9499969482422,234202.65,False,False,False,False,0,-0.07575436665721114
2023-03-02,219.9499969482422,225.6999969482422,218.5500030517578,220.0500030517578,166967,222.04252078230897,222.91556522029276,47.9430044296969,7.315371934795753,236.9499969482422,229806.8,False,False,False,False,0,-0.07132303909746784
2023-03-03,225.0,228.9499969482422,220.9499969482422,228.0,240266,222.60989975542242,223.11495481949697,56.544933681590486,7.428559217773511,236.9499969482422,215846.15,False,False,True,True,2,-0.037771669396548524
2023-03-06,231.6000061035156,235.0,229.5500030517578,234.0500030517578,256943,223.69943340269245,223.54378024036995,61.72783681016238,7.397947845075404,236.9499969482422,209610.9,True,False,True,True,2,-0.012238843358659435
2023-03-08,235.0,235.0,230.5500030517578,230.9499969482422,247664,224.3899632641734,223.83422011126692,57.9160941010147,7.187379923873031,236.9499969482422,217922.55,True,False,True,True,2,-0.025321798173775
2023-03-09,231.8999938964844,233.9499969482422,229.0500030517578,230.3999938964844,85913,224.96234713391732,224.09170143617743,57.240734693943125,7.023995207630985,236.9499969482422,221404.3,True,False,True,False,1,-0.027642975885703525
2023-03-10,229.1999969482422,233.5,227.3000030517578,231.1999969482422,197618,225.5564090209959,224.37045812292507,58.00777086742271,6.965138189103214,236.9499969482422,220484.45,True,False,True,False,1,-0.024266723249867783
2023-03-13,232.1499938964844,234.8999938964844,229.3500061035156,230.1999969482422,223612,225.99865549025742,224.5990674886238,56.64003522132444,6.864056017950756,236.9499969482422,221255.85,True,False,True,True,2,-0.028487022945496876
2023-03-14,230.3500061035156,233.3999938964844,225.8500061035156,230.8500061035156,177188,226.4606888819963,224.84420233626662,57.34407868793123,6.91305114473776,236.9499969482422,224517.25,True,False,True,False,1,-0.025743789505340398
2023-03-15,232.0500030517578,239.3999938964844,230.0,232.1000061035156,492584,226.9977667126172,225.12874366047248,58.73179704215696,7.090689912719664,236.9499969482422,228423.1,True,False,True,True,2,-0.020468414885803865
2023-03-16,232.5500030517578,233.8999938964844,226.3999938964844,230.3500061035156,114754,227.31702760698846,225.33349905039574,55.98572436815284,7.119926347525402,239.3999938964844,246570.45,True,False,True,False,1,-0.03780279040809831
2023-03-17,231.5500030517578,235.0,229.0,234.1999969482422,138029,227.97254849663167,225.6812048503113,60.375195536339604,7.039931608416445,239.3999938964844,246993.7,True,False,True,False,1,-0.021720956895640797
2023-03-20,239.75,239.8000030517578,233.0,238.9499969482422,404135,229.01801977773744,226.20154963846548,65.01141152640336,7.022793854369401,239.3999938964844,220324.4,True,False,True,True,2,-0.001879686548516779
2023-03-21,239.25,244.8000030517578,233.6999969482422,236.25,316654,229.7067797989053,226.5956065153884,60.66632375339205,7.314023300736988,239.8000030517578,216182.7,True,False,True,True,2,-0.014804015873976395
2023-03-22,236.1000061035156,241.0,235.0,239.75,712711,230.66327696091435,227.11146508341238,64.0230982921895,7.220164493541489,244.8000030517578,219204.5,True,False,True,True,2,-0.020629097176482092
2023-03-23,238.0500030517578,243.6000061035156,235.3999938964844,239.5500030517578,388100,231.50963182670898,227.59925088609262,63.68862647915096,7.290153615933611,244.8000030517578,246197.85,True,False,True,True,2,-0.021446078164018667
2023-03-24,240.0,241.1000061035156,235.5,238.0500030517578,154681,232.13252432433268,228.00908430435402,61.110004236418284,7.169428793618039,244.8000030517578,261575.1,True,False,True,False,1,-0.027573529068024016
2023-03-27,238.8999938964844,239.6499938964844,234.3999938964844,237.0,214834,232.59609343630098,228.36166923359502,59.3000609489776,7.0323267369310365,244.8000030517578,260220.5,True,False,True,False,1,-0.03186275716715847
2023-03-28,236.6499938964844,238.0,231.5500030517578,236.6999969482422,191751,232.98694138981918,228.68866247730668,58.76452616244465,6.990731752024691,244.8000030517578,253323.7,True,False,True,False,1,-0.03308825981429031
2023-03-29,239.8999938964844,243.0,238.3999938964844,241.25,717218,233.77389935269355,229.18126394878487,64.06506593658179,6.941393987719914,244.8000030517578,253195.3,True,False,True,True,2,-0.014501646272476743
2023-03-31,241.25,245.8000030517578,238.0,240.6999969482422,440473,234.43352769512674,229.63297896837145,63.01067578597686,7.0027232065797635,244.8000030517578,281214.45,True,False,True,True,2,-0.016748390736942786
2023-04-03,244.5500030517578,247.3999938964844,242.0,242.25,278378,235.17795362892417,230.1277641068667,64.77038187160505,6.981099902412796,245.8000030517578,294104.75,True,False,True,False,1,-0.014442648525965662
2023-04-05,243.1999969482422,245.8500061035156,237.0500030517578,239.5500030517578,585766,235.59433928824166,230.497263673333,59.463610051961965,7.111021555937438,247.3999938964844,299675.3,True,False,True,True,2,-0.031729955692768264
2023-04-06,240.0,244.5500030517578,239.3999938964844,240.1000061035156,381679,236.02345041350586,230.87384180785,60.17933956332626,6.970949241604294,247.3999938964844,316950.3,True,False,True,True,2,-0.029506822849895586
2023-04-10,241.3999938964844,258.04998779296875,240.6999969482422,250.1000061035156,1100031,237.36407476493534,231.627809035131,70.40938269891709,7.75516584502207,247.3999938964844,323187.1,True,True,True,True,2,0.01091355001472194
2023-04-11,250.1000061035156,251.8500061035156,246.5,247.1000061035156,458492,238.2913063209906,232.2345618613422,65.01331653967597,7.583368720628751,258.04998779296875,365805.45,True,False,True,True,2,-0.04243356794203079
2023-04-12,247.0500030517578,249.5500030517578,245.6999969482422,246.9499969482422,112487,239.115943523586,232.811637747103,64.74611335719108,7.316699962263527,258.04998779296875,384434.4,True,False,True,False,1,-0.043014886145361864
2023-04-13,247.3999938964844,251.0,246.3000030517578,249.0500030517578,456798,240.06204443103093,233.44843638650124,66.80306806006863,7.129792604119147,258.04998779296875,380177.85,True,False,True,True,2,-0.03487690434781787
2023-04-17,250.3999938964844,253.0,247.5500030517578,250.0,628652,241.00851638998034,234.0975173125208,67.7206170984129,7.009807200127935,258.04998779296875,391837.15,True,False,True,True,2,-0.031195458917933294
2023-04-18,251.3999938964844,258.0,250.1999969482422,251.9499969482422,716574,242.05056215743386,234.79761455313735,69.57926628415248,7.080535257261654,258.04998779296875,414410.35,True,False,True,True,2,-0.023638795323720485
2023-04-19,252.3500061035156,259.3500061035156,252.0,255.75,585325,243.35527052339253,235.61927672752412,72.8589606515625,7.103354821405353,258.04998779296875,425609.85,True,False,True,True,2,-0.008912954473045742
2023-04-20,256.79998779296875,256.79998779296875,250.6999969482422,254.8000030517578,1358094,244.44524504990352,236.3714620735725,70.80381182807797,7.031685965928297,259.3500061035156,449138.4,True,False,True,True,2,-0.017543871003194655
2023-04-21,255.8000030517578,256.25,251.3500061035156,252.5500030517578,472717,245.21712676436582,237.00591466095233,66.05167300962765,6.879422246682305,259.3500061035156,510141.65,True,False,True,False,1,-0.02621940579034998
2023-04-24,254.0,254.25,247.1000061035156,251.1499938964844,160816,245.7821617293295,237.56058443489476,63.20889016824125,6.89874879309674,259.3500061035156,513570.75,True,False,True,False,1,-0.031617551625421236
2023-04-25,251.1499938964844,256.5,251.0,255.0500030517578,312024,246.66481328384646,238.24644398849725,67.41599866582939,6.7988381650184015,259.3500061035156,505778.85,True,False,True,False,1,-0.016579922693510718
2023-04-26,254.1000061035156,261.6000061035156,248.1000061035156,249.0500030517578,678802,246.89197421412374,238.67011297137023,56.67795215248177,7.277492581802804,259.3500061035156,485744.5,True,False,True,True,2,-0.03971468212592488
2023-04-27,250.0,250.3999938964844,245.25,245.8500061035156,115668,246.79273915597057,238.95167740792496,51.9274221130244,7.125528389994347,261.6000061035156,500279.6,True,False,True,False,1,-0.060206420613643674
2023-04-28,245.9499969482422,249.3999938964844,244.1499938964844,246.9499969482422,171634,246.80771608856787,239.26533699774134,53.3741242086708,6.991562076423323,261.6000061035156,498328.95,True,False,True,False,1,-0.05600156274261092
2023-05-02,248.1999969482422,251.6000061035156,246.0500030517578,247.1499938964844,113392,246.8403139750361,239.5745392290646,53.64725842347324,6.888593574661498,261.6000061035156,496168.95,True,False,True,False,1,-0.05523704843230515
2023-05-03,246.6000061035156,249.4499969482422,246.1499938964844,246.8000030517578,79313,246.8364748394858,239.85789075152317,53.06146253540008,6.632265680168375,261.6000061035156,492251.0,True,False,True,False,1,-0.05657493389316448
2023-05-04,246.1999969482422,250.1999969482422,245.1499938964844,246.5500030517578,123318,246.80919181208313,240.12032652800298,52.61947168668112,6.51924692099619,261.6000061035156,460355.75,True,False,True,False,1,-0.05753059136322225
2023-05-05,247.75,249.4499969482422,242.0,243.75,162955,246.51784021093238,240.26266666415972,47.81544468558836,6.585729065799476,261.6000061035156,444498.0,True,False,False,False,0,-0.06823396669361059
2023-05-08,244.75,248.5,242.6499938964844,245.8500061035156,153122,246.45423696260696,240.4817780147227,51.39928269467313,6.5331774256363415,261.6000061035156,438726.85,True,False,True,False,1,-0.060206420613643674
2023-05-09,247.0,250.4499969482422,240.3999938964844,243.6000061035156,217297,246.18240545221732,240.60406146918515,47.625373685052004,6.784379256073588,261.6000061035156,417094.65,True,False,False,False,0,-0.06880733784416426
2023-05-10,244.8000030517578,246.1999969482422,241.0,244.1999969482422,137863,245.99360464231492,240.74507854679524,48.7069073458555,6.671209091228488,261.6000061035156,408875.55,True,False,False,False,0,-0.06651379491324716
2023-05-11,244.5500030517578,249.6999969482422,244.0500030517578,247.8999938964844,153339,246.1751655236644,241.02566346246934,54.89285034238302,6.598265148746766,261.6000061035156,360767.15,True,False,True,False,1,-0.05237007602213162
2023-05-12,248.9499969482422,254.6000061035156,247.6000061035156,252.6499938964844,355422,246.79181584488532,241.48151955792093,61.33895744356373,6.626960495264854,261.6000061035156,345509.5,True,False,True,True,2,-0.03421258409103278
2023-05-15,253.75,255.5500030517578,250.8000030517578,255.0,333253,247.57354766918195,242.0116560458456,64.0743334366677,6.492891888460222,261.6000061035156,357656.25,True,False,True,False,1,-0.025229380541008095
2023-05-16,254.8999938964844,258.70001220703125,251.0,254.9499969482422,383922,248.27606664814007,242.51904196358666,63.97061971194379,6.579114768358153,261.6000061035156,351479.0,True,False,True,True,2,-0.0254205237007602
2023-05-17,256.3999938964844,263.20001220703125,253.0,261.75,394639,249.55929839593625,243.2731971807009,70.87487977536357,6.837750299691946,261.6000061035156,339242.5,True,True,True,True,2,0.0005733711505535588
2023-05-18,264.75,266.0,255.1000061035156,259.45001220703125,392939,250.50127113985008,243.90758208369425,66.25052863221288,7.127910556605693,263.20001220703125,323145.75,True,False,True,True,2,-0.014247719703942452
2023-05-19,258.5,259.6000061035156,253.3000030517578,254.6000061035156,135164,250.89162685067538,244.3268928295696,57.70098156513958,7.0687743062594155,266.0,313526.45,True,False,True,False,1,-0.042857119911595465
2023-05-22,255.5,260.79998779296875,254.8000030517578,258.6000061035156,102900,251.62575820808874,244.88662276188123,62.050688977904265,7.006717690773254,266.0,252379.95,True,False,True,False,1,-0.02781952592663295
2023-05-23,258.6000061035156,261.3500061035156,256.20001220703125,260.3999938964844,93531,252.46139970222166,245.49499025735585,63.85207733542113,6.874094562609763,266.0,233889.1,True,False,True,False,1,-0.021052654524494785
2023-05-24,259.5,267.8500061035156,256.20001220703125,263.5,239278,253.51269496867675,246.2010690707929,66.77703458222214,7.215230229315093,266.0,230524.85,True,False,True,True,2,-0.009398496240601517
2023-05-25,264.75,285.0,261.45001220703125,278.1499938964844,2190901,255.85910439037272,247.45396808356514,76.46780325952278,8.381998626718925,267.8500061035156,226887.55,True,True,True,True,2,0.038454312332507845
2023-05-26,277.95001220703125,277.95001220703125,261.5,270.0,1210386,257.20585635319435,248.33812619793514,65.09267114234456,8.972569717416459,285.0,302492.5,True,False,True,True,2,-0.052631578947368474
2023-05-29,272.3999938964844,272.3999938964844,257.79998779296875,261.1499938964844,586010,257.5814885001743,248.840552382192,55.44710579929099,9.374529459280685,285.0,357228.4,True,False,True,True,2,-0.08368423194216013
2023-05-30,260.0,262.0,256.3500061035156,261.1000061035156,245103,257.91658541477824,249.3213152732243,55.397172729100795,9.108491204795234,285.0,377947.2,True,False,True,False,1,-0.08385962770696276
2023-05-31,261.1000061035156,275.0,256.79998779296875,269.3500061035156,436989,259.00548262322945,250.10675412931414,61.551290768830455,9.757885562097806,285.0,384532.75,True,False,True,True,2,-0.05491225928591004
2023-06-01,272.0,272.54998779296875,267.04998779296875,270.5,227551,260.1001985638743,250.90648926149788,62.331494624399966,9.453750879090821,285.0,402416.55,True,False,True,False,1,-0.05087719298245619
2023-06-02,271.8999938964844,278.0,267.0,271.1499938964844,347984,261.15256002412286,251.7003521883601,62.7910858728776,9.56419724487005,285.0,407628.2,True,False,True,False,1,-0.04859651264391451
2023-06-05,275.0,275.54998779296875,261.0,262.79998779296875,494061,261.3094579068701,252.13563201599183,53.72299657117049,9.920325141162813,285.0,416879.65,True,False,True,True,2,-0.07789477967379388
2023-06-06,265.0,272.0,263.54998779296875,269.6499938964844,271873,262.10379466778573,252.82246973679548,58.959263629370014,9.868874217296273,285.0,433926.6,True,False,True,False,1,-0.05385967053865126
2023-06-07,272.3999938964844,294.25,270.25,284.79998779296875,3319454,264.2653368701841,254.07649005272384,67.67179465484222,10.921097923454798,285.0,436655.4,True,False,True,True,2,-0.0007017972176535103
2023-06-08,286.3500061035156,287.0,277.20001220703125,278.54998779296875,353038,265.6257798152112,255.03623506214524,61.83940245568213,10.84101862842008,294.25,595734.95,True,False,True,False,1,-0.0533560312898258
2023-06-09,280.20001220703125,283.8999938964844,278.1000061035156,282.04998779296875,301033,267.1899900988072,256.0955979143344,63.724876822460736,10.480944997316415,294.25,605719.9,True,False,True,False,1,-0.04146138388115972
2023-06-12,282.25,283.3999938964844,274.8500061035156,279.0,170007,268.31475294653984,256.99380976083114,60.90100695285464,10.343019482720154,294.25,603000.45,True,False,True,False,1,-0.05182667799490226
2023-06-13,279.0,281.45001220703125,275.0,277.8500061035156,140379,269.2228722948232,257.81169981348546,59.82454862241836,10.06494753445666,294.25,594838.15,True,False,True,False,1,-0.05573489854370217
2023-06-14,278.20001220703125,304.8999938964844,278.20001220703125,299.3999938964844,2275173,272.0968838759338,259.44261330693644,70.38747703699768,11.278164695778953,294.25,582661.0,True,True,True,True,2,0.01750210330156121
2023-06-15,304.6000061035156,307.95001220703125,298.5,305.45001220703125,1212601,275.2733722884193,261.2468250285088,72.56806848055456,11.147582375154117,304.8999938964844,676687.7,True,True,True,True,2,0.0018039302117323075
2023-06-16,303.1000061035156,304.75,287.29998779296875,289.45001220703125,1089033,276.62352847114425,262.352832368843,59.98732359136669,11.647756806504717,307.95001220703125,717670.8,True,False,True,True,2,-0.060074685067921574
2023-06-19,290.04998779296875,295.5,285.3500061035156,287.3999938964844,460711,277.64985851165284,263.33507399737795,58.58587820758692,11.540773741503264,307.95001220703125,765364.25,True,False,True,False,1,-0.06673166908897976
2023-06-20,288.79998779296875,289.6499938964844,284.70001220703125,288.04998779296875,212135,278.6403470146353,264.3042863030874,58.91363420085862,11.07000288064254,307.95001220703125,783254.8,True,False,True,False,1,-0.06462095673074353
2023-06-21,288.79998779296875,293.0,286.5,288.6000061035156,300628,279.58888597548105,265.2570596285944,59.207826690884346,10.743574103453787,307.95001220703125,789185.0,True,False,True,False,1,-0.06283489312059787
2023-06-22,290.0,290.6499938964844,279.54998779296875,282.1000061035156,299334,279.8280402733891,265.91756733349325,54.262922031623845,10.769033532029633,307.95001220703125,792252.5,True,False,True,False,1,-0.083942214901219
2023-06-23,282.45001220703125,284.0,278.54998779296875,280.45001220703125,178389,279.8872756956407,266.48746713245555,53.05167815834456,10.389103437386892,307.95001220703125,697674.15,True,False,True,False,1,-0.08930020753339685
2023-06-26,280.0,283.5,278.0,280.04998779296875,192471,279.9027720858624,267.0193306877698,52.7442860749844,10.039881763287827,307.95001220703125,646074.3,True,False,True,False,1,-0.09059919892227719
2023-06-27,280.04998779296875,288.95001220703125,279.54998779296875,281.0,306775,280.0072699824469,267.5675922294259,53.43434572393096,9.99417766691459,307.95001220703125,626397.35,True,False,True,False,1,-0.08751424302238076
2023-06-28,282.70001220703125,293.54998779296875,282.0,283.6499938964844,591992,280.35419606949813,268.1982746477419,55.39117725445709,10.176735533061315,307.95001220703125,629480.95,True,False,True,False,1,-0.07890897011626108
2023-06-30,283.6499938964844,284.20001220703125,279.5,280.20001220703125,387086,280.33951189212036,268.668931022616,52.30924706668923,9.785541009773453,307.95001220703125,637231.1,True,False,True,False,1,-0.0901120276018823
2023-07-03,282.79998779296875,289.0,281.04998779296875,286.95001220703125,507833,280.9690833506833,269.3858361671029,57.313553240152366,9.715144351430261,307.95001220703125,645207.85,True,False,True,False,1,-0.06819288575277582
2023-07-04,288.6499938964844,336.70001220703125,287.0,325.70001220703125,12620953,285.22917181319264,271.5942352274923,74.10945917309436,12.574776897756673,307.95001220703125,653200.3,True,True,True,True,2,0.05763922486246531
2023-07-05,329.95001220703125,329.95001220703125,309.25,314.25,2601617,287.9930602119362,273.2670103166102,65.86289284469723,13.155150848419144,336.70001220703125,1259544.9,True,False,True,True,2,-0.06667660051413093
2023-07-06,315.70001220703125,318.45001220703125,308.6499938964844,310.79998779296875,706312,290.1651485529869,274.7388917862713,63.56761739415263,12.915498524285411,336.70001220703125,1376032.1,True,False,True,False,1,-0.07692314664407263
2023-07-07,314.0,328.0,311.25,314.3999938964844,2172850,292.47322906189146,276.29422912392675,64.94060225901657,13.221535215910114,336.70001220703125,1245375.0,True,False,True,True,2,-0.06623111821224104
2023-07-10,316.20001220703125,319.95001220703125,311.3500061035156,314.20001220703125,403487,294.54244650428575,277.7807304213034,64.79452313601047,12.891425993596222,336.70001220703125,1336365.6,True,False,True,False,1,-0.06682506440232949
2023-07-11,315.0,321.0,310.0,311.8999938964844,437907,296.1955462559237,279.1187407536634,63.038211936254356,12.756324136910779,336.70001220703125,1341488.3,True,False,True,False,1,-0.07365612536805544
2023-07-12,314.0,315.70001220703125,308.79998779296875,310.04998779296875,496976,297.5150168784994,280.3317308336362,61.59205827489158,12.338017013850187,336.70001220703125,1354883.3,True,False,True,False,1,-0.0791506487908169
2023-07-13,311.3500061035156,313.5,300.0,302.3500061035156,286606,297.97549204278664,281.1951926089256,55.84919247126948,12.421015798575175,336.70001220703125,1372713.15,True,False,True,False,1,-0.10201961644834867
2023-07-14,302.3500061035156,317.0,301.04998779296875,316.45001220703125,625081,299.7349701536671,282.57773455394937,62.70647011574684,12.673086970607752,336.70001220703125,1273284.8,True,False,True,False,1,-0.060142557962096554
2023-07-17,318.0,318.0,308.0,311.1000061035156,349433,300.8173545298432,283.6962550068735,58.96431325772555,12.482152186992913,336.70001220703125,1243908.8,True,False,True,False,1,-0.07603209140299827
2023-07-18,312.0,314.8999938964844,308.25,311.8500061035156,208858,301.8680832511454,284.8003236773301,59.33072362063611,12.06556945195659,336.70001220703125,1206928.8,True,False,True,False,1,-0.07380458925625388
2023-07-19,311.79998779296875,314.04998779296875,308.25,309.5,201545,302.594932465322,285.76893843508185,57.59537760767309,11.61802790488603,336.70001220703125,1194336.15,True,False,True,False,1,-0.08078411411017838
2023-07-20,305.25,315.6000061035156,305.25,311.6000061035156,269213,303.4525585261024,286.7819214809028,58.75629250785293,11.52745491907386,336.70001220703125,1193806.65,True,False,True,False,1,-0.07454708997183535
2023-07-21,315.0,315.25,303.1499938964844,304.54998779296875,382955,303.5570755991373,287.4787083951015,53.46445277820712,11.568351432248273,336.70001220703125,1192235.9,True,False,True,False,1,-0.09548566453360863
2023-07-24,305.0,308.79998779296875,304.3999938964844,305.20001220703125,182697,303.71354575227,288.1736614857654,53.876924955697184,11.056325893979423,336.70001220703125,1196416.95,True,False,True,False,1,-0.09355509016326136
2023-07-25,311.0,314.95001220703125,305.79998779296875,310.25,226870,304.33606520443476,289.0394002510296,57.06116250767594,10.963016901552322,336.70001220703125,1196632.35,True,False,True,False,1,-0.078556611963434
2023-07-26,311.95001220703125,313.3999938964844,307.04998779296875,308.6499938964844,137231,304.7469155560586,289.8084431390866,55.74795859289568,10.633516130263986,336.70001220703125,1198352.3,True,False,True,False,1,-0.08330863467061411
2023-07-27,310.20001220703125,311.95001220703125,306.1499938964844,307.1000061035156,149226,304.97101941772115,290.4865436474956,54.440861453983096,10.28826628599848,336.70001220703125,1189875.1,True,False,True,False,1,-0.08791210285230122
2023-07-28,308.6499938964844,308.8500061035156,295.1000061035156,298.8999938964844,471662,304.3928265109367,290.8164828729461,48.02549264649181,10.535532979855732,336.70001220703125,1167736.8,True,False,False,False,0,-0.11226616257829025
2023-07-31,300.0,314.3999938964844,300.0,312.6000061035156,529939,305.1744626626109,291.6707386859096,57.117639843273295,10.890137767008895,336.70001220703125,1171965.6,True,False,True,False,1,-0.07157708710950961
2023-08-01,314.75,322.0,310.45001220703125,319.75,725580,306.5626090756956,292.77188618842297,60.956435033662125,10.937269911720312,336.70001220703125,1173070.9,True,False,True,False,1,-0.05034158477133932
2023-08-02,320.0,324.5,311.04998779296875,318.1000061035156,629990,307.6614087926308,293.76514579293644,59.629831367488606,11.116751504242522,329.95001220703125,578302.25,True,False,True,True,2,-0.03591454967451313
2023-08-03,311.0,320.45001220703125,310.8999938964844,319.54998779296875,314262,308.79365441171063,294.7763160674475,60.44452275581117,11.004841990407119,328.0,479720.9,True,False,True,False,1,-0.02576223233850994
2023-08-04,318.5,322.29998779296875,314.75,319.79998779296875,164087,309.8418766384971,295.75763652727187,60.592187583663986,10.758066690590093,328.0,460118.4,True,False,True,False,1,-0.025000037216558635
2023-08-07,322.79998779296875,323.79998779296875,312.95001220703125,316.54998779296875,664707,310.4807443674944,296.57302285141685,57.58271357124683,10.764631611686337,324.5,359680.25,True,False,True,True,2,-0.024499267201945285
2023-08-08,318.8999938964844,321.79998779296875,311.0,312.6499938964844,196722,310.6873395607316,297.2034923041646,54.10964093034808,10.767157053206509,324.5,372741.25,True,False,True,False,1,-0.03651773837755201
2023-08-09,312.25,315.79998779296875,305.5,308.6000061035156,529377,310.4885458981396,297.6504144139431,50.69045734680834,10.733787820332385,324.5,360682.0,True,False,True,True,2,-0.04899844035896572
2023-08-10,308.5,314.75,307.5,312.8999938964844,271768,310.71820761226763,298.24843713874867,54.01307472888368,10.484945833165785,324.5,362302.05,True,False,True,False,1,-0.03574732235289868
2023-08-11,313.79998779296875,314.75,305.0,308.25,194381,310.48314022062306,298.6406552901703,50.08292675647085,10.432449702225371,324.5,361560.15,True,False,True,False,1,-0.05007704160246529
2023-08-14,309.3999938964844,309.5,305.0,306.95001220703125,97237,310.1466518383762,298.9665124241648,49.00928367153101,10.00870329492356,324.5,340025.15,True,False,False,False,0,-0.05408316731269258
2023-08-16,297.79998779296875,314.04998779296875,294.3500061035156,310.75,417986,310.20411356805465,299.4286099761584,52.23278436806673,10.700937465961385,324.5,327415.35,True,False,True,True,2,-0.0423728813559322
2023-08-17,311.0,313.79998779296875,302.70001220703125,304.45001220703125,169331,309.6561039146238,299.62552771070244,46.935203989178966,10.729440188816822,324.5,337871.75,True,False,False,False,0,-0.06178732755922578
2023-08-18,303.3500061035156,321.0,302.5,319.3999938964844,1703005,310.5840934367058,300.40099697288997,57.85802663316193,11.284480175329906,324.5,336261.05,True,False,True,True,2,-0.01571650571191252
2023-08-21,320.79998779296875,322.79998779296875,311.0,311.8500061035156,330708,310.70465654783055,300.8499777231106,52.0330047550998,11.321302148018393,324.5,407950.65,True,False,True,False,1,-0.03898303203847264
2023-08-22,313.70001220703125,317.0,310.8999938964844,315.20001220703125,138380,311.1327856582306,301.41272417346045,54.23468590121419,10.94835243055391,324.5,405338.3,True,False,True,False,1,-0.028659438499133327
2023-08-23,315.25,317.3999938964844,313.04998779296875,314.20001220703125,137915,311.4249024724021,301.9141864492868,53.44606777975983,10.477041978622605,324.5,403122.45,True,False,True,False,1,-0.03174110259774654
2023-08-24,315.79998779296875,324.0,312.54998779296875,320.20001220703125,476502,312.26062720903343,302.63127765547284,57.44442859924734,10.546539852080365,324.5,398674.7,True,False,True,True,2,-0.013251118006067042
2023-08-25,319.95001220703125,325.5,318.1000061035156,320.25,1030954,313.0215198557922,303.32220794349354,57.47719621943183,10.321786569537794,324.5,415638.25,True,False,True,True,2,-0.013097072419106293
2023-08-28,320.20001220703125,338.0,320.20001220703125,329.29998779296875,1204988,314.5718501355233,304.34094440817887,63.0277139415753,10.855943799782862,325.5,459724.65,True,True,True,True,2,0.01167430965581806
2023-08-29,332.5,332.79998779296875,324.25,325.20001220703125,485874,315.5840560470955,305.1589470669574,59.25417760161263,10.691232656438999,338.0,496390.95,True,False,True,False,1,-0.03786978636973004
2023-08-30,327.45001220703125,333.0,325.6499938964844,331.20001220703125,360987,317.07128996708934,306.18016530774463,62.76732139625718,10.484715166191124,338.0,494187.7,True,False,True,False,1,-0.020118307079789233
2023-08-31,333.25,335.0,326.6499938964844,331.70001220703125,350090,318.46450160898854,307.1809436175206,63.0532074811727,10.33223594742859,338.0,475958.05,True,False,True,False,1,-0.018639017138960767
2023-09-01,333.8999938964844,333.8999938964844,326.04998779296875,329.95001220703125,261323,319.5583597611831,308.0738482680897,61.27967988136253,10.15493381572052,338.0,461963.05,True,False,True,False,1,-0.023816531931860174
2023-09-04,329.95001220703125,332.75,328.25,331.45001220703125,193409,320.6908980893591,308.99056057942073,62.25956588136491,9.751009971740483,338.0,459316.1,True,False,True,False,1,-0.019378662109375
2023-09-05,331.45001220703125,343.04998779296875,331.45001220703125,336.20001220703125,944974,322.16795657675647,310.05759789815056,65.25789800985984,9.883078944183127,338.0,460782.2,True,False,True,True,2,-0.0053254076715051335
2023-09-06,339.79998779296875,339.79998779296875,332.0,336.3500061035156,210136,323.51862796025733,311.0886727297335,65.35150792392537,9.734286719096387,343.04998779296875,474795.55,True,False,True,False,1,-0.019530627978032733
2023-09-07,335.04998779296875,343.0,334.95001220703125,340.75,380368,325.1597110116614,312.25186203444986,68.06942190272645,9.613979652944414,343.04998779296875,475466.25,True,False,True,False,1,-0.006704526671946098
2023-09-08,340.0,344.25,338.04998779296875,341.0,347415,326.66830996293174,313.37923999388323,68.22195048169058,9.370124835379189,343.04998779296875,468015.8,True,False,True,False,1,-0.005975769905014361
2023-09-11,341.29998779296875,343.75,334.0,336.29998779296875,606106,327.58561261341146,314.27809284874934,62.20579630739421,9.397258775709247,344.25,471798.15,True,False,True,True,2,-0.02309371737699706
2023-09-12,336.6000061035156,342.5,330.54998779296875,338.5,862677,328.62507807880087,315.22797156056305,63.81437280118456,9.579598306517962,344.25,492384.4,True,False,True,True,2,-0.016702977487291215
2023-09-13,338.5,340.8999938964844,330.04998779296875,332.1000061035156,233249,328.95602360496423,315.8896199740122,56.3065412206246,9.670341720589223,344.25,530656.4,True,False,True,False,1,-0.03529409991716592
2023-09-14,338.04998779296875,344.95001220703125,332.79998779296875,341.45001220703125,3530863,330.1459272813516,316.8919882968757,63.13108191796923,9.897460605083966,344.25,521419.55,True,False,True,True,2,-0.008133588360112576
2023-09-15,343.5,347.0,338.04998779296875,341.95001220703125,4070075,331.270125845702,317.8746559011955,63.459760335972845,9.829785719508772,344.95001220703125,689496.15,True,False,True,True,2,-0.008696912288263525
2023-09-18,343.45001220703125,344.1499938964844,335.1000061035156,337.3999938964844,614266,331.8539228029193,318.6403554304225,58.361035154538456,9.774085867613056,347.0,807849.65,True,False,True,False,1,-0.027665723641255413
2023-09-20,332.20001220703125,332.95001220703125,325.0,326.3999938964844,399920,331.33450100230647,318.94465497811126,48.26482971334936,9.961650726818151,347.0,822027.55,True,False,False,False,0,-0.059366011825693454
2023-09-21,325.54998779296875,330.1000061035156,321.79998779296875,325.8500061035156,199444,330.8121681548026,319.2154530614605,47.81939473640434,9.84296269708449,347.0,835104.55,True,False,False,False,0,-0.06095099105615098
2023-09-22,326.0,332.79998779296875,324.29998779296875,330.70001220703125,157827,330.8014866359672,319.66582792991426,52.02423377524242,9.747036790149885,347.0,838181.0,True,False,True,False,1,-0.04697402822181196
2023-09-25,332.45001220703125,333.3999938964844,327.1000061035156,328.6499938964844,1098960,330.59658256554025,320.0181481638974,50.18345761012013,9.500819004636947,347.0,822247.25,True,False,True,True,2,-0.052881861969785615
2023-09-26,328.6499938964844,329.95001220703125,322.1499938964844,323.79998779296875,214179,329.9492878252953,320.16645560033163,46.033545108505706,9.37933324077337,347.0,825647.55,True,False,False,False,0,-0.06685882480412464
2023-09-27,325.3999938964844,328.5,323.1000061035156,325.45001220703125,142338,329.5207853854606,320.3736538986336,47.62052799704115,9.095094716181299,347.0,776107.1,True,False,False,False,0,-0.0621037112189301
2023-09-28,325.1000061035156,331.3999938964844,324.95001220703125,326.3999938964844,137758,329.2235671484152,320.6099809573729,48.55846107948039,8.906158071415,347.0,758930.3,True,False,False,False,0,-0.059366011825693454
2023-09-29,324.29998779296875,333.0,324.29998779296875,327.8999938964844,168522,329.09751255299324,320.8958638177302,50.07851482290826,8.89143336681616,347.0,747768.85,True,False,True,False,1,-0.0550432452550883
2023-10-03,333.0,354.95001220703125,328.3999938964844,338.79998779296875,1516045,330.0215578139433,321.59798632656305,59.454331992048196,10.188475148511213,347.0,738690.45,True,False,True,True,2,-0.023631159098072785
2023-10-04,339.8500061035156,339.8500061035156,328.70001220703125,331.04998779296875,174541,330.1195035262314,321.96865305073584,51.97931302135771,10.257155059080725,354.95001220703125,801426.55,True,False,True,False,1,-0.06733349370931241
2023-10-05,331.0,333.04998779296875,326.45001220703125,328.54998779296875,110664,329.9700258373493,322.2267446092548,49.80402759658695,9.995927953856208,354.95001220703125,800483.15,True,False,False,False,0,-0.07437673899462827
2023-10-06,330.0,330.0,324.5,326.79998779296875,123508,329.6681174521702,322.4060874792044,48.28087447302758,9.674790242866479,354.95001220703125,758767.65,True,False,False,False,0,-0.07930701069434942
2023-10-09,323.75,325.04998779296875,317.1000061035156,321.20001220703125,196539,328.8616312383474,322.3587904097074,43.67756390150185,9.676589631908382,354.95001220703125,754436.25,True,False,False,False,0,-0.09508381135176491
2023-10-10,320.20001220703125,327.6499938964844,320.20001220703125,325.29998779296875,282334,328.5224271006923,322.4741314835608,47.61557681091956,9.51754620744729,354.95001220703125,745244.8,True,False,False,False,0,-0.08353295786553905
2023-10-11,326.0,326.29998779296875,320.6499938964844,323.1499938964844,286629,328.01076679552966,322.50063589191075,45.80687485750768,9.24129247094994,354.95001220703125,741990.75,True,False,False,False,0,-0.08959013161548768
2023-10-12,333.95001220703125,354.0,332.1000061035156,339.20001220703125,4295057,329.07640921567264,323.1555133944645,58.484797715277026,10.784772016133203,354.95001220703125,726016.9,True,False,True,True,2,-0.04437244529749029
2023-10-13,334.1499938964844,341.95001220703125,334.0,336.20001220703125,260984,329.754847595802,323.66706236750633,55.854571864375224,10.582289172625922,354.95001220703125,897635.9,True,False,True,False,1,-0.05282433963986932
2023-10-16,336.1000061035156,340.79998779296875,333.54998779296875,335.8500061035156,196986,330.33533888225094,324.14482486695766,55.5407373261077,10.344268517438357,354.95001220703125,899022.65,True,False,True,False,1,-0.05381041117523666
2023-10-17,338.0,340.1499938964844,328.0,330.0,243302,330.3034018458461,324.3744395780574,50.439471852720736,10.47324890165593,354.95001220703125,732328.8,True,False,True,False,1,-0.070291622338299
2023-10-18,333.0,334.8500061035156,326.1499938964844,331.29998779296875,171212,330.3983147931911,324.64602970413233,51.50539849568185,10.346589137754167,354.95001220703125,540990.15,True,False,True,False,1,-0.06662916918078077
2023-10-19,330.6499938964844,334.5,328.04998779296875,332.1000061035156,308972,330.5603806322696,324.93834250410816,52.18692601073641,10.068262214131101,354.95001220703125,518837.45,True,False,True,False,1,-0.0643752791032105
2023-10-20,331.0,331.6499938964844,326.29998779296875,329.0,141630,330.4117729530058,325.09762319022155,49.29592449007056,9.763387649589372,354.95001220703125,514290.05,True,False,False,False,0,-0.07310892045242534
2023-10-23,328.0,339.79998779296875,326.0,330.54998779296875,229952,330.4249362710975,325.3114414099371,50.76456267603137,10.051716231259329,354.95001220703125,511399.35,True,False,True,False,1,-0.06874214276637558
2023-10-25,332.45001220703125,371.25,329.6000061035156,356.8999938964844,915508,332.94637033065817,326.5502081741155,67.82596189041314,12.30873606448969,354.95001220703125,515005.6,True,True,True,True,2,0.005493679736277235
2023-10-26,349.0,351.79998779296875,329.20001220703125,334.54998779296875,1043461,333.09909580325916,326.86392502191364,51.51863427933572,13.408110751987078,371.25,505833.0,True,False,True,True,2,-0.0988552517361111
2023-10-27,336.0,342.25,330.3500061035156,332.1000061035156,246623,333.00394440328364,327.0692615349177,50.09674360056051,13.300388119451172,371.25,547297.1,True,False,True,False,1,-0.10545452901409935
2023-10-30,332.1000061035156,336.6000061035156,328.6000061035156,329.6000061035156,178298,332.6797598033058,327.16850641996075,48.62206585543522,12.921788968061803,371.25,552511.35,True,False,False,False,0,-0.11218853574810606
2023-10-31,332.95001220703125,335.79998779296875,328.3999938964844,329.6499938964844,106865,332.39121066932285,327.2658196543343,48.6546118620136,12.5273750343777,371.25,554538.35,True,False,False,False,0,-0.11205388849431819
2023-11-01,328.1000061035156,330.8999938964844,327.1000061035156,329.95001220703125,82074,332.15871557767605,327.37108210738126,48.86398282538816,11.903990231419918,371.25,551455.5,True,False,False,False,0,-0.11124575836489903
2023-11-02,331.5,332.8999938964844,329.0,330.95001220703125,85315,332.043600970948,327.51143230736756,49.601663044863706,11.33227620749595,371.25,479756.95,True,False,False,False,0,-0.10855215567129628
2023-11-03,334.5,344.95001220703125,331.0,340.8500061035156,353159,332.8823062216687,328.0345136327067,56.31975460969676,11.522827906960526,371.25,475295.65,True,False,True,False,1,-0.08188550544507578
2023-11-06,343.79998779296875,348.0,334.75,335.45001220703125,148486,333.12684964884613,328.3253174983665,52.23003917950857,11.646197342177631,371.25,487420.4,True,False,True,False,1,-0.09643094355008419
2023-11-07,335.45001220703125,338.8500061035156,332.3999938964844,335.1000061035156,64182,333.3147693111956,328.59099156131356,51.966634214028325,11.275041261095746,371.25,488669.3,True,False,True,False,1,-0.09737372093329122
2023-11-08,336.0,340.5,333.70001220703125,335.1499938964844,119897,333.48955260503266,328.8482073391634,52.00386334641687,10.955394584800962,371.25,482051.45,True,False,True,False,1,-0.09723907367950335
2023-11-09,338.3999938964844,338.3999938964844,332.04998779296875,333.1000061035156,61918,333.45245293822154,329.0149445456086,50.28266784012844,10.62643826470915,371.25,473929.6,True,False,True,False,1,-0.1027609263204966
2023-11-10,333.6499938964844,341.29998779296875,329.79998779296875,339.3500061035156,165661,334.0141246682495,329.4202410772912,55.15586186018984,10.68883553151564,371.25,462694.05,True,False,True,False,1,-0.08592590948547985
2023-11-13,340.8999938964844,343.04998779296875,336.3999938964844,341.70001220703125,122892,334.74611395765726,329.9018007294379,56.86777378398195,10.400346843299122,371.25,256224.25,True,False,True,False,1,-0.07959592671506732
2023-11-15,343.0,343.0,332.25,336.6000061035156,413446,334.92267511440565,330.16447544999,52.20963147970578,10.425322068777756,371.25,249319.65,True,False,True,True,2,-0.09333331689288715
2023-11-16,334.54998779296875,338.3999938964844,330.79998779296875,336.1000061035156,236044,335.0348018752733,330.3972413579714,51.761978597059915,10.223513785544748,371.25,260142.65,True,False,True,False,1,-0.09468011823968858
2023-11-17,336.1000061035156,363.8999938964844,333.20001220703125,349.1000061035156,1138446,336.3743451351059,331.1306831126986,61.10075472085487,11.686118635823918,371.25,259779.75,True,False,True,True,2,-0.059663283222853525
2023-11-20,346.04998779296875,347.3999938964844,334.1000061035156,338.0,1619245,336.52916940795296,331.4000680886712,51.86740026975309,11.92282444755078,371.25,308141.45,True,False,True,True,2,-0.08956228956228951
2023-11-21,339.70001220703125,344.8999938964844,336.0,337.8500061035156,275889,336.65496337895894,331.6530068343514,51.75358816590555,11.706907979617466,371.25,373655.1,True,False,True,False,1,-0.0899663135258838
2023-11-22,336.6000061035156,342.1499938964844,333.25,337.45001220703125,409597,336.73068231496586,331.88034037837804,51.429494393247516,11.506414116536531,371.25,380368.05,True,False,True,True,2,-0.0910437381628788
2023-11-23,341.3999938964844,342.95001220703125,334.8500061035156,337.95001220703125,198049,336.8468089713531,332.11836672459975,51.83552463161334,11.263099258463608,371.25,389350.3,True,False,True,False,1,-0.08969693681607749
2023-11-24,338.1499938964844,342.8999938964844,335.1499938964844,337.6499938964844,115925,336.92330277374657,332.33529328035996,51.55701771718098,11.012163597144779,363.8999938964844,353477.35,True,False,True,False,1,-0.07213520318845379
2023-11-28,338.6499938964844,343.95001220703125,328.04998779296875,332.6499938964844,963398,336.5163209759121,332.34763448099227,47.02259501820445,11.361296512638901,363.8999938964844,307100.55,True,False,False,True,1,-0.08587524189101647
2023-11-29,334.29998779296875,399.1499938964844,334.04998779296875,395.4500122070313,21383694,342.12905347411396,334.82223752907225,75.80521825707734,15.299775333164694,363.8999938964844,342939.3,True,True,True,True,2,0.08669969453069482
2023-11-30,396.7999877929688,397.0,375.6000061035156,382.3999938964844,3798735,345.96438113338735,336.68803189642176,67.58765418401504,15.735505230544671,399.1499938964844,1403209.1,True,False,True,True,2,-0.04196417451115875
2023-12-01,385.0,424.3999938964844,385.0,401.25,6349590,351.2296781683028,339.2198737828366,72.26461058978401,17.611540571220054,399.1499938964844,1587802.6,True,True,True,True,2,0.005261195379249406
2023-12-04,412.75,412.75,396.8500061035156,400.75,822720,355.94589929513114,341.63281990899986,71.96796678429885,17.489287237310364,424.3999938964844,1901178.4,True,False,True,False,1,-0.05572571686288208
2023-12-05,400.8999938964844,409.7999877929688,397.1000061035156,405.9500122070313,1042645,360.70819576293115,344.15506274421676,73.20011130363989,17.147193983891995,424.3999938964844,1938048.65,True,False,True,False,1,-0.043473096029198355
2023-12-06,406.0,407.3999938964844,402.1000061035156,404.75,366270,364.9026533093187,346.5313347934632,72.40912973724656,16.30096497025462,424.3999938964844,1972522.95,True,False,True,False,1,-0.04630064603930517
2023-12-07,403.0,405.7999877929688,398.6000061035156,404.0,530329,368.6262101370026,348.78500793881756,71.88629909916483,15.650894735911658,424.3999938964844,1983412.15,True,False,True,False,1,-0.04806784681872578
2023-12-08,404.4500122070313,407.3999938964844,397.0,403.0499877929688,983336,371.90466515185653,350.9130463644705,71.1851510688256,15.275830390238282,424.3999938964844,2006719.5,True,False,True,False,1,-0.050306329902358726
2023-12-11,405.7999877929688,407.6499938964844,399.0,401.2999877929688,470905,374.70421968910534,352.8890048518626,69.83393850328751,14.802556354970147,424.3999938964844,2049891.45,True,False,True,False,1,-0.05442979838767359
2023-12-12,405.2999877929688,421.1000061035156,397.5,399.5499877929688,1362374,377.0704833180447,354.71884732014126,68.43500443289233,15.430945622723396,424.3999938964844,2070340.8,True,False,True,False,1,-0.05855326687298856
2023-12-13,400.3500061035156,402.2999877929688,392.2000122070313,394.2999877929688,531406,378.71138850613266,356.271048907311,64.27513547420669,15.05016204866726,424.3999938964844,2130176.45,True,False,True,False,1,-0.07092367232893337
2023-12-14,399.6499938964844,400.7000122070313,391.1000061035156,398.5,585995,380.5960181722153,357.9270862050635,66.05292227569282,14.660865195442147,424.3999938964844,2150602.15,True,False,True,False,1,-0.061027319201144126
2023-12-15,398.5,404.9500122070313,390.7000122070313,395.7000122070313,1069576,382.03449379457874,359.408377420827,63.77443820187268,14.631517681481993,424.3999938964844,2159229.6,True,False,True,False,1,-0.06762484001461433
2023-12-18,397.6000061035156,400.6000061035156,390.2999877929688,395.6000061035156,221762,383.3264473478108,360.8276569770108,63.68993370706081,14.322124869272338,424.3999938964844,2200906.2,True,False,True,False,1,-0.06786048116672072
2023-12-19,392.1499938964844,398.4500122070313,392.1499938964844,395.3999938964844,192880,384.47630892387497,362.18343489542156,63.508682482061296,13.74911725793481,424.3999938964844,2155072.0,True,False,True,False,1,-0.06833176347093306
2023-12-20,399.7000122070313,399.7000122070313,381.7000122070313,386.3999938964844,446600,384.6595170165044,363.1331038758554,55.811924318511934,14.052751739510896,424.3999938964844,2083753.75,True,False,True,False,1,-0.08953817282398124
2023-12-21,386.0,392.4500122070313,382.5499877929688,388.6499938964844,171414,385.03956243364536,364.1337662296056,57.208165163478874,13.756128359121725,424.3999938964844,2092289.3,True,False,True,False,1,-0.0842365704857192
2023-12-22,391.7000122070313,398.0,388.5499877929688,395.9500122070313,384368,386.07865288825354,365.381462150289,61.46279319978875,13.448548633972402,424.3999938964844,2080380.15,True,False,True,False,1,-0.0670357730881408
2023-12-26,398.0,402.8999938964844,395.25,399.8999938964844,885576,387.3949710795136,366.73513006190456,63.573252129484494,13.034366152723258,424.3999938964844,2089696.1,True,False,True,False,1,-0.05772855879440897
2023-12-27,401.8500061035156,406.0,398.3500061035156,402.6000061035156,288826,388.84306965322804,368.14159578902655,64.9848406167186,12.649768134420482,424.3999938964844,2128178.65,True,False,True,False,1,-0.051366607225460936
2023-12-28,404.7999877929688,406.2999877929688,401.0,404.7000122070313,180264,390.35325465835217,369.5752591779679,66.0856465521137,12.12478382431679,424.3999938964844,2094450.05,True,False,True,False,1,-0.046418430661566146
2023-12-29,406.7000122070313,413.5,400.5,409.7999877929688,347572,392.2053244806966,371.1526995158111,68.66228895893094,12.18729926543702,424.3999938964844,1034278.55,True,False,True,False,1,-0.03440152288757259
2024-01-01,411.8500061035156,412.7000122070313,400.5,403.9500122070313,155897,393.323866168919,372.43886864095697,62.77112437393728,12.188207332693754,424.3999938964844,861720.4,True,False,True,False,1,-0.048185631440986865
2024-01-02,405.0499877929688,413.8999938964844,403.2999877929688,403.5499877929688,972360,394.2977825140666,373.65891252927116,62.37700793927268,12.074764387752456,421.1000061035156,552035.75,True,False,True,True,2,-0.04167660426543107
2024-01-03,401.3500061035156,408.9500122070313,396.0,398.3500061035156,142230,394.68370857020466,374.6271907086533,57.33733726230919,12.137282089129517,421.1000061035156,559517.75,True,False,True,False,1,-0.05402517138507845
2024-01-04,399.7999877929688,404.8999938964844,398.5499877929688,401.6000061035156,139146,395.3424035733771,375.6849481751185,59.537700638865985,11.738189639403748,421.1000061035156,514497.0,True,False,True,False,1,-0.046307289758638626
2024-01-05,405.0,430.0,405.0,417.4500122070313,1563505,397.4478901099156,377.3227938234288,68.1619868970789,12.928318514909506,421.1000061035156,503140.8,True,False,True,True,2,-0.008667760255474999
2024-01-08,418.5,419.7999877929688,406.2999877929688,408.7000122070313,229197,398.5195207858314,378.55327297572694,60.496086253193035,12.969152906701684,430.0,554799.6,True,False,True,False,1,-0.04953485533248536
2024-01-09,410.0,413.2000122070313,407.6000061035156,408.9500122070313,96892,399.51290092118376,379.74530196518987,60.63231771938635,12.442785277902685,430.0,517092.65,True,False,True,False,1,-0.048953459983648084
2024-01-10,409.75,411.0,405.0,408.3500061035156,143315,400.3545299861678,380.8670550686536,60.096659245429294,11.982586329481064,430.0,498392.0,True,False,True,False,1,-0.050348823015079924
2024-01-11,408.6499938964844,414.3999938964844,401.9500122070313,411.3999938964844,311152,401.4064789300075,382.06442521876465,61.937467717819,12.015971712336208,430.0,437439.05,True,False,True,False,1,-0.043255828147710784
2024-01-12,413.25,414.8999938964844,402.2000122070313,404.2000122070313,158508,401.6725297182955,382.93248745359864,55.43602951110335,12.064829567844555,430.0,426426.35,True,False,True,False,1,-0.059999971611555125
2024-01-15,409.6499938964844,410.2000122070313,394.0,400.2000122070313,836721,401.532289955318,383.6096452870666,52.16029060593998,12.360199756357895,430.0,405052.0,True,False,True,True,2,-0.06930229719295045
2024-01-16,449.0,449.7000122070313,422.0,425.1499938964844,5351797,403.78159509257193,385.2386785658673,65.75364050621337,15.013042630903762,430.0,393409.25,True,False,True,True,2,-0.011279083961664216
2024-01-17,431.5,439.5,427.5,437.2000122070313,1209619,406.9643014844252,387.27637792434433,70.16317486716652,14.965682878947465,449.7000122070313,649911.0,True,False,True,True,2,-0.027796307895685102
2024-01-18,442.0,448.7999877929688,430.7999877929688,433.8999938964844,783603,409.5296055236689,389.104755021291,67.59624378016903,15.182419816165503,449.7000122070313,700747.95,True,False,True,True,2,-0.03513457389739405
2024-01-19,437.7000122070313,441.0,428.7999877929688,434.8999938964844,495443,411.9458329877466,390.9006467418869,67.97855255830362,14.969390701227338,449.7000122070313,717598.1,True,False,True,False,1,-0.03291086926573916
2024-01-23,437.0,441.0,420.0,426.5,398494,413.3319441317707,392.29669981083254,61.42294151293705,15.400148508282529,449.7000122070313,733799.55,True,False,True,False,1,-0.051589974599223654
2024-01-24,430.0,434.2000122070313,422.0499877929688,430.2999877929688,461353,414.94794828998005,393.78702482973983,63.15402964107629,15.167996787266812,449.7000122070313,734505.85,True,False,True,False,1,-0.043139924143767217
2024-01-25,434.2000122070313,437.6000061035156,429.0499877929688,430.6000061035156,138218,416.4386204626977,395.2306711542016,63.294077493957744,14.695284038929671,449.7000122070313,713294.7,True,False,True,False,1,-0.04247277203702293
2024-01-29,431.0,433.5499877929688,422.9500122070313,425.1000061035156,300072,417.2635143332518,396.4020176228022,58.876084828044725,14.402762006573088,449.7000122070313,705764.3,True,False,True,False,1,-0.05470314751112437
2024-01-30,427.0,433.4500122070313,423.6000061035156,431.0,327265,418.5717510634183,397.7588012454374,61.944753579431605,14.077565156354703,449.7000122070313,711754.7,True,False,True,False,1,-0.04158330375677699
2024-01-31,431.1000061035156,444.7999877929688,429.1000061035156,442.6499938964844,569512,420.86491704751984,399.51924017292947,67.15629835473624,14.193452051576024,449.7000122070313,710739.35,True,False,True,False,1,-0.01567715837041439
2024-02-01,444.6000061035156,445.8500061035156,429.3500061035156,432.1000061035156,295044,421.93492552904326,400.79691726824655,59.24392613696375,14.358205476463452,449.7000122070313,731420.1,True,False,True,False,1,-0.03913721508954071
2024-02-02,436.0,437.75,427.5,428.3999938964844,248352,422.5506463259424,401.8793908615108,56.71991418146977,14.064762228144634,449.7000122070313,697554.3,True,False,True,False,1,-0.04736494937149549
2024-02-05,428.7999877929688,431.4500122070313,422.7000122070313,425.2000122070313,365398,422.80296688604614,402.7939250319233,54.55514157906015,13.685136354705731,449.7000122070313,702860.4,True,False,True,False,1,-0.05448076347554287
2024-02-06,433.0,452.0,428.5,441.25,1517621,424.55982718261316,404.30200640322045,62.32246065905052,14.6219114574388,449.7000122070313,714173.0,True,False,True,True,2,-0.01879033128231522
2024-02-07,443.0,446.5,432.0,434.4500122070313,511927,425.5017495658911,405.4842811406248,57.81391106226301,14.613203496193172,452.0,711878.8,True,False,True,False,1,-0.038827406621612104
2024-02-08,441.0499877929688,444.4500122070313,437.0,440.8500061035156,342636,426.9634882837601,406.87117231564014,60.69586238559366,14.283688960750803,452.0,726015.3,True,False,True,False,1,-0.0246681280895672
2024-02-09,445.0,448.8999938964844,431.9500122070313,436.2999877929688,360092,427.85267871320855,408.0252435108295,57.67901407868527,14.474138441372395,452.0,738302.5,True,False,True,False,1,-0.0347345402810425
2024-02-12,441.8500061035156,450.0,437.7999877929688,442.4500122070313,1163109,429.2429009507155,409.37523444009236,60.534379533661664,14.418843710348023,452.0,749141.35,True,False,True,True,2,-0.0211282915773644
2024-02-13,442.4500122070313,459.9500122070313,441.9500122070313,445.1499938964844,853401,430.7578621836459,410.77816618348027,61.7543699161618,14.674640588180306,452.0,791739.2,True,False,True,True,2,-0.015154880759990275
2024-02-14,442.1000061035156,445.9500122070313,437.3500061035156,440.2000122070313,267402,431.6571145668255,411.9319640667568,58.202118302199636,14.240738124989976,459.9500122070313,826483.85,True,False,True,False,1,-0.042939448800601854
2024-02-15,450.0,478.2999877929688,445.8500061035156,473.6499938964844,2573995,435.6564364077454,414.35227896204026,70.5360986553282,15.944969372200513,459.9500122070313,798017.9,True,True,True,True,2,0.0297858056872633
2024-02-16,473.6499938964844,486.0499877929688,465.6499938964844,470.2999877929688,956262,438.95582225395714,416.5463067593316,68.36045229435781,16.263185409649363,478.2999877929688,659127.8,True,False,True,True,2,-0.016725904671071823
2024-02-19,470.3999938964844,471.8999938964844,461.5,466.5,229554,441.5790772773898,418.5052751217108,65.87823327072823,15.844386015851866,486.0499877929688,646459.95,True,False,True,False,1,-0.040222175257611625
2024-02-20,475.0,480.0,465.1000061035156,475.6499938964844,476492,444.8239264792083,420.7462444854274,68.81459680371913,15.776929435897046,486.0499877929688,618757.5,True,False,True,False,1,-0.02139696359978982
2024-02-21,476.9500122070313,485.7999877929688,470.25,474.25,529722,447.62640967166465,422.844430976195,67.8524663269134,15.760719318545029,486.0499877929688,617809.95,True,False,True,False,1,-0.024277313217411223
2024-02-22,474.75,477.4500122070313,468.0499877929688,472.8500061035156,279733,450.02865695088855,424.80543392236444,66.84596744084153,15.306383968224848,486.0499877929688,624371.35,True,False,True,False,1,-0.027157662835032625
2024-02-23,475.0499877929688,479.0499877929688,462.6499938964844,465.0499877929688,1007148,451.4592598882295,426.38365172121166,61.38275371029195,15.384498963100533,486.0499877929688,615290.35,True,False,True,True,2,-0.04320543262505927
2024-02-26,469.1499938964844,471.75,454.3500061035156,455.9500122070313,274506,451.88695058525826,427.54311683830264,55.66668278796176,15.528462886913665,486.0499877929688,658736.85,True,False,True,False,1,-0.061927736533054834
2024-02-27,459.5499877929688,481.0,454.0499877929688,474.1000061035156,1380592,454.00247968223516,429.36887720164435,63.056167106034685,16.34428783835063,486.0499877929688,657458.55,True,False,True,True,2,-0.024585910893064833
2024-02-28,474.75,495.8999938964844,471.4500122070313,484.8500061035156,1749769,456.94033934140475,431.54460774681576,66.60645146550378,16.923265970572235,486.0499877929688,710124.9,True,False,True,True,2,-0.0024688441921416615
2024-02-29,487.4500122070313,487.7999877929688,466.7000122070313,471.3999938964844,627523,458.3174492990314,433.10756406641065,58.97062863594944,17.221602371669753,495.8999938964844,769137.75,True,False,True,False,1,-0.0494051226084794
2024-03-01,474.5,474.75,446.3999938964844,462.0499877929688,917075,458.6729291555969,434.24256107529527,54.30951817218093,18.01648835251589,495.8999938964844,785761.7,True,False,True,True,2,-0.06825974293232506
2024-03-04,470.0,470.0,455.9500122070313,461.5499877929688,605086,458.9469347401085,435.31344055441974,54.06342476178079,17.733166883976804,495.8999938964844,819197.85,True,False,True,False,1,-0.06926801074066136
2024-03-05,461.9500122070313,461.9500122070313,452.0499877929688,453.2999877929688,227811,458.4091302689523,436.01879534808836,50.034731207775856,17.173656707554354,495.8999938964844,831182.25,True,False,True,False,1,-0.08590442957821054
2024-03-06,453.5,454.9500122070313,441.0,445.1000061035156,261919,457.14159463414876,436.3749212600659,46.33860136804819,16.943396386088423,495.8999938964844,766691.75,True,False,False,False,0,-0.10243998471105631
2024-03-07,445.9500122070313,452.8500061035156,443.5499877929688,444.3999938964844,138431,455.92810884960926,436.68962999090587,46.02602472082626,16.397440809264022,495.8999938964844,754191.35,True,False,False,False,0,-0.10385158425864038
2024-03-11,444.3999938964844,446.6000061035156,428.5,431.0,326610,453.55400324488454,436.46650724616444,40.40708016427979,16.51905261599628,495.8999938964844,743981.1,True,False,False,False,0,-0.13087314921409698
2024-03-12,434.8999938964844,434.8999938964844,416.7999877929688,420.8999938964844,896700,450.44409759265596,435.8560557422554,36.76394635194194,16.6319778651048,495.8999938964844,742307.0,True,False,False,True,1,-0.1512401712504472
2024-03-13,422.8999938964844,431.5499877929688,410.5,413.1499938964844,555365,446.89227819302056,434.96562194438206,34.21479104494178,16.947550002809376,495.8999938964844,728986.55,True,False,False,False,0,-0.1668683222796601
2024-03-14,411.0,427.5499877929688,411.0,425.1000061035156,497923,444.81682370830583,434.5787350486618,41.007209615694805,16.91915270210648,495.8999938964844,714084.75,True,False,False,False,0,-0.14277069704450884
2024-03-15,425.1499938964844,437.0,425.1499938964844,433.8500061035156,281688,443.772364888802,434.5501574429698,45.44867113832751,16.560641358847757,495.8999938964844,725610.8,True,False,False,False,0,-0.12512601039862337
2024-03-18,433.8500061035156,435.9500122070313,429.6499938964844,431.2999877929688,146862,442.5845194511036,434.4226998096364,44.39955041231467,15.827739712540557,495.8999938964844,610995.45,True,False,False,False,0,-0.13026821314500836
2024-03-19,432.3999938964844,432.3999938964844,423.7999877929688,428.3500061035156,210944,441.22885151323806,434.184554958416,43.15838360421669,15.31147302618163,495.8999938964844,570525.45,True,False,False,False,0,-0.13621695629032282
2024-03-20,426.0,467.9500122070313,425.2999877929688,437.8999938964844,652931,440.9118174544996,434.3302584461834,48.20613630147772,17.26422669674455,495.8999938964844,569594.95,True,False,False,True,1,-0.11695906576701243
2024-03-21,444.0,449.4500122070313,437.0499877929688,438.3999938964844,260688,440.6725961632601,434.48985591482267,48.46417967720807,16.916783676552974,495.8999938964844,578416.9,True,False,False,False,0,-0.11595079795867613
2024-03-22,441.8500061035156,444.0,433.0,438.6499938964844,99791,440.4799673759481,434.6529985807702,48.60206396253454,16.494156271084904,495.8999938964844,564965.2,True,False,False,False,0,-0.11544666405450799
2024-03-26,441.0,448.0,432.25,437.2000122070313,175450,440.16759069319414,434.7528814680746,47.80320558807398,16.4410022517217,495.8999938964844,555968.1,True,False,False,False,0,-0.11837060377481323
2024-03-27,411.7999877929688,419.7999877929688,402.2000122070313,404.8999938964844,10031325,436.80877195065034,433.5821799946789,34.28443919298219,17.76664494802729,495.8999938964844,514383.2,True,False,False,True,1,-0.18350474111720927
2024-03-28,410.5,415.8999938964844,406.1499938964844,409.2999877929688,1380014,434.1888877451569,432.6299371632393,36.90219009093372,17.28331316602534,495.8999938964844,1002224.15,True,False,False,True,1,-0.17463199671180618
2024-04-01,409.5499877929688,411.3500061035156,403.25,408.0499877929688,1245485,431.6994687020914,431.6660175800915,36.45787195902555,16.627362661560362,495.8999938964844,1002195.25,True,False,False,True,1,-0.17715266623264703
2024-04-02,414.3999938964844,414.3999938964844,406.5,409.8999938964844,758924,429.62332824441455,430.8124480238716,37.654326080713936,16.00397917834065,487.7999877929688,976981.05,False,False,False,False,0,-0.15969658844999113
2024-04-03,409.75,423.8999938964844,407.0,417.8999938964844,940094,428.50682021127835,430.306077273778,42.680507288684844,16.067980229636632,474.75,983551.1,False,False,False,False,0,-0.11974724824331884
2024-04-04,424.0,467.3999938964844,422.6499938964844,458.6499938964844,6353905,431.3775986574885,431.41760341584495,60.25651050692911,18.455981641805444,470.0,984702.05,False,False,True,True,2,-0.02414894915641619
2024-04-05,462.0,462.0499877929688,452.0,456.75,1328132,433.7940178329658,432.4110307328707,59.34282802033093,17.855553509745686,467.9500122070313,1272143.0,True,False,True,True,2,-0.023934206464078844
2024-04-08,480.0,500.0,480.0,484.7000122070313,3611664,438.642207773353,434.4615790259751,67.21772514952755,19.669442544763854,467.9500122070313,1327159.05,True,True,True,True,2,0.035794421547294286
2024-04-09,500.0,500.0,473.0,474.0,1602883,442.0096165568432,436.0121053386819,62.24707045753347,20.193053791566435,500.0,1494646.3,True,False,True,True,2,-0.052000000000000046
2024-04-10,476.8500061035156,483.7000122070313,474.1499938964844,475.25,1064458,445.1753673609534,437.55084630579245,62.595062362732534,19.4435508212425,500.0,1567868.9,True,False,True,False,1,-0.04949999999999999
2024-04-12,487.0,497.8500061035156,482.2000122070313,488.2000122070313,1857407,449.2729525843894,439.53708810584106,66.08308777115506,19.669011912833437,500.0,1604761.3,True,False,True,True,2,-0.023599975585937405
2024-04-15,545.0,558.0,517.3499755859375,522.75,22716586,456.2707666239713,442.80033955267083,73.25006259417148,23.24979590427167,500.0,1652796.65,True,True,True,True,2,0.045500000000000096
2024-04-16,533.1500244140625,537.7000122070312,519.0,519.9500122070312,6885403,462.33545667950085,445.8258169116654,71.92363327658997,22.924811354468787,558.0,2760857.7,True,False,True,True,2,-0.06818994228130604
2024-04-18,530.0,534.4000244140625,516.0999755859375,521.7999877929688,5954326,467.998745356974,448.80519616191265,72.28078405136435,22.594471174015663,558.0,3080231.7,True,False,True,True,2,-0.06487457384772621
2024-04-19,521.7999877929688,526.0,517.25,520.5999755859375,4698361,473.008386331161,451.6206777079529,71.64414141119684,21.60558037587169,558.0,3363863.6,True,False,True,True,2,-0.067025133358535
2024-04-22,531.9500122070312,536.2999877929688,509.0,513.3499755859375,7557820,476.85044245066354,454.0414344874817,67.76094508037632,22.012323762807195,558.0,3591438.55,True,False,True,True,2,-0.08001796489975355
2024-04-23,397.0,415.0,397.0,399.5,6174501,469.4837336458384,451.9025547036589,35.35443801918933,28.75072746445936,558.0,3958782.35,True,False,False,True,1,-0.2840501792114696
2024-04-24,399.0,399.0,382.0499877929688,383.3999938964844,3639614,461.285282241138,449.2161797700442,32.95426690086458,27.943533517500207,558.0,4234860.85,True,False,False,False,0,-0.3129032367446517
2024-04-25,383.3500061035156,383.3500061035156,363.7000122070313,366.0,3324121,452.2104934562677,445.952800171219,30.541082897946964,27.354708386925413,558.0,4403807.15,True,False,False,False,0,-0.34408602150537637
2024-04-26,366.2000122070313,369.7999877929688,348.1000061035156,358.8500061035156,5503195,443.3190184702914,442.5370043254267,29.582446040925944,26.95079933710597,558.0,4565023.65,True,False,False,True,1,-0.3568996306388609
2024-04-29,367.9500122070313,367.9500122070313,354.04998779296875,356.20001220703125,3381895,435.0219702547428,439.1512399286269,29.216412848721944,26.018601128317155,558.0,4831410.9,False,False,False,False,0,-0.36164872364331313
2024-04-30,356.79998779296875,357.0,346.20001220703125,348.1499938964844,2623933,426.74844869681345,435.58256361364096,28.079788642511815,24.93155731864941,558.0,4498939.4,False,False,False,False,0,-0.37607527975540433
2024-05-02,348.20001220703125,352.3500061035156,342.0,343.3999938964844,1898590,418.81050062059165,431.9675608796348,27.402366324452856,23.890017946139853,558.0,4561135.35,False,False,False,False,0,-0.3845878245582718
2024-05-03,344.29998779296875,352.0,342.8999938964844,347.25,1956603,411.99521484720196,428.64530359023735,28.899602077260795,22.833588528809553,558.0,4593790.6,False,False,False,False,0,-0.37768817204301075
2024-05-06,351.3500061035156,352.25,340.79998779296875,344.1000061035156,1514412,405.5290044906604,425.32980172801297,28.38381381917712,22.02047593439682,558.0,4653674.55,False,False,False,False,0,-0.3833333223951333
2024-05-07,345.04998779296875,346.79998779296875,339.1000061035156,341.54998779296875,927018,399.43576480516595,422.0443188285995,27.94894006200549,20.997583488329415,558.0,4682390.45,False,False,False,False,0,-0.38790324768285167
2024-05-08,341.45001220703125,350.75,340.20001220703125,349.6499938964844,963918,394.6942628138629,419.2053256940068,31.537121040364298,20.25132665294651,558.0,4411046.1,False,False,False,False,0,-0.3733871077123936
2024-05-09,351.0,356.3999938964844,341.6000061035156,343.8500061035156,1343709,389.8519526509727,416.25021512183065,30.370803869530334,19.86194530580524,558.0,4392835.4,False,False,False,False,0,-0.3837813510689684
2024-05-10,345.0,346.95001220703125,341.70001220703125,344.3500061035156,793773,385.5184339321672,413.43059908189673,30.609049568270592,18.81823492681915,558.0,4279437.65,False,False,False,False,0,-0.3828852937212982
2024-05-13,345.04998779296875,345.04998779296875,338.0,341.5,780551,381.3262021291037,410.6097912747635,29.979374179155855,17.977645845829837,558.0,4238982.15,False,False,False,False,0,-0.38799283154121866
2024-05-14,342.8999938964844,349.8999938964844,341.95001220703125,347.6499938964844,825777,378.11894420218755,408.14077961287023,33.17404157020327,17.29352784944802,558.0,4224786.8,False,False,False,False,0,-0.3769713371030746
2024-05-15,349.8999938964844,351.6499938964844,347.0,350.20001220703125,854910,375.45999829788695,405.8685926557785,34.508297792203706,16.390418281379187,558.0,4173205.3,False,False,False,False,0,-0.37240141181535613
2024-05-16,353.3500061035156,353.3999938964844,347.04998779296875,350.04998779296875,776482,373.03999729741855,403.67962775919773,34.46469926111075,15.673245982960362,537.7000122070312,3080121.5,False,False,False,False,0,-0.3489864611381326
2024-05-17,351.95001220703125,352.6499938964844,349.04998779296875,349.6000061035156,477074,370.8076171837135,401.55885828250433,34.32462070607343,14.810871705857167,536.2999877929688,2774675.45,False,False,False,False,0,-0.34812602263479087
2024-05-21,349.95001220703125,360.5,348.8999938964844,359.0,1999102,369.68308221383603,399.8898834478963,39.82660200453964,14.581524162832771,536.2999877929688,2500812.85,False,False,False,False,0,-0.3305985303535248
2024-05-22,360.0,360.8999938964844,352.6000061035156,355.3999938964844,772495,368.32278808837395,398.14518189686055,38.49646101854307,14.13284299355677,536.2999877929688,2365849.9,False,False,False,False,0,-0.33731120271126747
2024-05-23,365.0,365.0,356.79998779296875,362.8500061035156,1577725,367.80157075648265,396.76105735594507,42.75718896579286,13.809068929982402,415.0,2026583.65,False,False,False,False,0,-0.12566263589514304
2024-05-24,362.8500061035156,367.25,361.2000122070313,365.8999938964844,1014393,367.6204681983875,395.55081957322113,44.45373011835006,13.25484884876714,399.0,1796744.85,False,False,False,False,0,-0.08295740878074087
2024-05-27,369.0,381.7999877929688,368.0,375.2000122070313,2530950,368.34232953254406,394.75274869611565,49.380183716218,13.443787780746945,383.3500061035156,1665483.8,False,False,False,True,1,-0.021259928959760033
2024-05-28,380.0,383.0,376.3500061035156,379.6000061035156,1334610,369.41448920596997,394.15852349640585,51.568742402717525,13.040659210191357,381.7999877929688,1625825.25,False,False,True,False,1,-0.005762131377139101
2024-05-29,370.0,376.0,351.0,365.2999877929688,1643015,369.0226319285413,393.02681621391815,44.79083008768908,14.152041131143092,383.0,1417396.0,False,False,False,True,1,-0.046214131088854304
2024-05-30,365.25,368.1499938964844,351.6000061035156,356.45001220703125,978921,367.8252395741118,391.5924317430598,41.183217897164084,14.323323035559211,383.0,1330452.0,False,False,False,False,0,-0.06932111695292098
2024-05-31,356.45001220703125,367.7999877929688,346.25,363.9500122070313,4203428,367.4561703010565,390.50841529066656,45.210671850810044,14.839513375374183,383.0,1248201.4,False,False,False,True,1,-0.04973887152211143
2024-06-03,372.8999938964844,374.9500122070313,353.04998779296875,355.1000061035156,1363977,366.2793927584335,389.1198502245038,41.59156369354357,15.343835592423353,383.0,1363443.3,False,False,False,True,1,-0.07284593706653886
2024-06-04,354.95001220703125,354.95001220703125,311.1000061035156,331.1499938964844,1823274,362.9337357239622,386.84652252536586,33.7239079486239,17.390704478678828,383.0,1333812.0,False,False,False,True,1,-0.1353786060144011
2024-06-05,332.79998779296875,339.5,323.25,337.1000061035156,947116,360.47338052201485,384.8956787441169,36.91656475186116,17.309225587344624,383.0,1349255.1,False,False,False,False,0,-0.11984332610048143
2024-06-06,344.1499938964844,360.0,341.20001220703125,357.29998779296875,1878491,360.17115264305806,383.81349478524834,46.36317890093932,17.708566180854607,383.0,1350260.0,False,False,False,True,1,-0.06710185954838443
2024-06-07,359.0,361.2999877929688,351.6499938964844,360.20001220703125,693382,360.17390117296026,382.8874758606124,47.576900001924905,17.132953874828168,383.0,1395988.65,False,False,False,False,0,-0.05952999423751637
2024-06-10,363.4500122070313,363.4500122070313,356.29998779296875,360.5499877929688,641322,360.2097189462944,382.01149593639116,47.73061775151811,16.419887484773483,383.0,1363472.3,False,False,False,False,0,-0.05861621986170029
2024-06-11,361.0,361.25,355.0,358.3999938964844,778622,360.0373641796458,381.08555467992426,46.82229913560042,15.693466950146806,383.0,1355849.75,False,False,False,False,0,-0.06422978094912701
2024-06-12,359.8500061035156,364.0499877929688,356.6000061035156,361.75,497155,360.2004723530129,380.32729763365273,48.4678542805382,15.104646574382977,383.0,1355753.3,False,False,False,False,0,-0.055483028720626604
2024-06-13,362.9500122070313,364.8999938964844,360.5,362.8999938964844,614218,360.4575696428673,379.64387395768534,49.05070280599118,14.34002852596165,383.0,1339322.2,False,False,False,False,0,-0.05248043369064137
2024-06-14,362.9500122070313,364.1499938964844,356.5,358.1000061035156,699552,360.2330397819767,378.79901639477674,46.67760664551377,13.862168909570416,383.0,1327287.6,False,False,False,False,0,-0.06501303889421506
2024-06-18,358.1000061035156,359.0,353.0,353.6499938964844,731912,359.60608303097746,377.8127802183732,44.526819037327094,13.300585416029673,383.0,1323441.1,False,False,False,False,0,-0.07663186972197289
2024-06-19,355.8999938964844,358.3500061035156,351.0,352.0,709488,358.8816941708844,376.8005143274566,43.72237013941822,12.875544036564383,383.0,1336183.0,False,False,False,False,0,-0.08093994778067881
2024-06-20,352.1000061035156,358.0,350.54998779296875,356.25,738738,358.6310566308002,375.99461180481126,46.408128813890016,12.488006048740589,383.0,1271702.3,False,False,False,False,0,-0.06984334203655351
2024-06-21,342.0,380.3999938964844,341.0,367.5499877929688,23702318,359.4804786462448,375.66345007885667,52.85097329024338,14.410290895008002,383.0,1270014.45,False,False,True,True,2,-0.04033945745961143
2024-06-24,373.25,387.7000122070313,362.2999877929688,364.25,6927535,359.9347187751739,375.2158638012545,50.925518913478555,15.195271860654751,383.0,2376244.1,False,False,True,True,2,-0.048955613577023493
2024-06-25,362.1499938964844,362.5,351.1499938964844,354.70001220703125,3926043,359.43617529249366,374.41132060148107,45.732924693984046,15.0456100208591,387.7000122070313,2671901.2,False,False,False,True,1,-0.08511735610257887
2024-06-26,354.0,355.70001220703125,350.6000061035156,352.20001220703125,1238512,358.74701690340197,373.5402888997379,44.455039613532236,14.335209741048851,387.7000122070313,2741655.85,False,False,False,False,0,-0.09156564065580453
2024-06-27,353.25,353.95001220703125,342.20001220703125,346.8500061035156,2191688,357.61396825579374,372.4936111430233,41.765491182578025,14.150551902402505,387.7000122070313,2736850.95,False,False,False,False,0,-0.10536498534258965
2024-06-28,346.0,350.29998779296875,343.3999938964844,346.6499938964844,1952911,356.5697802215738,371.4801359568845,41.6640051460702,13.632654901979782,387.7000122070313,2764284.6,False,False,False,False,0,-0.10588087959261216
2024-07-01,347.8999938964844,353.95001220703125,344.04998779296875,350.6000061035156,1536079,356.00123030556824,370.6613073351838,44.53061549456537,13.36603843855712,387.7000122070313,2812984.1,False,False,False,False,0,-0.09569255851275116
2024-07-02,352.70001220703125,353.6499938964844,345.29998779296875,349.79998779296875,1061912,355.4106357805588,369.843216372744,44.05839277428893,13.007750414625585,387.7000122070313,2679616.65,False,False,False,False,0,-0.09775605679843002
2024-07-03,351.04998779296875,351.1000061035156,345.5,346.75,643194,354.58581332526745,368.9376000444011,42.22019890553569,12.478625820974873,387.7000122070313,2664513.4,False,False,False,False,0,-0.1056229324676009
2024-07-04,346.3999938964844,349.8999938964844,343.3500061035156,345.1000061035156,939194,353.6824031136721,368.0027924388762,41.218305052841615,12.055151676117292,387.7000122070313,2605509.4,False,False,False,False,0,-0.10987878452984756
2024-07-05,347.45001220703125,348.0,339.6000061035156,340.1000061035156,1737014,352.3888414936572,366.9085655237641,38.25572418076053,11.794068977572085,387.7000122070313,2605113.3,False,False,False,False,0,-0.12277535363629888
2024-07-08,341.95001220703125,342.1000061035156,335.6000061035156,340.1000061035156,982073,351.2184762184056,365.8572494680681,38.25572418076053,11.415921193459793,387.7000122070313,2598039.45,False,False,False,False,0,-0.12277535363629888
2024-07-09,342.04998779296875,342.04998779296875,336.1000061035156,340.8999938964844,1169039,350.2357636163179,364.87853356330015,39.06837793791159,11.025496943173604,387.7000122070313,2612474.0,False,False,False,False,0,-0.12071193406503111
2024-07-10,341.1000061035156,344.8999938964844,338.5,342.0,961252,349.4514051766686,363.98133616866096,40.23321494432151,10.695103868410087,387.7000122070313,2638859.85,False,False,False,False,0,-0.11787467311872968
2024-07-11,343.95001220703125,343.95001220703125,338.5,339.25,569382,348.4798427788906,363.01147984832136,38.26381910130338,10.320454464025884,387.7000122070313,2647991.35,False,False,False,False,0,-0.12496778612727788
2024-07-12,339.70001220703125,340.5,335.25,337.1000061035156,689158,347.39604880980727,361.9953436230349,36.74926043787162,9.958279145166893,387.7000122070313,2651602.7,False,False,False,False,0,-0.13051329510016974
2024-07-15,339.6000061035156,339.6000061035156,332.79998779296875,335.25,696606,346.2392822564923,360.94650661821,35.44902298240373,9.732689085551177,387.7000122070313,2655349.7,False,False,False,False,0,-0.1352850414124389
2024-07-16,334.20001220703125,337.0,332.04998779296875,335.45001220703125,1092047,345.2117327279722,359.9466440922814,35.713848312235854,9.39106930851404,387.7000122070313,2655202.4,False,False,False,False,0,-0.1347691471624165
2024-07-18,334.95001220703125,335.6000061035156,330.5,333.70001220703125,1676500,344.1153783926445,358.91736441050693,34.38465660425008,9.084564793871298,387.7000122070313,2673209.15,False,False,False,False,0,-0.13928294634967442
2024-07-19,333.0,333.0,316.29998779296875,321.75,2332862,341.9853423552498,357.45982070813415,26.996001416436258,9.678526195313527,387.7000122070313,2721559.75,False,False,False,False,0,-0.1701057779998575
2024-07-22,317.0,329.6000061035156,315.5,327.95001220703125,991319,340.6486442458957,356.302573315934,34.821531070951494,9.994346188756534,387.7000122070313,2801265.95,False,False,False,False,0,-0.15411400082209348
2024-07-23,332.0,332.6000061035156,321.0,325.8999938964844,748947,339.2440108792851,355.110315299485,33.54127586348774,10.109036182667898,387.7000122070313,1665716.0,False,False,False,False,0,-0.15940164138438506
2024-07-24,321.29998779296875,325.54998779296875,319.45001220703125,321.8500061035156,1367773,337.58743899587853,353.8059894486627,31.107947579717973,9.847675147438272,362.5,1356786.6,False,False,False,True,1,-0.11213791419719832
2024-07-25,320.0,328.8999938964844,319.5,325.54998779296875,1648628,336.44101507179187,352.697910952361,35.697590679840616,9.81569791522728,355.70001220703125,1228873.1,False,False,False,True,1,-0.08476250598640411
2024-07-26,325.0,336.1499938964844,324.04998779296875,331.8999938964844,804498,336.0085368646197,351.88230636193447,42.74721047233729,9.978862785819306,353.95001220703125,1249378.9,False,False,False,False,0,-0.062296984178798254
2024-07-29,332.1499938964844,344.70001220703125,332.1499938964844,342.0,1872414,336.5791524013226,351.49476493597626,51.79886361060939,10.180373894728419,353.95001220703125,1180019.4,False,False,True,True,2,-0.033761864090688265
2024-07-30,342.0,349.5,335.5,348.04998779296875,3089213,337.6716129148127,351.3596756362505,56.25983291470704,10.453204330819247,353.95001220703125,1175994.55,False,False,True,True,2,-0.01666908944930756
2024-07-31,349.1499938964844,349.95001220703125,344.04998779296875,347.04998779296875,711862,338.5647914746371,351.19066826984727,55.3480231134695,10.127977193908052,353.6499938964844,1253651.25,False,False,True,False,1,-0.018662537020847525
2024-08-01,362.5,373.6000061035156,354.8999938964844,368.2000122070313,9610261,341.3871934491508,351.85770136542317,67.38705151578215,11.300980130810824,351.1000061035156,1236148.75,False,True,True,True,2,0.04870408945100979
2024-08-02,368.0,379.2000122070313,359.25,372.1499938964844,3236015,344.3169839679445,352.6534775431118,69.06460108270362,11.918768136255144,373.6000061035156,1684502.1,False,False,True,True,2,-0.0038811889275759404
2024-08-05,367.0,372.1499938964844,358.1000061035156,368.5499877929688,2623080,346.6248890941373,353.2768701019298,65.74532765720264,12.070998111734689,379.2000122070313,1799343.15,False,False,True,True,2,-0.0280855065169352
2024-08-06,378.0,383.6000061035156,374.2999877929688,379.0,3121832,349.7082329899337,354.285620294011,70.21954515470998,12.283785268792698,379.2000122070313,1843646.45,False,False,True,True,2,-0.0005274583348960915
2024-08-07,383.7000122070313,397.3999938964844,375.0,395.5,3488550,354.0693536575591,355.90187047855954,75.63174204422744,13.006371599342103,383.6000061035156,1950634.4,False,True,True,True,2,0.031021881405479235
2024-08-08,394.5499877929688,400.75,390.0,397.8999938964844,2309329,358.2437003469805,357.548855710635,76.30624979226668,12.845202199389096,397.3999938964844,2066609.95,True,True,True,True,2,0.001258178177351077
2024-08-09,403.5499877929688,410.4500122070313,392.6499938964844,408.0499877929688,7770098,362.98715629421747,359.5292922628834,78.95885249371436,13.199117635900372,400.75,2134013.8,True,True,True,True,2,0.01821581482961654
2024-08-12,408.5,408.5,383.1000061035156,385.5,2495294,365.13123664714914,360.54775138982916,62.277393170043396,14.070608797370658,410.4500122070313,2494049.6,True,False,True,True,2,-0.06078696909490289
2024-08-13,386.1499938964844,392.3999938964844,381.0499877929688,390.0,1978049,367.4996902998016,361.7027415314045,63.915725771281885,13.876280033523868,410.4500122070313,2584356.4,True,False,True,False,1,-0.04982339285865656
2024-08-14,391.5,395.0,382.2999877929688,388.1499938964844,945096,369.46638588043805,362.73988868297624,62.709907480997394,13.792260903060106,410.4500122070313,2648428.55,True,False,True,False,1,-0.05433065573719309
2024-08-16,390.4500122070313,392.5499877929688,384.25,391.1000061035156,552637,371.5267306635883,363.8520501504484,63.88009660581619,13.399955680910727,410.4500122070313,2641081.0,True,False,True,False,1,-0.04714339268616108
2024-08-19,393.0,396.8500061035156,389.7999877929688,395.8999938964844,496830,373.84799382862604,365.1088322581361,65.76271754904934,12.946388725884734,410.4500122070313,2584887.85,True,False,True,False,1,-0.03544894110810237
2024-08-20,398.0,398.3999938964844,388.25,393.3999938964844,842767,375.710089073184,366.218289577287,63.89476373746198,12.746646238070424,410.4500122070313,2493086.25,True,False,True,False,1,-0.041539816794905815
2024-08-21,393.3999938964844,402.0,388.7999877929688,401.1499938964844,1031371,378.1329371515936,367.58816033490257,67.02197618668372,12.779029521567622,410.4500122070313,2485658.65,True,False,True,False,1,-0.022658102165814986
2024-08-22,399.0,402.7000122070313,395.25,401.2999877929688,793893,380.33932292696267,368.9101927842385,67.08140336031087,12.398385427672173,410.4500122070313,2499779.85,True,False,True,False,1,-0.02229266449490863
2024-08-23,399.0,403.6499938964844,397.0,400.3500061035156,1552513,382.2451022771106,370.1431266398964,66.26691750191173,11.987786032587332,410.4500122070313,2471085.85,True,False,True,False,1,-0.02460715264498814
2024-08-26,399.0499877929688,408.1499938964844,397.6000061035156,405.0499877929688,1268658,384.4169961357638,371.5120231557032,68.3165654733605,11.885086158328862,410.4500122070313,2466280.1,True,False,True,False,1,-0.013156350964703356
2024-08-27,406.8999938964844,415.0,399.7000122070313,410.25,1249932,386.87728221807197,373.0311595025384,70.45547833593798,12.129007703660278,410.4500122070313,2489488.1,True,False,True,False,1,-0.0004872997955484015
2024-08-28,407.0499877929688,417.5,407.0499877929688,409.8999938964844,488146,389.0699214255398,374.47699614543825,70.11238560169173,12.009079453901059,415.0,2458364.0,True,False,True,False,1,-0.012289171333772608
2024-08-29,410.2000122070313,412.2999877929688,400.1000061035156,402.1499938964844,925297,390.3156426132488,375.5622117435185,62.81795622462485,12.022715327869069,417.5,2328310.65,True,False,True,False,1,-0.036766481685067354
2024-08-30,402.0,411.7999877929688,399.3500061035156,406.7000122070313,1985268,391.8760587650376,376.7833019577739,65.11282823077102,12.053234353696505,417.5,2338982.4,True,False,True,False,1,-0.025868234234655563
2024-09-02,408.0,408.6000061035156,401.0,402.2000122070313,892057,392.8592924261799,377.78003569303894,61.09653126436053,11.735146621540729,417.5,1957732.75,True,False,True,False,1,-0.03664667734842797
2024-09-03,402.0,407.9500122070313,399.4500122070313,400.2999877929688,410570,393.5679300801597,378.6631710695068,59.42969063450625,11.504064720002106,417.5,1840534.85,True,False,True,False,1,-0.041197634028817265
2024-09-04,400.2999877929688,409.0,398.75,406.8500061035156,1087775,394.8328897014317,379.7685371492719,63.16093848224312,11.414488668573384,417.5,1729909.35,True,False,True,False,1,-0.025508967416729034
2024-09-05,407.7000122070313,408.0,403.7999877929688,406.0,382101,395.8964240155811,380.7972219669475,62.35942270030309,10.89916892132037,417.5,1628206.5,True,False,True,False,1,-0.02754491017964067
2024-09-06,407.0,422.5,405.1000061035156,412.7999877929688,2179625,397.50628723247513,382.0522323914974,66.0690501248975,11.363513562403515,417.5,1472884.05,True,False,True,True,2,-0.011257514268338209
2024-09-09,415.0,415.0,405.2999877929688,408.25,1049107,398.52949797223937,383.07959582712493,61.68815759573538,11.244692037019778,422.5,1466398.85,True,False,True,False,1,-0.03372781065088759
2024-09-10,409.25,413.9500122070313,406.5,410.1499938964844,412726,399.6362118697865,384.14118006513905,62.7974943082637,10.973643477734887,422.5,1130349.3,True,False,True,False,1,-0.02923078367696008
2024-09-11,410.0,411.25,406.7000122070313,408.5,379976,400.4803821679021,385.09642790572184,61.14178801887013,10.514810928823017,422.5,1026220.9,True,False,True,False,1,-0.03313609467455625
2024-09-12,410.4500122070313,421.0,409.75,417.0,1707645,402.0536791042924,386.3475483800073,66.10036715958776,10.6566101481928,422.5,946317.25,True,False,True,True,2,-0.013017751479289963
2024-09-13,419.1000061035156,420.75,414.0,415.7000122070313,856712,403.3533298759819,387.4986253928318,64.73970537767664,10.37756656617903,422.5,984444.7,True,False,True,False,1,-0.01609464566383123
2024-09-16,420.0,420.0,412.1499938964844,416.7000122070313,536390,404.624442478939,388.6437778169181,65.33090510830598,10.197026533131645,422.5,999648.45,True,False,True,False,1,-0.013727781758505753
2024-09-17,416.9500122070313,419.0499877929688,408.3999938964844,413.8999938964844,704486,405.50782832822904,389.63421766317555,62.18683446380348,10.2293813447997,422.5,1001626.45,True,False,True,False,1,-0.020355044031989622
2024-09-18,413.0,429.3500061035156,408.7000122070313,420.9500122070313,1537652,406.9785125071626,390.86228803744444,66.55161872502327,10.973710812777172,422.5,994712.4,True,False,True,True,2,-0.0036686101608726096
2024-09-19,437.75,439.0,410.3999938964844,417.25,2533437,407.95674941124236,391.8971002712702,62.475673944470216,12.232731904972777,429.3500061035156,1020026.45,True,False,True,True,2,-0.02818214960173615
2024-09-20,419.8500061035156,425.8999938964844,416.9500122070313,421.25,852795,409.2227732768383,393.04819437827916,64.9732087024845,11.99824974672137,439.0,1107003.65,True,False,True,False,1,-0.04043280182232345
2024-09-23,427.6499938964844,431.8500061035156,421.0,422.3500061035156,711946,410.4729859269981,394.19728503417076,65.65029104579853,11.916232343635246,439.0,1072017.75,True,False,True,False,1,-0.0379270931582788
2024-09-24,423.0,424.8500061035156,418.0,420.8999938964844,621913,411.4660343050444,395.2444500875948,63.89688669867903,11.554359040769558,439.0,1044182.15,True,False,True,False,1,-0.041230082240354515
2024-09-25,421.5,425.0,417.8999938964844,420.25,586003,412.3026024664687,396.2250598880813,63.08352506998944,11.236190973822849,439.0,1012781.2,True,False,True,False,1,-0.04271070615034167
2024-09-26,420.2999877929688,421.0499877929688,408.1000061035156,411.1000061035156,637462,412.18806947952083,396.808391112216,52.87918459336187,11.358604596367872,439.0,1017674.05,True,False,True,False,1,-0.06355351684848376
2024-09-27,411.1000061035156,417.2000122070313,409.0499877929688,415.5499877929688,658588,412.50825217603966,397.54335568793175,56.559506764870456,11.129420297631773,439.0,1003282.3,True,False,True,False,1,-0.053416884298476575
2024-09-30,414.9500122070313,416.7000122070313,407.1000061035156,415.1000061035156,325999,412.7550858834183,398.23185178266056,56.082503083177066,11.02017642662348,439.0,936948.3,True,False,True,False,1,-0.054441899536410876
2024-10-01,415.0,419.8500061035156,411.7999877929688,417.3500061035156,328033,413.1926973329514,398.9815833246549,57.99032485413514,10.808022275475148,439.0,908645.4,True,False,True,False,1,-0.04931661479836991
2024-10-03,412.0499877929688,423.2000122070313,411.0,422.2999877929688,765772,414.06005832914354,399.89603055870646,61.91054730044357,10.90745012772916,439.0,904518.55,True,False,True,False,1,-0.038041030084353555
2024-10-04,421.0,421.0,407.0,412.4500122070313,806025,413.9067206032281,400.3883435645231,51.59315945206892,11.221202818103421,439.0,888418.4,True,False,True,False,1,-0.06047833210243436
2024-10-07,412.0,419.8500061035156,401.7000122070313,405.8500061035156,787178,413.13941446039837,400.60252640918947,46.054882626562936,11.7161164665592,439.0,909614.6,True,False,False,False,0,-0.07551251457057939
2024-10-08,405.8500061035156,422.0,402.5499877929688,418.3500061035156,753989,413.6356612835524,401.2985060050454,55.744381374318124,12.268537590878628,439.0,839992.25,True,False,True,False,1,-0.047038710470351686
2024-10-09,420.0499877929688,425.0,416.0499877929688,420.7999877929688,484631,414.317978093973,402.0632699967287,57.36095018558565,12.031500063460955,439.0,825236.35,True,False,True,False,1,-0.04145788657638083
2024-10-10,421.0,426.7999877929688,417.0,418.2999877929688,294380,414.697217112925,402.7000040279538,55.14728581122256,11.872106329854372,439.0,828831.6,True,False,True,False,1,-0.04715264739642644
2024-10-11,418.0,420.9500122070313,413.4500122070313,420.2000122070313,281669,415.2212928361732,403.3862788585059,56.52063963647601,11.55981302057906,439.0,824551.8,True,False,True,False,1,-0.04282457356029312
2024-10-14,420.0,423.1499938964844,414.0499877929688,416.7999877929688,255435,415.3716447368204,403.9123066598574,53.3713716763549,11.384112526503097,439.0,753253.0,True,False,True,False,1,-0.050569503888453715
2024-10-15,416.7999877929688,428.4500122070313,413.0499877929688,425.8999938964844,723940,416.37434465678837,404.774568904431,59.82370458719623,11.670963375614484,439.0,723189.15,True,False,True,True,2,-0.02984056060026341
2024-10-16,422.0,436.3500061035156,420.7999877929688,427.9500122070313,1023199,417.4767891853829,405.6834098182585,61.128656237808315,11.948038728109651,439.0,732566.65,True,False,True,True,2,-0.025170815018151882
2024-10-17,428.0,433.0,418.1000061035156,419.6499938964844,408952,417.6837610626307,406.2311189977968,53.545446462360594,12.158892668707846,439.0,748502.3,True,False,True,False,1,-0.044077462650377264
2024-10-18,415.8999938964844,427.1000061035156,411.0,425.25,486959,418.40435524714206,406.9769574684714,57.3864935068305,12.440400771194115,439.0,692067.3,True,False,True,False,1,-0.031321184510250566
2024-10-21,424.0,430.6499938964844,418.1499938964844,428.2999877929688,662798,419.3467964419827,407.8131547360988,59.35753453912387,12.444657858965964,436.3500061035156,589743.4,True,False,True,True,2,-0.018448534887007928
2024-10-22,425.0,428.7999877929688,402.3500061035156,405.2000122070313,1020368,417.9994836577016,407.7106785584883,43.098122207673946,13.445038132572193,436.3500061035156,580243.55,True,False,False,True,1,-0.07138763254444547
2024-10-23,407.0,411.25,396.2000122070313,402.0,702227,416.47572330934906,407.48673037972407,41.40605487242332,13.559677394029087,436.3500061035156,595664.65,True,False,False,True,1,-0.07872122292434836
2024-10-24,430.0,457.8999938964844,422.3500061035156,443.4500122070313,22407345,419.04470320436644,408.8970551572655,62.14048336700489,16.583985715633037,436.3500061035156,599680.35,True,True,True,True,2,0.01627135557282733
2024-10-25,439.0,464.0,437.0499877929688,448.75,6627286,421.8737790896649,410.45991573933355,63.899567550073016,17.324416179304336,457.8999938964844,1690747.45,True,False,True,True,2,-0.019982515873439577
2024-10-28,452.75,452.75,437.0,438.6499938964844,1131394,423.4715138331715,411.5654090003983,58.33686198576493,17.2119578807826,464.0,1990238.65,True,False,True,False,1,-0.054633633843783724
2024-10-29,439.1499938964844,441.7000122070313,427.0,430.6499938964844,739122,424.15517860110606,412.3138240943625,54.304348779886986,17.032533189800365,464.0,2013878.95,True,False,True,False,1,-0.07187501315412848
2024-10-30,430.6499938964844,442.9500122070313,430.6499938964844,437.7000122070313,739058,425.44516275405135,413.3093608830946,57.11752853141446,16.694496412710834,464.0,2034535.1,True,False,True,False,1,-0.0566810081745015
2024-10-31,436.9500122070313,446.0,434.7999877929688,444.6000061035156,858428,427.2694335492384,414.5364450093856,59.730541395034734,16.30203325516229,464.0,2055086.35,True,False,True,False,1,-0.04181033167345771
2024-11-01,446.25,450.6000061035156,441.3500061035156,444.8999938964844,126173,428.94853453469034,415.72717241672285,59.84510319122823,15.79831659407927,464.0,2059719.15,True,False,True,False,1,-0.04116380625757676
2024-11-04,442.0499877929688,443.75,434.7999877929688,438.8999938964844,618996,429.8962925691469,416.6359105139684,56.38971927947588,15.391294416181863,464.0,2025726.55,True,False,True,False,1,-0.05409484074033544
2024-11-05,438.7999877929688,442.0,427.0,439.25,777864,430.7871218482758,417.52273755263633,56.54733269406961,15.363344815026016,464.0,2017317.45,True,False,True,False,1,-0.05334051724137934
2024-11-06,440.0,443.6000061035156,435.0499877929688,442.1499938964844,1597319,431.8693001385813,418.4885123112186,57.90484131432563,14.876678636134645,464.0,2018511.2,True,False,True,False,1,-0.04709053039550781
2024-11-07,445.0,445.5,434.2999877929688,435.1499938964844,663135,432.18174716314354,419.14190374593494,53.55557054981082,14.6140596054844,464.0,2074145.6,True,False,True,False,1,-0.062176737292059525
2024-11-08,436.2999877929688,439.8500061035156,433.1499938964844,438.2000122070313,532515,432.75491526256144,419.88928054833093,55.136750809105834,14.04877050559489,464.0,2092583.35,True,False,True,False,1,-0.05560342196760493
2024-11-11,440.0,443.3999938964844,435.0,438.5,596640,433.30206618993657,420.6191126836905,55.297949317089056,13.645286462086997,464.0,2105125.65,True,False,True,False,1,-0.05495689655172409
2024-11-12,439.0,452.8500061035156,435.5,438.2999877929688,2248490,433.7780587235587,421.31248033503476,55.15565160541139,13.909909293617615,464.0,2122185.9,True,False,True,True,2,-0.0553879573427396
2024-11-13,438.2999877929688,441.0,430.1000061035156,432.2999877929688,566641,433.6372900635025,421.743362980444,50.92237206657417,13.694915336679525,464.0,2198413.4,True,False,True,False,1,-0.06831899182549828
2024-11-14,435.0,440.9500122070313,426.75,430.3999938964844,730914,433.3289761428341,422.08283870264165,49.623518705330895,13.730993684561795,464.0,2175585.5,True,False,False,False,0,-0.07241380625757676
2024-11-18,431.0,436.5,427.0499877929688,430.3500061035156,695554,433.04526471051804,422.4070413458132,49.58768252206813,13.42520929330961,464.0,2191683.6,True,False,False,False,0,-0.07252153857000943
2024-11-19,432.8999938964844,440.5,428.1000061035156,433.0499877929688,420963,433.0457145278943,422.82441179472124,51.61995529145628,13.351979622107807,464.0,2202113.35,True,False,True,False,1,-0.06670261251515341
2024-11-21,431.9500122070313,437.7000122070313,426.0,428.1499938964844,632503,432.57945542014096,423.0332581516531,47.84991566028267,13.233981949602343,464.0,2190021.6,True,False,False,False,0,-0.07726294418861124
2024-11-22,429.3500061035156,434.6000061035156,428.0,432.2999877929688,544405,432.5528394556484,423.3966593140577,51.106877482355905,12.760126532024723,464.0,2170628.35,True,False,True,False,1,-0.06831899182549828
2024-11-25,437.7999877929688,442.6499938964844,432.5499877929688,439.2999877929688,2038402,433.19542501158367,424.0203192544071,56.088503863163645,12.587975072845499,464.0,2162737.25,True,False,True,False,1,-0.053232784928946564
2024-11-26,439.2999877929688,441.7999877929688,435.6000061035156,439.8500061035156,874980,433.82919463938674,424.6410912877055,56.463854490153054,12.131689831174619,464.0,1144290.1,True,False,True,False,1,-0.05204740063897495
2024-11-27,444.0,484.0,439.8500061035156,478.6000061035156,9508587,438.09308144549425,426.75712716283533,73.59112254847594,14.418711550125316,452.8500061035156,856674.8,True,True,True,True,2,0.05686209485026228
2024-11-28,482.5,494.7000122070313,475.2999877929688,488.7000122070313,2884591,442.9127891370692,429.18625990966655,76.2173534833405,14.774519611835116,484.0,1275534.45,True,True,True,True,2,0.009710769022791998
2024-11-29,502.0,510.0,490.1000061035156,499.9500122070313,4088473,448.34490561992277,431.96130901936715,78.75199581687882,15.240624481916086,494.7000122070313,1382807.9,True,True,True,True,2,0.010612492157778375
2024-12-02,507.5,524.6500244140625,493.7999877929688,495.5499877929688,7905436,452.84062773164146,434.4549826967633,75.36873874701854,16.355582491857344,510.0,1550278.65,True,False,True,True,2,-0.028333357268688575
2024-12-03,498.5,498.6000061035156,481.5499877929688,483.1000061035156,2063494,455.7224732908676,436.3626306734987,66.64434881832119,16.405185050335163,524.6500244140625,1902629.05,True,False,True,True,2,-0.07919568546089484
2024-12-04,485.5,486.2000122070313,476.5499877929688,484.3500061035156,1111817,458.44890498731024,438.24448853349935,67.05667155146413,15.922673576315688,524.6500244140625,1999495.1,True,False,True,False,1,-0.07681314483031731
2024-12-05,489.7999877929688,499.9500122070313,487.6000061035156,488.75,2850690,461.33472355994735,440.22509682630334,68.53127014421487,15.899625899687116,524.6500244140625,2024136.15,True,False,True,True,2,-0.06842661344418355
2024-12-06,491.0,495.75,483.6499938964844,490.7000122070313,1481031,464.1314177168125,442.2045052726064,69.18949621218718,15.628224485674867,524.6500244140625,2127777.45,True,False,True,False,1,-0.06470982679348414
2024-12-09,490.5,494.3999938964844,488.1000061035156,491.1000061035156,660087,466.69985470602234,444.1219758934264,69.33120386675647,14.961921864767287,524.6500244140625,2121963.05,True,False,True,False,1,-0.0639474254251986
2024-12-10,493.0499877929688,493.6000061035156,484.5499877929688,486.0499877929688,413953,468.54272452382673,445.76621165419283,65.25078698094413,14.539643039465826,524.6500244140625,2121810.65,True,False,True,False,1,-0.07357292447322927
2024-12-11,486.0499877929688,492.1000061035156,483.25,489.0499877929688,514090,470.49579721612594,447.4636146400272,66.51169091419243,14.133240401183668,524.6500244140625,2115882.55,True,False,True,False,1,-0.06785482695984313
2024-12-12,489.0499877929688,492.7000122070313,483.1000061035156,483.7999877929688,498778,471.76286298534905,448.8885704499465,62.25443227834277,13.80943795135024,524.6500244140625,2111755.05,True,False,True,False,1,-0.07786149760826877
2024-12-13,482.4500122070313,484.3999938964844,474.1499938964844,480.2999877929688,501300,472.57592249083666,450.12039073790817,59.51927019182042,13.555192383396653,524.6500244140625,2024269.45,True,False,True,False,1,-0.0845326113738859
2024-12-16,478.7000122070313,485.5499877929688,472.2999877929688,480.7999877929688,567499,473.3591668053254,451.3235121910478,59.79105309475678,13.533392927439749,524.6500244140625,2021002.4,True,False,True,False,1,-0.08357959512165491
2024-12-17,479.8999938964844,491.8999938964844,477.4500122070313,488.2999877929688,1045647,474.7821021374819,452.77357005778987,63.72523428850214,13.598863553297843,524.6500244140625,2012831.65,True,False,True,False,1,-0.06928435133818966
2024-12-18,488.25,498.6000061035156,487.0,495.0,1456622,476.7076162196265,454.42950848689617,66.84603573216052,13.456088021170542,524.6500244140625,2030336.3,True,False,True,False,1,-0.05651391029129582
2024-12-19,487.8999938964844,494.25,481.0,491.8500061035156,626475,478.1497485895207,455.8969789816656,64.05581300738426,13.494938876801218,524.6500244140625,2082119.25,True,False,True,False,1,-0.06251790104685206
2024-12-20,494.4500122070313,507.5,482.3999938964844,486.3500061035156,1489665,478.93072549561543,457.0912153393852,59.394113456894274,14.323872250137962,524.6500244140625,2081817.85,True,False,True,False,1,-0.07300107982139326
2024-12-23,489.7999877929688,517.5,489.6499938964844,503.8500061035156,3896009,481.30399031541543,458.9248934085668,67.49893365421227,15.52573808201985,524.6500244140625,2129080.85,True,False,True,True,2,-0.03964551099330771
2024-12-24,504.9500122070313,505.0,493.6499938964844,502.2000122070313,605435,483.29408763842645,460.62195689085956,66.15812577451274,15.22747151212669,524.6500244140625,2221961.2,True,False,True,False,1,-0.04279045299217077
2024-12-26,502.5,507.0,498.7000122070313,505.5,482866,485.4089364347668,462.3818801500415,67.54662054499082,14.732651246472548,524.6500244140625,2208483.95,True,False,True,False,1,-0.03650056899444454
2024-12-27,509.0,515.0,503.3500061035156,511.7999877929688,1020532,487.9223698974527,464.31984515564653,70.07121157814593,14.512461435759107,524.6500244140625,1757197.9,True,False,True,False,1,-0.02449258748333205
2024-12-30,510.0,522.0,506.5499877929688,519.0499877929688,1121854,490.8869049351209,466.46612525907096,72.702878614433,14.579429347992827,524.6500244140625,1663994.95,True,False,True,False,1,-0.01067385182598235
2024-12-31,512.0,519.5999755859375,506.6000061035156,513.9500122070312,610563,493.08339134196956,468.32823847271646,68.16240178891108,14.466610786166331,524.6500244140625,1515664.0,True,False,True,False,1,-0.020394571064742073
2025-01-01,513.9500122070312,524.0,511.2000122070313,520.75,743423,495.71830645225816,470.3839938267276,70.7825003216583,14.347566286652214,522.0,1150920.35,True,False,True,False,1,-0.002394636015325635
2025-01-02,520.0,526.0,516.1500244140625,522.0999755859375,499548,498.2308463697514,472.4120715427751,71.28768252000259,14.026309808029735,524.0,1084916.8,True,False,True,False,1,-0.0036260007901955937
2025-01-03,522.0999755859375,528.9500122070312,520.0,521.3499755859375,441137,500.43266819986434,474.3312050346638,70.5577715701189,13.66371712224413,526.0,1054303.35,True,False,True,False,1,-0.008840350597076996
2025-01-06,525.9500122070312,532.0,517.3499755859375,520.8499755859375,1790731,502.3771736652046,476.1554705464785,70.04288350720431,13.7341676430883,528.9500122070312,933825.7,True,False,True,True,2,-0.015313425530130043
2025-01-07,524.9500122070312,534.7999877929688,522.0499877929688,524.2000122070312,1079346,504.4555392406167,478.0395702194414,71.54134822775946,13.749585111941368,532.0,949310.7,True,False,True,True,2,-0.014661631189790914
2025-01-08,524.2000122070312,530.5,518.7000122070312,521.5999755859375,842496,506.08834270207586,479.74782141028436,68.6703662154724,13.61032816058618,534.7999877929688,970273.65,True,False,True,False,1,-0.02468214754735787
2025-01-09,521.5999755859375,525.8499755859375,510.0,515.25,816339,506.96088149235436,481.14006370792026,62.11431516878314,13.770302976682704,534.7999877929688,991700.8,True,False,True,False,1,-0.03655569977413109
2025-01-10,512.0,517.0,500.1499938964844,504.5,716896,506.72651182641584,482.05613964094306,52.905660340946824,13.990281771456484,534.7999877929688,1006813.25,True,False,True,False,1,-0.05665667255904738
2025-01-13,491.1000061035156,505.5,483.6000061035156,491.0499877929688,1507422,505.2335095375161,482.4088395684735,44.096956531050004,14.555261208958477,534.7999877929688,1017719.15,True,False,False,True,1,-0.08180628458977524
2025-01-14,489.9500122070313,501.9500122070313,488.75,499.7999877929688,422184,504.71603127613065,483.09084538119885,49.93676778975877,14.458457708820822,534.7999877929688,1068025.25,True,False,False,False,0,-0.06544502767182014
2025-01-15,504.2000122070313,506.1000061035156,484.4500122070313,489.6000061035156,774135,503.27640983111974,483.3461065859956,44.14724240654287,14.9721388650825,534.7999877929688,1060759.5,True,False,False,False,0,-0.08451754435520087
2025-01-16,492.0,502.8999938964844,492.0,495.6499938964844,600640,502.55008450401164,483.82861197072066,47.99829877042803,14.85269950278866,534.7999877929688,1047183.9,True,False,False,False,0,-0.07320492668305756
2025-01-17,495.0,501.75,492.0,497.6000061035156,346988,502.07864846586915,484.368666642595,49.21378110139543,14.488220966875184,534.7999877929688,1004384.8,True,False,False,False,0,-0.06955868088735628
2025-01-20,497.6000061035156,505.0499877929688,494.2000122070313,496.6000061035156,307894,501.5568730027879,484.8483270136115,48.58659715256552,14.228346296808207,534.7999877929688,990410.45,True,False,False,False,0,-0.07142853882083677
2025-01-21,495.0,500.8500061035156,493.1499938964844,498.25,401892,501.2419327168081,485.3738828169993,49.725080306002994,13.762036718966996,534.7999877929688,931321.9,True,False,False,False,0,-0.06834328464330097
2025-01-22,496.8999938964844,500.4500122070313,490.0,497.9500122070313,1416728,500.92841647778175,485.86706436170647,49.51041948106118,13.525463539543018,534.7999877929688,756616.05,True,False,False,True,1,-0.06890421919793077
2025-01-23,500.0,502.0,494.0,499.6000061035156,860458,500.8019012040421,486.4056110966794,50.7692780590026,13.130787572432803,534.7999877929688,797180.7,True,False,True,True,2,-0.06581896502039508
2025-01-24,500.2999877929688,501.6499938964844,493.0,496.1000061035156,666889,500.3541016706586,486.78578344988864,48.03344670643406,12.81073088129363,534.7999877929688,816060.3,True,False,False,False,0,-0.07236346778757707
2025-01-27,496.0499877929688,499.0,474.6000061035156,488.6499938964844,475915,499.23942473978485,486.858889741912,42.75237349191042,13.638535382378684,534.7999877929688,798378.15,True,False,False,False,0,-0.08629393221742165
2025-01-28,485.1499938964844,491.9500122070313,470.7999877929688,473.4500122070313,495323,496.78329021285595,486.3330514072108,34.434026842319284,14.175070313213242,534.7999877929688,766081.2,True,False,False,False,0,-0.11471573856820505
2025-01-29,469.5,480.5499877929688,466.9500122070313,477.25,566755,494.92297685925064,485.97685331281036,37.697685892388634,14.133992118407832,534.7999877929688,760319.2,True,False,False,False,0,-0.10761030124639315
2025-01-30,479.1499938964844,486.3999938964844,476.2000122070313,485.1000061035156,442641,493.98745583489494,485.94246714774,43.909108645284924,13.852991373482492,534.7999877929688,751485.8,True,False,False,False,0,-0.09293190505586346
2025-01-31,483.8500061035156,495.0,483.8500061035156,491.5499877929688,359162,493.7553160213782,486.1623699181411,48.45622727450544,13.659920125125485,534.7999877929688,748640.45,True,False,False,False,0,-0.08087135562303494
2025-02-01,469.5499877929688,478.25,462.2000122070313,475.5,1967228,492.01671449553265,485.7442377644885,39.80819442002445,14.780638372326342,534.7999877929688,744541.7,True,False,False,True,1,-0.11088255262998414
2025-02-03,475.0,496.6000061035156,467.0499877929688,468.6000061035156,1046248,489.786551791531,485.0719149542543,36.76997101981277,15.835594082199233,534.7999877929688,753366.55,True,False,False,True,1,-0.12378456095829304
2025-02-04,476.8500061035156,488.1499938964844,470.1000061035156,473.7999877929688,428410,488.264021886906,484.6298785949882,40.458112827677525,16.100907918682772,530.5,751711.65,True,False,False,False,0,-0.10688032461268837
2025-02-05,479.3999938964844,489.7999877929688,474.8999938964844,480.1000061035156,400146,487.48649657420214,484.4522365364991,44.669034467522614,16.093700210205434,525.8499755859375,731007.35,True,False,False,False,0,-0.08700194277168916
2025-02-06,481.9500122070313,485.0,476.2000122070313,479.8999938964844,385239,486.7639725096576,484.2737172172828,44.561285863426846,15.572720751831381,517.0,710197.7,True,False,False,False,0,-0.07176016654451767
2025-02-07,480.7999877929688,486.6000061035156,470.2000122070313,473.2000122070313,336574,485.47216676655034,483.8394542757043,40.99408109175405,15.631811690735162,506.1000061035156,693614.85,True,False,False,False,0,-0.06500690278544496
2025-02-10,468.0,471.2000122070313,460.0,462.4500122070313,664393,483.2795806180247,483.00065262595245,36.012742592552236,15.458111727613458,506.1000061035156,635072.45,True,False,False,True,1,-0.08624776401910639
2025-02-11,460.1499938964844,462.5,431.1000061035156,435.9500122070313,2576642,478.77200267412053,481.1555294722693,27.229014017403074,16.596817596818525,506.1000061035156,647182.9,False,False,False,True,1,-0.13860895682766727
2025-02-12,434.7000122070313,435.6000061035156,412.7999877929688,430.75,1277946,474.1984786099186,479.1788420419842,25.894353083921402,17.06490379805024,505.0499877929688,737308.25,False,False,False,True,1,-0.1471141264999417
2025-02-13,432.0,445.9500122070313,428.0,430.7000122070313,829674,470.0557675239293,477.2777114602213,25.881219959477306,17.128125827263172,505.0499877929688,771173.55,False,False,False,True,1,-0.14721310243138785
2025-02-14,435.0,435.0,414.25,415.3999938964844,516469,464.8504557498869,474.8511343008591,22.17420949722991,17.386831125315805,505.0499877929688,795307.85,False,False,False,False,0,-0.17750716971254332
2025-02-17,401.0,412.7999877929688,395.0,405.7999877929688,1031944,459.22660165875186,472.14324620251045,20.217481889020135,17.60205703754213,502.0,805736.6,False,False,False,True,1,-0.19163349045225342
2025-02-18,406.9500122070313,412.7000122070313,400.0,404.1000061035156,393471,453.9764497011103,469.47488384568715,19.882887162375894,17.25191097821993,502.0,837239.2,False,False,False,False,0,-0.19501990816032744
2025-02-19,404.6000061035156,422.6499938964844,401.6499938964844,418.0499877929688,344956,450.5548819003349,467.4582212553845,30.105237073092027,17.51963162263279,502.0,786076.35,False,False,False,False,0,-0.16723110001400632
2025-02-20,418.0,421.9500122070313,414.7999877929688,417.2999877929688,1649831,447.3877491282048,465.4912317078388,29.884465448486097,16.7789453934492,501.6499938964844,760301.25,False,False,False,True,1,-0.16814513531305098
2025-02-21,417.1000061035156,427.6000061035156,413.0,414.9500122070313,478787,444.2984408499978,463.509223099964,29.162830356905417,16.623306872739658,499.0,809448.35,False,False,False,False,0,-0.16843684928450642
2025-02-24,411.0499877929688,412.75,397.2999877929688,404.6499938964844,737259,440.5223982829965,461.2010180331609,26.178935815069266,16.696643839977003,496.6000061035156,809591.95,False,False,False,False,0,-0.18515910406143732
2025-02-25,404.6499938964844,415.9500122070313,400.1000061035156,411.1499938964844,518711,437.72502643666206,459.2382327728991,30.97846312381067,16.636169715944053,496.6000061035156,821688.75,False,False,False,False,0,-0.172070098986707
2025-02-27,411.0499877929688,412.2999877929688,401.0,403.5,265369,434.46550010936096,457.0524197229815,28.620044550710688,16.255013864302967,496.6000061035156,819286.55,False,False,False,False,0,-0.18747483882251315
2025-02-28,401.1000061035156,407.9500122070313,392.0,402.9500122070313,842866,431.46402507104386,454.9307566831403,28.452335851745076,16.233228031640706,496.6000061035156,810422.95,False,False,False,True,1,-0.18858234543992958
2025-03-03,403.0,404.5499877929688,387.7000122070313,394.0,692822,427.8960226833254,452.5413152445858,25.802592071415773,16.27728142837619,496.6000061035156,834608.15,False,False,False,False,0,-0.20660492316250356
2025-03-04,388.1000061035156,402.9500122070313,387.1000061035156,395.7000122070313,375939,424.8297359712974,450.31224453723075,27.189642384350122,16.246761762314726,496.6000061035156,770887.85,False,False,False,False,0,-0.20318162033097487
2025-03-05,403.6000061035156,423.75,403.6000061035156,414.25,1961596,423.8221420692691,448.8980388691041,40.30345439793535,17.08984933593287,489.7999877929688,737372.4,False,False,False,True,1,-0.1542466101997999
2025-03-06,418.8500061035156,422.8500061035156,410.5,420.6499938964844,751651,423.52003271948007,447.79027239958964,44.04778096804369,16.751289105045924,489.7999877929688,814031.7,False,False,False,False,0,-0.1411800645567045
2025-03-07,419.6000061035156,424.5,416.2000122070313,417.4500122070313,574930,422.94193552781826,446.60045827439126,42.608731444466365,16.147624725611838,486.6000061035156,831606.95,False,False,False,False,0,-0.14210849368911405
2025-03-10,418.0,436.7999877929688,415.1000061035156,422.75,879060,422.9236559537403,445.66514618519943,45.76891327831497,16.544221651600505,486.6000061035156,841091.5,False,False,False,True,1,-0.13121661591169942
2025-03-11,422.2000122070313,441.2999877929688,416.5499877929688,434.0499877929688,2235506,423.9833066050954,445.209649777661,51.855834730636815,17.130348676486186,471.2000122070313,868215.8,False,False,True,True,2,-0.0788413061367661
2025-03-12,437.1499938964844,439.8500061035156,429.0,431.75,554955,424.72299169032436,444.6818203746155,50.61067865703311,16.68175277841686,462.5,946771.45,False,False,True,False,1,-0.06648648648648647
2025-03-13,435.7999877929688,437.3500061035156,428.7000122070313,434.1000061035156,674756,425.61604068205685,444.26684726594493,51.88201863537792,16.10805571542168,445.9500122070313,845687.1,False,False,True,False,1,-0.02657249866385103
2025-03-17,433.1499938964844,433.2000122070313,414.9500122070313,424.9500122070313,523443,425.5526093987211,443.5093243224581,46.82764377103711,16.325337014069014,445.9500122070313,815527.6,False,False,False,False,0,-0.047090479706615174
2025-03-18,424.9500122070313,424.9500122070313,424.9500122070313,424.9500122070313,0,425.49521918998875,442.7815081610688,46.82764377103711,15.159241513064085,441.2999877929688,800216.05,False,False,False,False,0,-0.03704957180648716
2025-03-19,421.1000061035156,432.75,421.1000061035156,430.6499938964844,285746,425.9861501144169,442.3057625036341,50.32402670168357,14.908580969022678,441.2999877929688,774392.6,False,False,True,False,1,-0.024133229528845446
2025-03-20,432.0,436.6000061035156,429.1499938964844,433.4500122070313,256357,426.6969941232373,441.9584781782771,51.99396720133438,14.375826057451862,441.2999877929688,737082.7,False,False,True,False,1,-0.01778829776360713
2025-03-21,435.5,436.8500061035156,429.2000122070313,433.0,1124055,427.2972803972147,441.6071653085408,51.69319610163796,13.895409474525609,441.2999877929688,730227.0,False,False,True,True,2,-0.018808039933286058
2025-03-24,434.9500122070313,439.6000061035156,428.2999877929688,436.0,993252,428.1261108355752,441.38727647291176,53.61939530044586,13.710024391384268,441.2999877929688,769181.95,False,False,True,True,2,-0.012009943212269558
2025-03-25,438.7999877929688,446.8999938964844,435.2000122070313,443.1499938964844,639555,429.5569568413761,441.45640264638524,57.92546736507189,13.566449912674896,441.2999877929688,736353.0,False,True,True,False,1,0.004192173475389804
2025-03-26,445.1000061035156,448.1000061035156,435.0,440.2999877929688,406915,430.58010264628973,441.4110530442905,55.705395900720696,13.533132497734949,446.8999938964844,744391.4,False,False,True,False,1,-0.014768418423931173
2025-03-27,435.0499877929688,460.7000122070313,434.0499877929688,453.3500061035156,937018,432.74866488031125,441.8792472819072,62.74614191893284,14.470053348901203,448.1000061035156,727874.2,False,True,True,True,2,0.011716134631757136
2025-03-28,455.0499877929688,504.0,451.7999877929688,483.5,26484708,437.58212536790063,443.5114336630089,73.30398290174773,17.1650504101962,460.7000122070313,748789.55,False,True,True,True,2,0.04948987885575029
2025-04-01,479.4500122070313,492.2000122070313,473.5499877929688,479.5499877929688,1900617,441.57906464647857,444.92471029555634,70.48559900851649,17.271119981900938,504.0,2059756.5,False,False,True,False,1,-0.0485119289822048
2025-04-02,475.0,481.2000122070313,465.0499877929688,479.6499938964844,710770,445.20486743219345,446.28648612304374,70.51650653636823,17.191041727055335,504.0,2112644.05,False,False,True,False,1,-0.04831350417364211
2025-04-03,477.9500122070313,491.5,474.3999938964844,486.8999938964844,548116,449.175831857364,447.8791727023943,72.74481644074541,17.184539182516787,504.0,2113541.45,True,False,True,False,1,-0.033928583538721524
2025-04-04,489.0,493.7000122070313,472.8500061035156,482.5,713001,452.34956215666267,449.23685220426125,69.32062625808854,17.446358248302424,504.0,2122150.3,True,False,True,False,1,-0.04265873015873012
2025-04-07,450.0,483.6499938964844,450.0,475.7999877929688,1319040,454.582936026787,450.2785437959753,64.35317082765721,18.603760794601136,504.0,2059720.55,True,False,True,False,1,-0.055952405172680963
2025-04-08,481.25,493.7999877929688,477.0,481.2000122070313,750876,457.11789566300075,451.4911504003304,66.44050386058167,18.5606350235582,504.0,2088090.0,True,False,True,False,1,-0.04523807101779498
2025-04-09,479.2000122070313,499.6000061035156,477.5,492.75,1705787,460.51142940938166,453.10914450227824,70.42898512379315,18.813447243555157,504.0,2096887.3,True,False,True,False,1,-0.022321428571428603
2025-04-11,498.1499938964844,503.4500122070313,493.0499877929688,500.2999877929688,933050,464.3008159221043,454.9597658077955,72.71202181536532,18.233916169517737,504.0,2138223.65,True,False,True,False,1,-0.007341294061569803
2025-04-15,501.5,509.1000061035156,486.4500122070313,489.4500122070313,1225012,466.69597747304965,456.3123244901185,64.95130657741521,18.549350292872493,504.0,2073100.85,True,False,True,False,1,-0.028869023398747418
2025-04-16,498.0,503.4500122070313,493.25,500.2999877929688,770244,469.8963594082801,458.0373308941518,68.56456993744774,18.22439670052446,509.1000061035156,2106603.7,True,False,True,False,1,-0.01728544137702781
2025-04-17,500.0,509.8999938964844,497.2999877929688,499.5,547398,472.71575375034865,459.66331791791055,68.00786355678676,17.822654515023824,509.1000061035156,2111378.1,True,False,True,False,1,-0.018856817891225175
2025-04-21,503.7999877929688,506.5,498.1000061035156,503.1000061035156,401588,475.6094920696979,461.366717454601,69.21905542373167,17.149607327985294,509.8999938964844,2112575.85,True,False,True,False,1,-0.013335924444723979
2025-04-22,502.1499938964844,515.75,500.25,512.4000244140625,530240,479.1133522929707,463.36802360987394,72.15215340117686,17.031778233129202,509.8999938964844,2132655.25,True,True,True,False,1,0.004902982050408955
2025-04-23,514.9000244140625,514.9000244140625,503.2999877929688,505.8500061035156,353599,481.6597002749274,465.0339837076638,67.2888524735113,16.64379668941238,515.75,2144879.95,True,False,True,False,1,-0.0191953347483943
2025-04-24,500.1000061035156,514.9500122070312,500.1000061035156,508.8999938964844,588986,484.2540139531709,466.75421940134305,68.35835346454736,16.515668790419753,515.75,2149742.05,True,False,True,False,1,-0.013281640530325989
2025-04-25,513.0,515.5,492.2000122070313,505.25,696766,486.2536316719165,468.2638578561924,65.59439896665197,17.000263004887536,515.75,2122988.6,True,False,True,False,1,-0.020358700920988904
2025-04-28,501.7000122070313,518.75,500.5499877929688,513.0499877929688,721328,488.80566558820715,470.02017667724243,68.52336331332175,17.085959376469226,515.75,2108164.3,True,False,True,False,1,-0.005235118191044608
2025-04-29,515.0,519.8499755859375,508.2999877929688,511.8999938964844,287665,491.0051254270907,471.6625224505461,67.60950474819225,16.690532834790616,518.75,2112252.95,True,False,True,False,1,-0.013204831042921694
2025-04-30,511.0,511.1499938964844,500.4500122070313,504.9500122070313,1381230,492.3332098823231,472.96791420570236,62.20977808751534,16.31620775298079,519.8499755859375,2106290.45,True,False,True,False,1,-0.028662044971940248
2025-05-02,505.9500122070313,513.8499755859375,496.9500122070313,509.9500122070313,594939,494.01100057991437,474.41819255869564,64.41189280119949,16.357904583404032,519.8499755859375,2128501.05,True,False,True,False,1,-0.019043885435884977
2025-05-05,512.7000122070312,530.7999877929688,505.8500061035156,524.9000244140625,942968,496.95281237364276,476.39787223929824,70.0345055289194,16.971624376693253,519.8499755859375,834012.6,True,True,True,True,2,0.009714435058755022
2025-05-06,532.5,532.5,514.25,520.6500244140625,584640,499.20968971082556,478.1332507559557,66.80330936247177,17.06293692121516,530.7999877929688,786130.15,True,False,True,False,1,-0.019122011326920152
2025-05-07,510.0,537.2999877929688,508.5,535.0,1232117,502.61829069074696,480.3633193537614,71.57242626704496,17.90129769776899,532.5,779823.65,True,True,True,True,2,0.0046948356807512415
2025-05-08,537.5,547.5,525.0,532.7999877929688,1087070,505.4927380338157,482.4196592925539,69.91411275482909,18.229776433642634,537.2999877929688,814023.7,True,False,True,True,2,-0.008375209570512632
2025-05-09,522.0999755859375,533.7999877929688,518.9500122070312,529.5,551615,507.7791439353571,484.26594716343413,67.3917947034482,17.98836208737798,547.5,832727.15,True,False,True,False,1,-0.0328767123287671
2025-05-12,545.0,552.9500122070312,542.75,548.75,996044,511.68113022722787,486.7947335491818,73.416663231356,18.378479953067497,547.5,794355.9,True,True,True,True,2,0.0022831050228311334
2025-05-13,548.0,554.2999877929688,543.7000122070312,550.0999755859375,551271,515.3400678804383,489.2772920604271,73.7825037103079,17.8228724982725,552.9500122070312,806614.3,True,False,True,False,1,-0.005154239186501153
2025-05-14,552.0,576.75,547.0,573.7000122070312,1132600,520.8981578163042,492.58798696813705,79.17745491225678,18.67481017696732,554.2999877929688,748888.5,True,True,True,True,2,0.03499914277701266
2025-05-15,573.7999877929688,609.5,571.4000244140625,581.4500122070312,2910329,526.6650010916115,496.0727722716231,80.58997947676994,20.062321991893764,576.75,758866.0,True,True,True,True,2,0.008149132565290484
2025-05-16,582.0,592.7000122070312,574.0,589.8499755859375,480783,532.6826177101187,499.7503096564982,82.01412431123984,19.965014150117874,609.5,843131.85,True,False,True,False,1,-0.03223958066294097
2025-05-19,596.0499877929688,606.5,582.0,584.1500244140625,790081,537.5842754914468,503.060102392089,77.84051045410125,20.28894171082374,609.5,828658.8,True,False,True,False,1,-0.04159142836084906
2025-05-20,587.5,597.25,576.1500244140625,579.4000244140625,437347,541.5667277697911,506.05382482432327,74.44080095682594,20.346872701903294,609.5,840792.95,True,False,True,False,1,-0.0493847015355825
2025-05-21,597.0,598.0,550.0,551.3499755859375,3087369,542.4984656570432,507.8301444620337,58.259087495088174,22.32209608033877,609.5,842580.9,True,False,True,True,2,-0.09540611060551685
2025-05-22,554.0,572.5,549.4000244140625,569.7999877929688,1505254,545.0986106223695,510.26033439658016,63.82870361741863,22.37765890216725,609.5,970437.35,True,False,True,True,2,-0.0651353768778199
2025-05-23,571.1500244140625,572.25,552.4000244140625,553.7999877929688,708784,545.9273132100456,511.96777178467386,56.75603398662263,22.197110093865128,609.5,1028020.1,True,False,True,False,1,-0.09138640230850081
2025-05-26,553.2000122070312,556.5999755859375,542.5499877929688,546.4000244140625,618332,545.9723333247139,513.3180562015126,53.7874938247068,21.615172786658245,609.5,1034010.0,True,False,True,False,1,-0.10352744148636173
2025-05-27,545.9000244140625,559.5,544.25,548.9000244140625,444932,546.251161047509,514.7134275039656,54.650469989801444,21.16051758761123,609.5,1030088.3,True,False,True,False,1,-0.09942571876281792
2025-05-28,553.1500244140625,553.1500244140625,538.2000122070312,542.7000122070312,287857,545.9129563960349,515.810940629576,52.054300092086116,20.716910060426947,609.5,1016268.5,True,False,True,False,1,-0.10959801114514967
2025-05-29,544.4500122070312,545.75,536.5999755859375,541.0,353728,545.4450557868888,516.7987468793965,51.33420438330331,19.890703942829486,609.5,1016278.1,True,False,True,False,1,-0.11238720262510249
2025-05-30,541.1500244140625,574.0,541.0,559.2999877929688,2520607,546.7645731208012,518.4654622093406,58.06002422694126,20.82708223262738,609.5,964903.0,True,False,True,True,2,-0.08236261231670428
2025-06-02,563.8499755859375,563.9000244140625,542.0,553.0999755859375,722081,547.3679447841475,519.8236784201875,55.27287705782345,20.903720959872746,609.5,1061186.4,True,False,True,False,1,-0.09253490469903614
2025-06-03,555.0,557.75,548.0,552.1500244140625,262704,547.8233809393776,521.0913782630846,54.83850516223941,20.107026605596126,609.5,1050142.05,True,False,True,False,1,-0.09409347922221079
2025-06-04,554.2999877929688,589.9500122070312,552.5,582.8499755859375,3327904,551.1592470961928,523.5132840404514,64.53773416646523,21.37080954755131,609.5,1034045.25,True,False,True,True,2,-0.043724404288863816
2025-06-05,585.9000244140625,590.5,580.0,586.9000244140625,990273,554.5631306502756,525.9990385649068,65.58773447784745,20.594323151297647,609.5,1138834.6,True,False,True,False,1,-0.037079533364950734
2025-06-06,586.9000244140625,588.5499877929688,577.0,578.25,413164,556.8190229692971,528.0480958760869,61.40582818221776,19.9482991971313,609.5,1133994.75,True,False,True,False,1,-0.05127153404429863
2025-06-09,579.8499755859375,581.0,567.9500122070312,569.4000244140625,516340,558.0172135830842,529.6697401324782,57.37509103449681,19.455562668262544,609.5,1127072.2,True,False,True,False,1,-0.06579159242975796
2025-06-10,572.0,573.9500122070312,568.0999755859375,569.75,266217,559.1346218132667,531.2415150292437,57.49391563005529,18.48373937917906,609.5,1103087.0,True,False,True,False,1,-0.06521739130434778
2025-06-11,571.4000244140625,577.4000244140625,564.7999877929688,571.25,491111,560.2884673548604,532.8104752241753,58.03389815299417,18.06347489645868,609.5,1088834.3,True,False,True,False,1,-0.06275635767022147
2025-06-12,574.0499877929688,580.5499877929688,561.2000122070312,564.3499755859375,835216,560.675277662582,534.047318375617,54.59793221040647,18.155367802850023,609.5,1056759.85,True,False,True,False,1,-0.07407715244308855
2025-06-13,550.0,572.3499755859375,544.4500122070312,569.7000122070312,414289,561.5347761906247,535.4454632317509,56.73676535248957,18.851410343996896,606.5,953004.2,True,False,True,False,1,-0.06067598976581823
2025-06-16,569.7000122070312,595.0,567.25,585.9500122070312,3644000,563.8600367636159,537.4260337798011,62.513212343789675,19.48702389085426,606.5,949679.5,True,False,True,True,2,-0.033882914745208215
2025-06-17,586.0499877929688,587.7000122070312,564.0,567.8499755859375,980469,564.2400309371703,538.6191295369046,53.88329352689176,19.78795162772405,598.0,1092375.45,True,False,True,False,1,-0.050418101026860396
2025-06-18,566.9500122070312,573.9000244140625,560.5499877929688,569.7000122070312,465240,564.7600291533475,539.8379876808311,54.57357937037444,19.328100555821887,598.0,1119531.55,True,False,True,False,1,-0.04732439430262336
2025-06-19,568.1500244140625,572.9000244140625,562.5999755859375,571.4000244140625,781143,565.392409654368,541.0757146115461,55.236634760517454,18.683239718129254,595.0,988425.1,True,False,True,False,1,-0.03966382451418071
2025-06-20,574.0,575.4000244140625,550.7000122070312,558.7999877929688,2960148,564.7645599532823,541.7707841480725,49.47279154025952,19.113009181622253,595.0,952219.55,True,False,False,True,1,-0.060840356650472716
2025-06-23,558.7999877929688,575.0,556.0999755859375,573.2999877929688,577837,565.5774578427762,543.0072235066959,55.25873381308327,19.097795983939413,595.0,1064787.75,True,False,True,False,1,-0.03647060875131303
2025-06-24,576.5,577.4500122070312,563.7999877929688,574.4500122070312,598426,566.4224630203242,544.240274043964,55.69209869242024,18.70866944323392,595.0,1062763.0,True,False,True,False,1,-0.03453779461003148
2025-06-25,575.2999877929688,593.0,571.7000122070312,591.6500244140625,1266462,568.825087914966,546.0994799408305,61.671689865955734,18.89376361107212,595.0,1070437.7,True,False,True,True,2,-0.005630211068802571
2025-06-26,594.5999755859375,606.5999755859375,591.5499877929688,596.0,1372727,571.4131747802073,548.0563630804058,63.030553899775086,18.61920819549331,595.0,1119367.95,True,True,True,True,2,0.001680672268907557
2025-06-27,600.0,600.0,585.0,588.2000122070312,1127052,573.0119212018096,549.6306238304696,58.99186635310931,18.36069332438665,606.5999755859375,1170317.9,True,False,True,False,1,-0.030332944476519352
2025-06-30,594.0,604.0,588.1500244140625,596.0499877929688,724403,575.20602278192,551.4509910446853,61.6547934649429,18.181356343068853,606.5999755859375,1100640.15,True,False,True,False,1,-0.017392001677510982
2025-07-01,599.0,599.0,586.0,589.7000122070312,350282,576.5864027271687,552.950952658895,58.353784274285054,17.811259461421077,606.5999755859375,1100756.25,True,False,True,False,1,-0.027860145168291384
2025-07-02,594.7999877929688,602.9500122070312,585.0,593.2000122070312,790150,578.1686512490603,554.5293471509787,59.636554267424216,17.821170371821804,606.5999755859375,1105135.15,True,False,True,False,1,-0.02209028011575953
2025-07-03,595.5,675.0,595.4500122070312,650.0499877929688,22302659,585.0144928246707,558.2752546271352,73.76937410915718,22.39108590190373,606.5999755859375,978247.45,True,True,True,True,2,0.07162877341869534
2025-07-04,643.9000244140625,647.7000122070312,625.3499755859375,633.1500244140625,4439670,589.5988291665176,561.2115201089755,66.33378269799607,22.55600920941284,675.0,2043866.75,True,False,True,True,2,-0.06199996383101847
2025-07-07,633.9000244140625,638.7000122070312,608.8499755859375,621.8499755859375,1940754,592.670366920748,563.5894987551309,61.8450513573575,23.077011167390047,675.0,2245192.05,True,False,True,False,1,-0.07874077690972225
2025-07-08,624.0,638.25,618.0999755859375,621.4500122070312,1889987,595.4112855194417,565.8585384983427,61.685940567341106,22.86794068500951,675.0,2316412.75,True,False,True,False,1,-0.07933331524884257
2025-07-09,622.0,623.4500122070312,606.0,610.0,750572,596.8006868985425,567.58957620429,57.1527670439695,22.48094579372535,675.0,2397601.25,True,False,True,False,1,-0.09629629629629632
2025-07-10,609.9500122070312,613.9500122070312,594.4000244140625,599.9000244140625,1242347,597.0958619000205,568.8566526046733,53.4233068425753,22.271591650814166,675.0,2410574.3,True,False,True,False,1,-0.1112592230902778
2025-07-11,602.7999877929688,612.75,598.0,606.9000244140625,1021804,598.0295916632626,570.3485495383749,55.58645636748074,21.73433510432744,675.0,2430930.85,True,False,True,False,1,-0.10088885271990744
2025-07-14,606.9000244140625,609.9500122070312,598.0499877929688,599.8499755859375,722955,598.2029615606602,571.5054682069068,52.92068958465813,21.031884340737086,675.0,2461306.6,True,False,True,False,1,-0.11133336950231476
2025-07-15,601.1500244140625,617.9500122070312,594.7999877929688,598.5499877929688,1258034,598.2360116780229,572.5660376024388,52.421467065978554,21.18318006026033,675.0,2315254.35,True,False,True,False,1,-0.11325927734374996
2025-07-16,600.0,604.0999755859375,597.4000244140625,599.9000244140625,444822,598.3944890814553,573.637958653875,52.91818838053777,20.148663711089952,675.0,2329132.6,True,False,True,False,1,-0.1112592230902778
2025-07-17,601.6500244140625,603.0,589.0999755859375,594.3499755859375,795128,598.0092973199773,574.4501946119951,50.58032410078733,19.702332332730847,675.0,2328111.7,True,False,True,False,1,-0.119481517650463
2025-07-18,598.0,600.25,591.4000244140625,594.6500244140625,354601,597.6893665670331,575.2423448003115,50.707112174542786,18.92716399367418,675.0,2328810.95,True,False,True,False,1,-0.11903700086805558
2025-07-21,592.0,592.0,580.0499877929688,588.6500244140625,587092,596.8284768381787,575.7681361577135,48.05228326457421,18.618083467061293,675.0,2198533.6,True,False,False,False,0,-0.1279258897569444
2025-07-22,588.6500244140625,602.0,588.6500244140625,598.5,623980,596.987669520257,576.6595817985875,52.45333346045626,18.241790046981023,675.0,2198996.35,True,False,True,False,1,-0.11333333333333329
2025-07-23,603.0,611.4000244140625,593.1500244140625,598.4500122070312,1733709,597.1269402523308,577.5141084812716,52.42905755703368,18.242376472196664,675.0,2200274.05,True,False,True,False,1,-0.11340738932291672
2025-07-24,602.9500122070312,602.9500122070312,592.2999877929688,595.0499877929688,499804,596.929135256201,578.2017900229067,50.70996838812413,17.700065610901365,675.0,2223636.4,True,False,True,False,1,-0.11844446252893515
2025-07-25,592.9500122070312,596.5499877929688,577.5999755859375,582.4000244140625,805658,595.5454104140925,578.3664266656972,44.82147234347512,17.78934751062493,675.0,2179990.25,True,False,False,False,0,-0.1371851490162037
2025-07-28,581.0999755859375,589.25,572.0999755859375,576.3499755859375,765826,593.7172737637922,578.2873501527654,42.292035001899556,17.743681575156184,675.0,2163920.55,True,False,False,False,0,-0.14614818431712961
2025-07-29,576.0,593.1500244140625,575.0,591.5,372994,593.5061048339072,578.8054932840296,49.91440126419355,17.77270606364949,675.0,2165991.7,True,False,False,False,0,-0.12370370370370365
2025-07-30,591.9000244140625,598.7999877929688,587.0,592.75,339016,593.4340948497256,579.3523366846559,50.49540765013028,17.34608333002944,675.0,2167127.3,True,False,True,False,1,-0.12185185185185188
2025-07-31,584.5999755859375,617.8499755859375,581.0,604.9000244140625,2688715,594.5260881415672,580.3542067916915,55.85576620003179,18.73921849116573,675.0,2144570.6,True,False,True,True,2,-0.10385181568287039
2025-08-01,608.75,609.9500122070312,592.2000122070312,595.4000244140625,559309,594.6093201675192,580.9442388553139,51.18860517121858,18.668560027511035,647.7000122070312,1163873.4,True,False,True,False,1,-0.08074723916517623
2025-08-04,593.2000122070312,593.2000122070312,581.0,585.9500122070312,525966,593.7846241712823,581.1405436926361,46.98308474211587,18.363664626550424,638.7000122070312,969855.35,True,False,False,False,0,-0.0825896336180143
2025-08-05,585.0999755859375,604.0,582.4000244140625,600.3499755859375,948586,594.4098957345827,581.8938547472754,53.28172687694671,18.594829695078072,638.25,899115.95,True,False,True,True,2,-0.05938115850225223
2025-08-06,600.25,600.2999877929688,587.2999877929688,597.1500244140625,647173,594.6708603707237,582.4921359106789,51.80872918677905,18.19876955921312,623.4500122070312,852045.9,True,False,True,False,1,-0.04218459744649938
2025-08-07,594.8499755859375,599.9000244140625,590.0499877929688,594.5999755859375,414567,594.6641094388393,582.9669531528459,50.60803319323634,17.602431492204595,617.9500122070312,846875.95,True,False,True,False,1,-0.037786287175071376
2025-08-08,599.9000244140625,599.9000244140625,573.5499877929688,580.4500122070312,694879,593.3103858929529,582.8682495863434,44.45185087127624,18.22726042998239,617.9500122070312,805486.95,True,False,False,False,0,-0.06068452020264126
2025-08-11,580.5999755859375,590.0,576.1500244140625,587.8499755859375,720794,592.7903468160944,583.0636113902491,48.013426305348,17.914597226836328,617.9500122070312,789140.7,True,False,False,False,0,-0.04870950081154679
2025-08-12,587.9500122070312,605.75,584.0,603.9500122070312,855266,593.8531720914217,583.8826859320837,54.80329404415206,18.18855456777659,617.9500122070312,789032.65,True,False,True,True,2,-0.022655554208986017
2025-08-13,609.0,616.0999755859375,601.0,613.0499877929688,830682,595.6814402534739,585.0265016913341,58.13182213628704,17.967941783359514,617.8499755859375,768894.25,True,False,True,True,2,-0.007768856490471987
2025-08-14,615.5,617.7000122070312,603.0499877929688,605.5999755859375,454486,596.6260626660894,585.8333045891618,54.587447110254566,17.730947685552582,617.8499755859375,788187.25,True,False,True,False,1,-0.01982681959060162
2025-08-18,615.0499877929688,628.5,609.25,624.5,1057759,599.280723364557,587.3496455856653,61.07197249060505,18.100167451874718,617.8499755859375,771155.15,True,True,True,True,2,0.010763170149445944
2025-08-19,625.0,626.0499877929688,615.2999877929688,618.4500122070312,414788,601.1063699209832,588.5692678061109,58.20678713762889,17.575155491026525,628.5,806313.05,True,False,True,False,1,-0.01599043403813638
2025-08-20,622.0,622.8499755859375,610.5999755859375,614.5499877929688,344182,602.3867144802199,589.5881195703015,56.37082927313499,17.194787241667488,628.5,797697.85,True,False,True,False,1,-0.022195723479763285
2025-08-21,620.0,620.0,603.7000122070312,607.25,541514,602.8498845297228,590.2807423322504,53.00096543000812,17.130872995331863,628.5,783707.95,True,False,True,False,1,-0.03381066030230706
2025-08-22,604.1500244140625,606.2000122070312,596.9500122070312,602.5,919794,602.8165621935588,590.7599289074562,50.870002719820754,16.642952623734498,628.5,724098.2,True,False,True,True,2,-0.041368337311058045
2025-08-25,605.0,609.9500122070312,599.2000122070312,600.7000122070312,2067407,602.6149860043656,591.1497360956749,50.04880745426563,16.222027436324893,628.5,745097.7,True,False,True,True,2,-0.0442322797024165
2025-08-26,600.0,608.9000244140625,598.0,601.0,588937,602.4611778134736,591.5360209546682,50.19311623348397,15.841884363306152,628.5,808185.15,True,False,True,False,1,-0.04375497215592683
2025-08-28,601.0,601.9000244140625,586.9500122070312,594.4500122070312,501510,601.698209660479,591.6502951214276,47.00033311305632,15.778179209286517,628.5,799340.7,True,False,False,False,0,-0.05417659155603616
2025-08-29,595.8499755859375,607.5,570.0499877929688,601.0499877929688,880131,601.6364742445256,592.0189105203116,50.42246476224177,17.326167280553996,628.5,805766.5,True,False,True,True,2,-0.0436754370835819
2025-09-01,598.4000244140625,612.2000122070312,594.5,605.2000122070312,530655,601.9758588123833,592.5358164688104,52.499366640969335,17.352870489588085,628.5,832822.25,True,False,True,False,1,-0.037072375167810256
2025-09-02,608.0,644.2999877929688,602.4500122070312,632.0499877929688,1259716,604.840061572439,594.0853918148558,63.23147755093531,19.102663710755902,628.5,724919.25,True,True,True,True,2,0.005648349710371869
2025-09-03,634.4000244140625,634.4000244140625,613.8499755859375,620.1500244140625,1287883,606.2981532716412,595.1075342697267,57.07646129607417,19.206048361996555,644.2999877929688,759939.6,True,False,True,True,2,-0.0374824830613939
2025-09-04,625.0,638.4500122070312,619.9500122070312,635.5,1389359,609.079281531485,596.691552533659,62.18925070983422,19.15561633613966,644.2999877929688,798035.45,True,False,True,True,2,-0.013658215054625167
2025-09-05,637.9500122070312,652.0,628.5499877929688,640.25,1590813,612.0479213856293,598.3997269441038,63.632835927573666,19.4623588983462,644.2999877929688,820074.1,True,False,True,True,2,-0.006285872838274975
2025-09-08,639.9500122070312,646.0,630.2000122070312,638.9000244140625,593438,614.6052645311944,599.9879739037101,62.897848482480676,19.20076096224781,652.0,867256.1,True,False,True,False,1,-0.020091987094996155
2025-09-09,636.7000122070312,643.4500122070312,634.0,641.0,644644,617.1190488615568,601.5962886525842,63.60213212313117,18.504278908303768,652.0,876199.65,True,False,True,False,1,-0.016871165644171793
2025-09-10,647.0,649.0,638.0,642.3499755859375,486846,619.5219942638788,603.1944724538922,64.07425027466661,17.96825898628207,652.0,873687.9,True,False,True,False,1,-0.014800650941813598
2025-09-11,641.7999877929688,646.6500244140625,635.25,638.0,348903,621.2818043339855,604.5593951027591,61.31441639801044,17.499099373980673,652.0,861990.5,True,False,True,False,1,-0.021472392638036797
2025-09-12,638.0,640.0,622.2000122070312,632.0499877929688,595636,622.3073456157935,605.6374575611987,57.65626533005267,17.520591403908394,652.0,836672.35,True,False,True,False,1,-0.030598178231643014
2025-09-15,632.0499877929688,632.0499877929688,613.0999755859375,617.7999877929688,625105,621.8780734421912,606.1144195310721,49.967319816198966,17.62269288984574,652.0,824920.05,True,False,False,False,0,-0.05245400645250187
2025-09-16,621.0,623.8499755859375,615.0,619.9000244140625,469833,621.6896878204647,606.6550314872678,51.00431045764771,16.996070225280867,652.0,833451.0,True,False,True,False,1,-0.04923309138947474
2025-09-17,621.3499755859375,622.5999755859375,612.7999877929688,614.2999877929688,306742,620.985906865465,606.9548336953345,48.13903032082452,16.482064337258574,652.0,804054.7,True,False,False,False,0,-0.057822104612011094
2025-09-18,615.8499755859375,618.0,609.2999877929688,613.9000244140625,1620043,620.3110609177124,607.2271941156768,47.9319212640718,15.926203470813766,652.0,798652.4,True,False,False,True,1,-0.058435545377204745
2025-09-19,614.9500122070312,658.6500244140625,614.2000122070312,650.5499877929688,3059405,623.1909587153559,608.9261272010608,63.44972867981764,17.985046080041354,652.0,862445.45,True,False,True,True,2,-0.0022239451028086554
2025-09-22,648.9500122070312,657.5499877929688,641.4000244140625,648.5,594319,625.6013435996078,610.4780437814113,62.330745548081,17.85396874424599,658.6500244140625,988340.0,True,False,True,False,1,-0.015410345460917574
2025-09-23,644.0,650.6500244140625,634.2999877929688,636.5999755859375,382296,626.6488323602107,611.5024332639417,56.14122619580772,17.746545021163687,658.6500244140625,972066.25,True,False,True,False,1,-0.03347764064495529
2025-09-24,639.0999755859375,645.0,631.4000244140625,632.6500244140625,270098,627.2203744605774,612.3317505639465,54.21673246131036,17.450361490076105,658.6500244140625,887810.7,True,False,True,False,1,-0.039474681600641714
2025-09-25,635.4000244140625,649.7999877929688,632.0,642.5499877929688,916752,628.6803376350908,613.5167794748885,58.09409472282853,17.475334797425578,658.6500244140625,871868.75,True,False,True,True,2,-0.02444399305293643
2025-09-26,639.5,639.5,620.6500244140625,625.0999755859375,733548,628.3393507732667,613.9710224596356,50.04835096455807,17.79137969610277,658.6500244140625,892630.85,True,False,True,False,1,-0.05093759596831604
2025-09-29,632.0,642.0,618.0,623.3499755859375,688764,627.8641721839973,614.33882454302,49.31078122835372,18.234852574952573,658.6500244140625,885301.7,True,False,False,False,0,-0.05359454569143618
2025-09-30,622.0,635.0,620.1500244140625,626.9500122070312,420999,627.7771093290481,614.8333809220009,50.913398554538844,17.99307564716578,658.6500244140625,893207.15,True,False,True,False,1,-0.048128764946500535
2025-10-01,626.0,633.7999877929688,621.2999877929688,630.8499755859375,294072,628.0697632582757,615.4614826735277,52.65956164677591,17.600713100939654,658.6500244140625,851271.3,True,False,True,False,1,-0.042207618306635664
2025-10-03,629.75,647.9000244140625,626.5499877929688,645.6500244140625,971179,629.744073844541,616.6453470555094,58.6684101405964,17.868521923807805,658.6500244140625,801580.75,True,False,True,True,2,-0.019737340800320857
2025-10-06,646.2999877929688,676.5499877929688,643.5499877929688,672.5499877929688,2111080,633.8208275539151,618.8376859079589,66.8935731399947,18.949341786392964,658.6500244140625,780671.75,True,True,True,True,2,0.021103716486265522
2025-10-07,675.0,679.7000122070312,657.2000122070312,661.5999755859375,1141275,636.466460699822,620.5146384443502,61.526105602108196,19.20296023022204,676.5499877929688,806685.1,True,False,True,True,2,-0.022097424398455745
2025-10-08,665.9000244140625,706.0,661.7999877929688,698.5499877929688,4939510,642.379177565836,623.5748482227275,70.21194577945214,21.002750529067786,679.7000122070312,834076.95,True,True,True,True,2,0.027732786887453953
2025-10-09,698.5499877929688,715.0,694.7000122070312,697.75,3126677,647.6525892262326,626.4836777041892,69.84429955619245,20.952553190775,706.0,1048820.25,True,False,True,True,2,-0.01168555240793201
2025-10-10,690.0499877929688,694.2999877929688,679.0,685.5499877929688,763550,651.2618652802075,628.8000035900237,64.31355963901702,20.7952279628625,715.0,1180811.8,True,False,True,False,1,-0.04118882826158221
2025-10-13,685.5499877929688,705.5,677.5,700.75,1306653,655.9750209678068,631.6215720766895,67.74101154810495,21.309854536943753,715.0,1201544.15,True,False,True,True,2,-0.01993006993006996
2025-10-14,705.0,711.7000122070312,683.5,686.9500122070312,1432931,658.9250201334472,633.791314826899,61.925877163728636,21.802008656235717,715.0,1237095.0,True,False,True,True,2,-0.039230752157998205
2025-10-15,692.25,701.0,684.1500244140625,698.5,491680,662.6940658350237,636.3289103238834,64.66025775026287,21.448292008357274,715.0,1277486.3,True,False,True,False,1,-0.023076923076923106
2025-10-16,700.7999877929688,703.1500244140625,695.6500244140625,699.3499755859375,324615,666.1851048589202,638.8003246478855,64.86026106598995,20.451985436331753,715.0,1278578.65,True,False,True,False,1,-0.021888146033653855
2025-10-17,699.3499755859375,705.4500122070312,696.7000122070312,702.4500122070312,395357,669.6389055587404,641.2963908266756,65.6243945488923,19.61612933373663,715.0,1279472.3,True,False,True,False,1,-0.017552430479676584
2025-10-20,706.0999755859375,724.7000122070312,703.2999877929688,718.2000122070312,1341957,674.2637728585776,644.3122191161015,69.27948108820706,19.804262952755444,715.0,1218238.0,True,True,True,True,2,0.004475541548295547
2025-10-21,726.0,730.4500122070312,718.0,722.9500122070312,129993,678.9005575584304,647.3960541392752,70.30496507506844,19.278959328060857,724.7000122070312,1132365.6,True,False,True,False,1,-0.002414792287184442
2025-10-23,723.0,732.2000122070312,719.25,720.5,1102583,682.8624092195322,650.2628755455781,69.02509272564428,18.82689167655874,730.4500122070312,1109149.3,True,False,True,False,1,-0.01362175650729014
2025-10-24,719.0,720.0499877929688,696.0,705.7999877929688,743571,685.0469405122404,652.4408015160641,61.76028564011341,19.23211369966169,732.2000122070312,1145163.65,True,False,True,False,1,-0.03605575522251947
2025-10-27,705.3499755859375,708.1500244140625,694.0999755859375,697.8499755859375,424020,686.2662771859259,654.2215534403728,58.19311816409146,18.86196620883764,732.2000122070312,1168837.3,True,False,True,False,1,-0.04691346086918824
2025-10-28,697.25,703.0,694.0999755859375,700.25,225026,687.5980603110758,656.0265905603582,58.96369334631515,18.150398937782274,732.2000122070312,1144200.7,True,False,True,False,1,-0.04363563462765596
2025-10-29,700.6500244140625,704.0,694.9000244140625,699.8499755859375,295761,688.7649093848721,657.7451546790084,58.76925900319596,17.503940126936218,732.2000122070312,1118774.6,True,False,True,False,1,-0.04418196678743935
2025-10-30,699.8499755859375,701.0,693.0,697.5999755859375,209824,689.606344261164,659.3080888322212,57.618379016018714,16.82508726072649,732.2000122070312,1099124.45,True,False,True,False,1,-0.04725489762940693
2025-10-31,697.9500122070312,698.0,671.0,678.0499877929688,813963,688.5057388832407,660.0430652620544,48.695286351693674,17.55186674210317,732.2000122070312,1088565.7,True,False,False,False,0,-0.07395523560678585
2025-11-03,679.0,697.75,676.7999877929688,678.4500122070312,441528,687.5480506283636,660.7649063187201,48.869770829019544,17.79459141816946,732.2000122070312,1114560.25,True,False,False,False,0,-0.07340890344700246
2025-11-04,682.0499877929688,691.1500244140625,676.5499877929688,688.6500244140625,404418,687.6530005127158,661.8584403616748,53.236952071048584,17.56640893266405,732.2000122070312,1088077.7,True,False,True,False,1,-0.05947826695836611
2025-11-06,688.7000122070312,700.0,685.0,687.25,648930,687.6146195115048,662.8541877984719,52.57319758412986,17.383094008902333,732.2000122070312,1002744.6,True,False,True,False,1,-0.061390346159024056
2025-11-07,689.0,702.4000244140625,677.2999877929688,692.9000244140625,552899,688.1179914069864,664.0324559010442,55.01100810522089,17.93430419548743,732.2000122070312,978127.35,True,False,True,False,1,-0.053673842034649644
2025-11-10,693.0,694.75,670.5999755859375,681.6500244140625,799585,687.5019945505176,664.7233409407703,49.54961692316359,18.37828421109994,732.2000122070312,758796.8,True,False,False,True,1,-0.06903849624448744
2025-11-11,684.0,684.0,670.5999755859375,677.6500244140625,501106,686.563711680379,665.2302697044288,47.73500884178192,18.022694225597267,732.2000122070312,642442.2,True,False,False,False,0,-0.07450148440798521
2025-11-12,684.5,688.25,677.2000122070312,681.3499755859375,278126,686.0671653856704,665.8624150331154,49.57456429321216,17.524643766123802,732.2000122070312,629320.0,True,False,False,False,0,-0.06944828704361694
2025-11-13,683.25,683.25,671.3499755859375,673.1500244140625,296028,684.8369614836124,666.1482036362898,45.73280786981689,17.12288524097657,732.2000122070312,577893.65,True,False,False,False,0,-0.08064734609192037
2025-11-14,670.0,680.5499877929688,666.6500244140625,678.0999755859375,163972,684.1953437790719,666.6169005754917,48.33558378064169,16.892676536542975,732.2000122070312,521048.5,True,False,False,False,0,-0.07388696492645896
2025-11-17,676.0,684.1500244140625,667.3499755859375,679.0999755859375,511981,683.710070617821,667.1064329288427,48.86912310796237,16.88606027165598,732.2000122070312,504663.1,True,False,False,True,1,-0.07252121788558452
2025-11-18,683.0,714.0,675.5499877929688,681.0499877929688,3432130,683.4567293964066,667.6532390019456,49.954454467275895,18.426342552754214,732.2000122070312,514031.4,True,False,False,True,1,-0.06985799448416252
2025-11-19,680.5999755859375,686.2000122070312,656.75,662.5999755859375,1130966,681.4703718906476,667.4550718091609,41.0713948927601,19.213747528059717,732.2000122070312,665870.05,True,False,False,True,1,-0.09505604406001322
2025-11-20,669.2000122070312,673.2999877929688,663.6500244140625,665.2999877929688,725755,679.9303353099164,667.3705587104866,42.67783555342682,18.605623576557683,732.2000122070312,655320.5,True,False,False,True,1,-0.09136851037793536
2025-11-21,666.9500122070312,667.6500244140625,647.5,650.2000122070312,713113,677.0988759667845,666.6972039456452,36.65897781001094,18.715937922093744,732.2000122070312,685108.6,True,False,False,True,1,-0.11199125735170612
2025-11-24,650.2000122070312,672.7000122070312,648.0,667.8499755859375,1041126,676.2180283114657,666.7424106766371,46.20842442458422,19.14337179958928,720.0499877929688,665635.1,True,False,False,True,1,-0.07249498380942965
2025-11-25,667.8499755859375,667.9500122070312,654.7999877929688,660.0,243449,674.6734541865642,666.4780024148082,43.0963978955784,18.71527555776594,714.0,680512.85,True,False,False,False,0,-0.07563025210084029
2025-11-26,660.0999755859375,668.5,657.0,665.4500122070312,438255,673.7950311408944,666.4376890733267,45.82437016543165,18.19989873221123,714.0,671484.3,True,False,False,False,0,-0.0679971817828694
2025-11-27,665.25,671.2000122070312,659.0,665.6500244140625,398251,673.0193162145295,666.4068002631595,45.92682342643403,17.77133540898409,714.0,682145.75,True,False,False,False,0,-0.06771705264136907
2025-11-28,665.9000244140625,667.7999877929688,657.5,665.4500122070312,342761,672.2984301185772,666.3692791629193,45.8334787999257,17.237667722125853,714.0,687270.25,True,False,False,False,0,-0.0679971817828694
2025-12-01,672.9000244140625,675.5,662.0,669.6500244140625,384405,672.0462010038616,666.4979358394347,48.213695871360066,16.970691456259722,714.0,693917.1,True,False,False,False,0,-0.062114811745010545
2025-12-02,672.4500122070312,672.4500122070312,656.5,664.9000244140625,342957,671.3656127572141,666.4352726462829,45.76440061976806,16.897785795600548,714.0,672439.2,True,False,False,False,0,-0.06876747280943629
2025-12-03,664.75,666.25,648.5,655.4500122070312,319114,669.8498412762443,666.0044781192535,41.27226869613738,16.95865823877194,714.0,667510.65,True,False,False,False,0,-0.0820027840237657
2025-12-04,660.0,660.7999877929688,648.9000244140625,653.25,393410,668.26890401184,665.5043025067338,40.28097554048611,16.597322891638676,714.0,663245.45,True,False,False,False,0,-0.08508403361344541
2025-12-05,653.7000122070312,657.0999755859375,631.0499877929688,635.0999755859375,496541,665.1099584474684,664.3119759608203,33.196968312900566,17.27251324173368,714.0,650469.45,True,False,False,False,0,-0.11050423587403713
2025-12-08,635.0999755859375,639.7999877929688,616.5499877929688,618.6500244140625,495678,660.6852028252393,662.5213111942809,28.333449976477993,17.699476581609847,714.0,647651.55,False,False,False,False,0,-0.13354338317358194
2025-12-09,617.0,627.5,605.7999877929688,623.2000122070312,651416,657.1151846711243,660.9792994692907,31.330184796237717,17.985229126282803,714.0,632456.2,False,False,False,True,1,-0.12717085125065652
2025-12-10,627.6500244140625,637.4500122070312,625.7000122070312,629.7999877929688,323067,654.5137373493952,659.7565813643369,35.54069036858492,17.71842704583403,714.0,639971.7,False,False,False,False,0,-0.11792718796502977
2025-12-11,632.9000244140625,633.75,612.75,616.4000244140625,311627,650.8838599269825,658.056324229032,31.339209663049616,17.952825113988744,714.0,642218.75,False,False,False,False,0,-0.1366946436777836
2025-12-12,620.4500122070312,624.0,615.9000244140625,620.3499755859375,266505,647.9758709421211,656.5776438900872,33.82267730585798,17.24905014769937,714.0,642998.7,False,False,False,False,0,-0.1311624991793593
2025-12-15,618.0999755859375,622.1500244140625,609.2000122070312,617.9000244140625,359678,645.1115046061155,655.0608744988705,33.02479250784259,16.941976009080218,714.0,648125.35,False,False,False,False,0,-0.13459380334164917
2025-12-16,618.0,621.2000122070312,603.0,605.5499877929688,800965,641.3437411001015,653.119271098639,29.275632351617517,17.03183573750529,714.0,640510.2,False,False,False,True,1,-0.15189077339920343
2025-12-17,606.0,613.8499755859375,603.7000122070312,608.4500122070312,313094,638.2110050150472,651.3675354558309,31.24936666150829,16.54027342617679,686.2000122070312,508951.95,False,False,False,False,0,-0.11330515683019593
2025-12-18,609.7999877929688,609.7999877929688,587.7000122070312,592.0,583586,633.8099569183761,649.0393968105042,26.697948282847648,16.93739500901684,675.5,468058.35,False,False,False,True,1,-0.12361213915618063
2025-12-19,593.0,607.3499755859375,591.0,598.2000122070312,892132,630.4185336125337,647.0456954535052,30.789504306584206,16.89543647879689,675.5,460949.9,False,False,False,True,1,-0.11443373470461693
2025-12-22,598.2000122070312,601.75,589.5999755859375,597.2000122070312,733856,627.2548649072478,645.090962777173,30.493855015909773,16.556478474173005,675.5,469900.85,False,False,False,True,1,-0.115914119604691
2025-12-23,597.9500122070312,600.1500244140625,594.0,597.3499755859375,438392,624.4067802099802,643.2187672010461,30.60147533683572,15.813160327022254,675.5,454537.35,False,False,False,False,0,-0.11569211608299412
2025-12-24,594.5,599.75,591.0,597.2000122070312,841675,621.8156594477946,641.4141101424574,30.550533504400647,15.308648875092095,675.5,464284.5,False,False,False,True,1,-0.115914119604691
2025-12-26,597.2000122070312,626.2999877929688,597.1500244140625,617.9500122070312,953892,621.4475025677219,640.4939494391074,44.35388670719756,16.297314196793106,675.5,484455.5,False,False,False,True,1,-0.08519613292815509
2025-12-29,617.9500122070312,620.2000122070312,605.2999877929688,611.0,493430,620.452502323177,639.3373239709072,41.38680352397858,16.19750778374092,675.5,512237.55,False,False,False,False,0,-0.09548482605477426
2025-12-30,611.0999755859375,621.4500122070312,599.9500122070312,611.3499755859375,1161004,619.5855950148684,638.2397808969868,41.59866776364166,16.576257227759427,675.5,519771.0,False,False,False,True,1,-0.09496672748195778
2025-12-31,613.0999755859375,620.0499877929688,606.5999755859375,616.8499755859375,541402,619.3250598311607,637.4009650024358,44.965393520017706,16.35295401199313,672.4500122070312,558600.95,False,False,False,False,0,-0.08268278029858345
2026-01-01,615.0,615.0,603.0,606.7000122070312,521216,618.1226743431484,636.1970060692827,40.34326039407335,16.174169838703442,666.25,568523.2,False,False,False,False,0,-0.08938084471740149
2026-01-02,609.7000122070312,617.0999755859375,605.0,613.9000244140625,482500,617.7205172070451,635.3226146318231,44.68682309307087,15.883155963505876,660.7999877929688,578628.3,False,False,False,False,0,-0.07097452216297584
2026-01-05,617.9000244140625,623.0,612.0,615.25,271629,617.4852298539931,634.5354532737124,45.48823208833051,15.534359108969744,657.0999755859375,583082.8,False,False,False,False,0,-0.06368890144702832
2026-01-06,615.25,627.2999877929688,613.25,625.6500244140625,400726,618.2628293359045,634.1870050831379,51.337639961207636,15.428332586398245,639.7999877929688,571837.2,False,False,True,False,1,-0.02211622952310055
2026-01-07,627.7999877929688,627.7999877929688,616.4000244140625,621.0499877929688,266521,618.528272998482,633.6718279345039,48.841208466970365,15.140591928720246,637.4500122070312,567089.6,False,False,False,False,0,-0.02572754584674175
2026-01-08,621.5,621.5,612.7999877929688,615.0999755859375,332547,618.2017684830015,632.943519999266,45.74273934088715,14.680550520028175,637.4500122070312,547844.85,False,False,False,False,0,-0.03506163023467779
2026-01-09,617.4000244140625,618.75,610.0499877929688,614.5,251210,617.849219103668,632.2202447051772,45.42977005722389,14.253369211956967,633.75,548318.85,False,False,False,False,0,-0.030374753451676506
2026-01-12,612.5,614.5,592.25,601.0999755859375,460017,616.2540530543603,630.9998419946187,39.0100924226524,14.824557125388612,627.7999877929688,545298.0,False,False,False,False,0,-0.04252948825452385
2026-01-13,602.1500244140625,610.5499877929688,599.7999877929688,606.25,209643,615.3012860968021,630.0292599556141,42.38011969279374,14.533517330717997,627.7999877929688,554973.6,False,False,False,False,0,-0.034326199764239784
2026-01-14,607.4500122070312,613.0999755859375,601.0999755859375,608.0499877929688,222348,614.6106862583417,629.1673277139416,43.55407877657692,14.352551807095283,627.7999877929688,547471.85,False,False,False,False,0,-0.03145906400768039
2026-01-15,608.0499877929688,608.0499877929688,608.0499877929688,608.0499877929688,0,613.9858578330682,628.3391967366485,43.554078776576915,13.327369535159907,627.7999877929688,518541.0,False,False,False,False,0,-0.03145906400768039
2026-01-16,604.25,607.1500244140625,598.0,599.4000244140625,306893,612.5967308407819,627.2043272338021,39.11274896315513,13.09327083928911,627.7999877929688,502886.3,False,False,False,False,0,-0.04523727927862242
2026-01-19,595.0,595.0499877929688,566.0999755859375,573.0,752839,608.8256136178503,625.0786673422805,29.29431399142375,14.53661212420596,627.7999877929688,489051.65,False,False,False,True,1,-0.08728892777717012
2026-01-20,569.75,569.75,547.4500122070312,551.5999755859375,1786151,603.3755528529063,622.1971500185024,24.02870191394983,15.323281814831873,627.7999877929688,482087.0,False,False,False,True,1,-0.12137625627377346
2026-01-21,553.0,572.0,539.2000122070312,568.5499877929688,1622641,600.0588323710074,620.0933397351481,34.12831490276511,16.571617956127366,627.7999877929688,534701.75,False,False,False,True,1,-0.09437719202304129
2026-01-22,572.0,583.5,564.2999877929688,576.2999877929688,744287,597.796085268337,618.3759533844744,38.17531721422701,16.7593604026205,627.7999877929688,593914.2,False,False,False,True,1,-0.08203249602002749
2026-01-23,576.0,581.7000122070312,552.4000244140625,555.25,328424,593.7440771475431,615.9004258007695,32.359947657592116,17.65511950193109,627.7999877929688,589044.8,False,False,False,False,0,-0.11556226378407286
2026-01-27,565.0,567.0,552.0,554.2000122070312,587663,589.9779757246372,613.48080173827,32.09729596967637,17.465468108936015,627.7999877929688,557771.4,False,False,False,True,1,-0.11723475154034046
2026-01-28,554.0,559.5,547.0499877929688,549.6500244140625,311202,586.1372184569634,610.9776340000658,30.925895654091292,17.10722125879996,627.7999877929688,562483.05,False,False,False,False,0,-0.1244822632979693
2026-01-29,549.6500244140625,551.5999755859375,533.5,539.2000122070312,755656,581.6670083379223,608.1628253022997,28.365437806519154,17.178132282166928,627.7999877929688,519992.95,False,False,False,True,1,-0.14112771154617376
2026-01-30,538.9000244140625,570.25,531.25,552.1500244140625,622599,578.8558670118404,605.96624487531,35.49298872305904,18.736837119155005,627.7999877929688,530705.65,False,False,False,True,1,-0.12050010329699712
2026-02-02,556.5499877929688,563.2000122070312,533.4000244140625,558.0499877929688,1185315,576.8743547052811,604.0871759701203,38.49552494363916,19.52706216728456,627.7999877929688,535774.8,False,False,False,True,1,-0.11110226402712453
2026-02-03,585.9500122070312,586.9000244140625,544.2999877929688,546.7000122070312,1643122,574.0006078006859,601.8366989598031,35.109883106733776,21.175131771128072,627.7999877929688,570915.55,False,False,False,True,1,-0.1291812315432571
2026-02-04,545.9000244140625,545.9000244140625,519.0999755859375,540.3499755859375,1751367,570.7957856849956,599.425454905926,33.343024702764964,21.63405354612562,627.7999877929688,639490.2,False,False,False,True,1,-0.13929597627814838
2026-02-05,540.2000122070312,540.2999877929688,528.9000244140625,537.9500122070312,714016,567.6676167823323,597.0146532314595,32.67378019705521,20.906617662250575,627.7999877929688,707022.25,False,False,False,True,1,-0.14311879154665985
2026-02-06,536.5,568.9500122070312,528.75,563.0499877929688,1789558,567.227842592869,595.682705567205,45.08755748301838,22.28471727259205,621.5,729397.0,False,False,False,True,1,-0.09404668094453938
2026-02-09,564.0999755859375,573.25,559.0,572.0499877929688,735633,567.687094516688,594.7559323211565,48.73740091133284,21.71080889597833,618.75,802247.55,False,False,False,False,0,-0.07547476720328283
2026-02-10,572.4500122070312,579.4500122070312,568.0999755859375,576.3499755859375,469978,568.5121308089975,594.0341300962459,50.43255583506132,20.97075373348658,614.5,826468.7,False,False,True,False,1,-0.06208303403427584
2026-02-11,578.1500244140625,611.75,565.2000122070312,600.4000244140625,2781341,571.5490730570989,594.2837730106701,58.66549549928837,22.79784188059245,613.0999755859375,826966.75,False,False,True,True,2,-0.02071432340172208
2026-02-12,602.0,608.5999755859375,594.9000244140625,602.8499755859375,814850,574.5301113931788,594.6197025234258,59.40519448213989,22.14799254425549,613.0999755859375,955551.65,False,False,True,False,1,-0.016718317416672734
2026-02-13,602.1500244140625,607.25,591.5499877929688,599.9000244140625,578731,576.9462935856438,594.8267739701174,58.05795105763934,21.687422520168045,611.75,985176.75,False,False,True,False,1,-0.019370618039946885
2026-02-16,595.0,624.9500122070312,592.25,620.6500244140625,925945,581.1085536645409,595.8394504581153,64.20699707785437,22.474036069229705,611.75,1014113.3,False,True,True,False,1,0.014548466553432782
2026-02-17,624.9000244140625,630.0,617.0,625.9000244140625,697704,585.3744080216381,597.0182964956034,65.58189647932463,21.797319207141868,624.9500122070312,1045065.9,False,True,True,False,1,0.0015201411128487052
2026-02-18,630.0,631.7000122070312,618.7999877929688,629.2000122070312,426300,589.5482750869137,598.2803245627183,66.45416286112268,21.16179815049334,630.0,1042309.15,False,False,True,False,1,-0.0012698218936011418
2026-02-19,630.0499877929688,640.2000122070312,627.0,636.7999877929688,419054,594.0484382017761,599.7908995913557,68.43802253960584,20.593099154531764,631.7000122070312,974316.6,False,True,True,False,1,0.00807341378405102
2026-02-20,635.5,635.5,626.7999877929688,630.7999877929688,312088,597.5485857818896,601.0069422659288,65.161687002923,19.836449214922354,640.2000122070312,914137.25,False,False,True,False,1,-0.014682949445215976
2026-02-23,638.0,648.0,632.2999877929688,646.0499877929688,668681,602.167766925802,602.7733362081657,69.19790366926807,19.648132285787277,640.2000122070312,892527.3,False,True,True,False,1,0.009137731137758509
2026-02-24,643.5,653.5499877929688,633.5,638.0,296016,605.5803605519161,604.1547740039239,64.92207949532593,19.676836250585954,648.0,909540.15,True,False,True,False,1,-0.015432098765432056
2026-02-25,638.0,649.9500122070312,633.5999755859375,642.5999755859375,402191,609.1060381742038,605.6624289679244,66.2070637830881,19.439207705622223,653.5499877929688,894957.8,True,False,True,False,1,-0.01675466668434855
2026-02-26,643.3499755859375,651.0,632.75,649.4500122070312,277143,612.9483214154255,607.3795890949482,68.0821435391575,19.354264298077776,653.5499877929688,899507.25,True,False,True,False,1,-0.0062733924910366445
2026-02-27,649.0,659.9000244140625,639.0499877929688,654.5999755859375,630633,616.915145622141,609.23136895734,69.45440944501662,19.461105178293202,653.5499877929688,875581.6,True,True,True,False,1,0.0016065914047593832
2026-03-02,618.2000122070312,652.7000122070312,612.5999755859375,644.5999755859375,762213,619.5517960948836,610.6183731388537,63.72518055443533,21.071026236986544,659.9000244140625,875983.3,True,False,True,False,1,-0.023185404246211738
2026-03-04,631.9500122070312,655.5999755859375,626.7000122070312,649.25,740015,622.3801964667995,612.1333388981144,65.16418533932097,21.63023603283795,659.9000244140625,854828.2,True,False,True,False,1,-0.016138845309967786
2026-03-05,656.0,664.0,648.9500122070312,655.4500122070312,601514,625.529702727774,613.8320319690523,67.04153819700565,21.160218301418723,659.9000244140625,809672.85,True,False,True,False,1,-0.006743464225482443
2026-03-06,658.0,686.5999755859375,655.5,672.7000122070312,1434361,630.0221131543699,616.140580213679,71.62357756084023,21.873771521239263,664.0,752180.2,True,True,True,True,2,0.013102428022637502
2026-03-09,669.3499755859375,695.7999877929688,629.25,658.2999877929688,3509920,632.7152440723316,617.7938903148275,63.66636843962989,25.0649298263628,686.5999755859375,788197.45,True,False,True,True,2,-0.041217577627814306
2026-03-10,662.7999877929688,669.9500122070312,657.0999755859375,665.5,341877,635.8376017797286,619.6647181456186,65.71722558631635,24.19243745455787,695.7999877929688,874215.55,True,False,True,False,1,-0.043546979483397696
2026-03-11,665.5,693.9000244140625,661.8499755859375,685.9000244140625,901077,640.6054515544272,622.2621811365381,70.7542247475737,24.753695409812664,695.7999877929688,854527.75,True,False,True,True,2,-0.01422817411984767
2026-03-12,682.5,702.1500244140625,673.5499877929688,684.0499877929688,886467,644.7430264342883,624.6852323779667,69.7533146082888,25.028434067761314,695.7999877929688,876082.7,True,False,True,True,2,-0.016887036801006894
2026-03-13,684.0499877929688,684.0499877929688,662.0,666.9500122070312,441975,646.8579774602638,626.3426747242045,61.143516413758675,24.815687905276132,702.1500244140625,781339.0,True,False,True,False,1,-0.050131753874687046
2026-03-16,665.0,668.0499877929688,633.3499755859375,649.2000122070312,2399945,647.0810283885274,627.2390409000017,53.72987609481534,25.521711069687214,702.1500244140625,762695.25,True,False,True,True,2,-0.07541125167832552
2026-03-17,657.0499877929688,675.5,649.2000122070312,669.5499877929688,811373,649.2209292841885,628.8982937193338,59.75472570140327,25.577302264207326,702.1500244140625,853755.95,True,False,True,False,1,-0.04642887629078729
2026-03-18,673.9500122070312,686.4000244140625,654.2000122070312,662.0,644483,650.4379836380754,630.1963998479874,56.79971702541384,26.050352974409034,702.1500244140625,848027.35,True,False,True,False,1,-0.05718154670373654
2026-03-19,652.0,654.4500122070312,634.0,636.2000122070312,501294,649.0819863589282,630.4318356267735,48.054365262662586,26.18961347623696,702.1500244140625,845366.3,True,False,False,False,0,-0.09392581345000439
2026-03-20,642.0,645.0,622.5999755859375,626.9500122070312,1080780,646.9741792968427,630.2952935318816,45.357922646870286,25.9189285432245,702.1500244140625,849116.0,True,False,False,True,1,-0.10709963624908359
2026-03-23,625.2999877929688,626.9500122070312,603.7999877929688,621.2999877929688,671519,644.5290182012357,629.9425364440812,43.74332826846137,25.721149676855784,702.1500244140625,882202.3,True,False,False,False,0,-0.1151463844049031
2026-03-24,628.5499877929688,644.0,622.25,633.8499755859375,627903,643.5119665235883,630.0957693516049,48.1577309221325,25.50535414329689,702.1500244140625,900173.85,True,False,False,False,0,-0.09727272869515424
2026-03-25,636.0499877929688,654.0,627.5,652.0,700264,644.3203506641989,630.9547587887969,53.803528559999336,25.57640027591854,702.1500244140625,898134.95,True,False,True,False,1,-0.07142351729733576
2026-03-27,653.0,671.7999877929688,645.4000244140625,668.0,913286,646.5755553628467,632.407513346099,58.132148298560786,25.635226211846234,702.1500244140625,918347.35,True,False,True,False,1,-0.04863636434757712
2026-03-30,666.0,709.5999755859375,645.6500244140625,670.0,765008,648.8064548520994,633.8817285089971,58.65366989188972,28.371992280419718,702.1500244140625,943902.1,True,False,True,False,1,-0.04578797022885728
2026-04-01,680.0,689.5499877929688,671.25,687.9000244140625,632568,652.5296519532387,636.0000930542938,63.085625872234345,27.74184910274465,709.5999755859375,968295.35,True,False,True,False,1,-0.03058054103504826
2026-04-02,684.5,684.5,652.0,658.0999755859375,469311,653.0601589658767,636.8667551143583,52.916225131737285,28.324575910695927,709.5999755859375,968392.1,True,False,True,False,1,-0.07257610170783191
2026-04-06,658.0,672.2000122070312,652.25,670.5999755859375,343386,654.7306176915968,638.1896265054006,56.11208422715493,27.726392789005594,709.5999755859375,953747.0,True,False,True,False,1,-0.05496054304088238
2026-04-07,668.0,670.0999755859375,652.9000244140625,655.75,384549,654.8277017209685,638.8782686032281,51.628681108963825,27.010218387781983,709.5999755859375,933915.55,True,False,True,False,1,-0.0758877923318303
2026-04-08,677.0,677.0,661.3499755859375,666.5,376992,655.9393491761144,639.9614737560427,54.465055826235925,26.598774217226126,709.5999755859375,923067.3,True,False,True,False,1,-0.060738411878253795
2026-04-09,668.2999877929688,677.4000244140625,665.0,668.0999755859375,228657,657.0975040722881,641.0649444160385,54.88903775132544,25.58457780271444,709.5999755859375,870198.85,True,False,True,False,1,-0.05848365477427231
2026-04-10,674.5,683.3499755859375,668.0,681.7999877929688,442593,659.4501215694958,642.6623970974869,58.456034886693175,24.853534787230373,709.5999755859375,706135.7,True,False,True,False,1,-0.039176985272601605
2026-04-13,675.0,681.6500244140625,662.4000244140625,666.0499877929688,354865,660.0786802574456,643.5795575169176,53.24369044779524,24.463993972350078,709.5999755859375,711171.5,True,False,True,False,1,-0.06137258919295796
2026-04-15,675.0,686.0,671.0499877929688,683.0,436861,662.2616630900699,645.1254572221364,57.62302246203417,24.141566703398734,709.5999755859375,683860.9,True,False,True,False,1,-0.03748587443788043
2026-04-16,686.4000244140625,689.25,671.0,674.3499755859375,633612,663.4129309468191,646.2715167658149,54.802064788959385,23.720740510298825,709.5999755859375,661380.6,True,False,True,False,1,-0.049675875440797546
2026-04-17,675.0,692.75,672.0499877929688,688.1500244140625,461622,665.768844610366,647.9138111833932,58.30872500044107,23.504974202922572,709.5999755859375,670962.45,True,False,True,False,1,-0.030228229861709255
2026-04-20,685.5,690.4000244140625,675.0,679.5,374227,667.0765736950931,649.1524852546328,55.40696909039272,22.926049218003996,709.5999755859375,574046.3,True,False,True,False,1,-0.04241823086462637
2026-04-21,685.1500244140625,689.5,677.4000244140625,679.75,419172,668.2835666765127,650.3523877936668,55.475934212129545,22.15275824428496,709.5999755859375,552189.0,True,False,True,False,1,-0.04206591969128737
2026-04-22,679.75,685.9000244140625,673.25,684.2999877929688,585372,669.8089401161751,651.683666225012,56.78585005945193,21.473991542126214,709.5999755859375,540923.45,True,False,True,True,2,-0.03565387353921179
2026-04-23,683.5999755859375,692.9500122070312,681.8499755859375,687.5999755859375,705231,671.5033244466287,653.0921489450483,57.75657128621873,20.732994762052467,709.5999755859375,545127.35,True,False,True,True,2,-0.031003383253831118
2026-04-24,691.0,708.2999877929688,687.5999755859375,705.25,1151133,674.7172935469497,655.1375548687719,62.59610028324014,20.730638865265238,709.5999755859375,526349.9,True,False,True,True,2,-0.006130180010710418
2026-04-27,710.5999755859375,724.5,709.5,719.7999877929688,1422709,679.010883475142,657.6733365520738,66.04910495226662,20.624878946317722,709.5999755859375,550330.6,True,True,True,True,2,0.01437431307492476
2026-04-28,720.0499877929688,723.0,697.5499877929688,705.2999877929688,768228,681.5146076958874,659.5410483654423,60.09509739370415,20.969531322082975,724.5,590070.9,True,False,True,True,2,-0.026501052045591833
2026-04-29,710.0999755859375,711.1500244140625,690.0499877929688,699.5,821255,683.227502201041,661.1080660766014,57.848733744993886,20.978853129155173,724.5,593469.1,True,False,True,True,2,-0.03450655624568666
2026-04-30,700.0,708.7999877929688,685.2000122070312,701.0499877929688,520071,684.9248817812247,662.6744159478316,58.29736589061863,21.16607616178248,724.5,588867.55,True,False,True,False,1,-0.0323671666073585
2026-05-01,701.0499877929688,701.0499877929688,701.0499877929688,701.0499877929688,0,686.4606061632956,664.1793403339154,58.29736589061862,19.654213578798018,724.5,576620.7,True,False,True,False,1,-0.0323671666073585
2026-05-04,725.0,770.0,723.9500122070312,744.8499755859375,11163925,692.0214984892615,667.3428946575241,69.08201507453089,23.17534205224325,724.5,544992.3,True,True,True,True,2,0.028088303086180044
2026-05-05,750.0,753.9500122070312,738.0,742.7999877929688,675300,696.8575450896146,670.3019963491101,68.19313098127337,22.659247063299535,770.0,1079723.0,True,False,True,False,1,-0.035324691177962664
2026-05-06,748.0,748.0999755859375,720.6500244140625,731.0499877929688,1176303,700.1139682042198,672.6842705233792,63.17548520854741,23.00144021391207,770.0,1096318.7,True,False,True,True,2,-0.05058443143770297
2026-05-07,740.0,749.0,734.0499877929688,738.5499877929688,924216,703.7745414983864,675.2672398280689,64.94835116228445,22.640623927706297,770.0,1135906.4,True,False,True,False,1,-0.04084417169744314
2026-05-08,739.4000244140625,748.1500244140625,730.0999755859375,742.4000244140625,698355,707.4531589189269,677.8998980471274,65.85706674662117,22.31272570630763,770.0,1163267.6,True,False,True,False,1,-0.0358441241375812
2026-05-11,742.4000244140625,745.5499877929688,721.0499877929688,739.8499755859375,2327416,710.5385700300708,680.329312852571,64.66133837837162,22.468959584428514,770.0,1186752.5,True,False,True,True,2,-0.039155875862418865
2026-05-12,735.7000122070312,741.9500122070312,727.2999877929688,730.3499755859375,1395667,712.4253705592009,682.2909074695658,60.27099675070523,21.910464215116654,770.0,1280993.65,True,False,True,True,2,-0.05149353820008118
2026-05-13,730.0,754.4000244140625,728.0,735.75,542051,714.646763839277,684.3873424707593,61.856373233275946,22.231147086469928,770.0,1333033.75,True,False,True,False,1,-0.044480519480519454
2026-05-14,743.0,750.5,731.0999755859375,746.5999755859375,358394,717.6899268627685,686.8270535733154,64.88814328669261,22.028924038440827,770.0,1338293.25,True,False,True,False,1,-0.03038964209618511
2026-05-15,748.0,766.9500122070312,740.2000122070312,753.6500244140625,764794,721.1146980581298,689.4475622337369,66.7381315112862,22.36614374998077,770.0,1324532.35,True,False,True,False,1,-0.021233734527191572
2026-05-18,746.0999755859375,761.5999755859375,733.6500244140625,755.25,646189,724.3656791954508,692.0280499892766,67.16100546304244,22.764987137258927,770.0,1339690.95,True,False,True,False,1,-0.01915584415584415
2026-05-19,759.0,759.0,745.5,748.9000244140625,308190,726.7022835019852,694.258323496131,63.699661187731905,22.103202341740435,770.0,1353289.05,True,False,True,False,1,-0.02740256569602273
2026-05-20,745.5999755859375,770.0,742.0499877929688,764.8499755859375,522688,730.3353970337903,697.0266235780841,68.14116002278583,22.520831617832638,770.0,1347739.95,True,False,True,False,1,-0.006688343394886331
2026-05-21,774.8499755859375,776.5499877929688,752.3499755859375,759.25,625618,733.089168744858,699.4667559867867,65.1281599549873,22.640773088489684,770.0,1344605.75,True,False,True,False,1,-0.013961038961038952
2026-05-22,760.0499877929688,769.3499755859375,754.0,756.5999755859375,507280,735.3282932059132,701.7072744024397,63.692904851458586,22.120001838307388,776.5499877929688,1340625.1,True,False,True,False,1,-0.025690570498534293
2026-05-25,767.5999755859375,767.5999755859375,742.0,746.9000244140625,414424,736.4303628447844,703.4795391087779,58.602192990588186,22.36857139170954,776.5499877929688,1308432.45,True,False,True,False,1,-0.038181654555393574
2026-05-26,747.5,768.5499877929688,745.0,757.5999755859375,486972,738.44651643918,705.6019091667057,62.19197730873793,22.45295827751377,776.5499877929688,1258018.2,True,False,True,False,1,-0.024402823391819317
2026-05-27,758.0999755859375,760.5,737.1500244140625,741.25,309927,738.7135148735438,706.9998735131095,54.42566641325088,22.517030942401178,776.5499877929688,1243955.4,True,False,True,False,1,-0.04545745714747196
2026-05-28,741.25,741.25,741.25,741.25,0,738.9550848855872,708.3430157282818,54.42566641325088,20.908671589372524,776.5499877929688,1218389.0,True,False,True,False,1,-0.04545745714747196
2026-05-29,741.0999755859375,751.4500122070312,721.2999877929688,728.3499755859375,514480,737.9450744760968,709.1276023893663,48.84433975689411,21.568768219707522,776.5499877929688,1192385.45,True,False,False,False,0,-0.06206942626323442
2026-06-01,724.5,744.0499877929688,715.0499877929688,720.9500122070312,214997,736.3264971171382,709.5912263037845,45.93432780559456,22.099570489728414,776.5499877929688,1218109.45,True,False,False,False,0,-0.07159870769421828
2026-06-02,715.5999755859375,732.0,711.2999877929688,726.9500122070312,343238,735.433498554271,710.2719630058726,48.6078493298185,21.999602040964334,776.5499877929688,670663.05,True,False,False,False,0,-0.06387222505392798
2026-06-03,726.9500122070312,736.0,723.8499755859375,730.5,556755,734.9636415491022,711.0652193585835,50.17765724955724,21.296060781899918,776.5499877929688,654059.95,True,False,True,False,1,-0.05930073854465867
2026-06-04,726.0499877929688,748.4000244140625,726.0499877929688,738.0499877929688,382858,735.2575792866132,712.1234455716966,53.435350126016274,21.371344770413764,776.5499877929688,623082.55,True,False,True,False,1,-0.04957826360852924
2026-06-05,738.9000244140625,756.0,738.9000244140625,754.0,233590,737.0425717355073,713.7656633924145,59.465284383718014,21.126963873029297,776.5499877929688,596014.65,True,False,True,False,1,-0.02903868153685507
2026-06-08,751.25,785.0,742.25,766.1500244140625,1890588,739.814710085846,715.8199520599301,63.357866656007424,22.671466453527202,776.5499877929688,572776.4,True,False,True,True,2,-0.01339252275112901
2026-06-09,770.0,807.0,769.9500122070312,790.3499755859375,2322732,744.6275925144262,718.7426980805578,69.61639225714885,23.969931391556507,785.0,550935.0,True,True,True,True,2,0.006815255523487274
2026-06-10,792.5,824.9000244140625,792.5,812.9000244140625,2258113,751.1297288858201,722.4351422504992,74.06212503640218,24.725654065597116,807.0,597288.25,True,True,True,True,2,0.0073110587534850335
2026-06-11,814.0,825.0,806.4500122070312,813.75,967137,757.0935642300277,726.0161170642051,74.21527264026699,24.284535046123665,824.9000244140625,683091.35,True,False,True,True,2,-0.013516819110270362
2026-06-12,835.0,836.5,806.0499877929688,814.9500122070312,1181355,762.6037021325994,729.5037207952963,74.44468716541601,24.724926271902778,825.0,713528.5,True,False,True,True,2,-0.012181803385416634
2026-06-15,825.0,832.75,782.2000122070312,786.7000122070312,689891,764.8985888063548,731.7467126153643,60.743050738956455,26.56957352340749,836.5,734356.55,True,False,True,False,1,-0.05953375707467867
2026-06-16,787.75,791.8499755859375,767.0499877929688,780.0499877929688,440200,766.3415791860323,733.6409587007605,58.03522999523214,26.44317454266187,836.5,736541.65,True,False,True,False,1,-0.06748357705562613
2026-06-17,778.9000244140625,783.2000122070312,761.5999755859375,765.9500122070312,386214,766.3042870927941,734.9079804068889,52.67360810651903,26.097236119692717,836.5,743142.15,True,False,True,False,1,-0.08433949526953821
2026-06-18,768.0,791.7999877929688,767.0999755859375,788.5,355032,768.4181645125279,737.0096282340697,59.17031323531926,26.079574652995916,836.5,736318.45,True,False,True,False,1,-0.05738194859533774
2026-06-19,791.9500122070312,819.0499877929688,785.3499755859375,809.4000244140625,812938,772.3211987888645,739.8484672999517,64.09052685551234,26.623891621141297,836.5,722789.15,True,False,True,True,2,-0.0323968626251494
2026-06-22,823.9500122070312,823.9500122070312,786.4500122070312,789.8499755859375,571911,773.9906061028714,741.8093107621472,57.15260110505436,27.40075650534549,836.5,738072.05,True,False,True,False,1,-0.055768110477062205
2026-06-23,792.4000244140625,799.0,759.5,765.8499755859375,930320,773.2153079584016,742.7520819317077,49.99726364648739,28.264988183535102,836.5,745946.4,True,False,False,True,1,-0.08445908477473107
2026-06-24,769.7000122070312,783.8499755859375,757.0,769.7000122070312,648056,772.8805178868425,743.8088635111322,51.055866514626494,28.163915855135272,836.5,768113.8,True,False,True,False,1,-0.07985653053552755
2026-06-25,776.5999755859375,783.9500122070312,765.4000244140625,769.0499877929688,381419,772.5157054969497,744.7987115221847,50.86008761181736,27.477206707837666,836.5,785020.25,True,False,True,False,1,-0.08063360694205768
2026-06-26,769.0499877929688,769.0499877929688,769.0499877929688,769.0499877929688,0,772.1856371441897,745.7497419641762,50.86008761181736,25.514549085849264,836.5,804091.2,True,False,True,False,1,-0.08063360694205768
2026-06-29,774.7000122070312,780.0,754.2000122070312,765.7000122070312,1018308,771.5679585787461,746.5321055031117,49.72052732675293,25.53493756492923,836.5,778367.2,True,False,False,True,1,-0.08463835958513899
2026-06-30,773.9000244140625,793.9500122070312,767.3499755859375,784.4500122070312,910727,772.794820829059,748.0190822365987,55.70297701336794,25.728870596005713,836.5,818532.75,True,False,True,True,2,-0.062223535915085226
2026-07-01,786.9500122070312,801.9500122070312,767.75,776.0,438050,773.1000759881962,749.1163731292811,52.66191195709232,26.333952139650393,836.5,846907.2,True,False,True,False,1,-0.07232516437537362
2026-07-02,776.5,797.75,776.0499877929688,790.9500122070312,420174,774.8000699137996,750.7569079950752,57.122067784399924,26.006526986818223,836.5,840971.95,True,False,True,False,1,-0.054453063709466565
2026-07-03,791.9500122070312,800.5999755859375,785.0999755859375,793.2000122070312,349759,776.5524453702978,752.4213434543676,57.76700414589137,25.256060773474065,836.5,842837.75,True,False,True,False,1,-0.05176328486906012
2026-07-06,793.2000122070312,801.5999755859375,787.2999877929688,791.5499877929688,253908,777.9807827438856,753.9558000950971,57.088852409393944,24.4734841320094,836.5,848646.2,True,False,True,False,1,-0.05373581853799314
2026-07-07,790.25,803.0,783.4000244140625,789.1500244140625,306542,779.0445200458072,755.3359657546644,56.0580301365018,24.12537637871855,836.5,766812.2,True,False,True,False,1,-0.0566048721888075
2026-07-08,788.9500122070312,797.7999877929688,771.4500122070312,779.5999755859375,490402,779.0974205734387,756.2874955519692,52.03189984680314,24.284276322091333,836.5,666002.7,True,False,True,False,1,-0.06802154741669153
2026-07-09,780.9500122070312,817.9500122070312,779.0,807.1500244140625,1189058,781.7690971296887,758.2821045269533,60.782393284934905,25.331828885301327,836.5,577617.15,True,False,True,True,2,-0.035086641465555846
2026-07-10,810.0,812.0,801.0,808.9000244140625,381067,784.3529949662957,760.2671209931144,61.265758551725185,24.308126822065518,836.5,588713.2,True,False,True,False,1,-0.03299459125635085
2026-07-13,808.0,823.5,805.0499877929688,814.9000244140625,595685,787.262235866083,762.4095877939359,62.95176696659859,23.889690063848786,832.75,548698.8,True,False,True,True,2,-0.02143497518575499
2026-07-14,814.7999877929688,821.8499755859375,808.5499877929688,813.2000122070312,521771,789.7325002795067,764.401369143469,62.12662642334095,23.133282758785928,823.9500122070312,543988.5,True,False,True,False,1,-0.013046907992882995
2026-07-15,815.0,826.0,807.8499755859375,824.5999755859375,470326,793.0532122134524,766.7620988078795,65.40162973763492,22.777335734162826,823.9500122070312,548067.05,True,True,True,False,1,0.0007888383631007301
2026-07-16,826.0,834.0,805.2999877929688,812.0999755859375,345746,794.8671896774987,768.5400547599602,59.34218884339687,23.200384053653426,826.0,552272.65,True,False,True,False,1,-0.016828116724046605
2026-07-17,814.0,825.5999755859375,812.0499877929688,819.9000244140625,534608,797.251269176219,770.5541712169838,61.725214613899595,22.511070035033093,834.0,551808.35,True,False,True,False,1,-0.016906445546687632
2026-07-20,820.0,821.9500122070312,810.3499755859375,815.1500244140625,170084,798.955912532204,772.3030282051045,59.44041787567621,21.731710505465998,834.0,537891.85,True,False,True,False,1,-0.02260188919177153
2026-07-21,814.0,826.1500244140625,810.0,813.4500122070312,383732,800.3363029774257,773.9166354208663,58.604318887360634,21.333018641794318,834.0,517800.5,True,False,True,False,1,-0.024640273133056056
2026-07-22,815.0,816.2000122070312,792.25,799.5,396292,800.2566550748137,774.9199046200481,52.12500280850723,21.519946753596958,834.0,490471.1,True,False,True,False,1,-0.04136690647482011
2026-07-23,799.0,802.0,780.5,784.2999877929688,288918,798.7369724765427,775.2877510189862,46.13918498715655,21.518521985482888,834.0,477882.9,True,False,False,False,0,-0.05959234077581688
2026-07-24,784.0,791.9000244140625,770.0,785.6500244140625,731330,797.4905964705923,775.6941146815383,46.72436879876217,21.54577215895286,834.0,473257.85,True,False,False,True,1,-0.05797359182966122
2026-07-27,790.0,807.2999877929688,786.0499877929688,801.5,485747,797.872444425774,776.706110184223,53.15886467787944,21.55321438894953,834.0,509824.35,True,False,True,False,1,-0.03896882494004794
2026-07-28,801.5,817.0,798.2999877929688,813.5,479202,799.3607830518907,778.1490078240574,57.35800836492295,21.349414233098226,834.0,483196.3,True,False,True,False,1,-0.024580335731414826
2026-07-29,815.7999877929688,827.4500122070312,809.7999877929688,818.3499755859375,593366,801.1692775789428,779.725516363739,58.95937323590903,21.085172103167103,834.0,461620.05,True,False,True,True,2,-0.01876501728304858
2026-07-30,817.7999877929688,839.4000244140625,811.0999755859375,814.0,676830,802.391251142853,781.0696137612393,56.895593246684314,21.600520440664095,834.0,469385.85,True,False,True,True,2,-0.023980815347721784
2026-07-31,813.2000122070312,827.3499755859375,799.2000122070312,822.1500244140625,411488,804.2730390734445,782.6806102574285,59.739078764085356,22.068337793395678,839.4000244140625,482218.65,True,False,True,False,1,-0.02055039254024471
2026-08-03,825.0499877929688,836.5,808.0,815.1500244140625,623483,805.3089424392176,783.9539206165122,56.30358465789454,22.527742236724556,839.4000244140625,485305.1,True,False,True,True,2,-0.02888968226672084
2026-08-04,815.1500244140625,837.5,815.0999755859375,834.7000122070312,785776,808.1080919409142,785.9439634239835,62.74711315944864,22.518619535105838,839.4000244140625,503783.85,True,False,True,True,2,-0.005599251930344051
2026-08-05,840.0,856.75,825.6500244140625,842.0999755859375,1185675,811.3454141928211,788.1461599793544,64.85940910882607,23.131573538736674,839.4000244140625,527745.55,True,True,True,True,2,0.003216525009943405
2026-08-06,823.9000244140625,874.0,809.5999755859375,844.4500122070312,2438796,814.4982330513172,790.3541541843613,65.52789520265128,26.079320029831376,856.75,562509.2,True,False,True,True,2,-0.014356565851145309
2026-08-07,840.2999877929688,875.3499755859375,836.5,869.7000122070312,1037107,819.7555453518614,793.4657564597601,71.74689962426562,26.991509712410384,874.0,624996.1,True,False,True,True,2,-0.004919894499964217
2026-08-10,868.9000244140625,891.2999877929688,862.5999755859375,867.1500244140625,1012707,824.2693052625473,796.355335595223,70.36626435938503,27.113545604883303,875.3499755859375,657798.1,True,False,True,True,2,-0.009367625978839111
2026-08-11,867.1500244140625,883.2000122070312,852.7000122070312,854.9000244140625,1001255,827.1865166103106,798.6512057449814,63.99528135144204,27.355435204534494,891.2999877929688,678649.2,True,False,True,True,2,-0.040839183078011265
2026-08-12,854.9500122070312,861.1500244140625,822.5,827.9500122070312,787879,827.259230476665,799.8001785474148,52.692221636889684,28.16219157664364,891.2999877929688,702623.4,True,False,True,True,2,-0.07107593004999846
2026-08-13,828.1500244140625,834.75,820.0,824.2999877929688,326932,826.9773978401225,800.7609553805738,51.368886905140954,27.204177892597663,891.2999877929688,718501.05,True,False,True,False,1,-0.07517109942512734
2026-08-14,824.25,834.2999877929688,819.25,822.3499755859375,616929,826.5366909587716,801.6075836239215,50.63721022076352,26.336021456909886,891.2999877929688,717560.35,True,False,True,False,1,-0.07735892870117145
2026-08-17,822.3499755859375,844.9000244140625,816.2000122070312,819.75,1180504,825.8903394388885,802.3190509327874,49.62233446996348,26.504877939061412,891.2999877929688,721676.4,True,False,False,True,1,-0.08027598875002828
2026-08-18,824.7000122070312,828.7999877929688,815.9500122070312,818.0,605701,825.1388785399467,802.9339901118938,48.911759584609236,25.529527770981133,891.2999877929688,772197.4,True,False,False,False,0,-0.08223941298874438
2026-08-19,779.9000244140625,835.0,766.0999755859375,800.2000122070312,73948298,822.7637484130024,802.8267752920952,42.27993128114215,28.62742038834409,891.2999877929688,783295.85,True,False,False,True,1,-0.10221022869249519
2026-08-20,798.3499755859375,798.3499755859375,756.0499877929688,765.6500244140625,9884475,817.3243461273892,801.3688634929567,32.94313655310242,29.736177818752545,891.2999877929688,4460896.15,True,False,False,True,1,-0.14097381925252783
2026-08-21,765.9500122070312,766.3499755859375,751.5999755859375,761.5499877929688,3493847,812.0125024764919,799.8073389557023,32.03893321474749,28.665736545984505,891.2999877929688,4940674.0,True,False,False,False,0,-0.14557388284194428
2026-08-24,759.0,768.9000244140625,744.0,750.9000244140625,8879723,806.1922664705463,797.8894050521086,29.75440028281426,28.396757107990076,891.2999877929688,5078799.85,True,False,False,True,1,-0.15752268069313424
2026-08-25,752.0,767.0,752.0,765.25,1997998,802.293002997161,796.6094283833985,36.34107762508424,27.518415570700608,891.2999877929688,5498498.65,True,False,False,False,0,-0.14142262932718408
2026-08-26,766.0,775.5,755.1500244140625,762.0999755859375,1673373,798.4650956246635,795.2561165089884,35.55299651812899,27.00638414321753,891.2999877929688,5574438.45,True,False,False,False,0,-0.14495682034839408
2026-08-27,762.5,762.5,751.0,754.7999877929688,1730822,794.3065139264069,793.6696016573799,33.72762299456248,25.89878527584485,891.2999877929688,5628438.8,True,False,False,False,0,-0.15314709061984888
2026-08-28,759.8499755859375,765.0,744.0499877929688,748.4000244140625,1768713,789.9344673061835,791.8943241184262,32.16827396660294,25.545301485215308,891.2999877929688,5681138.4,False,False,False,False,0,-0.16032757246272855
2026-08-31,746.5499877929688,761.25,746.5499877929688,756.0,1529874,786.7026132770231,790.4867035647625,35.954986296036765,24.770637965345017,891.2999877929688,5748999.65,False,False,False,False,0,-0.151800728874683
2026-09-01,758.5,763.2999877929688,752.3499755859375,757.7999877929688,967322,783.9499822785417,789.2048715737117,36.85410414778836,23.783450411179746,891.2999877929688,5794319.2,False,False,False,False,0,-0.1497812204963357
2026-09-02,761.7000122070312,768.0,745.0499877929688,759.9000244140625,1275385,781.6595101009723,788.0556618811764,37.94862663180369,23.723919110883426,891.2999877929688,5803396.5,False,False,False,False,0,-0.14742507032259478
2026-09-03,768.0,789.0,754.0499877929688,787.0,3077930,782.168128186594,788.0142633760323,49.99418157395259,24.525782903465412,891.2999877929688,5807882.0,False,False,False,False,0,-0.11702007093171374
2026-09-04,790.8499755859375,792.0499877929688,780.3499755859375,785.75,1157850,782.5092588354898,787.925468733835,49.516704041554696,23.60965642514869,891.2999877929688,5839838.7,False,False,False,False,0,-0.11842251681651084
2026-09-08,795.6500244140625,795.6500244140625,782.5999755859375,790.3499755859375,537709,783.255993764104,788.0205474339175,51.357801875149875,22.855398739647,891.2999877929688,5845875.85,False,False,True,False,1,-0.11326154335197847
2026-09-09,786.0,792.2999877929688,776.0,780.3499755859375,1498226,782.9792301280881,787.719740694781,47.31778885967008,22.387155100598555,883.2000122070312,5822125.95,False,False,False,False,0,-0.11645157970965314
2026-09-10,778.0999755859375,781.5499877929688,765.0,766.5,999914,781.4097796396989,786.8875940008679,42.34897291559692,21.970214578624997,861.1500244140625,5846974.5,False,False,False,False,0,-0.1099111905367054
2026-09-11,761.0,770.9000244140625,757.5499877929688,763.0499877929688,600395,779.6612280352483,785.9527859142836,41.18869297017008,21.354487581658482,844.9000244140625,5857576.25,False,False,False,False,0,-0.09687541041066572
2026-09-14,763.0499877929688,763.0499877929688,763.0499877929688,763.0499877929688,0,778.0792051550312,785.0546369683497,41.18869297017008,19.829167040111447,844.9000244140625,5871249.4,False,False,False,False,0,-0.09687541041066572
2026-09-15,762.9500122070312,762.9500122070312,738.0,741.25,1030702,774.571661806933,783.3368080676302,34.301556128587094,20.202082808172683,844.9000244140625,5840402.95,False,False,False,False,0,-0.12267726526099187
2026-09-16,741.0,746.7999877929688,729.0499877929688,741.2000122070312,982120,771.3934094640852,781.6843847005479,34.28739859394736,20.02693403616035,835.0,5832912.85,False,False,False,False,0,-0.11233531472211822
2026-09-17,745.0,764.4000244140625,738.0499877929688,760.6500244140625,634636,770.3702299355116,780.859507826568,43.97652178596066,20.47858422079845,835.0,5851733.8,False,False,False,False,0,-0.08904188692926651
