Date,Open,High,Low,Close,Volume,EMA20,EMA50,RSI14,ATR14,Prev20High,AvgVolume20,TrendPass,BreakoutPass,RSIPass,VolumePass,ConfirmationScore,BreakoutStrength
2020-01-01,163.39999389648438,179.6999969482422,160.39999389648438,176.85000610351562,7801084,176.85000610351562,176.85000610351562,,19.300003051757812,,,False,False,False,False,0,
2020-01-02,178.35000610351562,185.6000061035156,177.1999969482422,179.9499969482422,8005588,177.1452433268229,176.9715743719363,,18.54643140520368,,,True,False,False,False,0,
2020-01-03,177.0,182.0,172.3000030517578,174.5,3420929,176.89331539093502,176.87464988676234,88.08740657927387,17.91454322970643,,,True,False,True,False,1,
2020-01-06,173.0,173.35000610351562,157.0,163.3000030517578,3235049,175.59871421577526,176.34231079519353,69.70921279583243,17.884932999013117,,,False,False,True,False,1,
2020-01-07,165.8000030517578,173.0,165.8000030517578,171.10000610351562,3698599,175.17026582413146,176.1367302190493,73.80770495415746,17.300294709672336,,,False,False,True,False,1,
2020-01-08,167.3000030517578,173.0,165.8000030517578,168.25,2106347,174.5111928884999,175.82744668104738,70.07672393357753,16.578844869570183,,,False,False,True,False,1,
2020-01-09,172.5,174.89999389648438,168.89999389648438,169.60000610351562,1688538,174.04346081373947,175.58323332506575,70.82894940372796,15.869641228635484,,,False,False,True,False,1,
2020-01-10,170.6999969482422,171.0,163.0,164.25,1484336,173.11075026005,175.13879280251416,63.96627799227872,15.307523998018663,,,False,False,True,False,1,
2020-01-13,165.0,169.9499969482422,165.0,168.0,1371568,172.62401214004524,174.85884014359203,66.42210381055486,14.621272065891773,,,False,False,True,False,1,
2020-01-14,168.5500030517578,171.5,166.4499969482422,169.25,1181436,172.30267765051713,174.63888562815706,67.2239813765404,13.937609993453632,,,False,False,True,False,1,
2020-01-15,171.0,177.6999969482422,170.64999389648438,174.89999389648438,3823035,172.550041102514,174.64912516809147,70.63727456815977,13.545637633081386,,,False,False,True,False,1,
2020-01-16,175.9499969482422,178.39999389648438,173.25,174.14999389648438,1539425,172.70241755908262,174.62955139273433,69.60110343347581,12.94594879475303,,,False,False,True,False,1,
2020-01-17,172.5,178.4499969482422,171.64999389648438,174.64999389648438,2357915,172.88790101978753,174.63035305954807,69.91791347310223,12.506952670253371,,,False,False,True,False,1,
2020-01-20,175.89999389648438,176.9499969482422,171.35000610351562,172.0500030517578,983264,172.8081012133085,174.52916286316415,66.06240221421736,12.013598254144314,,,False,False,True,False,1,
2020-01-21,171.35000610351562,172.5500030517578,169.1999969482422,169.8000030517578,646295,172.52161567411318,174.34370561565802,62.83332138450634,11.394770243385123,,,False,False,True,False,1,
2020-01-22,170.6999969482422,171.4499969482422,165.25,166.85000610351562,710302,171.9814623816753,174.04983504655442,58.77679602710598,11.023715008017772,,,False,False,True,False,1,
2020-01-23,167.3000030517578,174.8000030517578,166.5500030517578,172.89999389648438,1942737,172.0689415735619,174.00474323674774,63.921187685972136,10.825592507445075,,,False,False,True,False,1,
2020-01-24,155.0,177.5,148.75,175.25,14812545,172.37189951893697,174.05357683530667,65.71115191820302,12.105907328341855,,,False,False,True,False,1,
2020-01-27,173.64999389648438,179.4499969482422,172.0,173.89999389648438,2660162,172.51743231679865,174.04755397496072,63.754321574554666,11.77334230119188,,,False,False,True,False,1,
2020-01-28,175.0,176.0,168.25,170.14999389648438,946344,172.29196199105445,173.89470848168713,58.53945735468485,11.485960708249603,,,False,False,True,False,1,
2020-01-29,171.89999389648438,174.4499969482422,168.5,169.89999389648438,992354,172.0641555058573,173.73805300775763,58.19768845823235,11.090534725391931,185.6000061035156,3220774.9,False,False,True,False,1,-0.08459058023023325
2020-01-30,170.39999389648438,171.14999389648438,165.5500030517578,166.75,652688,171.5580454576804,173.46401171333576,53.92566398445744,10.69835301963012,185.6000061035156,2880338.4,False,False,True,False,1,-0.10156252954540468
2020-01-31,168.8000030517578,171.0,165.6999969482422,166.39999389648438,912144,171.06680245185223,173.18699140679257,53.456120281019714,10.312756593353528,182.0,2512693.4,False,False,True,False,1,-0.08571431925008588
2020-02-03,165.1999969482422,168.89999389648438,164.25,165.14999389648438,794039,170.50329687515054,172.8718150338393,51.72394730430055,9.90827354357716,179.4499969482422,2387254.15,False,False,True,False,1,-0.07968795371939896
2020-02-04,166.8000030517578,169.0,166.1999969482422,167.14999389648438,741382,170.18393468670612,172.64742989119793,54.276852060777884,9.475540155001335,179.4499969482422,2265203.65,False,False,True,False,1,-0.06854278774552136
2020-02-05,168.3000030517578,176.60000610351562,167.5,172.6999969482422,2621494,170.42355966399526,172.64949134441534,60.516578496534024,9.473716730146329,179.4499969482422,2117342.8,False,False,True,True,2,-0.037614935161837115
2020-02-06,174.35000610351562,174.4499969482422,169.0500030517578,170.39999389648438,872853,170.42131530518472,172.56127575822197,57.042437986827025,9.182736527741904,179.4499969482422,2143100.15,False,False,True,False,1,-0.05043189303797013
2020-02-07,170.0,174.9499969482422,170.0,171.75,1236764,170.54785670469093,172.52946102260543,58.54670213085575,8.880397986349067,179.4499969482422,2102315.9,False,False,True,False,1,-0.042908871993255326
2020-02-10,172.8000030517578,173.64999389648438,170.10000610351562,171.14999389648438,574224,170.60520310390933,172.47536427256148,57.581600980480616,8.499654401107616,179.4499969482422,2089937.3,False,False,True,False,1,-0.046252455797765935
2020-02-11,172.1999969482422,172.5,169.0,169.39999389648438,576489,170.49042127463076,172.35476151271533,54.74696367697844,8.14253622959993,179.4499969482422,2050070.1,False,False,True,False,1,-0.05600447602490899
2020-02-12,169.85000610351562,170.9499969482422,166.8000030517578,168.60000610351562,579296,170.31038173452458,172.20751620255064,53.451562864131624,7.857354634377391,179.4499969482422,2019822.75,False,False,True,False,1,-0.060462474389765375
2020-02-13,169.0,169.6999969482422,166.4499969482422,167.5500030517578,476204,170.04748852664204,172.02486862800976,51.72171107166383,7.528257874779006,179.4499969482422,1857635.8,False,False,True,False,1,-0.06631370353222477
2020-02-14,167.75,168.5,164.0,165.0,539895,169.56677533362853,171.7493835837741,47.68553614593561,7.31195374086622,179.4499969482422,1804474.75,False,False,False,False,0,-0.08052380715509244
2020-02-17,165.8000030517578,169.5,163.25,166.0500030517578,1187408,169.231844640117,171.5258784648715,49.4352985778222,7.236099902232918,179.4499969482422,1713573.75,False,False,False,False,0,-0.07467257801263305
2020-02-18,165.5,167.39999389648438,163.14999389648438,164.25,585429,168.75738324582014,171.24054989762166,46.560282490933865,7.022807052073424,179.4499969482422,1723780.95,False,False,False,False,0,-0.08470324439529664
2020-02-19,165.4499969482422,166.39999389648438,164.0,164.35000610351562,303346,168.33763304179112,170.97033249393124,46.74559154148015,6.692606112388492,179.4499969482422,1720737.65,False,False,False,False,0,-0.08414595208425535
2020-02-20,164.8000030517578,194.5,163.0,184.8500061035156,6391050,169.9102400000506,171.5146334197973,69.83605516584232,8.464562818646456,179.4499969482422,1700389.85,False,True,True,True,2,0.030091999147990434
2020-02-24,189.9499969482422,193.0,163.0500030517578,164.64999389648438,7758117,169.40926418066334,171.24543186986347,47.82938484034577,9.999236685046151,194.5,1922805.5,False,False,False,True,1,-0.15347046839853795
2020-02-25,165.6999969482422,166.5,153.5,154.64999389648438,4544431,168.00361939169392,170.59463038071135,40.94983738099912,10.213576921828569,194.5,1570084.1,False,False,False,True,1,-0.20488435014660988
2020-02-26,152.89999389648438,159.6999969482422,148.10000610351562,149.0,4322437,166.19375087819924,169.7477821304874,37.65439716774592,10.312606487749855,194.5,1664297.55,False,False,False,True,1,-0.2339331619537275
2020-02-27,150.0,152.0,143.60000610351562,147.25,2324713,164.38958412789455,168.86551616458593,36.670051732715805,10.175991302659465,194.5,1833102.2,False,False,False,True,1,-0.24293059125964012
2020-02-28,137.5,139.9499969482422,125.3000030517578,134.0500030517578,31903550,161.50010021588153,167.50020192486716,30.24708314462238,11.016991705915375,194.5,1899720.15,False,False,False,True,1,-0.31079689947682354
2020-03-02,140.3000030517578,146.39999389648438,130.5500030517578,133.6999969482422,5583534,158.8524713332492,166.17470369048974,30.09655161184078,11.362205930116176,194.5,3462263.25,False,False,False,True,1,-0.3125964167185492
2020-03-03,136.10000610351562,139.0,130.8000030517578,134.25,3640772,156.5093788253207,164.9227545261568,30.68036548749724,11.13633385998232,194.5,3695832.75,False,False,False,False,0,-0.3097686375321337
2020-03-04,134.25,134.85000610351562,126.3499984741211,130.39999389648438,2325074,154.0227707368601,163.56892077597357,28.863173179893835,10.948024843511764,194.5,3838169.4,False,False,False,False,0,-0.3295630133856845
2020-03-05,131.0,135.60000610351562,127.0,131.3000030517578,2696074,151.85869762399324,162.30347302208276,29.908319334718215,10.780309219226325,194.5,3917354.0,False,False,False,False,0,-0.3249357169575434
2020-03-06,124.0,128.75,121.0,127.1999969482422,1709004,149.51024994058838,160.92686611722627,27.897512820862673,10.746001635835716,194.5,3921083.0,False,False,False,False,0,-0.3460154398547959
2020-03-09,120.8499984741211,123.8499984741211,115.5,120.1999969482422,2394228,146.71879727465065,159.3297339929524,24.828322169645276,10.814144158150464,194.5,3962890.55,False,False,False,False,0,-0.3820051570784463
2020-03-11,120.0,126.0,118.1999969482422,119.8000030517578,1818434,144.1551025867561,157.77954846584674,24.661361018824493,10.598848364836703,194.5,4020763.75,False,False,False,False,0,-0.3840616809678262
2020-03-12,110.0,113.6999969482422,95.8499984741211,98.9499969482422,5118878,139.84985443070715,155.47250722986226,17.903113114660897,11.552502380036703,194.5,4082974.25,False,False,False,True,1,-0.49125965579309927
2020-03-13,86.5,108.6999969482422,84.55000305175781,105.75,4102237,136.6022492468303,153.52260498555395,25.111223326575328,12.452323202640109,194.5,4310093.7,False,False,False,False,0,-0.45629820051413883
2020-03-16,99.3000030517578,117.0,97.8000030517578,103.6999969482422,3575009,133.46870140886952,151.56877721938488,24.41526029460836,12.934299898754544,194.5,4486240.75,False,False,False,False,0,-0.466838061962765
2020-03-17,103.8499984741211,111.5,102.0,107.5500030517578,2546345,131.00025394628744,149.84255078143872,28.42723065925979,12.68899276312922,194.5,4641181.0,False,False,False,False,0,-0.4470436861092144
2020-03-18,109.6999969482422,112.6999969482422,99.4000015258789,103.6500015258789,1540571,128.39546800148662,148.03107826161283,26.87126587708981,12.732635810217367,194.5,4741503.5,False,False,False,False,0,-0.4670951078360982
2020-03-19,99.6999969482422,103.4000015258789,95.6500015258789,98.8499984741211,1739536,125.58161376078515,146.10240846602494,25.053667450987888,12.394590395201842,194.5,4759161.65,False,False,False,False,0,-0.49177378676544425
2020-03-20,100.0999984741211,103.0999984741211,96.0,99.0999984741211,1538995,123.05955516205523,144.25917670163656,25.336936286474312,12.01640525798179,194.5,4816867.0,False,False,False,False,0,-0.4904884397217425
2020-03-23,89.19999694824219,94.9000015258789,89.19999694824219,89.19999694824219,512757,119.83483533216828,142.09999318189563,21.819870328907783,11.865233562831584,194.5,4878649.45,False,False,False,False,0,-0.5413881904974694
2020-03-24,91.0,93.0500030517578,80.30000305175781,81.75,1357289,116.20770815767607,139.73332678260562,19.61346062791617,11.92843116548647,193.0,4584734.8,False,False,False,False,0,-0.5764248704663213
2020-03-25,80.0,86.4000015258789,76.5999984741211,84.1500015258789,1243198,113.15459324036205,137.5535885372438,22.33793685668141,11.776400585934425,166.5,4264693.4,False,False,False,False,0,-0.4945945854301568
2020-03-26,84.25,92.25,82.4000015258789,90.6500015258789,2221897,111.01129879136366,135.71423218385695,29.324375760350193,11.638800435090616,159.6999969482422,4099631.75,False,False,False,False,0,-0.43237317934791175
2020-03-27,95.25,95.75,87.30000305175781,88.5,1294549,108.86736557313856,133.86269366684294,28.41386039517471,11.411028757458585,152.0,3994604.75,False,False,False,False,0,-0.41776315789473684
2020-03-30,86.75,86.75,82.80000305175781,83.69999694824219,744985,106.47047332314844,131.89552908964293,26.44003827643357,11.003097913943128,146.39999389648438,3943096.55,False,False,False,False,0,-0.4282786855344798
2020-03-31,84.6500015258789,89.0,84.6500015258789,86.3499984741211,844550,104.55423762324108,130.10942984981855,29.3576803592278,10.595733995215607,146.39999389648438,2385168.3,False,False,False,False,0,-0.4101775814609874
2020-04-01,86.9000015258789,91.1999969482422,85.0,89.0,922474,103.07288165912288,128.4972953459041,32.25152190185034,10.28175277757465,139.0,2148219.1,False,False,False,False,0,-0.3597122302158273
2020-04-03,89.9000015258789,92.0,88.94999694824219,90.3499984741211,894918,101.86117849864652,127.00132291955967,33.74063908514866,9.765199225730589,135.60000610351562,2012304.2,False,False,False,False,0,-0.33370210614040197
2020-04-07,93.8499984741211,95.6500015258789,91.5999984741211,94.0,1154224,101.11249483210875,125.70715339330243,37.72611115838597,9.446256641875392,135.60000610351562,1940796.4,False,False,False,False,0,-0.3067846919693987
2020-04-08,93.9000015258789,96.3499984741211,90.5,90.8000030517578,1887606,100.13035275778961,124.33824553677127,35.69876936164766,9.18938105846437,128.75,1863703.9,False,False,False,True,1,-0.29475725785042484
2020-04-09,92.9499969482422,96.6999969482422,92.1999969482422,92.6999969482422,2452646,99.42269982354699,123.09752990584856,37.834857615283646,8.954424832608659,126.0,1872634.0,False,False,False,True,1,-0.2642857385060142
2020-04-13,93.5,93.9000015258789,90.4000015258789,93.0,1259160,98.81101412606633,121.91723461542313,38.1840450758709,8.564823058850898,126.0,1875554.9,False,False,False,False,0,-0.26190476190476186
2020-04-15,94.4000015258789,103.4000015258789,92.5500030517578,96.6999969482422,5072516,98.60996487103544,120.9283233343572,42.47568741531034,8.728049874227342,117.0,1847591.2,False,False,False,True,1,-0.17350429958767344
2020-04-16,96.0500030517578,100.0,95.3000030517578,98.9000015258789,1405715,98.63758740959197,120.06446757716198,44.92413692217369,8.440331808085546,117.0,1845273.1,False,False,False,False,0,-0.15470084165915465
2020-04-17,102.0,106.75,99.1500015258789,103.75,3526927,99.12448384677369,119.42468453492033,49.97884554905831,8.398165141373799,117.0,1710447.0,False,False,False,True,1,-0.11324786324786329
2020-04-20,104.6999969482422,109.9000015258789,102.9000015258789,106.5,5453073,99.82691395660476,118.91783416100189,52.63334885626495,8.298296202704242,112.6999969482422,1708042.9,False,False,True,True,2,-0.055013284082781055
2020-04-21,104.0,104.0,98.0,99.3499984741211,1833085,99.78149343446346,118.15046805563402,45.82433995031408,8.312703616796796,112.6999969482422,1853379.3,False,False,False,False,0,-0.11845606775173323
2020-04-22,98.5,99.5,96.1999969482422,98.0,1430850,99.61182739308597,117.36025362207975,44.64983570594962,7.9546535764368675,109.9000015258789,1868005.0,False,False,False,False,0,-0.10828026715792838
2020-04-23,99.0,101.6999969482422,98.5999984741211,99.1500015258789,1028242,99.56784397716149,116.64612608889541,45.921386584990856,7.650749531565821,109.9000015258789,1852570.7,False,False,False,False,0,-0.09781619518420681
2020-04-24,98.0,101.1999969482422,97.0,97.25,900434,99.34709693171753,115.88549369325246,44.118071702689036,7.404267204185563,109.9000015258789,1827033.05,False,False,False,False,0,-0.1151046528684545
2020-04-27,97.5,99.8000030517578,97.5,98.5,604263,99.26642103345871,115.2037096268504,45.63076384859468,7.057534050440723,109.9000015258789,1846416.9,False,False,False,False,0,-0.1037306766842444
2020-04-28,98.9499969482422,107.1999969482422,98.5999984741211,104.0999984741211,6102531,99.72676174209323,114.76826997380219,51.91114733249346,7.174852828855115,109.9000015258789,1808765.6,False,False,True,True,2,-0.05277527726323139
2020-04-29,104.9000015258789,107.9000015258789,104.5,105.8499984741211,2742190,100.3099271451435,114.41853383655979,53.710635411626996,6.933792130491022,109.9000015258789,2051732.25,False,False,True,True,2,-0.03685171060533721
2020-04-30,107.0999984741211,108.9000015258789,104.5500030517578,105.3499984741211,1989798,100.78993393837948,114.06290499881709,53.09925763692479,6.749235440750314,109.9000015258789,2077746.9,False,False,True,False,1,-0.04140130107902129
2020-05-04,100.25,101.9000015258789,99.0500030517578,99.8000030517578,3580600,100.69565480632026,113.50357551069712,46.73949797299232,6.717146868008385,109.9000015258789,2112509.35,False,False,False,True,1,-0.09190171368416944
2020-05-05,101.8000030517578,102.6999969482422,96.9000015258789,97.3499984741211,1852668,100.37702086992034,112.87010190141963,44.22155868133267,6.651636050462307,109.9000015258789,2254290.1,False,False,False,False,0,-0.11419474865796597
2020-05-06,97.9000015258789,100.8000030517578,96.5999984741211,99.6999969482422,1907038,100.31254240118909,112.35362719737347,47.16187450698059,6.47651951668905,109.9000015258789,2304696.0,False,False,False,False,0,-0.09281168731589906
2020-05-07,100.0999984741211,105.3499984741211,99.3499984741211,104.3499984741211,3331625,100.69706202718261,112.03975940430476,52.497819582665386,6.442482408354119,109.9000015258789,2353924.2,False,False,True,True,2,-0.05050048202638935
2020-05-08,106.6999969482422,114.0,104.5,107.3000030517578,11363528,101.32591355333263,111.85388660616567,55.56370597732747,6.671590916748746,109.9000015258789,2475759.55,False,False,True,True,2,-0.023657856578908842
2020-05-11,108.6999969482422,111.3499984741211,105.5500030517578,106.4499969482422,2707598,101.81392149570496,111.64196936467849,54.47275338457415,6.6093340957212146,114.0,2986224.75,False,False,True,False,1,-0.0662280969452439
2020-05-12,104.4499969482422,106.5,102.5,104.5999984741211,1316698,102.07926216031602,111.36581364348015,52.07619545105495,6.422953088883985,114.0,3027224.35,False,False,True,False,1,-0.08245615373577986
2020-05-13,108.0,109.0,105.4000015258789,106.0,1106822,102.45266576409546,111.15538957902996,53.73502867018152,6.278456548669337,114.0,2970426.95,False,False,True,False,1,-0.07017543859649122
2020-05-14,105.3000030517578,108.4499969482422,104.5,106.3499984741211,1356108,102.82384030790742,110.96694286903355,54.1621955459388,6.112138005781684,114.0,2962810.05,False,False,True,False,1,-0.06710527654279741
2020-05-15,108.0,109.8000030517578,106.5,107.4499969482422,1696860,103.26442665460597,110.82902342115938,55.55123811160346,5.921985618057043,114.0,2776989.65,False,False,True,False,1,-0.057456167120682466
2020-05-18,108.5,108.5,101.0999984741211,101.5999984741211,1132168,103.10590968503598,110.46710087421671,47.33581461595492,6.027558182901462,114.0,2791546.9,False,False,False,False,0,-0.10877194320946404
2020-05-19,103.4499969482422,108.1999969482422,102.5999984741211,106.3499984741211,2657872,103.4148705220917,110.30564587813454,53.36637818124331,6.068446775131437,114.0,2671808.95,False,False,True,False,1,-0.06710527654279741
2020-05-20,107.0,107.6500015258789,105.5,106.3499984741211,903249,103.69440651752308,110.15052245052618,53.36637818124332,5.7885578287562565,114.0,2532048.9,False,False,True,False,1,-0.06710527654279741
2020-05-21,106.3499984741211,114.75,105.5500030517578,112.1500015258789,4654615,104.49970128022363,110.22893339465767,59.8733562642944,6.032232051576681,114.0,2485557.1,False,False,True,True,2,-0.01622805679053596
2020-05-22,112.0,118.6500015258789,111.4000015258789,115.6999969482422,4406548,105.5663961057492,110.44348490656296,63.2531098890601,6.119215476464062,114.75,2646745.35,False,True,True,True,2,0.008278840507557339
2020-05-26,117.25,119.1999969482422,113.5999984741211,114.6500015258789,2478435,106.4315013838568,110.60844634261457,61.600461486492435,6.082128547725279,118.6500015258789,2815660.65,False,False,True,False,1,-0.03371259965072615
2020-05-27,115.25,116.6500015258789,113.0,114.75,1288240,107.22373934729902,110.77086021153166,61.703086448803894,5.908405189021967,119.1999969482422,2894560.7,False,False,True,False,1,-0.03733219011888422
2020-05-28,115.1999969482422,117.5,114.1500015258789,114.8499984741211,1419100,107.95004974032969,110.93082641790771,61.812993941145216,5.725661852243333,119.1999969482422,2928759.55,False,False,True,False,1,-0.03649327672390734
2020-05-29,114.75,121.4000015258789,114.0,117.4499969482422,3012287,108.85480661727374,111.18648016419533,64.65337059570402,5.845257543217302,119.1999969482422,2694588.0,False,False,True,True,2,-0.014681208429559445
2020-06-01,119.5999984741211,121.0,116.6999969482422,117.3000030517578,2031188,109.65911103960556,111.42622615978603,64.35597510659525,5.734882222398767,121.4000015258789,2708092.85,False,False,True,False,1,-0.033772639395289517
2020-06-02,118.0,126.9000015258789,117.5999984741211,124.0999984741211,5299588,111.03443365241657,111.92323683877956,70.89275699277337,6.010961954664648,121.4000015258789,2710162.35,False,True,True,True,2,0.022240501765287357
2020-06-03,128.8000030517578,143.89999389648438,128.5,135.9499969482422,17976177,113.4073444424952,112.86546272542516,78.34554631554457,6.995892916643122,126.9000015258789,2796111.75,True,True,True,True,2,0.07131595991760253
2020-06-04,137.10000610351562,140.5,132.1999969482422,134.10000610351562,3565971,115.37807412449715,113.69818991672284,75.11211434365606,7.089043640579885,143.89999389648438,3602287.2,True,False,True,False,1,-0.06810276725945141
2020-06-05,135.39999389648438,136.8000030517578,133.0,135.0500030517578,1953890,117.25159116518864,114.53551592201832,75.66747349722851,6.854112169949738,143.89999389648438,3685233.85,True,False,True,False,1,-0.06150098137664184
2020-06-08,137.0,141.75,133.10000610351562,134.14999389648438,2762007,118.86096285388346,115.30471113670328,73.98313997699736,6.9823894361307834,143.89999389648438,3616347.1,True,False,True,False,1,-0.06775538855834662
2020-06-09,134.35000610351562,136.1999969482422,132.35000610351562,133.0,1709937,120.20753782018028,115.99864403330315,71.78435897258257,6.758646679601911,143.89999389648438,3186271.05,True,False,True,False,1,-0.07574700735793893
2020-06-10,133.6999969482422,136.25,133.25,134.5500030517578,1212791,121.57348688985432,116.72614830853666,72.95121862135878,6.5080290596303465,143.89999389648438,3136388.0,True,False,True,False,1,-0.06497561668732632
2020-06-11,134.60000610351562,139.4499969482422,133.14999389648438,134.0,2528103,122.75696432891581,117.4035542572215,71.81628910693686,6.493170059068023,143.89999389648438,3131192.65,True,False,True,False,1,-0.06879773673657008
2020-06-12,127.3000030517578,133.1999969482422,126.4000015258789,132.4499969482422,2050725,123.68011029266118,117.99361083333996,68.57830136486305,6.572229231571813,143.89999389648438,3202256.7,True,False,True,False,1,-0.0795691274071828
2020-06-15,133.35000610351562,139.89999389648438,132.6999969482422,136.9499969482422,2814044,124.94390902176414,118.73699852412044,72.46046225453752,6.634926925619697,143.89999389648438,3236987.55,True,False,True,False,1,-0.0482974096110228
2020-06-16,139.0,142.1999969482422,132.5,136.60000610351562,4372970,126.05401350574047,119.4375086252732,71.71829349105937,6.853860498664161,143.89999389648438,3292846.75,True,False,True,True,2,-0.050729590706029226
2020-06-17,135.1999969482422,138.4499969482422,134.25,135.4499969482422,1575585,126.94886907169301,120.065449343821,69.20988090819776,6.664298816491163,143.89999389648438,3454886.85,True,False,True,False,1,-0.058721315543076136
2020-06-18,136.0,137.8000030517578,135.10000610351562,135.89999389648438,1297469,127.80135715024457,120.68641187529799,69.6570987092385,6.381134397330523,143.89999389648438,3400772.5,True,False,True,False,1,-0.05559416497095104
2020-06-19,136.6999969482422,143.64999389648438,136.0,142.35000610351562,4664180,129.1869427648418,121.53596459013005,75.21417901944426,6.478910511806914,143.89999389648438,3420483.5,True,False,True,True,2,-0.010771284633158129
2020-06-22,143.89999389648438,151.6999969482422,143.5500030517578,148.4499969482422,4900103,131.0215193537371,122.59141683946778,79.11062262234297,6.683987678444032,143.89999389648438,3420961.75,True,True,True,True,2,0.03161920253471928
2020-06-23,150.6999969482422,153.85000610351562,149.5,150.9499969482422,3115168,132.91946960083283,123.70351802020403,80.46597532714911,6.592274926788989,151.6999969482422,3445639.5,True,False,True,False,1,-0.004943968458060555
2020-06-24,152.5500030517578,164.0,146.0,161.10000610351562,7669766,135.60333022013594,125.17004696464763,84.78286410009581,7.407112432018347,153.85000610351562,3477476.15,True,True,True,True,2,0.04712382003496285
2020-06-25,163.0,176.3000030517578,156.60000610351562,170.89999389648438,11348505,138.96491723693103,126.96337821687652,87.62618847334828,8.28517561174862,164.0,3796552.45,True,True,True,True,2,0.04207313351514852
2020-06-26,173.0,176.64999389648438,163.0,165.85000610351562,4882693,141.52540189089146,128.48834401635258,79.39373647531964,8.668376917801174,176.3000030517578,4293022.7,True,False,True,True,2,-0.05927394649661066
2020-06-29,164.64999389648438,164.85000610351562,155.5,157.35000610351562,2611134,143.03250705399853,129.6201739021237,67.84063766148412,8.78849328820935,176.64999389648438,4386543.0,True,False,True,False,1,-0.10925552482202971
2020-06-30,157.8000030517578,161.8000030517578,151.39999389648438,152.60000610351562,2029367,143.9436974396668,130.52134379237435,62.37799230694232,8.903601564428213,176.64999389648438,4415540.3,True,False,True,False,1,-0.1361448549330937
2020-07-01,151.25,160.5,151.25,159.14999389648438,2398244,145.39191614983991,131.64403595331984,66.39620545121215,8.9283443098262,176.64999389648438,4252029.25,True,False,True,False,1,-0.09906595304076193
2020-07-02,160.8000030517578,167.10000610351562,160.0,163.85000610351562,2937411,147.1498294787614,132.90701517489615,68.95821567183057,8.858463445340846,176.64999389648438,3473132.6,True,False,True,False,1,-0.07245959940688962
2020-07-03,164.35000610351562,166.5500030517578,160.14999389648438,161.35000610351562,1675576,148.50222725254753,134.0224265838616,66.07259266455361,8.682859567478888,176.64999389648438,3441704.6,True,False,True,False,1,-0.08661187841271267
2020-07-06,162.64999389648438,164.64999389648438,160.14999389648438,160.9499969482422,1427184,149.687729128328,135.07840973540596,65.59958381418252,8.384083884087538,176.64999389648438,3427788.9,True,False,True,False,1,-0.08887629488083804
2020-07-07,161.0,161.5500030517578,157.0,157.64999389648438,1294529,150.4460400586286,135.9635698985855,61.676762040157925,8.110220967492557,176.64999389648438,3361047.75,True,False,True,False,1,-0.10755732044425581
2020-07-08,157.6999969482422,160.5,154.0,154.35000610351562,1061602,150.81784634861785,136.68460661250433,57.94514375049716,7.995205184100232,176.64999389648438,3340277.35,True,False,True,False,1,-0.12623825962901747
2020-07-09,155.0,157.64999389648438,154.14999389648438,154.5500030517578,847550,151.173289844155,137.38521039443583,58.11055914670349,7.674119099521644,176.64999389648438,3332717.9,True,False,True,False,1,-0.1251060945842829
2020-07-10,154.85000610351562,155.5,150.0500030517578,151.89999389648438,1200121,151.24249975390066,137.9544175905946,55.02234396873539,7.515253231573111,176.64999389648438,3248690.25,True,False,True,False,1,-0.14010756215764897
2020-07-13,152.64999389648438,157.5,152.0,153.85000610351562,1366590,151.4908336919592,138.57777400286602,56.83998743768579,7.378449865283291,176.64999389648438,3206160.05,True,False,True,False,1,-0.12906871543018217
2020-07-14,153.85000610351562,153.85000610351562,148.0,148.9499969482422,1207926,151.2488492401766,138.98452784386117,51.236765417412954,7.269275310871315,176.64999389648438,3133787.35,True,False,True,False,1,-0.15680723410878905
2020-07-15,150.4499969482422,153.75,148.0500030517578,148.89999389648438,1036302,151.02514873125352,139.37336964984638,51.18131821638919,7.157183999254949,176.64999389648438,2975535.15,True,False,True,False,1,-0.15709029696463672
2020-07-16,149.5,149.89999389648438,143.3000030517578,145.6999969482422,846276,150.51799141858578,139.62147268115604,47.6290360787732,7.1173844882172075,176.64999389648438,2948571.0,True,False,False,False,0,-0.17520519681635915
2020-07-17,147.1999969482422,149.5,145.35000610351562,148.4499969482422,822624,150.32103956426735,139.967689319081,50.78998374980806,6.905428017379148,176.64999389648438,2926011.35,True,False,True,False,1,-0.15963768990995375
2020-07-20,148.4499969482422,154.85000610351562,147.75,153.8000030517578,1441078,150.65236942021883,140.51013299487224,56.31422967461005,6.919326452103181,176.64999389648438,2733933.55,True,False,True,False,1,-0.12935177828602984
2020-07-21,154.9499969482422,156.3000030517578,150.35000610351562,151.35000610351562,986150,150.71881100910423,140.93522605795627,53.360083729311604,6.850088630398825,176.64999389648438,2560982.3,True,False,True,False,1,-0.14322099443600522
2020-07-22,152.5,155.0,148.5,150.5,1442737,150.69797186538003,141.31031523215407,52.334333364482845,6.825082299656052,176.64999389648438,2454531.4,True,False,True,False,1,-0.1480328038494475
2020-07-23,151.35000610351562,153.4499969482422,150.4499969482422,150.85000610351562,888571,150.71245131663105,141.6844207565212,52.73721984976019,6.551862135394906,176.64999389648438,2143179.95,True,False,True,False,1,-0.14605145023716992
2020-07-24,150.4499969482422,150.4499969482422,145.6999969482422,147.6999969482422,809644,150.42555090059403,141.92032570521616,48.74403523873201,6.451729779671944,176.64999389648438,1620183.25,True,False,False,False,0,-0.1638833736117007
2020-07-27,149.5,149.89999389648438,144.0,144.6999969482422,805757,149.88026004798908,142.02933242062895,45.231375563977245,6.412320073729974,167.10000610351562,1416530.8,True,False,False,False,0,-0.13405151608071764
2020-07-28,145.60000610351562,147.8000030517578,143.10000610351562,146.10000610351562,698713,149.52023586280112,142.18896668270295,47.14558805398111,6.290011279052276,167.10000610351562,1326261.95,True,False,False,False,0,-0.12567324496081023
2020-07-29,146.0,160.89999389648438,145.0,156.0500030517578,5255251,150.14211845222556,142.73253673639138,58.300495310695425,6.976438608868855,167.10000610351562,1259729.25,True,False,True,True,2,-0.06612808287339333
2020-07-30,158.3000030517578,159.5,149.6999969482422,152.14999389648438,1959509,150.33334468501212,143.10184878188522,53.53155446251437,7.178121783360923,167.10000610351562,1402579.6,True,False,True,True,2,-0.0894674545838734
2020-07-31,152.5,155.60000610351562,150.8000030517578,153.75,1040316,150.65874042929667,143.51942333945837,55.152356649847164,7.008256159674986,166.5500030517578,1353684.5,True,False,True,False,1,-0.07685381457351292
2020-08-03,153.10000610351562,159.9499969482422,151.5,156.5,2130246,151.21505086460175,144.02846556144038,57.87215585380612,7.111237644572643,164.64999389648438,1321921.5,True,False,True,True,2,-0.049498901904656556
2020-08-04,157.4499969482422,162.39999389648438,154.35000610351562,159.1999969482422,2575638,151.97552192018654,144.6234275766091,60.41073065613975,7.178291226600937,161.5500030517578,1357074.6,True,False,True,True,2,-0.014546617512366855
2020-08-05,160.35000610351562,162.3000030517578,156.25,158.5,1582516,152.59690078493068,145.1676068873303,59.411176251071524,7.097699214112143,162.39999389648438,1421130.05,True,False,True,True,2,-0.024014741644450277
2020-08-06,154.39999389648438,156.6999969482422,152.5500030517578,153.39999389648438,1499642,152.6733858431739,145.49044559357162,52.58449967959321,7.015720480835718,162.39999389648438,1447175.75,True,False,True,True,2,-0.055418721294636875
2020-08-07,153.5,163.5,153.0,162.0500030517578,2933239,153.56639700589616,146.13984000369658,60.809760044365476,7.264597589347453,162.39999389648438,1479780.35,True,False,True,True,2,-0.0021551161199528934
2020-08-10,163.0,168.0,162.0,163.1999969482422,2621948,154.48388271469102,146.8088657662278,61.75952522496546,7.174269190108349,163.5,1566436.25,True,False,True,True,2,-0.0018348810505065538
2020-08-11,164.6999969482422,165.5,158.1999969482422,158.85000610351562,998611,154.89970398981717,147.28106734808222,56.210307401537904,7.183250180226168,168.0,1629204.15,True,False,True,False,1,-0.05446424938383554
2020-08-12,158.4499969482422,163.5,157.4499969482422,159.64999389648438,1056313,155.3521125523569,147.76612329115682,56.975937399649155,7.1023039567641435,168.0,1618738.4,True,False,True,False,1,-0.04970241728283109
2020-08-13,160.6999969482422,162.4499969482422,158.39999389648438,159.5500030517578,971947,155.75191164753795,148.22823622294507,56.842161097683935,6.884282463549406,168.0,1619738.95,True,False,True,False,1,-0.05029760088239399
2020-08-14,159.89999389648438,160.64999389648438,155.3000030517578,158.14999389648438,1238848,155.98030043315188,148.6173247591623,54.89857363111907,6.77469020506206,168.0,1626022.5,True,False,True,False,1,-0.05863098871140249
2020-08-17,158.89999389648438,164.89999389648438,158.64999389648438,160.9499969482422,2394303,156.4536048631605,149.10095896265565,57.99225239991825,6.772926618986198,168.0,1646833.7,True,False,True,True,2,-0.04196430387951078
2020-08-18,161.8000030517578,164.75,161.0,161.75,1403576,156.9580234476214,149.59699978764957,58.86053559473324,6.560574935612743,168.0,1694494.95,True,False,True,False,1,-0.03720238095238093
2020-08-19,162.0,165.60000610351562,162.0,162.6999969482422,1204327,157.50487806672814,150.11084281355517,59.919972887282164,6.366962876177235,168.0,1715366.25,True,False,True,False,1,-0.03154763721284415
2020-08-20,162.9499969482422,171.0,161.35000610351562,167.75,4039480,158.480603965135,150.80257446792558,65.0695846321067,6.601465091913459,168.0,1703445.75,True,False,True,True,2,-0.0014880952380952328
2020-08-21,168.5500030517578,171.0,164.5,165.4499969482422,1965459,159.1443556778119,151.37698319264388,61.212091564373026,6.594217585348212,171.0,1860991.2,True,False,True,True,2,-0.0324561581974141
2020-08-24,167.0,173.39999389648438,166.0,171.14999389648438,2553690,160.28774979387592,152.1523953771082,66.51072377959886,6.691058968412068,171.0,1918781.95,True,True,True,True,2,0.0008771572893822022
2020-08-25,174.10000610351562,188.6999969482422,169.0,185.25,7988198,162.66510695636393,153.45034065643728,75.44616659293948,7.62026882411422,173.39999389648438,2006178.6,True,True,True,True,2,0.06833913795054558
2020-08-26,184.8000030517578,196.5,182.25,186.1499938964844,6565400,164.90176285542302,154.73267999918423,75.88838974924225,8.093821050963204,188.6999969482422,2370652.85,True,False,True,True,2,-0.013513529904598864
2020-08-27,187.8999938964844,190.5500030517578,183.1000061035156,184.8500061035156,1911328,166.80159554571756,155.91375161111878,73.82023981638247,8.047833615054563,196.5,2436160.3,True,False,True,False,1,-0.059287500745467736
2020-08-28,186.5500030517578,190.6000061035156,183.5,186.5500030517578,2343710,168.68239626057854,157.11517323624187,74.78787078130055,7.980131649944637,196.5,2433751.25,True,False,True,False,1,-0.050636116784947505
2020-08-31,187.0,188.8000030517578,168.10000610351562,169.75,3268549,168.7840728071901,157.6106566387422,53.67448503707014,8.88869345696589,196.5,2498920.95,True,False,True,True,2,-0.13613231552162852
2020-09-01,171.6999969482422,178.5,168.25,177.1999969482422,1588824,169.5855893920522,158.37886606264416,59.17813688229472,8.985929638611186,196.5,2555836.1,True,False,True,False,1,-0.09821884504711353
2020-09-02,178.89999389648438,194.3999938964844,177.8000030517578,189.9499969482422,5334086,171.52505677835603,159.61694962678527,66.51097329490074,9.572648732156258,196.5,2506495.4,True,False,True,True,2,-0.033333348863907486
2020-09-03,191.3000030517578,197.9499969482422,185.5,189.8500061035156,4014129,173.27029004741883,160.80255968469626,66.41022241561924,9.778173604733826,196.5,2694073.9,True,False,True,True,2,-0.03384220812460259
2020-09-04,185.8500061035156,200.8500061035156,182.5,187.8999938964844,7651637,174.66359517590126,161.8652041635899,64.36259532836317,10.39044735464681,197.9499969482422,2819798.25,True,False,True,True,2,-0.05077041276431815
2020-09-07,189.9499969482422,196.5,188.25,194.8500061035156,2765403,176.58611050234072,163.15872580829287,68.13379244019853,10.262558693851723,200.8500061035156,3055718.15,True,False,True,False,1,-0.029873038673982832
2020-09-08,196.1499938964844,197.3500061035156,190.1000061035156,191.0500030517578,1957059,177.96362407847568,164.25250138646797,64.13740478917654,10.04737593000517,200.8500061035156,3062890.9,True,False,True,False,1,-0.048792645028384984
2020-09-09,190.0,200.0,186.3500061035156,198.1999969482422,5317276,179.8908976851201,165.5837757222238,67.9470102363926,10.304705784753688,200.8500061035156,3110813.3,True,False,True,True,2,-0.01319397099698183
2020-09-10,200.8500061035156,210.8999938964844,200.1999969482422,208.3000030517578,8104488,182.59652676765705,167.25892189200945,72.40615130580866,10.475798010717154,200.8500061035156,3323861.45,True,True,True,True,2,0.03709234115931559
2020-09-11,207.8000030517578,210.3999938964844,202.1000061035156,207.3500061035156,3561398,184.95400099011977,168.83112127285284,71.39999350960235,10.320382995163701,210.8999938964844,3680488.5,True,False,True,False,1,-0.016832564702260022
2020-09-14,209.75,215.0,202.1000061035156,204.25,4582153,186.79171518153694,170.22009690921155,68.07563862731662,10.50464091668661,210.8999938964844,3796616.0,True,False,True,True,2,-0.03153150350373368
2020-09-15,205.75,209.3999938964844,205.0,207.1499938964844,2027612,188.7305988686748,171.66832816361443,69.50599071349659,10.12216612952931,215.0,3906008.5,True,False,True,False,1,-0.03651165629542141
2020-09-16,208.3999938964844,210.3999938964844,203.1000061035156,204.75,2326262,190.2562561192772,172.96564862778644,66.83706879994553,9.920581962632133,215.0,3937210.3,True,False,True,False,1,-0.04767441860465116
2020-09-17,202.5500030517578,204.75,199.8999938964844,200.3999938964844,1299089,191.22232638377312,174.0415053049903,62.17684550299608,9.558397972695237,215.0,3993307.05,True,False,True,False,1,-0.0679070051326307
2020-09-18,202.25,204.6999969482422,192.0,193.3000030517578,4278285,191.42020035215262,174.7967405107459,55.388533378466924,9.78279789952002,215.0,3856287.5,True,False,True,True,2,-0.10093021836391713
2020-09-21,194.6000061035156,196.6999969482422,182.3000030517578,186.3000030517578,2205817,190.9325625140198,175.24784884568754,49.63486415931824,10.112597613588902,215.0,3971928.8,True,False,False,False,0,-0.13348835789880087
2020-09-22,187.6999969482422,190.0,176.9499969482422,188.4499969482422,2465479,190.69612769823146,175.76558014382695,51.307908028518604,10.322412287743823,215.0,3954535.15,True,False,True,False,1,-0.12348838628724568
2020-09-23,191.0,194.5,181.5,186.3999938964844,1774594,190.28697209806506,176.1826159772645,49.61553173487957,10.51366855290498,215.0,3678399.2,True,False,False,False,0,-0.13302328420239817
2020-09-24,183.5,183.8000030517578,174.25,175.25,1525646,188.85487951729698,176.14604280168552,41.58174743225791,10.630548934589225,215.0,3438858.9,True,False,False,False,0,-0.18488372093023253
2020-09-25,176.25,184.8500061035156,176.25,183.75,1483670,188.36870051564964,176.44423720161944,48.436250658561555,10.55693873236968,215.0,3419574.8,True,False,False,False,0,-0.14534883720930236
2020-09-28,186.0,192.6000061035156,184.3999938964844,190.1999969482422,1248634,188.54310969970606,176.9836787603105,52.94786552951456,10.435014973165817,215.0,3376572.8,True,False,True,False,1,-0.11534885140352469
2020-09-29,192.3500061035156,194.6499938964844,189.6000061035156,191.3500061035156,1390358,188.81043316673555,177.54706414631858,53.72528912356062,10.050370174580317,215.0,3275577.05,True,False,True,False,1,-0.10999997161155539
2020-09-30,193.3999938964844,193.4499969482422,187.8500061035156,189.1999969482422,794867,188.84753447926,178.00404190325676,51.995597603445574,9.732485936733623,215.0,3265653.75,True,False,True,False,1,-0.12000001419422235
2020-10-01,192.9499969482422,194.5500030517578,191.1000061035156,193.3500061035156,936940,189.27634130061767,178.60584442091397,55.006736694690325,9.419451662932337,215.0,3038692.8,True,False,True,False,1,-0.10069764603016007
2020-10-05,195.0,201.0,191.1000061035156,199.4499969482422,2205186,190.2452608861057,179.4232621670837,59.07069234226638,9.453776108186055,215.0,2884833.35,True,False,True,False,1,-0.07232559558957119
2020-10-06,201.0,203.3000030517578,198.1000061035156,200.8000030517578,1937046,191.25047442569164,180.26156573118857,59.933227990631785,9.149934739618638,215.0,2612510.8,True,False,True,False,1,-0.06604649743368463
2020-10-07,199.75,200.0,193.8000030517578,196.0,1285906,191.7028101946734,180.87875923192627,55.458170123583024,8.996367972503021,215.0,2571092.95,True,False,True,False,1,-0.08837209302325577
2020-10-08,196.5,196.8000030517578,190.0,190.3999938964844,1140942,191.5787324519887,181.25214098347755,50.70169594989583,8.839484763878364,215.0,2537535.3,True,False,True,False,1,-0.11441863303960742
2020-10-09,191.3999938964844,191.9499969482422,188.0,188.6000061035156,772106,191.29504422832463,181.54029255681237,49.2398484877386,8.490235634190066,215.0,2328718.6,True,False,False,False,0,-0.12279066928597393
2020-10-12,189.5,195.5,188.6499938964844,193.6499938964844,1323793,191.51932514910177,182.01518280542697,53.30740016690295,8.376646938639663,215.0,1962099.5,True,False,True,False,1,-0.09930235396984
2020-10-13,194.5,195.3000030517578,189.25,190.75,858737,191.44605608728256,182.35772465619453,50.79040001434375,8.210458089576674,215.0,1850219.25,True,False,True,False,1,-0.11279069767441863
2020-10-14,190.0,191.1499938964844,182.6999969482422,185.75,1322865,190.9035745551604,182.49075506183397,46.69649616634348,8.227568008052785,210.3999938964844,1664048.45,True,False,False,False,0,-0.11715776906634345
2020-10-15,185.8500061035156,190.0,180.25,181.4499969482422,1450765,190.00323383069198,182.44994101816368,43.45268151992329,8.33631315033473,210.3999938964844,1628811.1,True,False,False,False,0,-0.13759504652117738
2020-10-16,182.5500030517578,185.9499969482422,181.1000061035156,184.6499938964844,618610,189.49340145600556,182.53621760162724,46.43476784212336,8.087290128505577,204.75,1585036.25,True,False,False,False,0,-0.09816852797809816
2020-10-19,186.5,188.9499969482422,182.3500061035156,185.8999938964844,1208225,189.1511721646226,182.668130397504,47.59730528172332,7.981054465378507,204.6999969482422,1551012.3,True,False,False,False,0,-0.09184173586730104
2020-10-20,186.25,192.0,184.6499938964844,191.1999969482422,1421779,189.34629833449114,183.00271339949376,52.32218830420326,7.935979582388299,203.3000030517578,1397509.3,True,False,True,True,2,-0.059517982891692855
2020-10-21,192.1999969482422,195.6499938964844,189.3000030517578,192.8999938964844,1200692,189.68474553087145,183.39084204643459,53.76228132014559,7.82269467255532,203.3000030517578,1358307.4,True,False,True,False,1,-0.05115597146659012
2020-10-22,192.8999938964844,195.3500061035156,192.0,194.8500061035156,754805,190.1766751092185,183.84022102906522,55.42544546396194,7.503216917623911,203.3000030517578,1295068.05,True,False,True,False,1,-0.041564175215929255
2020-10-23,195.8999938964844,198.1999969482422,192.8000030517578,196.3500061035156,1504677,190.76461139438965,184.33080083590642,56.715216376726495,7.35298670182823,203.3000030517578,1244078.6,True,False,True,True,2,-0.03418591659574555
2020-10-26,197.4499969482422,197.8500061035156,191.0,193.6499938964844,909794,191.0394097279225,184.69625938730164,53.70301904160686,7.31705951623447,203.3000030517578,1243030.15,True,False,True,False,1,-0.04746684215649832
2020-10-27,192.5,198.3999938964844,192.5,197.3500061035156,1208389,191.64041890655042,185.1924847487218,57.0680319658042,7.2158405433951796,203.3000030517578,1214336.35,True,False,True,False,1,-0.029267077515623185
2020-10-28,199.0,204.5,198.1000061035156,201.0500030517578,2119106,192.53656977752254,185.81434821158598,60.18454295674757,7.211137211472982,203.3000030517578,1212324.1,True,False,True,True,2,-0.011067387930275507
2020-10-29,199.3000030517578,206.3500061035156,190.1000061035156,204.3500061035156,2287189,193.66165895142666,186.54123675636754,62.779709775367344,7.856770267796341,204.5,1248761.5,True,False,True,True,2,-0.0007334664864763196
2020-10-30,204.9499969482422,224.0,202.1000061035156,220.5,6679048,196.21769143224316,187.8729529620002,72.29650689464762,8.85985766984549,206.3500061035156,1323377.6,True,True,True,True,2,0.06857278157474855
2020-11-02,221.3999938964844,226.6000061035156,216.1000061035156,219.3500061035156,4461172,198.4207690199834,189.10734720284395,70.9062237145838,8.977010693427955,224.0,1610483.0,True,False,True,True,2,-0.02075890132359104
2020-11-03,221.0,228.4499969482422,220.0500030517578,222.9499969482422,3414339,200.75688596553186,190.4345099379576,72.67754069686202,8.985794989949287,226.6000061035156,1723282.3,True,False,True,True,2,-0.016107718697968676
2020-11-04,226.9499969482422,233.0,212.0,231.3500061035156,7919096,203.67051645486364,192.03903919935206,76.3029244993956,9.843952490667196,228.4499969482422,1797146.95,True,True,True,True,2,0.012694284062216177
2020-11-05,234.0,236.6499938964844,227.6000061035156,235.4499969482422,2425581,206.6971336447092,193.74142969930853,77.84795094578126,9.787240726545884,233.0,2128806.45,True,True,True,True,2,0.01051500836155439
2020-11-06,235.1000061035156,242.6999969482422,233.0500030517578,239.8500061035156,2417397,209.85455006935743,195.54960916614016,79.40019382455819,9.77743738154149,236.6499938964844,2193038.4,True,True,True,True,2,0.01352213095104049
2020-11-09,243.0,247.3000030517578,237.0,238.8000030517578,2145913,212.6112598772051,197.2457030440075,77.99564198361705,9.814763500842657,242.6999969482422,2275302.95,True,False,True,False,1,-0.016069196314477452
2020-11-10,240.0,240.3999938964844,231.25,236.6999969482422,2520564,214.90542531254195,198.7929302559383,75.1330343914893,9.767279957674212,247.3000030517578,2316408.95,True,False,True,True,2,-0.04286294368260535
2020-11-11,234.1000061035156,238.6999969482422,231.3999938964844,234.1499938964844,1172270,216.7382413681555,200.17948177125382,71.69216639181873,9.591045892965896,247.3000030517578,2399500.3,True,False,True,False,1,-0.05317431861301358
2020-11-12,235.0,242.6499938964844,233.25,240.5500030517578,2035182,219.00602819516524,201.76263946852848,74.81023570737408,9.577399321788647,247.3000030517578,2391970.55,True,False,True,False,1,-0.027294783326740513
2020-11-13,241.4499969482422,245.0,238.0500030517578,243.1000061035156,1379152,221.30069275786528,203.38371266990055,75.94705685592344,9.389727723678185,247.3000030517578,2421191.4,True,False,True,False,1,-0.016983408396332278
2020-11-14,245.6999969482422,247.0,243.6000061035156,244.6999969482422,349600,223.52919791885355,205.00395911218845,76.65884677189246,8.99760387887863,247.3000030517578,2459218.5,True,False,True,False,1,-0.010513570850912868
2020-11-17,246.25,293.6000061035156,242.5500030517578,292.29998779296875,15144641,230.07879695448358,208.42733278594454,88.01855074380833,12.001346676941429,247.3000030517578,2416287.25,True,True,True,True,2,0.18196516047673805
2020-11-18,302.45001220703125,350.75,301.0,345.1000061035156,26647168,241.03319782581997,213.787045465065,92.42339936435229,15.319108500519274,293.6000061035156,3102430.35,True,True,True,True,2,0.17540871569955785
2020-11-19,340.3500061035156,346.79998779296875,312.1499938964844,331.70001220703125,9487325,249.66813252879248,218.41108337651465,83.98467340953576,16.699886028802496,350.75,4374754.15,True,False,True,True,2,-0.05431215336555595
2020-11-20,333.8999938964844,361.5,325.20001220703125,345.25,11803783,258.77116752605036,223.38515853821997,85.4330532305851,18.099893297671514,350.75,4811380.15,True,False,True,True,2,-0.015680684248039922
2020-11-23,358.0,365.75,340.95001220703125,344.6499938964844,4884218,266.9501033708536,228.14064227775975,85.06618923503639,18.57847147590703,361.5,5326335.45,True,False,True,False,1,-0.04661135851594922
2020-11-24,348.79998779296875,350.95001220703125,337.5,338.75,2207876,273.7881887641056,232.47826414922017,81.36617298630544,18.21215295670162,365.75,5525056.65,True,False,True,False,1,-0.07382091592617912
2020-11-25,341.6000061035156,341.6000061035156,320.0,324.8999938964844,3548873,278.65597972909404,236.1026457079364,73.30558365940385,18.454142467188333,365.75,5575031.0,True,False,True,False,1,-0.11168832837598253
2020-11-26,323.5,324.25,311.95001220703125,316.3500061035156,2636543,282.24588700284846,239.249601017567,68.77598290324448,18.060988125921533,365.75,5646519.35,True,False,True,False,1,-0.1350649183772642
2020-11-27,318.70001220703125,347.95001220703125,317.95001220703125,347.8999938964844,14902282,288.49865908795664,243.51040073830885,74.93155757085391,19.028060838606827,365.75,5663987.05,True,False,True,True,2,-0.048803844438867094
2020-12-01,358.8999938964844,371.7999877929688,350.0,360.9500122070313,8799937,295.39878795643995,248.11587569786658,76.95526683706085,19.376056057026656,365.75,6075148.75,True,False,True,True,2,-0.01312368501153438
2020-12-02,361.0,377.9500122070313,354.0,374.0499877929688,8405469,302.8893784170617,253.05446832904707,78.80495752123663,19.702767210598417,371.7999877929688,6292087.0,True,True,True,True,2,0.006051640865714303
2020-12-03,376.0,382.6499938964844,361.5,364.0499877929688,7066691,308.7141983576243,257.4072337982205,73.92692949625409,19.806140545304558,377.9500122070313,6541643.5,True,False,True,True,2,-0.03677741490969555
2020-12-04,364.0,367.5,355.5,358.54998779296875,3219970,313.4604640181333,261.37361630781845,71.31234406579642,19.248559077782804,382.6499938964844,6499023.25,True,False,True,False,1,-0.06298185414328072
2020-12-07,362.1000061035156,374.2999877929688,358.04998779296875,360.6000061035156,3199944,317.94994421674113,265.26484728019875,71.71390631471934,19.034376286512607,382.6499938964844,6538742.7,True,False,True,False,1,-0.05762443001353812
2020-12-08,362.6499938964844,364.3500061035156,353.0,355.20001220703125,2373827,321.4975697396259,268.7917164930157,68.97504513885727,18.485492702012824,382.6499938964844,6577870.05,True,False,True,False,1,-0.07173652718488999
2020-12-09,355.95001220703125,368.9500122070313,350.1000061035156,362.8500061035156,2324761,325.43589701237727,272.4802768698981,70.68323146665634,18.51152937354874,382.6499938964844,6589265.75,True,False,True,False,1,-0.05174438287937122
2020-12-10,364.7000122070313,364.7000122070313,352.0,355.20001220703125,1892985,328.27057464996335,275.72418805958955,66.72675341068319,18.09642100451178,382.6499938964844,6579475.6,True,False,True,False,1,-0.07173652718488999
2020-12-11,355.20001220703125,363.3999938964844,351.25,358.70001220703125,2054647,331.1686163220651,278.97814194772457,67.61977881818999,17.671676211081248,382.6499938964844,6615511.35,True,False,True,False,1,-0.06258978719840813
2020-12-14,360.0,362.2999877929688,354.5,358.95001220703125,1274108,333.81446354920473,282.11429372259937,67.68649165326894,16.966555609787505,382.6499938964844,6616484.6,True,False,True,False,1,-0.06193644862794512
2020-12-15,359.0,363.8999938964844,352.0,358.70001220703125,1570530,336.1845158023311,285.1176552317928,67.53664269187439,16.604658344551567,382.6499938964844,6611232.4,True,False,True,False,1,-0.06258978719840813
2020-12-16,356.5,361.25,355.1499938964844,358.8500061035156,1303648,338.3431339262534,288.00911997186034,67.58301328360776,15.854326041620428,382.6499938964844,6672278.9,True,False,True,False,1,-0.06219780000677899
2020-12-17,360.6499938964844,373.2000122070313,360.04998779296875,362.2000122070313,3656611,340.6152175720418,290.9185667261808,68.65974720624159,15.746874617470091,382.6499938964844,5980229.25,True,False,True,False,1,-0.053443047211926165
2020-12-18,363.7000122070313,364.0499877929688,353.0,361.8500061035156,1170853,342.63757838456314,293.70019179980176,68.40410496270482,15.411382701434286,382.6499938964844,4830701.4,True,False,True,False,1,-0.05435773716122316
2020-12-21,359.75,365.75,322.29998779296875,336.1499938964844,2324951,342.0197131952223,295.3648899212403,52.845218453396946,17.41414195183407,382.6499938964844,4414877.8,True,False,True,False,1,-0.12152097410611573
2020-12-22,327.0,361.7999877929688,315.0,358.54998779296875,2554746,343.5940250616744,297.8427368966022,61.14147090978743,19.51313094048655,382.6499938964844,3940936.2,True,False,True,False,1,-0.06298185414328072
2020-12-23,361.7000122070313,371.9500122070313,359.0,369.8500061035156,2550675,346.0945946847069,300.6665513753047,64.5315822909442,19.07648047431341,382.6499938964844,3824462.6,True,False,True,False,1,-0.03345090290640762
2020-12-24,371.25,373.0,364.0,368.5499877929688,2634135,348.2332035521605,303.32864692109547,63.841523869788155,18.35673186900531,382.6499938964844,3841602.55,True,False,True,False,1,-0.036848311324761074
2020-12-28,370.1000061035156,377.6499938964844,365.0,368.8999938964844,2615574,350.20146929923897,305.90007229267934,63.953284816785185,17.949107728110956,382.6499938964844,3795865.65,True,False,True,False,1,-0.0359336213754643
2020-12-29,371.7999877929688,378.2999877929688,364.1499938964844,374.6000061035156,1669951,352.52513947107485,308.5941873440847,65.80683402245995,17.67774245442335,382.6499938964844,3794817.2,True,False,True,False,1,-0.02103747006761081
2020-12-30,377.0,389.6499938964844,369.5,380.3999938964844,3641617,355.17988751159004,311.41010132653173,67.63075878943192,17.854331843141996,382.6499938964844,3133200.65,True,False,True,True,2,-0.005880047134166899
2020-12-31,380.1000061035156,384.3999938964844,373.5499877929688,375.6000061035156,1078667,357.12466071082105,313.9273524942566,64.56146325243964,17.35402286174011,389.6499938964844,2875284.65,True,False,True,False,1,-0.036057970006542095
2021-01-01,377.3999938964844,379.7999877929688,374.1000061035156,376.7999877929688,785857,358.99850138531133,316.3929460353826,64.98923803598063,16.5215913494339,389.6499938964844,2508944.55,True,False,True,False,1,-0.03297833005209627
2021-01-04,380.0499877929688,381.7999877929688,371.0,375.6000061035156,1278975,360.5795970727593,318.71479152825054,64.1552567047463,16.112905381114967,389.6499938964844,2194902.85,True,False,True,False,1,-0.036057970006542095
2021-01-05,375.3999938964844,376.7999877929688,371.0,373.6499938964844,1271457,361.82439677025695,320.8691131897499,62.74613260961203,15.376268410533099,389.6499938964844,2097853.1,True,False,True,False,1,-0.04106249262318895
2021-01-06,375.3999938964844,377.0,365.6000061035156,369.3999938964844,1210896,362.54588221085004,322.7722849821709,59.66997129408034,15.092248802386761,389.6499938964844,2001428.75,True,False,True,False,1,-0.051969717226223455
2021-01-07,371.5,375.0,366.0,368.2000122070313,1274628,363.0843707819149,324.55376448118506,58.79353154956506,14.65708817364485,389.6499938964844,1943282.2,True,False,True,False,1,-0.055049357180669056
2021-01-08,371.4500122070313,374.5,367.0,369.3500061035156,1133002,363.68109795540073,326.3104798389235,59.408854538947274,14.145867589813076,389.6499938964844,1890775.55,True,False,True,False,1,-0.05209800618747529
2021-01-11,372.0,373.5,361.5,365.25,1289499,363.8305171977435,327.83751984524025,56.187411742215,13.992591333397858,389.6499938964844,1852776.4,True,False,True,False,1,-0.06262028558626531
2021-01-12,365.2999877929688,370.0,364.0,365.8999938964844,1166871,364.0276102166712,329.3301658864655,56.58930016086587,13.421691952440868,389.6499938964844,1814519.0,True,False,True,False,1,-0.06095213748754602
2021-01-13,367.2999877929688,369.8999938964844,355.1000061035156,363.7999877929688,1171644,364.0059318906043,330.6819236082892,54.83907991850471,13.520141655335717,389.6499938964844,1809157.15,True,False,True,False,1,-0.06634160530843725
2021-01-14,364.6000061035156,364.6000061035156,353.0,361.1000061035156,949106,363.7291770537387,331.8747895884942,52.587109781856476,13.382989115919996,389.6499938964844,1789212.85,True,False,True,False,1,-0.07327085394630706
2021-01-15,360.5,368.0,357.3500061035156,359.95001220703125,1026453,363.3692565921475,332.97577871078977,51.614884682926046,13.187775171674595,389.6499938964844,1771485.75,True,False,True,False,1,-0.07622220493950094
2021-01-18,362.0,362.1000061035156,341.0,352.25,956310,362.31027977384775,333.7316305260529,45.543416856454584,13.752934523948955,389.6499938964844,1639977.85,True,False,False,False,0,-0.09598356084260629
2021-01-19,349.95001220703125,360.8500061035156,349.29998779296875,358.70001220703125,903527,361.9664447674843,334.71078274883644,50.76765608067888,13.595583365848807,389.6499938964844,1629250.7,True,False,True,False,1,-0.07943021217568758
2021-01-20,358.25,364.3999938964844,356.45001220703125,362.3999938964844,791203,362.0077351607224,335.79663416639124,53.522153598610764,13.192326103249115,389.6499938964844,1558179.5,True,False,True,False,1,-0.06993455774886859
2021-01-21,365.0,365.6000061035156,354.0,356.75,1014163,361.50699847874887,336.6183347873171,49.01260810043282,13.07858896041101,389.6499938964844,1470002.35,True,False,False,False,0,-0.08443473479233443
2021-01-22,356.75,365.0,348.5,363.6000061035156,929784,361.7063325382504,337.6764395448151,54.065770878955895,13.322975463238794,389.6499938964844,1393176.75,True,False,True,False,1,-0.06685483947393378
2021-01-25,369.4500122070313,389.0,368.0,377.6499938964844,2678649,363.22477647712986,339.2440299115472,62.3153945175751,14.18561963704205,389.6499938964844,1307959.2,True,False,True,True,2,-0.030796869467391685
2021-01-27,375.0,385.0,371.75,380.1000061035156,1432418,364.83194120345235,340.8462250563303,63.54490688059043,14.118789662967618,389.6499938964844,1311112.95,True,False,True,True,2,-0.02450914395627024
2021-01-28,377.9500122070313,382.2000122070313,363.3999938964844,379.2999877929688,1133260,366.20985040245387,342.3542157518848,62.82411207466681,14.453163137794713,389.6499938964844,1299236.3,True,False,True,False,1,-0.026562315579722995
2021-01-29,382.2999877929688,389.3999938964844,377.75,381.0499877929688,1112580,367.62319682059814,343.8716970083979,63.791637942247775,14.252936763415402,389.0,1173818.45,True,False,True,False,1,-0.020437049375401473
2021-02-01,385.25,391.2000122070313,381.0499877929688,389.1000061035156,2008106,369.66860722849503,345.6453561885986,67.92675357758742,13.959871595604481,389.3999938964844,1175514.1,True,False,True,True,2,-0.000770384688420167
2021-02-02,392.0,406.9500122070313,387.2000122070313,401.1000061035156,1676396,372.6620737880208,347.8200483421248,72.8959100336421,14.373452195918446,391.2000122070313,1236626.55,True,True,True,True,2,0.02530673207455081
2021-02-03,405.7999877929688,413.1499938964844,382.1499938964844,389.6499938964844,1325312,374.27997094120775,349.46043836386434,62.884549713710136,15.561062753352843,406.9500122070313,1256497.6,True,False,True,True,2,-0.0425114087519568
2021-02-04,395.7999877929688,400.0,386.0,388.0499877929688,652627,375.59140111756597,350.9737540277508,61.61119346190208,15.449558270970497,413.1499938964844,1259190.35,True,False,True,False,1,-0.06075276890795367
2021-02-05,391.0,395.3500061035156,379.0,382.0499877929688,441742,376.2065046104615,352.19242986168086,56.953799598775845,15.51387597329515,413.1499938964844,1231276.9,True,False,True,False,1,-0.07527533961747501
2021-02-08,385.75,388.6499938964844,380.5499877929688,382.7000122070313,968925,376.8249339053729,353.38880563992996,57.33012867956944,14.984313839739466,413.1499938964844,1189632.6,True,False,True,False,1,-0.07370200203145194
2021-02-09,384.0,385.4500122070313,380.1499938964844,382.8500061035156,825573,377.398750305196,354.5441468345804,57.42262839710083,14.292578444797142,413.1499938964844,1181428.75,True,False,True,False,1,-0.07333895253683698
2021-02-10,384.8999938964844,384.8999938964844,376.2000122070313,382.2999877929688,786555,377.8655348278411,355.6326111858897,56.935225215062054,13.893107247986853,413.1499938964844,1158232.45,True,False,True,False,1,-0.07467023250457827
2021-02-11,384.25,390.0,377.1499938964844,379.2000122070313,909606,377.99262791157344,356.55682299064034,54.14567078286323,13.818600023381766,413.1499938964844,1139216.65,True,False,True,False,1,-0.0821735016120061
2021-02-12,381.5,383.3999938964844,378.25,382.5499877929688,1219553,378.42666218599203,357.57616278681013,56.61921272293552,13.199413871460525,413.1499938964844,1126114.75,True,False,True,True,2,-0.07406512539168153
2021-02-15,387.0,435.0,386.1000061035156,426.9500122070313,4704910,383.0479336165672,360.2967059013286,75.49045359296474,16.003028038287002,413.1499938964844,1139637.1,True,True,True,True,2,0.0334019569512678
2021-02-16,441.0,508.8999938964844,437.0,497.0,9004169,393.9005113673703,365.6576193953942,85.90689333598705,20.713524727656008,435.0,1323559.95,True,True,True,True,2,0.14252873563218382
2021-02-17,521.0,542.7999877929688,497.2000122070313,509.9500122070313,5856367,404.95284478067134,371.3161446036937,87.00631236930583,22.50541494660692,508.8999938964844,1725952.9,True,True,True,True,2,0.0020633097330327033
2021-02-18,515.0,538.0,506.6000061035156,509.6000061035156,3727434,414.91924109713267,376.7390411330985,86.8092006740775,23.14074201445531,542.7999877929688,1973594.9,True,False,True,True,2,-0.06116430072971202
2021-02-19,513.0,519.9000244140625,458.6499938964844,497.6499938964844,2497892,422.7983604113566,381.48064712381955,80.13412002021707,25.862834050392657,542.7999877929688,2120406.45,True,False,True,True,2,-0.08317979902701322
2021-02-22,502.5,510.2000122070313,490.0,497.9500122070313,1714429,429.95566058237324,386.04807320551413,80.17533553242825,25.458346775866847,542.7999877929688,2194592.9,True,False,True,False,1,-0.08262707552426074
2021-02-23,507.0,508.4500122070313,478.0,486.0,899932,435.2932167173853,389.96775660921946,73.6233387749169,25.814894306664307,542.7999877929688,2233825.15,True,False,True,False,1,-0.10464257382156217
2021-02-24,490.0,509.0499877929688,474.1000061035156,500.1499938964844,847307,441.47005263920425,394.28862865970046,76.11262015314637,26.467400548292083,542.7999877929688,2144889.3,True,False,True,False,1,-0.07857405094996361
2021-02-25,504.0,508.25,495.1000061035156,500.3999938964844,1189419,447.0824279970405,398.4498586689861,76.15543673372983,25.516157216020105,542.7999877929688,2115633.75,True,False,True,False,1,-0.07811347614225872
2021-02-26,490.1000061035156,518.9500122070312,488.0499877929688,512.2000122070312,1551014,453.2841026837063,402.91064900381144,78.14652841854843,25.900719158737417,542.7999877929688,2118441.7,True,False,True,False,1,-0.05637431148507821
2021-03-01,523.2999877929688,529.4500122070312,516.5,525.4500122070312,1103126,460.1570464478325,407.71611422746713,80.15082601313048,25.28281064739903,542.7999877929688,2140363.4,True,False,True,False,1,-0.03196384667671548
2021-03-02,530.0,584.4500122070312,528.0499877929688,574.2999877929688,3268799,471.0278027664169,414.24881515160445,85.44937158413735,27.69118131544196,542.7999877929688,2095114.4,True,True,True,True,2,0.05803242577082468
2021-03-03,588.0,689.1500244140625,584.0,662.75,7899553,489.28705964580575,423.99395965546313,90.43045454149903,33.91681383727423,584.4500122070312,2174734.55,True,True,True,True,2,0.13397208684672313
2021-03-04,645.0,701.7000122070312,630.0,688.75,4035492,508.283530155729,434.37654947289593,91.36609583857867,36.61561372082831,689.1500244140625,2503446.6,True,False,True,True,2,-0.0005804605672076191
2021-03-05,698.0,724.7000122070312,677.0499877929688,700.3499755859375,2833940,526.5755725776536,444.8068799087015,91.75349306890223,37.40378591320218,701.7000122070312,2672589.85,True,False,True,True,2,-0.0019239512578138607
2021-03-08,717.9000244140625,749.4500122070312,706.0,716.2000122070312,1884720,544.6350430185466,455.4497478419693,92.26424484048147,38.23923239233729,724.7000122070312,2792199.75,True,False,True,False,1,-0.011728991109181464
2021-03-09,729.0,729.4000244140625,680.8499755859375,704.5,1667389,559.8602770167803,465.21642439718624,87.93471305524334,38.97571928060784,749.4500122070312,2837989.5,True,False,True,False,1,-0.05997733200998878
2021-03-10,710.0,725.0,685.0999755859375,717.75,1729560,574.8973934913727,475.1197018718064,88.58782861830919,39.0417410758546,749.4500122070312,2880080.3,True,False,True,False,1,-0.04229770056801907
2021-03-12,728.0,745.0,728.0,738.0,2474722,590.4309750636228,485.42873317095126,89.5214038340888,38.1994738561507,749.4500122070312,2927230.55,True,False,True,False,1,-0.015277886477461644
2021-03-15,754.0,758.7000122070312,742.0,749.0999755859375,1916677,605.5423084467004,495.7687818931076,90.00411141012306,36.94951230978503,749.4500122070312,3005486.35,True,False,True,False,1,-0.0004670579963871324
2021-03-16,755.8499755859375,755.8499755859375,742.0,747.5999755859375,1378624,619.0716100790087,505.6445149791009,89.40474075170023,35.299545400938776,758.7000122070312,3040342.55,True,False,True,False,1,-0.014630336684461231
2021-03-17,747.0,778.9500122070312,740.0,744.0,1872965,630.969551976246,514.9917889014891,87.89196250207172,35.560293029945385,758.7000122070312,2874028.25,True,False,True,False,1,-0.019375262910922397
2021-03-18,755.0,766.0,715.0,744.7999877929688,1585218,641.8105458635529,524.0038751325276,87.94079421040334,36.66312924209215,778.9500122070312,2517468.05,True,False,True,False,1,-0.04384109875973152
2021-03-19,742.0,745.0,671.0,739.2000122070312,5714724,651.0857331343603,532.4429393315278,85.34602395512496,39.330048581942705,778.9500122070312,2303910.6,True,False,True,True,2,-0.0510302322062679
2021-03-22,745.4500122070312,852.0,745.4500122070312,819.0999755859375,4323983,667.08708955832,543.6843917336615,89.9172497025441,44.57790138273028,778.9500122070312,2403275.1,True,True,True,True,2,0.05154369696349015
2021-03-23,833.0,914.7000122070312,832.5999755859375,895.1500244140625,3992130,688.8073690683907,557.4673577211282,92.36012392293296,48.222339614041964,852.0,2494579.65,True,True,True,True,2,0.05064556856110625
2021-03-24,925.0,965.0,896.4500122070312,916.25,3170982,710.4685720142581,571.5372652614761,92.8758535401468,49.767170754891644,914.7000122070312,2608464.7,True,True,True,True,2,0.0016945312914435906
2021-03-25,943.4000244140624,954.25,864.0,881.75,2375912,726.7810889652812,583.7024705453399,83.008917062129,52.65880141525653,965.0,2722017.2,True,False,True,False,1,-0.08626943005181342
2021-03-26,914.0,930.0,890.0999755859375,905.4500122070312,1786033,743.7971768930669,596.3200211987396,84.2470190478883,52.343887028452485,965.0,2798447.45,True,False,True,False,1,-0.06170983190981216
2021-03-30,924.4000244140624,925.0,885.0,910.9000244140624,1417307,759.7117337998283,608.656491913066,84.52625061123453,51.46218081213445,965.0,2828278.15,True,False,True,False,1,-0.056062150866256544
2021-03-31,911.0,971.3499755859376,896.7000122070312,961.25,2409498,778.9058543903208,622.4836883086322,86.84602270875335,53.1184509954753,965.0,2821592.8,True,False,True,False,1,-0.0038860103626943143
2021-04-01,985.0,1087.800048828125,964.5,1060.6500244140625,3577352,805.7386324878199,639.6666818813941,90.02526173238802,58.36356512637885,971.3499755859376,2886911.4,True,True,True,True,2,0.09193395899789603
2021-04-05,1064.0,1197.0,1021.0,1164.0,5752170,839.8587627270753,660.228772788006,92.14976468349926,66.7661676173518,1087.800048828125,2902339.05,True,True,True,True,2,0.07004959344685124
2021-04-06,1192.9000244140625,1249.949951171875,1180.5,1206.1500244140625,3458076,874.7436447925027,681.6374493223612,92.82130694606826,68.13643787124632,1197.0,2794969.9,True,True,True,True,2,0.0076441306717314195
2021-04-07,1206.5,1208.9000244140625,1085.550048828125,1103.5999755859375,4168016,896.5394858204488,698.1849993719134,75.82591903763776,72.08026199372426,1249.949951171875,2766099.1,True,False,True,True,2,-0.11708466842910703
2021-04-08,1096.0,1100.0,993.25,993.25,3363435,905.750010980406,709.7561758671325,62.55334910033382,74.81381296459664,1249.949951171875,2832802.9,True,False,True,True,2,-0.20536818368704213
2021-04-09,991.0,1092.550048828125,990.0,1092.550048828125,3599031,923.5404907754269,724.7677002969754,67.98415426488995,76.79497266913437,1249.949951171875,2906738.65,True,False,True,True,2,-0.12592496379249563
2021-04-12,1070.0,1070.0,984.0999755859376,990.25,3008046,929.8937773682434,735.1787708735646,58.56147685076462,79.0560512814953,1249.949951171875,3003320.75,True,False,True,True,2,-0.20776827978463985
2021-04-13,996.0,1060.0,950.0,1038.9000244140625,2479395,940.2753247059404,747.0894082673096,61.307979003431896,81.26633333281707,1249.949951171875,3067245.05,True,False,True,False,1,-0.16884670186989914
2021-04-15,1019.0,1129.699951171875,993.0,1113.550048828125,2900383,956.7776793842437,761.4604137794985,65.12735281297515,85.22587746417835,1249.949951171875,3067478.7,True,False,True,False,1,-0.10912429110931199
2021-04-16,1145.800048828125,1167.0,1120.0,1134.699951171875,2545154,973.7226576497324,776.0972583831211,66.14695688435013,82.95616844329955,1249.949951171875,3116664.0,True,False,True,False,1,-0.0922036917493767
2021-04-19,1056.0,1171.4000244140625,1025.0999755859375,1143.800048828125,3479821,989.9205044286269,790.5169756554743,66.59946095532734,87.48073132792993,1249.949951171875,3174990.5,True,False,True,True,2,-0.08492332212520226
2021-04-20,1175.0,1214.0,1133.199951171875,1154.0,2150909,1005.547123054472,804.7712119042793,67.12981231121083,87.00353972080102,1249.949951171875,3255333.3,True,False,True,False,1,-0.07676303445743438
2021-04-22,1140.0,1185.0,1114.0,1163.4000244140625,1832979,1020.5807327077664,818.8350869046631,67.63977374008715,85.8604297407438,1249.949951171875,3283617.85,True,False,True,False,1,-0.06924271381959635
2021-04-23,1170.0,1190.0,1147.0,1154.5,1609947,1033.33494864036,831.9984168299704,66.58643559284951,82.79897047354781,1249.949951171875,3089530.6,True,False,True,False,1,-0.0763630184411681
2021-04-26,1151.0999755859375,1180.0,1140.0,1153.800048828125,1322185,1044.807815324909,844.6180886730353,66.49872738623776,79.74190115400869,1249.949951171875,2953828.8,True,False,True,False,1,-0.07692300179987677
2021-04-27,1160.0,1170.0,1142.0,1152.0,1442775,1055.0165948177748,856.6722812740927,66.25702129494718,76.0460510715795,1249.949951171875,2820331.55,True,False,True,False,1,-0.07836309852249945
2021-04-28,1169.6500244140625,1180.0,1151.800048828125,1154.949951171875,1428960,1064.5340573276892,868.3694447994959,66.4720992252895,72.6284725073149,1249.949951171875,2733921.2,True,False,True,False,1,-0.07600304309059247
2021-04-29,1169.9000244140625,1169.9000244140625,1135.1500244140625,1147.699951171875,1002228,1072.454618646183,879.3235823042951,65.36930580511171,69.92286732822099,1249.949951171875,2686573.6,True,False,True,False,1,-0.08180327532645348
2021-04-30,1139.949951171875,1159.5999755859375,1129.0,1150.75,1275816,1079.9113216322608,889.9677555472639,65.62766107594499,67.11408934662931,1249.949951171875,2647383.35,True,False,True,False,1,-0.07936313856316513
2021-05-03,1135.0,1253.0,1120.199951171875,1237.199951171875,1994587,1094.891191112224,903.5847043952879,72.00308360700245,71.80594359530758,1249.949951171875,2640308.8,True,False,True,False,1,-0.010200408414790085
2021-05-04,1268.0,1320.0,1232.0,1252.8499755859375,1691709,1109.9348848716254,917.281381696882,72.98013631246499,72.96266190992847,1253.0,2619563.25,True,False,True,False,1,-0.0001197321740322721
2021-05-05,1291.25,1298.9000244140625,1235.0,1264.75,1157568,1124.6791815505183,930.9076020224945,73.73084494783524,72.31533066022376,1320.0,2525281.1,True,False,True,False,1,-0.04185606060606062
2021-05-06,1269.699951171875,1311.0,1265.4000244140625,1299.050048828125,1150996,1141.2859308150523,945.3445607207547,75.81648452812763,70.45352132735064,1320.0,2295551.0,True,False,True,False,1,-0.015871175130208304
2021-05-07,1314.0,1337.9000244140625,1300.0,1310.300048828125,1032592,1157.382513482964,959.6565406465339,76.47617995298262,68.19612520296398,1320.0,2180197.0,True,False,True,False,1,-0.007348447857481011
2021-05-10,1301.25,1329.699951171875,1301.25,1315.199951171875,1193565,1172.4127456438125,973.599419490665,76.773367003893,65.35711277217192,1337.9000244140625,2023425.8,True,False,True,False,1,-0.016966942841733723
2021-05-11,1305.0,1390.0,1303.050048828125,1334.550048828125,1450582,1187.854393566128,987.7543461313497,77.95766256214,66.89945837215072,1337.9000244140625,1914932.3,True,False,True,False,1,-0.0025039057663555075
2021-05-12,1344.0,1350.0,1306.050048828125,1313.449951171875,1483134,1199.815875242866,1000.5267227996056,73.5535016014846,65.2602078578453,1390.0,1807509.85,True,False,True,False,1,-0.05507197757419069
2021-05-14,1325.0,1330.0,1182.1500244140625,1193.0999755859375,3401851,1199.1762657517302,1008.0786150657364,54.604736431325605,71.15947698128046,1390.0,1731264.25,True,False,True,True,2,-0.1416546938230665
2021-05-17,1214.0,1300.5,1206.0,1290.5,2293110,1207.8737642515655,1019.153963494531,62.928433115373565,73.74808751219346,1390.0,1777387.05,True,False,True,True,2,-0.07158273381294966
2021-05-18,1314.0,1351.5,1305.050048828125,1339.699951171875,3914732,1220.428639196357,1031.7243943838387,66.290795350693,72.83750983275108,1390.0,1747023.4,True,False,True,True,2,-0.03618708548785976
2021-05-19,1326.9000244140625,1355.0,1307.4000244140625,1326.1500244140625,2900348,1230.4973425504243,1043.270497522279,64.55425301299343,71.03482881512154,1390.0,1815502.3,True,False,True,True,2,-0.04593523423448742
2021-05-20,1338.5999755859375,1348.3499755859375,1309.0,1335.800048828125,3580360,1240.526171719729,1054.7422446323121,65.25237831548688,68.77162501303697,1390.0,1786528.65,True,False,True,True,2,-0.03899277062724815
2021-05-21,1359.9000244140625,1400.0,1310.199951171875,1338.699951171875,6674625,1249.8760554770763,1065.877840967197,65.47245527945367,70.27365528554326,1390.0,1858001.2,True,False,True,True,2,-0.036906509948291366
2021-05-24,1350.75,1367.0,1314.0,1324.199951171875,4487176,1256.9545217337238,1076.008119798753,63.31315630267385,69.03982276514732,1400.0,2100083.5,True,False,True,True,2,-0.05414289202008926
2021-05-25,1340.0,1340.0,1227.3499755859375,1294.4000244140625,2703660,1260.5207600842323,1084.5725082150395,59.00607790012587,72.15483716864127,1400.0,2243944.95,True,False,True,True,2,-0.0754285539899554
2021-05-26,1309.0,1335.0,1265.0,1327.5999755859375,1092501,1266.9092567986804,1094.1029971315454,62.09950987794064,72.00092022802403,1400.0,2313018.7,True,False,True,False,1,-0.05171430315290182
2021-05-27,1340.0,1394.949951171875,1305.550048828125,1354.199951171875,31734209,1275.2226562627943,1104.3028776821466,64.41637005431994,73.24370466486161,1400.0,2295505.0,True,False,True,True,2,-0.03271432059151791
2021-05-28,1325.0,1349.050048828125,1315.699951171875,1341.699951171875,812705,1281.5538272065164,1113.6125668386067,62.483365529420155,70.76201147451435,1400.0,3810767.45,True,False,True,False,1,-0.041642892020089306
2021-05-31,1339.9000244140625,1362.0,1318.6500244140625,1348.8499755859375,856715,1287.9629841950327,1122.8375632600705,63.164272944861295,68.80400891104458,1400.0,3801291.3,True,False,True,False,1,-0.036535731724330334
2021-06-01,1360.0,1452.0,1356.050048828125,1440.5999755859375,2207381,1302.499840517976,1135.2988343316733,70.55053664867634,71.25729573268872,1400.0,3780336.25,True,True,True,False,1,0.02899998256138403
2021-06-02,1453.0,1584.6500244140625,1449.8499755859375,1579.8499755859375,2772388,1328.914139095877,1152.732212420076,77.81985587020318,76.45677809664846,1452.0,3790975.95,True,True,True,False,1,0.08805094737323516
2021-06-03,1611.449951171875,1679.0,1531.0999755859375,1620.4000244140625,2839192,1356.6746996023708,1171.0721266159185,79.41346044423238,81.5598671193209,1584.6500244140625,3845009.9,True,True,True,False,1,0.02256018644446045
2021-06-04,1650.0,1678.0,1606.0999755859375,1637.5,1740082,1383.4199663069069,1189.3634157682354,80.06395548595542,80.86987835465958,1679.0,3929091.1,True,False,True,False,1,-0.024717093508040522
2021-06-07,1634.0,1677.0,1555.5,1626.949951171875,1593104,1406.6132981988085,1206.5236720585744,78.41762141057892,83.77202990075533,1679.0,3958545.4,True,False,True,False,1,-0.031000624674285326
2021-06-08,1634.0,1655.0,1585.0,1640.8499755859375,1432264,1428.9215531880589,1223.556076118471,79.02945924794545,82.7883134792728,1679.0,3986571.0,True,False,True,False,1,-0.022721872789792985
2021-06-09,1650.0,1650.0,1581.0,1588.199951171875,848950,1444.0909244246127,1237.855835924487,70.83783536315136,81.80343394503903,1679.0,3998505.95,True,False,True,False,1,-0.054079838492033905
2021-06-10,1620.0,1622.4000244140625,1580.0,1594.050048828125,921185,1458.3727457963757,1251.8242364305122,71.19510532792091,78.98890469282644,1679.0,3968424.35,True,False,True,False,1,-0.05059556353298089
2021-06-11,1605.0,1632.5,1591.0,1626.199951171875,871069,1474.356289165471,1266.505637008605,73.1424564447558,76.31112578619597,1679.0,3940326.9,True,False,True,False,1,-0.03144731913527399
2021-06-14,1544.9000244140625,1544.9000244140625,1544.9000244140625,1544.9000244140625,99578,1481.0747401415274,1277.4230639656819,61.77007803716153,76.66746871274002,1679.0,3813787.8,True,False,True,False,1,-0.07986895508394132
2021-06-15,1467.699951171875,1480.0,1467.699951171875,1467.699951171875,1007110,1479.8009507158463,1284.8849026796504,53.2960646815777,76.70551189341485,1679.0,3704111.2,True,False,True,False,1,-0.12584874855754913
2021-06-16,1394.3499755859375,1394.3499755859375,1394.3499755859375,1394.3499755859375,233890,1471.6627626082359,1289.1776506367596,46.73571710416408,76.46583072859505,1679.0,3558730.1,True,False,False,False,0,-0.1695354523014071
2021-06-17,1324.6500244140625,1324.6500244140625,1324.6500244140625,1324.6500244140625,28770,1457.661549446886,1290.5687241182225,41.50726634135503,75.98255361740075,1679.0,3425407.2,True,False,False,False,0,-0.2110482284609515
2021-06-18,1258.449951171875,1258.449951171875,1258.449951171875,1258.449951171875,344217,1438.6890162778373,1289.3091643948364,37.24533300122323,75.28380501917124,1679.0,3247827.7,True,False,False,False,0,-0.2504765031733919
2021-06-21,1195.550048828125,1321.3499755859375,1195.550048828125,1321.3499755859375,1402284,1427.5138695452754,1290.5656667944875,43.211805081667066,78.89209942907418,1679.0,2931307.3,True,False,False,False,0,-0.21301371317097229
2021-06-22,1379.0,1387.4000244140625,1348.0,1387.4000244140625,845047,1423.6935033423026,1294.3630925834905,48.72478127793582,77.97481010043496,1679.0,2777062.7,True,False,False,False,0,-0.17367479189156487
2021-06-23,1399.0,1416.0,1318.050048828125,1318.050048828125,579237,1413.63222196,1295.2919928283782,43.90527442770725,79.40160589125212,1679.0,2684132.05,True,False,False,False,0,-0.2149791251768166
2021-06-24,1252.0,1259.9000244140625,1251.949951171875,1251.949951171875,121029,1398.2339104563691,1293.59230492028,39.85845660880119,78.45149816018053,1679.0,2658468.85,True,False,False,False,0,-0.2543478551686271
2021-06-25,1189.4000244140625,1189.4000244140625,1189.4000244140625,1189.4000244140625,99247,1378.3449689285303,1289.5063331357226,36.436006569597254,77.31567163143995,1679.0,1077809.85,True,False,False,False,0,-0.2916021295925775
2021-06-28,1129.949951171875,1129.949951171875,1129.949951171875,1129.949951171875,109503,1354.6883005707537,1283.2492201175326,33.49244101574999,76.03955746077906,1679.0,1042136.95,True,False,False,False,0,-0.32701015415611967
2021-06-29,1073.5,1073.5,1073.5,1073.5,149796,1327.908462421158,1275.0237605050802,30.936722050266354,74.6402998687145,1679.0,1004776.35,True,False,False,False,0,-0.36063132817153065
2021-06-30,1019.8499755859376,1019.8499755859376,1019.8499755859376,1019.8499755859376,111645,1298.5695589130419,1265.016945410212,28.695565859384104,73.14099447909649,1679.0,901897.1,True,False,False,False,0,-0.39258488648842305
2021-07-01,968.9000244140624,968.9000244140624,968.9000244140624,968.9000244140624,53118,1267.1724603893294,1253.4045171358532,26.71617890474552,71.55591995715211,1679.0,768859.95,True,False,False,False,0,-0.4229303011232505
2021-07-02,920.5,920.5,920.5,920.5,70868,1234.1560355903457,1240.3494380324864,24.955164761312588,69.90192741835999,1678.0,629556.25,False,False,False,False,0,-0.451430274135876
2021-07-05,874.5,874.5,874.5,874.5,64444,1199.9030798198366,1226.0024012468987,23.377946503666976,68.19464688847714,1677.0,546095.55,False,False,False,False,0,-0.47853309481216455
2021-07-06,830.7999877929688,918.2000122070312,830.7999877929688,918.2000122070312,1281636,1173.0742162376648,1213.9317193237666,28.031474882891203,69.5664595688761,1655.0,469662.55,False,False,False,True,1,-0.4451963672465068
2021-07-07,872.2999877929688,910.0,872.2999877929688,900.7999877929688,1074532,1147.1433373381699,1201.6520435774607,27.31999571357626,67.87599991496084,1650.0,462131.15,False,False,False,True,1,-0.45406061345880677
2021-07-08,898.0,937.0,880.0,921.9500122070312,345356,1125.6963539923472,1190.6833364648949,29.657121438241376,67.09914277817794,1632.5,473410.25,False,False,False,False,0,-0.43525267246123656
2021-07-09,938.0,938.4000244140624,900.2000122070312,917.1500244140624,213391,1105.8347987944153,1179.956539913882,29.42585629264076,65.03491916595317,1632.5,444618.8,False,False,False,False,0,-0.43819294063457126
2021-07-12,927.0,933.0,901.0,909.2999877929688,257416,1087.1171977466586,1169.3425574777675,29.02719642894141,62.675282082670805,1544.9000244140625,411734.9,False,False,False,False,0,-0.4114182319740458
2021-07-13,909.2999877929688,928.0,890.0,923.7000122070312,255742,1071.5536562666941,1159.7095164867583,30.87719331476889,60.912761933908605,1480.0,419626.8,False,False,False,False,0,-0.3758783701303843
2021-07-14,925.0,932.0,877.5499877929688,881.25,446358,1053.429498527009,1148.7895354480618,28.51732837927453,60.45113695341737,1416.0,382058.4,False,False,False,True,1,-0.3776483050847458
2021-07-15,881.25,900.0,839.0,892.9000244140625,382689,1038.140977182919,1138.7546526624146,30.096331533203028,60.490341456744694,1416.0,392681.8,False,False,False,False,0,-0.3694208867132327
2021-07-16,886.0,920.0,864.9500122070312,896.5499877929688,231367,1024.6561210505427,1129.2564305106716,30.613466338826697,60.10174476647499,1416.0,410377.75,False,False,False,False,0,-0.36684322895976784
2021-07-19,898.7999877929688,906.0,851.75,855.0,337925,1008.4983952362053,1118.5012763729983,28.067919458602972,59.68376299744106,1416.0,404735.25,False,False,False,False,0,-0.39618644067796616
2021-07-20,812.25,824.7999877929688,812.25,815.7000122070312,633888,990.136644471522,1106.6267169939408,25.876245005780618,58.47420849762384,1416.0,351517.3,False,False,False,True,1,-0.42394066934531693
2021-07-22,774.9500122070312,856.4500122070312,774.9500122070312,856.0999755859375,811314,977.3712474347997,1096.8021388995094,31.774028072700688,60.11890789065071,1416.0,340959.35,False,False,False,True,1,-0.39540962176134353
2021-07-23,883.0,889.0,849.9000244140625,880.5999755859375,189493,968.1549358301462,1088.323622691134,35.14418482363155,58.617555583171196,1259.9000244140625,352563.2,False,False,False,False,0,-0.3010556722582213
2021-07-26,879.0,915.0,855.0,907.4500122070312,194179,962.3735145327067,1081.2305399270515,38.71694805724545,58.71630161294468,1189.4000244140625,355986.4,False,False,False,False,0,-0.23705230067228988
2021-07-27,905.0,940.5,880.0,931.0499877929688,292819,959.3903215098745,1075.3411065100288,41.75413662192872,58.843708640591494,1129.949951171875,360733.0,False,False,False,False,0,-0.1760254630504886
2021-07-28,932.0,941.0,891.0,933.4000244140624,159266,956.9150551197972,1069.7747895650891,42.06205965972606,58.21201516626353,1073.5,369898.8,False,False,False,False,0,-0.13050766239956924
2021-07-29,932.0,938.0,904.0,922.2000122070312,163673,953.6088605566767,1063.987543394185,40.95091835913662,56.482585511530424,1019.8499755859376,370372.3,False,False,False,False,0,-0.09574934129189272
2021-07-30,930.0,930.0,880.0499877929688,892.5499877929688,287188,947.793729817276,1057.264501998059,38.082788942013224,56.015973132637626,968.9000244140624,372973.7,False,False,False,False,0,-0.0788007376377825
2021-08-02,892.5499877929688,905.0499877929688,859.5499877929688,888.3499755859375,115434,942.1324198904819,1050.640402923074,37.68020308507724,55.26483219459208,941.0,384677.2,False,False,False,False,0,-0.05595114177902494
2021-08-03,882.5,918.0,871.0,902.0,208947,938.3102846628169,1044.8113675143259,39.90374211342967,54.674487037835505,941.0,386905.5,False,False,False,False,0,-0.0414452709883103
2021-08-04,922.0,922.0,883.0,902.9500122070312,121871,934.9426396670278,1039.2481771101181,40.06402484823863,53.55488082084725,941.0,394130.65,False,False,False,False,0,-0.04043569372260225
2021-08-05,912.0,917.0,880.0,906.6500244140624,113450,932.2481048810312,1034.04824955341,40.727087001963916,52.37238933364388,941.0,336142.4,False,False,False,False,0,-0.03650369350259042
2021-08-06,886.0,935.0,886.0,924.9500122070312,186848,931.5530484358883,1029.7698873045324,44.0253865404535,52.131504381240745,941.0,288088.3,False,False,False,False,0,-0.01705631008817088
2021-08-09,924.0,924.75,901.0,916.9500122070312,85826,930.162283080759,1025.3455784771793,42.90148058262062,50.1185406545115,941.0,280162.9,False,False,False,False,0,-0.025557904137054943
2021-08-10,926.0,926.0,880.0499877929688,886.4000244140625,155438,925.9944489220261,1019.8967332198023,38.82535149502838,49.820788622548626,941.0,273784.65,False,False,False,False,0,-0.05802335343882836
2021-08-11,880.0,907.0,843.0,900.0999755859375,229682,923.5283086043033,1015.1988211557292,41.509187439623155,50.83358943522372,941.0,268685.75,False,False,False,False,0,-0.0434644255197264
2021-08-12,894.5499877929688,911.5499877929688,885.0,908.0,97646,922.0494220705601,1010.9949458162889,43.06047538198453,49.09904646077694,941.0,267382.75,False,False,False,False,0,-0.03506907545164717
2021-08-13,908.0,919.0,880.0,917.2000122070312,122441,921.5875735121289,1007.3167131257298,44.8934344252368,48.37768599929287,941.0,249947.15,False,False,False,False,0,-0.025292229323027327
2021-08-16,896.7000122070312,932.0,896.25,928.0499877929688,156477,922.2030415388756,1004.2082140930726,47.05796916951679,47.47570842791481,941.0,236934.75,False,False,False,False,0,-0.013761968339034314
2021-08-17,925.0,974.4500122070312,910.0,973.1500244140624,293923,927.0551351460363,1002.9902458703664,54.97477393616202,48.6881586978517,941.0,233190.25,False,True,True,True,2,0.034165807028759154
2021-08-18,988.5,1021.7999877929688,980.0999755859376,1021.7999877929688,206240,936.0784544457441,1003.7278828085076,61.63873649208707,48.685430460784175,974.4500122070312,230990.15,False,True,True,False,1,0.04859148749836284
2021-08-20,1072.8499755859375,1072.8499755859375,1042.25,1072.8499755859375,151112,949.104313601953,1006.4385531135049,67.13543961865874,48.85432741308308,1021.7999877929688,209607.75,False,True,True,False,1,0.0499608420462343
2021-08-23,1126.0,1126.449951171875,1084.0,1126.449951171875,208476,965.994374322898,1011.1448824491272,71.71768158631463,49.19330228257268,1072.8499755859375,176597.65,False,True,True,True,2,0.04996036426869832
2021-08-24,1182.0,1182.75,1170.0,1182.75,121447,986.6377672445268,1017.8744949021026,75.57061564890637,49.70092703582642,1126.449951171875,177546.8,False,True,True,False,1,0.04998007125798587
2021-08-25,1241.8499755859375,1241.8499755859375,1241.8499755859375,1241.8499755859375,118696,1010.9436918484707,1026.6578470857824,78.8308134668156,50.37228764654864,1182.75,173910.2,False,True,True,False,1,0.04996827358777223
2021-08-26,1303.9000244140625,1303.9000244140625,1266.699951171875,1303.9000244140625,627956,1038.8442949499556,1037.5300893339502,81.60630507504926,51.20641344523267,1241.8499755859375,165204.05,True,True,True,True,2,0.049965817166319315
2021-08-27,1369.0,1369.0,1238.75,1320.699951171875,679283,1065.6876907806145,1048.6347897981825,82.28357498856084,56.85238391343034,1303.9000244140625,188638.55,True,True,True,True,2,0.01288436723924602
2021-08-30,1319.4000244140625,1386.699951171875,1257.550048828125,1383.4000244140625,363610,1095.9460082695143,1061.7628382144915,84.56746606666135,62.01649237273888,1369.0,214419.05,True,True,True,True,2,0.010518644568343616
2021-08-31,1394.0,1452.550048828125,1353.0,1452.5,1160761,1129.9035312914652,1077.0858641668644,86.61533162585249,64.69746069098075,1386.699951171875,218240.15,True,True,True,True,2,0.0474508193156844
2021-09-01,1525.0999755859375,1525.0999755859375,1461.0,1510.8499755859375,770284,1166.1841450337959,1094.0962214774165,88.05658457271511,65.26192604062052,1452.550048828125,270506.5,True,True,True,True,2,0.04013626023065231
2021-09-02,1473.0,1514.0,1436.550048828125,1479.5,397726,1196.0237502686725,1109.2100951449688,82.89210042074752,66.13249926428156,1525.0999755859375,298573.35,True,False,True,True,2,-0.02989966318006021
2021-09-03,1479.5,1485.0,1405.550048828125,1477.4000244140625,336192,1222.8214906634716,1123.6489159006196,82.54287453814855,67.08374582910967,1525.0999755859375,312366.1,True,False,True,True,2,-0.03127660608187266
2021-09-06,1467.699951171875,1467.8499755859375,1403.550048828125,1404.449951171875,322769,1240.1194392833195,1134.6607212053748,71.30443547810172,67.56704795459737,1525.0999755859375,323503.2,True,False,True,False,1,-0.07910958386036904
2021-09-07,1370.0,1376.4000244140625,1334.25,1334.25,104159,1249.08425458967,1142.4877517463403,62.487541734516206,67.75511247011721,1525.0999755859375,330299.25,True,False,True,False,1,-0.12513932112064563
2021-09-08,1267.550048828125,1400.949951171875,1267.550048828125,1398.449951171875,352724,1263.3095590260707,1152.5254850571457,66.55992692922234,72.44402603251956,1525.0999755859375,331215.9,True,False,True,True,2,-0.08304375217461013
2021-09-09,1381.0,1410.0,1339.0,1391.75,243238,1275.5419819759688,1161.9068385843163,65.75761910387693,72.34088131591102,1525.0999755859375,341080.2,True,False,True,False,1,-0.08743687477583562
2021-09-13,1348.0,1388.0,1333.9000244140625,1375.6500244140625,372295,1285.0760812557874,1170.28892430313,63.76844728791613,71.3058166209129,1525.0999755859375,341758.0,True,False,True,True,2,-0.09799354374421054
2021-09-14,1369.949951171875,1385.0999755859375,1340.0,1375.0,266026,1293.6402639933315,1178.316809624576,63.68468464846701,69.43397083270037,1525.0999755859375,355490.45,True,False,True,False,1,-0.09841976131975849
2021-09-15,1380.0,1411.050048828125,1355.0,1407.25,219870,1304.4602388511094,1187.2945817961613,66.06624281639658,68.47797640380213,1525.0999755859375,362669.7,True,False,True,False,1,-0.07727360663071281
2021-09-16,1370.0,1439.0,1360.3499755859375,1434.25,442276,1316.821168484337,1196.9791080002335,67.96065192301279,69.20455126167786,1525.0999755859375,365839.35,True,False,True,True,2,-0.05956984921662811
2021-09-17,1440.9000244140625,1450.0,1381.0,1408.4000244140625,828242,1325.542964287168,1205.2701243301876,64.26172895212937,69.1899404572723,1525.0999755859375,373257.0,True,False,True,True,2,-0.07651954169564479
2021-09-20,1350.0,1446.0,1341.0,1392.800048828125,437651,1331.9484009101163,1212.6242390163814,62.06628689057111,71.74780185318143,1525.0999755859375,404357.1,True,False,True,True,2,-0.08674836330449964
2021-09-21,1365.0,1422.0,1361.4000244140625,1407.550048828125,396437,1339.1485578546885,1220.2683884207634,63.34154052451601,70.95152854837829,1525.0999755859375,418684.05,True,False,True,False,1,-0.07707686619865706
2021-09-22,1390.0,1416.0,1370.0,1378.699951171875,479991,1342.9153572182302,1226.4813908815913,59.15277285756222,69.16927650920842,1525.0999755859375,428082.1,True,False,True,True,2,-0.09599372287565355
2021-09-23,1380.0,1420.0,1375.0,1402.5,533733,1348.5900851022084,1233.3840814352545,61.41940881009174,67.44289961569352,1525.0999755859375,446009.3,True,False,True,True,2,-0.08038815654615372
2021-09-24,1403.0,1425.199951171875,1382.0,1402.699951171875,544273,1353.7434056802717,1240.0239194641417,61.43876861050717,65.71126044113505,1525.0999755859375,466761.15,True,False,True,True,2,-0.0802570496186894
2021-09-27,1380.0,1422.0,1380.0,1418.8499755859375,512848,1359.9440313855732,1247.036705978722,63.05150243135671,64.01759898105398,1525.0999755859375,462577.0,True,False,True,True,2,-0.06966756389801865
2021-09-28,1427.949951171875,1455.0,1380.0,1409.5,610851,1364.66364744409,1253.4078155481839,61.44918015768019,64.80205619669299,1525.0999755859375,454255.25,True,False,True,True,2,-0.07579829351287248
2021-09-29,1383.25,1425.5,1350.0,1417.8499755859375,501516,1369.7290120290277,1259.8565277065272,62.36891074859724,65.56619503978635,1525.0999755859375,466617.3,True,False,True,True,2,-0.07032325861705879
2021-09-30,1419.5,1431.75,1395.0,1423.1500244140625,575925,1374.8167274942691,1266.2601942440779,62.9727588651007,63.50789539408733,1525.0999755859375,433655.05,True,False,True,True,2,-0.0668480445898022
2021-10-01,1425.0,1433.0999755859375,1400.050048828125,1423.5999755859375,506283,1379.462751122047,1272.4303817476803,63.02700087917143,61.33232620578199,1514.0,423937.1,True,False,True,True,2,-0.059709395253674025
2021-10-04,1430.0,1433.0,1401.0,1409.8499755859375,366579,1382.3567724995603,1277.819385427612,60.128223779866985,59.23716004822613,1485.0,429364.95,True,False,True,False,1,-0.05060607704650677
2021-10-05,1414.949951171875,1445.0,1405.0,1416.0999755859375,424068,1385.5704108887392,1283.242153669115,61.00612682852322,57.863077187638545,1467.8499755859375,430884.3,True,False,True,False,1,-0.03525564659926661
2021-10-06,1439.449951171875,1439.449951171875,1391.0,1407.8499755859375,90631,1387.6922741932344,1288.1287349207553,59.15460784911583,57.19071104365543,1455.0,435949.25,True,False,True,False,1,-0.032405515061211365
2021-10-07,1410.0,1430.800048828125,1394.0,1425.199951171875,186415,1391.264433905486,1293.5040767345247,61.78158893014547,55.73423517111755,1455.0,435272.85,True,False,True,False,1,-0.02048113321520617
2021-10-08,1420.0,1424.0,1358.0,1394.0999755859375,473089,1391.5344854941004,1297.449013944384,54.95831024121493,56.553214885457365,1455.0,426957.4,True,False,True,True,2,-0.041855686882517174
2021-10-11,1367.0999755859375,1420.0,1345.0,1415.199951171875,121928,1393.7883393681743,1302.0666977572268,58.32150955183521,57.87084239363898,1455.0,438449.95,True,False,True,False,1,-0.027353985448883122
2021-10-12,1415.0,1415.0,1370.0,1406.4000244140625,86876,1394.9894522296875,1306.1582007633774,56.429067490941804,56.96577873494156,1455.0,425931.6,True,False,True,False,1,-0.03340204507624567
2021-10-13,1392.300048828125,1454.0,1385.0,1447.5,193395,1399.9904567792412,1311.7010164197156,62.542435758533806,57.82536596816002,1455.0,416974.1,True,False,True,False,1,-0.005154639175257714
2021-10-14,1430.0,1460.550048828125,1426.0,1452.0,114599,1404.9437466097895,1317.2029373444327,63.15204663610668,56.16284331530038,1455.0,415650.35,True,False,True,False,1,-0.0020618556701030855
2021-10-18,1466.5,1480.0,1430.0,1445.050048828125,731097,1408.763394440107,1322.2165495594795,61.48765685331774,55.72264022135035,1460.550048828125,399266.5,True,False,True,True,2,-0.010612440164194603
2021-10-19,1446.0,1470.0,1390.0,1421.0,72736,1409.9287854458112,1326.0904103610685,55.98862418821257,57.45673734839676,1480.0,394409.25,True,False,True,False,1,-0.039864864864864846
2021-10-20,1430.300048828125,1439.949951171875,1390.0,1403.050048828125,497982,1409.2736676726981,1329.1084353989925,52.23386159594399,56.920538335788066,1480.0,376163.5,True,False,True,True,2,-0.05199321025126691
2021-10-21,1417.050048828125,1473.199951171875,1417.050048828125,1466.8499755859375,904407,1414.7571255691971,1334.5100644259317,61.990790066605314,57.865492907785345,1480.0,381240.75,True,False,True,True,2,-0.008885151631123356
2021-10-22,1460.0,1460.0,1393.550048828125,1429.8499755859375,673481,1416.1945398565058,1338.2488844714221,54.97717916623008,58.96795246850157,1480.0,402461.55,True,False,True,True,2,-0.03388515163112327
2021-10-25,1429.0,1466.300048828125,1400.0,1455.1500244140625,608464,1419.9045860048445,1342.8332429005454,58.4397374926077,59.491673637046105,1480.0,409448.95,True,False,True,True,2,-0.01679052404455239
2021-10-26,1436.300048828125,1470.0,1411.199951171875,1434.050048828125,593252,1421.251772940395,1346.4103725447642,54.66392446445565,59.44227186498031,1480.0,412658.5,True,False,True,True,2,-0.0310472643053209
2021-10-27,1450.0,1483.699951171875,1435.0,1475.0999755859375,711674,1426.3801731923513,1351.457023644418,60.06928238612606,58.74281689917815,1480.0,416678.7,True,False,True,True,2,-0.0033108273067989913
2021-10-28,1475.0999755859375,1480.0,1401.3499755859375,1408.9000244140625,487533,1424.7153971182286,1353.7096903412669,49.76467063817755,60.16476029309847,1483.699951171875,421719.85,True,False,False,True,1,-0.05041445657441257
2021-10-29,1366.6500244140625,1455.0,1360.0,1439.449951171875,189941,1426.1186879804804,1357.0720535110945,53.71100709264433,62.65299170073429,1483.699951171875,421020.7,True,False,True,False,1,-0.029824089409081544
2021-11-01,1374.550048828125,1459.0,1374.550048828125,1434.8499755859375,451961,1426.9502391810001,1360.1221681022648,53.03542067449955,64.20991737724434,1483.699951171875,401721.5,True,False,True,True,2,-0.032924430271332294
2021-11-02,1440.0,1457.0,1410.5,1439.9000244140625,284957,1428.1835520603395,1363.2507114870411,53.72360045819159,62.944923278869744,1483.699951171875,399005.4,True,False,True,False,1,-0.029520744220027706
2021-11-03,1447.0,1465.0,1431.5999755859375,1452.0,163222,1430.45178519745,1366.7310757424514,55.4095588149503,60.834573359954945,1483.699951171875,394924.3,True,False,True,False,1,-0.02136547294945812
2021-11-04,1450.0,1464.0,1430.0,1433.949951171875,9421,1430.7849438616809,1369.3671100730169,52.34584585538902,58.91781811995817,1483.699951171875,381882.0,True,False,True,False,1,-0.03353103837518212
2021-11-08,1415.0,1505.5999755859375,1415.0,1501.5999755859375,396785,1437.5292325973244,1374.552712642151,61.04047879818329,61.180829367528126,1483.699951171875,377821.5,True,True,True,True,2,0.012064450362706092
2021-11-09,1515.0,1576.6500244140625,1506.75,1575.0999755859375,257697,1450.6312081200495,1382.417311188966,67.89435103859071,62.171487900427906,1505.5999755859375,388340.0,True,True,True,False,1,0.046160999685824544
2021-11-10,1580.0,1625.0,1577.050048828125,1611.1500244140625,146069,1465.918714433765,1391.3872215115189,70.62406587943663,61.29495479425895,1576.6500244140625,377570.4,True,True,True,False,1,0.02188183773556296
2021-11-11,1632.0,1664.0,1578.1500244140625,1658.9000244140625,690962,1484.297886812841,1401.8779196645598,73.80142105951764,63.04888485080742,1625.0,378777.45,True,True,True,True,2,0.020861553485576945
2021-11-12,1666.0,1715.0,1643.0,1663.25,177805,1501.340945211618,1412.1278051679105,74.07650532733274,63.688250218606896,1664.0,408981.75,True,False,True,False,1,-0.0004507211538461453
2021-11-15,1680.0,1710.0,1595.550048828125,1646.1500244140625,505509,1515.1322860880412,1421.3051470991322,70.9238695822979,67.3140860009832,1715.0,408202.25,True,False,True,True,2,-0.04014575835914724
2021-11-16,1626.0,1660.0,1626.0,1648.75,703390,1527.857782651085,1430.2245530952448,71.125090168266,64.9345084294844,1715.0,427747.75,True,False,True,True,2,-0.03862973760932942
2021-11-17,1649.0,1660.0,1611.0,1636.199951171875,593192,1538.1760844149699,1438.3020196864852,68.65524158132646,63.7963292559498,1715.0,426362.4,True,False,True,True,2,-0.045947550337099075
2021-11-18,1636.199951171875,1665.0,1600.0,1657.0999755859375,612007,1549.5021692883954,1446.8823316825424,70.49288128313745,63.88230573766768,1715.0,452385.2,True,False,True,True,2,-0.03376094718021139
2021-11-22,1635.0,1660.0,1610.0,1654.550048828125,512279,1559.5067292445601,1455.0261637274673,69.95402402594424,62.89071247069142,1715.0,458086.45,True,False,True,True,2,-0.0352477849398688
2021-11-23,1612.0,1682.0,1612.0,1674.050048828125,534112,1570.4156168239472,1463.615335692199,71.73349988750276,63.39851872278489,1715.0,438480.05,True,False,True,True,2,-0.023877522549198282
2021-11-24,1685.0,1685.0,1631.0,1656.25,69537,1578.5903199835711,1471.1696362532894,67.78690235752987,62.72719595687168,1715.0,431511.6,True,False,True,False,1,-0.034256559766763894
2021-11-25,1670.0,1675.0,1643.050048828125,1670.699951171875,78133,1587.3626658110286,1478.9943544853909,69.26519738713759,60.52882132937192,1715.0,404565.25,True,False,True,False,1,-0.0258309322612974
2021-11-26,1591.25,1659.0,1591.25,1645.5999755859375,802820,1592.909076265782,1485.5279082540399,63.789151764436426,61.88033060383643,1715.0,378809.3,True,False,True,True,2,-0.04046648653881191
2021-11-29,1590.3499755859375,1600.0,1563.3499755859375,1579.5999755859375,560206,1591.6415428677014,1489.2170089337224,52.120605471024604,63.33530698927668,1715.0,383366.6,True,False,True,True,2,-0.0789504515533892
2021-11-30,1556.0,1657.0,1556.0,1599.8499755859375,1393526,1592.4232983646764,1493.5555566455741,54.84956823291076,66.02564220432835,1715.0,387000.25,True,False,True,True,2,-0.06714287137846209
2021-12-01,1620.0,1660.0,1583.8499755859375,1626.0999755859375,472899,1595.6306009571774,1498.7533769961767,58.17731190564908,66.7488123621665,1715.0,447179.5,True,False,True,True,2,-0.051836748929482535
2021-12-02,1640.0,1671.199951171875,1615.0,1657.75,491512,1601.546734199351,1504.9885386826013,61.8302069093259,65.99532227714568,1715.0,448226.4,True,False,True,True,2,-0.0333819241982507
2021-12-03,1665.0,1669.0,1580.0,1592.75,149220,1600.7089499898889,1508.430164616617,51.81993062566881,67.63851354306384,1715.0,458554.15,True,False,True,False,1,-0.07128279883381927
2021-12-06,1592.75,1620.0,1513.1500244140625,1561.050048828125,133876,1596.9319117840066,1510.4936894876566,47.75895743831238,70.43933226041196,1715.0,457854.05,True,False,False,False,0,-0.0897667353771866
2021-12-07,1589.199951171875,1635.0,1545.0,1628.4000244140625,152770,1599.928874891631,1515.117467327908,55.701907827809904,71.83652281323968,1715.0,464076.8,True,False,True,False,1,-0.05049561258655244
2021-12-08,1635.0,1709.0,1630.0,1689.050048828125,169487,1608.4166057427256,1521.938352876936,61.394355447747614,72.46248372557524,1715.0,451876.05,True,False,True,False,1,-0.015131166864067014
2021-12-09,1703.0,1770.0,1672.199951171875,1763.9000244140625,171697,1623.224550378091,1531.427045878392,67.02595331143701,74.2723098043288,1715.0,447465.55,True,True,True,False,1,0.02851313376913267
2021-12-10,1730.0,1840.0,1725.0999755859375,1825.0,243338,1642.4412598658919,1542.939710745906,70.77384145441036,77.17428941930977,1770.0,448746.95,True,True,True,False,1,0.031073446327683607
2021-12-13,1870.0,1870.0,1760.0,1810.0,193942,1658.3992351167592,1553.4126632656744,68.7091098749772,79.51898303221623,1840.0,426365.75,True,False,True,False,1,-0.016304347826086918
2021-12-14,1810.0,1900.5,1770.75,1899.800048828125,183215,1681.389788803556,1566.9964823073392,73.66281530482267,83.10691281562936,1870.0,427172.6,True,True,True,False,1,0.01593585498830219
2021-12-15,1896.0,1950.0,1860.0,1945.25,74682,1706.519332727027,1581.8299535894043,75.75489338882176,83.59927618594155,1900.5,411057.9,True,True,True,False,1,0.023546435148645184
2021-12-16,1975.0,1987.0999755859373,1848.0,1915.699951171875,178662,1726.441296388441,1594.9228946710698,71.7635253886236,87.56361185736982,1950.0,379622.5,True,False,True,False,1,-0.017589768629807656
2021-12-17,1875.0,1977.0,1819.949951171875,1861.5999755859373,390891,1739.3135515501074,1605.3808194128294,65.01022174723548,92.52692878385234,1987.0999755859373,358896.0,True,False,True,True,2,-0.06315736578024655
2021-12-20,1768.550048828125,1789.0,1768.550048828125,1768.550048828125,38154,1742.0979798622996,1611.7796127232332,55.36047398686838,92.56428578199234,1987.0999755859373,347840.2,True,False,True,False,1,-0.10998436386844013
2021-12-21,1680.1500244140625,1818.0,1680.1500244140625,1698.449951171875,104027,1737.9410247489257,1615.1784495251409,49.41018492687376,95.79897791084557,1987.0999755859373,324133.95,True,False,False,False,0,-0.14526195358084482
2021-12-22,1700.0,1781.5,1620.0999755859375,1738.5999755859375,126284,1738.003781971498,1620.0185093706623,52.55558052850558,100.48476694678962,1987.0999755859373,302629.7,True,False,True,False,1,-0.12505661670431278
2021-12-23,1800.0,1800.0,1725.0,1752.300048828125,83150,1739.3653311959388,1625.2060207219354,53.61534241607366,98.66442645059037,1987.0999755859373,305467.05,True,False,True,False,1,-0.11816211043361147
2021-12-24,1720.050048828125,1745.0,1678.0,1712.4000244140625,47720,1736.797206740522,1628.6253934157444,50.10507779877639,96.92411376327142,1987.0999755859373,305717.9,True,False,True,False,1,-0.13824163582452553
2021-12-27,1705.0,1783.0,1665.0,1769.6500244140625,71983,1739.9260465189543,1634.155771101953,54.68904020408261,98.42953420875205,1987.0999755859373,267962.9,True,False,True,False,1,-0.10943080561799878
2021-12-28,1784.0,1798.0,1728.0,1762.050048828125,62275,1742.033094357923,1639.1712329735676,53.98005139429999,96.39885319384119,1987.0999755859373,243551.75,True,False,True,False,1,-0.11325546249450869
2021-12-29,1760.0,1772.0,1730.0,1749.199951171875,239218,1742.7156521497277,1643.486084667619,52.735196973475624,92.51322082285253,1987.0999755859373,176989.2,True,False,True,True,2,-0.11972222200038651
2021-12-30,1726.0,1762.550048828125,1662.0,1682.4000244140625,402881,1736.9713066510928,1645.0121215204208,46.705351795335204,93.08727996608629,1987.0999755859373,165305.15,True,False,False,True,1,-0.1533390140986881
2021-12-31,1701.0,1740.0,1681.0999755859375,1721.800048828125,270997,1735.5264249536674,1648.0234127873898,50.314002058514845,90.64533314094173,1987.0999755859373,160873.6,True,False,True,True,2,-0.13351111167901009
2022-01-03,1685.050048828125,1770.0,1685.050048828125,1743.800048828125,332111,1736.3143891321872,1651.7793592987912,52.25790054028166,90.23852014315125,1987.0999755859373,166962.45,True,False,True,True,2,-0.1224397009446242
2022-01-04,1752.0,1769.9000244140625,1715.0,1753.949951171875,431313,1737.9939664693002,1655.7860491761671,53.16824111270182,87.71434187678777,1987.0999755859373,176874.2,True,False,True,True,2,-0.11733180377364416
2022-01-05,1725.0,1774.9000244140625,1725.0,1771.699951171875,368312,1741.2040602504978,1660.331692391685,54.79170160247554,85.01331920087883,1987.0999755859373,190801.35,True,False,True,True,2,-0.10839918829476469
2022-01-06,1760.0,1800.0,1731.699951171875,1798.5,272343,1746.660816417117,1665.7500573959326,57.203975372544484,83.81951417425356,1987.0999755859373,200742.6,True,False,True,True,2,-0.094912172463957
2022-01-07,1801.0,1820.0,1765.0,1787.800048828125,53569,1750.5788385514986,1670.536331569744,55.921011734364335,81.76097744752116,1987.0999755859373,205774.9,True,False,True,False,1,-0.10029687947585253
2022-01-10,1790.0999755859375,1809.800048828125,1750.0,1763.3499755859375,53429,1751.7951373166832,1674.176082315477,52.99608509789619,80.19233968899287,1987.0999755859373,196286.45,True,False,True,False,1,-0.11260127962812871
2022-01-11,1790.0,1798.6500244140625,1740.25,1779.949951171875,178094,1754.4765481600348,1678.324077172591,54.7274433699484,78.63574574078356,1987.0999755859373,189260.8,True,False,True,False,1,-0.10424740926936993
2022-01-12,1800.0,1805.0,1765.0,1796.699951171875,121926,1758.4978246373528,1682.9662683098177,56.46979448608501,75.87604961644189,1987.0999755859373,189004.75,True,False,True,False,1,-0.09581803973296255
2022-01-13,1800.0,1833.0,1775.0,1821.25,108499,1764.4742222909383,1688.3891597486486,58.96267754526649,74.59918892955318,1987.0999755859373,191366.95,True,False,True,False,1,-0.0834633272727171
2022-01-14,1828.0,1828.0,1785.0,1805.8499755859373,151881,1768.4147702237954,1692.9954662520718,56.76655066839758,72.34210400601367,1977.0,187858.8,True,False,True,False,1,-0.08657057380579802
2022-01-17,1840.0,1840.0,1776.199951171875,1798.800048828125,198010,1771.3086062813504,1697.1446655687798,55.74297893723612,71.73195720759306,1833.0,175908.3,True,False,True,True,2,-0.0186579111685079
2022-01-18,1798.800048828125,1822.0,1780.0,1815.449951171875,75764,1775.5125438899718,1701.784088533607,57.6836235806686,69.60824597847927,1840.0,183901.1,True,False,True,False,1,-0.013342417841372245
2022-01-19,1818.0,1820.0,1761.0,1794.9000244140625,40542,1777.3589706065518,1705.4356938622525,54.50676751927847,68.8505141228736,1840.0,182487.95,True,False,True,False,1,-0.02451085629670513
2022-01-20,1780.050048828125,1810.0,1765.0,1803.699951171875,64946,1779.8676354222969,1709.2891941489042,55.63358304641825,67.14690597123978,1840.0,178200.85,True,False,True,False,1,-0.019728287406589717
2022-01-21,1804.0,1890.0,1745.0,1827.300048828125,287544,1784.385008127614,1713.9170708029912,58.595500759193555,72.70784125900836,1840.0,177290.65,True,False,True,True,2,-0.006902147376019019
2022-01-24,1844.9000244140625,1844.9000244140625,1735.949951171875,1781.1500244140625,223551,1784.076914440609,1716.5536572191118,51.37287194546594,75.29657211494974,1890.0,189281.85,True,False,True,True,2,-0.05759257967509923
2022-01-25,1750.0,1848.9000244140625,1700.0,1825.199951171875,231199,1787.9933941293011,1720.8142961976516,56.841242076226706,80.55396156488636,1890.0,196860.25,True,False,True,True,2,-0.03428574012070107
2022-01-27,1839.0,1850.050048828125,1780.0,1830.75,288688,1792.0654518312724,1725.125500268332,57.4898881977793,79.80368208368913,1890.0,205306.45,True,False,True,True,2,-0.03134920634920635
2022-01-28,1835.0,1864.949951171875,1810.1500244140625,1830.9000244140625,250657,1795.763982553443,1729.2735208230665,57.50847869420662,78.01769956041223,1890.0,207779.95,True,False,True,True,2,-0.03126982835234793
2022-01-31,1847.0,1888.0,1802.0,1821.25,178616,1798.191222310258,1732.8804415751033,55.81756748858466,78.58786387752563,1890.0,200168.75,True,False,True,False,1,-0.036375661375661394
2022-02-01,1830.0,1880.0,1830.0,1864.6500244140625,349743,1804.5206320344298,1738.047876196239,61.32518101529331,77.17087360055952,1890.0,195549.7,True,False,True,True,2,-0.013412685495205023
2022-02-02,1880.0,1880.0,1861.0,1877.0999755859373,280986,1811.4329504679067,1743.5008997017173,62.75932812031462,73.01581120051956,1890.0,196431.3,True,False,True,True,2,-0.006825409742890365
2022-02-03,1845.0,1869.949951171875,1783.25,1851.6500244140625,258851,1815.2631479865884,1747.7420418472996,58.022719715190426,74.50396579947798,1890.0,188914.95,True,False,True,True,2,-0.02029099237351195
2022-02-04,1868.0,1870.0,1830.0,1851.0999755859373,235782,1818.6761791865263,1751.7952941507756,57.92097215314678,72.03939681380099,1890.0,183441.9,True,False,True,True,2,-0.02058202349950411
2022-02-07,1876.0,1879.0,1801.0,1820.1500244140625,76636,1818.8165453986726,1754.4758718081596,52.35747312526371,72.46515418424377,1890.0,181613.85,True,False,True,False,1,-0.03695765904017856
2022-02-08,1820.1500244140625,1835.0,1780.0,1809.050048828125,81276,1817.8864028681444,1756.6160356128642,50.48456060264153,71.21764317108351,1890.0,182767.2,True,False,True,False,1,-0.04283066199570107
2022-02-09,1805.0,1821.0,1750.0,1765.0,255476,1812.8496025949878,1756.9448185300068,43.78999014949635,71.20209723029183,1890.0,184159.55,True,False,False,True,1,-0.06613756613756616
2022-02-10,1769.0,1830.0,1676.75,1810.550048828125,347972,1812.6305974743343,1759.0469844240506,51.02248333114638,77.06266171384242,1890.0,188028.65,True,False,True,True,2,-0.04203701120205028
2022-02-11,1796.9000244140625,1799.0,1731.0,1790.300048828125,292368,1810.5038785556476,1760.2725947928377,48.061778751744214,77.24033222200546,1890.0,199330.95,True,False,False,True,1,-0.052751296916335955
2022-02-14,1713.300048828125,1755.0,1700.800048828125,1712.300048828125,153454,1801.151132867312,1758.391318480496,38.73742935656708,78.1160227775765,1890.0,208524.4,True,False,False,False,0,-0.0940211381861773
2022-02-15,1626.699951171875,1749.0,1626.699951171875,1737.699951171875,98405,1795.1081631820323,1757.5798923115306,42.63999323341253,81.27202463832997,1890.0,208603.05,True,False,False,False,0,-0.08058203641699735
2022-02-16,1728.0,1760.0,1675.0,1686.3499755859375,92227,1784.7502405538328,1754.7865622438603,37.44650689265553,81.53830859273496,1890.0,203622.8,True,False,False,False,0,-0.10775133566881612
2022-02-17,1709.0,1747.9000244140625,1681.0,1726.8499755859375,145965,1779.2359296045095,1753.6910098259027,43.311118064246976,80.49271686568694,1890.0,204445.95,True,False,False,False,0,-0.08632276424024465
2022-02-18,1697.0,1726.8499755859375,1650.0,1665.199951171875,61173,1768.375360229973,1750.2207722316273,37.541325814207184,80.23252105999056,1890.0,209717.1,True,False,False,False,0,-0.11894182477678572
2022-02-21,1675.0,1675.0,1581.949951171875,1591.0999755859375,65240,1751.4919902638744,1743.9807409906198,32.019910776563364,81.14805875771445,1890.0,209528.45,True,False,False,False,0,-0.15814816106564156
2022-02-22,1545.0,1598.0,1511.550048828125,1587.5,80783,1735.8737054768387,1737.8442413439288,31.775400009551944,81.52676535872592,1888.0,198413.25,False,False,False,False,0,-0.15916313559322037
2022-02-23,1595.0,1666.8499755859375,1580.0,1641.800048828125,104403,1726.9143096055325,1734.0778024217404,39.30413983191178,81.90699466066961,1888.0,191274.85,False,False,False,False,0,-0.13040251651052703
2022-02-24,1561.0,1614.5,1559.75,1565.050048828125,133530,1711.4986657219697,1727.4492630651282,33.65153062936096,81.91721281548786,1888.0,184935.05,False,False,False,False,0,-0.17105399956137446
2022-02-25,1566.25,1625.0,1550.0,1573.199951171875,101266,1698.3273595743417,1721.4002704418633,34.72506466823171,81.42312618581016,1888.0,177177.15,False,False,False,False,0,-0.16673731399794756
2022-02-28,1524.699951171875,1604.949951171875,1510.300048828125,1588.5,305348,1687.867611043452,1716.1884951304178,36.79271521648262,82.3678959113773,1888.0,169707.6,False,False,False,True,1,-0.1586334745762712
2022-03-02,1592.0,1667.9000244140625,1550.300048828125,1667.9000244140625,123179,1685.9659361263673,1714.2948296121294,46.29927422926401,84.88447303098874,1880.0,176044.2,False,False,False,False,0,-0.11281913594996673
2022-03-03,1735.0,1751.25,1701.300048828125,1751.25,134848,1692.183466019094,1715.7440519802813,54.103123445529945,84.77486607062794,1880.0,164716.0,False,False,True,False,1,-0.06848404255319152
2022-03-04,1769.949951171875,1838.0,1733.0,1805.199951171875,307022,1702.9469407955494,1719.2521264583831,58.3247268514971,86.21951849415451,1879.0,157409.1,False,False,True,True,2,-0.0392762367366285
2022-03-07,1769.0999755859375,1789.800048828125,1714.949951171875,1714.949951171875,162241,1704.0900846409138,1719.0834137020497,50.033872991142495,86.50741003028634,1879.0,159817.65,False,False,True,True,2,-0.08730710421933208
2022-03-08,1692.0,1755.050048828125,1629.25,1629.6500244140625,263876,1697.0005550954995,1715.576221965266,43.70961397514353,89.31402708727481,1879.0,156140.6,False,False,False,True,1,-0.13270355273333556
2022-03-09,1650.0,1695.4000244140625,1601.0,1615.3499755859375,169156,1689.2243094279222,1711.6457809307826,42.73440709821794,89.6773126106168,1838.0,165502.6,False,False,False,True,1,-0.12113711883246059
2022-03-10,1644.9000244140625,1696.0999755859375,1622.050048828125,1696.050048828125,358381,1689.874379846989,1711.0341835934237,49.57213004911039,89.03964742414416,1838.0,169896.6,False,False,False,True,1,-0.07723065896184711
2022-03-11,1686.1500244140625,1714.0,1649.25,1661.8499755859375,135449,1687.2053889649842,1709.1053911225417,47.01030986496916,87.30467260813387,1838.0,175041.85,False,False,False,False,0,-0.09583788052995779
2022-03-14,1664.9000244140625,1677.300048828125,1642.050048828125,1650.3499755859375,277776,1683.6953495955513,1706.80125717993,46.14672029030741,83.58648170755288,1838.0,164415.7,False,False,False,True,1,-0.10209468140046929
2022-03-15,1655.0,1673.0,1610.0,1624.4000244140625,242931,1678.048175768743,1703.5698362871508,44.17470045758643,82.11601872844196,1838.0,163686.1,False,False,False,True,1,-0.11621326201628812
2022-03-16,1631.0,1696.9000244140625,1631.0,1685.0999755859375,308775,1678.719775751333,1702.8455280243581,49.6001548830311,81.42916024783896,1838.0,168159.95,False,False,False,True,1,-0.0831882613787065
2022-03-17,1701.25,1769.3499755859375,1682.25,1766.800048828125,706012,1687.108373187218,1705.3535484480353,55.82339027854082,81.83421848627457,1838.0,178678.45,False,False,True,True,2,-0.03873773186717899
2022-03-21,1810.199951171875,1836.9000244140625,1790.6500244140625,1814.1500244140625,157858,1699.207578065965,1709.6200769172913,58.98434770435689,80.99605827910763,1838.0,209367.7,False,False,True,False,1,-0.012976047652849543
2022-03-22,1845.449951171875,1904.8499755859373,1805.0,1883.949951171875,334089,1716.8020897903375,1716.4565425743338,63.16813731164975,82.3427666581669,1838.0,209962.35,True,True,True,True,2,0.024999973434099543
2022-03-23,1889.0,1914.0,1845.0,1898.0,411440,1734.0590336198293,1723.5758938459287,63.96494399003234,81.38971189686926,1904.8499755859373,223608.15,True,False,True,True,2,-0.003596070910429683
2022-03-24,1910.0,1992.9000244140625,1855.0,1979.75,294149,1757.4581732750837,1733.6219372245198,68.26664205595966,85.42616279095449,1914.0,240918.15,True,True,True,True,2,0.03435214211076287
2022-03-25,2015.0,2069.0,1977.75,2054.60009765625,205342,1785.7574041685282,1746.2093160649797,71.60853008066059,85.84215116302917,1992.9000244140625,251586.45,True,True,True,False,1,0.030959944044522736
2022-03-28,2095.0,2221.949951171875,2080.0,2141.199951171875,370493,1819.6090753117041,1761.699144892701,74.90180389787264,91.66412990250029,2069.0,256633.4,True,True,True,True,2,0.03489606146538193
2022-03-29,2179.0,2190.0,2090.0,2180.800048828125,239910,1854.0082156466015,1778.1344744587961,76.25799573179346,92.25954919517883,2221.949951171875,268481.55,True,False,True,False,1,-0.0185197251279432
2022-03-30,2179.0,2242.89990234375,2070.0,2124.64990234375,233133,1879.7836143796633,1791.72331476801,70.4453943428058,98.01957442007678,2221.949951171875,275413.75,True,False,True,False,1,-0.043790387257286345
2022-03-31,2100.0,2208.949951171875,2096.0,2149.800048828125,241990,1905.499465279517,1805.7655396331127,71.4934960349156,99.08602990234809,2242.89990234375,271803.0,True,False,True,False,1,-0.04150869747612851
2022-04-01,2178.550048828125,2281.0,2155.64990234375,2249.5,239883,1938.261420967182,1823.1668910200494,75.24181220182508,101.37988142160002,2242.89990234375,277743.55,True,True,True,False,1,0.002942662599143775
2022-04-04,2280.0,2382.0,2268.0,2369.800048828125,274461,1979.3603379063195,1844.6034854438956,78.85475098226141,103.60274703434287,2281.0,282995.3,True,True,True,False,1,0.038930315137275295
2022-04-05,2366.800048828125,2485.0,2310.0,2468.14990234375,267152,2025.9117249955984,1869.056286106635,81.26217960091113,108.70255081760409,2382.0,281367.25,True,True,True,False,1,0.03616704548436189
2022-04-06,2489.949951171875,2560.0,2468.14990234375,2536.949951171875,343764,2074.582032250482,1895.248194540566,82.74238223605056,107.49880416322165,2485.0,286612.8,True,True,True,True,2,0.02090541294642856
2022-04-07,2530.0,2600.0,2303.0,2362.699951171875,506677,2102.0218340525194,1913.579635977088,68.07483703892547,121.03460386584867,2560.0,290607.2,True,False,True,True,2,-0.0770703315734863
2022-04-08,2399.800048828125,2450.0,2378.85009765625,2427.10009765625,159992,2132.981668681446,1933.7176932978396,70.17886874810263,118.62499279172555,2600.0,307483.25,True,False,True,False,1,-0.06649996243990386
2022-04-11,2469.0,2669.800048828125,2469.0,2665.0,553146,2183.650081187975,1962.3954308155714,76.37344554343899,127.48748981887908,2600.0,297563.8,True,True,True,True,2,0.02499999999999991
2022-04-12,2700.0,2740.0,2454.050048828125,2502.050048828125,804605,2213.973887629894,1983.5583570121423,66.22591942511593,138.8062370583788,2669.800048828125,318448.65,True,False,True,True,2,-0.06283242075511675
2022-04-13,2545.0,2569.949951171875,2465.449951171875,2500.85009765625,213500,2241.2954314419276,2003.8443076256367,66.1562114538698,136.3557915542089,2740.0,344790.1,True,False,True,False,1,-0.08728098625684311
2022-04-18,2482.5,2520.050048828125,2322.699951171875,2495.0,288489,2265.457771304601,2023.1053151697295,65.79261817943444,140.7125277043547,2740.0,343318.55,True,False,True,False,1,-0.08941605839416056
2022-04-19,2522.0,2552.0,2300.0,2369.39990234375,420809,2275.357021879758,2036.6854950589068,58.37470936341786,148.66163286832938,2740.0,342304.25,True,False,True,True,2,-0.13525551009352188
2022-04-20,2421.0,2500.0,2415.0,2478.39990234375,290667,2294.694439066805,2054.0076286779204,62.342733600468534,147.37152321032372,2740.0,328044.1,True,False,True,False,1,-0.0954744881957117
2022-04-21,2509.0,2530.0,2415.199951171875,2443.35009765625,292017,2308.8521208372285,2069.275960794718,60.35049361854031,145.04498932588098,2740.0,334684.55,True,False,True,False,1,-0.10826638771669705
2022-04-22,2420.0,2480.0,2393.0,2413.0,197099,2318.770966471778,2082.7553348811994,58.60409668357955,140.89891865974664,2740.0,332580.95,True,False,True,False,1,-0.11934306569343067
2022-04-25,2419.0,2474.75,2400.0,2420.0,268339,2328.411826807799,2095.9806158662504,58.89951114525513,136.1739958983362,2740.0,321863.9,True,False,True,False,1,-0.11678832116788318
2022-04-26,2478.14990234375,2595.0,2430.0,2562.5,702985,2350.70593854039,2114.2754936754172,64.45978239151711,138.9472819055979,2740.0,320573.4,True,False,True,True,2,-0.06478102189781021
2022-04-27,2573.050048828125,2580.0,2448.64990234375,2503.0,345199,2365.2101348698766,2129.519591962656,60.76339238182521,138.40462588778732,2740.0,345455.55,True,False,True,False,1,-0.0864963503649635
2022-04-28,2553.0,2628.0,2532.10009765625,2562.60009765625,465693,2384.0091789447692,2146.503141205542,63.04913958625308,137.4471526100882,2740.0,344190.85,True,False,True,True,2,-0.06474448990647808
2022-04-29,2599.39990234375,2609.699951171875,2373.699951171875,2450.949951171875,659458,2390.384490585446,2158.442231792457,56.41850179853435,144.48664170936763,2740.0,355480.0,True,False,True,True,2,-0.10549271855041054
2022-05-02,2451.0,2520.0,2442.14990234375,2488.199951171875,305245,2399.7002487365344,2171.3739070622382,58.00530206624064,139.7268885627164,2740.0,376796.25,True,False,True,False,1,-0.09189782803946167
2022-05-04,2450.0,2504.949951171875,2434.050048828125,2447.050048828125,310199,2404.209753507162,2182.1847361510963,55.59706524795206,134.81067526136164,2740.0,379959.0,True,False,True,False,1,-0.10691604057367698
2022-05-05,2375.050048828125,2495.0,2361.050048828125,2450.5,416552,2408.6183484112416,2192.7069033608573,55.762889129743634,134.74919496925546,2740.0,383474.8,True,False,True,True,2,-0.1056569343065693
2022-05-06,2375.0,2476.0,2370.14990234375,2437.64990234375,359823,2411.383258309576,2202.312511164108,54.93988631276417,132.6849737326122,2740.0,390579.35,True,False,True,False,1,-0.11034675096943436
2022-05-09,2400.0,2423.39990234375,2300.0,2375.25,305943,2407.941995613426,2209.094373471398,51.00332761316719,133.0396114905506,2740.0,395212.9,True,False,True,False,1,-0.13312043795620443
2022-05-10,2376.14990234375,2438.0,2301.0,2360.64990234375,469693,2403.4379867305997,2215.0377275448236,50.098818405061195,133.3224963840827,2740.0,393321.85,True,False,True,True,2,-0.13844894075045622
2022-05-11,2345.0,2454.0,2236.050048828125,2355.050048828125,508758,2398.829611692269,2220.5284068108353,49.73450273631756,139.36731458321074,2740.0,391472.65,True,False,False,True,1,-0.1404926829094434
2022-05-12,2362.5,2398.0,2166.050048828125,2294.10009765625,602564,2388.8553722602674,2223.413571157714,45.82821120764315,145.9803600538296,2740.0,408910.95,True,False,False,True,1,-0.16273719063640513
2022-05-13,2311.0,2490.0,2311.0,2369.10009765625,554235,2386.973917536075,2229.1267682753037,50.93503581771063,149.5460416459668,2740.0,411381.85,True,False,True,True,2,-0.1353649278626825
2022-05-16,2340.0,2424.800048828125,2312.35009765625,2388.550048828125,154088,2387.124025278175,2235.3786616303164,52.193685768594314,146.8963208978174,2628.0,398863.35,True,False,True,False,1,-0.09111489770619297
2022-05-17,2414.14990234375,2518.0,2385.14990234375,2500.5,371040,2397.921737156444,2245.7755768605,58.75244598199961,145.89301923770543,2628.0,395892.75,True,False,True,False,1,-0.04851598173515981
2022-05-18,2543.0,2561.949951171875,2460.0,2485.699951171875,412949,2406.2815670626755,2255.1843758531036,57.62684297992147,142.7542286615747,2628.0,400020.3,True,False,True,True,2,-0.05414765937143262
2022-05-19,2419.0,2449.89990234375,2350.0,2378.5,210243,2403.635703532897,2260.020282682394,50.13458327526915,142.2503516980247,2628.0,399627.3,True,False,True,False,1,-0.09493911719939119
2022-05-20,2449.800048828125,2460.0,2355.800048828125,2380.35009765625,444435,2401.4180267827405,2264.7390989558785,50.254788687975456,139.53246594615686,2628.0,395606.1,True,False,True,True,2,-0.09423512265743916
2022-05-23,2400.0,2434.699951171875,2311.199951171875,2331.60009765625,292937,2394.7687001992654,2267.3610989049125,47.037198914472576,138.38728980714566,2628.0,403227.0,True,False,False,False,0,-0.1127853509679414
2022-05-24,2377.0,2394.949951171875,2290.0,2328.25,295781,2388.4335858945738,2269.7488989478575,46.81537454568155,135.9989084760549,2628.0,408018.9,True,False,False,False,0,-0.11406012176560121
2022-05-25,2315.0,2328.0,2185.699951171875,2216.949951171875,304532,2372.101811159079,2267.6783519762507,40.05664663149409,136.46684707263134,2628.0,409391.0,True,False,False,False,0,-0.15641173851907342
2022-05-26,2230.0,2438.60009765625,2145.0,2391.35009765625,365372,2373.9349813016665,2272.5282243558586,51.799294330846216,147.69065068574696,2628.0,389468.35,True,False,True,False,1,-0.0900494301155822
2022-05-27,2440.0,2485.75,2360.0,2456.449951171875,308232,2381.793549860734,2279.7408410937414,55.317943742514835,146.12346135105076,2628.0,390477.0,True,False,True,False,1,-0.06527779635773401
2022-05-30,2468.0,2610.0,2465.050048828125,2589.5,357491,2401.575116540664,2291.8882590900653,61.50331343543442,146.6539318851275,2609.699951171875,382603.95,True,False,True,False,1,-0.0077403347318929505
2022-05-31,2580.0,2624.0,2335.89990234375,2397.89990234375,1523242,2401.225096140958,2296.045578433347,50.63321686512364,156.75722944020768,2610.0,367505.6,True,False,True,True,2,-0.08126440523227974
2022-06-01,2380.89990234375,2458.60009765625,2276.0,2325.89990234375,705859,2394.051268160272,2297.216336233755,47.25342733522251,158.60314859849643,2624.0,428405.45,True,False,False,True,1,-0.11360522014338792
2022-06-02,2330.0,2495.25,2295.14990234375,2445.85009765625,487748,2398.9844900170315,2303.0451111915,52.894699595406664,161.567216388336,2624.0,448188.45,True,False,True,True,2,-0.06789249327124613
2022-06-03,2467.0,2467.0,2353.10009765625,2390.449951171875,388286,2398.1716767936837,2306.472751975044,50.223043935890466,158.16240824229413,2624.0,451748.25,True,False,True,False,1,-0.089005353974133
2022-06-06,2379.0,2511.199951171875,2284.0,2480.10009765625,266574,2405.9743835424997,2313.281667491954,54.250062286770465,163.0936613086928,2624.0,453171.4,True,False,True,False,1,-0.054839901807831604
2022-06-07,2480.0,2585.60009765625,2401.0,2498.949951171875,430802,2414.8291995072022,2320.5627766558728,55.07306957243573,164.62983533351832,2624.0,451202.95,True,False,True,False,1,-0.04765626860827932
2022-06-08,2480.14990234375,2524.89990234375,2426.199951171875,2447.35009765625,268958,2417.9264279023496,2325.534828459809,52.299519298861206,159.92055789340094,2624.0,449258.4,True,False,True,False,1,-0.0673208469297828
2022-06-09,2429.0,2515.0,2411.300048828125,2498.050048828125,281257,2425.5572489428996,2332.300131219351,54.71284297129672,155.9048002704348,2624.0,437268.4,True,False,True,False,1,-0.047999219196598664
2022-06-10,2430.0,2485.0,2370.89990234375,2398.300048828125,318811,2422.961325122445,2334.88836328244,49.41563257065559,153.8508964285734,2624.0,421203.05,True,False,False,False,0,-0.0860137009039158
2022-06-13,2335.10009765625,2407.449951171875,2321.300048828125,2337.550048828125,287801,2414.8269178563196,2334.9927431077613,46.46508425083056,149.0151111368003,2624.0,409431.85,True,False,False,False,0,-0.10916537773318402
2022-06-14,2325.0,2400.0,2302.0,2374.699951171875,268064,2411.005301981611,2336.5498885220404,48.49053410916704,145.37117462702886,2624.0,416117.5,True,False,False,False,0,-0.09500764055949884
2022-06-15,2383.699951171875,2419.949951171875,2332.0,2351.800048828125,311850,2405.366706443184,2337.14793402424,47.302499480394246,141.26965866594645,2624.0,410968.7,True,False,False,False,0,-0.10373473748928164
2022-06-16,2375.0,2410.0,2241.89990234375,2376.5,478333,2402.617496305738,2338.691152297799,48.760717038813944,143.18611859382528,2624.0,405913.75,True,False,False,True,1,-0.09432164634146345
2022-06-17,2330.0,2353.25,2062.25,2149.050048828125,1100784,2378.4682155935843,2331.2542462793804,38.26127574377414,155.4049672656949,2624.0,419318.25,True,False,False,True,1,-0.18100226797708652
2022-06-20,2152.0,2177.0,1948.0,1989.199951171875,559207,2341.3950475534216,2317.840352353596,32.89962208492081,160.66175531814525,2624.0,452135.7,True,False,False,True,1,-0.24192075031559646
2022-06-21,2000.5,2387.0,1980.1500244140625,2382.89990234375,1049282,2345.347890866786,2320.3917072551703,51.081830945544155,178.24662819441613,2624.0,465449.2,True,False,True,True,2,-0.09188265916777816
2022-06-22,2380.0,2458.800048828125,2231.0,2270.800048828125,1629448,2338.248096386914,2318.4469363364624,47.16307550345134,181.78615823968104,2624.0,503124.25,True,False,False,True,1,-0.13460363992830604
2022-06-23,2290.0,2320.0,2195.85009765625,2264.64990234375,703032,2331.2387445732793,2316.3372487289053,46.95026900345995,177.66928281854314,2624.0,569370.05,True,False,False,True,1,-0.1369474457531441
2022-06-24,2284.89990234375,2335.0,2265.0,2291.60009765625,323814,2327.463635343086,2315.367164373115,48.0563236773655,170.0036267355222,2624.0,586253.05,True,False,False,False,0,-0.126676792051734
2022-06-27,2301.949951171875,2319.85009765625,2262.199951171875,2289.800048828125,200440,2323.876627103566,2314.3645323909586,47.98436218056782,161.97837814615454,2624.0,587032.15,True,False,False,False,0,-0.1273627862697695
2022-06-28,2285.0,2410.0,2230.0,2394.39990234375,474019,2330.5931295073933,2317.5031743498917,52.441060899753346,163.26563685000065,2624.0,579179.6,True,False,True,False,1,-0.08750003721655863
2022-06-29,2350.0,2464.0,2330.75,2347.699951171875,535713,2332.2223506182963,2318.687361676244,50.36620192531116,161.12166278928632,2585.60009765625,526718.45,True,False,True,True,2,-0.09200964476294016
2022-06-30,2424.0,2445.0,2371.550048828125,2392.89990234375,627112,2338.0011650683396,2321.597657388695,52.332049394640734,156.5629760777748,2585.60009765625,518211.15,True,False,True,True,2,-0.07452822866427622
2022-07-01,2392.550048828125,2442.949951171875,2370.0,2389.0,436503,2342.858196966593,2324.240886510707,52.14016257754818,150.59061715592483,2585.60009765625,525179.35,True,False,True,False,1,-0.07603654479842437
2022-07-04,2405.60009765625,2429.89990234375,2377.0,2396.800048828125,322319,2347.995516191501,2327.086343856488,52.51518772842573,143.6127089550552,2585.60009765625,527590.2,True,False,True,False,1,-0.07301981810693203
2022-07-05,2400.050048828125,2434.800048828125,2362.449951171875,2410.449951171875,355962,2353.943557618203,2330.3555049276797,53.206213541433264,138.522522433712,2585.60009765625,530377.45,True,False,True,False,1,-0.06774061721421731
2022-07-06,2426.800048828125,2487.800048828125,2410.449951171875,2475.35009765625,257988,2365.506085240874,2336.0415673876237,56.45122548471028,134.15306352103613,2524.89990234375,526635.45,True,False,True,False,1,-0.019624462990198266
2022-07-07,2499.85009765625,2546.0,2465.050048828125,2485.75,160658,2376.9578866465054,2341.9124863135994,56.966223831536006,130.35284121038177,2515.0,526086.95,True,False,True,False,1,-0.011630218687872729
2022-07-08,2490.0,2564.0,2470.5,2540.800048828125,230639,2392.561902092374,2349.711998569071,59.68403973623891,127.72049540964022,2546.0,520057.0,True,False,True,False,1,-0.0020424003031715987
2022-07-11,2550.0,2775.0,2502.14990234375,2716.64990234375,974385,2423.4274259258386,2364.1017202857256,66.87974323644357,138.08689557011235,2564.0,515648.4,True,True,True,True,2,0.05953584334779638
2022-07-12,2690.0,2844.949951171875,2685.050048828125,2797.550048828125,931697,2459.0581519165326,2381.099693954055,69.57054899792683,139.64496748251503,2775.0,549977.6,True,True,True,True,2,0.008126143721846946
2022-07-13,2830.0,2867.5,2646.0,2672.10009765625,715239,2479.347861034601,2392.5114744913963,61.259295581196874,145.49175551947826,2844.949951171875,583159.25,True,False,True,True,2,-0.06075672911026986
2022-07-14,2689.0,2832.0,2601.0,2764.85009765625,592269,2506.5385502366626,2407.112989125312,64.62421936089595,151.59948726808696,2867.5,603328.7,True,False,True,False,1,-0.0357976991608544
2022-07-15,2800.0,2847.64990234375,2731.050048828125,2807.699951171875,572560,2535.2205884209684,2422.8222817545893,66.0896332763918,149.0995134286254,2867.5,609025.5,True,False,True,False,1,-0.02085441981800351
2022-07-18,2832.0,2859.89990234375,2767.60009765625,2832.800048828125,461187,2563.5614894121263,2438.899841247669,66.9531971805876,145.04239137568786,2867.5,582614.3,True,False,True,False,1,-0.012101116363339104
2022-07-19,2817.0,2847.0,2765.10009765625,2832.35009765625,456761,2589.160404482995,2454.3292630676137,66.92029728530176,140.53221358769233,2867.5,577713.3,True,False,True,False,1,-0.012258030459895375
2022-07-20,2849.85009765625,2860.449951171875,2728.10009765625,2779.949951171875,341959,2607.3308375009838,2467.0987018168007,63.035568814485934,139.94775929683038,2867.5,548087.25,True,False,True,False,1,-0.03053183917284219
2022-07-21,2785.0,2893.0,2741.050048828125,2876.60009765625,737814,2632.9755289443424,2483.1575800850146,66.85718366533072,140.80505871647645,2867.5,483712.8,True,True,True,True,2,0.0031735301329556265
2022-07-22,2878.85009765625,2889.699951171875,2816.10009765625,2874.199951171875,339750,2655.9492834422026,2498.4925750295974,66.67283850167162,136.00468691641564,2893.0,485451.9,True,False,True,False,1,-0.0064984613992827844
2022-07-25,2860.0,2924.199951171875,2836.85009765625,2878.85009765625,363143,2677.1779324149693,2513.408556309074,66.8634741923162,132.52934167350202,2893.0,486248.7,True,False,True,False,1,-0.004891082732025542
2022-07-26,2890.0,2912.0,2841.5,2898.199951171875,230808,2698.2276484870554,2528.4984149311445,67.69163857729754,128.09867441110902,2924.199951171875,494383.85,True,False,True,False,1,-0.008891320851565077
2022-07-27,2908.0,2977.949951171875,2885.0,2960.10009765625,310009,2723.167881741265,2545.4239711164428,70.25289446426603,125.5880513225923,2924.199951171875,482223.3,True,True,True,False,1,0.012276912346567803
2022-07-28,2977.0,3018.0,2958.300048828125,3005.89990234375,258796,2750.0947408462634,2563.481850772416,72.02030578911663,120.88175845468393,2977.949951171875,470938.1,True,True,True,False,1,0.009385634960344502
2022-07-29,3035.0,3158.0,3014.0,3127.199951171875,457762,2786.009522782036,2585.588442944944,76.07475086142605,123.11163982622436,3018.0,452522.3,True,True,True,True,2,0.03618288640552514
2022-08-01,3144.0,3232.300048828125,3080.0,3217.64990234375,495733,2827.118130359342,2610.3751668429363,78.56860445430637,125.19652618350298,3158.0,453585.25,True,True,True,True,2,0.018888506125316562
2022-08-02,3210.0,3265.550048828125,3173.199951171875,3248.85009765625,500363,2867.283079625714,2635.4133994238505,79.36751770652927,122.85035271727062,3232.300048828125,462255.95,True,True,True,True,2,0.005120208080349853
2022-08-03,3240.0,3299.0,2811.0,3269.949951171875,336678,2905.6323054872532,2660.2971857669104,79.91286600310002,148.9324703803227,3265.550048828125,469476.0,True,True,True,False,1,0.0013473694409702475
2022-08-04,3284.85009765625,3389.0,3180.0,3349.64990234375,672043,2947.919695664062,2687.3306256326687,81.86294639256627,153.22300821029967,3299.0,473410.5,True,True,True,True,2,0.015353107712564373
2022-08-05,3365.89990234375,3378.800048828125,3302.550048828125,3347.39990234375,502620,2985.965429633556,2713.2156953076133,81.62203844857652,147.72493619527827,3389.0,498979.75,True,False,True,True,2,-0.012275036192460953
2022-08-08,3363.949951171875,3474.0,3287.25,3365.0,514366,3022.063960144646,2738.7758641190794,82.06661171543341,150.5124407527584,3389.0,512578.8,True,False,True,True,2,-0.007081735025081137
2022-08-10,3388.0,3390.0,3271.0,3351.39990234375,551856,3053.429287973132,2762.8003362063214,80.44715871615624,148.26155212756137,3474.0,489577.85,True,False,True,True,2,-0.035290759256260795
2022-08-11,3362.0,3399.300048828125,3309.0,3352.300048828125,473134,3081.8931699593218,2785.917971995412,80.47462229528334,144.12144474903022,3474.0,470585.8,True,False,True,True,2,-0.03503164973283679
2022-08-12,3347.0,3439.800048828125,3338.35009765625,3425.39990234375,453978,3114.608096853077,2810.99569475417,82.61070137244742,141.07348092209057,3474.0,458480.55,True,False,True,False,1,-0.013989665416306862
2022-08-16,3438.300048828125,3498.0,3415.39990234375,3489.699951171875,230770,3150.3311305977245,2837.611547947021,84.24358342682976,136.89681068881623,3474.0,451566.0,True,True,True,False,1,0.004519272070200087
2022-08-17,3485.699951171875,3533.449951171875,3405.0,3471.85009765625,295428,3180.951984603298,2862.483647935618,81.94323360646464,136.29346358046328,3498.0,434476.5,True,False,True,False,1,-0.007475672482490037
2022-08-18,3460.0,3495.0,3434.10009765625,3463.300048828125,582583,3207.842276434234,2886.045075421599,80.80504521230634,130.90820920641235,3533.449951171875,426188.55,True,False,True,True,2,-0.019853090694120223
2022-08-19,3480.0,3491.85009765625,3328.0,3390.89990234375,492655,3225.2763360446643,2905.84330392835,71.72056115223086,133.2612012385436,3533.449951171875,432479.65,True,False,True,True,2,-0.04034302191852135
2022-08-22,3390.89990234375,3440.0,3305.0,3364.300048828125,346319,3238.516689643089,2923.8219998067725,68.66614007309998,133.3854011500762,3533.449951171875,440014.45,True,False,True,False,1,-0.047871033885070635
2022-08-23,3300.0,3448.0,3239.300048828125,3430.949951171875,497088,3256.843666931545,2943.7093704485414,71.89583079996456,138.76501186591898,3533.449951171875,420439.7,True,False,True,True,2,-0.02900847653608496
2022-08-24,3362.35009765625,3459.0,3335.0,3427.800048828125,459108,3273.1252271121716,2962.69331862029,71.52063268986504,137.71036816121048,3533.449951171875,428306.6,True,False,True,True,2,-0.029899928909057016
2022-08-25,3420.0,3440.0,3340.0,3365.199951171875,185491,3281.894248451191,2978.477892445843,64.33497273631693,135.01677043540974,3533.449951171875,433104.85,True,False,True,False,1,-0.04761635294825661
2022-08-26,3365.5,3472.0,3365.5,3459.64990234375,504729,3298.82335834572,2997.3473830300745,69.34012311792496,133.0012903206037,3533.449951171875,430839.0,True,False,True,True,2,-0.020886116924805798
2022-08-29,3301.0,3550.0,3301.0,3537.39990234375,608809,3321.5449339645797,3018.5259131992384,72.73249402817414,141.28691244056057,3533.449951171875,440575.0,True,True,True,True,2,0.001117873813541559
2022-08-30,3550.0,3816.0,3550.0,3744.949951171875,1274580,3361.8692213176555,3047.0131303746357,79.31275027904672,151.09499709882408,3550.0,458075.65,True,True,True,True,2,0.05491547920334505
2022-09-01,3684.050048828125,3727.699951171875,3580.0,3639.25,586989,3388.2864383350216,3070.2381056540617,70.04242084547536,152.08463667547056,3816.0,498916.55,True,False,True,True,2,-0.04631813417190778
2022-09-02,3665.0,3736.0,3566.0,3622.85009765625,360875,3410.6258344608527,3091.9091641639516,68.700692995918,153.36430548436553,3816.0,503479.35,True,False,True,False,1,-0.05061580250098274
2022-09-05,3588.050048828125,3646.199951171875,3505.0,3530.60009765625,249706,3422.051954765176,3109.112730183257,61.55747535610936,152.49542303347337,3816.0,496504.95,True,False,True,False,1,-0.07479033080286945
2022-09-06,3545.949951171875,3710.0,3535.949951171875,3682.85009765625,355296,3446.8898731357544,3131.612234790041,67.55364941079067,154.41717155563597,3816.0,492156.35,True,False,True,False,1,-0.034892532060731174
2022-09-07,3680.0,3764.949951171875,3642.0,3661.25,330913,3467.3051233133015,3152.382343229647,65.98123906338637,152.1695129567959,3816.0,476319.0,True,False,True,False,1,-0.04055293501048218
2022-09-08,3685.800048828125,3712.0,3605.0,3629.89990234375,261326,3482.79034036382,3171.1085220184355,63.664988133660984,148.94311917416763,3816.0,467733.65,True,False,True,False,1,-0.04876836940677409
2022-09-09,3670.0,3695.0,3612.0,3633.300048828125,204584,3497.124598312802,3189.233679932541,63.8133617873106,144.2328963760128,3816.0,455081.65,True,False,True,False,1,-0.04787734569493585
2022-09-12,3653.75,3679.85009765625,3600.0,3635.39990234375,194549,3510.293674887178,3206.730394536902,63.911373480983386,139.6341250388869,3816.0,437718.05,True,False,True,False,1,-0.04732706961641775
2022-09-13,3642.0,3668.449951171875,3585.0,3604.75,220809,3519.2895153741133,3222.3390065158474,61.30146494670162,135.6209697626718,3816.0,423788.8,True,False,True,False,1,-0.05535901467505244
2022-09-14,3570.0,3620.0,3550.550048828125,3564.39990234375,179827,3523.585742704555,3235.7531592934124,57.94659830494918,130.89446843475775,3816.0,412130.35,True,False,True,False,1,-0.06593293963738212
2022-09-15,3565.0,3704.699951171875,3554.39990234375,3601.35009765625,326756,3530.9918717475734,3250.090294131171,60.10004274006401,132.28058131999828,3816.0,409583.2,True,False,True,False,1,-0.05624997440873947
2022-09-16,3608.949951171875,3631.800048828125,3469.199951171875,3528.800048828125,604559,3530.783126707626,3261.0200884330125,54.228334606499494,134.44626105830199,3816.0,411149.6,True,False,True,True,2,-0.07526204171170725
2022-09-19,3546.449951171875,3646.0,3489.64990234375,3620.050048828125,267621,3539.2847383381495,3275.099694723017,59.57757255195638,136.01082081529827,3816.0,412248.4,True,False,True,False,1,-0.05134956791715806
2022-09-20,3657.949951171875,3725.0,3646.050048828125,3674.949951171875,398494,3552.205234798504,3290.7800969366976,62.42295841716174,133.79218726933948,3816.0,400996.7,True,False,True,False,1,-0.03696280105558836
2022-09-21,3690.0,3740.0,3538.10009765625,3565.5,368952,3553.4714029129323,3301.553426468592,54.22760171765941,138.6570240603688,3816.0,403605.45,True,False,True,False,1,-0.06564465408805031
2022-09-22,3565.0,3644.949951171875,3491.0,3629.89990234375,229512,3560.750307620629,3314.4297588558534,57.743014636988235,139.74937599690497,3816.0,397198.65,True,False,True,False,1,-0.04876836940677409
2022-09-23,3642.10009765625,3663.300048828125,3526.199951171875,3545.25,143552,3559.274087847236,3323.481533018369,52.08091840516833,139.56014182971535,3816.0,385718.85,True,False,True,False,1,-0.07095125786163525
2022-09-26,3500.0,3527.449951171875,3275.64990234375,3371.050048828125,395275,3541.3479888930347,3325.346965010909,42.78353556080452,148.84871010303925,3816.0,383621.9,True,False,False,True,1,-0.1166011402442021
2022-09-27,3371.050048828125,3499.89990234375,3331.800048828125,3378.699951171875,483227,3525.8576995862572,3327.439238978006,43.26254544382179,150.2237917753668,3816.0,378149.2,True,False,False,True,1,-0.1145964488543304
2022-09-28,3360.0,3485.0,3335.0,3448.050048828125,267366,3518.447447133102,3332.169074658403,47.549500710789445,150.2078066485549,3816.0,371870.1,True,False,False,False,0,-0.09642294317921252
2022-09-29,3508.0,3574.800048828125,3303.39990234375,3372.25,2436698,3504.523880739473,3333.740875652192,43.665948945859334,158.86440235111348,3764.949951171875,321509.4,True,False,False,True,1,-0.10430416240981999
2022-09-30,3344.0,3416.449951171875,3251.10009765625,3339.85009765625,527566,3488.840663302976,3333.980452985684,42.083766229523704,159.3276488628643,3764.949951171875,413994.85,True,False,False,True,1,-0.1129098285578295
2022-10-03,3329.89990234375,3424.64990234375,2965.64990234375,3100.800048828125,578177,3451.884414305371,3324.836123410878,32.67623677783402,180.73281680123114,3764.949951171875,422329.4,True,False,False,True,1,-0.1764033814412399
2022-10-04,3182.0,3263.449951171875,3102.5,3216.14990234375,475008,3429.433508404264,3320.5739186631477,39.68294467070081,179.44118005426822,3764.949951171875,438752.95,True,False,False,True,1,-0.14576556287482811
2022-10-06,3262.0,3321.800048828125,3244.35009765625,3308.0,461996,3417.868412365763,3320.0808238136124,44.6249897905709,174.170391942133,3764.949951171875,444738.55,True,False,False,True,1,-0.1213694623031164
2022-10-07,3304.60009765625,3304.60009765625,3137.550048828125,3187.60009765625,440350,3395.9380966791427,3314.885501219206,39.998596749540006,173.90464617282885,3740.0,451292.7,True,False,False,False,0,-0.1477005086480615
2022-10-10,3164.199951171875,3189.0,3120.0,3161.0,275699,3373.563039852558,3308.8507756811982,39.035725040990066,166.41145716048393,3740.0,460243.9,True,False,False,False,0,-0.1548128342245989
2022-10-11,3200.0,3219.949951171875,3150.0,3173.60009765625,296173,3354.5189501195764,3303.546827523357,39.77528566957046,159.52134958986903,3740.0,463799.65,True,False,False,False,0,-0.15144382415608293
2022-10-12,3180.0,3224.0,3167.85009765625,3202.85009765625,329608,3340.0742975040216,3299.59793615602,41.54798269765974,152.13767478657482,3740.0,468880.85,True,False,False,False,0,-0.14362296854110967
2022-10-13,3190.0,3238.0,3151.25,3177.35009765625,222741,3324.576754661377,3294.803903273676,40.43068260423507,147.46712658753378,3740.0,474320.8,True,False,False,False,0,-0.1504411503592914
2022-10-14,3225.0,3240.0,3006.0,3047.14990234375,320461,3298.1551496787456,3285.091981668581,35.22239545334581,153.64804611699566,3740.0,476466.5,True,False,False,False,0,-0.185254036806484
2022-10-17,3047.0,3135.0,2976.0,3099.300048828125,193751,3279.216568645353,3277.8060235179746,38.63237476783646,154.03032853721027,3740.0,476151.75,True,False,False,False,0,-0.1713101473721591
2022-10-18,3114.800048828125,3199.0,3110.050048828125,3152.85009765625,295584,3267.181666646391,3272.9057911312407,42.008218485096954,150.1495872968292,3740.0,455611.35,False,False,False,False,0,-0.15699195249832887
2022-10-19,3168.64990234375,3238.35009765625,3121.10009765625,3166.85009765625,467958,3257.6262791235204,3268.7467443283,42.89269745286477,147.79961677562713,3740.0,457009.5,False,False,False,True,1,-0.15324863699030744
2022-10-20,3150.0,3325.14990234375,3141.14990234375,3277.10009765625,422771,3259.48092850759,3269.0743268117494,49.43334212231323,150.38535843451092,3740.0,460482.7,False,False,False,False,0,-0.12377002736463905
2022-10-21,3293.5,3293.5,3186.5,3261.75,174257,3259.6970305544864,3268.787098309328,48.59875575258944,147.28640426061727,3663.300048828125,463173.65,False,False,False,False,0,-0.10961429407252055
2022-10-24,3280.0,3291.14990234375,3240.050048828125,3267.300048828125,29267,3260.421127532928,3268.7287826433985,48.9344544335422,140.4159363502607,3663.300048828125,460410.9,False,False,False,False,0,-0.10809925332943415
2022-10-25,3283.64990234375,3433.949951171875,3251.0,3382.949951171875,216330,3272.0905393080657,3273.2080441543194,55.46186827519107,143.45408026609027,3574.800048828125,454696.65,False,False,True,False,1,-0.05366736461781729
2022-10-27,3403.199951171875,3549.0,3395.0,3507.75,684860,3294.534297469202,3282.4057679129737,61.22223478797011,145.06807802052134,3574.800048828125,445749.4,True,False,True,True,2,-0.01875630746119772
2022-10-28,3525.300048828125,3525.300048828125,3421.60009765625,3444.050048828125,312597,3308.773892836719,3288.744759321411,57.15865186820852,142.1132118170466,3574.800048828125,455831.05,True,False,True,False,1,-0.03657547225413682
2022-10-31,3460.0,3658.699951171875,3423.0,3602.85009765625,284614,3336.781150438579,3301.062615726699,63.63815968944541,148.79797891382003,3574.800048828125,458092.6,True,True,True,False,1,0.007846606368185682
2022-11-01,3620.89990234375,3720.5,3537.050048828125,3681.199951171875,369944,3369.582940984607,3315.969962214745,66.34291296869361,151.2731197893954,3658.699951171875,350488.4,True,True,True,True,2,0.006149725394342109
2022-11-02,3679.89990234375,3693.050048828125,3602.10009765625,3637.300048828125,280173,3395.0798083982754,3328.571142081936,63.49308729750416,146.9643220310011,3720.5,342607.3,True,False,True,False,1,-0.02236257254989249
2022-11-03,3620.0,3688.35009765625,3557.0,3660.89990234375,256243,3420.396007821654,3341.6036424843605,64.37893904228036,145.84902028994745,3720.5,327707.1,True,False,True,False,1,-0.016019378485754632
2022-11-04,3659.0,3800.0,3501.0,3759.25,349779,3452.6678166005445,3357.9819310143857,67.87718038528728,156.78837598352263,3720.5,316768.85,True,True,True,True,2,0.010415266765219755
2022-11-07,3759.0,3845.0,3690.699951171875,3800.39990234375,529323,3485.785158099897,3375.3316553802433,69.23840701267663,156.61063832956566,3800.0,311158.0,True,True,True,True,2,0.00010523745888146863
2022-11-09,3800.39990234375,3891.25,3720.10009765625,3795.199951171875,422176,3515.253233630562,3391.797078744621,68.84141505777407,157.6491571877217,3845.0,315606.65,True,False,True,True,2,-0.012951898264791928
2022-11-10,3790.0,3820.0,3663.39990234375,3707.10009765625,252727,3533.5243635377706,3404.1619030156653,62.32161956412425,157.57422436404516,3891.25,322930.5,True,False,True,False,1,-0.04732409954224226
2022-11-11,3725.64990234375,3810.5,3722.0,3800.60009765625,248079,3558.9601477395304,3419.7084988839238,66.00173963082267,153.7046299340241,3891.25,320758.2,True,False,True,False,1,-0.023295830991005406
2022-11-14,3805.0,3888.0,3770.050048828125,3870.300048828125,218406,3588.611566890825,3437.3787557444807,68.47373593173717,151.1507243081563,3891.25,316681.75,True,False,True,False,1,-0.00538386152826853
2022-11-15,3888.35009765625,3912.39990234375,3811.0,3885.300048828125,237581,3616.867612789615,3454.9442966497218,68.99619182312566,147.5970941678416,3891.25,316465.0,True,False,True,False,1,-0.0015290590868937137
2022-11-16,3865.0,3880.0,3752.0,3809.64990234375,316610,3635.2278308423897,3468.8543204024286,63.298803509650455,146.57587664357612,3912.39990234375,312321.0,True,False,True,True,2,-0.026262652736098624
2022-11-17,3808.949951171875,3859.199951171875,3715.0,3753.449951171875,246287,3646.4870803975787,3480.0149333737795,59.37620393903049,146.40616768131176,3912.39990234375,318463.95,True,False,True,False,1,-0.04062722501262073
2022-11-18,3767.25,3773.800048828125,3608.0,3644.64990234375,219386,3646.3121110591187,3486.4712066667194,52.58262572446872,147.79144490608414,3912.39990234375,315999.1,True,False,True,False,1,-0.06843625566997957
2022-11-21,3615.0,3688.0,3560.0,3661.0,136427,3647.710957624917,3493.315473071946,53.4446737659351,146.37777026993527,3912.39990234375,303570.5,True,False,True,False,1,-0.0642572100549198
2022-11-22,3661.0,3685.0,3581.0,3671.39990234375,164102,3649.9670475981393,3500.2991761806443,54.017314051383785,143.3507866792256,3912.39990234375,289253.3,True,False,True,False,1,-0.06159902004282003
2022-11-23,3685.550048828125,3794.75,3671.449951171875,3752.449951171875,205491,3659.7273241289713,3510.1874418665748,58.32008341140309,141.92216603472735,3912.39990234375,288745.55,True,False,True,False,1,-0.040882822606159386
2022-11-24,3730.0,3780.0,3686.14990234375,3731.0,125461,3666.5151980214505,3518.8467578718073,56.80513094211647,138.48844686483613,3912.39990234375,297556.75,True,False,True,False,1,-0.04636537850721267
2022-11-25,3741.949951171875,3745.0,3631.0,3664.75,224375,3666.3470839241695,3524.56845364154,52.28738263615642,136.7392720887764,3912.39990234375,293013.3,True,False,True,False,1,-0.06329871907914975
2022-11-28,3626.0,3768.199951171875,3545.199951171875,3605.14990234375,349032,3660.5187809165104,3527.7285104533917,48.54678725814038,142.9007526538638,3912.39990234375,269989.05,True,False,False,True,1,-0.0785323606147571
2022-11-29,3589.199951171875,3658.0,3552.25,3600.0,184715,3654.75508749589,3530.562686514043,48.22574699752984,140.2471274643021,3912.39990234375,271810.8,True,False,False,False,0,-0.07984866326077877
2022-11-30,3599.949951171875,3668.0,3566.14990234375,3632.75,620284,3652.6593648772337,3534.5700321409436,50.468974489373394,137.50448247801268,3912.39990234375,266815.85,True,False,True,True,2,-0.07147784207238728
2022-12-01,3650.949951171875,3698.0,3585.0,3612.39990234375,151309,3648.825130350235,3537.622183913603,49.04693636775012,135.75416230101177,3912.39990234375,279332.85,True,False,False,False,0,-0.0766792780616018
2022-12-02,3634.0,3645.0,3525.300048828125,3579.64990234375,224342,3642.2370133972368,3539.270329734393,46.7633278286482,134.60743293464486,3912.39990234375,272889.65,True,False,False,False,0,-0.0850500992499933
2022-12-05,3597.550048828125,3620.0,3382.199951171875,3590.10009765625,276317,3637.271592850476,3541.2636539666228,47.601677015061995,141.97833406989344,3912.39990234375,271294.6,True,False,False,True,1,-0.08237905447610916
2022-12-06,3592.199951171875,3724.699951171875,3565.550048828125,3696.85009765625,268871,3642.9457361653117,3547.365083130922,55.338695145330206,143.2048746608832,3912.39990234375,267621.5,True,False,True,True,2,-0.0550940113658559
2022-12-07,3716.39990234375,3786.0,3691.0,3730.35009765625,259618,3651.2699610692107,3554.5409660534838,57.46145313349739,139.76166932796298,3912.39990234375,254598.9,True,False,True,True,2,-0.046531491982310325
2022-12-08,3760.39990234375,3779.0,3655.5,3694.89990234375,150349,3655.4251935715474,3560.0452380648667,54.50891753499557,138.6001215188228,3912.39990234375,246471.0,True,False,True,False,1,-0.055592476594661266
2022-12-09,3680.0,3720.0,3606.0,3621.300048828125,242005,3652.1751797864595,3562.4473875065632,48.89198498487663,136.842969981764,3912.39990234375,241352.1,True,False,False,True,1,-0.07440442203805386
2022-12-12,3634.949951171875,3687.25,3601.64990234375,3641.0,203019,3651.1108769496536,3565.527882114149,50.366269989340346,133.18276481565587,3912.39990234375,241048.4,True,False,True,False,1,-0.0693691619256932
2022-12-13,3659.800048828125,3668.199951171875,3551.0,3586.300048828125,346102,3644.9384171285556,3566.3424768872464,46.36676957654158,132.0411352696715,3912.39990234375,240279.05,True,False,False,True,1,-0.08335033781190737
2022-12-14,3589.89990234375,3652.0,3461.800048828125,3517.85009765625,346571,3632.8347676550025,3564.440814956619,41.88457265605293,136.1953364055432,3880.0,245705.1,True,False,False,True,1,-0.09333760369684274
2022-12-15,3520.0,3595.5,3504.050048828125,3550.75,268903,3625.0171707354784,3563.903920252438,44.65391805321707,132.9992374602812,3859.199951171875,247203.15,True,False,False,True,1,-0.0799258797353094
2022-12-16,3546.949951171875,3619.0,3520.0,3584.800048828125,320375,3621.186968649064,3564.723376275014,47.44521332846166,130.57072049883254,3794.75,248333.95,True,False,False,True,1,-0.05532642497447127
2022-12-19,3584.949951171875,3650.0,3571.10009765625,3618.449951171875,184705,3620.926300317903,3566.8303007807735,50.122379787049034,126.87994777346951,3794.75,253383.4,True,False,True,False,1,-0.046458936380031624
2022-12-20,3634.449951171875,3634.449951171875,3563.199951171875,3614.199951171875,195335,3620.285695637329,3568.6879341294443,49.77748561293256,122.90638007536454,3794.75,255797.3,True,False,False,False,0,-0.047578904757395124
2022-12-21,3619.949951171875,3673.64990234375,3475.0,3544.699951171875,328200,3613.0870533072857,3567.747228915422,44.39736591868125,128.3166316659635,3794.75,257358.95,True,False,False,True,1,-0.065893681751927
2022-12-22,3545.0,3584.0,3410.300048828125,3551.550048828125,239705,3607.226386214032,3567.112045382587,45.02802831701416,131.5582973449572,3786.0,263494.4,True,False,False,False,0,-0.06192550215844561
2022-12-23,3503.5,3551.0,3176.0,3232.60009765625,417221,3571.547692065672,3553.9939297854758,28.70335031097663,148.98627959375492,3786.0,269206.6,True,False,False,True,1,-0.1461700745757396
2022-12-26,3239.949951171875,3359.699951171875,3100.10009765625,3311.699951171875,230869,3546.8002881710245,3544.4922051339618,34.99740101500687,156.8872491596028,3786.0,278848.9,True,False,False,False,0,-0.1252773504564514
2022-12-27,3328.0,3374.699951171875,3286.949951171875,3352.89990234375,131985,3528.3335847589033,3536.9787814951296,38.06435651364852,151.94887421963116,3786.0,272940.75,False,False,False,False,0,-0.11439516578347864
2022-12-28,3335.0,3629.949951171875,3328.0,3605.800048828125,768728,3535.7113432416863,3539.6776547238746,52.78931600425586,162.66323685907716,3786.0,270304.25,False,False,True,True,2,-0.04759639492125589
2022-12-29,3560.0,3999.0,3508.0,3793.0,768731,3560.2150248377166,3549.611864342546,60.31114357835533,186.1158627977145,3786.0,277726.45,True,True,True,True,2,0.0018489170628632756
2022-12-30,3861.949951171875,3887.800048828125,3646.0,3692.85009765625,686265,3572.84693653472,3555.2290499626915,55.24042428818559,190.09330465702953,3999.0,308597.55,True,False,True,True,2,-0.07655661473962239
2023-01-02,3700.0,3730.0,3530.0,3550.60009765625,332645,3570.728189974866,3555.047522421263,48.94574796047832,190.800925752956,3999.0,331693.7,True,False,False,True,1,-0.11212800758783448
2023-01-03,3568.0,3650.0,3502.0,3598.64990234375,307015,3573.3874006766646,3556.7574196731252,50.97779283259467,187.74371677060202,3999.0,334510.1,True,False,True,False,1,-0.10011255255220053
2023-01-04,3584.949951171875,3599.949951171875,3450.0,3477.300048828125,365884,3564.236224310137,3553.6414443458702,45.998399744761834,185.04416208497867,3999.0,336417.3,True,False,False,True,1,-0.1304576021935171
2023-01-05,3509.89990234375,3669.949951171875,3472.050048828125,3633.699951171875,468166,3570.851817344588,3556.7809936331646,52.44555862574026,185.9624292463195,3999.0,341730.6,True,False,True,True,2,-0.09134784916932359
2023-01-06,3626.0,3629.949951171875,3521.0,3555.39990234375,283873,3569.380206392127,3556.7268331904424,49.27388296410073,180.7293950981449,3999.0,357621.45,True,False,False,False,0,-0.11092775635315077
2023-01-09,3591.0,3666.0,3576.60009765625,3629.0,471678,3575.0582819738293,3559.5610750261117,52.20010983267201,175.72015956658097,3999.0,359714.85,True,False,True,True,2,-0.0925231307826957
2023-01-10,3630.0,3699.0,3490.0,3656.39990234375,445188,3582.8051029614408,3563.3586760973917,53.28061974453179,178.0972910261109,3999.0,373147.8,True,False,True,True,2,-0.0856714422746312
2023-01-11,3656.39990234375,3668.0,3572.550048828125,3616.5,302285,3586.014140774637,3565.442649583769,51.45651518649223,172.19390960795118,3999.0,378102.1,True,False,True,False,1,-0.09564891222805705
2023-01-12,3599.0,3675.0,3552.0,3649.050048828125,453399,3592.0175605892546,3568.7213711227632,52.87395918939703,168.68005892166894,3999.0,375887.8,True,False,True,True,2,-0.08750936513425234
2023-01-13,3649.949951171875,3742.0,3615.60009765625,3715.10009765625,566844,3603.7397069765875,3574.461713339763,55.70065116032963,165.66004773753187,3999.0,385112.6,True,False,True,True,2,-0.07099272376687926
2023-01-16,3693.699951171875,3739.89990234375,3652.0,3730.699951171875,180696,3615.83115880471,3580.588703058669,56.366339936836994,160.10575163797603,3999.0,397436.05,True,False,True,False,1,-0.0670917851533196
2023-01-17,3727.699951171875,3899.0,3695.050048828125,3850.0,732003,3638.1329532042614,3591.153851958329,61.17171101356284,163.23748017611166,3999.0,397235.6,True,False,True,True,2,-0.037259314828707146
2023-01-18,3862.14990234375,3884.0,3776.0,3805.449951171875,487214,3654.0679053916533,3599.5576205549387,58.57736805506261,159.291945877818,3999.0,424069.0,True,False,True,True,2,-0.04839961211005872
2023-01-19,3785.0,3879.0,3735.0,3835.550048828125,461226,3671.3519190522697,3608.81222558526,59.81736211873573,158.1996640294024,3999.0,432019.7,True,False,True,True,2,-0.04087270596946113
2023-01-20,3835.550048828125,3935.0,3802.0,3918.89990234375,447521,3694.927917460982,3620.9725266346127,63.11047486889055,156.39968802730223,3999.0,443095.75,True,False,True,True,2,-0.020030031922043
2023-01-23,3939.0,4000.0,3865.14990234375,3901.10009765625,564577,3714.5633631938645,3631.9579215766375,61.94297907499644,154.86043157222707,3999.0,444610.75,True,False,True,True,2,-0.024481095859902435
2023-01-24,3936.0,3940.0,3851.0,3891.75,350178,3731.438280984925,3642.145846220691,61.30145895659185,150.15611503135372,4000.0,461296.15,True,False,True,False,1,-0.02706249999999999
2023-01-25,3870.0,3884.85009765625,3600.0,3660.0,515358,3724.6346351768366,3642.8460091139973,48.025201463957416,160.2699639576856,4000.0,472205.8,True,False,False,True,1,-0.08499999999999996
2023-01-27,3477.0,3477.0,2928.0,2928.0,1237800,3648.7646699218994,3614.8128322859975,27.653400582202195,201.10782367499377,4000.0,459537.3,True,False,False,True,1,-0.268
2023-01-30,2501.0,2538.0,2342.39990234375,2342.39990234375,1888555,3524.3489777715995,3564.9142860137526,20.252137554501687,228.5715575307978,4000.0,482990.75,False,False,False,True,1,-0.41440002441406254
2023-01-31,2145.0,2155.0,2108.199951171875,2108.199951171875,531326,3389.477641904959,3507.7882336670123,18.15890580803645,228.97358564801763,4000.0,543105.25,False,False,False,False,0,-0.47295001220703126
2023-02-01,1951.0,1998.800048828125,1897.4000244140625,1897.4000244140625,1570400,3247.3750116677306,3444.635754872779,16.50527848551198,227.67546715586013,4000.0,553039.3,False,False,False,True,1,-0.5256499938964844
2023-02-02,1707.699951171875,1707.699951171875,1707.699951171875,1707.699951171875,64276,3100.7392916205063,3376.5206253158813,15.166765293294219,224.96293901916926,4000.0,616208.55,False,False,False,False,0,-0.5730750122070313
2023-02-03,1622.3499755859375,1622.3499755859375,1622.3499755859375,1622.3499755859375,62458,2959.9403091410236,3307.7296194441187,14.59334223460057,214.99058448822416,4000.0,601128.15,False,False,False,False,0,-0.5944125061035157
2023-02-06,1541.25,1541.25,1541.25,1541.25,77660,2824.826946365688,3238.4559088776828,14.049774648679914,205.42696956663227,4000.0,580842.75,False,False,False,False,0,-0.6146875
2023-02-07,1464.199951171875,1519.0,1464.199951171875,1464.199951171875,3561024,2695.2434230138965,3168.8772438696124,13.533997892791774,196.25718951388174,4000.0,570532.1,False,False,False,True,1,-0.6339500122070312
2023-02-08,1391.0,1391.0,1391.0,1391.0,420769,2571.0297636792397,3099.1565676394316,13.044074436671266,187.467386775167,4000.0,724999.4,False,False,False,False,0,-0.65225
2023-02-09,1321.449951171875,1321.449951171875,1321.449951171875,1321.449951171875,200127,2452.0221624880623,3029.4425826799197,12.578176130801367,179.0447197789497,4000.0,723778.45,False,False,False,False,0,-0.6696375122070313
2023-02-10,1255.4000244140625,1255.4000244140625,1255.4000244140625,1255.4000244140625,51732,2338.0581493381574,2959.8722862773375,12.134900686625514,170.97366313458278,4000.0,718670.55,False,False,False,False,0,-0.6861499938964843
2023-02-13,1192.6500244140625,1192.6500244140625,1192.6500244140625,1192.6500244140625,44997,2228.9716612501484,2890.5694524787777,11.712587236288414,163.2434014821126,4000.0,698587.2,False,False,False,False,0,-0.7018374938964844
2023-02-14,1133.050048828125,1133.050048828125,1133.050048828125,1133.050048828125,52107,2124.5981743528127,2821.64712292385,11.309983596107656,155.8402996323858,4000.0,672494.85,False,False,False,False,0,-0.7167374877929688
2023-02-15,1076.4000244140625,1076.4000244140625,1076.4000244140625,1076.4000244140625,74780,2024.769779120551,2753.206060237192,10.925562367726386,148.75527997393414,4000.0,666065.4,False,False,False,False,0,-0.7308999938964844
2023-02-16,1022.5999755859376,1130.199951171875,1022.5999755859376,1022.5999755859376,5922981,1929.3250359267781,2685.339154956751,10.55852041814343,145.81561537479152,4000.0,633204.25,False,False,False,True,1,-0.7443500061035155
2023-02-17,992.2999877929688,1015.4000244140624,971.5,971.5,1300386,1838.1036039337519,2618.129776330996,10.207748693362873,139.0502125327305,4000.0,904992.6,False,False,False,True,1,-0.757125
2023-02-20,922.9500122070312,922.9500122070312,922.9500122070312,922.9500122070312,68313,1750.9461190073976,2551.6521385222127,9.872175323279876,132.5859107656047,4000.0,946950.6,False,False,False,False,0,-0.7692624969482422
2023-02-21,876.7999877929688,876.7999877929688,876.7999877929688,876.7999877929688,124311,1667.6941065107853,2485.971662023027,9.550762600772188,126.41191888335169,4000.0,927990.2,False,False,False,False,0,-0.7808000030517578
2023-02-22,833.0,833.0,833.0,833.0,61103,1588.1994297002343,2421.149243904477,9.24318233910455,120.51106666261005,3940.0,905976.9,False,False,False,False,0,-0.7885786802030457
2023-02-23,791.3499755859375,791.3499755859375,791.3499755859375,791.3499755859375,52041,1512.3090054988727,2357.2355471076717,8.948077649997217,114.87813507342808,3884.85009765625,891523.15,False,False,False,False,0,-0.7962984527862831
2023-02-24,751.7999877929688,751.7999877929688,751.7999877929688,751.7999877929688,141442,1439.8795752411675,2294.2772898796443,8.66516825700316,109.49755312482385,3477.0,868357.3,False,False,False,False,0,-0.7837791234417691
2023-02-27,714.25,714.25,714.25,714.25,174885,1370.7719966467707,2232.3154353745604,8.393820987735808,104.35844131540564,2538.0,813539.4,False,False,False,False,0,-0.7185776201733649
2023-02-28,678.5499877929688,678.5499877929688,678.5499877929688,678.5499877929688,908341,1304.8460910416468,2171.3834570380272,8.133058218671948,99.45426780766462,2155.0,727855.9,False,False,False,True,1,-0.6851276158733324
2023-03-01,650.0,712.4500122070312,650.0,711.6500244140625,7387370,1248.3512275533053,2114.1390086998326,10.896963641833523,96.81110669333367,1998.800048828125,746706.65,False,False,False,True,1,-0.6439613733093037
2023-03-02,712.0,747.2000122070312,681.1500244140625,744.0999755859375,4153555,1200.3272987945084,2060.4119877934054,13.64009332733643,94.61388391473618,1707.699951171875,1037555.15,False,False,False,True,1,-0.5642677303613473
2023-03-03,773.0,781.2999877929688,755.2999877929688,781.2999877929688,3487589,1160.4199358419808,2010.2507328914273,16.802220202795155,90.51289307847155,1622.3499755859375,1242019.1,False,False,False,True,1,-0.518414645698879
2023-03-06,802.7999877929688,820.3499755859375,796.9500122070312,820.3499755859375,3148255,1128.0323205795005,1963.5879580951337,20.109162407699245,86.83697127236421,1541.25,1413275.65,False,False,False,True,1,-0.4677372421178021
2023-03-08,848.0,861.3499755859375,836.7999877929688,861.3499755859375,1438542,1102.634002008685,1920.3629391732045,23.54527083580824,83.56290189576677,1519.0,1566805.4,False,False,False,False,0,-0.4329493248282176
2023-03-09,904.4000244140624,904.4000244140624,883.2000122070312,904.4000244140624,1261116,1083.754575571102,1880.5212562414736,27.09115526929108,80.6691266766495,1391.0,1460681.3,False,False,False,False,0,-0.3498202556333124
2023-03-10,910.0,949.5999755859376,865.5499877929688,949.5999755859376,2504584,1070.9779470010862,1844.0145393530213,30.72404125711155,80.9106167563866,1321.449951171875,1502698.65,False,False,False,True,1,-0.28139542875322454
2023-03-13,997.0499877929688,997.0499877929688,997.0499877929688,997.0499877929688,467738,1063.9371889812655,1810.8002432134115,34.41838019261385,78.52057357428978,1255.4000244140625,1617921.5,False,False,False,False,0,-0.20579100812243045
2023-03-14,947.2000122070312,995.0,947.2000122070312,947.2000122070312,873555,1052.8193626218147,1776.933567487671,32.459919176669274,76.4726737179789,1192.6500244140625,1638721.8,False,False,False,False,0,-0.20580221119570974
2023-03-15,899.8499755859375,989.0,899.8499755859375,919.8499755859376,6326072,1040.1556114755406,1743.3224462366227,31.404102457843564,77.37819876769916,1133.050048828125,1680149.7,False,False,False,True,1,-0.18816474476365186
2023-03-16,899.0,936.0,880.0,888.4000244140625,2559661,1025.7026984220665,1709.7960767533853,30.18812913675538,75.85118457000637,1130.199951171875,1993847.95,False,False,False,True,1,-0.21394437905177432
2023-03-17,911.7999877929688,925.0,890.0,897.75,1412300,1013.5167271437745,1677.951132566978,31.04298189768798,73.04752678543002,1130.199951171875,2118092.0,False,False,False,False,0,-0.2056715282378606
2023-03-20,879.0,879.0,852.9000244140625,852.9000244140625,1126835,998.2198983123733,1645.5961871492166,29.196163282923237,71.03341598546628,1015.4000244140624,1892557.95,False,False,False,False,0,-0.1600354501604141
2023-03-21,853.0,895.5,816.75,890.7999877929688,2290508,987.9894306438587,1615.9963361940697,32.832636360992936,71.58460055793297,997.0499877929688,1883880.4,False,False,False,True,1,-0.10656436618106868
2023-03-22,906.7000122070312,935.2999877929688,905.0,935.2999877929688,1938364,982.9713884675834,1589.3023617469678,36.928651962894904,69.64998623236633,997.0499877929688,1994990.15,False,False,False,False,0,-0.061932702227585845
2023-03-23,955.0,982.0499877929688,954.0499877929688,982.0499877929688,1440643,982.883636022382,1565.4885431605364,40.999328044201164,68.01427293005445,997.0499877929688,2085692.8,False,False,False,False,0,-0.015044381107915616
2023-03-24,1018.0,1031.1500244140625,944.0,1007.4500122070312,5023306,985.2232908971105,1543.6046792015754,43.14631903631263,69.38111232176931,997.0499877929688,2154669.8,False,True,False,True,1,0.010430795387785574
2023-03-27,1027.5999755859375,1040.0,957.0999755859376,957.8499755859376,2103482,982.6163084865225,1520.633906510766,40.07923789394339,70.34674889979024,1031.1500244140625,2403233.05,False,False,False,False,0,-0.07108572670574942
2023-03-28,925.0,928.9500122070312,909.9500122070312,909.9500122070312,267731,975.6957088408566,1496.6855184988551,37.32016639870671,68.74340707686997,1040.0,2501335.05,False,False,False,False,0,-0.1250480651855469
2023-03-29,864.4500122070312,929.9500122070312,864.4500122070312,871.7000122070312,2997429,965.7913567804923,1472.1762829579993,35.23428367257233,68.51173514280784,1040.0,2505977.35,False,False,False,True,1,-0.16182691133939298
2023-03-31,888.0,910.0,858.5499877929688,867.75,1196845,956.4540847061596,1448.4732914694503,35.016626839508774,67.29304064739523,1040.0,2610431.75,False,False,False,False,0,-0.16562500000000002
2023-04-03,872.9500122070312,884.2000122070312,837.0999755859375,845.3499755859375,973799,945.8727409804242,1424.8213967289203,33.7436128501045,65.85068321694513,1040.0,2300905.5,False,False,False,False,0,-0.18716348501352165
2023-04-05,844.2000122070312,858.7999877929688,805.0,821.9500122070312,1020119,934.0705763353392,1401.1793816496306,32.41776611878336,64.98991925808967,1040.0,2141917.7,False,False,False,False,0,-0.20966344980093155
2023-04-06,840.0,863.0,812.4500122070312,863.0,909084,927.3019500176878,1380.074307859449,37.08779120743048,63.958495582009604,1040.0,2018544.2,False,False,False,False,0,-0.17019230769230764
2023-04-10,869.4000244140625,906.1500244140624,869.4000244140625,906.1500244140624,1170526,925.2874809125806,1361.4890418419827,41.65199842687558,62.47217621287052,1040.0,1906585.65,False,False,False,False,0,-0.12870189960186307
2023-04-11,924.2999877929688,951.4500122070312,920.0,951.4500122070312,378154,927.779150559671,1345.409079895514,46.07504897215889,61.245591325734694,1040.0,1893184.85,False,False,False,False,0,-0.08514421903170077
2023-04-12,994.0,994.0,926.0499877929688,938.8499755859376,2780423,928.8335148478869,1329.4655856088639,45.05206455128578,61.72447853154159,1040.0,1849036.75,False,False,False,True,1,-0.09725963885967537
2023-04-13,937.75,946.0,903.0,914.1500244140624,1339083,927.4350871875226,1313.1787008561266,43.03493702082994,60.387015779288625,1040.0,1862828.7,False,False,False,False,0,-0.1210095919095554
2023-04-17,926.5999755859376,959.0,908.3499755859376,946.7999877929688,999923,929.2793634356603,1298.8109081869832,46.4481576571378,59.691516396058184,1040.0,1906395.95,False,False,False,False,0,-0.08961539635291471
2023-04-18,954.0,972.0,938.0,948.0499877929688,762628,931.0670419458802,1285.0555779754534,46.58012626517034,57.85640808205403,1040.0,1912714.35,False,False,False,False,0,-0.08841347327599158
2023-04-19,954.4000244140624,954.4000244140624,924.0,930.3499755859376,531461,930.9987499115999,1271.1455543523352,44.89309173619729,55.89523782005463,1040.0,1634542.15,False,False,False,False,0,-0.10543271578275226
2023-04-20,932.0,939.0,920.7000122070312,928.2000122070312,346506,930.7322034635458,1257.6967095623233,44.68140564811525,53.20986281811993,1040.0,1533132.15,False,False,False,False,0,-0.10749998826246998
2023-04-21,931.7999877929688,932.0,908.0,917.7999877929688,314017,929.5005638758719,1244.367426355682,43.610161467084694,51.12344404539708,1040.0,1479842.45,False,False,False,False,0,-0.11750001173753
2023-04-24,919.0,922.8499755859376,889.0,891.1500244140625,384326,925.8481315461758,1230.5157635344422,40.90387922910439,49.8896248697214,1040.0,1439201.55,False,False,False,False,0,-0.14312497652493994
2023-04-25,895.0,935.7000122070312,890.0,935.25,730197,926.743547589397,1218.936713984072,46.788485720141665,49.59036682238639,1040.0,1343892.45,False,False,False,False,0,-0.10072115384615388
2023-04-26,945.0,946.8499755859376,915.4000244140624,920.0499877929688,507582,926.1060657040229,1207.2156658981464,45.12075813535198,48.294622847349885,1040.0,1283484.1,False,False,False,False,0,-0.11533655019906852
2023-04-27,915.0,925.0,910.0,917.0999755859376,231717,925.2483428356338,1195.83858000355,44.78709854633808,45.916435501110605,1040.0,1236831.05,False,False,False,False,0,-0.11817310039813689
2023-04-28,925.0,952.8499755859376,917.3499755859376,945.0,1123964,927.1294530417639,1186.0017729445874,48.654299657185355,45.19026153674557,1040.0,997251.6,False,False,False,True,1,-0.09134615384615385
2023-05-02,950.0,990.0,941.2000122070312,959.0499877929688,1279904,930.1695039704501,1177.1017029386414,50.53329297360886,45.44809912647579,994.0,948275.7,False,False,True,True,2,-0.03516097807548413
2023-05-03,958.0,958.0,915.8499755859376,922.9500122070312,716246,929.481933326315,1167.1349699687744,45.88680693908443,45.2875214893726,994.0,998884.35,False,False,False,False,0,-0.07147886095872102
2023-05-04,916.0,935.0,911.7000122070312,930.2000122070312,335815,929.5503217911452,1157.8434029977257,46.941956564583045,43.7169833682009,994.0,884825.2,False,False,False,False,0,-0.06418509838326836
2023-05-05,938.0,939.0,915.4000244140624,918.7999877929688,288689,928.5264804579855,1148.4691514210685,45.441524825799775,42.28005424089638,994.0,841773.7,False,False,False,False,0,-0.075653935821963
2023-05-08,880.0,887.7999877929688,872.9000244140625,872.9000244140625,1276025,923.2287227395166,1137.6625189894212,39.91018839923165,42.538619179325664,994.0,807518.2,False,False,False,True,1,-0.1218309613540619
2023-05-09,839.0,883.3499755859375,839.0,845.0999755859375,1024558,915.787889677271,1126.1894780716375,36.974578692564464,42.66800177979794,994.0,820313.5,False,False,False,True,1,-0.1497988173179703
2023-05-10,846.5999755859375,858.9500122070312,835.0,836.0999755859375,565081,908.1985645257154,1114.8134191506297,36.050088088805914,41.33100252460032,994.0,826087.2,False,False,False,False,0,-0.1588531432737047
2023-05-11,845.8499755859375,859.2999877929688,837.5999755859375,855.0499877929688,609709,903.1367953130729,1104.6266179209174,39.4812475501365,40.0359317876311,994.0,795814.95,False,False,False,False,0,-0.13978874467508173
2023-05-12,812.2999877929688,860.0,812.2999877929688,818.3499755859375,2633802,895.0618601009647,1093.4000829273887,35.50781127360939,40.58336610330254,994.0,807392.7,False,False,False,True,1,-0.1767102861308476
2023-05-15,832.0499877929688,837.25,777.4500122070312,777.4500122070312,1709838,883.8607317301139,1081.00988407561,31.681168117441146,41.9559819382787,990.0,800061.65,False,False,False,True,1,-0.21469695736663508
2023-05-16,752.25,777.4500122070312,738.5999755859375,738.5999755859375,1876603,870.0263740020971,1067.5820445269956,28.53537052937419,41.734128701336914,990.0,818599.4,False,False,False,True,1,-0.2539394186000631
2023-05-17,711.7000122070312,722.9000244140625,701.7000122070312,701.7000122070312,1677460,853.9952919263766,1053.2337295340558,25.90436519248567,41.388831178306155,990.0,862433.4,False,False,False,True,1,-0.2912121088817866
2023-05-18,671.0,682.7000122070312,666.6500244140625,666.6500244140625,2968685,836.1528854966324,1038.0735842352326,23.671743789821477,40.93605665078206,990.0,908175.0,False,False,False,True,1,-0.3266161369554924
2023-05-19,633.3499755859375,699.9500122070312,633.3499755859375,688.0999755859375,11382817,822.0526083622805,1024.349128994084,27.77432207371413,42.769198077232886,990.0,1030036.2,False,False,False,True,1,-0.30494951961016414
2023-05-22,722.4500122070312,722.5,711.5999755859375,722.5,701988,812.5714075658728,1012.511908249218,33.909506951339324,42.171399958435,990.0,1581851.75,False,False,False,False,0,-0.2702020202020202
2023-05-23,758.5999755859375,758.5999755859375,758.5999755859375,758.5999755859375,228579,807.4312711868313,1002.5545775565404,39.69842648574785,41.737726788970896,990.0,1601250.3,False,False,False,False,0,-0.23373739839804297
2023-05-24,796.5,796.5,759.0,796.5,6317589,806.3901977404664,994.4740058876565,45.132106653700006,41.463605190763154,990.0,1593462.95,False,False,False,True,1,-0.19545454545454544
2023-05-25,811.4000244140625,823.4000244140625,770.0499877929688,796.4000244140625,4017123,805.4387526617613,986.706398771045,45.12055673230828,42.31263600721534,990.0,1872832.55,False,False,False,True,1,-0.1955555308948863
2023-05-26,803.9500122070312,806.6500244140625,756.5999755859375,760.7000122070312,2595733,801.1779202375013,977.843403219515,41.07795186801922,42.86530835156603,990.0,2048309.6,False,False,False,True,1,-0.23161614928582697
2023-05-29,732.2000122070312,766.4500122070312,725.0,729.2000122070312,2630741,794.3228813774566,968.0926820033392,37.85511524748884,42.764215769813546,990.0,2166510.4,False,False,False,True,1,-0.2634343311040088
2023-05-30,728.9500122070312,728.9500122070312,692.75,698.0499877929688,3638539,785.1540343694102,957.502772426462,34.936099456824806,42.31320122961481,990.0,2241849.25,False,False,False,True,1,-0.2948990022293245
2023-05-31,675.0,689.9000244140625,663.1500244140625,664.1500244140625,32048979,773.6298429450912,945.9987430926425,32.04051106196255,41.78368424027848,958.0,2359781.0,False,False,False,True,1,-0.3067327511335465
2023-06-01,653.0,697.3499755859375,650.5499877929688,694.3499755859375,16589982,766.0793793870765,936.1301639747325,37.046330249576584,42.14199163689922,939.0,3926417.65,False,False,False,True,1,-0.2605431569904819
2023-06-02,694.3499755859375,702.4000244140625,668.0,674.4000244140625,4373895,757.3480122467895,925.8662369331375,35.20170143182355,41.588993978125174,939.0,4739126.0,False,False,False,False,0,-0.2817891113801251
2023-06-05,681.5499877929688,696.5999755859375,675.5,681.5,3119786,750.1243920328096,916.2832472494852,36.41513841452528,40.2040623491073,887.7999877929688,4943386.3,False,False,False,False,0,-0.2323721453362726
2023-06-06,694.0,698.0,676.2000122070312,678.4000244140625,1602723,743.2934998786432,906.9544934128019,36.09729415329281,38.88948559509741,883.3499755859375,5035574.35,False,False,False,False,0,-0.23201444142898064
2023-06-07,684.7000122070312,685.7000122070312,675.0,680.0499877929688,1611677,737.2703082514361,898.0562775061418,36.41540977841539,36.87595178166412,860.0,5064482.6,False,False,False,False,0,-0.20924420024073398
2023-06-08,680.0,684.9500122070312,668.0,670.9000244140625,1759734,730.9493288383529,889.1481891495897,35.36403560036936,35.45267038347606,860.0,5116812.4,False,False,False,False,0,-0.21988369254178775
2023-06-09,675.0,675.0,667.0,669.0999755859375,710454,725.0589142428847,880.5188474412112,35.14903723780884,33.49176535608491,860.0,5174313.65,False,False,False,False,0,-0.22197677257449133
2023-06-12,674.4000244140625,675.0,669.0,670.2000122070312,659294,719.8342569061368,872.2710499810473,35.40747924628329,31.528067830650276,837.25,5078146.25,False,False,False,False,0,-0.19952223086649
2023-06-13,672.8499755859375,673.0,662.0,663.1500244140625,944852,714.4357585735582,864.0702254490088,34.459664142864895,30.061777271318114,823.4000244140625,5025619.05,False,False,False,False,0,-0.19461986306599288
2023-06-14,663.1500244140625,666.0,653.0999755859375,654.3499755859375,1048074,708.7133030509277,855.8459019249668,33.262736249274056,28.83593778151414,823.4000244140625,4979031.5,False,False,False,False,0,-0.20530731578302086
2023-06-15,658.9500122070312,683.0,656.0999755859375,669.0999755859375,1888440,704.9406051971191,848.5225322646127,37.20011691774041,28.822658255267594,823.4000244140625,4947562.2,False,False,False,False,0,-0.18739378704527732
2023-06-16,676.4000244140625,682.2000122070312,669.5499877929688,671.25,1008270,701.7319761307268,841.5706682542358,37.77639254057891,27.69961385282661,823.4000244140625,4893549.95,False,False,False,False,0,-0.18478263286709706
2023-06-19,674.0499877929688,675.9000244140625,655.0,657.5499877929688,1271532,697.5241677176069,834.3541709812449,35.53853139234681,27.213928892914886,823.4000244140625,4374822.6,False,False,False,False,0,-0.2014209760791711
2023-06-20,659.7000122070312,664.4000244140625,654.0,658.5999755859375,662112,693.8171018003051,827.4618495931936,35.852179404322,26.012935715854002,823.4000244140625,4403299.8,False,False,False,False,0,-0.20014579055350157
2023-06-21,659.4000244140625,661.5,653.0,655.7999877929688,801023,690.1964242757969,820.7300118755377,35.358110003737096,24.762011736150146,823.4000244140625,4424976.45,False,False,False,False,0,-0.20354630999720846
2023-06-22,659.9500122070312,666.0,653.0499877929688,655.1500244140625,712539,686.8586719080126,814.2366790339112,35.23671933698864,23.918297484070223,823.4000244140625,4149148.15,False,False,False,False,0,-0.2043356752627351
2023-06-23,658.0,658.0,630.0,634.2999877929688,2019933,681.8530829446752,807.1803382009331,31.50062339350633,24.20984766377949,806.6500244140625,3983918.95,False,False,False,False,0,-0.2136614782182471
2023-06-26,632.0,651.9500122070312,620.0499877929688,644.0,1100925,678.2480274261347,800.7811092518768,34.9558832605898,24.75914600308542,766.4500122070312,3955128.95,False,False,False,False,0,-0.15976255497006298
2023-06-27,647.0499877929688,652.0,639.0,641.5,591690,674.7482152903124,794.5347912419993,34.473237408442614,23.919207002865033,728.9500122070312,3878638.15,False,False,False,False,0,-0.11996709066820666
2023-06-28,651.0,658.9000244140625,643.0,654.5,1489233,672.8198138340922,789.0432308011366,39.17618341548814,23.453551103664854,702.4000244140625,3726295.7,False,False,False,False,0,-0.06819479320778843
2023-06-30,664.5999755859375,669.6500244140625,650.0999755859375,654.5999755859375,1164032,671.0845911437918,783.7709462828935,39.21231626110662,23.174729512554865,702.4000244140625,2198308.4,False,False,False,False,0,-0.0680524589502961
2023-07-03,664.0,664.0,655.0,657.7000122070312,670512,669.8098693402908,778.8269880838402,40.39473330874945,22.190822005519696,702.4000244140625,1427010.9,False,False,False,False,0,-0.06363896733107277
2023-07-04,658.0,662.0,648.7000122070312,650.1500244140625,587024,667.9375031568405,773.7808326458097,38.43393017349094,21.555762418908916,698.0,1241841.75,False,False,False,False,0,-0.06855297361882162
2023-07-05,650.1500244140625,653.0,645.0499877929688,649.9000244140625,510284,666.2196480384807,768.9227617347608,38.36751743489263,20.583923118060515,698.0,1115203.65,False,False,False,False,0,-0.0689111398079334
2023-07-06,648.0,653.2000122070312,646.1500244140625,648.75,433427,664.5558720348159,764.2101044118291,38.041868124384294,19.617213451982533,685.7000122070312,1060581.7,False,False,False,False,0,-0.05388655614588944
2023-07-07,642.5499877929688,648.0,642.0,643.25,495225,662.5267413648335,759.4665709054829,36.4485340553793,18.698126776840926,684.9500122070312,1001669.2,False,False,False,False,0,-0.060880372967169305
2023-07-10,640.0,651.9500122070312,635.5499877929688,639.5,683699,660.3337183777065,754.7619994974248,35.36104873052318,18.533976608071036,683.0,938443.75,False,False,False,False,0,-0.06368960468521234
2023-07-11,645.9500122070312,646.0,640.0,640.9000244140625,432502,658.482890381169,750.2968240039596,36.12725891118981,17.674406850351676,683.0,937106.0,False,False,False,False,0,-0.06163978855920571
2023-07-12,642.5,645.0,632.2999877929688,635.7000122070312,575095,656.3130924598225,745.8028313844723,34.49186012824269,17.31909294725736,683.0,925766.4,False,False,False,False,0,-0.069253276417231
2023-07-13,638.0,638.0,630.0,630.25,583021,653.8308931779346,741.2713478007676,32.81521295562618,16.653443451024692,683.0,907278.55,False,False,False,False,0,-0.07723279648609083
2023-07-14,630.0,638.0,625.0,633.9000244140625,681426,651.932715200423,737.0607076679556,35.09090553190012,16.39248320452293,683.0,884025.9,False,False,False,False,0,-0.07188869046257318
2023-07-17,643.5,656.0,639.0,647.0,637297,651.4629328003826,733.5289152103887,42.60499170183685,16.80016123176683,682.2000122070312,823675.2,False,False,False,False,0,-0.05159778888474853
2023-07-18,649.7999877929688,660.9500122070312,642.0999755859375,645.75,1246839,650.918843962251,730.0866048099814,42.1041280579944,16.946580902433038,675.9000244140625,805126.55,False,False,False,True,1,-0.044607224922353805
2023-07-19,649.0,649.7000122070312,640.0,641.1500244140625,391334,649.9884801957569,726.5988957748474,40.22983510130741,16.428968852761482,669.6500244140625,803891.9,False,False,False,False,0,-0.04255954447987553
2023-07-20,641.1500244140625,644.7999877929688,638.5,640.0499877929688,350264,649.0419571097771,723.2048209520287,39.7738540753652,15.70547020563343,669.6500244140625,790353.0,False,False,False,False,0,-0.04420224825197838
2023-07-21,639.8499755859375,641.6500244140625,635.0,636.2000122070312,367867,647.818914738087,719.7928676679112,38.14431832650959,15.05865264909265,669.6500244140625,767815.05,False,False,False,False,0,-0.04995148359219381
2023-07-24,640.9500122070312,642.0,629.0999755859375,631.0999755859375,431948,646.2266348188347,716.3147150372456,36.037986741953006,14.90446491801907,669.6500244140625,750581.45,False,False,False,False,0,-0.057567456764980984
2023-07-25,631.1500244140625,662.6500244140625,628.0,662.6500244140625,1552281,647.7907671612373,714.2102173657482,53.240102244262104,16.314862024879314,669.6500244140625,671182.2,False,False,True,True,2,-0.010453221451197536
2023-07-26,673.0999755859375,678.4000244140625,652.6500244140625,663.8499755859375,2615188,649.3202155826373,712.2353059234027,53.74957815509598,16.98880045167365,669.6500244140625,693750.0,False,False,True,True,2,-0.00866131354687849
2023-07-27,664.6500244140625,666.0,652.5,654.4500122070312,617875,649.8087676421034,709.9692159737411,49.224952267048636,16.739600419411246,678.4000244140625,794924.9,False,False,False,False,0,-0.03530367238373411
2023-07-28,661.0,662.0,654.0,657.8499755859375,441296,650.5745969700876,707.9253241938274,50.83700307672453,16.115343246596158,678.4000244140625,751357.0,False,False,True,False,1,-0.03029193409282993
2023-07-31,665.0,668.8499755859375,660.0499877929688,663.7000122070312,665841,651.8246365164631,706.1909982335608,53.56855591413993,15.749961586125005,678.4000244140625,715220.2,False,False,True,False,1,-0.021668649289521613
2023-08-01,667.9500122070312,670.7999877929688,658.0,661.6500244140625,792301,652.7603877448059,704.4442933778942,52.468419320457,15.53924917232813,678.4000244140625,714986.65,False,False,True,True,2,-0.024690447224654855
2023-08-02,667.0,669.0,645.5499877929688,652.0,728085,652.6879698643482,702.3876544218983,47.52094487565721,16.104303674806925,678.4000244140625,725250.5,False,False,False,True,1,-0.03891512892686633
2023-08-03,653.5499877929688,663.6500244140625,644.0,655.5,528706,652.9557822582199,700.5489228759416,49.38512578625204,16.357569441896608,678.4000244140625,736140.55,False,False,False,False,0,-0.0337559309993265
2023-08-04,661.9500122070312,661.9500122070312,644.0,649.6500244140625,447631,652.6409481778239,698.5528876421424,46.41720870900046,16.47131535369194,678.4000244140625,740904.5,False,False,False,False,0,-0.042379125833362896
2023-08-07,655.0,655.4000244140625,644.0999755859375,650.7000122070312,770232,652.4560971329865,696.6763042917459,47.03249885928394,16.1019391732943,678.4000244140625,738524.8,False,False,False,True,1,-0.04083138444895529
2023-08-08,650.9000244140625,664.0,650.0,652.3499755859375,678200,652.4459903189819,694.938016891518,48.04217097897285,15.951800660916138,678.4000244140625,742851.45,False,False,False,False,0,-0.038399245121821135
2023-08-09,653.9000244140625,657.8499755859375,643.8499755859375,646.8499755859375,471298,651.9130365348824,693.0522113501227,44.96521938565225,15.812386327993558,678.4000244140625,755136.35,False,False,False,False,0,-0.04650655615081223
2023-08-10,649.0,653.2000122070312,644.2999877929688,646.8499755859375,418730,651.4308402540305,691.2403589672134,44.96521938565225,15.318646191284197,678.4000244140625,749946.5,False,False,False,False,0,-0.04650655615081223
2023-08-11,655.0,655.0,647.0,649.0499877929688,331064,651.2040924005961,689.5858346074391,46.55322243817507,14.806601778625504,678.4000244140625,741731.95,False,False,False,False,0,-0.04326361374536136
2023-08-14,643.5,647.9500122070312,628.7999877929688,635.5999755859375,746617,649.7179860372953,687.468742096792,39.12117813695273,15.195415937295111,678.4000244140625,724213.85,False,False,False,True,1,-0.06308969234647599
2023-08-16,635.0,642.0,631.5,635.5499877929688,461284,648.3686528711689,685.4327125162499,39.09619660779639,14.860029084631176,678.4000244140625,729679.85,False,False,False,False,0,-0.06316337718015785
2023-08-17,639.7999877929688,639.9000244140625,633.0,633.7000122070312,362303,646.9716394745844,683.4039791707904,38.12587951334022,14.2914573224477,678.4000244140625,690402.1,False,False,False,False,0,-0.0658903458112916
2023-08-18,633.0,676.7999877929688,632.5,654.5,2738493,647.6886261912907,682.2704897915437,52.42323834443322,16.434923784627774,678.4000244140625,688950.55,False,False,True,True,2,-0.03522998755005213
2023-08-21,659.0,673.6500244140625,656.0,664.5,1528172,649.2897094111679,681.5736078389341,57.507006209206445,16.628859543873112,678.4000244140625,808362.0,False,False,True,True,2,-0.02048942204279547
2023-08-22,669.9500122070312,680.0,667.0,672.5499877929688,1484767,651.5049740189585,681.2197403861512,61.109583695771825,16.548226719310748,678.4000244140625,866377.25,False,False,True,True,2,-0.008623284803308318
2023-08-23,680.0,686.0,647.0499877929688,654.2000122070312,1475566,651.7616443225845,680.1601432026564,50.582235805205286,18.148354254147925,680.0,919018.2,False,False,True,True,2,-0.03794115851907165
2023-08-24,664.8499755859375,668.5499877929688,658.5499877929688,661.9000244140625,668549,652.7272043312967,679.4440601129077,54.1514747803333,17.877041492132896,686.0,915182.45,False,False,True,False,1,-0.03513115974626457
2023-08-25,665.0,665.7999877929688,650.0,653.75,554511,652.8246134426017,678.4364499124015,50.03243178438229,17.72868051362117,686.0,817850.5,False,False,True,False,1,-0.04701166180758021
2023-08-28,657.9000244140625,664.5,650.2000122070312,655.5999755859375,519225,653.088933646729,677.540901899599,50.94457874772489,17.483773890717426,686.0,814682.3,False,False,True,False,1,-0.044314904393677135
2023-08-29,663.4500122070312,663.4500122070312,651.3499755859375,656.7999877929688,533823,653.4423673749423,676.7275327189469,51.562260568179624,17.09922122860145,686.0,818578.75,False,False,True,False,1,-0.04256561546214466
2023-08-30,662.5,662.5,651.0,652.4500122070312,441869,653.3478573589507,675.7754730910286,49.14648751131539,16.69927685512992,686.0,811977.85,False,False,False,False,0,-0.048906687744852406
2023-08-31,626.0,644.9000244140625,626.0,635.7999877929688,939856,651.6766316860001,674.2078070009086,41.19142281529876,17.3957579516943,686.0,794456.25,False,False,False,True,1,-0.07317786036010387
2023-09-01,625.1500244140625,639.0,621.0,633.8499755859375,987407,649.9788549145655,672.6251469454195,40.367307187191884,17.43891809800185,686.0,805044.8,False,False,False,True,1,-0.07602044375227768
2023-09-04,640.0,640.9000244140625,630.1500244140625,632.4500122070312,675853,648.3094413233717,671.0496514654827,39.752401157707446,16.96113823385886,686.0,827979.85,False,False,False,False,0,-0.07806120669528971
2023-09-05,636.7999877929688,639.4500122070312,632.0999755859375,633.4000244140625,379503,646.8894968558185,669.573195502682,40.415698139237236,16.27463097580421,686.0,839390.95,False,False,False,False,0,-0.07667634925063771
2023-09-06,637.9500122070312,650.0,633.0,644.7000122070312,868086,646.680974508315,668.5977765499115,47.780104559924155,16.326443048961053,686.0,819854.5,False,False,False,True,1,-0.060204063838146915
2023-09-07,651.0,655.3499755859375,645.2000122070312,646.8499755859375,622697,646.6970698490409,667.7449216101478,49.06989234177693,15.920980215385711,686.0,829348.8,False,False,False,False,0,-0.05707000643449345
2023-09-08,651.2000122070312,653.5,643.0499877929688,644.7999877929688,562257,646.5163953675102,666.8451202839839,47.85615433167139,15.530196786217536,686.0,836918.75,False,False,False,False,0,-0.06005832683240708
2023-09-11,649.9500122070312,673.0499877929688,645.2999877929688,658.9000244140625,1609395,647.695788610039,666.5335478969281,55.93041015160818,16.43875415863057,686.0,844095.1,False,False,True,True,2,-0.03950433758883021
2023-09-12,668.7000122070312,668.7000122070312,641.2000122070312,642.75,716599,647.2247611233686,665.6008597441074,46.960817470292575,17.228843147299816,686.0,908011.65,False,False,False,False,0,-0.06304664723032072
2023-09-13,643.5499877929688,646.8499755859375,632.3499755859375,636.5499877929688,505983,646.2081160442829,664.4616098636706,44.04080938357667,17.033925779635545,686.0,906510.75,False,False,False,False,0,-0.07208456589946244
2023-09-14,644.0,647.7000122070312,638.0499877929688,641.9000244140625,371077,645.7978216033094,663.5768418068233,47.09764646492138,16.613647110666044,686.0,908745.7,False,False,False,False,0,-0.06428567869670188
2023-09-15,644.4500122070312,645.0499877929688,635.0,636.3499755859375,433760,644.8980267445121,662.509121562867,44.388714080197275,16.144814302259096,686.0,909184.4,False,False,False,False,0,-0.072376128883473
2023-09-18,648.4500122070312,648.4500122070312,637.0,639.1500244140625,411581,644.350597951136,661.5930785374237,46.073913676864294,15.855901610747287,686.0,793947.75,False,False,False,False,0,-0.06829442505238703
2023-09-20,641.0,641.3499755859375,635.0,636.7999877929688,428173,643.6314922217867,660.6208004690138,44.84562018155171,15.176906894689445,686.0,738118.2,False,False,False,False,0,-0.07172013441258196
2023-09-21,638.8499755859375,649.0499877929688,638.0,639.5999755859375,544368,643.2475382564678,659.7964543951676,46.66987637510538,14.967842116497343,686.0,685288.5,False,False,False,False,0,-0.067638519554027
2023-09-22,644.7999877929688,644.7999877929688,636.0,636.6500244140625,244252,642.6192036048101,658.8887512586537,44.98182272089907,14.527281093388158,673.0499877929688,638728.6,False,False,False,False,0,-0.05408210985675399
2023-09-25,639.9000244140625,639.9000244140625,634.0,634.2999877929688,239696,641.8268973370157,657.9244860247053,43.62800729323052,13.911048473436326,673.0499877929688,617513.75,False,False,False,False,0,-0.05757373256489762
2023-09-26,637.5999755859375,637.5999755859375,632.4000244140625,634.0999755859375,241601,641.0910000273892,656.9901914976948,43.507986098438295,13.288827237610517,673.0499877929688,601773.0,False,False,False,False,0,-0.057870905450506216
2023-09-27,632.0,635.9000244140625,626.4500122070312,627.6500244140625,509378,639.8109071118344,655.8395967101013,39.71380005758896,13.014626163997713,673.0499877929688,587891.8,False,False,False,False,0,-0.06745407354924626
2023-09-28,629.7999877929688,631.4500122070312,621.2000122070312,622.1500244140625,377764,638.1289182834751,654.5184370122175,36.76920972130361,12.817152866569305,673.0499877929688,586669.55,False,False,False,False,0,-0.07562582913910276
2023-09-29,627.5,627.5,611.0499877929688,613.25,792596,635.7594974945727,652.900066933307,32.561883838989715,13.076642819459446,673.0499877929688,583464.3,False,False,False,True,1,-0.0888492517310071
2023-10-03,619.8499755859375,619.8499755859375,609.0999755859375,610.75,491826,633.3776405903276,651.2471231320009,31.472486266811117,12.910454046640913,673.0499877929688,576101.3,False,False,False,False,0,-0.09256368609003274
2023-10-04,610.5499877929688,629.75,604.3499755859375,610.7000122070312,1347949,631.217866458585,649.6570403506296,31.449829193564085,13.802566215742456,673.0499877929688,551322.25,False,False,False,True,1,-0.09263795664032681
2023-10-05,616.8499755859375,616.9000244140625,600.5499877929688,602.9000244140625,669666,628.5209291210115,647.823431882529,28.055838460472557,13.984528387553263,673.0499877929688,584927.05,False,False,False,True,1,-0.10422697370360035
2023-10-06,605.0499877929688,609.7000122070312,603.5,604.5999755859375,326953,626.242743070052,646.1283943807019,29.833102057803274,13.471346916511513,673.0499877929688,599435.2,False,False,False,False,0,-0.10170123088700889
2023-10-09,600.0,600.0499877929688,587.75,590.2999877929688,572730,622.8196235198536,643.9390451027516,24.37763679195828,13.712677535756226,673.0499877929688,572378.55,False,False,False,True,1,-0.12294777728374917
2023-10-10,588.5,626.0,588.5,607.7999877929688,2808380,621.3891820220551,642.5218271690346,39.06345841857355,15.411771997487925,673.0499877929688,569880.2,False,False,False,True,1,-0.09694673677056953
2023-10-11,615.0499877929688,619.9000244140625,606.25,611.3499755859375,606346,620.4330671233772,641.2994016167563,41.54347449926482,15.28593288438611,673.0499877929688,682186.35,False,False,False,False,0,-0.09167225811763968
2023-10-12,614.7999877929688,616.3499755859375,608.0,609.4500122070312,252296,619.387061893249,640.0504059536298,40.59130822060301,14.790507363068352,668.7000122070312,632033.9,False,False,False,False,0,-0.08860475387826983
2023-10-13,607.9500122070312,607.9500122070312,600.2000122070312,601.6500244140625,367972,617.6978202285646,638.5445086383527,36.856584784869234,14.3947568371349,649.0499877929688,608818.75,False,False,False,False,0,-0.07302975775422971
2023-10-16,602.0,604.5,595.0,595.2000122070312,327251,615.5551718455614,636.8447244645754,34.065390500595015,14.045131348768122,649.0499877929688,601918.2,False,False,False,False,0,-0.08296737785798147
2023-10-17,597.9500122070312,602.0,595.0,595.5499877929688,259223,613.6499162215049,635.2253230264732,34.35588150883477,13.541907680998971,649.0499877929688,599726.9,False,False,False,False,0,-0.08242816579031387
2023-10-18,598.4500122070312,598.7999877929688,592.0,593.0499877929688,266362,611.6880182759301,633.5713883114339,33.22963923534513,13.060341974711099,649.0499877929688,591000.05,False,False,False,False,0,-0.08627994923845939
2023-10-19,591.4500122070312,594.0,586.0,591.9500122070312,1654142,609.8082081741302,631.9391774838103,32.72137448940711,12.698888976517448,649.0499877929688,583739.1,False,False,False,True,1,-0.08797469634057065
2023-10-20,595.0,599.7999877929688,589.0,590.7999877929688,2119632,607.9979014711623,630.3258759273068,32.16740093770564,12.563253177692541,649.0499877929688,645037.55,False,False,False,True,1,-0.08974655434179035
2023-10-23,590.0499877929688,594.0,570.7000122070312,573.1500244140625,1653095,604.6790560371528,628.0836856718854,25.13431431896558,13.330162793069412,644.7999877929688,723800.75,False,False,False,True,1,-0.11111967235630826
2023-10-25,573.0,579.4000244140625,548.1500244140625,550.4500122070312,2129935,599.5143851961889,625.03922788895,19.292110541687137,14.610151164993027,639.9000244140625,794242.9,False,False,False,True,1,-0.13978748053485068
2023-10-26,550.0,550.0,522.0,533.75,1111655,593.2511104155994,621.4592581678147,16.291870576166986,15.598712667995759,637.5999755859375,888754.85,False,False,False,True,1,-0.16287637948935318
2023-10-27,541.0,565.0,540.0,560.25,2354557,590.1081475188757,619.0588951024102,33.86731048286774,16.71666176313892,635.9000244140625,932257.55,False,False,False,True,1,-0.11896527993338057
2023-10-30,568.0,571.8499755859375,555.4500122070312,563.7000122070312,1062861,587.5930870129857,616.8879585182777,35.75840960108236,16.694040449979443,631.4500122070312,1024516.5,False,False,False,True,1,-0.10729273686004304
2023-10-31,570.0,575.5499877929688,559.9000244140625,564.2999877929688,465372,585.3746966110793,614.825685156501,36.10061935648025,16.619463516331358,629.75,1058771.35,False,False,False,False,0,-0.10393015038829889
2023-11-01,570.0,570.75,551.0,551.7999877929688,539277,582.1771052950688,612.3540891814605,32.24654246201639,16.843073265164833,629.75,1042410.15,False,False,False,False,0,-0.123779296875
2023-11-02,558.3499755859375,567.2999877929688,551.9000244140625,553.7999877929688,402265,579.4745226758212,610.0578499113235,33.47038459702685,16.7471394605102,629.75,1044782.7,False,False,False,False,0,-0.12060343343712787
2023-11-03,558.0,561.8499755859375,552.0,553.2000122070312,295170,576.9721883454602,607.828130785665,33.27619948766446,16.254484898040722,626.0,997498.5,False,False,False,False,0,-0.11629391021241009
2023-11-06,554.7999877929688,559.7999877929688,548.7999877929688,550.9500122070312,337716,574.493885856086,605.597616331601,32.514359014617696,15.879164548180672,626.0,978773.7,False,False,False,False,0,-0.11988815941368813
2023-11-07,553.9500122070312,553.9500122070312,540.0,542.7000122070312,484208,571.4658978895093,603.1310436208335,29.818642018476723,15.741367952384286,626.0,979311.85,False,False,False,False,0,-0.1330670731517073
2023-11-08,542.7000122070312,546.9500122070312,541.0,542.75,370025,568.7310504714608,600.7631595572714,29.85658930065948,15.041985399144783,626.0,974885.75,False,False,False,False,0,-0.1329872204472844
2023-11-09,544.2000122070312,544.2000122070312,534.0,535.0,457780,565.5185694741788,598.184212123653,27.384385171262167,14.696130171136675,619.9000244140625,852968.0,False,False,False,False,0,-0.13695760779217758
2023-11-10,535.0,542.2000122070312,532.0,539.5,292745,563.040610476638,595.882870471745,30.959136548966484,14.374978887986288,616.3499755859375,845539.7,False,False,False,False,0,-0.12468561471569706
2023-11-13,546.75,549.7999877929688,539.6500244140625,542.0,221120,561.0367428121963,593.769816727755,32.93441231796652,14.083908095485036,607.9500122070312,847562.15,False,False,False,False,0,-0.10847933363404993
2023-11-15,549.7999877929688,549.7999877929688,538.0,539.75,305793,559.0094339729395,591.6513925423528,32.04578506099949,13.920770931019586,604.5,840219.55,False,False,False,False,0,-0.1071133167907361
2023-11-16,542.9000244140625,542.9000244140625,535.5,536.4500122070312,299925,556.8609176142816,589.486632529203,30.735908805670675,13.45500332266551,602.0,839146.65,False,False,False,False,0,-0.10888702291190822
2023-11-17,536.5,537.7000122070312,532.0499877929688,534.0499877929688,346869,554.6884481074899,587.3126464611154,29.78243755298763,12.897504829193867,599.7999877929688,841181.75,False,False,False,False,0,-0.10961987552206276
2023-11-20,535.0999755859375,537.0,527.0,531.0499877929688,425124,552.4371661727736,585.1062676898155,28.58860138393014,12.690540198537162,599.7999877929688,845207.1,False,False,False,False,0,-0.11462154284626336
2023-11-21,536.0,549.0,533.0999755859375,540.5499877929688,628363,551.3050539461254,583.3589625958215,37.176617350906234,13.066216770572453,599.7999877929688,783756.2,False,False,False,False,0,-0.09878292965296154
2023-11-22,544.1500244140625,544.75,527.9500122070312,531.6500244140625,311802,549.4331463716433,581.3311610984975,33.15398502772632,13.332914700743617,594.0,709192.75,False,False,False,False,0,-0.10496628886521464
2023-11-23,535.6500244140625,535.6500244140625,530.0,530.5999755859375,245027,547.6395110587189,579.341702843103,32.70435836286924,12.784136823123537,579.4000244140625,642128.1,False,False,False,False,0,-0.0842251411319419
2023-11-24,530.5999755859375,543.9000244140625,529.0,536.9500122070312,645918,546.6214635490344,577.6792836024728,38.16567509251922,12.93527165104775,575.5499877929688,547882.7,False,False,False,True,1,-0.06706624342736034
2023-11-28,550.0,644.2999877929688,549.0,644.2000122070312,13383917,555.9146586593198,580.2879396261809,75.02754696647662,19.679179074968445,575.5499877929688,524595.85,False,True,True,True,2,0.11927725804896827
2023-11-29,700.0,760.0,690.0,732.5499877929688,15476039,572.7370709577626,586.259000338604,83.66597596826551,26.54495112625418,644.2999877929688,1076063.85,False,True,True,True,2,0.13697035801955826
2023-11-30,747.0,753.0,692.0,708.7999877929688,6181309,585.6954439896871,591.064529258383,76.05017406313206,29.006026045807452,760.0,1796722.75,False,False,True,True,2,-0.06736843711451479
2023-12-01,716.7000122070312,723.0,697.0499877929688,701.4500122070312,2295605,596.7196885818151,595.3933717269574,73.81096518237175,28.787739343037725,760.0,2082519.6,True,False,True,True,2,-0.07703945762232733
2023-12-04,770.0,800.0,728.7999877929688,732.25,3797072,609.627337288309,600.7602983259003,76.88268199000765,33.77075708946137,760.0,2170336.0,True,False,True,True,2,-0.03651315789473686
2023-12-05,732.2999877929688,878.7000122070312,712.0,877.8499755859375,25680410,635.1723504595117,611.6265601792351,85.52556634678972,43.26570388357351,800.0,2340076.35,True,True,True,True,2,0.09731246948242189
2023-12-06,915.0,1053.4000244140625,906.5,1053.300048828125,25868267,674.9940360184273,628.9470891458582,90.25405349551141,52.71458566532719,878.7000122070312,3609338.35,True,True,True,True,2,0.19870266779961776
2023-12-07,1102.0,1158.5999755859375,1102.0,1158.5999755859375,13942558,721.0517445486664,649.717790574881,91.95311023960552,56.47068145764757,1053.4000244140625,4885865.9,True,True,True,True,2,0.0998670483517321
2023-12-08,1230.0,1259.4000244140625,1100.0,1156.800048828125,17553553,762.551583051472,669.6033693299102,91.65895930696884,63.82277738310579,1158.5999755859375,5558783.4,True,False,True,True,2,-0.0015535359880378685
2023-12-11,1179.949951171875,1225.0,1130.300048828125,1172.1500244140625,6202921,801.5609584193377,689.3110812939946,91.89701915800438,66.0282897965893,1259.4000244140625,6417959.8,True,False,True,False,1,-0.06927902041338552
2023-12-12,1180.0,1184.800048828125,1101.0999755859375,1114.199951171875,6185074,831.336100586246,705.9733899166566,82.34226119860627,67.29056004270346,1259.4000244140625,6705216.85,True,False,True,False,1,-0.11529305258648226
2023-12-13,1110.0,1110.050048828125,1002.7999877929688,1004.5499877929688,8702879,847.8326612726005,717.6822761078846,67.94677605247298,70.44123170957509,1259.4000244140625,6999833.3,True,False,True,True,2,-0.20235829099627267
2023-12-14,1005.0,1080.0,1005.0,1051.550048828125,7505312,867.2343172302694,730.7751299400509,70.34033624930676,70.79900174510767,1259.4000244140625,7423921.25,True,False,True,True,2,-0.16503888483140217
2023-12-15,1070.0,1085.0,1035.050048828125,1046.949951171875,5567847,884.3500918913746,743.1741425373773,69.79101617373433,69.30978384701963,1259.4000244140625,7783897.2,True,False,True,False,1,-0.16869149525467908
2023-12-18,1047.0,1049.25,1020.0,1030.550048828125,4836390,898.2738973139222,754.4437859213282,67.75936450532703,66.44837071508965,1259.4000244140625,8047293.3,True,False,True,False,1,-0.18171349146385019
2023-12-19,1039.699951171875,1042.800048828125,1010.0,1026.25,4049083,910.4620975697392,765.1028531400997,67.2069302570622,64.04491915173503,1259.4000244140625,8271769.35,True,False,True,False,1,-0.18512785445000757
2023-12-20,1025.5,1059.5,926.75,960.7000122070312,3827565,915.2466608685289,772.7733299662539,59.27358464328307,68.9524249266111,1259.4000244140625,8452967.3,True,False,True,False,1,-0.23717643831712787
2023-12-21,924.0,995.9500122070312,923.0,985.0,2578772,921.8898360239072,781.0959444773812,61.106480073818446,69.23796687521254,1259.4000244140625,8612927.4,True,False,True,False,1,-0.21788154604945908
2023-12-22,1004.0,1018.9000244140624,985.0,996.2999877929688,1390011,928.9765171447702,789.5353187250513,61.96374654310822,66.71382812798753,1259.4000244140625,8726275.9,True,False,True,False,1,-0.20890902931616295
2023-12-26,1001.4500122070312,1008.0,987.0,995.0499877929688,1187517,935.2692286350748,797.5947175120285,61.80147060830654,63.448554690274136,1259.4000244140625,8783525.1,True,False,True,False,1,-0.2099015654252373
2023-12-27,1012.0,1020.0,991.0,999.0999755859376,941495,941.3483473922998,805.4968844953191,62.14736297316772,60.987943640968844,1259.4000244140625,8810605.05,True,False,True,False,1,-0.2066857581245719
2023-12-28,1006.4000244140624,1011.8499755859376,976.0,980.3499755859376,2406672,945.0627881726464,812.3538684596572,59.46280985825509,59.1923744941809,1259.4000244140625,8188483.95,True,False,True,False,1,-0.22157379976068625
2023-12-29,982.0,995.0,968.0,987.9500122070312,2495693,949.1472856997307,819.2399917438679,60.2130309130356,56.89291917316798,1259.4000244140625,7535015.6,True,False,True,False,1,-0.21553915113930833
2024-01-01,992.4000244140624,1013.9000244140624,983.5,1000.9500122070312,1726490,954.080878700426,826.365874899286,61.52471661433171,55.000569547517586,1259.4000244140625,7350734.8,True,False,True,False,1,-0.20521677560493579
2024-01-02,1005.0499877929688,1014.9000244140624,985.2000122070312,1000.9000244140624,2907798,958.5398449588674,833.2103513508458,61.51631844633883,53.193386880339986,1259.4000244140625,7322279.05,True,False,True,False,1,-0.20525646735656333
2024-01-03,1078.949951171875,1100.949951171875,1032.199951171875,1099.300048828125,17295243,971.9455786607015,843.6452414479941,70.15307159090764,56.54028258587375,1259.4000244140625,7277815.35,True,False,True,True,2,-0.1271240054647642
2024-01-04,1140.0,1159.800048828125,1094.0999755859375,1115.0999755859375,6280871,985.5793307488192,854.2905251396782,71.26809223700778,57.19455334703902,1259.4000244140625,6858557.0,True,False,True,False,1,-0.1145784072024778
2024-01-05,1115.4000244140625,1117.0,1080.0,1090.550048828125,2558514,995.5765419944674,863.5556045000094,67.07509685591643,55.75208525082195,1259.4000244140625,5879187.2,True,False,True,False,1,-0.13407175822828432
2024-01-08,1092.9000244140625,1096.0,1062.050048828125,1068.25,2060675,1002.49782370928,871.5828356960875,63.424796270808805,54.194789959468594,1259.4000244140625,5309985.0,True,False,True,False,1,-0.15177864118511142
2024-01-09,1070.949951171875,1100.0,1064.3499755859375,1067.3499755859375,2151595,1008.6742191261045,879.2599784368659,63.27512670364187,52.870163849082445,1225.0,4535341.1,True,False,True,False,1,-0.12869389748086735
2024-01-10,1073.550048828125,1082.550048828125,1060.0,1068.949951171875,1731962,1014.4147650352254,886.6988008970624,63.44029279057602,50.70444134758549,1184.800048828125,4332774.8,True,False,True,False,1,-0.09778029446473802
2024-01-11,1077.0,1080.0,1060.0,1062.25,854630,1018.9705016985372,893.5831616461971,62.179195372280745,48.5112669656151,1159.800048828125,4110119.2,True,False,True,False,1,-0.0841093677541147
2024-01-12,1064.949951171875,1070.699951171875,1055.0999755859375,1058.5,946547,1022.7352158224861,900.050488640464,61.44298810593829,46.16046043849527,1159.800048828125,3717706.75,True,False,True,False,1,-0.08734268370697151
2024-01-15,1058.5,1058.5,1058.5,1058.5,0,1026.1413857441541,906.264194968289,61.44298810593829,42.86328469288847,1159.800048828125,3389768.5,True,False,True,False,1,-0.08734268370697151
2024-01-16,1041.0,1041.0,1023.5499877929688,1026.050048828125,2307540,1026.1326869902466,910.9616794333806,54.91743412985856,42.29805094389867,1159.800048828125,3111376.15,True,False,True,False,1,-0.11532160231855693
2024-01-17,1012.8499755859376,1019.4500122070312,1000.0,1004.0999755859376,1250880,1024.0343335231696,914.6141616354417,50.973782623739595,41.13747936420055,1159.800048828125,2984933.65,True,False,True,False,1,-0.13424734151331386
2024-01-18,1006.9000244140624,1014.7000122070312,972.4500122070312,983.0999755859376,1849733,1020.1358232434332,917.2998798295789,47.462190435596554,41.216945123900516,1159.800048828125,2845023.5,True,False,False,False,0,-0.1523539108493116
2024-01-19,1000.0,1007.9500122070312,986.0499877929688,990.5,852306,1017.3133638869158,920.1704727774386,48.80069488604946,40.047880230842885,1159.800048828125,2746131.9,True,False,False,False,0,-0.14597347965210694
2024-01-23,1060.0,1068.0,990.0999755859376,996.3499755859376,1670762,1015.3168507153941,923.1579042601248,49.88761717760652,42.75160481535856,1159.800048828125,2659808.6,True,False,False,False,0,-0.14092952781588441
2024-01-24,990.0,1018.0,982.0,1002.2000122070312,1122020,1014.067628000312,926.2575947678467,51.00770336616418,42.269347328547234,1159.800048828125,2673846.15,True,False,True,False,1,-0.1358855233540769
2024-01-25,1002.2000122070312,1016.9000244140624,995.2000122070312,1002.9500122070312,824946,1013.0088074485709,929.2651405497755,51.15842770468066,40.800109105581804,1159.800048828125,2670571.3,True,False,True,False,1,-0.13523886016350561
2024-01-29,1010.0,1053.0,1005.0499877929688,1035.699951171875,1816753,1015.1698687555522,933.4390546918187,57.33144431205116,41.46081472610944,1159.800048828125,2664743.85,True,False,True,False,1,-0.10700128680080856
2024-01-30,1040.0,1050.0,1018.2999877929688,1028.1500244140625,2709758,1016.4060740563627,937.1532103672008,55.58723029837881,40.76361454617529,1159.800048828125,2635247.9,True,False,True,True,2,-0.11351096643519132
2024-01-31,1030.0,1035.699951171875,1006.2999877929688,1012.3499755859376,2672010,1016.0197789639413,940.1021031208768,52.02041150755212,39.95192517708465,1159.800048828125,2645951.15,True,False,True,True,2,-0.12713404641702908
2024-02-01,1018.2999877929688,1029.699951171875,999.1500244140624,1004.0999755859376,2855495,1014.8845595946076,942.6118236097028,50.20879603621173,39.280353861422356,1159.800048828125,2693227.15,True,False,True,True,2,-0.13424734151331386
2024-02-02,1006.0499877929688,1014.1500244140624,996.0,999.25,2348536,1013.3955539189307,944.832928566185,49.12568948269853,37.77104461518236,1159.800048828125,2690612.0,True,False,False,False,0,-0.13842907576210794
2024-02-05,1003.0,1007.0,985.0,989.0499877929688,2482752,1011.0769285736009,946.566930888804,46.83730448576897,36.64454142838362,1159.800048828125,1943276.65,True,False,False,True,1,-0.14722370567899534
2024-02-06,1005.0,1018.5499877929688,988.0,994.9500122070312,1229019,1009.5410317767846,948.4643066267737,48.336445601864014,36.20921616871113,1117.0,1753370.7,True,False,False,False,0,-0.10926587985046443
2024-02-07,1008.9000244140624,1072.199951171875,1001.0499877929688,1040.050048828125,6750686,1012.4466524483408,952.05590436016,58.06993986014739,39.14069636843489,1100.0,1686895.95,True,False,True,True,2,-0.05449995561079546
2024-02-08,1059.0,1065.0,1016.0,1023.0999755859376,3714348,1013.4612546519215,954.8419463690141,53.955598007956695,39.84493234211811,1100.0,1921396.5,True,False,True,True,2,-0.06990911310369308
2024-02-09,1029.0,1049.5999755859375,1003.2000122070312,1023.75,3710884,1014.4411351612623,957.5442229819939,54.089936251526716,40.31314884474584,1082.550048828125,1999534.15,True,False,True,True,2,-0.054316240520959624
2024-02-12,1033.699951171875,1061.9000244140625,1014.0,1025.25,4800285,1015.4705508601896,960.199351492504,54.42041192683582,40.85506852826846,1080.0,2098480.25,True,False,True,True,2,-0.050694444444444486
2024-02-13,1035.0,1036.949951171875,986.5,1007.7999877929688,3440888,1014.7400210442638,962.06604311213,49.91863982382581,41.54041728852607,1072.199951171875,2295763.0,True,False,False,True,1,-0.06006338958374269
2024-02-14,983.0,1027.300048828125,983.0,1010.5,2923474,1014.3362095162387,963.9654139704779,50.599576967487565,41.73753382706886,1072.199951171875,2420480.05,True,False,True,True,2,-0.05754519117860357
2024-02-15,1012.0,1033.949951171875,1005.75,1007.4500122070312,1426683,1013.6803812010761,965.6706923326957,49.77625410212808,40.77056363741215,1072.199951171875,2566653.75,True,False,False,False,0,-0.060389798464432376
2024-02-16,1012.9500122070312,1019.0999755859376,1003.0,1006.2000122070312,910442,1012.9679651064052,967.2600774258069,49.421330955496046,39.008378776592544,1072.199951171875,2522610.9,True,False,False,False,0,-0.06155562578855578
2024-02-19,1015.5499877929688,1029.0,1010.0,1011.7000122070312,1021076,1012.8472076874173,969.0028199662471,51.07438026221344,37.85063656347656,1072.199951171875,2505589.0,True,False,True,False,1,-0.05642598556241263
2024-02-20,1017.0,1018.0,1004.0,1012.0499877929688,2592693,1012.771281983184,970.690944194746,51.18371115991687,36.147019666085384,1072.199951171875,2464156.15,True,False,True,True,2,-0.05609957668172294
2024-02-21,1014.9500122070312,1046.0,1011.0499877929688,1021.0499877929688,4637737,1013.5597301555445,972.6658086495783,54.02871381865071,36.0615191332958,1072.199951171875,2551175.5,True,False,True,True,2,-0.04770561994803413
2024-02-22,1030.0,1031.8499755859375,1013.4500122070312,1018.1500244140624,3220687,1013.9969010373081,974.4495033854404,52.95773228168116,34.7999794365537,1072.199951171875,2699524.25,True,False,True,True,2,-0.050410305184903303
2024-02-23,1018.1500244140624,1035.0,1015.0999755859376,1029.4000244140625,4203600,1015.4638651684276,976.6044257787197,56.55552853476971,33.73569693494718,1072.199951171875,2804457.6,True,False,True,True,2,-0.03991785926779212
2024-02-26,1038.0,1095.0,1036.4000244140625,1075.550048828125,10670357,1021.1863588503036,980.4846462904611,67.52718782237375,36.011716838589344,1072.199951171875,2973390.3,True,True,True,True,2,0.003124508308910645
2024-02-27,1089.0,1096.0,1042.199951171875,1048.300048828125,5479415,1023.7686150386676,983.1440738409577,58.183526473734084,37.282311980699035,1095.0,3416070.5,True,False,True,True,2,-0.04264835723458904
2024-02-28,1050.0,1056.8499755859375,1005.4000244140624,1018.9000244140624,3498950,1023.3049397410862,984.5462679810795,50.1249513704455,38.29428620864018,1096.0,3554553.35,True,False,True,False,1,-0.07034669305286279
2024-02-29,1020.0,1033.300048828125,1005.25,1025.6500244140625,3210358,1023.5282811385124,986.1581799980593,51.7763762567844,37.56255496717481,1096.0,3595900.35,True,False,True,False,1,-0.06418793392877509
2024-03-01,1033.0,1053.8499755859375,1027.0,1039.1500244140625,3839126,1025.0160662123742,988.236291543785,54.986577141950974,36.89379755322483,1096.0,3613643.5,True,False,True,True,2,-0.05187041568059991
2024-03-04,1047.699951171875,1047.699951171875,1019.0999755859376,1025.9000244140625,2290040,1025.100252707773,989.7133006759527,51.37193672655113,36.30138169841858,1096.0,3688173.0,True,False,True,False,1,-0.06395983173899411
2024-03-05,1026.0,1032.25,1013.25,1020.1500244140624,3237710,1024.6288023940863,990.9068976852905,49.84074494755537,35.06556871996011,1096.0,3678537.4,True,False,False,False,0,-0.06920618210395768
2024-03-06,1021.0,1023.0999755859376,995.3499755859376,1005.8499755859376,3592120,1022.8403426980722,991.4929007402178,46.15616702884644,34.54302809710582,1096.0,3778971.95,True,False,False,False,0,-0.08225367191064081
2024-03-07,1014.0,1017.8499755859376,1001.0,1009.2000122070312,3379167,1021.5412636036873,992.1872972683282,47.142016323917964,33.27923863202237,1096.0,3621043.65,True,False,False,False,0,-0.07919706915416858
2024-03-11,1010.0,1022.9000244140624,997.5499877929688,1000.1500244140624,3607249,1019.5040027284849,992.4995610779648,44.75790028991511,32.71286705981318,1096.0,3604284.6,True,False,False,True,1,-0.08745435728643947
2024-03-12,1004.0,1007.7999877929688,960.0,965.0999755859376,1668717,1014.3226668101471,991.4250675292578,36.96149984123674,33.79051854075286,1096.0,3599102.85,True,False,False,False,0,-0.11943432884494742
2024-03-13,966.0499877929688,976.0499877929688,862.0499877929688,873.0,4164593,1000.8633652091806,986.7809472339928,24.757789884166144,39.51976721641337,1096.0,3442524.45,True,False,False,True,1,-0.20346715328467158
2024-03-14,870.0,981.0,846.5499877929688,973.2999877929688,6561550,998.2382816457318,986.2522821578742,45.760802565985,46.3004990014575,1096.0,3478709.7,True,False,False,True,1,-0.11195256588232783
2024-03-15,971.0,1007.0,945.25,989.0,6093587,997.3584452985192,986.3600357987419,48.198319776309496,47.40403478706768,1096.0,3660613.5,True,False,False,True,1,-0.09762773722627738
2024-03-18,947.6500244140624,966.5,912.5999755859376,947.25,3673113,992.5862124129459,984.8263089046736,42.70254004832198,49.47517690328159,1096.0,3893958.7,True,False,False,False,0,-0.135720802919708
2024-03-19,960.0,974.9500122070312,927.3499755859376,944.6500244140624,4195313,988.020861174957,983.2507683364144,42.37846905813661,49.34123831169674,1096.0,4032092.25,True,False,False,True,1,-0.13809304341782624
2024-03-20,954.5,961.4500122070312,928.25,936.0999755859376,1211071,983.0760149283836,981.4017176403172,41.269300466188874,48.18829358993492,1096.0,4190804.1,True,False,False,False,0,-0.14589418285954592
2024-03-21,955.0,955.0,930.0,936.0499877929688,910394,978.5973456773917,979.6232184306173,41.26250079524666,46.53198690493957,1096.0,4121723.0,False,False,False,False,0,-0.1459397921597001
2024-03-22,941.9500122070312,948.6500244140624,933.0999755859376,938.8499755859376,820686,974.811881859158,978.024267730826,41.84054094675835,44.31899132802423,1096.0,3935355.85,False,False,False,False,0,-0.14338505877195473
2024-03-26,938.8499755859376,968.9000244140624,937.0999755859376,949.0999755859376,2996728,972.3631288807561,976.8899817643597,44.012665652687204,43.42478114945999,1096.0,3815355.8,False,False,False,False,0,-0.1340328689909328
2024-03-27,955.0,959.6500244140624,910.0,919.7999877929688,3942984,967.357115443824,974.6511584713639,39.47422869490539,43.86944138264588,1096.0,3755012.2,False,False,False,True,1,-0.16076643449546646
2024-03-28,932.0,939.0999755859376,912.75,926.5499877929688,3467464,963.4707223342186,972.7648380526033,40.98402798148133,42.61805096859529,1096.0,3418643.55,False,False,False,True,1,-0.15460767537137887
2024-04-01,947.9500122070312,1000.0,945.0,969.5499877929688,2878739,964.0496999969567,972.6387654934019,49.60770338184024,44.82033391419786,1056.8499755859375,3318046.0,False,False,False,False,0,-0.08260395496964268
2024-04-02,972.0,984.9500122070312,963.6500244140624,976.25,3304235,965.21163333058,972.7803825328764,50.813734484662,43.14030919125293,1053.8499755859375,3287035.45,False,False,True,True,2,-0.0736347462956406
2024-04-03,974.9500122070312,987.7000122070312,965.2999877929688,975.9000244140624,3138079,966.2295753385307,972.9027214301778,50.74541603340283,41.65886027859647,1053.8499755859375,3291729.3,False,False,True,False,1,-0.07396683871301057
2024-04-04,985.9000244140624,996.4000244140624,980.0999755859376,984.2000122070312,3042493,967.9410455164831,973.3457524410348,52.38059485014282,40.14751311583958,1047.699951171875,3256676.95,False,False,True,False,1,-0.06060889751289733
2024-04-05,983.9500122070312,989.0,970.5499877929688,979.0,2992616,968.994279276818,973.5674876394256,51.23302226151658,38.59769162235327,1032.25,3294299.6,False,False,True,False,1,-0.051586340518285256
2024-04-08,986.9500122070312,988.0,963.0999755859376,966.7999877929688,1137434,968.785299135499,973.3020954885842,48.545809386519856,37.619286821761065,1023.0999755859376,3282044.9,False,False,False,False,0,-0.055028823317804676
2024-04-09,970.4500122070312,976.0,960.0999755859376,962.1500244140624,692150,968.1533682096479,972.8647593680147,47.522688274396565,36.06791093549687,1022.9000244140624,3159310.6,False,False,False,False,0,-0.059389968276517324
2024-04-10,965.0,967.2999877929688,956.5,961.2999877929688,502070,967.5006653128213,972.4112389140913,47.32632923093758,34.26305928245915,1022.9000244140624,3024959.75,False,False,False,False,0,-0.06022097482730959
2024-04-12,957.0999755859376,970.0,942.8499755859376,948.0499877929688,755787,965.6482198347401,971.4558957328708,44.25666074493054,33.75498536328796,1007.7999877929688,2869700.8,False,False,False,False,0,-0.05928755777309491
2024-04-15,920.0,938.0,906.2999877929688,926.25,1356648,961.8960084219076,969.6831155080524,39.69475002173273,34.326057837338816,1007.0,2824054.3,False,False,False,False,0,-0.08018867924528306
2024-04-16,926.25,936.4500122070312,919.9500122070312,927.75,704150,958.6440076198212,968.0386796057759,40.15187858040765,33.05276799181462,1007.0,2683657.05,False,False,False,False,0,-0.07869910625620657
2024-04-18,936.2000122070312,955.7000122070312,917.0,920.1500244140624,861752,954.9779139811775,966.1606931276694,38.55712531296838,33.45614257861581,1007.0,2390787.05,False,False,False,False,0,-0.08624625182317536
2024-04-19,910.0,919.0,898.0,912.4000244140624,982963,950.9228768795475,964.0524316094888,36.9456447558255,32.64856270971914,1000.0,2129195.3,False,False,False,False,0,-0.08759997558593757
2024-04-22,930.0,930.0,916.9000244140624,918.5499877929688,517419,947.8397445855876,962.2680220480568,39.120097055238666,31.57366362944903,1000.0,1994687.8,False,False,False,False,0,-0.0814500122070313
2024-04-23,919.5499877929688,931.3499755859376,919.5499877929688,923.1500244140624,549191,945.48834266449,960.733982925155,40.76553942654473,30.232686783986164,1000.0,1810793.1,False,False,False,False,0,-0.07684997558593765
2024-04-24,929.9000244140624,929.9000244140624,915.2000122070312,919.5,536974,943.013262410729,959.1169639869137,39.8452913975266,29.12321002848938,1000.0,1777699.1,False,False,False,False,0,-0.08050000000000002
2024-04-25,919.2000122070312,921.9500122070312,912.0499877929688,918.1500244140624,573793,940.6453349824751,957.510417336998,39.49021968021815,27.750125341744603,1000.0,1759028.1,False,False,False,False,0,-0.08184997558593765
2024-04-26,920.0,926.9500122070312,918.0,919.1500244140624,569183,938.5981625473881,956.0060882027652,39.917336836952295,26.407260117836508,1000.0,1746683.45,False,False,False,False,0,-0.08084997558593765
2024-04-29,926.0,927.0,918.0,919.0499877929688,513379,936.7364316183958,954.5568293631654,39.887005149831694,25.163884395133902,1000.0,1625306.2,False,False,False,False,0,-0.08095001220703124
2024-04-30,924.0999755859376,947.6500244140624,921.2999877929688,929.0999755859376,1080983,936.009150091495,953.5585213719016,44.45349940691448,25.40932383984531,1000.0,1453825.95,False,False,False,False,0,-0.0709000244140624
2024-05-02,955.0,969.8499755859376,925.0,932.1500244140624,2505289,935.6416143126919,952.7189724715943,45.7991931809322,26.79794182170905,1000.0,1334501.9,False,False,False,True,1,-0.06784997558593764
2024-05-03,932.8499755859376,936.9000244140624,922.5,930.4000244140624,2473403,935.1424152747272,951.843719606593,45.12371652962357,25.912376292591432,996.4000244140624,1315829.4,False,False,False,True,1,-0.0662384568274289
2024-05-06,930.4000244140624,930.5499877929688,905.0999755859376,917.1500244140624,2770526,933.4288542403782,950.4831825402193,40.27974342816334,25.879350286479983,996.4000244140624,1274287.8,False,False,False,True,1,-0.07953632884202644
2024-05-07,917.5,921.9500122070312,900.4500122070312,903.0999755859376,2953294,930.5403896066219,948.6250175616201,35.88118579950742,25.566539551731413,996.4000244140624,1255910.15,False,False,False,True,1,-0.0936371402469508
2024-05-08,903.9000244140624,906.0,891.0,895.5999755859375,2658197,927.2127311284614,946.545604150809,33.76176658622623,24.811786726607743,989.0,1251450.2,False,False,False,True,1,-0.09443885178368305
2024-05-09,893.6500244140625,908.9500122070312,874.0,878.5499877929688,969882,922.5781841441287,943.8791093916781,29.49631227244791,25.535945689495136,988.0,1234729.25,False,False,False,False,0,-0.11077936458201543
2024-05-10,879.5999755859375,889.0,858.5499877929688,867.0499877929688,887020,917.2897844916373,940.8662026623169,27.016976596887616,25.886950440747714,976.0,1226351.65,False,False,False,False,0,-0.11162911086785987
2024-05-13,875.0,889.9500122070312,849.0999755859375,861.8499755859375,784492,912.0098026910945,937.7675270906942,25.954612552815746,26.95574231077243,970.0,1236095.15,False,False,False,False,0,-0.11149487052996132
2024-05-14,866.5,932.7999877929688,862.0999755859375,908.9500122070312,2934798,911.7183940735646,936.6374284678054,46.48214955072722,30.098190160505204,970.0,1250216.25,False,False,False,True,1,-0.06293813174532858
2024-05-15,914.9000244140624,930.75,909.2000122070312,916.5999755859376,1038925,912.1833065985526,935.8516460018499,48.9572655669826,29.505461419966885,969.8499755859376,1359166.8,False,False,False,False,0,-0.05490539912405412
2024-05-16,923.0,924.1500244140624,901.25,906.7999877929688,642361,911.6706095694494,934.7123652877762,46.02094610590394,29.033644490973707,969.8499755859376,1343280.65,False,False,False,False,0,-0.06501004215098016
2024-05-17,909.5499877929688,917.4000244140624,902.0999755859376,913.6500244140624,606702,911.8591252689364,933.8863911358658,48.352715947265025,28.052673372198782,969.8499755859376,1340191.2,False,False,False,False,0,-0.057947056335101554
2024-05-21,914.7999877929688,964.0999755859376,905.1500244140624,930.0499877929688,2689899,913.5915883664633,933.7359439459483,53.52856030477462,30.259621786461388,969.8499755859376,1327438.7,False,False,True,True,2,-0.04103726225174531
2024-05-22,939.0,946.4500122070312,928.5,934.8499755859376,1075521,915.6161966730799,933.779631461242,54.951530165587954,29.380363959359237,969.8499755859376,1412785.5,False,False,True,False,1,-0.03608805576228902
2024-05-23,941.5499877929688,976.0,926.2000122070312,956.7000122070312,2958270,919.5289410096467,934.6784699218612,60.831124910417266,30.838908518902773,969.8499755859376,1440690.6,False,False,True,True,2,-0.013558760334000941
2024-05-24,956.7000122070312,1002.7000122070312,950.0,979.75,4025566,925.264279961109,936.4459809053176,65.88896870908923,32.40041592519766,976.0,1561144.55,False,True,True,True,2,0.0038422131147541894
2024-05-27,990.0,1008.0,969.5499877929688,972.5999755859376,1822756,929.7724414491879,937.8637846182831,63.16427711161818,32.83252994532863,1002.7000122070312,1735574.15,False,False,True,True,2,-0.030018984995163978
2024-05-28,979.0,983.6500244140624,950.0,951.7000122070312,1375089,931.8607815213635,938.4063817786263,55.88893885439684,32.89092240738104,1008.0,1798022.3,False,False,True,False,1,-0.05585316249302452
2024-05-29,954.6500244140624,965.0,945.0,950.75,983879,933.659754709805,938.890445238288,55.57558571344555,31.97014223542525,1008.0,1838317.6,False,False,True,False,1,-0.056795634920634885
2024-05-30,952.0,966.0,946.0499877929688,955.2000122070312,1022831,935.711207804779,939.5300360998074,56.797480914394775,31.111561519111394,1008.0,1861842.6,False,False,True,False,1,-0.05238094027080231
2024-05-31,966.0,1060.0,958.1500244140624,1039.300048828125,8553215,945.5768117117643,943.442585618565,72.30250412873265,36.375020538672636,1008.0,1858935.0,True,True,True,True,2,0.0310516357421875
2024-06-03,1190.0,1190.0,1101.699951171875,1119.4000244140625,10556786,962.1314033976975,950.3428773360355,79.75500337719296,44.54108701247281,1060.0,2161331.3,True,True,True,True,2,0.05603775888119111
2024-06-04,1115.0,1115.0,901.0,908.7000122070312,12465744,957.0426994747769,948.7098238015648,45.25834789100801,56.959582541157786,1190.0,2565500.45,True,False,False,True,1,-0.23638654436383932
2024-06-05,927.0499877929688,966.0,824.25,936.25,6670432,955.062442381941,948.221203260327,48.40103795590489,63.01604093107509,1190.0,3050261.35,True,False,False,True,1,-0.21323529411764708
2024-06-06,965.0,993.0,956.2000122070312,969.5499877929688,3249825,956.4422086115627,949.0576261831758,51.98887632277593,62.56846657885544,1190.0,3236118.25,True,False,True,True,2,-0.1852521110983456
2024-06-07,969.4000244140624,989.9000244140624,949.9000244140624,978.0999755859376,2156312,958.5048530853127,950.1965418460292,52.89454472010989,60.95643325179434,1190.0,3265699.65,True,False,True,False,1,-0.17806724740677515
2024-06-10,996.0,1013.9500122070312,965.2999877929688,970.7999877929688,2042686,959.6758182955657,951.0045201184581,51.99274231303166,60.07740404909921,1190.0,3325021.15,True,False,True,False,1,-0.18420169093027838
2024-06-11,977.9000244140624,977.9000244140624,955.0,956.8499755859376,1704568,959.4066904184582,951.2337536662025,50.23034506674847,57.42187693231086,1190.0,3382804.45,True,False,True,False,1,-0.19592439026391795
2024-06-12,959.7999877929688,964.7999877929688,950.0,951.7000122070312,795005,958.672721064989,951.2520383148625,49.56241988057503,54.37745627950071,1190.0,3428808.25,True,False,False,False,0,-0.20025209058232674
2024-06-13,952.25,960.0,943.0,945.7999877929688,866098,957.4467464676537,951.038232412043,48.762435697382784,51.707637973822095,1190.0,3321818.6,True,False,False,False,0,-0.20521009429162285
2024-06-14,947.1500244140624,960.0,942.2000122070312,946.5,784675,956.40419918502,950.8602625135316,48.86788873910389,49.285662960904006,1190.0,3313177.25,True,False,False,False,0,-0.20462184873949585
2024-06-18,948.2000122070312,957.8499755859376,937.7999877929688,940.25,1253541,954.865704024542,950.4441737875107,47.91959504764397,47.19740044890864,1190.0,3320292.95,True,False,False,False,0,-0.20987394957983196
2024-06-19,943.4000244140624,947.7999877929688,922.0499877929688,927.4000244140624,873592,952.2499250140202,949.5404816552186,45.94549487190278,45.6654432739866,1190.0,3352634.9,True,False,False,False,0,-0.2206722483915442
2024-06-20,928.0,942.0,924.0,925.75,1123547,949.7261226317326,948.6075215903081,45.68523651925875,43.68934018298756,1190.0,3261819.55,True,False,False,False,0,-0.22205882352941175
2024-06-21,926.0,930.7000122070312,918.4000244140624,922.9500122070312,1072848,947.1760168769991,947.6013447517483,45.217161471910636,41.447243583700505,1190.0,3264220.85,False,False,False,False,0,-0.22441175444787287
2024-06-24,920.5499877929688,923.9000244140624,909.6500244140624,911.75,1159403,943.8021105077612,946.1954096634445,43.30584260510901,39.5045833277219,1190.0,3169949.75,False,False,False,False,0,-0.23382352941176465
2024-06-25,911.75,920.0,886.25,889.5,1219526,938.6304809355934,943.972060264878,39.71436110301972,39.09354166145605,1190.0,3026641.6,False,False,False,False,0,-0.25252100840336134
2024-06-26,899.7999877929688,910.5,889.0,893.6500244140625,1252508,934.3466279335428,941.9986470942579,40.702166258741485,37.83686011420919,1190.0,2996480.1,False,False,False,False,0,-0.24903359292935923
2024-06-27,900.0,907.0,892.0,902.7999877929688,870307,931.3421860153928,940.4614447687171,42.92278294155763,36.2056558203371,1190.0,2990351.05,False,False,False,False,0,-0.24134454807313555
2024-06-28,903.0,906.0,895.0,896.0,657824,927.9762635377364,938.7178586993557,41.673758599399804,34.40525183317016,1190.0,2984672.45,False,False,False,False,0,-0.24705882352941178
2024-07-01,896.5499877929688,902.0,883.0,888.0499877929688,1062754,924.1737610858537,936.7308833696934,40.200893138623734,33.304876702229436,1190.0,2966422.1,False,False,False,False,0,-0.2537395060563288
2024-07-02,896.9500122070312,938.0,889.5,904.5999755859376,3839397,922.3095910382426,935.4708477703305,44.59118913572843,34.49381495257242,1190.0,2591899.05,False,False,False,True,1,-0.2398319532891281
2024-07-03,914.7999877929688,916.6500244140624,901.3499755859376,905.1500244140624,1034594,920.6753465978445,934.2817958740062,44.73640914297123,33.122831657969016,1115.0,2256029.6,False,False,False,False,0,-0.1882062561308857
2024-07-04,905.0,908.9000244140624,895.0,896.4500122070312,799590,918.3681718939575,932.798196514517,42.824601235548535,31.749773997689974,1013.9500122070312,1684472.1,False,False,False,False,0,-0.11588342480931746
2024-07-05,904.0999755859376,904.0999755859376,890.0,891.0499877929688,873337,915.7664400748158,931.16101185877,41.63526404398102,30.489074111136233,1013.9500122070312,1390930.0,False,False,False,False,0,-0.12120915521915143
2024-07-08,894.0499877929688,899.0,882.0,883.6500244140625,765392,912.7077338214107,929.2978358805462,39.996007798110675,29.52556881748365,1013.9500122070312,1272105.6,False,False,False,False,0,-0.12850730926009768
2024-07-09,893.7000122070312,917.4000244140624,887.5499877929688,891.8499755859375,1715991,910.7212806561275,927.8292923395812,42.68873227557169,29.827313901949093,1013.9500122070312,1202559.6,False,False,False,True,1,-0.1204201737276206
2024-07-10,901.0,904.4000244140624,883.0,890.6500244140625,729459,908.8097324425976,926.3712818326982,42.38895310456685,29.225364652814328,977.9000244140624,1186224.85,False,False,False,False,0,-0.08922179959273269
2024-07-11,891.9000244140625,898.0999755859375,880.75,894.5999755859375,1604227,907.4564222657727,925.1253482543939,43.788307431719986,28.37712257660884,964.7999877929688,1137469.4,False,False,False,True,1,-0.07276120760284988
2024-07-12,894.5999755859375,902.0499877929688,889.2000122070312,893.2000122070312,2036664,906.098668926845,923.8733742917522,43.38607056064281,27.268040648703746,960.0,1177930.5,False,False,False,True,1,-0.0695833206176758
2024-07-15,893.5,904.4000244140624,886.0999755859375,895.5999755859375,2513263,905.098793370568,922.7646135581907,44.33016678819594,26.627469804376684,960.0,1236458.8,False,False,False,True,1,-0.06708335876464844
2024-07-16,904.5499877929688,915.7999877929688,897.5999755859375,906.0,3115537,905.1846225733711,922.1071777323793,48.349739648881204,26.168365690280584,957.8499755859376,1322888.2,False,False,False,True,1,-0.054131624896915476
2024-07-18,906.0,906.0,885.5999755859375,890.0999755859375,3499221,903.7479895269489,920.8519933344797,43.21263037693309,25.756341313407866,947.7999877929688,1415988.0,False,False,False,True,1,-0.06087783598878338
2024-07-19,893.0,894.0,883.9500122070312,888.5,2640294,902.2958000481918,919.5832877135198,42.72074520403655,24.63445891909079,942.0,1547269.45,False,False,False,True,1,-0.05679405520169856
2024-07-22,881.5499877929688,896.0999755859375,874.5,886.0999755859375,3334580,900.7533405755962,918.2702166496931,41.949370375777825,24.41771010957984,938.0,1623106.8,False,False,False,True,1,-0.05533051643290243
2024-07-23,886.2999877929688,909.9500122070312,857.0,879.1500244140625,3570564,898.6958818935453,916.7360914639821,39.71316386326629,26.455731687969227,938.0,1736193.4,False,False,False,True,1,-0.06273984604044514
2024-07-24,882.0,895.0,880.5,890.4500122070312,3971257,897.9105609710202,915.7052648264547,44.85993264132443,25.698177680681248,938.0,1856751.45,False,False,False,True,1,-0.05069295073877267
2024-07-25,883.0,902.0,878.0499877929688,881.9500122070312,925391,896.3905087077832,914.3815294296146,41.958217163465136,25.57330871827768,938.0,1994338.0,False,False,False,False,0,-0.05975478442747206
2024-07-26,888.7000122070312,916.8499755859376,882.2000122070312,888.4500122070312,2835570,895.6342709458067,913.3646071855918,44.8936809416816,26.239498336894016,938.0,1977982.15,False,False,False,True,1,-0.05282514690081952
2024-07-29,900.0,924.4000244140624,889.0,892.9500122070312,2776196,895.3786272563996,912.5640348334914,46.89606120921794,26.933106470475238,938.0,2076245.3,False,False,False,True,1,-0.04802770553621405
2024-07-30,900.0,906.9000244140624,892.0,896.4000244140625,1355256,895.475903176177,911.9301520719453,48.442835621636576,26.07360060930289,938.0,2182163.9,False,False,False,False,0,-0.04434965414279046
2024-07-31,898.4000244140625,909.5,891.0999755859375,895.5499877929688,984366,895.4829588539667,911.2877926884561,48.07131074669646,25.525488023928578,938.0,2196789.0,False,False,False,False,0,-0.04525587655333818
2024-08-01,883.0,941.9000244140624,883.0,915.5499877929688,6487457,897.3941044672049,911.4549375945154,56.52057958752001,27.909383480366706,924.4000244140624,2054037.45,False,False,True,True,2,-0.009573816948677871
2024-08-02,905.0,922.0,901.0,908.9000244140624,2293304,898.4899063669056,911.3547449207722,53.4088697217628,27.415856088911944,941.9000244140624,2326680.6,False,False,True,False,1,-0.03503556550020126
2024-08-05,890.0,896.4500122070312,851.0,857.0499877929688,2915990,894.5432474551021,909.2251466020349,36.5243294891179,29.593296683565548,941.9000244140624,2401366.3,False,False,False,True,1,-0.09008390956766055
2024-08-06,865.0,892.8499755859375,860.0499877929688,868.0999755859375,2721776,892.0248406104197,907.6123947974821,40.81831516248332,30.036631762808632,941.9000244140624,2503498.95,False,False,False,True,1,-0.07835231650411567
2024-08-07,880.0,882.9000244140625,869.25,875.4000244140625,4252885,890.4415247821952,906.3491645863677,43.53584772299682,28.948304410331232,941.9000244140624,2601318.15,False,False,False,True,1,-0.0706019729019205
2024-08-08,879.9500122070312,888.0,873.2000122070312,875.0,3002300,888.9709033743671,905.1197855829807,43.41819428963277,27.93771036623391,941.9000244140624,2728162.85,False,False,False,True,1,-0.07102667234314974
2024-08-09,885.0,886.7000122070312,865.2000122070312,869.8499755859375,2074967,887.149862632612,903.7366557791751,41.85013688993062,27.47787391150292,941.9000244140624,2841804.9,False,False,False,False,0,-0.07649436984880198
2024-08-12,839.9500122070312,844.4000244140625,752.3499755859375,834.25,5525083,882.1117804771252,901.0116888858742,32.982645408062595,33.908025774967,941.9000244140624,2865341.9,False,False,False,True,1,-0.11429028731688307
2024-08-13,867.75,867.75,844.9500122070312,851.3499755859375,5098540,879.1820847732025,899.0641707172492,39.602567079429164,33.87888107675507,941.9000244140624,3039762.85,False,False,False,True,1,-0.0961355202049754
2024-08-14,850.0,853.9000244140625,833.0,843.25,5149876,875.759981461469,896.8753797087297,37.702751192556654,32.951819886562745,941.9000244140624,3169026.7,False,False,False,True,1,-0.10473513308955551
2024-08-16,845.9000244140625,852.4000244140625,840.0499877929688,848.1500244140625,4748490,873.1304617426683,894.9645814618801,39.59070414570992,31.480263939029246,941.9000244140624,3270743.65,False,False,False,True,1,-0.09953285653466237
2024-08-19,846.5,860.7999877929688,846.0499877929688,856.3499755859375,4951015,871.532320203932,893.4502831922354,42.71915558034653,30.285245086241442,941.9000244140624,3333207.1,False,False,False,True,1,-0.09082710118979331
2024-08-20,855.0499877929688,863.5,850.9500122070312,859.0999755859375,4687430,870.3482873831707,892.1032123057139,43.770858804487034,29.01844099386482,941.9000244140624,3448743.15,False,False,False,True,1,-0.08790747073144323
2024-08-21,857.0499877929688,868.8499755859375,855.0,859.0499877929688,4042213,869.2722588507705,890.8070074228611,43.75513242510721,27.93497917901287,941.9000244140624,3516385.65,False,False,False,True,1,-0.08796054196158776
2024-08-22,861.0,867.5,858.0,860.9000244140625,4423458,868.4749031901317,889.634184559771,44.54919113229219,26.618194951940524,941.9000244140624,3539968.1,False,False,False,True,1,-0.08599638804594834
2024-08-23,858.1500244140625,866.6500244140625,849.25,858.2999877929688,5464185,867.5058636284971,888.4053925297004,43.61720096787595,25.95975419923495,941.9000244140624,3562578.15,False,False,False,True,1,-0.08875680481386505
2024-08-26,859.0499877929688,865.0,854.0,856.0999755859375,4723372,866.4195885768247,887.1385134338666,42.80126068248412,24.891200327861025,941.9000244140624,3789517.85,False,False,False,True,1,-0.09109252214055241
2024-08-27,856.0,861.0,852.25,856.3499755859375,3488034,865.4605778157878,885.9311197927714,42.93190591129666,23.738257447299524,941.9000244140624,3883907.95,False,False,False,False,0,-0.09082710118979331
2024-08-28,853.5,859.0,840.0999755859375,848.7999877929688,3036506,863.8738549564717,884.4749969692497,39.96325662801011,23.39266937349688,941.9000244140624,3919499.85,False,False,False,False,0,-0.0988428009427108
2024-08-29,845.0499877929688,847.5499877929688,833.2000122070312,837.5,2342762,861.3620592463317,882.6328402253575,35.95583937174666,22.83604838867121,941.9000244140624,4003562.35,False,False,False,False,0,-0.11083981495701478
2024-08-30,838.0,843.7999877929688,826.0,830.3499755859375,860287,858.4085274691513,880.5825318081254,33.656084660164595,22.476329774692463,941.9000244140624,4071482.15,False,False,False,False,0,-0.11843088006873981
2024-09-02,832.0,852.2999877929688,830.7999877929688,847.8499755859375,3684236,857.4029510993214,879.2989021523533,43.22729537091671,22.438735662716663,922.0,3790123.65,False,False,False,False,0,-0.08042301997186818
2024-09-03,847.7999877929688,855.0,842.8499755859375,851.0999755859375,3733947,856.8026677170943,878.1930618948468,44.819437727726296,21.703827716384225,896.4500122070312,3859670.25,False,False,False,False,0,-0.05058847231140462
2024-09-04,840.0,858.9500122070312,837.5999755859375,854.5499877929688,4048064,856.5881267719395,877.2658825183025,46.53357428868158,21.678556923863475,892.8499755859375,3900568.1,False,False,False,True,1,-0.04289633067171694
2024-09-05,851.6500244140625,856.4000244140625,841.2000122070312,844.0,356220,855.3892575555643,875.9613381058201,42.21498462609258,21.215803729804033,888.0,3966882.5,False,False,False,False,0,-0.0495495495495496
2024-09-06,840.0,846.75,823.5999755859375,826.75,559986,852.6617092169392,874.0314817095134,36.285341351420385,21.35396235010821,888.0,3772049.25,False,False,False,False,0,-0.06897522522522526
2024-09-09,826.0499877929688,830.4000244140625,808.2999877929688,814.75,647580,849.0510702438974,871.7067177209051,32.83058529399892,21.40725336946432,886.7000122070312,3649933.55,False,False,False,False,0,-0.0811435786810748
2024-09-10,817.9000244140625,824.5999755859375,812.0,813.5499877929688,451634,845.6700147723803,869.4260616452998,32.49737109079962,20.778162099212405,868.8499755859375,3578564.2,False,False,False,False,0,-0.06364733768413289
2024-09-11,813.5499877929688,819.9500122070312,800.0,804.7999877929688,443301,841.7776312505316,866.8917058079535,30.0985517012777,20.71900853548518,868.8499755859375,3324891.75,False,False,False,False,0,-0.07371812118631249
2024-09-12,804.7999877929688,813.9000244140625,798.0,805.7999877929688,531081,838.351189016478,864.4959521603071,30.72789029541306,20.37479538395499,868.8499755859375,3092129.8,False,False,False,False,0,-0.07256717450034911
2024-09-13,801.0,809.75,798.0,800.75,552284,834.770123395861,861.9961108991185,29.29357200908393,19.75873857081535,868.8499755859375,2861190.05,False,False,False,False,0,-0.07837944121482199
2024-09-16,802.0,825.0,802.0,806.75,1035346,832.1015402153029,859.8295967462119,33.27853221417227,20.079542958614255,868.8499755859375,2651379.75,False,False,False,False,0,-0.07147376109904169
2024-09-17,807.2000122070312,810.75,798.0,799.5,467552,828.9966316233692,857.4637302071449,31.00467244382807,19.556004175856092,868.8499755859375,2455596.3,False,False,False,False,0,-0.07981812457227622
2024-09-18,799.5,804.75,792.0,793.4500122070312,393363,825.6112392980037,854.9533883247875,29.21098451757534,19.0698610204378,868.8499755859375,2244602.4,False,False,False,False,0,-0.08678133797271248
2024-09-19,792.0,800.0,773.0499877929688,776.2000122070312,711872,820.9054081464826,851.8650206338951,24.80469600194604,19.63272896233733,867.5,2062159.9,False,False,False,False,0,-0.10524494270082851
2024-09-20,777.9000244140625,795.7000122070312,775.5999755859375,788.7000122070312,903218,817.8382275808206,849.3879614799006,32.72408940912659,19.66610808081993,866.6500244140625,1876580.6,False,False,False,False,0,-0.08994404893686214
2024-09-23,845.0,855.0,822.9500122070312,835.3499755859375,6122329,819.5060131051174,848.837452229157,52.73176256499609,22.997099488830564,865.0,1648532.25,False,False,True,True,2,-0.03427748487174853
2024-09-24,830.0,831.9500122070312,810.0,812.9500122070312,1515034,818.8816320672045,847.430101640054,45.703231166892785,23.165162067195343,861.0,1718480.1,False,False,False,False,0,-0.055807186751415494
2024-09-25,810.0,812.9500122070312,799.0,801.0999755859375,646962,817.1881409737505,845.6132339516573,42.477637047706644,22.506937077183622,859.0,1619830.1,False,False,False,False,0,-0.06740398651229629
2024-09-26,801.0,805.5999755859375,790.0999755859375,792.0999755859375,698506,814.7987918891969,843.5146748000604,40.159401578062116,22.006441571670507,858.9500122070312,1500352.9,False,False,False,False,0,-0.07782762171377788
2024-09-27,793.0,802.9000244140625,780.0,783.75,724126,811.8417640902258,841.1709620628033,38.08279878264793,22.070268917555648,858.9500122070312,1418140.1,False,False,False,False,0,-0.08754876434986991
2024-09-30,784.5499877929688,793.0,779.25,786.5,519810,809.4282627482995,839.0270027662228,39.19790671323448,21.4759639948731,858.9500122070312,1411332.05,False,False,False,False,0,-0.08434718106688699
2024-10-01,784.0499877929688,794.3499755859375,784.0499877929688,786.4500122070312,422972,807.2398579348454,836.9651599991957,39.18409233538677,20.677679980451362,858.9500122070312,1253110.75,False,False,False,False,0,-0.08440537746045862
2024-10-03,778.0,782.8499755859375,770.4000244140625,772.25,540034,803.9074905124792,834.4273105874626,35.37062026552208,20.34713053848832,858.9500122070312,1087562.0,False,False,False,False,0,-0.10093720353325297
2024-10-04,770.0499877929688,778.3499755859375,758.1500244140625,763.4000244140625,552006,800.0496365983443,831.6419268159567,33.20186148501436,20.336617726587367,856.4000244140625,912160.5,False,False,False,False,0,-0.10859411180380263
2024-10-07,758.5499877929688,769.7000122070312,738.2000122070312,741.4500122070312,678392,794.4687199896478,828.1049889881557,28.52946601138629,21.13400217468827,855.0,921949.8,False,False,False,False,0,-0.13280700326663009
2024-10-08,736.6500244140625,764.9500122070312,728.0499877929688,759.9500122070312,745881,791.181224010351,825.4322448006607,36.62452527112012,22.260146620357858,855.0,927870.1,False,False,False,False,0,-0.1111695763660453
2024-10-09,760.0,771.5,752.7999877929688,757.1500244140625,452788,787.9401573821331,822.754510667853,35.96064528753237,22.005851305120245,855.0,932785.15,False,False,False,False,0,-0.11444441588998533
2024-10-10,755.9500122070312,767.8499755859375,753.0,757.5999755859375,317482,785.0506162586859,820.1994308607191,36.16090713134566,21.49471732517862,855.0,932842.85,False,False,False,False,0,-0.11391815720942977
2024-10-11,754.0,773.0,754.0,757.3499755859375,709753,782.4124600041383,817.7347463401394,36.09337071529559,21.316523230523003,855.0,926551.9,False,False,False,False,0,-0.11421055487024856
2024-10-14,755.0,763.0499877929688,752.2000122070312,754.3499755859375,250140,779.7398424405002,815.2490690556609,35.2427529504816,20.56891268448118,855.0,935485.5,False,False,False,False,0,-0.11771932680007313
2024-10-15,750.0,754.3499755859375,744.25,745.9000244140625,303914,776.5170026284585,812.5294986775591,32.891454723952904,19.821131463156632,855.0,920378.3,False,False,False,False,0,-0.12760231062682748
2024-10-16,745.1500244140625,754.7000122070312,744.0499877929688,746.7999877929688,313181,773.6868107393642,809.9518707997321,33.401090992421516,19.16605238822134,855.0,883806.7,False,False,False,False,0,-0.1265497218795687
2024-10-17,742.3499755859375,749.9500122070312,733.0,735.0999755859375,360438,770.0118740580855,807.0165023599754,30.19107470528118,19.00776380385062,855.0,876088.15,False,False,False,False,0,-0.14023394668311406
2024-10-18,730.0,749.9000244140625,716.9500122070312,732.5999755859375,540647,766.448836108357,804.0982071923661,29.537848175734624,20.003638689792094,855.0,874441.9,False,False,False,False,0,-0.14315792329130117
2024-10-21,730.0,737.9500122070312,715.25,720.2000122070312,319720,762.0441862129926,800.8080818988235,26.47777503565834,20.19623679816632,855.0,865880.65,False,False,False,False,0,-0.15766080443622077
2024-10-22,715.25,728.0,684.7000122070312,691.8499755859375,740844,755.3590232961302,796.5352149845927,21.096538713495406,21.846504726366497,855.0,836705.75,False,False,False,False,0,-0.19081874200475146
2024-10-23,692.0,705.0,682.25,700.4500122070312,614601,750.129593668597,792.7671678168452,26.00912402817201,21.911040103054606,831.9500122070312,567631.5,False,False,False,True,1,-0.15806238123748728
2024-10-24,695.6500244140625,773.7999877929688,695.5499877929688,754.9500122070312,3162146,750.5886811484479,791.2841421066564,48.073226792697,25.935251524264995,812.9500122070312,522609.85,False,False,False,True,1,-0.07134510010343575
2024-10-25,754.8499755859375,760.0,712.7999877929688,724.1500244140625,1428938,748.0707138404113,788.6514316089077,40.68872918632462,27.454163001605444,805.5999755859375,648369.05,False,False,False,True,1,-0.10110470908670766
2024-10-28,719.0999755859375,726.7000122070312,700.0499877929688,712.0999755859375,768387,744.6449292447471,785.649413725654,38.21541544173812,27.396724531066663,802.9000244140625,684890.65,False,False,False,True,1,-0.11309010594985192
2024-10-29,707.1500244140625,716.5999755859375,705.8499755859375,710.9000244140625,358297,741.4311287846818,782.7180651251995,37.96791199568695,26.207672778847616,794.3499755859375,687103.7,False,False,False,False,0,-0.1050543887916906
2024-10-30,708.0,727.7000122070312,705.0,713.5499877929688,460359,738.7757820235663,780.0055915043278,38.90889467463812,25.957125595146447,794.3499755859375,679028.05,False,False,False,False,0,-0.10171837386080129
2024-10-31,713.5499877929688,727.0,713.5499877929688,718.3499755859375,392901,736.8304671247446,777.5877242134105,40.664648773414484,25.06376035313822,782.8499755859375,680897.4,False,False,False,False,0,-0.0823912652634674
2024-11-01,721.7999877929688,725.5499877929688,720.0,722.9500122070312,77967,735.5085190373434,775.4450688406114,42.373918637468726,23.78777834270201,778.3499755859375,673540.75,False,False,False,False,0,-0.0711761612598516
2024-11-04,718.0,720.0499877929688,708.1500244140625,711.3499755859375,301856,733.2077053753048,772.9315357718007,39.299474436940216,23.145793303435347,773.7999877929688,649838.8,False,False,False,False,0,-0.08070562573301543
2024-11-05,707.0,726.0,706.3499755859375,722.0499877929688,365382,732.1450656055586,770.9361809491014,43.38027472260155,22.896095525623,773.7999877929688,631012.0,False,False,False,False,0,-0.06687774724267093
2024-11-06,720.0499877929688,752.0,720.0499877929688,742.2999877929688,690233,733.1122010519786,769.8131929821943,50.20332639663847,23.542803860009304,773.7999877929688,611987.05,False,False,True,True,2,-0.040708193973799656
2024-11-07,742.2999877929688,746.6500244140625,722.0499877929688,725.7000122070312,314547,732.4062783048407,768.0832643243448,45.376024588527144,23.61832048580105,773.7999877929688,623859.3,False,False,False,False,0,-0.06216073448531345
2024-11-08,720.9500122070312,726.0999755859375,710.5,712.5999755859375,269748,730.5199637601833,765.9074490797013,41.94808002403791,23.045581564382225,773.7999877929688,623712.55,False,False,False,False,0,-0.07909022121024556
2024-11-11,708.75,712.3499755859375,700.0,701.7999877929688,256490,727.784727953782,763.3934309900255,39.31137800657911,22.299466851636172,773.7999877929688,601712.3,False,False,False,False,0,-0.09304730051154209
2024-11-12,700.0499877929688,713.25,697.5999755859375,701.2000122070312,259021,725.2528502636153,760.9544733906924,39.164101954637275,21.824506677523768,773.7999877929688,602029.8,False,False,False,False,0,-0.09382266313160204
2024-11-13,701.0,706.9000244140625,673.5499877929688,678.9000244140625,439495,720.8382954208007,757.7366518621973,34.056985097051026,22.647758816350194,773.7999877929688,599785.15,False,False,False,False,0,-0.12264146404238108
2024-11-14,687.0999755859375,693.7000122070312,677.6500244140625,683.9000244140625,283810,717.3203648487304,754.8410978446234,36.06997932679972,22.176489457537233,773.7999877929688,606100.85,False,False,False,False,0,-0.11617984595130171
2024-11-18,665.0,673.0,652.1500244140625,669.9000244140625,1135461,712.8041419501907,751.5100753571505,33.02965135537032,22.860311639141717,773.7999877929688,602269.45,False,False,False,True,1,-0.13427237660632374
2024-11-19,665.0,683.7000122070312,662.2999877929688,671.75,353628,708.8942236692202,748.3822292647133,33.82343366491695,22.756005408778915,773.7999877929688,632010.15,False,False,False,False,0,-0.13188160946349403
2024-11-21,555.0,619.7999877929688,545.75,601.9000244140625,7747092,698.7042999306337,742.6378290744916,22.823568716923333,30.13057645100899,773.7999877929688,633705.55,False,False,False,True,1,-0.22215038264500242
2024-11-22,570.5999755859375,624.4000244140625,567.0,609.0999755859375,4877932,690.1705547549484,737.401050506313,25.512627464573285,32.07839416265567,773.7999877929688,984017.95,False,False,False,True,1,-0.2128457156955874
2024-11-25,636.3499755859375,641.8499755859375,592.2999877929688,600.4000244140625,1889993,681.6209804367687,732.0284612477934,24.40604215057803,33.326365136249464,773.7999877929688,1197184.5,False,False,False,True,1,-0.2240888680723263
2024-11-26,605.0,607.2000122070312,577.0,579.4500122070312,1849854,671.8904120339365,726.0449926579596,21.93837633227446,33.10305421273388,760.0,1133576.85,False,False,False,True,1,-0.23756577341180096
2024-11-27,580.0499877929688,695.2999877929688,572.5499877929688,694.0499877929688,11556998,674.000847820511,724.7902865848228,51.07775531743913,39.506407483252886,752.0,1154622.65,False,False,True,True,2,-0.07706118644552029
2024-11-28,715.5499877929688,824.2999877929688,712.0999755859375,803.8499755859375,19663248,686.3674314172183,727.8906665456508,64.68124989049578,45.98809266302054,752.0,1694053.2,False,True,True,True,2,0.06894943561959765
2024-11-29,809.4000244140625,862.0,788.5499877929688,812.3499755859375,20895033,698.3657689570964,731.2027963119365,65.4814488607343,47.94965834473559,824.2999877929688,2659300.75,False,False,True,True,2,-0.014497164119857575
2024-12-02,812.0,815.2999877929688,770.0,772.5499877929688,3972726,705.4309326557509,732.8242548013887,58.767492428326165,47.76039616246653,862.0,3681034.45,False,False,True,True,2,-0.10377031578541906
2024-12-03,780.2999877929688,789.0,762.0,766.25,2337108,711.2232247837746,734.1350683385891,57.75797539195112,46.27751072229035,862.0,3860025.7,False,False,True,False,1,-0.1110788863109049
2024-12-04,766.5,776.3499755859375,740.5,746.6500244140625,2004742,714.5972057009449,734.6258509297842,54.61467181707475,45.532686783979436,862.0,3972982.75,False,False,True,False,1,-0.13381667701384858
2024-12-05,754.7000122070312,754.7000122070312,735.2000122070312,743.9500122070312,1462651,717.3927110824769,734.9915043132057,54.17726422528796,43.67320915655234,862.0,4058127.05,False,False,True,False,1,-0.13694894175518413
2024-12-06,744.7999877929688,751.4500122070312,728.0,731.0499877929688,1260840,718.6934041025237,734.8369350379023,52.03306144311878,42.22869508872941,862.0,4112990.5,False,False,True,False,1,-0.15191416729353968
2024-12-09,731.0499877929688,737.5,722.0499877929688,729.5,746949,719.7226037118072,734.6276434677885,51.767947748628075,40.31593202575097,862.0,4141520.85,False,False,True,False,1,-0.15371229698375866
2024-12-10,730.0,734.3499755859375,714.0,715.4500122070312,1008997,719.3156902351618,733.8755794967785,49.31512979828999,38.88979228005,862.0,4163140.95,False,False,False,False,0,-0.17001158676678507
2024-12-11,712.0999755859375,726.5,708.0499877929688,717.5,1061030,719.1427673556226,733.2333999086695,49.689689779035476,37.42980798912009,862.0,4200103.4,False,False,False,False,0,-0.16763341067285387
2024-12-12,720.9500122070312,755.6500244140625,712.2999877929688,730.4000244140625,4461421,720.214887075474,733.1222871441752,52.08908316675802,37.85268146283249,862.0,4240330.4,False,False,True,True,2,-0.1526681851344983
2024-12-13,728.9000244140625,733.0,709.0499877929688,717.8499755859375,1337241,719.989657409804,732.5233729654208,49.61020571555807,36.85963365884669,862.0,4450450.4,False,False,False,False,0,-0.16722740651283352
2024-12-16,717.75,723.6500244140625,711.0999755859375,712.7000122070312,688854,719.2954054857304,731.7459862690134,48.58836307748094,35.12323474236657,862.0,4495337.7,False,False,False,False,0,-0.17320184198720268
2024-12-17,713.9000244140625,723.5499877929688,705.0999755859375,714.6500244140625,904258,718.8529882408096,731.0755563923487,49.016576092708256,33.9322902755569,862.0,4515589.9,False,False,False,False,0,-0.1709396468514356
2024-12-18,715.5499877929688,719.6500244140625,699.5,701.7999877929688,672236,717.2288929600629,729.9274948786476,46.280975706541376,32.94784271402159,862.0,4504029.75,False,False,False,False,0,-0.18584688191070908
2024-12-19,690.0,701.7000122070312,686.0999755859375,697.25,562043,715.3261412495808,728.6460244912497,45.316575449890735,31.71585482066514,862.0,4519960.15,False,False,False,False,0,-0.1911252900232019
2024-12-20,697.0,712.4500122070312,666.1500244140625,674.3499755859375,1121570,711.4236492816148,726.5167676714335,40.71773045996148,32.75757860440111,862.0,4160707.7,False,False,False,False,0,-0.2176914436358034
2024-12-23,680.0,686.3499755859375,666.0,669.5,805382,707.4309207786039,724.280815998044,39.79659003929268,31.871321245939427,862.0,3972889.6,False,False,False,False,0,-0.22331786542923437
2024-12-24,671.0,679.9000244140625,665.25,670.9500122070312,597181,703.9565485336922,722.1894119278082,40.231929765696584,30.641228615091073,862.0,3918659.05,False,False,False,False,0,-0.22163571669717952
2024-12-26,674.0,685.7999877929688,668.5999755859375,672.0,867412,700.9130677209596,720.2211996953453,40.56707388024221,29.681141728801087,862.0,3856025.4,False,False,False,False,0,-0.2204176334106729
2024-12-27,675.5499877929688,685.0,670.0,679.2999877929688,528352,698.854679156389,718.616446287409,42.96177296476842,28.63248874817244,862.0,3321546.1,False,False,False,False,0,-0.21194897007776248
2024-12-30,676.0,781.1500244140625,674.5999755859375,751.1500244140625,6192036,703.8351882285484,719.892272880611,60.031628126146394,34.198028753883335,862.0,2364801.3,False,False,True,True,2,-0.12859625938043795
2024-12-31,754.3499755859375,778.7000122070312,719.2999877929688,761.0499877929688,4823564,709.2842167584932,721.5063009163898,61.73105164405436,35.998171301038994,815.2999877929688,1629651.45,False,False,True,True,2,-0.06653992495063776
2025-01-01,751.0,766.5999755859375,745.0,750.0999755859375,1803892,713.1714318849165,722.6276214916662,58.755291971534575,34.96972874996032,789.0,1672193.35,False,False,True,True,2,-0.04930294602542773
2025-01-02,749.0,749.4500122070312,731.7999877929688,734.4500122070312,1186318,715.1979633441655,723.0912446569747,54.69701912026097,33.77903296731807,781.1500244140625,1645532.55,False,False,True,False,1,-0.05978366606601693
2025-01-03,734.5,750.7999877929688,725.0,727.6500244140625,799043,716.3838739222509,723.2700203337233,52.984549059872876,33.20910116915026,781.1500244140625,1604611.35,False,False,True,False,1,-0.06848876442157203
2025-01-06,725.0499877929688,726.0,697.0999755859375,703.7999877929688,811374,715.185408576605,722.5064896458507,47.3813925949056,33.01916885907703,781.1500244140625,1571430.95,False,False,False,False,0,-0.09902071843256188
2025-01-07,707.8499755859375,717.9000244140625,700.0,703.2999877929688,641975,714.0534637400682,721.7532934947573,47.26853746369067,31.93922997014742,781.1500244140625,1548957.65,False,False,False,False,0,-0.09966080034304392
2025-01-08,704.9500122070312,708.3499755859375,693.0499877929688,704.9500122070312,472342,713.1864683559694,721.0943412873954,47.711153959712526,30.750712671777517,781.1500244140625,1543708.95,False,False,False,False,0,-0.09754849878445382
2025-01-09,702.5,705.0,680.0,682.1500244140625,603345,710.2306165519783,719.5671131747158,42.413421578008865,30.339947480936267,781.1500244140625,1516876.2,False,False,False,False,0,-0.12673621827543247
2025-01-10,700.0,708.6500244140625,669.0,681.25,1768986,707.4705578327423,718.0644812855113,42.21415587133049,31.004952976159572,781.1500244140625,1493991.95,False,False,False,True,1,-0.12788839696829957
2025-01-13,675.0,675.0,620.5999755859375,628.2000122070312,1727803,699.9209820588651,714.5403844589042,32.51681028374644,33.12245807886693,781.1500244140625,1359370.2,False,False,False,True,1,-0.1958010720434381
2025-01-14,637.75,711.0,635.7999877929688,669.7999877929688,11803732,697.0523159383035,712.7858590994558,43.48110914597513,36.67085305844563,781.1500244140625,1378898.3,False,False,False,True,1,-0.14254628834533667
2025-01-15,671.8499755859375,687.6500244140625,658.0,662.25,2356369,693.737809658465,710.8040607033988,42.14282968462645,36.16936529813255,781.1500244140625,1934642.2,False,False,False,True,1,-0.1522115095666149
2025-01-16,696.0,708.0,669.5499877929688,673.3499755859375,1985629,691.7961111753672,709.3352730517337,44.83126553538259,36.85369634826594,781.1500244140625,2007247.75,False,False,False,False,0,-0.13800172240791442
2025-01-17,679.9000244140625,680.0,668.5999755859375,673.1500244140625,890190,690.0202933885762,707.9162436933937,44.790889953530055,35.03557692439426,781.1500244140625,2072917.4,False,False,False,False,0,-0.13825769266410814
2025-01-20,675.2000122070312,680.0,666.0999755859375,675.75,662550,688.6612178277594,706.6548223720841,45.47848964473872,33.52589460222771,781.1500244140625,2089324.75,False,False,False,False,0,-0.13492929798360132
2025-01-21,675.5,679.0,664.5,666.2999877929688,695062,686.5315768720651,705.0722798395699,43.36448051961384,32.16690213064002,781.1500244140625,2066373.75,False,False,False,False,0,-0.1470268617187106
2025-01-22,666.6500244140625,669.8499755859375,642.5,655.3499755859375,718254,683.5619005591006,703.1223855551137,40.9870160078561,31.822835948875554,781.1500244140625,2060857.75,False,False,False,False,0,-0.16104467118526578
2025-01-23,656.0,664.4500122070312,651.5999755859375,658.25,491703,681.1512433629958,701.3626841607957,41.89559087245507,30.46763599689114,781.1500244140625,2066911.4,False,False,False,False,0,-0.15733216485047075
2025-01-24,660.0,663.7000122070312,638.0,641.5,469301,677.3749344712819,699.0151279191958,38.23406999845647,30.12709144047258,781.1500244140625,2048125.95,False,False,False,False,0,-0.17877490885161706
2025-01-27,640.9500122070312,640.9500122070312,611.7000122070312,619.4000244140625,1284696,671.8535144658324,695.8929669974259,34.01060224447531,30.103726894222305,781.1500244140625,2045173.4,False,False,False,False,0,-0.20706649804092114
2025-01-28,619.4000244140625,627.1500244140625,607.4000244140625,616.0499877929688,790371,666.5388928779406,692.7618697737217,33.408162405149454,29.364174973206428,778.7000122070312,1799806.4,False,False,False,False,0,-0.20887379204357726
2025-01-29,616.8499755859375,628.0,613.0499877929688,623.8499755859375,971739,662.4732817072737,690.0594425506714,36.240052311944915,28.33459191847963,766.5999755859375,1598146.75,False,False,False,False,0,-0.18621185043854394
2025-01-30,625.0,647.4000244140625,622.5999755859375,641.5,1492699,660.475826306581,688.1551506859391,42.22713607247495,28.08212455488287,750.7999877929688,1556539.1,False,False,False,False,0,-0.14557803618812515
2025-01-31,639.9500122070312,649.7999877929688,635.0,643.0999755859375,895974,658.8209833808054,686.3882810741743,42.75192061184113,27.133400500460432,750.7999877929688,1571858.15,False,False,False,False,0,-0.14344700846842484
2025-02-01,647.5,654.4000244140625,625.75,634.75,745119,656.5285087731097,684.3632504438145,40.675357901006436,27.241730780003437,726.0,1576704.7,False,False,False,False,0,-0.12568870523415976
2025-02-03,629.9500122070312,630.25,618.4500122070312,620.3499755859375,467426,653.0829341838552,681.8529259395841,37.309672179549466,26.460177709500957,717.9000244140625,1573391.95,False,False,False,False,0,-0.1358824982736888
2025-02-04,626.0,634.3499755859375,622.7999877929688,628.9500122070312,401005,650.7845606622529,679.7783018716409,40.47738592352496,25.570165015965177,711.0,1564664.5,False,False,False,False,0,-0.1154008267130362
2025-02-05,629.0,647.4500122070312,628.9500122070312,640.7999877929688,522792,649.8336489604163,678.2497405352225,44.6291122054242,25.065153229110525,711.0,1561097.65,False,False,False,False,0,-0.09873419438401021
2025-02-06,645.0,645.75,631.3499755859375,634.7000122070312,276724,648.3923502219988,676.541908051764,42.96767512996648,24.30335831374995,711.0,1557070.0,False,False,False,False,0,-0.1073136255878604
2025-02-07,638.5,639.4500122070312,623.0,629.4500122070312,412870,646.5883180300971,674.6951670382451,41.534527868680804,23.7424050204129,711.0,1482456.9,False,False,False,False,0,-0.1146975918325861
2025-02-10,634.75,645.0,605.2000122070312,608.5499877929688,706920,642.9656199122753,672.1012384403912,36.33832560517451,24.889375218452606,711.0,1416710.25,False,False,False,False,0,-0.1440928441730397
2025-02-11,611.8499755859375,620.9000244140625,593.0,595.9500122070312,1043269,638.4879429879663,669.1149158430045,33.60850819800591,25.1044215895676,708.0,861869.65,False,False,False,True,1,-0.15826269462283726
2025-02-12,599.0,605.0,580.7999877929688,595.75,860862,634.417662703398,666.2378603197494,33.56540276308047,25.039820919386433,708.0,796214.65,False,False,False,True,1,-0.158545197740113
2025-02-13,601.9000244140625,608.5,590.5,597.2000122070312,497015,630.8731245608869,663.5304937270938,34.22404533095933,24.536976568001688,680.0,739976.3,False,False,False,False,0,-0.12176468793083639
2025-02-14,603.0,607.0,569.3499755859375,573.75,823990,625.4328269836595,660.0096900515215,29.18477222826904,25.473622842720317,680.0,720317.55,False,False,False,True,1,-0.15625
2025-02-17,573.7000122070312,579.3499755859375,560.8499755859375,574.4500122070312,574202,620.5773208144568,656.6544085674238,29.518397963372195,24.975506925383154,679.0,728389.55,False,False,False,False,0,-0.15397641795724415
2025-02-18,575.75,581.2999877929688,566.0,579.4000244140625,583936,616.6556735382287,653.6248248751351,31.95949886348879,24.284398415924983,669.8499755859375,722346.55,False,False,False,False,0,-0.1350301626759869
2025-02-19,567.5999755859375,583.9500122070312,564.7999877929688,582.6500244140625,544265,613.4170402883082,650.8414993668578,33.58591594112089,23.91765741579195,664.4500122070312,715630.65,False,False,False,False,0,-0.12310931791732926
2025-02-20,579.1500244140625,589.7000122070312,570.5,587.7000122070312,577250,610.9677995186628,648.3653626154921,36.14028162896782,23.58068275802333,663.7000122070312,718258.75,False,False,False,False,0,-0.114509565469607
2025-02-21,590.0,600.0,578.0,581.75,590970,608.1851519454568,645.7529954541003,34.45864081520034,23.46777684673595,654.4000244140625,723656.2,False,False,False,False,0,-0.11101775932712099
2025-02-24,581.7000122070312,581.7000122070312,571.6500244140625,575.4000244140625,437295,605.0627588472288,642.9940554133145,32.70938637204641,22.512933899536062,654.4000244140625,688969.9,False,False,False,False,0,-0.12072126688982798
2025-02-25,575.4000244140625,593.9500122070312,565.6500244140625,579.0499877929688,1266719,602.5853520801563,640.486444918399,34.759478606893865,22.926294891924112,654.4000244140625,671316.1,False,False,False,True,1,-0.1151436946973845
2025-02-27,583.0499877929688,596.5999755859375,572.8499755859375,580.75,1468847,600.5057947391891,638.1438392353245,35.74144824843965,22.98513097107239,654.4000244140625,686065.1,False,False,False,True,1,-0.11254587662952387
2025-02-28,579.8499755859375,579.8499755859375,555.0,557.1500244140625,900373,596.3766737558437,634.9676112031182,29.176170256721065,23.182621615995792,654.4000244140625,684872.5,False,False,False,True,1,-0.1486094076586807
2025-03-03,559.4000244140625,564.1500244140625,532.5999755859375,551.7999877929688,1089227,592.1312750927128,631.7061357752692,27.923930723964475,23.780294988290734,654.4000244140625,685092.45,False,False,False,True,1,-0.1567848911878631
2025-03-04,549.9500122070312,558.0,537.2000122070312,547.1500244140625,621261,587.8473464566508,628.3902098395356,26.845462204746852,23.567415902910593,647.4500122070312,702297.85,False,False,False,False,0,-0.15491541571072887
2025-03-05,545.0,600.0,544.3499755859375,589.9000244140625,2608015,588.0428395954519,626.8807908032426,47.080968592794406,25.8590307965643,647.4500122070312,709989.6,False,False,False,True,1,-0.0888871522247594
2025-03-06,589.25,602.5,583.2999877929688,595.9000244140625,1180803,588.7911429115102,625.6658587879806,49.2046838572972,25.383386611597654,647.4500122070312,820340.1,False,False,False,True,1,-0.07962002752497421
2025-03-07,596.75,609.5,591.25,607.2000122070312,828175,590.5443685587027,624.9417079416689,53.0279564553772,24.873858996483534,645.75,853240.65,False,False,True,False,1,-0.05969800664803526
2025-03-10,607.9000244140625,625.7999877929688,599.5499877929688,605.75,1147590,591.9925239340643,624.1890919439564,52.482071739788395,24.972154782448996,645.0,880813.2,False,False,True,True,2,-0.06085271317829455
2025-03-11,600.0,608.2999877929688,592.7999877929688,597.2000122070312,676878,592.4884751981564,623.1306966601555,49.26185345860453,24.295572297988354,645.0,917549.2,False,False,False,False,0,-0.07410850820615311
2025-03-12,600.9500122070312,605.7999877929688,580.9000244140625,600.5,656356,593.2514775602367,622.2432183597573,50.523690183362966,24.338743089482488,625.7999877929688,916047.1,False,False,True,False,1,-0.04042823311997035
2025-03-13,605.0,619.75,598.2000122070312,604.3499755859375,1166429,594.3084773722082,621.5415225647056,52.022801139802006,24.13954628258865,625.7999877929688,896701.45,False,False,True,True,2,-0.034276146732887924
2025-03-17,602.0,609.9500122070312,598.2000122070312,603.3499755859375,746787,595.1695724401825,620.8281285655382,51.585589631721966,23.254578690975176,625.7999877929688,911979.8,False,False,True,False,1,-0.03587410138214686
2025-03-18,603.3499755859375,603.3499755859375,603.3499755859375,603.3499755859375,0,595.9486584540639,620.1427108016323,51.585589631721966,21.59353735590552,625.7999877929688,924468.4,False,False,True,False,1,-0.03587410138214686
2025-03-19,610.0,625.75,610.0,622.5999755859375,809641,598.48687913329,620.2390741265071,59.23436881882439,21.65114357434531,625.7999877929688,883268.9,False,False,True,False,1,-0.005113474383911187
2025-03-20,632.0,635.75,615.25,619.6500244140625,1008769,600.5024167790779,620.2159741377839,57.729211552504204,21.568919033320647,625.7999877929688,895040.85,False,False,True,True,2,-0.009827362574095888
2025-03-21,623.9500122070312,638.0,619.0,630.7000122070312,1169489,603.3783782484068,620.6271128855975,61.65927933097755,21.385424816654886,635.75,916282.5,False,False,True,True,2,-0.007943354766761668
2025-03-24,635.6500244140625,641.9000244140625,623.0,625.0999755859375,703039,605.4471018043621,620.8025192660031,58.68161654556084,21.207896216469717,638.0,947543.7,False,False,True,False,1,-0.020219474003232762
2025-03-25,625.4000244140625,631.1500244140625,603.9500122070312,607.75,891269,605.6664254420419,620.2906557653755,50.53847657965029,21.635904501509827,641.9000244140625,953833.15,False,False,True,False,1,-0.05320146925564495
2025-03-26,607.75,618.75,596.7000122070312,598.0499877929688,1097890,604.9410504278445,619.418472707634,46.64156095067817,21.66548187947118,641.9000244140625,968848.1,False,False,False,True,1,-0.06831287576460343
2025-03-27,597.2000122070312,617.2000122070312,595.5999755859375,611.9000244140625,6804918,605.6038098551035,619.1236315980822,52.29748370492844,21.660807218158507,641.9000244140625,1001877.85,False,False,True,True,2,-0.04673624997504011
2025-03-28,615.2999877929688,632.5,599.7999877929688,602.5999755859375,1764020,605.3177304008972,618.475645087802,48.574208992904076,22.44932186022085,641.9000244140625,1278787.8,False,False,False,True,1,-0.06122456353541783
2025-04-01,599.0499877929688,602.8499755859375,581.3499755859375,592.1500244140625,1551248,604.0636631640558,617.443267806479,44.721433365805815,22.381513155919357,641.9000244140625,1293546.45,False,False,False,True,1,-0.0775042812086082
2025-04-02,595.0,601.0,578.0999755859375,598.75,1329369,603.5576000055743,616.7101984807347,47.55098775158524,22.418549674358154,641.9000244140625,1326090.2,False,False,False,True,1,-0.06722234424815698
2025-04-03,593.4500122070312,610.0,589.25,605.0499877929688,1080140,603.6997321758023,616.2529353165087,50.17284719920637,22.299367554761144,641.9000244140625,1338097.3,False,False,True,False,1,-0.05740775077042737
2025-04-04,606.0,608.5499877929688,587.0999755859375,591.2999877929688,885521,602.518804139342,615.2743883548012,44.89759916213866,22.23869931563758,641.9000244140625,1361041.25,False,False,False,False,0,-0.07882853200898743
2025-04-07,545.5,578.75,545.5,569.7000122070312,815626,599.3932049076934,613.4871579176338,38.11752987029454,23.921648492589807,641.9000244140625,1274916.55,False,False,False,False,0,-0.1124785939569588
2025-04-08,587.6500244140625,590.0,575.5,584.9500122070312,585513,598.0176627457256,612.3680541642768,44.4909964403918,23.662958442616876,641.9000244140625,1256657.7,False,False,False,False,0,-0.08872100021964668
2025-04-09,584.0,586.0,576.4000244140625,579.4000244140625,348619,596.2445543331862,611.0751902525037,42.76475733406969,22.658459667139777,641.9000244140625,1244524.6,False,False,False,False,0,-0.09736718744800033
2025-04-11,598.0,601.2000122070312,587.5999755859375,592.0499877929688,650826,595.8450718055465,610.3291038815416,47.74173538819871,22.59714024755613,641.9000244140625,1204576.05,False,False,False,False,0,-0.07766012575961145
2025-04-15,600.0,612.1500244140625,596.5499877929688,610.6500244140625,716934,597.2550672920718,610.341689000464,54.06645626363876,22.41877570280882,641.9000244140625,1203273.45,False,False,True,False,1,-0.04868359372400011
2025-04-16,603.0,610.5499877929688,601.0499877929688,608.0,560440,598.2783942166363,610.2498580592694,53.08075741212777,21.503151482686317,641.9000244140625,1206302.35,False,False,True,False,1,-0.052812000505852996
2025-04-17,607.9000244140625,622.25,604.0,608.25,928948,599.228070957909,610.1714322530236,53.167501222017805,21.270783519637295,641.9000244140625,1176002.9,False,False,True,False,1,-0.05242253175606093
2025-04-21,614.0,627.25,609.0,624.25,868598,601.6111118190606,610.7235329489835,58.46062570809214,21.108584696806062,641.9000244140625,1185110.95,False,False,True,False,1,-0.027496531769372834
2025-04-22,627.2000122070312,634.0,618.0999755859375,620.8499755859375,668294,603.4433845587631,611.1206483465111,56.986668807802666,20.736544676610094,641.9000244140625,1228540.85,False,False,True,False,1,-0.0327933448006017
2025-04-23,621.9500122070312,629.9000244140625,619.3499755859375,626.5,584430,605.6392526960237,611.7237601760597,58.8436649096002,20.00893783028973,641.9000244140625,1221473.5,False,False,True,False,1,-0.02399131302124491
2025-04-24,626.0,631.75,621.5499877929688,624.9500122070312,600192,607.478372649453,612.2424367262939,58.10258337293071,19.30830028577127,641.9000244140625,1200256.55,False,False,True,False,1,-0.026406000252926498
2025-04-25,626.0,629.0,594.0,600.0,902183,606.7661466828384,611.7623411684001,47.690742310530595,20.42913597964475,641.9000244140625,1171791.7,False,False,False,False,0,-0.06527500049919699
2025-04-28,600.0,622.2000122070312,600.0,617.0,1012889,607.740799379711,611.9677395539532,53.76960747761983,20.555627138743787,634.0,1181748.9,False,False,True,False,1,-0.02681388012618302
2025-04-29,621.0499877929688,625.0,608.0,609.75,629183,607.9321518197385,611.8807693753668,51.04519661611883,20.30165377169066,634.0,1187829.9,False,False,True,False,1,-0.03824921135646686
2025-04-30,612.0,612.0,595.1500244140625,600.2000122070312,411519,607.1957575709092,611.4227004668046,47.62228665660883,20.055105329851152,634.0,1164394.55,False,False,False,False,0,-0.05331228358512419
2025-05-02,599.0,613.9000244140625,597.5,599.7999877929688,440880,606.4913985444387,610.9669078129288,47.47866911267867,19.79402812158053,634.0,844724.6,False,False,False,False,0,-0.05394323691960767
2025-05-05,607.0,684.4000244140625,603.4500122070312,665.5499877929688,16749924,612.1160260919178,613.1074207533226,65.75772619025898,24.423028728688617,634.0,778567.6,False,True,True,True,2,0.04976338768607058
2025-05-06,666.9000244140625,677.6500244140625,630.0,632.9500122070312,4149196,614.1002152457381,613.8855615946445,55.452742732127774,26.082099849072467,684.4000244140625,1538501.4,True,False,True,True,2,-0.07517535121521846
2025-05-07,613.6500244140625,635.9500122070312,611.5,625.4500122070312,1269091,615.1811482896708,614.339069461797,53.38017295885079,25.96552216035524,684.4000244140625,1679492.75,True,False,True,False,1,-0.0861338546232524
2025-05-08,633.25,637.6500244140625,604.0,609.75,976521,614.6638960716069,614.1591059534911,49.23199857830576,26.514415178477186,684.4000244140625,1688940.3,True,False,False,False,0,-0.10907367292684256
2025-05-09,590.5499877929688,606.7999877929688,587.0999755859375,601.0999755859375,1363901,613.3720941205908,613.6469831939792,47.06204783480224,26.23838726673328,684.4000244140625,1693490.3,False,False,False,False,0,-0.12171251586298659
2025-05-12,630.0,640.0,622.1500244140625,631.0999755859375,1452771,615.0604637839571,614.3314142681736,54.54499567034942,27.142789920113938,684.4000244140625,1720904.05,True,False,True,False,1,-0.07787850223085091
2025-05-13,634.0,656.0,629.0,648.3499755859375,1900554,618.2308934793837,615.6654754963213,58.20345701880723,27.1325906401058,684.4000244140625,1764266.95,True,False,True,True,2,-0.05267394439237294
2025-05-14,653.9000244140625,658.2999877929688,646.0,656.0499877929688,863692,621.8327119854393,617.2491818608958,59.76034723587397,26.07311900816744,684.4000244140625,1841863.7,True,False,True,False,1,-0.04142319639068559
2025-05-15,655.0499877929688,662.0,649.9500122070312,660.4000244140625,832453,625.5057893595939,618.9413717649416,60.65206166091738,25.07146677851039,684.4000244140625,1852507.0,True,False,True,False,1,-0.035067210905708524
2025-05-16,661.5,689.5,661.5,681.5999755859375,2828190,630.848092809722,621.3985719147845,64.75162244709354,25.359217407612327,684.4000244140625,1858282.95,True,False,True,True,2,-0.004091245950089251
2025-05-19,685.6500244140625,686.9500122070312,671.2999877929688,676.0,996717,635.1482744468913,623.5398043887145,62.887745111045795,24.66570362235877,689.5,1971670.45,True,False,True,False,1,-0.019579405366207392
2025-05-20,678.0,679.5,657.1500244140625,659.9500122070312,818977,637.5103447097617,624.9676556757073,57.75630428966957,24.50029447690011,689.5,1975058.9,True,False,True,False,1,-0.04285712515296414
2025-05-21,661.25,667.9500122070312,656.0499877929688,663.3499755859375,454876,639.9712619360641,626.4728446917949,58.528290347932405,23.600275186697424,689.5,1972577.85,True,False,True,False,1,-0.03792606876586291
2025-05-22,658.9000244140625,669.5499877929688,651.7000122070312,658.0499877929688,490767,641.6930453510074,627.7111640290958,56.78618054753923,23.18953950092886,689.5,1961906.95,True,False,True,False,1,-0.04561278057582485
2025-05-23,664.6500244140625,666.3499755859375,656.5999755859375,658.5,523959,643.2937076985305,628.9185693612882,56.90347730972081,22.229572393719657,689.5,1957223.8,True,False,True,False,1,-0.044960116026105834
2025-05-26,664.5999755859375,675.5,662.0499877929688,669.7000122070312,733875,645.8085938421973,630.5178416297487,59.82618467914054,21.85603150845397,689.5,1953412.15,True,False,True,False,1,-0.028716443499592126
2025-05-27,669.7000122070312,680.75,664.25,674.2999877929688,625891,648.522059932747,632.2347885381103,60.996148188648405,21.473457829278686,689.5,1944996.75,True,False,True,False,1,-0.02204497782020487
2025-05-28,675.0,685.5,670.5999755859375,673.0,620450,650.8532923201044,633.8334242817137,60.46026795714066,21.00392687104896,689.5,1925646.85,True,False,True,False,1,-0.023930384336475652
2025-05-29,673.0499877929688,684.0,668.0,680.75,844156,653.7005978134279,635.6732899961564,62.57140286387497,20.64650352311689,689.5,1925210.2,True,False,True,False,1,-0.012690355329949221
2025-05-30,680.75,693.0,670.0499877929688,683.75,1202369,656.5624456407204,637.5586511727777,63.38635016196823,20.811039857682204,689.5,1946842.05,True,False,True,False,1,-0.008339376359680961
2025-06-02,685.0,694.6500244140625,676.0499877929688,690.3499755859375,1097990,659.780305635503,639.62889918898,65.18244790203748,20.653111055068745,693.0,1984916.5,True,False,True,False,1,-0.003823989053481247
2025-06-03,687.0499877929688,695.0,675.0499877929688,678.8499755859375,864468,661.5964646784015,641.1669806163115,59.688114637921366,20.602889708780353,694.6500244140625,1202319.8,True,False,True,False,1,-0.022745336893138846
2025-06-04,682.0,684.7000122070312,673.0999755859375,682.4500122070312,569059,663.5825168239853,642.7859230316338,60.80200375504957,19.959828773945596,695.0,1038083.4,True,False,True,False,1,-0.018057536392760754
2025-06-05,684.7000122070312,690.0499877929688,677.2999877929688,682.3499755859375,616872,665.3698938489332,644.3374545043517,60.75176896890112,19.444841004378052,695.0,1003081.8,True,False,True,False,1,-0.018201473977068394
2025-06-06,684.0,692.8499755859375,675.5999755859375,679.9500122070312,950457,666.7584765497045,645.7340253946529,59.48206354018941,19.288066646922477,695.0,985099.35,True,False,True,False,1,-0.021654658694919116
2025-06-09,686.0,694.0,681.5,690.7999877929688,911914,669.0481442871583,647.5013180377241,63.224163917147216,18.913918157354356,695.0,964427.15,True,False,True,False,1,-0.006043183031699595
2025-06-10,696.0,721.0,690.1500244140625,713.0999755859375,2792402,673.2435567918039,650.0738144121639,69.46600003809269,19.76649368796744,695.0,937384.3,True,True,True,True,2,0.02604313033947836
2025-06-11,716.0,718.75,692.0999755859375,697.5999755859375,1326185,675.5632157245786,651.9375854385863,61.63545215443921,20.258174454117086,721.0,981976.7,True,False,True,True,2,-0.03245495757845007
2025-06-12,700.0,701.9500122070312,670.0999755859375,672.75,1181155,675.2952904174759,652.7537585586417,51.59397125801887,21.086164608901132,721.0,1005101.35,True,False,True,True,2,-0.06692094313453534
2025-06-13,658.9000244140625,666.5499877929688,654.5,658.7999877929688,959668,673.7243092151418,652.9908655874389,46.96800366561833,20.88358142255105,721.0,1022536.45,True,False,False,False,0,-0.08626908766578534
2025-06-16,658.7999877929688,662.5,642.7999877929688,658.7999877929688,736925,672.3029452701729,653.2186743013812,46.96800366561833,20.799040764299637,721.0,929110.35,True,False,False,False,0,-0.08626908766578534
2025-06-17,663.0,663.0,645.0,646.8499755859375,630560,669.8788529192933,652.9689214105795,43.12642106742618,20.599109281135377,721.0,916120.75,True,False,False,False,0,-0.10284330709301315
2025-06-18,646.8499755859375,664.5,645.3499755859375,650.9500122070312,925059,668.0761061847921,652.8897485006364,44.794790434907505,20.4956032192016,721.0,906699.9,True,False,False,True,1,-0.09715670983768199
2025-06-19,654.0,654.0,621.0,622.5999755859375,1322163,663.7450461277584,651.7019142686875,36.76405030805505,21.38877441783006,721.0,930209.05,True,False,False,True,1,-0.1364771489792822
2025-06-20,622.5999755859375,633.5499877929688,613.9500122070312,617.0999755859375,4454650,659.3026584571089,650.3449754968149,35.43673084731505,21.261003072694876,721.0,971778.85,True,False,False,True,1,-0.14410544301534323
2025-06-23,614.5499877929688,631.2000122070312,608.1500244140625,629.7000122070312,1169567,656.4833588142444,649.535369093294,40.71722354840932,21.388787695571583,721.0,1168313.4,True,False,False,True,1,-0.12662966406791787
2025-06-24,640.4500122070312,644.8499755859375,630.0,631.8499755859375,1176752,654.1373223163104,648.8418242498683,41.59499795900432,20.943157387238347,721.0,1190098.0,True,False,False,False,0,-0.12364774537317957
2025-06-25,635.0,640.75,632.7000122070312,634.1500244140625,1280646,652.2337701351439,648.2656752366994,42.57459868055235,20.082933603440072,721.0,1217641.05,True,False,False,True,1,-0.12045766378077327
2025-06-26,640.0,648.9000244140625,634.3499755859375,645.5499877929688,2065705,651.5972194358892,648.1591776898864,47.29323491731316,19.702009774622923,721.0,1250650.85,True,False,False,True,1,-0.10464634147993235
2025-06-27,648.0,693.9000244140625,647.7999877929688,682.4500122070312,11651442,654.5355806521884,649.5039162984019,59.028695353052115,21.748297406513696,721.0,1311728.3,True,False,True,True,2,-0.05346738944933249
2025-06-30,684.0,687.2000122070312,670.0,675.75,1452561,656.5560015424562,650.5331744827783,56.565933846525816,21.423419892264953,721.0,1834181.95,True,False,True,False,1,-0.06276005547850205
2025-07-01,677.0,684.0,664.2999877929688,666.7000122070312,1026690,657.5220977962252,651.1671681190236,53.3293803303189,21.30031934331969,721.0,1851910.5,True,False,True,False,1,-0.07531204964350724
2025-07-02,669.0499877929688,672.3499755859375,660.2999877929688,663.2000122070312,611592,658.0628515496353,651.639044357769,52.08809662745587,20.63958137543748,721.0,1860021.6,True,False,True,False,1,-0.08016641857554607
2025-07-03,665.4500122070312,670.0,661.0,663.9000244140625,391058,658.6187727748188,652.1198671050746,52.327096884669864,19.808182705763375,721.0,1862148.25,True,False,True,False,1,-0.07919552785844308
2025-07-04,664.0,672.5999755859375,656.75,660.0999755859375,732740,658.7598397092111,652.4328125356967,50.844353746939866,19.525453625775814,721.0,1850857.55,True,False,True,False,1,-0.08446605327886614
2025-07-07,663.0499877929688,665.0,655.0,656.5,440055,658.5446168797624,652.5923100833164,49.415788523262414,18.845064081077542,721.0,1839971.7,True,False,False,False,0,-0.08945908460471563
2025-07-08,659.0,664.4000244140625,650.0,653.4500122070312,523872,658.0594164347403,652.6259454607169,48.180656770247964,18.527561247719323,721.0,1816378.75,True,False,False,False,0,-0.09368930345765425
2025-07-09,657.5,660.7999877929688,650.0,650.9000244140625,564106,657.3775695756282,652.5582622824168,47.12023248484754,17.97559171523714,718.75,1702952.25,True,False,False,False,0,-0.0943999660326087
2025-07-10,652.75,658.8499755859375,650.0,651.9500122070312,446183,656.8606593500475,652.534409338284,47.63133647569541,17.323761991715738,701.9500122070312,1664848.3,True,False,False,False,0,-0.0712301433584891
2025-07-11,652.0,655.5,641.0999755859375,644.75,427786,655.7072632214716,652.2291383838415,44.45808730392462,17.114923593311936,693.9000244140625,1628099.7,True,False,False,False,0,-0.07083156461273421
2025-07-14,649.9000244140625,656.0,640.0,646.7000122070312,675567,654.8494297915249,652.0123099063195,45.51676335336794,17.035286193789656,693.9000244140625,1601505.6,True,False,False,False,0,-0.06802134392038317
2025-07-15,651.0,653.4500122070312,645.5,647.75,467659,654.1732936209035,651.8451604982286,46.11237462274742,16.386338051878344,693.9000244140625,1598437.7,True,False,False,False,0,-0.06650817522745034
2025-07-16,649.7999877929688,662.75,649.0,659.9000244140625,852507,654.7186965535853,652.1610375145358,52.573375583861136,16.287313905315607,693.9000244140625,1590292.65,True,False,True,False,1,-0.048998413033217614
2025-07-17,662.0,666.9000244140625,656.1500244140625,661.6500244140625,673880,655.3788230164879,652.5331546478506,53.43929188885864,15.89179148350735,693.9000244140625,1586665.05,True,False,True,False,1,-0.04647643589180195
2025-07-18,662.5499877929688,664.5999755859375,649.1500244140625,653.4500122070312,478772,655.1951267489205,652.5691098462498,48.93112450472422,15.860231461247896,693.9000244140625,1554250.9,True,False,False,False,0,-0.05829371780349446
2025-07-21,655.0,661.9000244140625,648.0,657.75,416154,655.438448010928,652.7722820091419,51.25343743983876,15.720216672163225,693.9000244140625,1355457.0,True,False,True,False,1,-0.05209687727650392
2025-07-22,661.9000244140625,662.2999877929688,645.0,646.9500122070312,445162,654.630025553414,652.5439577031768,45.6397476978934,15.833057466506478,693.9000244140625,1317786.35,True,False,False,False,0,-0.06766106147160955
2025-07-23,651.7999877929688,654.9000244140625,647.2999877929688,652.0999755859375,398214,654.3890684136544,652.5265466397557,48.53447322206948,15.26998280511539,693.9000244140625,1281206.85,True,False,False,False,0,-0.06023929580262155
2025-07-24,652.0,655.3499755859375,642.5,644.75,321771,653.4710618980683,652.221584026432,44.86268497142139,15.097125146602686,693.9000244140625,1237085.25,True,False,False,False,0,-0.07083156461273421
2025-07-25,645.2999877929688,647.4500122070312,622.0999755859375,624.0999755859375,553055,650.6738155826273,651.1187758522949,36.506361957450224,15.829475966209191,693.9000244140625,1149888.55,False,False,False,False,0,-0.10059093006527131
2025-07-28,627.9500122070312,638.9000244140625,621.0999755859375,625.6500244140625,610775,648.2905973760973,650.1200012860897,37.448206481058584,15.970231170631749,687.2000122070312,594969.2,False,False,False,True,1,-0.0895663368737335
2025-07-29,628.9500122070312,631.0,618.0,629.3499755859375,620849,646.4867286341773,649.3054904743191,39.745791994951404,15.758071801300911,684.0,552879.9,False,False,False,True,1,-0.07989769651178724
2025-07-30,633.0,636.0999755859375,623.5499877929688,625.1500244140625,330702,644.454661565595,648.3582172954856,38.0378210411221,15.5289229435629,672.5999755859375,532587.85,False,False,False,False,0,-0.07054706050284765
2025-07-31,620.0,621.5,602.4500122070312,604.0999755859375,970390,640.6113581389609,646.6225999735425,30.8762617900056,16.041143605239213,672.5999755859375,518543.35,False,False,False,True,1,-0.10184359572764778
2025-08-01,617.0,617.0,592.7000122070312,595.4000244140625,827372,636.3055168318276,644.6138715202295,28.488911200826493,16.631061047219895,672.5999755859375,547509.95,False,False,False,True,1,-0.11477840317288446
2025-08-04,600.8499755859375,607.1500244140625,594.0499877929688,606.0999755859375,481108,633.4287986179332,643.1035226600612,35.13202221244495,16.378845016782314,666.9000244140625,552241.55,False,False,False,False,0,-0.0911681610471432
2025-08-05,604.0,608.0,593.7000122070312,595.8499755859375,464528,629.8498630910765,641.2504423826446,32.05958660039562,16.230355215081346,666.9000244140625,554294.2,False,False,False,False,0,-0.10653778111726642
2025-08-06,597.0999755859375,598.7999877929688,586.5,589.0,404411,625.9593999395454,639.2014054264624,30.16122697722483,15.949614684930447,666.9000244140625,551327.0,False,False,False,False,0,-0.11680914914121554
2025-08-07,589.0,594.75,577.0999755859375,591.8499755859375,631605,622.7108833344399,637.3444866091869,31.96624608809401,16.071072522725594,666.9000244140625,543342.25,False,False,False,True,1,-0.11253568163243644
2025-08-08,595.0,598.9500122070312,582.0,584.5999755859375,434493,619.0812730726777,635.2760744121967,29.852524343932302,16.133853928747428,666.9000244140625,552613.35,False,False,False,False,0,-0.12340687631618208
2025-08-11,585.5999755859375,598.9500122070312,582.1500244140625,596.2999877929688,529688,616.9116268555626,633.747600427129,37.08285525060691,16.18143491904895,666.9000244140625,552948.7,False,False,False,False,0,-0.10586299900517004
2025-08-12,599.0,615.5,596.0499877929688,611.8499755859375,927355,616.4295648298842,632.8888700411999,45.17158359713482,16.4149047253334,666.9000244140625,545654.75,False,False,False,True,1,-0.08254617905658634
2025-08-13,611.8499755859375,616.1500244140625,604.0,609.25,351327,615.7457967508476,631.9618555297802,44.14955861542872,16.11027041738548,666.9000244140625,568639.55,False,False,False,False,0,-0.08644477778316728
2025-08-14,611.0,617.0,605.7000122070312,607.3499755859375,279633,614.946194735142,630.9966837672766,43.3771767432317,15.766678801355713,666.9000244140625,543580.55,False,False,False,False,0,-0.08929381713615259
2025-08-18,612.0,629.0999755859375,609.0499877929688,623.5499877929688,619968,615.7656035977922,630.7046564741665,51.21402657386763,16.194058886973163,664.5999755859375,523868.2,False,False,True,True,2,-0.061766459977338206
2025-08-19,625.5999755859375,633.2999877929688,625.0499877929688,628.75,473682,617.0022127789548,630.6280032791012,53.4415497225888,15.73376896647508,662.2999877929688,530928.0,False,False,True,False,1,-0.05065678455584732
2025-08-20,625.0999755859375,635.0,625.0999755859375,630.4000244140625,555892,618.2781948394412,630.6190629314526,54.15682405184768,15.317072927017039,662.2999877929688,533804.4,False,False,True,True,2,-0.048165429513608915
2025-08-21,634.0,634.0,616.5499877929688,617.9500122070312,309973,618.2469393506403,630.1222374128479,48.14643790778144,15.46942573273234,655.3499755859375,539340.9,False,False,False,False,0,-0.05706868813944421
2025-08-22,618.0,623.0,613.5499877929688,617.75,294230,618.1996117934366,629.637051631952,48.054169787412754,15.03946762375369,655.3499755859375,534928.85,False,False,False,False,0,-0.05737388721548353
2025-08-25,620.0,633.2000122070312,618.1500244140625,631.25,722258,619.4425059083474,629.7003045091303,54.40546439774129,15.068792236844946,647.4500122070312,533551.8,False,False,True,True,2,-0.025021255543433485
2025-08-26,630.0999755859375,644.5,625.5,635.7000122070312,1256023,620.9908398415554,629.93558716395,56.302101472353755,15.349592791356022,638.9000244140625,542011.95,False,False,True,True,2,-0.005008627460870718
2025-08-28,626.0,631.6500244140625,585.0999755859375,592.5499877929688,3247580,618.2821872654995,628.4694852278332,39.25170472527756,17.86748163633729,644.5,574274.35,False,False,False,True,1,-0.08060513918856671
2025-08-29,593.0,595.0,583.75,591.0999755859375,839227,615.6934052007794,627.0040142614844,38.826194495351125,17.39480437659891,644.5,705610.9,False,False,False,True,1,-0.08285496418008143
2025-09-01,593.9000244140625,597.75,592.4000244140625,594.1500244140625,397205,613.6416546496635,625.715622502762,40.29241999672555,16.627320093560595,644.5,731037.15,False,False,False,False,0,-0.07812253775940647
2025-09-02,594.4500122070312,603.0,593.0,595.8499755859375,381413,611.9472090245466,624.5444206628865,41.13920994939009,16.153940086877697,644.5,702377.9,False,False,False,False,0,-0.07548490987441814
2025-09-03,598.75,601.2999877929688,595.2999877929688,597.1500244140625,286955,610.5379533473576,623.470130613913,41.81878420763772,15.428658652100719,644.5,680079.95,False,False,False,False,0,-0.07346776661898757
2025-09-04,597.9500122070312,604.9500122070312,595.0,596.0499877929688,298857,609.1581471040824,622.3948308954447,41.38340348018715,15.037326763167185,644.5,670372.3,False,False,False,False,0,-0.07517457285807794
2025-09-05,597.25,599.75,588.2000122070312,590.4000244140625,268110,607.3716592288424,621.1401326020572,39.1300399442013,14.788231122438726,644.5,662088.75,False,False,False,False,0,-0.08394100168493013
2025-09-08,593.0999755859375,601.8499755859375,590.0,592.2999877929688,431824,605.9362619492355,620.0091465311126,40.30713559999095,14.578355726974351,644.5,655273.7,False,False,False,False,0,-0.08099303678360159
2025-09-09,595.0,598.2000122070312,592.0499877929688,594.5999755859375,217589,604.8566156289213,619.0127084548312,41.774991045591186,13.976332061766362,644.5,645284.65,False,False,False,False,0,-0.07742439784959265
2025-09-10,597.2999877929688,602.7000122070312,596.0499877929688,597.8499755859375,398054,604.1893165772086,618.1827973619335,43.87517987654049,13.55659667314689,644.5,634439.45,False,False,False,False,0,-0.07238172911413887
2025-09-11,600.4000244140625,628.9500122070312,598.2999877929688,606.25,1876056,604.3855721412839,617.7148445242105,48.99595036100969,14.809699526571666,644.5,627857.75,False,False,False,True,1,-0.0593483320403414
2025-09-12,610.0,611.0,604.2000122070312,605.5999755859375,388478,604.5012296122032,617.2397516246704,48.626220381742996,14.237577259885745,644.5,675292.8,False,False,False,False,0,-0.06035690366805668
2025-09-15,607.0,609.6500244140625,603.2999877929688,605.2000122070312,314243,604.5677803355202,616.7676049808414,48.38428241392408,13.67418149997203,644.5,677150.35,False,False,False,False,0,-0.060977482999175714
2025-09-16,609.7000122070312,609.7000122070312,604.0,605.8499755859375,267037,604.6898941688933,616.3394626516296,48.82983978579867,13.104597979047691,644.5,678880.85,False,False,False,False,0,-0.05996900607302169
2025-09-17,610.0,612.5499877929688,605.0,607.0499877929688,321528,604.9146649902339,615.9751695199174,49.693273851004676,12.707840108613482,644.5,661234.3,False,False,False,False,0,-0.05810707867654186
2025-09-18,608.0,610.9500122070312,605.1500244140625,606.9500122070312,320497,605.1085075823098,615.6212417821572,49.618155508657246,12.214422086067431,644.5,653626.6,False,False,False,False,0,-0.05826219983393133
2025-09-19,635.0,687.75,634.25,651.4500122070312,16380380,609.5219842132357,617.0262916027406,70.7863818544978,17.11339106513181,644.5,641856.85,False,True,True,True,2,0.010783572082282866
2025-09-22,656.0,781.7000122070312,652.3499755859375,780.75,38847632,625.8294142881656,623.4468291869468,87.37920486949518,25.194577417622398,687.75,1445377.2,True,True,True,True,2,0.13522355507088335
2025-09-23,790.0,798.0,716.2000122070312,722.9500122070312,14832905,635.0789950423433,627.3489147955776,68.61711088950433,29.23782101586142,781.7000122070312,3373047.3,True,False,True,True,2,-0.075156708561545
2025-09-24,724.0,724.75,662.5,667.2999877929688,6306234,638.1476610185933,628.9156235405733,56.12226969101133,31.595833800442747,798.0,4078579.65,True,False,True,True,2,-0.1637844764499139
2025-09-25,668.0,705.0,663.25,671.7000122070312,8172631,641.3431230365399,630.5934427039638,56.7922079756627,32.32113138612541,798.0,4331090.2,True,False,True,True,2,-0.1582706613946977
2025-09-26,674.5,681.9500122070312,646.5,649.25,3164703,642.0961589378218,631.3250724018476,52.39640413340841,32.54462287333297,798.0,4577342.75,True,False,True,False,1,-0.1864035087719298
2025-09-29,658.7999877929688,658.7999877929688,627.3499755859375,629.7000122070312,2063464,640.9155735348894,631.2613445510705,48.8504530592522,32.466436397168565,798.0,4693616.55,True,False,False,False,0,-0.21090224034206606
2025-09-30,635.0,637.4000244140625,618.0,625.2999877929688,1546854,639.4283748928017,631.0275658546743,48.062088354857835,31.533121255518132,798.0,4776929.5,True,False,False,False,0,-0.21641605539728226
2025-10-01,630.0499877929688,651.9000244140625,626.1500244140625,641.0999755859375,2231579,639.5875749588146,631.4225623147239,51.113057406262634,31.18075806734496,798.0,4835201.55,True,False,True,False,1,-0.19661657194744675
2025-10-03,644.5999755859375,644.5999755859375,631.9500122070312,637.25,1117569,639.3649487722607,631.651089282774,50.33711841327151,29.857129875313625,798.0,4932432.75,True,False,True,False,1,-0.2014411027568922
2025-10-06,640.0,641.0,630.5499877929688,633.4500122070312,836261,638.8016214803341,631.7216352798038,49.53776101259515,28.470907184722027,798.0,4973368.35,True,False,False,False,0,-0.2062029922217653
2025-10-07,635.5999755859375,655.7000122070312,633.5,636.0999755859375,1784826,638.544321871344,631.8933348996521,50.132481312767815,28.026556671527597,798.0,5001775.9,True,False,True,False,1,-0.20288223610784772
2025-10-08,638.0,638.4000244140625,627.2000122070312,629.25,742143,637.6591483597874,631.7896747075089,48.53998044145066,26.824660638349286,798.0,5069426.0,True,False,False,False,0,-0.2114661654135338
2025-10-09,625.4000244140625,632.0,624.0499877929688,627.7000122070312,697062,636.7106592023821,631.6292957859215,48.1671295535789,25.476471464683716,798.0,5095653.7,True,False,False,False,0,-0.21340850600622652
2025-10-10,628.5,632.9000244140625,626.2000122070312,628.0499877929688,635866,635.8858333538666,631.4889307665901,48.26376235770475,24.135295803422828,798.0,5110604.1,True,False,False,False,0,-0.21296994010906167
2025-10-13,625.0,628.4000244140625,620.1500244140625,625.3499755859375,713900,634.8824183283496,631.2481874261724,47.52759288715649,23.000631817464058,798.0,5048594.6,True,False,False,False,0,-0.2163534140527099
2025-10-14,626.0,631.9000244140625,615.0999755859375,616.75,778963,633.1555213446971,630.6796310565187,45.16455575569279,22.55773303251127,798.0,5064865.7,True,False,False,False,0,-0.2271303258145363
2025-10-15,619.2000122070312,624.7000122070312,613.7000122070312,619.0,733685,631.807376454726,630.2216063092043,45.92211122499052,21.732180673046177,798.0,5088101.7,True,False,False,False,0,-0.2243107769423559
2025-10-16,621.9500122070312,628.25,620.2999877929688,621.6500244140625,507032,630.8400095937103,629.8854658427282,46.85339205475593,20.840596339257164,798.0,5111434.1,True,False,False,False,0,-0.22098994434328012
2025-10-17,622.1500244140625,639.9500122070312,617.0,619.7999877929688,1423512,629.7885789460206,629.4899568996003,46.25452517431681,20.99126890124103,798.0,5120709.3,True,False,False,False,0,-0.22330828597372332
2025-10-20,621.9000244140625,623.7000122070312,617.5999755859375,620.7000122070312,600378,628.9230011613549,629.1452531861662,46.612037690917,19.92760945265908,798.0,5175860.05,False,False,False,False,0,-0.22218043583078795
2025-10-21,624.0,627.3499755859375,621.0,623.2999877929688,120665,628.3874760786515,628.9160270923153,47.694459915820694,18.979206161676736,798.0,4386859.95,False,False,False,False,0,-0.21892232106144272
2025-10-23,629.75,629.75,622.0,623.4000244140625,549010,627.912480682024,628.6997132617956,47.738364592091635,18.177120007271252,798.0,2450511.6,False,False,False,False,0,-0.2187969618871397
2025-10-24,620.2000122070312,624.9000244140625,618.0,622.5499877929688,551548,627.4017670735426,628.4585475571357,47.37447402722966,17.371613179184912,724.75,1736316.85,False,False,False,False,0,-0.1410141596509572
2025-10-27,623.0,624.0,618.0,619.0499877929688,377483,626.6063595230117,628.0895844291292,45.82556407918243,16.559355094957418,705.0,1448582.55,False,False,False,False,0,-0.12191491093195927
2025-10-28,622.3499755859375,624.5999755859375,618.4000244140625,621.0,438770,626.0724205208202,627.8115615103399,46.867864724319624,15.819397671880104,681.9500122070312,1058825.15,False,False,False,False,0,-0.08937607026323746
2025-10-29,620.7999877929688,675.0,613.5499877929688,634.25,8468521,626.8512376140754,628.0640492942481,53.42500741608596,19.07872728153376,658.7999877929688,922528.5,False,False,True,True,2,-0.037264705901427164
2025-10-30,634.9000244140625,643.5,631.4000244140625,638.6500244140625,982877,627.9749315950266,628.4791855734566,55.39369805416833,18.5802450175626,675.0,1242781.35,False,False,True,False,1,-0.05385181568287034
2025-10-31,639.0,643.9500122070312,630.0,631.5999755859375,860568,628.3201738798753,628.6015694955147,51.6281114318539,18.249514102524646,675.0,1214582.5,False,False,True,False,1,-0.06429633246527777
2025-11-03,631.5999755859375,634.9000244140625,625.25,626.5,507604,628.1468239865537,628.5191550054946,49.03149345044209,17.635264839063066,675.0,1146031.95,False,False,False,False,0,-0.07185185185185183
2025-11-04,626.0999755859375,631.7000122070312,623.0,629.0999755859375,524868,628.2376003293522,628.541932283159,50.40105058668053,16.997032508203652,675.0,1115533.7,False,False,True,False,1,-0.06800003616898154
2025-11-06,629.0999755859375,630.0,615.9000244140625,617.5499877929688,632993,627.2197324687443,628.1108756364849,44.659970356971975,16.790099870898928,675.0,1099964.05,False,False,False,False,0,-0.08511112919560182
2025-11-07,615.0999755859375,617.4500122070312,607.2000122070312,611.2000122070312,629852,625.6940448247716,627.4477045216045,41.83831829342044,16.330090993401683,675.0,1042372.4,False,False,False,False,0,-0.09451850043402776
2025-11-10,610.5499877929688,615.5,609.25,610.75,436269,624.2708024605076,626.7928925795808,41.63754448284936,15.610084493872991,675.0,1036757.85,False,False,False,False,0,-0.09518518518518515
2025-11-11,612.9000244140625,616.0,608.4500122070312,612.5999755859375,433082,623.1592951391201,626.236307599438,42.85166776931332,15.034363300951261,675.0,1023718.2,False,False,False,False,0,-0.09244448061342592
2025-11-12,616.0,634.2999877929688,613.7999877929688,620.1500244140625,1180453,622.8726979272099,625.9976298274624,47.639121644300374,15.510481079956975,675.0,1013579.0,False,False,False,True,1,-0.08125922309027778
2025-11-13,622.0,628.5,617.5999755859375,619.2999877929688,539936,622.532439819187,625.7349771986588,47.160107445156,15.1811627466788,675.0,1036906.65,False,False,False,False,0,-0.08251853660300923
2025-11-14,623.9000244140625,634.9000244140625,621.5999755859375,625.1500244140625,931132,622.7817335901275,625.7120378737727,50.824791067427775,15.21108230913701,675.0,1024955.3,False,False,True,False,1,-0.07385181568287036
2025-11-17,630.0,630.0,620.5999755859375,621.8499755859375,387009,622.6929947325856,625.5605844507204,48.76997224933767,14.796006745203117,675.0,1034827.65,False,False,False,False,0,-0.07874077690972225
2025-11-18,622.2000122070312,625.2999877929688,611.8499755859375,612.7999877929688,530946,621.7508035954793,625.0601688955145,43.56789474760209,14.69986427819084,675.0,1028826.5,False,False,False,False,0,-0.09214816623263888
2025-11-19,614.75,616.9500122070312,608.5999755859375,610.5,379035,620.6792984911478,624.4891818800041,42.33207235438882,14.246305159826765,675.0,984198.2,False,False,False,False,0,-0.0955555555555555
2025-11-20,613.9000244140625,621.4000244140625,605.9000244140625,609.0499877929688,591539,619.5717450913213,623.8837232883558,41.532227923965564,14.33585479126771,675.0,973131.05,False,False,False,False,0,-0.09770372178819442
2025-11-21,610.0,611.9500122070312,605.0,608.0,394876,618.4696741302431,623.2608321790085,40.92916017503019,13.808294606679393,675.0,996674.75,False,False,False,False,0,-0.09925925925925927
2025-11-24,608.7999877929688,610.0,601.0,601.9000244140625,342090,616.8916122525117,622.4231534431283,37.52054089808334,13.464844991916578,675.0,988968.05,False,False,False,False,0,-0.10829626012731486
2025-11-25,602.0,606.75,599.0499877929688,604.75,322649,615.7352682284629,621.7300886022214,40.03331490337443,13.053071221567627,675.0,978495.15,False,False,False,False,0,-0.1040740740740741
2025-11-26,607.1500244140625,609.2000122070312,604.5999755859375,605.75,233339,614.7842903019426,621.1034184609578,40.93099046465036,12.449283035819493,675.0,975753.45,False,False,False,False,0,-0.10259259259259257
2025-11-27,606.75,609.9500122070312,602.0999755859375,603.4000244140625,237752,613.700074503097,620.4091677140208,39.436955458108805,12.120765434767653,675.0,965481.9,False,False,False,False,0,-0.10607403790509262
2025-11-28,604.2999877929688,612.7999877929688,601.0499877929688,606.6500244140625,452534,613.0286411612842,619.8695934669636,42.559655365755866,12.094282189427107,643.9500122070312,553943.45,False,False,False,False,0,-0.057923731789567445
2025-12-01,609.0499877929688,610.9000244140625,604.0,606.8499755859375,290729,612.4401968207751,619.3590202167273,42.75521703718125,11.723263776901064,643.9500122070312,527426.3,False,False,False,False,0,-0.05761322450160311
2025-12-02,605.0,606.0,600.25,601.6500244140625,246342,611.4125613534692,618.6645497930934,39.03333693071856,11.357314620403665,634.9000244140625,498934.35,False,False,False,False,0,-0.052370450025869486
2025-12-03,601.5,602.25,591.0,593.4000244140625,389279,609.6970816449542,617.673784091955,33.97941501351306,11.349649290374833,634.9000244140625,485871.25,False,False,False,False,0,-0.06536462183679959
2025-12-04,592.7999877929688,597.0,591.0999755859375,593.0,231421,608.1068833930539,616.7061847157998,33.7512234415571,10.960390370638239,634.9000244140625,479091.8,False,False,False,False,0,-0.06599468074163528
2025-12-05,595.0,597.4500122070312,590.1500244140625,593.1500244140625,241999,606.68242063315,615.7824137235749,33.930426464206676,10.698933043661846,634.9000244140625,459013.2,False,False,False,False,0,-0.0657583846189489
2025-12-08,594.0,594.0499877929688,573.0,577.0499877929688,663922,603.8602841721803,614.2634950596296,25.849385622161066,11.438294097183768,634.9000244140625,439620.55,False,False,False,True,1,-0.09111676546946501
2025-12-09,574.0,594.0,570.4000244140625,590.0999755859375,635126,602.5497785925381,613.3159060606613,38.61175052333495,12.306985632094749,634.9000244140625,451003.2,False,False,False,True,1,-0.07056236746796496
2025-12-10,591.2000122070312,596.7000122070312,584.0,588.9000244140625,352276,601.2498020041119,612.3584205058927,37.96470536775284,12.335058958875928,634.9000244140625,461105.4,False,False,False,False,0,-0.07245235191548871
2025-12-11,588.0,591.25,581.5499877929688,587.0499877929688,300210,599.8974387459078,611.3659329485232,36.936978064448994,12.146841333744165,634.9000244140625,419696.55,False,False,False,False,0,-0.07536625418348919
2025-12-12,589.4000244140625,597.2999877929688,589.1500244140625,593.7000122070312,288954,599.3072076469672,610.6731517429746,42.91861389363457,12.011352667048154,634.9000244140625,407710.25,False,False,False,False,0,-0.06489212572491865
2025-12-15,593.5,597.8499755859375,590.3499755859375,592.5499877929688,200024,598.6636628989673,609.9624394312098,42.173616860771986,11.68911319083043,630.0,375601.35,False,False,False,False,0,-0.05944446382068458
2025-12-16,592.0,592.5,585.0999755859375,586.9000244140625,189273,597.5433163765955,609.0580309991649,38.62618600522615,11.386320263416204,625.2999877929688,366252.1,False,False,False,False,0,-0.06141046558219365
2025-12-17,586.7999877929688,590.0,580.2999877929688,584.6500244140625,232805,596.3153838087352,608.1008542703373,37.28129930361242,11.265869687960135,621.4000244140625,349168.45,False,False,False,False,0,-0.05914064782126893
2025-12-18,584.5499877929688,585.0,575.2000122070312,581.9500122070312,252719,594.9472531800016,607.0753310521685,35.676028641660224,11.161163838317893,621.4000244140625,341856.95,False,False,False,False,0,-0.06348569465253873
2025-12-19,582.0,585.5999755859375,562.75,568.75,760702,592.452276686668,605.57237689326,29.082941113464273,11.996078963147866,612.7999877929688,324915.95,False,False,False,True,1,-0.07188314078075797
2025-12-22,573.2999877929688,573.7000122070312,567.5,568.7000122070312,506616,590.1901562600359,604.1264018075256,29.061038407201266,11.582074194853822,612.7999877929688,343207.25,False,False,False,True,1,-0.07196471355158784
2025-12-23,570.8499755859375,570.9000244140625,562.4000244140625,563.4000244140625,534922,587.6387151318479,602.5292889685662,26.759915660342728,11.36192603807855,612.7999877929688,351433.55,False,False,False,True,1,-0.08061351886905677
2025-12-24,565.0999755859375,569.3499755859375,561.0,565.2000122070312,554316,585.5016958056749,601.0653957622316,28.821295896383987,11.146786720068475,612.7999877929688,362047.2,False,False,False,True,1,-0.07767620191601388
2025-12-26,565.1500244140625,585.0,563.0,569.7999877929688,842886,584.0062950425599,599.8393013320645,33.938452030031044,11.922016240063584,612.7999877929688,378096.05,False,False,False,True,1,-0.07016971419152074
2025-12-29,570.5499877929688,572.0999755859375,563.0999755859375,564.9000244140625,302381,582.1866502207984,598.4691336097899,31.352762400578214,11.713300794344757,612.7999877929688,408352.75,False,False,False,False,0,-0.07816573814144556
2025-12-30,565.0,567.1500244140625,562.5,564.0499877929688,243328,580.4593490371955,597.1193631856008,30.91276341087051,11.208781052896024,610.9000244140625,400845.1,False,False,False,False,0,-0.07669018619868184
2025-12-31,564.9000244140625,571.0499877929688,564.0999755859375,566.7000122070312,248347,579.1489360057512,595.9264474609511,34.02144054831598,10.908153834832023,606.0,398475.05,False,False,False,False,0,-0.06485146500489891
2026-01-01,567.3499755859375,621.0,567.3499755859375,594.0999755859375,10982992,580.5728445371975,595.8548211129114,56.04443789244135,14.007570546127504,602.25,398575.3,False,False,True,True,2,-0.013532626673412151
2026-01-02,588.5,591.7999877929688,585.0999755859375,587.5999755859375,809537,581.242095113268,595.5311016804811,51.64077181721437,13.649886935689825,621.0,928260.95,False,False,True,False,1,-0.053784258315720646
2026-01-05,587.5499877929688,587.5999755859375,575.75,577.0499877929688,562506,580.842846797049,594.806352116265,45.40476504236934,13.521321839278944,621.0,957166.75,False,False,False,False,0,-0.07077296651695852
2026-01-06,578.2000122070312,581.8499755859375,569.0,570.3499755859375,435877,579.8435257293241,593.8472785268403,41.940907685948844,13.473368535468842,621.0,973192.1,False,False,False,False,0,-0.08156203609349844
2026-01-07,571.0,572.5,568.0,571.5,344248,579.0489042312932,592.9709146630427,42.748260572069256,12.83241364007821,621.0,961789.85,False,False,False,False,0,-0.07971014492753625
2026-01-08,572.0,577.7999877929688,561.0499877929688,564.1500244140625,526321,577.6299632963188,591.8406836728866,39.01421547898004,13.11224123721548,621.0,947245.95,False,False,False,False,0,-0.0915458544056964
2026-01-09,563.9500122070312,564.0,555.2999877929688,556.5499877929688,375608,575.622346581714,590.4567348148506,35.55573562321641,12.807798050349643,621.0,955948.2,False,False,False,False,0,-0.10378423865866548
2026-01-12,555.3499755859375,559.3499755859375,544.5,557.25,484290,573.8725992882174,589.1545099201506,36.11745472848171,12.953667874320205,621.0,959718.1,False,False,False,False,0,-0.10265700483091789
2026-01-13,558.8499755859375,564.0,554.0,555.4500122070312,307388,572.1180671852474,587.832764911793,35.266233141481806,12.742691597583047,621.0,969484.9,False,False,False,False,0,-0.10555553589850042
2026-01-14,555.4500122070312,558.7999877929688,552.9500122070312,554.4000244140625,250494,570.4306345403727,586.5216770491369,34.75171451553669,12.250354739608365,621.0,974853.1,False,False,False,False,0,-0.10724633749748391
2026-01-15,554.4000244140625,554.4000244140625,554.4000244140625,554.4000244140625,0,568.9039097664385,585.262004396781,34.75171451553669,11.375329401064912,621.0,977914.15,False,False,False,False,0,-0.10724633749748391
2026-01-16,554.9500122070312,558.0499877929688,545.0,546.75,553847,566.7940135982062,583.7517297145544,30.93773403271051,11.494947857629473,621.0,966273.9,False,False,False,False,0,-0.11956521739130432
2026-01-19,548.9500122070312,550.5,541.5,544.7000122070312,326610,564.6898229895229,582.2202898122986,29.987955762641235,11.316737296370224,621.0,981330.3,False,False,False,False,0,-0.12286632494841987
2026-01-20,544.7000122070312,548.75,530.0,532.2999877929688,467312,561.6050767803273,580.2626309095798,24.990349797270156,11.847684632343778,621.0,959625.7,False,False,False,False,0,-0.14283415814336753
2026-01-21,534.9500122070312,537.7999877929688,522.7999877929688,528.1500244140625,650505,558.4188813168735,578.2189992823046,23.5743558648807,12.072850015747795,621.0,957660.5,False,False,False,False,0,-0.14951686889845006
2026-01-22,532.9500122070312,555.0,532.9500122070312,548.0,647552,557.4266069057427,577.0339404869201,40.84107199021781,13.128358985047061,621.0,963439.65,False,False,False,False,0,-0.11755233494363926
2026-01-23,550.6500244140625,550.6500244140625,507.0499877929688,517.4500122070312,2182806,553.6193121725321,574.6973158484931,29.71424959852942,15.304907387621821,621.0,968101.45,False,False,False,True,1,-0.16674716230751807
2026-01-27,528.0499877929688,536.7000122070312,513.0499877929688,525.2999877929688,1410430,550.9222336601927,572.7601657286687,34.641641522700155,15.900987175224726,621.0,1035097.45,False,False,False,True,1,-0.1541062998502919
2026-01-28,527.0,534.9500122070312,519.5999755859375,529.8499755859375,510039,548.915351938835,571.0774131740518,37.38180803172149,15.86163356421537,621.0,1090499.9,False,False,False,False,0,-0.14677942739784622
2026-01-29,529.8499755859375,536.1500244140625,522.0,527.0999755859375,680543,546.8376970480829,569.3528077784395,36.38880459294658,15.73937576777588,621.0,1103835.45,False,False,False,False,0,-0.15120776878270936
2026-01-30,527.0999755859375,531.25,520.5999755859375,526.9500122070312,355049,544.9436318251255,567.689953050149,36.33212607718658,15.375850671082066,621.0,1125445.25,False,False,False,False,0,-0.15144925570526369
2026-02-02,522.6500244140625,525.9000244140625,511.0,519.0499877929688,500247,542.4775704887296,565.7825034322204,33.3823098304087,15.416862209364151,591.7999877929688,594048.1,False,False,False,False,0,-0.12293004646943384
2026-02-03,550.0,558.0,537.0,542.3499755859375,1648965,542.4654185932256,564.863580771582,47.039670349860216,17.097801494911803,587.5999755859375,578583.6,False,False,False,True,1,-0.07700817202192367
2026-02-04,535.0499877929688,553.1500244140625,535.0499877929688,548.9000244140625,818590,543.0782381952101,564.23755895364,50.13459500996998,17.169389718210514,581.8499755859375,632906.55,False,False,True,True,2,-0.05662963401982368
2026-02-05,549.6500244140625,553.1500244140625,543.0,545.4000244140625,303887,543.2993606922437,563.4988321089508,48.50349487237906,16.668006482199942,577.7999877929688,652042.2,False,False,False,False,0,-0.05607470415959137
2026-02-06,545.0,552.25,540.25,543.5,360154,543.3184691977442,562.7145641831096,47.59816030871532,16.334577447757088,577.7999877929688,650024.15,False,False,False,False,0,-0.059363081546583096
2026-02-09,552.7999877929688,564.7999877929688,544.0,545.5499877929688,542445,543.5309947782417,562.041443540359,48.71050971844948,16.689249615272207,564.0,641715.8,False,False,False,False,0,-0.032712787601119286
2026-02-10,548.2000122070312,549.0,539.5499877929688,543.2000122070312,380040,543.4994726286026,561.3025638802285,47.4666259092351,16.17216122896928,564.7999877929688,650057.65,False,False,False,False,0,-0.038243583662850744
2026-02-11,543.2000122070312,545.0,539.2000122070312,542.25,229071,543.3804752354023,560.5554045123764,46.94471738712295,15.431291697826387,564.7999877929688,644845.15,False,False,False,False,0,-0.03992561664366501
2026-02-12,542.0,544.3499755859375,533.0,535.9500122070312,241207,542.6728120898432,559.5904871670688,43.52682619013936,15.139769118405752,564.7999877929688,640929.3,False,False,False,False,0,-0.05107998620657306
2026-02-13,533.0,533.5,518.0499877929688,519.9000244140625,473476,540.5039751683403,558.0339984316569,36.27985229718107,15.336930210952662,564.7999877929688,640464.95,False,False,False,False,0,-0.0794971040179353
2026-02-16,521.0,533.0,515.0999755859375,529.0499877929688,370260,539.4131192278287,556.897370563473,42.18918102959619,15.52000836831765,564.7999877929688,664138.75,False,False,False,False,0,-0.06329674357766524
2026-02-17,529.5,536.0,525.0,533.8499755859375,277889,538.8832960238391,555.9935511525892,45.06723098556817,15.197150627723534,564.7999877929688,654959.4,False,False,False,False,0,-0.054798181437596294
2026-02-18,533.0,538.2000122070312,528.8499755859375,531.0,282162,538.1325059263306,555.0134118917034,43.67687362471155,14.77949962724998,564.7999877929688,652523.35,False,False,False,False,0,-0.05984417231495831
2026-02-19,531.0,534.2000122070312,520.0,522.0,231919,536.5960767904896,553.7187682881073,39.529501916885636,14.738107668662927,564.7999877929688,643265.85,False,False,False,False,0,-0.07577901685199284
2026-02-20,522.4000244140625,524.4500122070312,518.0,519.2000122070312,317392,534.9393087349222,552.3650915790455,38.310681811606266,14.14610084997495,564.7999877929688,622336.55,False,False,False,False,0,-0.08073650242827635
2026-02-23,522.0,528.0999755859375,521.5499877929688,525.5999755859375,279098,534.0498484350189,551.3154791871589,42.662428397476894,13.771376744898614,564.7999877929688,605828.55,False,False,False,False,0,-0.06940512226321127
2026-02-24,523.0,523.7000122070312,515.1500244140625,518.1500244140625,275654,532.5355794806421,550.0148731176257,39.19619239732113,13.534132061111213,564.7999877929688,510643.15,False,False,False,False,0,-0.08259554601124763
2026-02-25,523.6500244140625,523.6500244140625,513.0499877929688,515.1500244140625,276399,530.8798123314441,548.6476241488585,37.86214790085258,13.32455381539568,564.7999877929688,453904.35,False,False,False,False,0,-0.08790716085692585
2026-02-26,517.5,519.9000244140625,514.0,516.0999755859375,174554,529.4722088318721,547.371245773842,38.575059840646546,12.794230286729025,564.7999877929688,442222.35,False,False,False,False,0,-0.08622523594119225
2026-02-27,516.0999755859375,517.5999755859375,510.0499877929688,512.0,208796,527.8081889431223,545.9841380964365,36.62212453161101,12.419641537174716,564.7999877929688,416922.9,False,False,False,False,0,-0.09348439967092026
2026-03-02,489.8500061035156,500.0,483.0,492.8500061035156,754603,524.4788381964931,543.9004466457337,29.188984866456536,13.60395285594795,564.7999877929688,409610.25,False,False,False,True,1,-0.12739019696265796
2026-03-04,487.8999938964844,487.8999938964844,477.0,480.7999877929688,533471,520.3189476818718,541.4259188475861,25.659718795979316,13.764385230774213,564.7999877929688,422328.05,False,False,False,True,1,-0.14872521567898955
2026-03-05,481.5,486.5,478.0,483.4500122070313,459707,516.8076204937918,539.1523538812899,27.729263174300144,13.388357714290342,564.7999877929688,366553.35,False,False,False,True,1,-0.14403324600594158
2026-03-06,485.0,492.0,481.2000122070313,482.6499938964844,363825,513.5545131988101,536.9365750583563,27.480543240622282,13.203474148481654,564.7999877929688,348609.2,False,False,False,True,1,-0.14544970905097998
2026-03-09,481.0,481.0,462.7999877929688,467.8999938964844,476128,509.20646374144576,534.2292581500477,23.32627584349879,13.678226430984076,564.7999877929688,351606.1,False,False,False,True,1,-0.17156514870889783
2026-03-10,468.9500122070313,478.0,463.4500122070313,472.4500122070313,793303,505.7058493095968,531.8065426228707,26.992688125385996,13.740495099697263,564.7999877929688,357404.8,False,False,False,True,1,-0.16350916710676155
2026-03-11,479.0,566.9000244140625,474.8999938964844,566.9000244140625,18960811,511.53386598621256,533.1827575950742,64.71332580123698,19.505460607363972,549.0,369947.7,False,True,True,True,2,0.03260478035348369
2026-03-12,594.0,651.0,589.9000244140625,607.5999755859375,48585918,520.6830192814244,536.1010798692257,71.53765412645805,24.119354534404938,566.9000244140625,1298986.25,False,True,True,True,2,0.07179387796629877
2026-03-13,624.0,644.8499755859375,554.0,565.9000244140625,31842446,524.989400722628,537.2696659298076,58.95681662898293,28.885827466657265,651.0,3716828.6,False,False,True,True,2,-0.13072192870343702
2026-03-16,588.9500122070312,604.2999877929688,514.0999755859375,522.0499877929688,18277892,524.7094566340891,536.6728158067943,49.16524955234915,33.26541209096969,651.0,5296890.55,False,False,False,True,1,-0.1980798958633353
2026-03-17,525.7000122070312,533.7000122070312,490.0,516.8499755859375,8611067,523.9609346295032,535.8954495236236,48.14412075662182,34.01074067068838,651.0,6187111.35,False,False,False,True,1,-0.20606762582805305
2026-03-18,520.0,520.4000244140625,508.0499877929688,515.6500244140625,2891422,523.1694193708898,535.101511284033,47.89690643082106,32.46354752428876,651.0,6599151.7,False,False,False,False,0,-0.20791086879560294
2026-03-19,535.6500244140625,580.0,517.7000122070312,556.1500244140625,50297135,526.3104293750015,535.9269431714852,56.09194029905005,34.74114952869224,651.0,6729828.35,False,False,True,True,2,-0.14569888722878266
2026-03-20,576.1500244140625,592.2999877929688,545.0,551.9000244140625,13348695,528.7475336644359,536.5533385143314,55.11232720109246,35.63820940471199,651.0,9230577.0,False,False,True,True,2,-0.15222730504752302
2026-03-23,547.5,547.5,510.1000061035156,513.5999755859375,3898645,527.3049090855312,535.6532066347866,47.1250143324945,36.07833861227163,651.0,9886415.8,False,False,False,False,0,-0.21105994533650152
2026-03-24,532.0,534.7000122070312,508.6499938964844,521.9000244140625,3665140,526.7901581644389,535.1138661555425,48.854917649665815,35.362030019291296,651.0,10065478.45,False,False,False,False,0,-0.1983102543562788
2026-03-25,529.0,531.4000244140625,518.0499877929688,520.7999877929688,2035564,526.2196657481085,534.5525375923044,48.62784346769295,33.789744776562905,651.0,10234780.55,False,False,False,False,0,-0.2000000187512001
2026-03-27,521.9500122070312,553.5,511.5,529.0999755859375,11384740,526.4939809707588,534.3387116312704,50.49741607040318,34.376191578236984,651.0,10322776.05,False,False,True,True,2,-0.18725042152697768
2026-03-30,527.0999755859375,537.6500244140625,502.4500122070313,509.9500122070313,3244731,524.9183648980229,533.3822920460061,46.3098374657999,34.435035908865146,651.0,10878193.1,False,False,False,False,0,-0.21666664791546653
2026-04-01,530.0,530.0,513.2999877929688,520.9000244140625,1854124,524.5356658043124,532.8927913545574,48.91833368085807,33.407532472015404,651.0,11031701.95,False,False,False,False,0,-0.1998463526665707
2026-04-02,515.0,522.5499877929688,509.1499938964844,520.0499877929688,1382666,524.1084583746606,532.389151999201,48.720447949097235,31.97842257376319,651.0,11113968.35,False,False,False,False,0,-0.20115209248391897
2026-04-06,520.0499877929688,526.0,512.7999877929688,523.4500122070312,1709257,524.0457492158388,532.0385974975472,49.59868901730962,30.637107547568053,651.0,11145371.5,False,False,False,False,0,-0.19592932072652647
2026-04-07,521.0,527.7000122070312,516.1500244140625,519.5499877929688,994818,523.6175814612797,531.5488480973677,48.571104685989916,29.273741850810964,651.0,11204160.8,False,False,False,False,0,-0.2019201416390649
2026-04-08,522.5499877929688,589.0,522.5499877929688,559.0,15289752,526.9873356078244,532.6253638582552,58.04085281878169,32.14347544768384,651.0,11230916.35,False,False,True,True,2,-0.14132104454685102
2026-04-09,554.0,554.6500244140625,544.25,549.9000244140625,1974221,529.1694964465138,533.3028015271104,55.50211119141606,30.90108434427785,651.0,11977212.7,False,False,True,False,1,-0.1552995016681068
2026-04-10,552.9500122070312,585.5999755859375,551.4000244140625,581.0499877929688,7676199,534.1104956223667,535.175240204203,61.68088364017304,31.243860546249078,651.0,12052117.35,False,False,True,False,1,-0.10745009555611562
2026-04-13,551.0499877929688,593.4500122070312,551.0499877929688,572.4000244140625,4867094,537.7571174120519,536.6350356634132,59.22173199167974,32.04072939395004,651.0,12396262.15,True,False,True,False,1,-0.12073728968653996
2026-04-15,585.0,590.9500122070312,573.0499877929688,586.0999755859375,2469791,542.3611991428982,538.5748372290024,61.818186457393296,31.07710499387995,651.0,11691576.3,True,False,True,False,1,-0.09969281784034179
2026-04-16,589.9000244140625,603.0,582.5,597.5999755859375,3797212,547.6220349946162,540.8895485371174,63.89629040123809,30.321597494317096,644.8499755859375,9385769.95,True,False,True,False,1,-0.07327285692624352
2026-04-17,610.0,649.5,602.0999755859375,632.9000244140625,8867488,555.7437482726588,544.497802493076,69.40149078024444,31.86291370287034,604.2999877929688,7983508.25,True,True,True,True,2,0.0473275479047206
2026-04-20,634.3499755859375,640.5,611.0499877929688,620.3499755859375,3748704,561.8967223024948,547.4723975163255,65.57322034635943,31.690563596024692,649.5,7512988.05,True,False,True,False,1,-0.04488071503319857
2026-04-21,621.0,631.7000122070312,612.5,614.6500244140625,1844260,566.9208463131204,550.1068142574131,63.850524207927606,30.798381353953733,649.5,7269869.9,True,False,True,False,1,-0.053656621379426506
2026-04-22,615.75,633.5499877929688,614.0,629.0999755859375,2992016,572.8426681486268,553.2045852899043,66.26977729421505,29.994924671026233,649.5,7217511.8,True,False,True,False,1,-0.031408813570535044
2026-04-23,629.0,638.0,620.0999755859375,621.7000122070312,2315288,577.4957485351415,555.890680463125,63.91091698482188,29.13100322410025,649.5,4852255.85,True,False,True,False,1,-0.042802136709728655
2026-04-24,625.0,629.7000122070312,604.4000244140625,626.8499755859375,2586116,582.1961511114077,558.6733979189216,64.84866843967791,28.857359264733713,649.5,4300585.5,True,False,True,False,1,-0.0348730168037914
2026-04-27,632.0,649.0,626.0,635.5999755859375,3229223,587.2822296327915,561.690126454883,66.44406916621335,28.438976460109878,649.5,4234959.05,True,False,True,False,1,-0.021401115341127763
2026-04-28,639.0,684.9000244140625,636.8499755859375,653.8499755859375,15861517,593.6220149616627,565.3042381855126,69.54846241203052,29.929053057825243,649.5,4213163.2,True,True,True,True,2,0.006697421995284891
2026-04-29,658.0,679.9500122070312,650.0,656.9500122070312,5057512,599.6532527945549,568.8981901079251,70.05523944309616,29.930550139911386,684.9000244140625,4904460.85,True,False,True,True,2,-0.04080889357675632
2026-04-30,657.9000244140625,659.8499755859375,625.7999877929688,634.7000122070312,3271646,602.991039405267,571.4786537196547,62.07082472010696,30.22479568655834,684.9000244140625,4588099.45,True,False,True,False,1,-0.0732953867974786
2026-05-01,634.7000122070312,634.7000122070312,634.7000122070312,634.7000122070312,0,606.0109415768636,573.957922679944,62.07082472010696,28.065881708947032,684.9000244140625,4589445.2,True,False,True,False,1,-0.0732953867974786
2026-05-04,641.9500122070312,665.7999877929688,638.0999755859375,643.1500244140625,3917516,609.5479970851682,576.6713384342231,63.88383704580454,28.282602700160638,684.9000244140625,4496739.0,True,False,True,False,1,-0.06095780188607447
2026-05-05,644.8499755859375,653.5999755859375,636.6500244140625,647.2000122070312,2183944,613.1339032872503,579.4371687782548,64.75344810736729,27.47312759099738,684.9000244140625,4623481.5,True,False,True,False,1,-0.05504454790943236
2026-05-06,652.0,658.0,641.0,651.0,1811159,616.7401982122741,582.2435543163624,65.59061779967465,26.72504704878328,684.9000244140625,4647215.85,True,False,True,False,1,-0.04949631071055116
2026-05-07,655.0,657.0,640.5,644.25,1522560,619.3601793349147,584.6751796372894,62.739945773896466,25.994686545298762,684.9000244140625,4688032.9,True,False,True,False,1,-0.059351763710096095
2026-05-08,643.9500122070312,648.9500122070312,629.2999877929688,633.0499877929688,1237721,620.6639706166342,586.572230937512,58.2186099001336,25.5414963930676,684.9000244140625,3999673.3,True,False,True,False,1,-0.07570453317687043
2026-05-11,629.7999877929688,629.7999877929688,615.7000122070312,620.5,1261777,620.6483543674309,587.9027316850606,53.56082547977945,24.95638776398688,684.9000244140625,3962848.3,True,False,True,False,1,-0.09402835759738404
2026-05-12,619.9500122070312,623.75,588.0999755859375,591.2999877929688,1419785,617.8532718365298,588.0359574147825,44.61667379931558,25.720218953277993,684.9000244140625,3642127.2,True,False,False,False,0,-0.1366623350629449
2026-05-13,594.9500122070312,617.0,590.0,606.5,1622076,616.7720078520983,588.7600375161636,49.357485860301985,25.811631885186706,684.9000244140625,3469761.75,True,False,False,False,0,-0.11446929715199583
2026-05-14,608.0,618.5,602.0,612.5999755859375,1682108,616.3746714457974,589.6949370483117,51.16416554207401,25.146515321959082,684.9000244140625,3427376.0,True,False,True,False,1,-0.10556292342079898
2026-05-15,645.0,657.75,606.2999877929688,616.25,5968526,616.362797974769,590.7363120660249,52.26161858824731,27.025336528035666,684.9000244140625,3321620.8,True,False,True,True,2,-0.10023364281931968
2026-05-18,611.0,615.9000244140625,596.1500244140625,610.0999755859375,1517584,615.7663386996422,591.4956714197469,50.21405053679168,26.53066788931437,684.9000244140625,3176672.7,True,False,True,False,1,-0.10921309119840816
2026-05-19,623.3499755859375,636.4000244140625,614.4000244140625,623.2999877929688,3834175,616.4838290894829,592.7428995128145,54.3482820255174,26.514195099229415,684.9000244140625,3065116.7,True,False,True,True,2,-0.08994018750954647
2026-05-20,617.9500122070312,617.9500122070312,601.0999755859375,610.5999755859375,2626431,615.9234620891452,593.4431770058782,50.042596374461645,26.206039178358118,684.9000244140625,3164612.45,True,False,True,False,1,-0.10848305764288635
2026-05-21,616.0,654.7000122070312,614.2999877929688,638.0999755859375,11446003,618.0355109936017,595.1944240090178,57.832734779009165,27.484181852839235,684.9000244140625,3146333.2,True,False,True,True,2,-0.06833121208918458
2026-05-22,638.1500244140625,660.0,635.1500244140625,652.7999877929688,5876309,621.3464135459224,597.4534657260356,61.306151761646646,27.296024262346254,684.9000244140625,3602868.95,True,False,True,True,2,-0.04686820773375733
2026-05-25,659.0499877929688,666.9000244140625,652.7999877929688,659.1500244140625,3301936,624.9467574381263,599.8729386157621,62.73417554177835,26.353453716542504,684.9000244140625,3767378.6,True,False,True,False,1,-0.03759672810937531
2026-05-26,659.0,731.4000244140625,656.5,713.0999755859375,29037457,633.3423020236321,604.3132145753768,72.14125112650416,29.821065909222504,684.9000244140625,3771014.25,True,True,True,True,2,0.041173821239092856
2026-05-27,719.7999877929688,830.0,714.0499877929688,808.5499877929688,57324845,650.0287482873784,612.3224997995961,81.18878703624473,36.040991516711074,731.4000244140625,4429811.25,True,True,True,True,2,0.10548258244961439
2026-05-28,808.5499877929688,808.5499877929688,808.5499877929688,808.5499877929688,0,665.1260091926728,620.0176954071793,81.18878703624473,33.46663497980314,830.0,7043177.9,True,False,True,False,1,-0.025843388201242434
2026-05-29,821.9000244140625,859.8499755859375,761.5499877929688,773.2999877929688,44779830,675.4282928688914,626.028765696818,71.27462229247215,38.097588752172115,830.0,6879595.6,True,False,True,True,2,-0.06831326771931479
2026-06-01,784.0,803.4000244140625,728.0,733.7999877929688,19243521,680.9875019092798,630.2550881319612,62.12048220660533,40.76204844230715,859.8499755859375,9118587.1,True,False,True,True,2,-0.14659532636152373
2026-06-02,733.0,752.5,715.0499877929688,738.1500244140625,15735942,686.4315516716401,634.4862621038084,62.68881429993313,40.52547442550173,859.8499755859375,9884887.35,True,False,True,True,2,-0.14153626170535571
2026-06-03,740.0,747.0,700.0,717.5999755859375,7961803,689.3999729968114,637.7456234168332,58.24304959048934,40.98794053796589,859.8499755859375,10562487.25,True,False,True,False,1,-0.16543583652841876
2026-06-04,718.5999755859375,753.5,718.5999755859375,744.0499877929688,9657791,694.6047363107311,641.9144220198189,61.98038311637642,40.624517957687075,859.8499755859375,10870019.45,True,False,True,False,1,-0.1346746421828504
2026-06-05,747.0,770.0,741.0,762.25,10074052,701.0471423763757,646.6334642935515,64.34511858378326,39.79419524642371,859.8499755859375,11276781.0,True,False,True,False,1,-0.11350814485914107
2026-06-08,745.0999755859375,762.0,724.1500244140625,734.2000122070312,4650417,704.204558550724,650.0674465646684,58.32411774563241,39.67317955638899,859.8499755859375,11718597.55,True,False,True,False,1,-0.146130100536763
2026-06-09,740.0,758.25,738.0,752.1500244140625,6426128,708.7707933948515,654.0706849117034,60.848844713649115,38.55723728757326,859.8499755859375,11888029.55,True,False,True,False,1,-0.12525435160765552
2026-06-10,755.0,763.0,724.0999755859375,728.4000244140625,5348345,710.6402439681096,656.9855609706195,56.013721010417186,38.58172208232249,859.8499755859375,12138346.7,True,False,True,False,1,-0.15287544909482553
2026-06-11,726.0,753.6500244140625,714.0,716.1500244140625,6820772,711.1649849629623,659.3057360076173,53.645899600188464,38.6580293917325,859.8499755859375,12324660.15,True,False,True,False,1,-0.16712212043031327
2026-06-12,727.0499877929688,736.0,718.4500122070312,728.5,3246129,712.8159387760136,662.0192365563382,55.67998468264667,37.314596977032856,859.8499755859375,12581593.35,True,False,True,False,1,-0.15275917813038276
2026-06-15,739.9500122070312,744.9500122070312,717.5499877929688,720.0499877929688,2630609,713.5048958252474,664.2949522911081,53.93602743398976,36.606413222534975,859.8499755859375,12445473.5,True,False,True,False,1,-0.16258648806462228
2026-06-16,722.7999877929688,723.0,704.5999755859375,713.7000122070312,2662075,713.5234783377983,666.2324056211443,52.60267798917413,35.30595687907265,859.8499755859375,12501124.75,True,False,True,False,1,-0.16997146889410986
2026-06-17,715.4000244140625,716.7999877929688,701.0,702.6500244140625,2108821,712.4879112974426,667.6605475345921,50.27362353251251,33.91267337292238,859.8499755859375,12442519.75,True,False,True,False,1,-0.18282253373880997
2026-06-18,704.5,740.0,690.4000244140625,724.3499755859375,5131265,713.6176317058706,669.8836623601351,54.53124003444774,35.033194959566316,859.8499755859375,12416639.25,True,False,True,False,1,-0.15758562987417035
2026-06-19,735.0,742.2999877929688,721.5,727.2999877929688,3480575,714.9207132379752,672.1352829653442,55.09414161632812,34.01653730480935,859.8499755859375,12100902.35,True,False,True,False,1,-0.15415478462117027
2026-06-22,729.0,737.2999877929688,717.0499877929688,733.4000244140625,2636613,716.6806476356978,674.5378218456862,56.298913722552186,33.03321321160868,859.8499755859375,11981115.65,True,False,True,False,1,-0.1470604812027898
2026-06-23,732.75,736.0,711.5,716.0499877929688,2012553,716.6205847935331,676.1657499220502,52.02371869791478,32.42369798220807,859.8499755859375,11947849.5,True,False,True,False,1,-0.1672384623782509
2026-06-24,715.0,726.2000122070312,708.5999755859375,719.4000244140625,1617910,716.8852933288216,677.861211666835,52.76950136997107,31.36486502784276,859.8499755859375,10596604.3,True,False,True,False,1,-0.16334239130049
2026-06-25,723.0,734.0,714.4000244140625,719.7999877929688,1741949,717.162883277788,679.5058695541344,52.8637112496842,30.524515781992385,859.8499755859375,7811257.55,True,False,True,False,1,-0.16287723645922403
2026-06-26,719.7999877929688,719.7999877929688,719.7999877929688,719.7999877929688,0,717.4140360887576,681.0860310536966,52.8637112496842,28.344193226135786,859.8499755859375,7898355.0,True,False,True,False,1,-0.16287723645922403
2026-06-29,707.9000244140625,739.7999877929688,698.2000122070312,731.6500244140625,3419928,718.7698445006913,683.0689327541031,55.887193596200724,29.291034823264482,803.4000244140625,5659363.5,True,False,True,False,1,-0.08930793853576102
2026-06-30,731.0,738.0999755859375,718.0,731.5499877929688,1994118,719.9870010047177,684.9701505987645,55.85462228994642,28.63453059202684,770.0,4868183.85,True,False,True,False,1,-0.04993508078835229
2026-07-01,728.0,746.4000244140625,723.1500244140625,734.0,2668073,721.3215723376018,686.8928897909698,56.522930891963256,28.249921264024923,770.0,4181092.65,True,False,True,False,1,-0.04675324675324677
2026-07-02,734.0,744.9000244140625,728.5499877929688,733.4500122070312,1764349,722.476661848976,688.718659297482,56.31682071839457,27.399929503815553,770.0,3916406.15,True,False,True,False,1,-0.04746751661424509
2026-07-03,739.0,739.0,717.0999755859375,721.75,1267326,722.4074559585974,690.0140059916984,51.974858692885455,27.007079140261766,770.0,3521734.05,True,False,True,False,1,-0.06266233766233764
2026-07-06,726.0,734.3499755859375,719.4000244140625,724.25,1571377,722.582936343493,691.3565939920239,52.81203611438329,26.145855713948425,763.0,3081397.75,True,False,True,False,1,-0.05078636959370908
2026-07-07,726.9000244140625,728.5499877929688,706.25,711.2000122070312,1102680,721.4988483304967,692.1347672553575,48.09861535761494,25.871150862449877,763.0,2927445.75,True,False,False,False,0,-0.06788989225815034
2026-07-08,708.0,722.75,694.0,698.6500244140625,1811648,719.3227698622649,692.3902675360911,44.02894306068242,26.076782943703456,763.0,2661273.35,True,False,False,False,0,-0.08433810692783417
2026-07-09,705.0,712.7000122070312,698.0999755859375,700.6500244140625,1879567,717.5444131529123,692.7141795705213,44.83006879674769,25.257015349231335,753.6500244140625,2484438.5,True,False,False,False,0,-0.07032441887228191
2026-07-10,707.7000122070312,750.0,704.3499755859375,723.9000244140625,6356935,718.1497094634981,693.9371538781112,53.21372220401779,26.977941080424632,746.4000244140625,2237378.25,True,False,True,True,2,-0.030144693547756618
2026-07-13,719.7000122070312,735.5,713.4000244140625,720.9500122070312,1509844,718.4164049628822,694.9964816557159,52.13125537741534,26.629514973675555,750.0,2392918.55,True,False,True,False,1,-0.03873331705729166
2026-07-14,719.5999755859375,740.4500122070312,716.5,721.5999755859375,3045728,718.719602165078,696.0397559274893,52.36118855088589,26.43812191891525,750.0,2336880.3,True,False,True,True,2,-0.037866699218749966
2026-07-15,725.75,728.7000122070312,711.5,715.4000244140625,1241088,718.4034519030764,696.798982142649,49.898977336037035,25.778256939494966,750.0,2356062.95,True,False,False,False,0,-0.04613330078125
2026-07-16,717.1500244140625,721.5499877929688,703.1500244140625,707.7000122070312,1228035,717.3840766939293,697.2264735177229,46.946370257990495,25.251235970881485,750.0,2312676.3,True,False,False,False,0,-0.05639998372395838
2026-07-17,711.0,715.2999877929688,701.1500244140625,706.5999755859375,1178598,716.3570194455492,697.5940618341234,46.522843672028955,24.45828792859754,750.0,2117514.8,True,False,False,False,0,-0.057866699218749984
2026-07-20,711.0,717.5999755859375,707.5499877929688,712.9000244140625,763619,716.0277818235029,698.1942956607877,49.341563404470584,23.49698164798343,750.0,2002415.95,True,False,False,False,0,-0.0494666341145833
2026-07-21,714.0,718.9000244140625,690.2000122070312,700.4000244140625,1831596,714.5394239749847,698.2807948275828,44.34698877016478,23.868626687915416,750.0,1908766.25,True,False,False,False,0,-0.06613330078125002
2026-07-22,699.4000244140625,699.9000244140625,675.0,681.5999755859375,2120537,711.4023336522183,697.6266450534006,38.100327490323956,23.978012239783066,750.0,1899718.4,True,False,False,True,1,-0.09120003255208331
2026-07-23,682.0,683.0,655.0,662.5999755859375,1545029,706.7544900268582,696.2530501723236,33.03570875517332,24.26529707979856,750.0,1924849.75,True,False,False,False,0,-0.11653336588541663
2026-07-24,655.0,664.0,648.75,652.8499755859375,1062001,701.6207267467705,694.5509688159947,30.77496512373169,23.62134728838438,750.0,1915003.75,True,False,False,False,0,-0.12953336588541664
2026-07-27,658.0,665.5,657.6500244140625,660.5,671241,697.704467056602,693.2156367055635,34.559044255387334,22.837681368789962,750.0,1968103.8,True,False,False,False,0,-0.11933333333333329
2026-07-28,661.1500244140625,662.7999877929688,643.1500244140625,645.5499877929688,697241,692.7373737933988,691.3463955717363,30.99346151213699,22.609987226655413,750.0,1830669.45,True,False,False,False,0,-0.1392666829427084
2026-07-29,648.0499877929688,661.2000122070312,646.0,655.9000244140625,770640,689.2290548048906,689.9563418008471,35.92247015751343,22.11284702575592,750.0,1765825.6,False,False,False,False,0,-0.12546663411458336
2026-07-30,653.0,654.3499755859375,645.7000122070312,650.1500244140625,575298,685.5072423867165,688.3953097464633,34.45025131084017,21.26193025298987,750.0,1670953.95,False,False,False,False,0,-0.13313330078124996
2026-07-31,651.5499877929688,657.5,647.75,651.4500122070312,460460,682.2636966553179,686.9464745488386,35.097872761110835,20.439649520633452,750.0,1611501.4,False,False,False,False,0,-0.13139998372395834
2026-08-03,655.9000244140625,677.8499755859375,654.0,667.5999755859375,1235916,680.8671517915674,686.1877883149994,42.67510213972437,20.865386224795795,750.0,1571158.1,False,False,False,False,0,-0.10986669921875003
2026-08-04,668.0,674.8499755859375,662.7000122070312,666.9500122070312,581973,679.5417099263734,685.43336572253,42.46025177403432,20.242856021517973,750.0,1554385.05,False,False,False,False,0,-0.11073331705729161
2026-08-05,670.0,671.4000244140625,656.5499877929688,660.3499755859375,488629,677.7139257034748,684.4497033642323,40.244552712273006,19.857654635773386,750.0,1528349.7,False,False,False,False,0,-0.11953336588541663
2026-08-06,662.7999877929688,664.1500244140625,655.0499877929688,660.25,373836,676.0506946840964,683.5006953891643,40.21032340807186,19.089253349010555,750.0,1462198.75,False,False,False,False,0,-0.1196666666666667
2026-08-07,656.0499877929688,663.5999755859375,655.5499877929688,657.5499877929688,427282,674.2887225992271,682.4830205814704,39.239651282618446,18.300734380721856,750.0,1386912.2,False,False,False,False,0,-0.12326668294270837
2026-08-10,656.9000244140625,665.7000122070312,652.0,660.0999755859375,480802,672.9374133598662,681.6052541110574,40.69570761561762,17.972111368315385,740.4500122070312,1090429.55,False,False,False,False,0,-0.10851513984259042
2026-08-11,670.7999877929688,673.7999877929688,663.0499877929688,666.1500244140625,979081,672.2909953650278,680.9991666719595,44.11739274157103,17.66696142822366,740.4500122070312,1038977.45,False,False,False,False,0,-0.1003443670309433
2026-08-12,668.0,669.9500122070312,656.5,660.3499755859375,878468,671.1537553860669,680.1893944725077,41.6371598381746,17.36575076956706,728.7000122070312,935645.1,False,False,False,False,0,-0.09379722173199967
2026-08-13,661.0,671.3499755859375,652.0999755859375,655.0499877929688,517528,669.6200632343433,679.2035353870356,39.454399914054804,17.50034000031227,721.5499877929688,917514.1,False,False,False,False,0,-0.09216270684641814
2026-08-14,655.1500244140625,661.2000122070312,652.0499877929688,654.0499877929688,469323,668.1371989065934,678.2171217558957,39.03855781613429,16.903888887008716,718.9000244140625,881988.75,False,False,False,False,0,-0.09020730897032536
2026-08-17,655.0,655.0499877929688,646.0,646.9000244140625,363269,666.1146108596857,676.9890002915101,36.10815820355107,16.34289595172015,718.9000244140625,846525.0,False,False,False,False,0,-0.10015300814419004
2026-08-18,646.9000244140625,655.0,645.7999877929688,647.2999877929688,343489,664.3227419961888,675.8247252915673,36.39577888850069,15.832689969956657,718.9000244140625,826507.5,False,False,False,False,0,-0.09959665348384317
2026-08-19,652.9000244140625,687.9000244140625,652.9000244140625,664.25,8506454,664.3158141870281,675.3708144958196,47.23618117254376,17.60178615932359,699.9000244140625,752102.15,False,False,False,True,1,-0.050935881083741585
2026-08-20,666.5,667.9000244140625,655.2999877929688,657.6500244140625,664263,663.6809770657933,674.675881551437,44.085447387242304,17.244518335164315,687.9000244140625,1071398.0,False,False,False,False,0,-0.043974413325201245
2026-08-21,658.0,659.7999877929688,644.0,646.0999755859375,774129,662.0065959724736,673.5552577880841,39.16241623648372,17.141337582150346,687.9000244140625,1027359.7,False,False,False,False,0,-0.060764714848977275
2026-08-24,649.0,654.8499755859375,638.0,639.5999755859375,451894,659.8726321261369,672.2236780938822,36.67996640555706,17.120526010992286,687.9000244140625,1012966.1,False,False,False,False,0,-0.07021376234034282
2026-08-25,639.5999755859375,644.9500122070312,635.4500122070312,640.25,483227,658.0038100188857,670.9698083647104,37.10930348842149,16.576202724492838,687.9000244140625,1001998.75,False,False,False,False,0,-0.06926882210049301
2026-08-26,645.4500122070312,654.7000122070312,639.3499755859375,643.7000122070312,737105,656.6415435606139,669.900404593821,39.45572480568847,16.4886194313929,687.9000244140625,991298.05,False,False,False,False,0,-0.06425354068664235
2026-08-27,643.0,647.25,639.0499877929688,645.3499755859375,734229,655.5661561344542,668.9376426719432,40.59719583759709,15.896576058224213,687.9000244140625,989621.3,False,False,False,False,0,-0.0618549895595194
2026-08-28,644.0,645.1500244140625,635.0,636.5,302887,653.7503317406967,667.6655782534357,36.61019519711793,15.500390310203734,687.9000244140625,997567.85,False,False,False,False,0,-0.07472019565320387
2026-08-31,636.0,638.3499755859375,615.0999755859375,621.2000122070312,785690,650.650301308919,665.8433991927924,30.950956207292933,16.053933859474895,687.9000244140625,989689.2,False,False,False,False,0,-0.09696178200290773
2026-09-01,621.6500244140625,629.7000122070312,610.0,613.6500244140625,730043,647.1264654141708,663.7966001818618,28.60141354059577,16.314368027157492,687.9000244140625,967177.9,False,False,False,False,0,-0.10793719634367571
2026-09-02,613.9500122070312,624.9500122070312,604.2999877929688,614.9500122070312,776942,644.062041299205,661.8810477122606,29.59248729575077,16.62405776907928,687.9000244140625,974581.4,False,False,False,False,0,-0.10604740459075923
2026-09-03,618.7999877929688,622.0,612.9500122070312,614.0499877929688,486903,641.2037504890873,660.0053198722884,29.289359379490648,16.08305277078567,687.9000244140625,988997.05,False,False,False,False,0,-0.10735576973412309
2026-09-04,614.0,619.7999877929688,610.5499877929688,612.3499755859375,445851,638.4557719268826,658.1364828414512,28.69152548102791,15.59497757287241,687.9000244140625,994650.4,False,False,False,False,0,-0.10982707682337534
2026-09-08,604.4000244140625,612.0,602.0,609.4000244140625,458452,635.6885578780425,656.2252491776321,27.637346205848345,15.220334573805632,687.9000244140625,995578.85,False,False,False,False,0,-0.11411541970341477
2026-09-09,610.9000244140625,624.4000244140625,608.5499877929688,612.2999877929688,871019,633.4610750127974,654.5026899076454,30.34669508081201,15.265313291469068,687.9000244140625,994461.35,False,False,False,False,0,-0.1098997440587215
2026-09-10,613.5,616.0,600.25,602.7000122070312,461142,630.5314499836769,652.4712123507585,26.77305598746935,15.299933770649849,687.9000244140625,989058.25,False,False,False,False,0,-0.1238552248629482
2026-09-11,599.5,601.4500122070312,592.5,594.7999877929688,437058,627.1284535845618,650.2095957014334,24.24300787377726,14.935653658962806,687.9000244140625,968191.95,False,False,False,False,0,-0.13533948730470569
2026-09-14,594.7999877929688,594.7999877929688,594.7999877929688,594.7999877929688,0,624.0495520806006,648.0366699011014,24.24300787377726,13.868821254751177,687.9000244140625,964168.45,False,False,False,False,0,-0.13533948730470569
2026-09-15,595.0,602.9000244140625,576.4000244140625,580.1500244140625,517239,619.8686446837876,645.3744485094528,20.148113568144367,14.771048307983236,687.9000244140625,940702.3,False,False,False,False,0,-0.15663613341455973
2026-09-16,581.0,597.25,580.25,586.5,838761,616.6906785234269,643.0656466071214,25.983939879241902,14.93740025640854,687.9000244140625,948400.8,False,False,False,False,0,-0.1474051763560159
2026-09-17,589.7000122070312,589.7000122070312,582.0,587.0,373861,613.8629948545291,640.8669937989989,26.439811589586455,14.420443967167307,687.9000244140625,973164.4,False,False,False,False,0,-0.14667832654898771
