Date,Open,High,Low,Close,Volume,EMA20,EMA50,RSI14,ATR14,Prev20High,AvgVolume20,TrendPass,BreakoutPass,RSIPass,VolumePass,ConfirmationScore,BreakoutStrength
2020-01-01,306.6499938964844,308.0,302.1000061035156,302.8500061035156,357891,302.8500061035156,302.8500061035156,,5.899993896484375,,,False,False,False,False,0,
2020-01-02,304.25,309.8999938964844,301.5,309.20001220703125,1409338,303.45476858956476,303.0990259507123,,6.078565325055804,,,True,False,False,False,0,
2020-01-03,310.5,310.5,299.3500061035156,303.04998779296875,1026261,303.416218037508,303.0971028857028,93.06649693362348,6.440810223014988,,,True,False,True,False,1,
2020-01-06,291.5,300.70001220703125,287.04998779296875,291.5,2555741,302.2813401291739,302.64231453724386,81.62078415111341,7.123609492799632,,,False,False,True,False,1,
2020-01-07,295.3999938964844,297.54998779296875,291.25,294.75,1064029,301.5640696406811,302.33281200637157,82.28113082857436,7.064779371383141,,,False,False,True,False,1,
2020-01-08,292.0,296.45001220703125,290.1000061035156,294.6000061035156,1533409,300.9008254942844,302.0295647160635,82.13445946425809,7.013724137964033,,,False,False,True,False,1,
2020-01-09,297.95001220703125,309.70001220703125,296.75,306.3999938964844,1597360,301.4245558183035,302.20095409568785,84.47852956874013,7.591315706932004,,,False,False,True,False,1,
2020-01-10,306.0,316.0,306.0,314.1000061035156,1852886,302.6317415597523,302.6675835861909,85.78885189243836,7.76336458500829,,,False,False,True,False,1,
2020-01-13,316.04998779296875,320.70001220703125,312.79998779296875,319.95001220703125,1354842,304.28110066901695,303.3453258850474,86.70701014163178,7.773126001369305,,,True,False,True,False,1,
2020-01-14,320.0,325.5,316.8500061035156,320.5,1171343,305.8257577481582,304.0180582032808,86.79339961493986,7.8357594224489535,,,True,False,True,False,1,
2020-01-15,319.8999938964844,333.45001220703125,317.0,331.6499938964844,1587871,308.2852088099035,305.10166352458293,88.4344129069716,8.45106319277626,,,True,False,True,False,1,
2020-01-16,330.5,334.8999938964844,326.0,327.1000061035156,2175032,310.077094266438,305.96434362571756,83.8553948570169,8.483129671612554,,,True,False,True,False,1,
2020-01-17,325.0,329.8500061035156,323.20001220703125,325.25,931898,311.5221329077296,306.7206438756894,81.99633609042084,8.352191401960543,,,True,False,True,False,1,
2020-01-20,327.25,327.25,318.25,319.20001220703125,683308,312.2533595076631,307.21003086907535,76.05789525791116,8.398463444677647,,,True,False,True,False,1,
2020-01-21,315.6000061035156,318.8500061035156,308.95001220703125,314.95001220703125,2824500,312.5101835742696,307.5135595489952,72.1071810042453,8.530716055772102,,,True,False,True,False,1,
2020-01-22,315.75,319.45001220703125,312.0,317.5,2017725,312.98540418624395,307.9051846647209,73.01295632374716,8.453522923719184,,,True,False,True,False,1,
2020-01-23,318.75,325.0,313.6499938964844,323.5,4802353,313.9867942637445,308.51674605041813,75.06477595788124,8.66041457941893,,,True,False,True,False,1,
2020-01-24,329.0,329.0,320.3999938964844,323.79998779296875,3994678,314.92138412367063,309.11608886385153,75.16643825015161,8.65609968828298,,,True,False,True,False,1,
2020-01-27,323.04998779296875,336.79998779296875,323.04998779296875,329.45001220703125,4961789,316.30506298875264,309.9134976224076,77.06319230660579,9.019949710548483,,,True,False,True,False,1,
2020-01-28,331.8999938964844,336.0,324.0,325.79998779296875,4294074,317.20934154153514,310.5364972369394,73.1748543580253,9.232810445509307,,,True,False,True,False,1,
2020-01-29,327.0,333.75,324.0,327.6499938964844,6085725,318.20368938486365,311.207614753,73.89384299894877,9.269752556544356,336.79998779296875,2109816.4,True,False,True,True,2,-0.027167441294887684
2020-01-30,329.3999938964844,330.5,325.0,326.8500061035156,1485564,319.0271481199734,311.8210418647849,72.98289018717105,9.000484516791188,336.79998779296875,2396208.1,True,False,True,False,1,-0.029542702048936498
2020-01-31,327.6499938964844,334.29998779296875,324.25,327.54998779296875,1687153,319.83884713644915,312.4378632737333,73.29313077164309,9.075449036518156,336.79998779296875,2400019.4,True,False,True,False,1,-0.027464371541741195
2020-02-03,318.0,330.5,315.29998779296875,324.95001220703125,1061299,320.32562476221887,312.92853578092144,70.07438773079797,9.51291783441195,336.79998779296875,2433064.0,True,False,True,False,1,-0.03518401429759466
2020-02-04,326.0,334.5,325.70001220703125,332.25,1491701,321.4612795467695,313.686240260101,73.58234892996785,9.51556568859458,336.79998779296875,2358341.9,True,False,True,False,1,-0.013509465433133028
2020-02-05,333.1000061035156,347.6000061035156,333.1000061035156,342.6499938964844,7914829,323.47925234198044,314.8220737360376,77.60928969464027,9.932311432517512,336.79998779296875,2379725.5,True,True,True,True,2,0.017369377421449395
2020-02-06,345.29998779296875,349.0,328.95001220703125,340.20001220703125,4835953,325.0717056624615,315.81728700940994,74.71973575099267,10.655002601121172,347.6000061035156,2698796.5,True,False,True,True,2,-0.021288819811702386
2020-02-07,339.95001220703125,342.45001220703125,332.75,339.95001220703125,1819012,326.48868723813484,316.7636683897088,74.41526820788725,10.58678900154332,349.0,2860726.15,True,False,True,False,1,-0.02593119711452363
2020-02-10,339.95001220703125,339.95001220703125,332.04998779296875,335.6000061035156,835496,327.35643189198066,317.5023483000542,69.13633045286156,10.39487724529469,349.0,2859032.45,True,False,True,False,1,-0.03839539798419589
2020-02-11,336.5,341.75,332.25,333.29998779296875,977759,327.92248483493194,318.1218635742862,66.45210290440792,10.330957442059356,349.0,2833065.15,True,False,True,False,1,-0.04498570832960247
2020-02-12,333.5,339.79998779296875,333.5,338.8500061035156,1568078,328.96320114622563,318.9347319087658,69.52664910078234,10.057317624769402,349.0,2823385.95,True,False,True,False,1,-0.02908307706729052
2020-02-13,340.0,340.95001220703125,333.70001220703125,337.0,571382,329.7286105608708,319.6431737946965,67.31216429880378,9.856794937285873,349.0,2822396.3,True,False,True,False,1,-0.034383954154727836
2020-02-14,338.5,338.95001220703125,330.6000061035156,332.75,624421,330.01636193602593,320.15716697921823,62.39545203760945,9.749167163445142,349.0,2742213.8,True,False,True,False,1,-0.04656160458452718
2020-02-17,334.3500061035156,334.3500061035156,327.0,331.45001220703125,803122,330.152900057074,320.6000236548187,60.92942049881339,9.577798516307318,349.0,2726839.95,True,False,True,False,1,-0.050286497974122546
2020-02-18,331.45001220703125,331.45001220703125,322.0,327.8999938964844,833069,329.9383375655893,320.8862969976291,56.99141922476097,9.5686709227876,349.0,2732830.65,True,False,True,False,1,-0.06045847021064654
2020-02-19,328.8999938964844,331.5,327.3500061035156,329.29998779296875,756692,329.8775423491492,321.21624565626985,58.14042922397791,9.181622563765941,349.0,2633259.1,True,False,True,False,1,-0.05644702638117838
2020-02-20,328.8999938964844,334.75,327.04998779296875,332.0,1549090,330.0796811730398,321.63913798347494,60.34099703962873,9.075793252570607,349.0,2570207.45,True,False,True,False,1,-0.04871060171919772
2020-02-24,332.0,332.0,321.8999938964844,323.25,1356324,329.42923534703596,321.7023090429465,50.986468085242905,9.148951313352395,349.0,2407544.3,True,False,True,False,1,-0.07378223495702008
2020-02-25,324.04998779296875,327.6000061035156,321.1499938964844,325.3500061035156,860974,329.04073732384353,321.84535598649825,52.874722670574116,8.95616994861517,349.0,2275626.6,True,False,True,False,1,-0.06776502549135921
2020-02-26,325.0,325.20001220703125,312.8999938964844,318.1000061035156,1060934,327.99876292190754,321.69847952049895,46.25012386132537,9.205730109930604,349.0,2070585.85,True,False,False,False,0,-0.0885386644598406
2020-02-27,319.95001220703125,319.95001220703125,311.0,314.54998779296875,1543557,326.71792719534193,321.4181465115762,43.3838552234678,9.187464545437793,349.0,1908928.85,True,False,False,False,0,-0.0987106366963646
2020-02-28,308.6000061035156,315.6499938964844,300.54998779296875,306.5,2260806,324.7924103195951,320.83312115818103,37.681189584982164,9.609788942443352,349.0,1681820.45,True,False,False,True,1,-0.12177650429799425
2020-03-02,309.0,317.0,299.54998779296875,302.0,1251381,322.6217045748717,320.0945673872719,34.91805648751075,10.169804889913916,349.0,1720582.55,True,False,False,False,0,-0.13467048710601714
2020-03-03,304.70001220703125,309.95001220703125,298.8999938964844,306.20001220703125,1957857,321.05773387317265,319.54968287039975,39.385666508316106,10.232677277101985,349.0,1698793.95,True,False,False,True,1,-0.12263606817469552
2020-03-04,308.0,308.0,289.54998779296875,295.6000061035156,2700726,318.6331883713006,318.6104798599337,33.19271396150178,10.819629772096933,349.0,1743621.85,True,False,False,True,1,-0.1530085784999552
2020-03-05,296.0,297.95001220703125,283.0,289.54998779296875,5632169,315.8633597447928,317.47085272005273,30.26741570897751,11.114657088877955,349.0,1804073.1,False,False,False,True,1,-0.17034387451871413
2020-03-06,275.0,283.0,267.0,280.54998779296875,2409257,312.5001814636667,316.0229756640887,26.522724386143892,11.93146642488444,349.0,1689940.1,False,False,False,True,1,-0.19613184013476004
2020-03-09,275.75,278.70001220703125,262.0,274.0,3423344,308.83349751474606,314.37501583412444,24.178236620599435,12.404217951176177,342.45001220703125,1568605.3,False,False,False,True,1,-0.1998832231480523
2020-03-11,275.6499938964844,279.54998779296875,256.1000061035156,262.1000061035156,2520144,304.3826888089146,312.32501545253194,20.613184662530315,13.193201075338816,341.75,1648821.9,False,False,False,True,1,-0.2330650882120977
2020-03-12,250.0,255.0,233.0,243.1499938964844,3641431,298.5510035791594,309.6122695091575,16.45283814764788,14.329401434494303,341.75,1733054.3,False,False,False,True,1,-0.2885150142019476
2020-03-13,230.0,263.8999938964844,210.3500061035156,245.3500061035156,10826629,293.48424191481234,307.0921807481519,18.50917105722742,17.130871888671052,340.95001220703125,1866237.9,False,False,False,True,1,-0.2803930273669136
2020-03-16,235.0,246.9499969482422,220.8500061035156,228.3000030517578,2408003,287.27621916595,304.0022914267247,15.354937596876539,17.77152324267502,340.95001220703125,2329165.45,False,False,False,True,1,-0.33040036698068875
2020-03-17,234.6999969482422,242.0,214.0500030517578,217.3999938964844,3760442,280.62134056885805,300.60612289612703,13.742577155665728,18.498557078786963,338.95001220703125,2420996.5,False,False,False,True,1,-0.35860750533416086
2020-03-18,219.3500061035156,224.4499969482422,188.4499969482422,200.5,4387979,272.99073670515725,296.680392586475,11.692517594173992,19.748660144587895,334.75,2577797.55,False,False,False,True,1,-0.4010455563853622
2020-03-19,185.0,198.25,170.9499969482422,183.75,4443978,264.4916189237137,292.2517497399466,10.08649541840252,20.448756066528603,334.75,2757040.4,False,False,False,True,1,-0.45108289768483945
2020-03-20,180.4499969482422,200.9499969482422,175.1999969482422,193.25,3550622,257.706702835741,288.36932818151735,17.045940716284193,20.827416347490846,334.75,2937585.85,False,False,False,True,1,-0.4227035100821509
2020-03-23,175.0,184.0,126.5999984741211,136.0500030517578,3306865,246.12035047536165,282.3960213136836,11.349675266761025,24.100458145947137,334.75,3077282.35,False,False,False,True,1,-0.5935772873733897
2020-03-24,140.25,161.60000610351562,123.5999984741211,143.1999969482422,4060363,236.3184120442074,276.93735369150943,15.165900920943145,25.093283109050525,332.0,3165171.1,False,False,False,True,1,-0.5686747079872223
2020-03-25,143.1999969482422,162.0,141.10000610351562,157.85000610351562,4354541,228.84523052604627,272.2672616292352,22.525116978808555,24.793762451010085,327.6000061035156,3300373.05,False,False,False,True,1,-0.5181623835085097
2020-03-26,161.0,181.5,150.6999969482422,167.8000030517578,6447996,223.0313993380188,268.17050639090274,27.14759374498027,25.22277963677778,325.20001220703125,3475051.4,False,False,False,True,1,-0.48400985008287234
2020-03-27,175.8000030517578,184.0,166.75,169.14999389648438,4490850,217.89983691501553,264.2873490381805,27.777216749822983,24.65329537700794,319.95001220703125,3744404.5,False,False,False,True,1,-0.4713236835664446
2020-03-30,167.0,167.0,148.3000030517578,160.5,4677801,212.43318578025213,260.2172569190362,26.213930555111617,24.38163076755927,317.0,3891769.15,False,False,False,True,1,-0.4936908517350158
2020-03-31,166.89999389648438,167.0500030517578,151.0,152.85000610351562,3034121,206.75859723961054,256.00677649489813,24.880300549440832,23.78651450214488,317.0,4012618.9,False,False,False,False,0,-0.5178233245945879
2020-04-01,150.85000610351562,151.0,137.85000610351562,142.85000610351562,3774329,200.67206475045865,251.56925608739294,23.21749248537712,23.158906323420247,309.95001220703125,4101755.9,False,False,False,False,0,-0.5391192112355883
2020-04-03,147.0,147.0,122.5,124.6500015258789,4406476,193.4318682528796,246.59203041831398,20.528443563523126,23.25469872889023,308.0,4192579.5,False,False,False,True,1,-0.5952922028380555
2020-04-07,136.89999389648438,137.0,117.4000015258789,130.5,10843777,187.43835699070058,242.03940177445855,23.59176450126641,22.993648710692437,297.95001220703125,4277867.0,False,False,False,True,1,-0.5620070661070429
2020-04-08,130.5,154.8000030517578,125.5999984741211,150.75,7778145,183.94422775349102,238.4594252342837,33.19163901361553,23.436959844045603,283.0,4538447.4,False,False,False,True,1,-0.4673144876325088
2020-04-09,152.64999389648438,177.8000030517578,151.85000610351562,171.75,8111940,182.78287272934904,235.8433693427432,41.41236717029129,23.69503435888219,279.54998779296875,4806891.8,False,False,False,True,1,-0.3856197191924189
2020-04-13,170.0,170.5500030517578,146.0,150.14999389648438,7959698,179.67497950717143,232.48284481543894,36.4448950703794,23.841817618962036,279.54998779296875,5041321.6,False,False,False,True,1,-0.46288678070813016
2020-04-15,153.0,162.64999389648438,145.0,153.64999389648438,5959935,177.19640944901076,229.391360465676,37.7479358010046,23.39954449592792,263.8999938964844,5313299.3,False,False,False,True,1,-0.4177718929514107
2020-04-16,152.85000610351562,162.89999389648438,149.0,159.39999389648438,8238477,175.50151272972252,226.6466009923744,39.9270064402427,22.721005167396235,263.8999938964844,5429224.5,False,False,False,True,1,-0.395983336176167
2020-04-17,168.85000610351562,180.8000030517578,165.0,176.60000610351562,11964946,175.60613114627427,224.68398942810543,46.0145221637508,22.626648309387466,246.9499969482422,5299816.9,False,False,False,True,1,-0.2848754473136158
2020-04-20,180.0,183.6999969482422,151.0,155.75,10789770,173.7150710371053,221.98069572504247,40.6385048619252,23.346173212162803,242.0,5777664.05,False,False,False,True,1,-0.35640495867768596
2020-04-21,152.0,152.0,135.64999389648438,143.64999389648438,9325937,170.85173035704616,218.90890349647157,37.87308836810011,23.114304132973718,224.4499969482422,6129130.45,False,False,False,True,1,-0.35999110782073285
2020-04-22,142.14999389648438,154.4499969482422,137.0,150.35000610351562,8069809,168.89918519004328,216.2203192849831,40.29580361520491,22.709710762635755,200.9499969482422,6376028.35,False,False,False,True,1,-0.2518038895903013
2020-04-23,151.0,159.3000030517578,148.10000610351562,151.8000030517578,7825600,167.27069165306372,213.69403237387624,40.833546070918395,21.88758834732193,200.9499969482422,6557319.9,False,False,False,True,1,-0.24458817936256916
2020-04-24,145.0,145.8000030517578,132.0500030517578,132.89999389648438,16734238,163.99729186672283,210.52563870809615,36.2504170243641,21.734903465370362,184.0,6771068.8,False,False,False,True,1,-0.2777174244756284
2020-04-27,136.4499969482422,140.60000610351562,133.0,134.3000030517578,10768272,161.16897864624997,207.53639809412212,36.81614112425232,20.732411232631854,184.0,7442437.45,False,False,False,True,1,-0.2701086790665336
2020-04-28,136.8000030517578,147.6999969482422,135.5,147.1999969482422,13193036,159.8385994369159,205.1702647158523,41.92971572880049,20.208667137192748,184.0,7777832.9,False,False,False,True,1,-0.20000001658564026
2020-04-29,148.1999969482422,154.0,145.1999969482422,150.64999389648438,12004133,158.963494147351,203.0322148797987,43.25247038732626,19.39376255966168,184.0,8219757.65,False,False,False,True,1,-0.18125003317128052
2020-04-30,154.8000030517578,170.60000610351562,153.35000610351562,159.4499969482422,18443931,159.00982774743588,201.32310829424748,46.5941367153445,19.433494677330934,184.0,8497564.5,False,False,False,True,1,-0.13342392962911853
2020-05-04,150.0,150.89999389648438,139.0500030517578,141.6999969482422,11858994,157.36127243322696,198.98494706499238,41.31002707734035,19.502530335841893,183.6999969482422,9195218.55,False,False,False,True,1,-0.22863364560552268
2020-05-05,147.60000610351562,151.3000030517578,140.0500030517578,142.0500030517578,12612403,155.90305630165847,196.7522041625126,41.4510279396879,18.913063883281758,183.6999969482422,9554278.2,False,False,False,True,1,-0.22672833200002362
2020-05-06,142.64999389648438,152.39999389648438,138.5500030517578,150.0500030517578,21958142,155.34562265881078,194.9207452954242,44.72009763394836,18.551415809099243,183.6999969482422,10033192.3,False,False,False,True,1,-0.18317906617040025
2020-05-07,148.5,155.9499969482422,145.0,148.85000610351562,15592929,154.7269925106874,193.11404964083957,44.32035271625948,18.008457319038026,183.6999969482422,10942382.95,False,False,False,True,1,-0.1897114394321172
2020-05-08,152.5,155.4499969482422,142.89999389648438,144.10000610351562,12318025,153.71489856714726,191.1919302864347,42.693529292952995,17.61856772851801,183.6999969482422,11501705.6,False,False,False,True,1,-0.21556881601845612
2020-05-11,146.9499969482422,154.5,142.75,151.89999389648438,18116071,153.54205050327462,189.65107003584842,46.186639735988955,17.199384319338154,183.6999969482422,11575418.0,False,False,False,True,1,-0.17310834828547939
2020-05-12,148.0,151.89999389648438,141.5,150.89999389648438,18182112,153.2904260645327,188.1314199911675,45.801182585625035,16.713713574848597,183.6999969482422,12092314.3,False,False,False,True,1,-0.17855200651418235
2020-05-13,162.10000610351562,165.9499969482422,153.75,157.6999969482422,14841668,153.71038519631458,186.93803085222925,48.92280635037718,16.59487710891354,183.6999969482422,12595822.9,False,False,False,True,1,-0.14153511394627594
2020-05-14,156.9499969482422,160.39999389648438,147.10000610351562,148.25,12910760,153.19034851095128,185.42085317174968,45.040406239575304,16.35952787206034,183.6999969482422,12939921.4,False,False,False,False,0,-0.19297766759479196
2020-05-15,149.9499969482422,151.25,146.3000030517578,149.35000610351562,6746676,152.82460161500504,184.006310149466,45.58176046045921,15.544561377501902,183.6999969482422,13287462.65,False,False,False,False,0,-0.18698961031776573
2020-05-18,149.0,149.0,122.5,125.0,18613790,150.17463955643314,181.69233720242812,36.913824091166425,16.35209314364574,183.6999969482422,13212872.6,False,False,False,True,1,-0.3195427214121349
2020-05-19,129.6999969482422,132.35000610351562,126.3499984741211,127.0999984741211,12230154,147.97705469145103,179.55146117386707,38.00868774295294,15.709086926493587,183.6999969482422,13545314.8,False,False,False,False,0,-0.30811104743822204
2020-05-20,127.0,136.8000030517578,125.0,135.14999389648438,11693217,146.75542985383515,177.81022716298932,42.15313841285537,15.429866649726746,170.60000610351562,13617334.0,False,False,False,False,0,-0.20779607818724877
2020-05-21,137.14999389648438,138.75,128.6999969482422,129.85000610351562,12925818,145.14538949666186,175.92943418026485,40.24541053497842,15.04559067844325,170.60000610351562,13735698.0,False,False,False,False,0,-0.23886282849998242
2020-05-22,130.3000030517578,133.1999969482422,121.1999969482422,123.1999969482422,19823401,143.0553521110981,173.86161311234238,37.92611080002854,14.828048487125875,170.60000610351562,13978498.45,False,False,False,True,1,-0.2778429511105195
2020-05-26,126.5500030517578,126.9000015258789,120.5,122.0999984741211,10894009,141.0596041456717,171.83174587162782,37.5407232551966,14.226045132751093,170.60000610351562,14578388.5,False,False,False,False,0,-0.2842907731197032
2020-05-27,122.5500030517578,140.39999389648438,120.0999984741211,135.3000030517578,21892494,140.5110707081561,170.39912850614272,44.79072471591839,14.659898724866249,170.60000610351562,14286377.05,False,False,False,True,1,-0.2069167748466474
2020-05-28,135.0,137.5500030517578,129.60000610351562,135.10000610351562,17517918,139.99573122199985,169.0148491962358,44.70605240043981,14.18062002653596,170.60000610351562,14842588.15,False,False,False,True,1,-0.2080890898588803
2020-05-29,132.25,143.1999969482422,131.14999389648438,141.6999969482422,16719703,140.15804224354673,167.9436785198439,48.186994350377304,14.028433099766092,170.60000610351562,15058832.25,False,False,False,True,1,-0.1694021578037791
2020-06-01,145.0,153.1999969482422,144.60000610351562,152.10000610351562,16053809,141.29537213497233,167.32235803292906,53.18793869358619,13.847830735497086,170.60000610351562,15294610.75,False,False,True,True,2,-0.1084407933067405
2020-06-02,154.25,159.75,153.0,157.89999389648438,16245933,142.87676468368775,166.95285355699008,55.75287359588689,13.405128104139036,165.9499969482422,15175104.65,False,False,True,True,2,-0.04850860620544939
2020-06-03,160.0,164.0,154.35000610351562,155.85000610351562,13811294,144.11231148557613,166.51744777450088,54.61385633756921,13.136904232163705,165.9499969482422,15394451.6,False,False,True,False,1,-0.06086165128328758
2020-06-04,156.0,158.60000610351562,141.39999389648438,142.60000610351562,24104883,143.96828240157038,165.57950888544264,47.814443098919064,13.42712623036853,165.9499969482422,15454396.15,False,False,False,True,1,-0.1407049790546796
2020-06-05,145.0,147.3000030517578,140.3000030517578,145.39999389648438,17141306,144.10463587727648,164.78815535646388,49.25228143490909,12.968045785342207,165.9499969482422,15561733.2,False,False,False,True,1,-0.12383250032940407
2020-06-08,150.0,153.85000610351562,144.5,146.64999389648438,17150988,144.34705092672485,164.07685490705293,49.915718517154914,12.709614379497452,165.9499969482422,15639152.05,False,False,False,True,1,-0.11630011091700865
2020-06-09,148.5,157.5,146.1999969482422,150.39999389648438,23273751,144.9235216857496,163.5405074164424,51.94538311631714,12.608927856087478,165.9499969482422,15880800.2,False,False,True,True,2,-0.09370294267982227
2020-06-10,151.0,158.0,150.1999969482422,155.6999969482422,16033901,145.94985266312986,163.23303641768945,54.73724148582655,12.265433227206787,165.9499969482422,16138684.2,False,False,True,False,1,-0.061765593181642875
2020-06-11,156.9499969482422,165.0,150.0,150.9499969482422,24325975,146.4260568807596,162.7513485953582,51.83088386738998,12.460759425263445,165.9499969482422,16031273.65,False,False,True,True,2,-0.09038867294874564
2020-06-12,139.0,161.5,139.0,160.0500030517578,22227359,147.72357556371182,162.64541347600132,56.58666689502448,13.177848037744628,165.0,16505489.0,False,False,True,True,2,-0.02999998150449812
2020-06-15,160.0500030517578,163.10000610351562,152.10000610351562,155.3000030517578,24109165,148.44514008638285,162.35735816524667,53.6112625060888,13.022287463620012,165.0,16971318.95,False,False,True,True,2,-0.058787860292376926
2020-06-16,161.0,162.39999389648438,151.1999969482422,155.4499969482422,17576830,149.11226931132182,162.08648125477592,53.694063056301474,12.892123855378738,165.0,17839443.4,False,False,True,False,1,-0.05787880637428977
2020-06-17,155.0,170.5,153.1999969482422,168.1999969482422,39969643,150.93014813388567,162.32622696824518,60.19762058058431,13.206972369405815,165.0,17787595.4,False,True,True,True,2,0.0193939208984375
2020-06-18,168.1999969482422,178.8000030517578,168.1999969482422,178.0,26257124,153.5082292639918,162.94088473419635,64.34296180762976,13.020760493270801,170.5,19174569.85,False,True,True,True,2,0.04398826979472137
2020-06-19,179.0,204.6999969482422,179.0,196.8000030517578,36814893,157.63125533901714,164.26869329566935,70.65658068652088,13.997848811483044,178.8000030517578,19902765.2,False,True,True,True,2,0.10067113922134263
2020-06-22,201.0,216.4499969482422,199.5,204.6999969482422,41613534,162.11399263513383,165.85423461537812,72.83339778010941,14.40157346041171,204.6999969482422,21097218.95,False,False,True,True,2,0.0
2020-06-23,206.4499969482422,211.4499969482422,196.5500030517578,204.1499938964844,20313825,166.11742132669104,167.35602909699014,72.43053611258473,14.437174920131186,216.4499969482422,22186725.6,False,False,True,False,1,-0.056826071726390315
2020-06-24,209.1499938964844,209.1499938964844,194.5500030517578,196.8000030517578,21457345,169.0395719671736,168.51069474227515,67.0899465427486,14.448804629030858,216.4499969482422,22657716.4,True,False,True,False,1,-0.09078306386478308
2020-06-25,192.6999969482422,208.3999938964844,190.1000061035156,205.9499969482422,22336542,172.5548505367992,169.9789026719209,70.05051775576108,14.723889140740711,216.4499969482422,22635958.95,True,False,True,False,1,-0.04851004919399826
2020-06-26,210.0,211.75,200.0,201.8000030517578,16997483,175.34010315727144,171.2267889613263,67.10206517369957,14.51146848783066,216.4499969482422,22876890.15,True,False,True,False,1,-0.06768304043906959
2020-06-29,200.0,200.0,188.5,193.0,14791621,177.02199809467416,172.0806403746076,61.217944268041386,14.424935242396886,216.4499969482422,22890779.15,True,False,True,False,1,-0.1083390957674607
2020-06-30,197.6999969482422,199.1499938964844,187.8000030517578,189.3999938964844,10328867,178.2008548377037,172.75983070879886,58.940919746134384,14.20529635684901,216.4499969482422,22827669.75,True,False,True,False,1,-0.12497114083224503
2020-07-01,190.0,199.75,187.0,197.0,18253801,179.99124961506524,173.7104255829636,62.14230895036229,14.101346617074082,216.4499969482422,22531816.45,True,False,True,False,1,-0.08985907702688989
2020-07-02,199.8999938964844,201.9499969482422,192.1000061035156,197.1000061035156,15050875,181.62065499491766,174.62766403474998,62.18409208706787,13.79767834762069,216.4499969482422,22753941.8,True,False,True,False,1,-0.08939704836010498
2020-07-03,198.0,204.6999969482422,194.3999938964844,196.6999969482422,23042797,183.0567827999962,175.49324571763205,61.88985697011276,13.547844397916197,216.4499969482422,22301241.4,True,False,True,True,2,-0.0912450925315681
2020-07-06,200.0,202.0,196.6499938964844,201.1000061035156,11026982,184.775185019379,176.4974323994314,63.91259302677975,12.962284519744726,216.4499969482422,22596315.95,True,False,True,False,1,-0.07091702961953428
2020-07-07,202.0,215.0,200.1499938964844,213.1000061035156,24006030,187.472787027392,177.9328274466504,68.77947862817037,13.09712177572836,216.4499969482422,22290115.65,True,False,True,True,2,-0.015476973397821947
2020-07-08,214.8000030517578,218.0,203.5,205.3000030517578,14664941,189.17061712495064,179.00605001939974,62.846475246643315,13.197327363176335,216.4499969482422,22326729.6,True,False,True,False,1,-0.051513024041070166
2020-07-09,208.8500061035156,211.1999969482422,204.6999969482422,208.8999938964844,8810981,191.04960538890623,180.17836154399131,64.37395221175481,12.718946837235167,218.0,22258281.6,True,False,True,False,1,-0.04174314726383299
2020-07-10,208.0,214.3500061035156,206.0,208.4499969482422,11878127,192.70678553741442,181.28705312847174,64.01964437285004,12.406879641969484,218.0,21482531.9,True,False,True,False,1,-0.04380735344843034
2020-07-13,210.0,212.8999938964844,204.3500061035156,205.25,5680238,193.90137739099399,182.22677653519835,61.43036814127739,12.131387367040864,218.0,20965070.3,True,False,True,False,1,-0.0584862385321101
2020-07-14,200.0,203.5,195.8000030517578,199.0,7388425,194.38696049661363,182.88455000440626,56.61415913715643,11.939859479983815,218.0,20043623.95,True,False,True,False,1,-0.08715596330275233
2020-07-15,203.0,207.9499969482422,200.6000061035156,202.1999969482422,9959302,195.13105920629255,183.64201851200767,58.41197311832339,11.726297870573699,218.0,19534203.7,True,False,True,False,1,-0.07247707821907257
2020-07-16,205.0,210.8500061035156,198.0,209.6499938964844,10210607,196.51381489107274,184.6619391153205,62.32604798929657,11.806562744355265,218.0,18033686.65,True,False,True,False,1,-0.03830278029135592
2020-07-17,210.0,210.9499969482422,204.1999969482422,207.1999969482422,6669571,197.53154651556508,185.54578452053315,60.315636937017715,11.445379691187032,218.0,17231360.8,True,False,True,False,1,-0.04954129840255872
2020-07-20,207.1999969482422,218.6000061035156,207.0500030517578,215.1999969482422,14157285,199.21425608058195,186.70869481181586,64.35842761605649,11.452852788370658,218.0,15724094.7,True,False,True,False,1,-0.0128440506961367
2020-07-21,216.75,220.5,211.5500030517578,212.5500030517578,10686506,200.48432722069393,187.72207944867634,62.10157084850493,11.274077371218626,218.6000061035156,14351282.25,True,False,True,False,1,-0.027676133956249127
2020-07-22,212.0,224.1999969482422,207.0500030517578,220.8999938964844,16591571,202.42867642791205,189.02317413290413,66.13169017541556,11.693785694451893,220.5,13869916.3,True,True,True,True,2,0.0018140312765733135
2020-07-23,221.3000030517578,224.5500030517578,218.5,222.5500030517578,9687674,204.3449932492307,190.33795173756505,66.88116455499714,11.290658362830888,224.1999969482422,13626627.6,True,False,True,False,1,-0.0073594733226748366
2020-07-24,218.0500030517578,219.9499969482422,212.0,212.3500061035156,7770885,205.10737542582928,191.20116955583762,58.293384558801385,11.237754412039955,224.5500030517578,12994184.2,True,False,True,False,1,-0.05433086966126721
2020-07-27,213.0,214.3999938964844,207.0,208.8000030517578,6443220,205.45905424734627,191.89131988901096,55.61670897093233,10.963628660928846,224.5500030517578,12532854.3,True,False,True,False,1,-0.07014027960787728
2020-07-28,210.8999938964844,217.25,209.5,215.6499938964844,5420403,206.42961992821657,192.8230325951864,59.48271681887148,10.784083538594084,224.5500030517578,12115434.25,True,False,True,False,1,-0.039634865438955225
2020-07-29,214.6999969482422,223.3500061035156,213.6000061035156,221.3999938964844,8270478,207.85536982995637,193.9436977442569,62.44024263522834,10.710220428694507,224.5500030517578,11870011.05,True,False,True,False,1,-0.014028096693222247
2020-07-30,220.8999938964844,222.8000030517578,209.5500030517578,214.1999969482422,9165526,208.45962003169788,194.738062418923,56.84487420351779,10.891633255216329,224.5500030517578,11370844.9,True,False,True,False,1,-0.04609221092341731
2020-07-31,216.1999969482422,216.8999938964844,200.5,202.5,12415209,207.89203717153617,195.04245212798483,49.13889838531612,11.285087586735477,224.5500030517578,11076577.45,True,False,False,True,1,-0.09819640504157723
2020-08-03,200.9499969482422,206.5,197.5,201.0,9877591,207.23565267900892,195.27608145629915,48.23608379920763,11.1218670448258,224.5500030517578,10545198.05,True,False,False,False,0,-0.10487643167089888
2020-08-04,203.0,205.6000061035156,198.6999969482422,200.5500030517578,7460238,206.59892414308024,195.48290191102302,47.95145559106292,10.82030576700063,224.5500030517578,10487728.5,True,False,False,False,0,-0.10688042606914638
2020-08-05,202.3999938964844,207.3500061035156,202.0500030517578,204.3999938964844,7426070,206.38950221483302,195.83259179280583,50.63529927700136,10.533141287340426,224.5500030517578,9660438.9,True,False,True,False,1,-0.08973506515886764
2020-08-06,206.0,208.3000030517578,202.0500030517578,205.6499938964844,8134995,206.31907285118078,196.2175879537344,51.50955759954255,10.227202623958966,224.5500030517578,9298495.35,True,False,True,False,1,-0.08416837630109952
2020-08-07,205.5,209.6999969482422,202.6000061035156,208.75,7377926,206.55058972249688,196.70905509280365,53.699564879792476,10.003830354013797,224.5500030517578,9264696.05,True,False,True,False,1,-0.07036296075273707
2020-08-10,210.8999938964844,213.3999938964844,207.5,209.5500030517578,6079332,206.83624813480745,197.2126216794293,54.2735108985251,9.710699178475984,224.5500030517578,9039686.0,True,False,True,False,1,-0.06680026629321645
2020-08-11,209.6000061035156,212.0500030517578,206.3999938964844,207.1499938964844,4259787,206.8661286835386,197.60232255068638,52.18360842489877,9.420649891104372,224.5500030517578,9059640.7,True,False,True,False,1,-0.07748834967177787
2020-08-12,207.0,211.5,202.1499938964844,209.3999938964844,5639740,207.10744918000964,198.06497632895298,53.972998759241385,9.415603906276603,224.5500030517578,8903208.8,True,False,True,False,1,-0.0674683097277955
2020-08-13,211.0,227.3000030517578,210.1000061035156,225.1499938964844,13776887,208.82578677205487,199.12713388062087,64.10044736221323,10.021632852633518,224.5500030517578,8687230.7,True,True,True,True,2,0.0026719698800818925
2020-08-14,226.3500061035156,231.0,216.1999969482422,218.1000061035156,12286131,209.70904575600352,199.87116808544027,57.95349957955279,10.362945009713824,227.3000030517578,8865544.7,True,False,True,True,2,-0.040475129013294864
2020-08-17,221.0,222.3999938964844,210.3500061035156,212.3000030517578,6112589,209.9558035936944,200.35857337823705,53.41525102978857,10.483448065660609,231.0,9146372.7,True,False,True,False,1,-0.0809523677413082
2020-08-18,213.5,233.0,212.1000061035156,231.8000030517578,15751508,212.0362035420814,201.59157062033592,63.705769875782536,11.227487053576594,231.0,8744137.9,True,True,True,True,2,0.0034632166742762927
2020-08-19,231.8000030517578,234.5500030517578,225.5,226.6499938964844,9870113,213.4279930996436,202.57425388606723,59.93988131303213,11.07195248201811,233.0,8997388.0,True,False,True,True,2,-0.027253245079466026
2020-08-20,223.8999938964844,234.3999938964844,220.3999938964844,226.6999969482422,7286162,214.6919934661768,203.5203614571329,59.964627356095065,11.281098733302532,234.5500030517578,8661315.1,True,False,True,False,1,-0.03346836922352703
2020-08-21,229.8000030517578,231.0,223.1999969482422,227.3500061035156,8607336,215.8975184792567,204.45485732561852,60.30787340500683,11.032449041763623,234.5500030517578,8541239.5,True,False,True,True,2,-0.030697066103441473
2020-08-24,229.8999938964844,233.0,227.3500061035156,231.75,8087984,217.40727862408937,205.52525507755504,62.64269900757715,10.647987959957966,234.5500030517578,8583062.05,True,False,True,False,1,-0.011937766000113537
2020-08-25,233.9499969482422,243.6499938964844,232.75,242.1499938964844,14935082,219.76372769765078,206.96151934496405,67.50782952857566,10.737416955424141,234.5500030517578,8665300.25,True,True,True,True,2,0.032402433365347205
2020-08-26,243.3999938964844,248.1999969482422,242.1499938964844,245.3000030517578,7997338,222.19575392185146,208.46498929425007,68.83184632871415,10.40260167659083,243.6499938964844,9141034.2,True,True,True,False,1,0.006772046774499163
2020-08-27,246.0,247.1499938964844,239.0500030517578,240.8999938964844,3695409,223.97711010991176,209.7369502590436,64.85632958289006,10.238129474314814,248.1999969482422,9127377.2,True,False,True,False,1,-0.029411777363075764
2020-08-28,240.8500061035156,259.0,240.3500061035156,249.75,17783764,226.43167105182494,211.3060894645713,68.76413058573604,10.838976933041213,248.1999969482422,8853871.35,True,True,True,True,2,0.006244976111265066
2020-08-31,252.0,255.6000061035156,230.75,232.1999969482422,9080268,226.9810354229123,212.12545838549957,55.56844703977245,11.83976473093224,259.0,9122299.1,True,False,True,False,1,-0.10347491525775221
2020-09-01,233.0,242.8999938964844,228.8500061035156,241.4499969482422,7331877,228.359031758658,213.27544028992085,59.932693819030256,11.997637806791994,259.0,9082432.95,True,False,True,False,1,-0.06776062954346651
2020-09-02,242.8500061035156,244.0,236.1499938964844,242.6999969482422,2901303,229.72483796718984,214.42934447260012,60.49736655560411,11.701378399415109,259.0,9076014.9,True,False,True,False,1,-0.06293437471721164
2020-09-03,243.1000061035156,249.75,240.75,244.1000061035156,3577745,231.09390159922086,215.59289983067524,61.157631029650425,11.508422799456886,259.0,8849776.55,True,False,True,False,1,-0.0575289339632602
2020-09-04,236.0500030517578,239.4499969482422,232.1999969482422,234.0500030517578,5680924,231.37543507089103,216.31670780012945,54.15943636466453,11.53639325344378,259.0,8621914.05,True,False,True,False,1,-0.09633203454919759
2020-09-07,236.1000061035156,238.1999969482422,222.3999938964844,226.4499969482422,6325386,230.90634572587686,216.71409168829075,49.54257950278407,11.840936810466209,259.0,8537063.95,True,False,False,False,0,-0.12567568745852442
2020-09-08,227.9499969482422,230.0,220.8000030517578,222.1499938964844,3874180,230.0724074564109,216.92726432390617,47.09634019639849,11.652298248878779,259.0,8549366.65,True,False,False,False,0,-0.1422780158436896
2020-09-09,220.5,223.5500030517578,215.6000061035156,220.5500030517578,4342244,229.1655117988249,217.06933250931212,46.18258062430514,11.387848155976169,259.0,8530086.3,True,False,False,False,0,-0.14845558667274972
2020-09-10,222.0,225.8500061035156,217.0500030517578,221.25,3321211,228.41165353227012,217.23328025404498,46.67008553980567,11.203002077103427,259.0,8465211.5,True,False,False,False,0,-0.14575289575289574
2020-09-11,222.6000061035156,226.4499969482422,221.3500061035156,224.4499969482422,3603421,228.03435290521983,217.51628875185662,48.94684332971188,10.774215996470481,259.0,7942427.7,True,False,False,False,0,-0.13339769518053213
2020-09-14,230.0,236.1999969482422,226.5,232.1000061035156,10305444,228.4215579717242,218.08819923623543,54.002496570081384,10.843914853865446,259.0,7508292.2,True,False,True,True,2,-0.10386098029530655
2020-09-15,234.5,235.1999969482422,229.75,232.8999938964844,4772035,228.84807567884422,218.66905392879423,54.50981249365069,10.458635003463785,259.0,7717934.95,True,False,True,False,1,-0.10077222433789801
2020-09-16,234.6999969482422,239.3999938964844,232.6999969482422,238.6000061035156,9428703,229.77683095738436,219.45065989643038,58.059234936728714,10.190160856662244,259.0,7168961.3,True,False,True,True,2,-0.0787644551987815
2020-09-17,239.5,243.3999938964844,237.1000061035156,239.5500030517578,7041844,230.70760925208657,220.23886943193344,58.63848686752632,9.912291352112712,259.0,7146890.8,True,False,True,False,1,-0.0750965133136764
2020-09-18,240.9499969482422,243.9499969482422,237.25,240.6499938964844,5329430,231.6545030277435,221.03930568544524,59.33875340601784,9.682841751836246,259.0,7134674.9,True,False,True,False,1,-0.07084944441511809
2020-09-21,242.8999938964844,242.8999938964844,228.25,231.25,4128528,231.61597892986316,221.43972507032976,51.339622377789716,10.03763833359683,259.0,6970779.6,True,False,True,False,1,-0.1071428571428571
2020-09-22,231.25,234.75,220.75,231.0500030517578,4621739,231.5620764652817,221.81659871666028,51.18153464296128,10.320664166911342,259.0,6772806.8,True,False,True,False,1,-0.10791504613220926
2020-09-23,234.8999938964844,236.5,226.5,229.9499969482422,4880039,231.4085450827065,222.13555551005564,50.26475391156543,10.297759583560532,259.0,6257139.65,True,False,True,False,1,-0.11216217394501082
2020-09-24,228.0,239.1999969482422,221.9499969482422,229.8000030517578,9666063,231.25535060356853,222.43612208031848,50.13288632496149,10.794348184734782,259.0,6101274.7,True,False,True,True,2,-0.11274130095846402
2020-09-25,232.0500030517578,240.0,227.3500061035156,238.6999969482422,5326942,231.9643645411565,223.07392109474685,57.292356878951246,10.926894307002613,259.0,6399807.4,True,False,True,False,1,-0.07837839016122705
2020-09-28,240.5,249.8500061035156,238.0,248.8500061035156,6419445,233.57252088042878,224.08474795783584,63.69418831341912,10.992830863896396,255.6000061035156,5776966.3,True,False,True,True,2,-0.026408450073613476
2020-09-29,249.6000061035156,254.1000061035156,246.3000030517578,251.8000030517578,5355356,235.3084715634125,225.1716207066171,65.32124234923137,10.764771734457923,249.8500061035156,5643925.15,True,True,True,False,1,0.007804670404667924
2020-09-30,252.0,256.54998779296875,247.6999969482422,249.1499938964844,4977764,236.6267117856098,226.11194906700405,62.60693657501132,10.628001670905684,254.1000061035156,5545099.1,True,False,True,False,1,-0.019480567052858166
2020-10-01,250.3000030517578,260.0,249.9499969482422,257.5,6258481,238.6146439965041,227.34285302516076,67.22790164895002,10.643859130377821,256.54998779296875,5648922.15,True,True,True,True,2,0.003703029632563748
2020-10-05,259.3999938964844,263.6000061035156,250.8500061035156,252.3999938964844,5329976,239.92753446316888,228.3254860005068,62.1740834182475,10.794297763922266,260.0,5782958.95,True,False,True,False,1,-0.02923079270582918
2020-10-06,255.25,265.0,249.5,261.0,7060442,241.93443594286708,229.606839490683,66.71764903715166,11.130419352213533,263.6000061035156,5765411.55,True,False,True,True,2,-0.009863452364620162
2020-10-07,261.0,261.6000061035156,250.5500030517578,254.3500061035156,5497957,243.1168711962622,230.5771597500098,60.65095416598466,11.12467533075241,265.0,5802164.35,True,False,True,False,1,-0.04018865621314871
2020-10-08,255.0500030517578,259.45001220703125,248.0500030517578,251.4499969482422,3720720,243.9105022202603,231.39570238523459,58.16695989728066,11.144342032503912,265.0,5883353.2,True,False,True,False,1,-0.05113208698776528
2020-10-09,252.3500061035156,258.20001220703125,251.0,253.75,3886482,244.84759724690215,232.27234150738224,59.58084433901913,10.862604187827294,265.0,5852277.0,True,False,True,False,1,-0.04245283018867929
2020-10-12,255.1999969482422,257.04998779296875,246.1999969482422,248.9499969482422,3472273,245.23830198036313,232.9263672109454,55.374524582240014,10.86170323474867,265.0,5880540.55,True,False,True,False,1,-0.06056604925191622
2020-10-13,249.8500061035156,249.8999938964844,240.25,242.6499938964844,4031450,244.99179644856517,233.30768590449594,50.35016768340094,10.775152567729794,265.0,5873983.15,True,False,True,False,1,-0.08433964567364372
2020-10-14,243.4499969482422,251.8500061035156,239.5,249.5500030517578,4851028,245.42591136315494,233.94463951811406,55.15000442498364,10.887642106000209,265.0,5560283.45,True,False,True,False,1,-0.05830187527638564
2020-10-15,250.9499969482422,251.6000061035156,235.3000030517578,237.3000030517578,4757940,244.65201533349807,234.07622240178637,46.546643308344414,11.274239316411466,265.0,5564233.1,True,False,False,False,0,-0.1045282903707252
2020-10-16,238.9499969482422,240.8999938964844,233.0,237.25,5319385,243.94706149221255,234.200684268383,46.514745682689124,11.033221786416675,265.0,5330694.95,True,False,False,False,0,-0.1047169811320755
2020-10-19,237.8500061035156,240.9499969482422,233.8999938964844,239.8999938964844,4656143,243.56162648309558,234.4241866067399,48.52789043680154,10.748706162512468,265.0,5244572.0,True,False,False,False,0,-0.0947170041642098
2020-10-20,240.0,242.3000030517578,236.8000030517578,240.1999969482422,3580468,243.24147128930002,234.65068897307333,48.76301068068725,10.373798579475864,265.0,5210907.65,True,False,False,False,0,-0.09358491717644457
2020-10-21,236.6499938964844,248.1499938964844,236.6499938964844,242.5500030517578,5203743,243.17561717143886,234.96046599576687,50.66412777634055,10.45424153808473,265.0,5183504.65,True,False,True,True,2,-0.08471696961600828
2020-10-22,242.5500030517578,245.8000030517578,241.0500030517578,243.1000061035156,2637817,243.16841611735092,235.2796636470511,51.12124354731038,10.04679571393582,265.0,5212604.85,True,False,True,False,1,-0.08264148640182789
2020-10-23,243.3500061035156,257.29998779296875,243.0,251.5,7921708,243.96190029665084,235.9157552687354,57.58495397271425,10.350595148152458,265.0,5100493.75,True,False,True,True,2,-0.05094339622641508
2020-10-26,250.5500030517578,251.8000030517578,243.5,246.8999938964844,2990672,244.24171873473023,236.34650972472556,53.41893636874852,10.20412428412427,265.0,5013276.0,True,False,True,False,1,-0.06830190982458717
2020-10-27,245.6000061035156,250.6499938964844,243.1499938964844,248.75,2919343,244.6710788552321,236.83292110806966,54.834149046555616,10.010972549543965,265.0,4896462.5,True,False,True,False,1,-0.061320754716981174
2020-10-28,248.9499969482422,250.75,241.0500030517578,243.25,2571646,244.53573801187667,237.08457126069436,49.9731733516872,9.98876000659384,265.0,4721457.4,True,False,False,False,0,-0.08207547169811324
2020-10-29,241.5,251.4499969482422,234.5,250.1000061035156,3797328,245.06566830631846,237.59498047021677,55.28931580064707,10.485991216711579,265.0,4582271.9,True,False,True,False,1,-0.056226392062205255
2020-10-30,250.0500030517578,280.3500061035156,248.0,273.25,24234206,247.74989037238336,238.9932165302083,67.75882005415721,12.04770656576901,265.0,4523250.1,True,True,True,True,2,0.031132075471698162
2020-11-02,271.0,294.8999938964844,268.6499938964844,293.04998779296875,13380533,252.06418536482005,241.11308991306166,74.34831941654939,13.06215609678551,280.3500061035156,5422036.35,True,True,True,True,2,0.045300450911222034
2020-11-03,293.04998779296875,299.70001220703125,287.6499938964844,296.54998779296875,6956759,256.30092845321514,243.28708590835214,75.30897650303166,12.989860540625607,294.8999938964844,5824564.2,True,True,True,True,2,0.005595096407711608
2020-11-04,297.0,302.0,290.1000061035156,293.6499938964844,6560345,259.85798230495504,245.26210190788674,72.87376059694553,12.912012923186948,299.70001220703125,5819380.05,True,False,True,True,2,-0.02018691379420945
2020-11-05,295.0,308.29998779296875,291.29998779296875,306.04998779296875,5915412,264.2572209228611,247.64594057004683,76.38941759835052,13.204012000102166,302.0,5872499.45,True,True,True,True,2,0.0134105556058568
2020-11-06,305.0,307.5,298.20001220703125,303.6000061035156,5227334,268.0041528448282,249.8402176497907,74.33937969663285,12.925153128164066,308.29998779296875,5982234.05,True,False,True,False,1,-0.015244832551239984
2020-11-09,306.04998779296875,310.0,303.1000061035156,305.3999938964844,4231352,271.5656615164145,252.019032404563,74.87291384956973,12.494784611615517,308.29998779296875,6049276.65,True,False,True,False,1,-0.00940640289104322
2020-11-10,308.0,322.45001220703125,303.75,312.5,7253811,275.46416994342263,254.39083505536445,76.91208481310503,12.938015154145212,310.0,6087230.6,True,True,True,True,2,0.008064516129032251
2020-11-11,314.8999938964844,315.45001220703125,299.0,304.3500061035156,6290798,278.2152019586696,256.35001823372335,69.89963652136066,13.188872086494216,322.45001220703125,6248348.65,True,False,True,True,2,-0.05613275056071143
2020-11-12,305.0,320.95001220703125,302.25,316.5,8666139,281.86137320070105,258.70884104808715,73.74309412755645,13.58252495224686,322.45001220703125,6320337.15,True,False,True,True,2,-0.018452510410236878
2020-11-13,313.95001220703125,316.3500061035156,308.6000061035156,309.75,5820864,284.5174328958724,260.71045512463274,68.50934874578294,13.176629876835255,322.45001220703125,6515747.1,True,False,True,False,1,-0.03938598767636925
2020-11-14,312.70001220703125,314.6499938964844,311.1000061035156,312.29998779296875,435095,287.16339050511965,262.7335740528028,69.39309910646605,12.585441592524479,322.45001220703125,6540821.05,True,False,True,False,1,-0.03147782301073576
2020-11-17,314.0,324.5,309.70001220703125,322.5,4944101,290.52878188558446,265.0773554624968,72.69414128823475,12.743623463984784,322.45001220703125,6329768.65,True,True,True,False,1,0.0001550249374364654
2020-11-18,321.95001220703125,340.0,317.29998779296875,334.70001220703125,9121056,294.73556572572227,267.8076557269884,76.02485440220528,13.454794088488104,324.5,6397950.3,True,True,True,True,2,0.03143301142382504
2020-11-19,334.45001220703125,343.0,328.3500061035156,332.3999938964844,7803220,298.3226541229377,270.3406885963804,74.187603612493,13.540165503344982,340.0,6593815.95,True,False,True,True,2,-0.022352959127987182
2020-11-20,334.3500061035156,344.6000061035156,334.0,338.95001220703125,6569386,302.1919263214228,273.031250306602,75.96869462367142,13.444440267894,343.0,6852086.1,True,False,True,False,1,-0.011807544585914709
2020-11-23,340.0,355.20001220703125,340.0,351.70001220703125,7941918,306.9069821200522,276.1162997928933,79.00549216010396,13.644837391615859,344.6000061035156,6784470.0,True,True,True,True,2,0.020603615721883628
2020-11-24,353.6499938964844,363.8500061035156,351.1000061035156,360.20001220703125,5854352,311.98250879500256,279.4137002797222,80.75180449523366,13.58092043507187,355.20001220703125,7032032.3,True,True,True,False,1,0.014076576092811877
2020-11-25,364.3999938964844,366.8999938964844,351.54998779296875,352.8500061035156,7347086,315.8746513958133,282.2935554100671,74.94654921527972,13.707283697103566,363.8500061035156,7178782.75,True,False,True,True,2,-0.030232238052705918
2020-11-26,355.04998779296875,361.5,350.5,360.20001220703125,6076161,320.096114330215,285.3487105785755,76.74681341830137,13.513906290167599,366.8999938964844,7417554.75,True,False,True,False,1,-0.018261056966229927
2020-11-27,360.5,394.8999938964844,358.8999938964844,388.7000122070313,13549479,326.6298188899118,289.40170279929924,82.11378203473853,15.120055840869913,366.8999938964844,7531496.4,True,True,True,True,2,0.05941678569964082
2020-12-01,389.6499938964844,389.6499938964844,371.3500061035156,374.7999877929688,7531640,331.2174540235363,292.7506551519922,73.23559700303113,15.347193837448403,394.8999938964844,6997260.05,True,False,True,True,2,-0.05089897800500953
2020-12-02,376.0,382.8500061035156,371.0,374.8999938964844,4970169,335.37769591619804,295.97219784785466,73.25799956332048,15.097394713596064,394.8999938964844,6704815.4,True,False,True,False,1,-0.05064573387975946
2020-12-03,377.9500122070313,381.5,368.3999938964844,370.7000122070313,5027299,338.7417260391345,298.90270037174395,70.58583485490769,14.954724098590319,394.8999938964844,6605485.9,True,False,True,False,1,-0.061281291626954615
2020-12-04,373.8999938964844,375.5,361.25,369.75,5683929,341.69489498778836,301.68102584736187,69.96417849688048,14.904386662976725,394.8999938964844,6528833.6,True,False,True,False,1,-0.06368699489794616
2020-12-07,373.5,375.0,363.3999938964844,364.5,7661279,343.86680975085613,304.1445150298183,66.479708482842,14.668359480158074,394.8999938964844,6517259.45,True,False,True,True,2,-0.07698150004138304
2020-12-08,367.3500061035156,378.0,362.2000122070313,373.0499877929688,6112009,346.64616004058115,306.84669043229485,69.17242839693965,14.749190073930261,394.8999938964844,6638956.7,True,False,True,False,1,-0.05533047971948857
2020-12-09,375.7999877929688,376.75,367.5,369.9500122070313,3367707,348.865574532624,309.32133050189236,67.0687419096711,14.356390782935245,394.8999938964844,6732989.55,True,False,True,False,1,-0.06318050664744568
2020-12-10,369.0,369.8999938964844,362.1000061035156,366.3500061035156,2568628,350.5307584917565,311.5577491529364,64.61128440695265,13.891649020119562,394.8999938964844,6538684.35,True,False,True,False,1,-0.07229675420165393
2020-12-11,368.0,375.5,364.9500122070313,369.2999877929688,4991079,352.31830413949103,313.8221506682318,65.71972128707499,13.65295893246593,394.8999938964844,6352575.85,True,False,True,False,1,-0.06482655482194344
2020-12-14,370.0,374.7000122070313,366.7000122070313,371.75,2862937,354.1689418404919,316.0938310341835,66.65388924386106,13.249176151575506,394.8999938964844,6168822.85,True,False,True,False,1,-0.05862242150997021
2020-12-15,372.0,378.3500061035156,362.8999938964844,377.25,3384031,356.3671378556832,318.49211217009787,68.7149758509363,13.406378726965203,394.8999938964844,6020926.5,True,False,True,False,1,-0.044694844693036306
2020-12-16,380.8999938964844,386.25,374.8999938964844,377.5,6207977,358.3797913932372,320.8061469869568,68.80934662728686,13.259494968147376,394.8999938964844,6168373.3,True,False,True,True,2,-0.044061773019539396
2020-12-17,377.3999938964844,380.9500122070313,372.5499877929688,374.4500122070313,2029421,359.9102886135986,322.9098279759793,66.1862657121078,12.912389928569885,394.8999938964844,6231567.1,True,False,True,False,1,-0.051785216524499744
2020-12-18,375.3500061035156,377.4500122070313,362.7000122070313,375.1000061035156,4505413,361.3569283745431,324.9565016280396,66.4795373860415,13.043647790814894,394.8999938964844,5876985.35,True,False,True,False,1,-0.05013924562925909
2020-12-21,372.6499938964844,374.7999877929688,347.5,354.8500061035156,4642486,360.73722149158806,326.1287959211955,51.495023047462404,14.083387670293519,394.8999938964844,5712095.0,True,False,True,False,1,-0.10141805118251557
2020-12-22,355.3999938964844,363.8999938964844,345.1499938964844,360.7999877929688,3386376,360.74319923457665,327.4884505044023,54.724229543563844,14.41671712241541,394.8999938964844,5615750.0,True,False,True,False,1,-0.08635099172084126
2020-12-23,361.3999938964844,378.0,358.29998779296875,376.25,2616831,362.2200374027122,329.4006681316806,61.83025355933859,14.794095342745113,394.8999938964844,5387972.9,True,False,True,False,1,-0.04722713138702428
2020-12-24,378.2999877929688,383.0499877929688,374.25,376.3500061035156,3098846,363.5657487075506,331.24181864038,61.871968110268064,14.365944803475376,394.8999938964844,5226096.85,True,False,True,False,1,-0.046973887261774094
2020-12-28,376.3500061035156,393.0499877929688,375.75,386.3500061035156,5039946,365.73567798335677,333.40292403109123,65.88664756676366,14.575519302724906,394.8999938964844,5013684.85,True,False,True,True,2,-0.021651020321894365
2020-12-29,389.4500122070313,392.0,380.4500122070313,383.1499938964844,3923113,367.3941842607975,335.3537895160086,63.57957924803805,14.359409909170893,394.8999938964844,4961874.1,True,False,True,False,1,-0.029754368654358654
2020-12-30,383.8500061035156,386.0499877929688,376.3500061035156,384.8999938964844,2218568,369.06140422610105,337.29677792308604,64.31547129154109,14.026593607762484,393.0499877929688,4480555.8,True,False,True,False,1,-0.020735260525633903
2020-12-31,384.8999938964844,390.7000122070313,380.0,387.6499938964844,2778110,370.83174609947093,339.27141384361147,65.49532041957917,13.788980650567401,393.0499877929688,4214902.2,True,False,True,False,1,-0.01373869498586211
2021-01-01,387.6499938964844,415.8999938964844,387.6499938964844,411.3500061035156,9520939,374.6906280046181,342.0980253047842,73.59736090616275,14.821910604098301,393.0499877929688,4105299.25,True,True,True,True,2,0.046559009995914336
2021-01-04,415.0,446.5499877929688,414.2000122070313,443.25,15940056,381.2200920041783,346.0647694104789,80.30188311877512,16.27748711019508,415.8999938964844,4329981.25,True,True,True,True,2,0.06576101588095451
2021-01-05,432.0,439.0,430.0,437.25,5502895,386.5562737180661,349.6406608061464,76.37354571516738,16.06123803089543,446.5499877929688,4842787.6,True,False,True,True,2,-0.020826308469815702
2021-01-06,438.9500122070313,446.3999938964844,430.4500122070313,434.8500061035156,5684264,391.1556768023947,352.98220375898444,74.79734043333947,16.053291149363833,446.5499877929688,4734868.4,True,False,True,True,2,-0.026200833074207952
2021-01-07,437.8500061035156,440.25,428.7999877929688,431.3500061035156,4227651,394.9837081644062,356.0554509097504,72.44908508182078,15.724485510625788,446.5499877929688,4713481.15,True,False,True,False,1,-0.034038701388343195
2021-01-08,435.0499877929688,437.4500122070313,427.7000122070313,431.7999877929688,3344933,398.49002050998365,359.0258249051707,72.56832535625098,15.29773654558109,446.5499877929688,4756478.35,True,False,True,False,1,-0.033031016466712915
2021-01-11,434.7999877929688,434.7999877929688,423.6000061035156,426.7999877929688,2062482,401.186207870268,361.68363521449606,68.99506379441726,15.005039770143382,446.5499877929688,4795293.6,True,False,True,False,1,-0.04422797120119182
2021-01-12,425.1000061035156,451.0,418.1000061035156,443.0499877929688,6187578,405.1732345295728,364.8744725705146,73.55294560454298,16.283250779167737,446.5499877929688,4648863.75,True,False,True,True,2,-0.007837868314135243
2021-01-13,447.3999938964844,448.75,419.7000122070313,427.8999938964844,5255513,407.33768780261204,367.3460616421213,64.09303883318361,17.195160565867806,451.0,4815095.8,True,False,True,True,2,-0.05121952572841604
2021-01-14,431.25,441.3500061035156,423.3500061035156,426.1499938964844,4779868,409.1293360020284,369.6520982011159,63.083752071128096,17.25264909687725,451.0,4908669.9,True,False,True,False,1,-0.05509979180380409
2021-01-15,427.1000061035156,430.0499877929688,417.3999938964844,424.1000061035156,2959135,410.5551141069319,371.7873102757198,61.85496623245304,16.923888011134906,451.0,4837264.45,True,False,True,False,1,-0.059645219282670414
2021-01-18,426.6499938964844,426.6499938964844,402.5499877929688,409.25,5385397,410.43081752531936,373.2564353629465,53.69558377706632,17.43646787487638,451.0,4883750.15,True,False,True,True,2,-0.09257206208425717
2021-01-19,410.7000122070313,447.0,410.7000122070313,437.9500122070313,13734366,413.05169320929195,375.79343837644,63.6700136905407,18.887434455242357,451.0,4927749.35,True,False,True,True,2,-0.02893567138130526
2021-01-20,441.0499877929688,458.8999938964844,432.0499877929688,457.4500122070313,9187097,417.28010454240996,378.9956569580319,68.61657327792969,19.456189572976157,451.0,5382343.35,True,True,True,True,2,0.01430157917301833
2021-01-21,459.0,464.8500061035156,427.7999877929688,431.7000122070313,9421726,418.6534290818977,381.06249441877696,57.48578799488331,20.71289162565978,458.8999938964844,5672379.4,True,False,True,True,2,-0.05927213347400628
2021-01-22,434.3500061035156,443.8500061035156,420.2000122070313,422.1499938964844,9357221,418.9864352547155,382.67376890809885,53.98790779301775,20.92268464500439,464.8500061035156,6012624.15,True,False,True,True,2,-0.09185761352345245
2021-01-25,435.0,449.5,416.2000122070313,420.6000061035156,9914676,419.1401086688869,384.16107232752694,53.41976801518779,21.806777727001844,464.8500061035156,6325542.9,True,False,True,True,2,-0.09519199616864404
2021-01-27,422.4500122070313,430.75,408.7000122070313,410.5,5084464,418.31724117661196,385.19397145193767,49.74613251050123,21.824149874570903,464.8500061035156,6569279.4,True,False,False,False,0,-0.11691944797224041
2021-01-28,401.0,414.2000122070313,397.5,405.25,3748093,417.0727420169346,385.9804823753911,47.90209020276166,21.45814004117522,464.8500061035156,6627346.95,True,False,False,False,0,-0.12821341361936767
2021-01-29,413.0,427.25,390.6499938964844,397.8500061035156,7562596,415.2420052632757,386.4459538941411,45.35028053831534,22.53970190277096,464.8500061035156,6703823.2,True,False,False,True,1,-0.1441325139728621
2021-02-01,402.0,448.8999938964844,402.0,442.9500122070313,10811519,417.88086306744293,388.661799318176,59.50799183387405,24.576150894927945,464.8500061035156,6943047.5,True,False,True,True,2,-0.04711195785508393
2021-02-02,447.0499877929688,475.0,434.0,439.1000061035156,10099741,419.9017338327832,390.6397682117188,58.123699341939215,25.749282973861664,464.8500061035156,7007576.5,True,False,True,True,2,-0.05539421245971943
2021-02-03,444.75,467.25,438.0499877929688,459.8500061035156,9972466,423.7063311919006,393.3538951878677,63.1051889189198,25.995763633373777,475.0,6715560.75,True,False,True,True,2,-0.03189472399259874
2021-02-04,463.0,471.0,457.7999877929688,464.3999938964844,4931739,427.58191811614665,396.14001670585264,64.11328389318487,25.08178138863502,475.0,6939039.3,True,False,True,False,1,-0.022315802323190748
2021-02-05,468.0,473.9500122070313,449.25,451.1000061035156,4324685,429.8217360197056,398.2953104077218,59.03549047064787,25.05451216137761,475.0,6901413.05,True,False,True,False,1,-0.05031577662417763
2021-02-08,455.0,468.5499877929688,454.0,460.6000061035156,2478180,432.7529998372113,400.7386318075568,61.3878721501787,24.511331413383008,475.0,6906264.75,True,False,True,False,1,-0.030315776624177615
2021-02-09,464.0,470.8999938964844,455.0,459.0499877929688,4083298,435.25747488061677,403.02535165012205,60.77464640947174,23.89623587646168,475.0,6862927.1,True,False,True,False,1,-0.03357897306743407
2021-02-10,460.1000061035156,470.8999938964844,454.5,467.75,4986969,438.3520010824628,405.56357315403886,63.008270814986936,23.36079002074902,475.0,6963967.9,True,False,True,False,1,-0.015263157894736867
2021-02-11,469.9500122070313,478.5,464.2000122070313,471.6000061035156,5781855,441.5184777511345,408.15323719127326,63.98561059199701,22.713589861621852,475.0,6903937.45,True,False,True,False,1,-0.007157881887335571
2021-02-12,471.7000122070313,477.7999877929688,465.3500061035156,468.5499877929688,2572633,444.09290727892824,410.5217372148692,62.57512587280317,21.980474992181236,478.5,6930254.55,True,False,True,False,1,-0.020794173891392265
2021-02-15,472.0499877929688,538.0,472.0499877929688,532.75,31359318,452.53643991903033,415.3150024221292,75.04497929973061,25.37115622181338,478.5,6819892.8,True,True,True,True,2,0.11337513061650983
2021-02-16,528.5,537.0,517.0499877929688,528.0499877929688,10486006,459.7282063832149,419.73598224059356,73.12405683066207,24.98393164932894,538.0,8239901.95,True,False,True,True,2,-0.018494446481470694
2021-02-17,522.0999755859375,533.7999877929688,522.0999755859375,528.0,3658655,466.23028196576587,423.9816299958644,73.1026244298262,24.035080260593393,538.0,8494932.4,True,False,True,False,1,-0.018587360594795488
2021-02-18,530.0,536.5499877929688,526.0999755859375,527.7000122070312,5128060,472.0845419887435,428.0490175335573,72.96441237033073,23.064718256767527,538.0,7991146.85,True,False,True,False,1,-0.01914495872299027
2021-02-19,526.7999877929688,535.5999755859375,517.7999877929688,530.3499755859375,8654199,477.633630902762,432.06081981012125,73.44208236575727,22.6886660807819,538.0,7788195.0,True,False,True,True,2,-0.014219376234316905
2021-02-22,534.4000244140625,550.9500122070312,519.0,528.6500244140625,16351139,482.49233504669536,435.84863175537384,72.55645815333479,23.350190804085425,538.0,7749818.65,True,False,True,True,2,-0.017379136776835447
2021-02-23,526.4500122070312,538.0,510.6499938964844,517.7999877929688,5512994,485.8549686415785,439.0624104235148,67.00282660211715,23.635891896901867,550.9500122070312,8099514.55,True,False,True,False,1,-0.06016884232612685
2021-02-24,519.9500122070312,522.1500244140625,487.3500061035156,504.5,5523946,487.63068591380915,441.6285904069064,60.85396663103733,24.43332949787651,550.9500122070312,7879430.45,True,False,True,False,1,-0.08430894124306987
2021-02-25,511.0,538.0,510.0,526.0499877929688,6224603,491.28966704515767,444.939233441654,66.25730016900447,25.08094881945676,550.9500122070312,7901404.55,True,False,True,False,1,-0.04519470707390738
2021-02-26,513.0499877929688,523.0,500.1000061035156,518.9000244140625,4171821,493.91922488981527,447.8396566170426,63.143135106721424,25.14302259588507,550.9500122070312,8025230.05,True,False,True,False,1,-0.05817222449016901
2021-03-01,524.5,558.0,519.5,522.2999877929688,8234542,496.6221546901156,450.7596696043338,64.00940266925471,26.139947809460246,550.9500122070312,7855691.3,True,False,True,True,2,-0.05200113218855262
2021-03-02,527.7999877929688,539.9500122070312,523.7999877929688,538.5499877929688,3164565,500.6152816522921,454.2024271803587,67.8935026470055,25.533524709788978,558.0,7726842.45,True,False,True,False,1,-0.03485665270077287
2021-03-03,542.5999755859375,551.7999877929688,534.0,540.6500244140625,3014438,504.4281142962702,457.5925290326608,68.36859497247056,24.98112921573039,558.0,7380083.65,True,False,True,False,1,-0.031093146211357503
2021-03-04,537.0,546.5499877929688,533.1500244140625,535.0999755859375,2756879,507.3492439429052,460.6320367406325,65.60559681173626,24.153903084528668,558.0,7032182.25,True,False,True,False,1,-0.04103947027609767
2021-03-05,533.9000244140625,533.9000244140625,515.6500244140625,526.7999877929688,2704745,509.2016957381494,463.22685835052806,61.59651069635103,23.81790651933912,558.0,6923439.25,True,False,True,False,1,-0.055914000371023787
2021-03-08,532.0,539.2999877929688,526.5499877929688,534.1500244140625,3061065,511.57772704061733,466.00815898047057,63.71132545623906,23.027341767957754,558.0,6842442.25,True,False,True,False,1,-0.04274189173107079
2021-03-09,536.5499877929688,548.9000244140625,525.0,544.4000244140625,4781356,514.7036601238026,469.0823497817879,66.48325700925093,23.089676242679523,558.0,6871586.5,True,False,True,False,1,-0.024372716103830627
2021-03-10,549.9000244140625,556.7999877929688,530.0499877929688,539.4000244140625,5035581,517.055694818113,471.8399056497202,63.91837186170835,23.351127939630985,558.0,6906489.4,True,False,True,False,1,-0.033333289580533165
2021-03-12,544.2999877929688,549.9000244140625,529.4000244140625,531.7999877929688,2659575,518.4599131966708,474.1912814200437,60.12158333266458,23.147475943943057,558.0,6908920.0,True,False,True,False,1,-0.04695342689432125
2021-03-15,536.0,537.8499755859375,514.0499877929688,534.9500122070312,3189930,520.0303988167051,476.57397674502363,61.15160579310805,23.19408393315918,558.0,6752806.0,True,False,True,False,1,-0.04130822185119842
2021-03-16,537.9500122070312,544.3499755859375,530.2000122070312,540.6500244140625,3577095,521.99417268312,479.08676292812316,63.01326969645008,22.548075322141116,558.0,6783670.85,True,False,True,False,1,-0.031093146211357503
2021-03-17,541.9000244140625,544.0499877929688,526.0499877929688,529.5999755859375,2235033,522.7185348643408,481.0676732284296,57.28237633890403,22.223212799131037,558.0,5394559.7,True,False,True,False,1,-0.05089610110047038
2021-03-18,534.5,539.9500122070312,516.4000244140625,527.6500244140625,2318387,523.1882005357429,482.89443209845444,56.309150766308996,22.317982441548015,558.0,4982011.05,True,False,True,False,1,-0.05439063725078408
2021-03-19,525.0499877929688,558.9500122070312,518.5,552.8499755859375,6000233,526.0131314929043,485.6377867450224,64.66449635681975,23.61312742479682,558.0,4914997.65,True,False,True,True,2,-0.009229434433803752
2021-03-22,558.0,579.5999755859375,545.0499877929688,570.4000244140625,9087183,530.2404546282528,488.961796065377,69.09689989880235,24.3943317368091,558.9500122070312,4958606.3,True,True,True,True,2,0.020484859033852665
2021-03-23,571.6500244140625,574.7999877929688,556.4500122070312,559.7000122070312,3437253,533.0461267786127,491.73584375720657,63.839085046298585,23.962592011746843,579.5999755859375,4980255.5,True,False,True,False,1,-0.03433396172729075
2021-03-24,551.7999877929688,569.4500122070312,545.4000244140625,548.5,3517690,534.5179242282686,493.9618891000612,58.79581688614559,23.96883456754841,579.5999755859375,4334561.2,True,False,True,False,1,-0.05365765509996345
2021-03-25,551.0,552.7999877929688,525.5,537.5,3387697,534.801931444624,495.66926599809807,54.261844873220184,24.206774083649865,579.5999755859375,4234796.0,True,False,True,False,1,-0.072636261834513
2021-03-26,545.7999877929688,564.6500244140625,543.2000122070312,554.6500244140625,5648327,536.692226013142,497.9822369163712,59.50497694750901,24.417006250107914,579.5999755859375,4127983.55,True,False,True,True,2,-0.04304684648520252
2021-03-30,560.2000122070312,564.2999877929688,549.4000244140625,555.2999877929688,1956770,538.4643938016969,500.2299918527084,59.693556872336394,23.737217473593507,579.5999755859375,4099169.75,True,False,True,False,1,-0.04192544654337338
2021-03-31,555.6500244140625,565.0,547.0,558.7999877929688,2766939,540.4011170389609,502.526854438601,60.753443007172564,23.327416225479684,579.5999755859375,3988417.2,True,False,True,False,1,-0.03588679894601676
2021-04-01,566.0,568.9000244140625,549.5999755859375,562.5,4461159,542.5057725590599,504.87874249983236,61.894206313667496,23.039747125668637,579.5999755859375,3715037.05,True,False,True,True,2,-0.029503064710536875
2021-04-05,560.0,560.9500122070312,534.0,544.3499755859375,3489627,542.681410942572,506.4266339934051,53.65536934628901,23.429765188120875,579.5999755859375,3779866.75,True,False,True,False,1,-0.0608178079448064
2021-04-06,543.9500122070312,547.4500122070312,534.0,540.0,4226629,542.4260384718509,507.74323658189905,51.873183057161974,22.71692568947162,579.5999755859375,3803626.2,True,False,True,True,2,-0.06832294212211543
2021-04-07,543.75,588.0999755859375,538.3499755859375,578.0499877929688,7380082,545.8187955500526,510.5003640803724,63.34285371594171,24.647859568795074,579.5999755859375,3877113.7,True,False,True,True,2,-0.0026742371605551485
2021-04-08,580.9000244140625,580.9000244140625,561.0,562.9500122070312,5476027,547.4503399935744,512.5572130265159,57.48761620975328,24.308728486314173,588.0999755859375,4110880.55,True,False,True,True,2,-0.042764775417391876
2021-04-09,561.5499877929688,570.0,552.7999877929688,557.9000244140625,1895419,548.4455480336209,514.3353624926942,55.63537857177283,23.800963037793966,588.0999755859375,4231628.65,True,False,True,False,1,-0.05135173002138982
2021-04-12,544.7000122070312,545.0,503.7000122070313,510.8500061035156,5822507,544.8650202307537,514.1986818499813,42.04359618824737,25.972323692739483,588.0999755859375,4087331.8,True,False,False,True,1,-0.13135516525987945
2021-04-13,512.0,543.9000244140625,507.2000122070313,532.4500122070312,12185363,543.6826385142086,514.9144202953559,48.28934051179606,26.738587158046034,588.0999755859375,4126678.1,True,False,False,True,1,-0.0946267058138558
2021-04-15,527.5,541.1500244140625,523.1500244140625,535.2999877929688,3470035,542.8842908264714,515.7138543148701,49.06923335487995,26.114402361042746,588.0999755859375,4602967.5,True,False,False,False,0,-0.08978063251977342
2021-04-16,540.0,550.5,537.4000244140625,540.5999755859375,2861566,542.6667369940396,516.6897806392258,50.56247466078808,25.33480306432764,588.0999755859375,4616972.75,True,False,True,False,1,-0.08076858012564048
2021-04-19,527.0,534.9500122070312,514.2000122070312,530.5499877929688,3922769,541.512760879652,517.2333181746667,47.706200080246695,25.4108859439404,588.0999755859375,4581196.3,True,False,False,False,0,-0.09785749053233739
2021-04-20,535.9000244140625,559.2000122070312,533.25,538.75,6039565,541.2496407958756,518.0771096187974,50.179155929184915,25.64225297752055,588.0999755859375,4665583.1,True,False,True,True,2,-0.08391426225918308
2021-04-22,531.75,559.2000122070312,529.1500244140625,551.2000122070312,4070956,542.1972952159856,519.3760469751987,53.75494141703948,25.957091178623994,588.0999755859375,4851642.0,True,False,True,False,1,-0.06274437155373447
2021-04-23,548.5999755859375,566.7999877929688,545.0499877929688,555.9500122070312,4252773,543.5070777865614,520.8103201215451,55.07962532940933,25.656584665865136,588.0999755859375,4755178.15,True,False,True,False,1,-0.0546675135411705
2021-04-26,558.9500122070312,569.0,550.9500122070312,552.3499755859375,3793015,544.3492585293591,522.0471693554429,53.821282544989664,25.11325631780111,588.0999755859375,4513457.65,True,False,True,False,1,-0.060788983989297884
2021-04-27,553.2999877929688,566.0,552.9000244140625,564.5999755859375,2758144,546.2778982490332,523.715906854678,57.38864459480175,24.294454038962638,588.0999755859375,4531245.75,True,False,True,False,1,-0.039959192272685295
2021-04-28,564.5999755859375,589.7000122070312,554.5999755859375,583.7999877929688,3858556,549.8514305865509,526.0721453228463,62.30395759039762,25.066281366257716,588.0999755859375,4493268.45,True,False,True,False,1,-0.007311661233593059
2021-04-29,586.0,597.7999877929688,576.7999877929688,592.5,4417597,553.9131991021175,528.6771592317542,64.31278018981082,24.77583269723931,589.7000122070312,4516811.4,True,True,True,False,1,0.0047481562404745326
2021-04-30,589.75,600.9500122070312,564.9500122070312,571.75,5481211,555.611942044773,530.3662902422736,56.56971773270096,25.57755893315079,597.7999877929688,4455274.9,True,False,True,True,2,-0.04357642744213375
2021-05-03,562.0499877929688,565.9500122070312,555.0499877929688,559.0999755859375,3245575,555.9441357153601,531.4931014322212,52.42573486725537,24.94344845271368,600.9500122070312,4631496.95,True,False,True,False,1,-0.06963979660703645
2021-05-04,562.0999755859375,573.0,544.5499877929688,549.4500122070312,3016254,555.3256477621859,532.1972940116256,49.44983850967822,25.193917292307795,600.9500122070312,4655428.75,True,False,False,False,0,-0.08569764365402477
2021-05-05,559.5999755859375,559.9000244140625,545.0499877929688,558.5999755859375,1997565,555.6374885073051,533.2326932890496,52.21935320225773,24.455068672935365,600.9500122070312,4583183.5,True,False,True,False,1,-0.07047181256484258
2021-05-06,563.75,583.9000244140625,557.0499877929688,580.2999877929688,4217519,557.9862979630825,535.0784695441054,58.08452602148031,24.626137812089535,600.9500122070312,4508580.4,True,False,True,False,1,-0.03436229968316973
2021-05-07,585.25,587.7999877929688,564.0,568.9000244140625,3203038,559.0257004822234,536.4048050292017,54.312645662394495,24.567127096438053,600.9500122070312,4508124.9,True,False,True,False,1,-0.05333220258247917
2021-05-10,560.0,560.0,528.5,554.1500244140625,9065692,558.5613503804939,537.1006959854708,49.80600991577218,25.69804833341123,600.9500122070312,4299272.7,True,False,False,True,1,-0.07787667333775816
2021-05-11,550.0,554.4000244140625,532.4000244140625,550.9500122070312,5071269,557.8364610306403,537.643806425532,48.85881635200397,25.43390202388186,600.9500122070312,4478755.95,True,False,False,True,1,-0.0832015957806066
2021-05-12,558.9000244140625,558.9000244140625,520.0,524.0,8559631,554.6139409324841,537.1087551931582,41.67119829021251,26.39576790889476,600.9500122070312,4637548.45,True,False,False,True,1,-0.12804727621924306
2021-05-14,530.0,532.5499877929688,513.0,526.75,6037690,551.9602322722475,536.7025294993089,42.59913613904317,25.906783614900046,600.9500122070312,4774404.65,True,False,False,True,1,-0.12347118845130978
2021-05-17,530.7000122070312,545.7999877929688,526.75,543.3499755859375,5657918,551.1402078259322,536.9632136595689,47.97903013239545,25.417012484762097,600.9500122070312,4467021.0,True,False,False,True,1,-0.0958482992779276
2021-05-18,550.0,561.5999755859375,540.1500244140625,546.3499755859375,6141659,550.683995231647,537.3313219704069,48.91095639631513,25.133650962413018,600.9500122070312,4576415.15,True,False,False,True,1,-0.09085620353109114
2021-05-19,545.75,554.3499755859375,541.4000244140625,544.0499877929688,3598992,550.052184999392,537.5947990614877,48.19806775649611,24.2633866916603,600.9500122070312,4740419.8,True,False,False,False,0,-0.09468345662410949
2021-05-20,547.9500122070312,573.7000122070312,545.0,570.0,9211100,551.9519769042118,538.8655912551549,55.99180582648305,24.648146528974745,600.9500122070312,4724230.95,True,False,True,True,2,-0.05150180810108507
2021-05-21,575.2999877929688,586.4000244140625,572.0499877929688,582.7999877929688,7059325,554.8898827031411,540.5885087664418,59.24866069089967,24.058994949338157,600.9500122070312,4882807.7,True,False,True,True,2,-0.030202219894139404
2021-05-24,585.25,590.5499877929688,570.75,576.4000244140625,6891826,556.9384676279908,541.9928819290935,56.97813860113278,23.75478015245463,600.9500122070312,5032226.15,True,False,True,True,2,-0.0408519632153882
2021-05-25,580.9500122070312,581.0,546.5499877929688,551.5499877929688,4960155,556.4252790722744,542.3676703943436,49.10876078584653,24.518725299210104,600.9500122070312,5164178.8,True,False,False,False,0,-0.08220321725701851
2021-05-26,555.0,556.5499877929688,542.2000122070312,544.0999755859375,3560232,555.2514406450042,542.4356039312688,47.01243156420445,23.792386033976346,600.9500122070312,5222535.8,True,False,False,False,0,-0.09460027534121851
2021-05-27,545.2000122070312,548.8499755859375,523.9000244140625,537.7999877929688,40407205,553.5893975162389,542.2538150631001,45.25322259041289,23.875069258111964,600.9500122070312,5262640.2,True,False,False,True,1,-0.10508365609668524
2021-05-28,535.0,547.0,531.1500244140625,544.0499877929688,3401465,552.6808823044989,542.3242532093694,47.357794579304745,23.301848281528073,600.9500122070312,7090072.65,True,False,False,False,0,-0.09468345662410949
2021-05-31,546.0,552.0999755859375,539.0499877929688,549.2999877929688,3364865,552.3588923510199,542.5978114283341,49.12691450432717,22.569572532345262,600.9500122070312,7039266.05,True,False,False,False,0,-0.08594728906714577
2021-06-01,552.9000244140625,557.8499755859375,542.4500122070312,545.6500244140625,3151070,551.7199525475002,542.7175060552255,47.92114506527842,22.057457592813904,590.5499877929688,6933448.75,True,False,False,False,0,-0.07603075828806383
2021-06-02,543.0,559.1500244140625,543.0,557.2999877929688,3923863,552.2513844756401,543.2893680841566,51.972974974275544,21.635498080045945,590.5499877929688,6928723.5,True,False,True,False,1,-0.056303447104051996
2021-06-03,560.5499877929688,574.1500244140625,558.0999755859375,569.6500244140625,4160097,553.9083978031089,544.3231193127804,55.890818996582745,21.293679404406504,590.5499877929688,6974103.95,True,False,True,False,1,-0.03539067616784586
2021-06-04,573.9000244140625,573.9000244140625,561.25,570.7000122070312,2270508,555.507599174911,545.3575072694176,56.21782780335319,20.67627547652479,590.5499877929688,7082230.55,True,False,True,False,1,-0.03361269324570093
2021-06-07,572.75,584.75,562.9000244140625,580.0999755859375,5884824,557.8497302616754,546.7199570073203,59.138428064055844,20.760111198625697,590.5499877929688,6984880.0,True,False,True,False,1,-0.01769538976045959
2021-06-08,581.0999755859375,581.0999755859375,566.0,570.9000244140625,3536560,559.0926154190456,547.6681949448397,55.25353618193551,20.3558157977194,590.5499877929688,7118969.3,True,False,True,False,1,-0.03327400522408441
2021-06-09,570.9000244140625,572.25,550.4500122070312,555.7999877929688,4761429,558.7790318356097,547.9870887820213,49.50525950858563,20.45897094023721,590.5499877929688,6842512.7,True,False,False,False,0,-0.05884345223656573
2021-06-10,555.5,570.75,548.4000244140625,565.75,3202514,559.4429335655516,548.6836735356676,52.97678382344092,20.594042700644376,590.5499877929688,6827020.7,True,False,True,False,1,-0.04199473085361061
2021-06-11,566.7000122070312,575.5,559.2999877929688,562.2999877929688,3044892,559.7150339681627,549.217646643797,51.650816089071455,20.28018337967201,590.5499877929688,6559164.85,True,False,True,False,1,-0.04783676332900666
2021-06-14,563.0,571.2000122070312,551.7000122070312,569.9000244140625,3122051,560.6850330582485,550.0287202818466,54.360790660427405,20.224455995409723,590.5499877929688,6409524.95,True,False,True,False,1,-0.03496734197909357
2021-06-15,570.0,579.7000122070312,565.0,568.5,3467307,561.4293156241296,550.7530841923624,53.7629795194703,19.829852867668404,590.5499877929688,6282731.6,True,False,True,False,1,-0.03733805477733565
2021-06-16,568.9000244140625,571.0,560.0999755859375,564.25,1462027,561.6979522313553,551.2823750083481,51.897200624307125,19.192007978125126,590.5499877929688,6149014.0,True,False,True,False,1,-0.04453473598612423
2021-06-17,559.0,565.4500122070312,545.0499877929688,549.7999877929688,1799072,560.5648127610328,551.2242421763725,46.0461466217452,19.27829486640637,590.5499877929688,6042165.75,True,False,False,False,0,-0.06900347276662022
2021-06-18,552.9000244140625,554.25,518.0,538.5,5504915,558.4634020218868,550.725252287103,42.0532826070857,20.490559518805917,590.5499877929688,5671564.35,True,False,False,False,0,-0.08813815742760811
2021-06-21,534.0,546.5999755859375,528.0499877929688,543.5,2527215,557.0383161150405,550.4419090601577,44.352670643073225,20.35194725267469,590.5499877929688,5593843.85,True,False,False,False,0,-0.07967147365256277
2021-06-22,546.0,553.5999755859375,538.6500244140625,541.8499755859375,2304767,555.5918074932212,550.1049704925413,43.73589600657629,19.966090389760428,584.75,5375613.3,True,False,False,False,0,-0.07336472751442924
2021-06-23,543.0,547.2999877929688,535.0,536.2000122070312,1729953,553.7449698469173,549.5596780107566,41.602525101308785,19.418511632846737,584.75,5242843.9,True,False,False,False,0,-0.08302691371178927
2021-06-24,536.2000122070312,536.6500244140625,528.5,530.0499877929688,1780163,551.4883048893984,548.794592119863,39.35235692326421,18.613619688647866,584.75,5151329.95,True,False,False,False,0,-0.09354427055499148
2021-06-25,531.75,536.0,529.0999755859375,531.9000244140625,2700418,549.6227543679378,548.1320600529688,40.39672497934953,17.776934311891768,584.75,3219977.85,True,False,False,False,0,-0.0903804627378153
2021-06-28,536.9000244140625,536.9000244140625,521.3499755859375,523.6500244140625,3090163,547.1491610389972,547.1719802239921,37.31114678851534,17.617871063051286,584.75,3184925.5,False,False,False,False,0,-0.104489056153805
2021-06-29,524.7999877929688,527.0,515.7000122070312,519.3499755859375,2568036,544.5016195672772,546.0809212185782,35.77723192140712,17.166593686616817,584.75,3171190.4,False,False,False,False,0,-0.11184270955803766
2021-06-30,523.2999877929688,524.0,511.7000122070313,513.25,2301647,541.5252748465841,544.7934341119673,33.662989723078056,16.818978979927667,584.75,3142038.7,False,False,False,False,0,-0.12227447627191113
2021-07-01,514.0,515.25,502.75,506.1499938964844,4718848,538.1562004703841,543.2780050839092,31.341418769845973,16.510480481361405,584.75,3060927.9,False,False,False,True,1,-0.13441642771015927
2021-07-02,509.8999938964844,514.5499877929688,504.0499877929688,510.1000061035156,2960025,535.4841819592538,541.976907084678,34.065779141613504,16.081160446978444,584.75,3088865.45,False,False,False,False,0,-0.1276613833201956
2021-07-05,513.9500122070312,520.0,508.2000122070313,519.0,2195753,533.9142598678962,541.0758519048868,39.856521304443405,15.775362400263463,584.75,3123341.3,False,False,False,False,0,-0.11244121419410003
2021-07-06,521.0,532.75,519.25,521.2000122070312,4648159,532.7033791382901,540.2964072108533,41.23054764515572,15.630693657387502,581.0999755859375,2938887.75,False,False,False,True,1,-0.10308030613580332
2021-07-07,523.0,530.5,515.2999877929688,518.9500122070312,2653267,531.3935346686463,539.4592936812917,40.218560155173954,15.59993069664777,579.7000122070312,2994467.7,False,False,False,False,0,-0.10479558171598591
2021-07-08,522.5,525.4500122070312,510.2999877929688,514.3499755859375,2276281,529.7703385655312,538.4746145402975,38.15655993110129,15.56779453360596,579.7000122070312,2889059.6,False,False,False,False,0,-0.11273078358631283
2021-07-09,516.0,520.75,508.2000122070313,519.2999877929688,2565125,528.7731623014777,537.7226683933435,41.624883551897526,15.352236909274728,579.7000122070312,2842747.95,False,False,False,False,0,-0.10419186327788366
2021-07-12,523.5,526.5499877929688,515.2999877929688,516.5499877929688,1533331,527.6090504435244,536.8923671933288,40.27356675428989,15.059219987183676,579.7000122070312,2818759.6,False,False,False,False,0,-0.10893569619506827
2021-07-13,520.0,521.3499755859375,510.0,517.9500122070312,1842560,526.6891420400489,536.1495297428859,41.31803771615589,14.794273958523235,579.7000122070312,2739323.6,False,False,False,False,0,-0.10652061186768946
2021-07-14,520.0,520.0,513.0,513.4500122070312,988708,525.4282725321424,535.2593525846171,38.959694953504915,14.237540104343005,571.0,2658086.25,False,False,False,False,0,-0.10078806968996279
2021-07-15,515.4000244140625,519.2999877929688,512.0,513.7999877929688,1493932,524.3208168426972,534.4178088672976,39.25011235558201,13.742000653530559,565.4500122070312,2634420.3,False,False,False,False,0,-0.09134321920423194
2021-07-16,516.2000122070312,516.2000122070312,508.2999877929688,512.4000244140625,1864018,523.1855032780654,533.5543663397198,38.4617985381521,13.324716636425693,554.25,2619163.3,False,False,False,False,0,-0.07550739844102394
2021-07-19,509.9500122070313,516.4000244140625,504.0,506.5,2729557,521.5964077277735,532.4934107969857,35.248706025218226,13.25866719197118,553.5999755859375,2437118.45,False,False,False,True,1,-0.0850794394202895
2021-07-20,510.1499938964844,510.1499938964844,479.0,490.2000122070313,5964588,518.6062748210361,530.8348461463993,28.231739130328293,14.536619099436408,553.5999755859375,2447235.55,False,False,False,True,1,-0.114523060286993
2021-07-22,499.0,499.7000122070313,487.5,494.75,2727010,516.3342486476041,529.4197541406581,32.284068538538435,14.369718607121758,547.2999877929688,2630226.6,False,False,False,True,1,-0.09601678963100435
2021-07-23,498.0,505.8500061035156,491.1000061035156,499.0499877929688,2614875,514.6881285662103,528.228782911337,35.963987656165116,14.396881563755919,536.9000244140625,2680079.45,False,False,False,False,0,-0.07049736431359033
2021-07-26,499.9500122070313,505.75,487.7999877929688,491.7000122070313,1356309,512.4987841510504,526.7962820994035,32.69350221923243,14.650676609704153,536.9000244140625,2721815.05,False,False,False,False,0,-0.0841870183491974
2021-07-27,492.0,496.6000061035156,481.2999877929688,483.5499877929688,1947895,509.74175592647117,525.1003489893473,29.490985791792482,14.697058159764342,536.9000244140625,2654609.6,False,False,False,False,0,-0.09936679864992826
2021-07-28,485.0,485.0,470.0499877929688,481.1000061035156,4841574,507.01397022904683,523.3748453467657,28.584524011822367,14.71512630599769,532.75,2597496.2,False,False,False,True,1,-0.09694977737491206
2021-07-29,484.0,495.5,481.2000122070313,487.1499938964844,2689089,505.12216295927897,521.9542629369507,33.98094535986094,14.692616848175309,532.75,2711173.1,False,False,False,False,0,-0.08559362947633153
2021-07-30,491.0,491.0,470.5,475.75,4265725,502.3248141060143,520.1423310570704,29.46314150244605,15.1074299304485,532.75,2730545.2,False,False,False,True,1,-0.10699202252463635
2021-08-02,473.6499938964844,528.9000244140625,470.0,526.4500122070312,15993336,504.62245202039685,520.3896911021668,56.90474551472001,18.235472393563786,532.75,2707889.05,False,False,True,True,2,-0.011825411155267473
2021-08-03,522.9000244140625,527.9500122070312,512.0499877929688,516.6500244140625,4123446,505.7679351055079,520.2430375065549,52.64165032752789,18.068654680742267,532.75,3359554.6,False,False,True,True,2,-0.030220507904152982
2021-08-04,521.5,524.2999877929688,514.0,516.6500244140625,2902476,506.80432456346546,520.1021350323394,52.641650327527884,17.51374990304416,532.75,3455939.25,False,False,True,False,1,-0.030220507904152982
2021-08-05,519.0,541.9000244140625,511.25,539.6500244140625,7908981,509.93248645399854,520.8687189296619,60.663030672016035,18.452055225259755,530.5,3368655.1,False,True,True,True,2,0.017247925379948237
2021-08-06,536.0,539.5,522.5999755859375,528.7999877929688,1977456,511.72939134342425,521.1797490811641,55.85667729122069,18.351911911178703,541.9000244140625,3631440.8,False,False,True,False,1,-0.024174268372211927
2021-08-09,527.3499755859375,531.9500122070312,514.7000122070312,520.7000122070312,1440944,512.5837361875773,521.1609358704138,52.511760179417976,18.273203917523084,541.9000244140625,3616499.55,False,False,True,False,1,-0.039121629916798906
2021-08-10,523.0,525.0999755859375,506.1000061035156,510.5,1298084,512.3852851220937,520.742859953927,48.567566177257234,18.325115743587283,541.9000244140625,3560290.5,False,False,False,False,0,-0.05794431260270605
2021-08-11,509.0,512.0,494.0499877929688,501.5499877929688,1868551,511.3533520431294,519.9901983005561,45.3488990818903,18.298322633833276,541.9000244140625,3548528.15,False,False,False,False,0,-0.07446029673964816
2021-08-12,503.0,516.5,498.3500061035156,512.0,1556728,511.41493756283137,519.6768571907304,49.55273001840161,18.28772772402264,541.9000244140625,3549827.7,False,False,False,False,0,-0.05517627434394812
2021-08-13,513.7000122070312,516.9000244140625,498.8500061035156,503.3500061035156,1006725,510.64684885242036,519.0365885206436,46.37296602062992,18.270748480202943,541.9000244140625,3578228.7,False,False,False,False,0,-0.07113861703960922
2021-08-16,501.6000061035156,510.0499877929688,499.1000061035156,501.2000122070313,1248147,509.74715012428805,518.3371149397176,45.58989349180667,17.747836566577963,541.9000244140625,3553868.35,False,False,False,False,0,-0.07510612728065236
2021-08-17,503.0,515.1500244140625,501.0,509.3500061035156,2765237,509.7093268842145,517.9846792990822,49.09878547402655,17.49084998425543,541.9000244140625,3523074.8,False,False,False,False,0,-0.06006646400457738
2021-08-18,511.2999877929688,512.9500122070312,502.6000061035156,506.75,1844951,509.427486228575,517.5441036402947,48.0345303754533,16.980789707059728,541.9000244140625,3524858.8,False,False,False,False,0,-0.06486440824960105
2021-08-20,504.7000122070313,506.5,483.2000122070313,485.1000061035156,2782529,507.11058335952174,516.2717860898327,40.21725352141935,17.45001814176751,541.9000244140625,3318876.95,False,False,False,False,0,-0.10481641585449775
2021-08-23,487.0,494.7000122070313,472.5,484.2000122070313,1719618,504.9286242021417,515.0140694669778,39.92636393483882,17.789303432143498,541.9000244140625,3321652.9,False,False,False,False,0,-0.10647722754657596
2021-08-24,486.2000122070313,514.5999755859375,478.5,510.1000061035156,4717280,505.4211367641773,514.8213610997833,50.926697039740915,19.097208585985925,541.9000244140625,3276890.05,False,False,True,True,2,-0.05868244487519836
2021-08-25,510.0,513.5499877929688,503.5,510.9500122070313,1858112,505.9476963301634,514.669543496146,51.24225027470676,18.450978529341842,541.9000244140625,3444938.6,False,False,True,False,1,-0.05711387859872563
2021-08-26,511.0,533.5999755859375,510.3500061035156,530.75,6374214,508.30982048919543,515.3001496335521,58.014785665941325,18.79376359741899,541.9000244140625,3440449.45,False,False,True,True,2,-0.020575796109473576
2021-08-27,531.9500122070312,534.75,520.25,524.7999877929688,2373228,509.8803126133643,515.6726923064704,55.5191122102415,18.487066197603347,541.9000244140625,3517081.45,False,False,True,False,1,-0.03155570372889982
2021-08-30,526.0,549.9500122070312,524.5999755859375,548.2000122070312,3667059,513.5298078127612,516.9482734790414,62.37426577968072,18.977278370709808,541.9000244140625,3501288.4,False,True,True,True,2,0.011625738160430332
2021-08-31,547.0,557.4500122070312,538.0,554.0499877929688,5252586,517.3888725727809,518.403242667823,63.873243374373956,19.011045073304196,549.9500122070312,3471355.1,False,True,True,True,2,0.007455178643389182
2021-09-01,554.0,576.0,551.4000244140625,568.8499755859375,3711331,522.2899300026053,520.3815459195137,67.41059752762054,19.410254395635146,557.4500122070312,2934317.6,True,True,True,True,2,0.020450198455951307
2021-09-02,567.0,588.2999877929688,565.5,582.8499755859375,2429494,528.0575533914941,522.8312882593734,70.36646150097238,19.652378209730404,576.0,2913711.85,True,True,True,False,1,0.011892318725585938
2021-09-03,582.8499755859375,598.5999755859375,568.0,571.4500122070312,2631645,532.1901685167834,524.7379048847719,65.18208648978481,20.434349450888053,588.2999877929688,2890062.75,True,False,True,False,1,-0.028641808491533194
2021-09-06,570.0,579.1500244140625,568.2000122070312,570.8499755859375,1397164,535.8720549043219,526.5462213828569,64.91099993410367,19.75689679061257,598.5999755859375,2626195.95,True,False,True,False,1,-0.04635817095187322
2021-09-07,572.0,580.75,561.75,574.4500122070312,1525560,539.5461460760084,528.4248014151774,65.82922345858682,19.702832734140244,598.5999755859375,2597181.35,True,False,True,False,1,-0.04034407678561491
2021-09-08,578.5,583.7999877929688,566.9000244140625,577.0999755859375,1467068,543.1227012674302,530.3336317748151,66.5236607274764,19.50262778019496,598.5999755859375,2601412.15,True,False,True,False,1,-0.03591714145820801
2021-09-09,577.0,577.0,560.4000244140625,568.25,1416634,545.5157773371988,531.8205481758027,61.99255115208492,19.30243659388639,598.5999755859375,2609861.35,True,False,True,False,1,-0.050701598435966444
2021-09-13,567.9000244140625,588.7000122070312,560.1500244140625,584.4000244140625,2602977,549.2190389635667,533.8824884204404,66.47953269627106,19.962975965249417,598.5999755859375,2587265.5,True,False,True,True,2,-0.023721937439064256
2021-09-14,590.0,595.0,579.4500122070312,581.25,2256309,552.2696066813223,535.7400378941486,64.87088548815035,19.647762524372226,598.5999755859375,2639577.95,True,False,True,False,1,-0.028984257089142984
2021-09-15,582.5,583.8499755859375,577.5,580.0,1023993,554.9105965211963,537.4757226826134,64.20693519303018,18.69792060019832,598.5999755859375,2702057.15,True,False,True,False,1,-0.031072462987875915
2021-09-16,582.5999755859375,617.7999877929688,578.5,609.4000244140625,5400892,560.1000658443264,540.2962835348271,71.57574293792172,20.16949682825335,598.5999755859375,2690849.45,True,True,True,True,2,0.018042180535596364
2021-09-17,613.8499755859375,620.75,591.7000122070312,606.8499755859375,3593022,564.5524382006704,542.9062322427138,70.2252963611166,20.803817611447307,617.7999877929688,2822632.2,True,False,True,True,2,-0.017724202692442792
2021-09-20,600.0,606.5499877929688,582.0,587.3499755859375,1397415,566.7236322373625,544.6491241385265,60.7813655793225,21.092828895339466,620.75,2910035.75,True,False,True,False,1,-0.05380591931383405
2021-09-21,584.0,591.1500244140625,564.5999755859375,578.3499755859375,2632441,567.8309030324649,545.970726156072,56.97314586882076,21.48263031910986,620.75,2840780.05,True,False,True,False,1,-0.06830450972865487
2021-09-22,577.0,586.0,568.8499755859375,571.0499877929688,2939574,568.1374825334653,546.9542266124209,54.01686801073569,21.173158468749335,620.75,2886421.2,True,False,True,True,2,-0.08006445784459326
2021-09-23,573.0999755859375,602.0,573.0,585.9500122070312,3186741,569.8339139309479,548.4834731063272,58.724640281637775,21.871505164340903,620.75,2797535.9,True,False,True,True,2,-0.05606119660566855
2021-09-24,591.0,597.4000244140625,574.0,576.0999755859375,1829086,570.4306817076136,549.5664732035668,54.73513846089219,21.980685110749587,620.75,2863967.35,True,False,True,False,1,-0.07192915733236005
2021-09-27,578.0,581.8499755859375,568.9000244140625,572.1500244140625,2072323,570.5944286320373,550.452102662802,53.175065529738276,21.33563268654426,620.75,2636710.95,True,False,True,False,1,-0.07829234891008863
2021-09-28,575.0,576.9000244140625,551.0499877929688,554.75,1920986,569.0854354289862,550.6206476564175,46.841448355493526,21.65809011044065,620.75,2621665.7,True,False,False,False,0,-0.10632299637535236
2021-09-29,554.0,577.8499755859375,544.0999755859375,573.4500122070312,4750941,569.5011094078476,551.5159168544808,53.281761064946146,22.52179795969489,620.75,2534362.05,True,False,True,True,2,-0.07619812773736412
2021-09-30,578.0,580.5999755859375,562.0,564.25,1727522,569.0010037499572,552.015292664109,50.06791884375933,22.24166779014079,620.75,2509279.8,True,False,True,False,1,-0.09101892871526385
2021-10-01,564.0,568.0,556.0,558.6500244140625,858829,568.0151961941577,552.2754782229307,48.163567644269556,21.51012009084502,620.75,2410089.35,True,False,False,False,0,-0.1000402345323198
2021-10-04,560.5999755859375,573.1500244140625,559.25,564.3499755859375,2246455,567.6661275648033,552.7489879234408,50.23825559873415,21.009397227213235,620.75,2331556.1,True,False,True,False,1,-0.09085787259615385
2021-10-05,564.0,567.1500244140625,555.5,558.75,1954471,566.8169725586315,552.9843217303647,48.197270618745605,20.34087059770247,620.75,2312296.6,True,False,False,False,0,-0.09987917841320981
2021-10-06,560.7000122070312,582.5499877929688,557.2000122070312,560.25,2205904,566.1915466006666,553.2692502899583,48.79732104749333,20.698663811147828,620.75,2340161.95,True,False,False,False,0,-0.0974627466774064
2021-10-07,565.9000244140625,586.5499877929688,563.0499877929688,583.8499755859375,2592321,567.8733017421209,554.4684944192124,57.19783443950268,21.098758381277893,620.75,2374179.15,True,False,True,True,2,-0.059444260030708795
2021-10-08,585.0,585.2999877929688,568.0,569.0999755859375,1462742,567.9901278224844,555.0422779943782,51.50972992998471,20.8274176249701,620.75,2430441.8,True,False,True,False,1,-0.08320583876610954
2021-10-11,566.0,580.0999755859375,566.0,570.3499755859375,1104683,568.2148752285276,555.6425798607138,51.94586540903748,20.346886050753486,620.75,2432747.2,True,False,True,False,1,-0.08119214565293997
2021-10-12,571.75,576.7000122070312,566.6500244140625,573.0999755859375,1139526,568.6801228816142,556.3271836146441,52.948511230561934,19.611393318054578,620.75,2357832.5,True,False,True,False,1,-0.07676202080396699
2021-10-13,576.1500244140625,600.4000244140625,573.1500244140625,594.5,2968636,571.1391587976509,557.8241568062267,59.95130607776082,20.160582997345323,620.75,2301993.35,True,False,True,True,2,-0.04228755537656059
2021-10-14,596.0,609.9500122070312,586.25,594.0,3279153,573.3163817693032,559.2428173236295,59.72763297787765,20.413399369465747,620.75,2399225.5,True,False,True,True,2,-0.0430930326218284
2021-10-18,594.0,610.0,586.9000244140625,598.75,2760568,575.7386311246077,560.7921186050559,61.20831578013222,20.6052976706423,620.75,2293138.55,True,False,True,True,2,-0.035440998791784084
2021-10-19,600.5,634.0,588.9500122070312,608.25,4247224,578.8349519698832,562.6532119930929,64.0548101965565,22.35134696509419,610.0,2251515.85,True,False,True,True,2,-0.0028688524590163578
2021-10-20,610.2999877929688,616.0999755859375,590.0499877929688,594.7999877929688,2395624,580.3554315720818,563.9138698675978,57.60942339394625,22.61553559565666,634.0,2394006.3,True,False,True,True,2,-0.06182967225083791
2021-10-21,600.7000122070312,623.9000244140625,592.0,614.1500244140625,4177273,583.573964223699,565.8839151439297,63.326720727299126,23.278713368399934,634.0,2382165.45,True,False,True,True,2,-0.03130910975699919
2021-10-22,614.0,620.2999877929688,594.2000122070312,598.4000244140625,3648203,584.9859699561146,567.1590566839349,56.6315266006518,23.480232098224047,634.0,2444050.4,True,False,True,True,2,-0.05615138105037465
2021-10-25,600.0,602.2000122070312,561.25,577.2999877929688,2083330,584.2539716548625,567.5567402568382,49.13658162764051,24.728073534567418,634.0,2467123.5,True,False,False,False,0,-0.08943219591014395
2021-10-26,578.4500122070312,611.75,578.3499755859375,604.9000244140625,3596997,586.220262393834,569.0211827728078,57.129104187311356,25.422497725457692,634.0,2479835.7,True,False,True,True,2,-0.04589901511977523
2021-10-27,607.0,631.25,603.2999877929688,623.5,3816610,589.7707135944213,571.1576069777958,61.51771054152893,25.60303447414152,634.0,2556069.4,True,False,True,True,2,-0.016561514195583604
2021-10-28,622.0,630.0,603.5,609.0,1790909,591.6020742044764,572.6416223904313,56.649178868652555,25.667103440274268,634.0,2650850.6,True,False,True,False,1,-0.039432176656151396
2021-10-29,609.0,634.0499877929688,588.75,614.75,3373992,593.8066385659548,574.2929313162967,58.06642174978165,27.06945232260959,634.0,2502849.0,True,False,True,True,2,-0.030362776025236626
2021-11-01,630.0,631.7000122070312,554.2000122070312,588.6500244140625,11275046,593.3155324562508,574.8559545750327,50.065461389980314,30.671634299566048,634.0499877929688,2585172.5,True,False,True,True,2,-0.07160312948973724
2021-11-02,588.0,613.5499877929688,586.0,609.7999877929688,2877599,594.8854805835573,576.2263088188733,55.42538783371088,30.448659549094813,634.0499877929688,3105983.35,True,False,True,False,1,-0.03824619583135791
2021-11-03,605.0,617.0,605.0,612.8499755859375,2025687,596.5963848694983,577.6625310450328,56.15625523902471,29.1308981527309,634.0499877929688,3137540.55,True,False,True,False,1,-0.03343586880401217
2021-11-04,615.7999877929688,619.0,609.5499877929688,615.0499877929688,228055,598.3538708622098,579.1287058194617,56.70766406514066,27.725120585180925,634.0499877929688,3141101.35,True,False,True,False,1,-0.029966091579208265
2021-11-08,615.0,642.4000244140625,614.5499877929688,638.2999877929688,2932399,602.1582629508536,581.4491482497954,62.12844394347043,27.7340431591747,634.0499877929688,3042208.9,True,True,True,False,1,0.006702941537454432
2021-11-09,640.0,651.4500122070312,635.0,640.0,2148352,605.7622379079152,583.7452600831367,62.49820112589713,26.92804094830731,642.4000244140625,3059212.8,True,False,True,False,1,-0.0037360278998301855
2021-11-10,631.0,652.7000122070312,631.0,647.6500244140625,1771230,609.7515509085006,586.2513292725848,64.19243634866788,26.554610323930447,651.4500122070312,3093493.3,True,False,True,False,1,-0.0058331226061303365
2021-11-11,647.6500244140625,659.9500122070312,632.0999755859375,639.5,3057739,612.5847365362624,588.3395124383659,61.02914174490053,26.647140773727827,652.7000122070312,3126820.65,True,False,True,False,1,-0.020223704550574317
2021-11-12,644.9000244140625,667.4000244140625,639.5,662.4000244140625,3233137,617.3290496674815,591.2438462413344,66.08615945175063,26.73663246232316,659.9500122070312,3222731.3,True,True,True,True,2,0.003712420882966194
2021-11-15,663.0,665.0,632.0,648.3499755859375,3210559,620.2834235644773,593.483302294064,60.8674160810619,27.184015857871508,667.4000244140625,3235956.35,True,False,True,False,1,-0.028543674155316112
2021-11-16,646.0499877929688,654.0,640.0,643.8499755859375,2071850,622.5278570903307,595.4584659525688,59.253471599903534,26.242300439452116,667.4000244140625,3232526.65,True,False,True,False,1,-0.03528625706719224
2021-11-17,642.0,644.3499755859375,623.0,626.3499755859375,2422452,622.8918683756266,596.669897702897,53.33111434212933,25.892848664201072,667.4000244140625,3198090.75,True,False,True,False,1,-0.06150741283559957
2021-11-18,625.0499877929688,634.2999877929688,612.75,617.2999877929688,1783991,622.3593083201354,597.478920843684,50.51901717559909,25.582644316255905,667.4000244140625,3106852.15,True,False,True,False,1,-0.075067477956835
2021-11-22,617.9500122070312,622.0999755859375,588.0,595.4000244140625,1717703,619.7917574719379,597.3973954935028,44.41569611624369,26.19102512123316,667.4000244140625,3076270.5,True,False,False,False,0,-0.10788132659001881
2021-11-23,585.4000244140625,610.7999877929688,585.4000244140625,606.2000122070312,2528257,618.4973055419467,597.7425961489353,47.767051072151716,26.13452071106695,667.4000244140625,2953292.0,True,False,False,False,0,-0.09169914589194272
2021-11-24,606.25,609.5,585.2000122070312,590.5999755859375,1930305,615.8404169747078,597.4624933817589,43.671146003276114,26.00348264548851,667.4000244140625,2897294.7,True,False,False,False,0,-0.11507348819106034
2021-11-25,591.0,595.5,578.25,584.3499755859375,1399436,612.8413273186344,596.9482769976091,42.11310875420729,25.378233885096474,667.4000244140625,2889643.45,True,False,False,False,0,-0.12443818667977724
2021-11-26,581.6500244140625,582.9000244140625,536.7999877929688,544.7999877929688,5101440,606.3611997447615,594.9032460484076,33.87673853267171,26.961930592801636,667.4000244140625,2779765.4,True,False,False,True,1,-0.1836979804259511
2021-11-29,544.7999877929688,558.0,524.0499877929688,542.2000122070312,3844070,600.2506104554539,592.8364525644321,33.414085159933705,27.46107927953232,667.4000244140625,2844006.9,True,False,False,True,1,-0.18759365841640385
2021-11-30,541.0,565.0499877929688,540.0,550.5,3525992,595.512457078744,591.1761995226897,36.400175382555226,27.288858459063494,667.4000244140625,2946664.95,True,False,False,True,1,-0.17515735711381453
2021-12-01,554.0,570.0,550.2999877929688,559.2999877929688,1646944,592.0636504800987,589.9261520038771,39.49815443330399,26.746798012489762,667.4000244140625,2954264.95,True,False,False,False,0,-0.16197187993212792
2021-12-02,560.0499877929688,568.6500244140625,556.9000244140625,566.6500244140625,1346915,589.6433051404762,589.0133626866294,42.03772395363121,25.675598154454782,667.4000244140625,2472859.85,True,False,False,False,0,-0.15095893963811657
2021-12-03,566.6500244140625,575.4000244140625,560.0499877929688,567.8499755859375,1807177,587.5677499448058,588.1834259375827,42.46234585375879,24.938058044928997,667.4000244140625,2396325.65,False,False,False,False,0,-0.1491609906899899
2021-12-06,572.4000244140625,572.4000244140625,553.0999755859375,555.5499877929688,654349,584.5184392636785,586.9036832652449,39.28537215300796,24.535343100871568,667.4000244140625,2385400.15,False,False,False,False,0,-0.16759069902535806
2021-12-07,558.0,571.5,558.0,562.3499755859375,1190150,582.4071570086555,585.9407927680172,41.87456265973069,23.922105179882973,667.4000244140625,2406714.85,False,False,False,False,0,-0.1574019253600608
2021-12-08,565.0,574.1500244140625,560.5,568.1500244140625,1098677,581.0493348567895,585.2431155776661,44.06563919627525,23.18838512518151,667.4000244140625,2319602.4,False,False,False,False,0,-0.1487114120008245
2021-12-09,571.0,582.3499755859375,567.0,577.5999755859375,2744483,580.7208244500417,584.9433845975984,47.535705326534476,22.628498729521226,667.4000244140625,2267118.65,False,False,False,True,1,-0.13455206104759154
2021-12-10,570.0,581.7999877929688,570.0,579.7999877929688,929205,580.6331257207967,584.7416827621228,48.339231711321,21.85503366262462,667.4000244140625,2315781.3,False,False,False,False,0,-0.13125566888913642
2021-12-13,582.5,589.0,576.7999877929688,579.0499877929688,1506845,580.4823506800511,584.5184790378422,48.06894682201433,21.16538927293938,667.4000244140625,2209354.6,False,False,False,False,0,-0.1323794327077824
2021-12-14,561.0,579.1500244140625,552.6500244140625,554.9500122070312,4027319,578.0506993969065,583.3589313189868,40.27589979234143,21.546432896300853,665.0,2123040.0,False,False,False,True,1,-0.16548870344807332
2021-12-15,546.0,559.0,538.0,541.8499755859375,2809173,574.6030114149094,581.7311291333772,36.78487770040841,21.507401975136506,654.0,2163878.0,False,False,False,True,1,-0.1714832177585054
2021-12-16,546.8499755859375,554.0,540.5999755859375,545.75,1464659,571.8551055658704,580.32010446148,38.49411942333687,20.928303577916935,644.3499755859375,2200744.15,False,False,False,False,0,-0.15302239360880854
2021-12-17,542.0999755859375,545.4500122070312,507.1000061035156,510.3500061035156,4467775,565.9974770456462,577.5761790356775,30.446895819324624,22.19413860067175,634.2999877929688,2152854.5,False,False,False,True,1,-0.1954122403828732
2021-12-20,502.5,503.3500061035156,469.25,492.7999877929688,4183887,559.0262875930102,574.2516225163555,27.389859779309845,23.54455770801774,622.0999755859375,2287043.7,False,False,False,True,1,-0.2078443865412225
2021-12-21,498.6499938964844,518.5999755859375,490.1499938964844,505.0,3193783,553.8809268698665,571.5358726137533,32.46614975611058,23.89494513526313,610.7999877929688,2410352.9,False,False,False,True,1,-0.17321543861724786
2021-12-22,510.0,516.4500122070312,505.0,513.0,1546546,549.9875052632125,569.2403481975277,35.643436410879744,23.006021354675138,609.5,2443629.2,False,False,False,False,0,-0.1583264971287941
2021-12-23,516.0,541.7999877929688,516.0,539.6500244140625,3109272,549.0029832775791,568.0799433432742,44.93708770655985,23.419876100267537,595.5,2424441.25,False,False,False,True,1,-0.09378669283952557
2021-12-24,541.0,542.0,517.6500244140625,520.0499877929688,1838454,546.2455551361877,566.1964156746347,40.32486371649089,23.48631177781539,589.0,2509933.05,False,False,False,False,0,-0.11706283906117365
2021-12-27,515.5,530.0,510.0499877929688,526.75,1231611,544.3888355994079,564.6494974128843,42.49754126601515,23.233718951330804,589.0,2346783.75,False,False,False,False,0,-0.1056876061120543
2021-12-28,527.9500122070312,535.25,519.7000122070312,523.0,1067068,542.3518036375596,563.0161837888496,41.58494570248027,22.6848810114478,589.0,2216160.8,False,False,False,False,0,-0.11205432937181659
2021-12-29,525.4000244140625,525.4000244140625,513.4500122070312,517.2999877929688,1190639,539.9659164142652,561.2233917890112,40.172811483337526,21.91810466827519,589.0,2093214.6,False,False,False,False,0,-0.12173176945166597
2021-12-30,519.7000122070312,519.7000122070312,504.25,508.7000122070313,1876161,536.9882112516715,559.1636514132473,38.07216244725795,21.456098063900626,589.0,2070399.35,False,False,False,False,0,-0.13633274667736617
2021-12-31,512.25,522.5999755859375,510.0,520.4000244140625,1206300,535.408383933804,557.6435091779852,42.47894758073286,20.916374157829598,589.0,2096861.65,False,False,False,False,0,-0.11646854938189732
2022-01-03,521.0,539.3499755859375,519.3499755859375,537.25,1873169,535.5837759401084,556.843763720025,48.19629314102709,20.85091886084177,589.0,2066817.8,False,False,False,False,0,-0.08786078098471983
2022-01-04,540.0,547.7000122070312,535.25,546.0499877929688,1821625,536.5805580213332,556.4204783895522,50.93895274647589,20.250854099855303,589.0,2127758.8,False,False,True,False,1,-0.07292022446015489
2022-01-05,546.0,571.0499877929688,542.25,568.0,4130279,539.5728858288253,556.8745772762364,57.04748721168193,20.861506506506263,589.0,2159332.55,False,False,True,True,2,-0.035653650254668934
2022-01-06,560.0,566.7999877929688,553.2999877929688,564.9000244140625,1867316,541.9849942655146,557.1893006934062,55.98726318134394,20.421399770829474,589.0,2310912.65,False,False,True,False,1,-0.0409167666993846
2022-01-07,565.5,577.9500122070312,565.5,574.8499755859375,2641127,545.1149924865073,557.8818761793879,58.64399123558066,19.894870343839422,589.0,2267054.3,False,False,True,True,2,-0.024023810550190983
2022-01-10,575.0,579.5,560.0999755859375,561.1500244140625,1322019,546.6421383843697,558.0100388552576,53.826228269412915,19.859524205998213,589.0,2352650.4,False,False,True,False,1,-0.047283489959146885
2022-01-11,562.0,581.5499877929688,551.4000244140625,579.25,3378759,549.7476490144297,558.8429785079926,58.65850442619732,20.594555575491643,579.5,2343409.1,False,False,True,True,2,-0.00043140638481453664
2022-01-12,582.0,602.0,579.25,598.4500122070312,3385873,554.385969318487,560.396195515798,63.07324999493942,20.748515891527955,581.5499877929688,2310981.1,False,True,True,True,2,0.02906031255919972
2022-01-13,596.0,601.5,585.5,589.4000244140625,1103090,557.7206412323513,561.5336005706318,59.83007619045344,20.409336184990245,602.0,2339816.1,False,False,True,False,1,-0.02093019200321844
2022-01-14,591.0,594.3499755859375,582.25,586.2000122070312,1443887,560.432962277559,562.5009108308828,58.68109855726809,19.81581042791505,602.0,2321737.65,False,False,True,False,1,-0.026245826898619207
2022-01-17,587.0,604.7999877929688,587.0,600.7000122070312,1705243,564.2679194136992,563.9989148064182,62.22139021302769,19.728965082059513,602.0,2170543.25,True,False,True,False,1,-0.002159448161077604
2022-01-18,609.0,626.0,604.4000244140625,612.4500122070312,7751596,568.8566901559213,565.8989578417363,64.84968483433087,20.126895275695887,604.7999877929688,2046611.05,True,True,True,True,2,0.01264885014627537
2022-01-19,610.0,614.6500244140625,591.9000244140625,612.0999755859375,2341966,572.9750982921134,567.7107624591561,64.70526461795842,20.314259898860467,626.0,2274501.7,True,False,True,True,2,-0.022204511843550323
2022-01-20,612.0,652.3499755859375,608.1500244140625,649.1500244140625,9235083,580.2298531608706,570.9044590064073,71.85094945425956,22.02038070407579,626.0,2314272.7,True,True,True,True,2,0.03698086967102632
2022-01-21,645.0,664.75,631.0,654.1500244140625,6704600,587.2698694706984,574.1689909831781,72.65552966373308,22.858210653784663,652.3499755859375,2620563.25,True,True,True,True,2,0.002759329953999412
2022-01-24,660.0,674.9000244140625,625.2000122070312,643.4000244140625,8279847,592.6155985129236,576.8839334706637,68.14563127218292,24.775482193302278,664.75,2863870.55,True,False,True,True,2,-0.03211730061818352
2022-01-25,643.0,664.3499755859375,630.0999755859375,643.5999755859375,5186341,597.4712534722584,579.5002488477332,68.18518866037923,25.45223346520926,674.9000244140625,3216282.35,True,False,True,True,2,-0.04637731174376414
2022-01-27,634.0,659.0,630.7000122070312,654.9000244140625,3916323,602.9406602286207,582.4571027915109,70.42075106946099,25.655644488620652,674.9000244140625,3422246.0,True,False,True,True,2,-0.02963401878280225
2022-01-28,660.7999877929688,672.6500244140625,638.0,640.0499877929688,3577840,606.4748819014158,584.7156473013721,64.05109620595498,26.298100197580787,674.9000244140625,3558530.2,True,False,True,True,2,-0.05163733199054188
2022-01-31,645.2000122070312,648.5999755859375,627.2000122070312,629.5,3001896,608.6677502917571,586.4718964268086,59.90546372402709,25.948233281961176,674.9000244140625,3643614.15,True,False,True,False,1,-0.0672692588113003
2022-02-01,635.7999877929688,660.0,635.5499877929688,653.9500122070312,2408748,612.9803466646404,589.1180970456409,65.48152611772218,26.273359476106805,674.9000244140625,3733393.95,True,False,True,False,1,-0.03104165276215498
2022-02-02,642.0,651.5999755859375,622.5999755859375,639.2000122070312,7515581,615.4774576686776,591.0820937186367,60.05537440767995,26.635979272177302,674.9000244140625,3760172.9,True,False,True,True,2,-0.052896741614471665
2022-02-03,639.2000122070312,645.5,630.0,642.75,2271472,618.074842652613,593.1082861218274,60.895263660866654,25.840552181307498,674.9000244140625,4044870.7,True,False,True,False,1,-0.047636721367693924
2022-02-04,645.25,680.0,643.5499877929688,675.7000122070312,4779062,623.5629540387481,596.347177340855,67.68665802361606,26.655512739785532,674.9000244140625,3951930.35,True,True,True,True,2,0.0011853426641423859
2022-02-07,682.0,682.0,646.8499755859375,650.0999755859375,4384201,626.0902894241948,598.4551302132111,59.09891939695481,27.26226357366246,680.0,4097517.65,True,False,True,True,2,-0.0439706241383272
2022-02-08,645.0,667.3499755859375,644.25,657.5,2630525,629.0816904314144,600.770615302889,60.652969297197785,26.964957288824962,682.0,4184671.35,True,False,True,False,1,-0.03592375366568912
2022-02-09,664.0,684.4000244140625,660.5,682.9500122070312,2574872,634.212006790997,603.9933367501103,65.5069819013616,26.96031922634193,682.0,4250096.65,True,True,True,False,1,0.0013929797757057383
2022-02-10,685.0,698.3499755859375,673.5999755859375,690.75,4068283,639.5965775728068,607.3955588383413,66.856497617923,26.80243928160322,684.4000244140625,4209902.3,True,True,True,False,1,0.009278163879923751
2022-02-11,680.0,692.0,673.6500244140625,680.3499755859375,2487787,643.4778535740575,610.2565163578549,63.3003639516256,26.198691874769953,698.3499755859375,4244022.8,True,False,True,False,1,-0.02577504206955461
2022-02-14,660.0,673.0,653.5,660.0,2172447,645.0513913289092,612.2072412065666,56.92042125960393,26.245212139853347,698.3499755859375,4313257.65,True,False,True,False,1,-0.054915124116329594
2022-02-15,665.3499755859375,673.0,643.5499877929688,671.1500244140625,2659020,647.5369754322571,614.5187229009782,59.338605826736156,26.474126430366056,698.3499755859375,4349685.65,True,False,True,False,1,-0.038948882541383956
2022-02-16,675.0,695.9000244140625,666.1500244140625,669.75,3993552,649.6525015815661,616.684655336234,58.89159730225145,26.708117399625625,698.3499755859375,4397374.5,True,False,True,False,1,-0.04095364299532078
2022-02-17,676.9000244140625,679.7000122070312,666.1500244140625,675.7000122070312,1384998,652.1332168792295,618.9989830566574,60.26170475930784,25.768250999150137,698.3499755859375,4209472.3,True,False,True,False,1,-0.032433542164732265
2022-02-18,672.0,683.4500122070312,670.0499877929688,673.0999755859375,1074862,654.1300510417731,621.1205906068253,59.33112647553891,24.88480624307245,698.3499755859375,4161623.9,True,False,True,False,1,-0.036156656236458584
2022-02-21,670.0,681.9500122070312,660.5999755859375,674.1500244140625,1251311,656.0367151724672,623.2001762463249,59.60244614647421,24.6323226986454,698.3499755859375,3753612.85,True,False,True,False,1,-0.03465304219645815
2022-02-22,664.1500244140625,701.0,649.8499755859375,691.5999755859375,6128200,659.4236923547026,625.8825213184665,63.91128242694617,26.52644424974662,698.3499755859375,3480948.4,True,False,True,True,2,-0.009665640776083007
2022-02-23,697.9500122070312,703.9000244140625,681.75,684.2999877929688,2788938,661.7928633488231,628.1734023566822,60.980983346760326,26.213842832912043,701.0,3373366.05,True,False,True,False,1,-0.023823127256820564
2022-02-24,663.0,676.75,643.0,647.8499755859375,2982071,660.4649692761673,628.9450326793982,48.920036206875174,27.291424615773238,703.9000244140625,3253495.9,True,False,False,False,0,-0.07962785464424715
2022-02-25,659.0,688.4500122070312,657.0,683.7999877929688,1632149,662.6873519920531,631.0962073897343,57.78774784103547,28.242039759010417,703.9000244140625,3206783.3,True,False,True,False,1,-0.028555243534513775
2022-02-28,680.0,693.0,668.0,690.9500122070312,2217246,665.3790339172891,633.4434154217852,59.3010893090932,28.010465490509674,703.9000244140625,3109498.75,True,False,True,False,1,-0.01839751634873299
2022-03-02,680.0,697.7999877929688,668.2999877929688,679.4500122070312,2401524,666.7191270877407,635.2475956878732,55.833946472623595,28.116860812616128,703.9000244140625,3070266.25,True,False,True,False,1,-0.034735063729233184
2022-03-03,695.0,695.0,673.0999755859375,675.9000244140625,1614018,667.5934982616761,636.8418085790963,54.76940932118004,27.6728010698623,703.9000244140625,3069905.05,True,False,True,False,1,-0.039778376230783064
2022-03-04,669.9500122070312,673.9500122070312,644.0999755859375,658.5,2507093,666.7274508081831,637.6911494191319,49.76142472691443,27.967604481166777,703.9000244140625,2774826.9,True,False,False,False,0,-0.06449783042961843
2022-03-07,647.0999755859375,648.0,596.0,607.2999877929688,3684167,661.0676924257817,636.4993391592823,38.582097838465344,30.43420416108344,703.9000244140625,2786607.95,True,False,False,True,1,-0.13723545002218906
2022-03-08,607.2999877929688,621.5499877929688,595.0999755859375,615.5499877929688,2672403,656.7326729369423,635.6777959684465,40.88660120465866,30.149619021508283,703.9000244140625,2731863.2,True,False,False,False,0,-0.12551503559704758
2022-03-09,621.0999755859375,644.7000122070312,613.2999877929688,640.5,3413357,655.186704085805,635.8669020088996,47.32381825928801,30.238933692405013,703.9000244140625,2646273.3,True,False,False,True,1,-0.09006964372083615
2022-03-10,647.8499755859375,675.7000122070312,647.8499755859375,670.4500122070312,2425990,656.6403524783028,637.2231024088264,53.824183129375925,30.593296443449745,703.9000244140625,2685414.9,True,False,True,False,1,-0.04752097037484204
2022-03-11,662.2999877929688,675.0,661.0499877929688,671.4500122070312,1452682,658.0507962619913,638.5653341656188,54.02817032893537,29.40449042656271,703.9000244140625,2677970.8,True,False,True,False,1,-0.04610031408088555
2022-03-14,669.0,681.7000122070312,658.0499877929688,679.25,1608380,660.0697680465636,640.1608112571631,55.673052380256756,28.993457139955556,703.9000244140625,2547190.75,True,False,True,False,1,-0.035019212330020255
2022-03-15,679.5,698.8499755859375,675.7000122070312,685.7999877929688,3511719,662.5202651652689,641.9505828860183,57.06240331015285,28.576064728452035,703.9000244140625,2503220.4,True,False,True,True,2,-0.025713930946600683
2022-03-16,692.0,713.5,690.7000122070312,697.4000244140625,2941360,665.8421469984874,644.1250707890789,59.48438111971139,28.513489548350552,703.9000244140625,2570184.0,True,False,True,True,2,-0.00923426591071752
2022-03-17,708.0,723.9500122070312,704.0999755859375,719.8499755859375,2591783,670.9857497211017,647.0946748987596,63.746478335898416,28.373239422966137,713.5,2584301.0,True,True,True,True,2,0.008899755551418975
2022-03-21,717.9000244140625,719.8499755859375,696.25,697.8499755859375,1702087,673.5442474225147,649.0850788472763,57.37664607652083,28.03229200603552,723.9500122070312,2514212.55,True,False,True,False,1,-0.03605226352787161
2022-03-22,697.0,720.0,685.1500244140625,711.9500122070312,1744155,677.2019393067544,651.5503703515806,60.12667045608569,28.519269404599946,723.9500122070312,2530067.0,True,False,True,False,1,-0.01657573008862423
2022-03-23,716.5,730.3499755859375,714.4000244140625,721.75,3237859,681.4446117537302,654.3032970044598,61.96354273847505,27.79646183133611,723.9500122070312,2563531.65,True,False,True,True,2,-0.0030389007112857636
2022-03-24,717.5999755859375,734.5,716.5,731.3499755859375,1944920,686.1975035472738,657.324735380204,63.72639708395566,27.096714557669245,730.3499755859375,2662859.05,True,True,True,False,1,0.0013692065905770434
2022-03-25,732.9000244140625,739.9500122070312,725.2999877929688,732.25,1442309,690.5834555903905,660.2629810515685,63.89534328707496,26.207665261697333,734.5,2453695.05,True,False,True,False,1,-0.0030633083730429167
2022-03-28,734.0,736.0499877929688,722.25,726.75,986065,694.0278883913056,662.8703151279776,61.995104322204455,25.32140258535958,739.9500122070312,2386363.6,True,False,True,False,1,-0.017839059381403177
2022-03-29,725.5999755859375,731.8499755859375,706.1500244140625,715.2000122070312,1888601,696.0442811356604,664.92246011147,58.08821960776598,25.348441770110682,739.9500122070312,2286563.3,True,False,True,False,1,-0.0334482054080637
2022-03-30,722.6500244140625,736.7000122070312,717.25,733.4500122070312,2011375,699.6067317138862,667.6098150956096,62.14737122620093,25.073553072245634,739.9500122070312,2299385.9,True,False,True,False,1,-0.00878437717787528
2022-03-31,729.75,737.9500122070312,715.5,718.4500122070312,1680132,701.4013298560906,669.6035483156654,57.24038557728746,24.886157296158892,739.9500122070312,2289092.35,True,False,True,False,1,-0.029056016819126063
2022-04-01,720.0,720.1500244140625,695.8499755859375,707.75,3120135,702.0059651078915,671.099487597404,53.96699407254025,24.844292405585044,739.9500122070312,2253022.75,True,False,True,True,2,-0.04351646959365407
2022-04-04,709.9500122070312,713.9000244140625,696.0,699.5499877929688,1961331,701.7720625064702,672.2151934874262,51.53473219384181,24.348273263333432,739.9500122070312,2328328.6,True,False,True,False,1,-0.054598315761307026
2022-04-05,704.7999877929688,714.9000244140625,693.2999877929688,704.5999755859375,1511295,702.0413875616575,673.4851849422698,52.94136877628029,24.1519706460306,739.9500122070312,2301040.5,True,False,True,False,1,-0.04777354691252189
2022-04-06,690.0,708.3499755859375,690.0,702.75,1839420,702.1088744605473,674.6328247484553,52.34204387798965,23.73754242745252,739.9500122070312,2192396.9,True,False,True,False,1,-0.050273682807404296
2022-04-07,703.0,707.2000122070312,685.0,686.75,1237183,700.6461245119237,675.1080080916531,47.349506961561076,23.627718840279574,739.9500122070312,2150747.75,True,False,False,False,0,-0.07189676509140508
2022-04-08,714.0,751.4500122070312,707.4000244140625,741.75,12316063,704.5607793203119,677.7214195390393,61.088992558057015,26.561454080761838,739.9500122070312,2041939.05,True,True,True,True,2,0.0024325802598474944
2022-04-11,747.0,757.9500122070312,742.0,744.0999755859375,3389385,708.3264170598953,680.3245001683295,61.55067367274009,25.821351089781082,751.4500122070312,2536442.7,True,False,True,True,2,-0.009781138467888861
2022-04-12,742.7999877929688,744.7999877929688,724.0,740.7000122070312,1811999,711.4096165977178,682.6921673071022,60.433443773048914,25.462682282865917,757.9500122070312,2633277.85,True,False,True,False,1,-0.0227587568074189
2022-04-13,743.0,751.0,728.4000244140625,730.2999877929688,1323247,713.2086995686941,684.5591406594891,57.02378748694146,25.258203233085318,757.9500122070312,2643458.8,True,False,True,False,1,-0.036480010513556094
2022-04-18,727.4000244140625,729.9000244140625,711.2999877929688,724.8499755859375,1585086,714.3173925227172,686.1391734017028,55.26414470918809,24.81118871643637,757.9500122070312,2534035.2,True,False,True,False,1,-0.04367047442180472
2022-04-19,728.0,761.3499755859375,727.75,736.8499755859375,4021576,716.4633528144525,688.1278323108885,58.31431344242338,25.646103808119488,757.9500122070312,2466221.5,True,False,True,True,2,-0.027838295773165544
2022-04-20,738.0,745.0,707.4500122070312,709.8499755859375,1927461,715.8335073641177,688.9796810667727,50.04619996892838,26.49638123560872,761.3499755859375,2537711.15,True,False,True,False,1,-0.06764300473033502
2022-04-21,719.5,726.0,711.0999755859375,720.5499877929688,1676681,716.2826959763893,690.2177323109373,52.8964941495764,25.75735574835542,761.3499755859375,2548979.85,True,False,True,False,1,-0.05358900518985232
2022-04-22,719.7999877929688,720.4000244140625,705.75,713.5,1439751,716.0176773119713,691.1307624163908,50.83823345116883,24.97468660868494,761.3499755859375,2545606.15,True,False,True,False,1,-0.06284885679429097
2022-04-25,709.9500122070312,721.5,699.5499877929688,715.2000122070312,1400362,715.9398044448341,692.0746545650434,51.330027144019134,24.758638437138252,761.3499755859375,2455700.75,True,False,True,False,1,-0.06061596487658527
2022-04-26,721.0,768.0,720.1500244140625,764.0,5406268,720.5169659262785,694.8952563468065,62.826028231143304,26.761591962554718,761.3499755859375,2428472.85,True,True,True,True,2,0.0034806915335132693
2022-04-27,758.7999877929688,762.7999877929688,742.0,744.5499877929688,1716491,722.8058251516776,696.8425007172442,57.04278738047692,26.421478250943668,768.0,2626670.8,True,False,True,False,1,-0.030533870061238644
2022-04-28,756.0,756.9500122070312,733.3499755859375,740.1500244140625,1506403,724.4576536528571,698.5408349798646,55.79162253569943,26.219946705954392,768.0,2663192.1,True,False,True,False,1,-0.03626298904418945
2022-04-29,747.0,754.9000244140625,735.4000244140625,738.75,1377584,725.8188294954422,700.1176649806542,55.375422533921565,25.739950512671935,768.0,2644082.2,True,False,True,False,1,-0.0380859375
2022-05-02,734.9000244140625,749.9000244140625,728.1500244140625,746.5,1031975,727.7884647815905,701.9365800794521,57.27545620306876,25.45495404748108,768.0,2612392.65,True,False,True,False,1,-0.02799479166666663
2022-05-04,747.0,751.4500122070312,708.75,712.1500244140625,1342298,726.2990895084927,702.3371073082604,47.6012572050725,26.68674391602038,768.0,2579984.8,True,False,False,False,0,-0.07272132237752282
2022-05-05,720.9500122070312,736.7999877929688,712.3499755859375,715.2999877929688,1560432,725.2515560117761,702.8454555625627,48.46095649745301,26.5412595919408,768.0,2491092.95,True,False,False,False,0,-0.06861980756123864
2022-05-06,696.0999755859375,699.9500122070312,629.2000122070312,636.8499755859375,8926118,716.8323578759819,700.2573975242636,33.65237129916602,30.795453591511993,768.0,2471048.0,True,False,False,True,1,-0.17076826095581055
2022-05-09,622.0,644.4500122070312,618.5499877929688,635.4000244140625,2966225,709.0768975462753,697.7139711277852,33.44892546453545,30.445780078837032,768.0,2841789.15,True,False,False,True,1,-0.17265621821085608
2022-05-10,634.0,648.9000244140625,631.4500122070312,637.9500122070312,2711145,702.3029084663474,695.3702864642262,34.20230396892333,29.51751094513662,768.0,2898129.4,True,False,False,False,0,-0.1693359216054281
2022-05-11,640.0,646.2000122070312,616.75,624.5499877929688,2465676,694.8978684022161,692.5930198496671,32.14310571709511,29.512689606700526,768.0,2971827.5,True,False,False,False,0,-0.18678387006123864
2022-05-12,619.9000244140625,624.25,600.4000244140625,609.2000122070312,2330770,686.7361678121985,689.3227058244657,29.920804863631332,29.12963773328665,768.0,2479308.15,False,False,False,False,0,-0.20677081743876136
2022-05-13,616.0,654.2999877929688,616.0,632.0499877929688,3701646,681.5279601913194,687.0767168820541,36.91305923356672,30.270376151333142,768.0,2426377.4,False,False,False,True,1,-0.17701824506123864
2022-05-16,638.3499755859375,648.7999877929688,630.5999755859375,635.7000122070312,1472809,677.1633937166253,685.0619441497004,37.977621920781296,29.40820729816872,768.0,2520859.75,False,False,False,False,0,-0.1722656091054281
2022-05-17,640.0,661.9000244140625,638.7000122070312,659.7000122070312,1577987,675.5002145252354,684.0673585833212,44.597653852847465,29.179050505944616,768.0,2528337.85,False,False,False,False,0,-0.1410156091054281
2022-05-18,662.0,668.0,645.5,662.75,1854119,674.2859083799749,683.2313837369164,45.39530537034386,28.701975469805717,768.0,2527982.9,False,False,False,False,0,-0.13704427083333337
2022-05-19,642.0,654.9500122070312,633.5,638.5499877929688,1221336,670.8824873716886,681.4791721312714,40.42240910661522,28.74112007910531,768.0,2419610.05,False,False,False,False,0,-0.1685547033945719
2022-05-20,644.7000122070312,665.0,642.1500244140625,645.8499755859375,1256877,668.4984386301885,680.0819487373368,42.46973083682824,28.577469516814308,768.0,2384303.8,False,False,False,False,0,-0.15904951095581055
2022-05-23,650.0,671.7999877929688,646.1500244140625,651.4000244140625,1652937,666.8700182286527,678.957167391326,44.04410642498414,28.389793994686947,768.0,2363313.6,False,False,False,False,0,-0.15182288487752282
2022-05-24,652.5,658.2999877929688,640.0,642.7000122070312,1874615,664.5681128932601,677.5353181684126,42.099222196072006,27.669093551707075,768.0,2373972.9,False,False,False,False,0,-0.16315102577209473
2022-05-25,645.0,653.2999877929688,627.6500244140625,629.75,1283514,661.252102141521,675.6613841225925,39.31622503900437,27.52486996793559,768.0,2397685.55,False,False,False,False,0,-0.18001302083333337
2022-05-26,634.0,649.0,617.9000244140625,638.9000244140625,1086166,659.1233328341441,674.2197621732385,42.22248403948302,27.78023465493573,762.7999877929688,2191547.85,False,False,False,False,0,-0.16242785181131114
2022-05-27,648.0,660.0,644.0,656.7000122070312,988345,658.8925403934667,673.5327131549558,47.49088212755578,27.30307329286443,756.9500122070312,2160031.6,False,False,False,False,0,-0.1324393928044233
2022-05-30,661.9000244140625,678.9000244140625,661.0,676.5999755859375,1518848,660.5789627927496,673.6529979561708,52.685258830434286,26.938568929590634,754.9000244140625,2134128.7,False,False,True,False,1,-0.10372240865788795
2022-05-31,680.0,683.75,665.1500244140625,679.5999755859375,1628241,662.3904878206722,673.8862127651813,53.4331344688337,26.342955119329698,751.4500122070312,2141191.9,False,False,True,False,1,-0.09561519123549955
2022-06-01,679.5999755859375,682.0999755859375,665.5499877929688,671.5499877929688,610383,663.2628211513671,673.7945960996043,51.09911257122808,25.64345745316106,751.4500122070312,2171005.2,False,False,True,False,1,-0.10632779708046547
2022-06-02,669.0,682.0,666.3499755859375,679.1500244140625,715408,664.7758881287666,674.0046128962498,53.1785427739318,24.929640807511163,736.7999877929688,2134409.45,False,False,True,False,1,-0.0782437083795191
2022-06-03,682.0,691.0999755859375,656.0,658.4000244140625,965282,664.1686630130805,673.3926682498895,47.268549554669306,25.656093291684474,699.9500122070312,2092158.25,False,False,False,False,0,-0.05936136448080964
2022-06-06,652.1500244140625,661.7000122070312,643.9500122070312,658.8499755859375,854144,663.6621213533525,672.8223665767933,47.40504764824759,25.09137234227844,691.0999755859375,1694116.45,False,False,False,False,0,-0.04666473902369539
2022-06-07,657.9000244140625,661.5499877929688,645.0,659.7999877929688,1306464,663.2942991095065,672.3116850558591,47.712799546141206,24.481273445899177,691.0999755859375,1588512.4,False,False,False,False,0,-0.04529010114120113
2022-06-08,664.8499755859375,717.2000122070312,659.0,669.9500122070312,2799124,663.928176547366,672.2190704343365,51.01100559052059,26.88975478598004,691.0999755859375,1518278.35,False,False,True,True,2,-0.030603333998058146
2022-06-09,669.4500122070312,681.5999755859375,664.0,676.1500244140625,1022515,665.09216205848,672.373225492365,52.96279968265697,26.226199128834143,717.2000122070312,1534950.75,False,False,True,False,1,-0.057236457186672474
2022-06-10,666.5,673.2000122070312,648.0,650.3499755859375,1389595,663.6881442991902,671.5095686332895,44.939133762540216,26.36361522063617,717.2000122070312,1469538.0,False,False,False,False,0,-0.09320975388075758
2022-06-13,638.0,638.8499755859375,606.8499755859375,609.0,1669759,658.4797496040292,669.0582130006115,35.62408666690858,27.587642704876444,717.2000122070312,1353935.45,False,False,False,True,1,-0.15086448740298908
2022-06-14,600.0,628.5,600.0,618.8499755859375,3085086,654.70548541183,667.0892625137617,38.87442020949276,27.652811083099554,717.2000122070312,1363782.95,False,False,False,True,1,-0.13713055625646509
2022-06-15,619.9000244140625,636.0,617.2999877929688,633.1500244140625,1782217,652.6525843644235,665.758312000048,43.34658377257151,27.013325449094676,717.2000122070312,1439137.9,False,False,False,True,1,-0.11719183820747958
2022-06-16,639.0,657.0,619.4500122070312,626.0999755859375,2835716,650.1237644807582,664.2030831210633,41.725751258944186,27.765944187942825,717.2000122070312,1435542.8,False,False,False,True,1,-0.12702180015411968
2022-06-17,620.0,646.2000122070312,615.0999755859375,641.2999877929688,2149896,649.2834047962068,663.3049225199616,46.38095639035612,28.004093647453608,717.2000122070312,1516261.8,False,False,False,True,1,-0.10582825309845745
2022-06-20,640.2999877929688,645.4000244140625,611.2999877929688,619.2000122070312,1555745,646.4183197877139,661.5753181939642,41.224513425291015,28.43951814557076,717.2000122070312,1560912.75,False,False,False,False,0,-0.13664249627997882
2022-06-21,629.2000122070312,632.0,615.0,625.7999877929688,2114220,644.4546691215477,660.1723640605918,43.25352545890566,27.62240970660142,717.2000122070312,1556053.15,False,False,False,True,1,-0.1274400764896786
2022-06-22,626.9000244140625,626.9000244140625,611.25,617.1500244140625,1280638,641.8542267684539,658.4852134862181,41.243945826057896,26.767239328562926,717.2000122070312,1568033.4,False,False,False,False,0,-0.13950081719196583
2022-06-23,620.0,648.5,613.7000122070312,636.4500122070312,3586014,641.339539667366,657.6210879458579,47.1446043972647,27.341007076020485,717.2000122070312,1567889.6,False,False,False,True,1,-0.11259062831232947
2022-06-24,641.9500122070312,653.0999755859375,631.7999877929688,647.75,2849874,641.9500596990454,657.233986457785,50.29219385887225,26.909505698659647,717.2000122070312,1692882.0,False,False,True,True,2,-0.09683492892493617
2022-06-27,654.9500122070312,657.2999877929688,632.9000244140625,634.25,2076389,641.2167206800887,656.3326536555189,46.71313954399002,26.730252675820118,717.2000122070312,1785958.45,False,False,False,True,1,-0.11565812994309654
2022-06-28,634.25,642.9500122070312,627.0,640.7999877929688,1387622,641.1770318336963,655.7235295040464,48.62353523857221,25.960235499478056,717.2000122070312,1813835.5,False,False,False,False,0,-0.10652540869172267
2022-06-29,632.0,640.7999877929688,622.1500244140625,638.8499755859375,1961040,640.955407429148,655.0618215072578,48.07099006835598,25.4380732051515,717.2000122070312,1801804.55,False,False,False,True,1,-0.10924433252585719
2022-06-30,636.5499877929688,637.0,617.3499755859375,619.5,2517206,638.9120352930387,653.667240271679,42.865550213945276,25.15678226192639,717.2000122070312,1869337.4,False,False,False,True,1,-0.1362242199444199
2022-07-01,616.2000122070312,643.1500244140625,616.0499877929688,640.3499755859375,1694794,639.0489819876005,653.1449945977283,49.2434315055462,25.295586144724062,717.2000122070312,1959427.3,False,False,False,False,0,-0.10715286574606153
2022-07-04,635.0,654.5999755859375,632.0999755859375,652.7999877929688,917061,640.3586015881118,653.1314649191104,52.64291001447662,25.095901420100915,717.2000122070312,1995902.9,False,False,True,False,1,-0.08979367445335795
2022-07-05,657.0999755859375,657.25,640.6500244140625,643.0,1436259,640.6101633416249,652.7341525693414,49.81466086118177,24.489049574803527,717.2000122070312,1999048.75,False,False,False,False,0,-0.10345790706095559
2022-07-06,645.0,652.0,635.0,643.6500244140625,2752147,640.8996739199523,652.3779122495265,50.006518887660505,23.954117462317562,717.2000122070312,2005538.5,False,False,True,True,2,-0.10255157074891041
2022-07-07,649.0,653.0,635.6500244140625,642.2000122070312,2541308,641.0235156615788,651.9787789145267,49.55144064913729,23.48239304257613,681.5999755859375,2003189.65,False,False,False,True,1,-0.05780511266162547
2022-07-08,647.5,647.5,616.2999877929688,630.9500122070312,2764723,640.0641343801933,651.1541213965858,46.04994112156749,24.033651554322926,673.2000122070312,2079129.3,False,False,False,True,1,-0.06275995132781831
2022-07-11,631.0,641.2999877929688,628.4000244140625,638.0499877929688,1671777,639.8723108956958,650.640233804287,48.52226972141216,23.238388113221735,657.2999877929688,2147885.7,False,False,False,False,0,-0.02928647551726904
2022-07-12,635.0999755859375,640.5999755859375,618.1500244140625,620.2000122070312,1754910,637.9987586396326,649.4464996240025,43.166448814918986,23.182071188839828,657.2999877929688,2147986.6,False,False,False,False,0,-0.05644298839942008
2022-07-13,624.9000244140625,630.0,619.0,626.8499755859375,1305118,636.9369697773759,648.5603614264313,45.57656085103435,22.31192324677984,657.2999877929688,2081477.8,False,False,False,False,0,-0.04632589802606557
2022-07-14,632.0,632.0,612.0999755859375,616.4500122070312,1585312,634.9858309611526,647.3011320452785,42.53839957235722,22.1396447587286,657.2999877929688,2057622.85,False,False,False,False,0,-0.062148145967719226
2022-07-15,620.0,637.9500122070312,616.0,634.0,3165829,634.8919422981858,646.779519023895,48.747313001323974,22.126099576464505,657.2999877929688,1995102.65,False,False,False,True,1,-0.035448027119555636
2022-07-18,636.0999755859375,673.2000122070312,635.0499877929688,670.4000244140625,3287791,638.2736644044597,647.7058133529212,58.712140673950714,23.345664764362127,657.2999877929688,2045899.3,False,True,True,True,2,0.01993007281968784
2022-07-19,668.0,685.5,663.1500244140625,683.9000244140625,1996430,642.6190320244219,649.1251941788482,61.687315648034556,23.27454410876037,673.2000122070312,2132501.6,False,True,True,False,1,0.01589425432710878
2022-07-20,687.25,688.8499755859375,669.2000122070312,672.2999877929688,1037170,645.4457897166645,650.0340096146962,57.83109532579849,23.01564548519936,685.5,2126612.1,False,False,True,False,1,-0.019256035312955833
2022-07-21,674.9000244140625,690.0,667.0,686.0,1993115,649.3080954579347,651.4444406101983,60.93693186663065,23.014527950542263,688.8499755859375,2114438.7,False,False,True,False,1,-0.004137295038028177
2022-07-22,691.9500122070312,702.8499755859375,683.2000122070312,685.9000244140625,2248352,652.793041072804,652.7956399750558,60.901680720633244,22.77420190971112,690.0,2034793.75,False,False,True,True,2,-0.0059419936028080045
2022-07-25,690.0,693.4500122070312,678.7000122070312,684.8499755859375,1045998,655.8460824550071,654.0526727441099,60.50577687746177,22.201044630446038,702.8499755859375,2004717.65,True,False,True,False,1,-0.025610017251539552
2022-07-26,684.8499755859375,686.2000122070312,674.5999755859375,677.75,1158371,657.9321698402446,654.9819796953213,57.77111742384102,21.443829772635162,702.8499755859375,1953198.1,True,False,True,False,1,-0.035711711542726676
2022-07-27,676.7000122070312,685.0,667.1500244140625,676.7999877929688,940562,659.7291048833612,655.8375878560134,57.3973039792173,21.187125902156758,702.8499755859375,1941735.55,True,False,True,False,1,-0.03706336871001803
2022-07-28,678.1500244140625,695.0,678.1500244140625,690.0999755859375,2762476,662.621568759797,657.1812109042457,61.1840097338418,20.973760638219222,702.8499755859375,1890711.65,True,False,True,True,2,-0.01814042888650713
2022-07-29,698.0,712.0,694.0,700.7000122070312,3014502,666.2480871833432,658.8878305631786,63.935365896203095,21.039922336493746,702.8499755859375,1902975.15,True,False,True,True,2,-0.0030589221791093024
2022-08-01,708.4500122070312,738.9500122070312,689.1500244140625,733.8499755859375,4675128,672.6863622693046,661.8275225248555,70.88566362882344,23.09421272624196,712.0,1968960.55,True,True,True,True,2,0.03068816795777729
2022-08-02,734.9500122070312,748.5,730.0,746.75,1549018,679.7400420531803,665.1578157591748,73.06132023099926,22.766054674367535,738.9500122070312,2156863.9,True,True,True,False,1,0.010555501270880896
2022-08-03,746.7000122070312,758.7999877929688,736.5499877929688,757.5,1421319,687.1457523338298,668.779077886266,74.7543793421277,22.729193626198427,748.5,2162501.85,True,True,True,False,1,0.012024048096192397
2022-08-04,763.4000244140625,767.4500122070312,748.0499877929688,763.0499877929688,1434681,694.374727139462,672.4759763139798,75.60675993009394,22.491395825331576,758.7999877929688,2095960.45,True,True,True,False,1,0.005600948956735685
2022-08-05,764.0,787.5,764.0,771.2000122070312,3009385,701.691420955421,676.3475071333152,76.84321226303385,22.63129699545298,767.4500122070312,2040629.1,True,True,True,True,2,0.004886311734122906
2022-08-08,774.8499755859375,783.5,771.1500244140625,775.9500122070312,1033732,708.7636677412887,680.2534877244414,77.55722160301842,21.896916894773305,787.5,2052862.2,True,False,True,False,1,-0.01466665116567456
2022-08-10,780.2000122070312,782.5499877929688,764.2000122070312,771.8499755859375,1077124,714.7718875360172,683.8455068562648,75.39622545845114,21.643563944142176,787.5,2020959.95,True,False,True,False,1,-0.019873046875000022
2022-08-11,775.0,782.0,770.25,777.5499877929688,889980,720.7507542271554,687.5201923831944,76.38149898484005,20.93688080527488,787.5,1987070.65,True,False,True,False,1,-0.012634936135912711
2022-08-12,781.5,787.0999755859375,773.5,783.7000122070312,1034521,726.7459216538102,691.2919500233448,77.43162427100545,20.41281614675078,787.5,1966313.75,True,False,True,False,1,-0.004825381324404798
2022-08-16,784.0,792.4500122070312,779.2999877929688,788.5,976697,732.6272624486854,695.1040304145862,78.24464737729939,19.89404530870162,787.5,1938774.2,True,True,True,False,1,0.0012698412698413097
2022-08-17,789.9500122070312,801.0,784.3499755859375,789.9000244140625,1168020,738.0818112072927,698.8215203753499,78.48807065578734,19.662329530513116,792.4500122070312,1829317.6,True,False,True,False,1,-0.00321785318151091
2022-08-18,790.0,793.7000122070312,777.2999877929688,781.7000122070312,901648,742.2359255882202,702.0716573099257,73.31384293575155,19.42930773648093,801.0,1723329.05,True,False,True,False,1,-0.02409486615851275
2022-08-19,781.7000122070312,793.0,772.1500244140625,777.7999877929688,1537476,745.6229791315295,705.0413957602412,70.91918689153405,19.530784011442115,801.0,1668589.95,True,False,True,False,1,-0.02896381049566943
2022-08-22,778.0,786.4500122070312,767.0999755859375,772.3499755859375,942701,748.1684073652826,707.6809479102686,67.5964505435264,19.517873483560088,801.0,1693605.25,True,False,True,False,1,-0.03576782074165108
2022-08-23,761.0,789.9000244140625,761.0,787.0999755859375,1303352,751.8761757672498,710.7954195838242,71.48970724773886,20.188027121453118,801.0,1641084.55,True,False,True,False,1,-0.017353338844023125
2022-08-24,787.2999877929688,800.7000122070312,780.2999877929688,798.8499755859375,1614068,756.3498709880772,714.2485394270444,74.15379079264282,20.20316978521093,801.0,1593834.55,True,False,True,True,2,-0.002684175298455105
2022-08-25,802.9500122070312,806.5999755859375,782.3499755859375,785.8499755859375,1197920,759.159404759302,717.056438884256,66.72489553923549,20.492229086267294,801.0,1622238.05,True,False,True,False,1,-0.018913888157381376
2022-08-26,790.5,798.25,787.0,796.2000122070312,717434,762.6870816590857,720.1601084263256,69.35701258580258,19.914214466824095,806.5999755859375,1624215.5,True,False,True,False,1,-0.012893582560985606
2022-08-29,770.5,790.0,760.5499877929688,787.4500122070312,1334686,765.0454559969853,722.7989281824316,64.6976638267879,21.038200891626836,806.5999755859375,1613059.1,True,False,True,False,1,-0.02374158685660155
2022-08-30,777.0,793.0,771.5499877929688,790.3499755859375,2342679,767.4554102435523,725.447988864922,65.52430496629583,21.067615985584293,806.5999755859375,1541669.6,True,False,True,True,2,-0.020146293691858275
2022-09-01,782.4500122070312,805.25,782.25,789.2999877929688,1364563,769.5358462006395,727.9519888228846,64.9314545619589,21.205643415185417,806.5999755859375,1508078.45,True,False,True,False,1,-0.02144803907339765
2022-09-02,792.7999877929688,814.4000244140625,787.4000244140625,790.5,1758580,771.532432276769,730.4048520063009,65.31767653578136,21.619526028386456,806.5999755859375,1342550.2,True,False,True,True,2,-0.019960297636064328
2022-09-05,790.4000244140625,802.9000244140625,790.2000122070312,799.75,767862,774.2198196789815,733.1242695746813,68.22286749145943,20.982417898289654,814.4000244140625,1353028.3,True,False,True,False,1,-0.01798873277859092
2022-09-06,801.2999877929688,817.75,798.2999877929688,801.7999877929688,2045706,776.8465023565041,735.8174349950062,68.84571047488564,20.872960348914052,814.4000244140625,1320355.45,True,False,True,True,2,-0.015471557273293413
2022-09-07,801.0,804.7999877929688,795.0999755859375,802.2000122070312,707821,779.2611223422685,738.4206733170464,68.97350624430456,20.074892624493856,817.75,1350906.7,True,False,True,False,1,-0.01901557663463005
2022-09-08,806.0,808.2000122070312,795.4000244140625,801.4000244140625,615497,781.369589206249,740.8904517914392,68.36949841928143,19.555256565099207,817.75,1235828.5,True,False,True,False,1,-0.019993855806710537
2022-09-09,807.9500122070312,807.9500122070312,787.0499877929688,790.75,507719,782.2629616627968,742.8457281917749,60.74326147465522,19.65131141145373,817.75,1214916.75,True,False,True,False,1,-0.03301742586365031
2022-09-12,794.75,803.9500122070312,788.6500244140625,798.2000122070312,1569958,783.7807760003429,745.0164844276674,63.786328530892334,19.340502581561946,817.75,1186446.5,True,False,True,True,2,-0.023907047132948667
2022-09-13,802.0,805.0,794.7999877929688,797.9000244140625,1539094,785.1254663254591,747.0903487408593,63.57263135790346,18.687610411952612,817.75,1220445.4,True,False,True,True,2,-0.024273892492739257
2022-09-14,789.0,802.9000244140625,781.0999755859375,794.8499755859375,1268116,786.0516100645523,748.9632752838036,61.32314439959893,18.909927441679212,817.75,1245674.05,True,False,True,True,2,-0.028003698458040405
2022-09-15,798.8499755859375,811.9000244140625,787.4500122070312,792.7999877929688,909647,786.6943127053538,750.6823620488689,59.79176145486485,19.305647782061502,817.75,1260245.0,True,False,True,False,1,-0.030510562160845356
2022-09-16,795.0,795.0,756.5,768.5999755859375,2500295,784.9710425035046,751.3850135601265,45.383631220560495,20.67667294048568,817.75,1247326.35,True,False,False,True,1,-0.06010397360325592
2022-09-19,772.0,788.4500122070312,765.0499877929688,785.6500244140625,1151570,785.0357074473673,752.7287394759671,53.82590439256031,20.871198045741167,817.75,1327258.7,True,False,True,False,1,-0.03925402089383978
2022-09-20,789.5999755859375,798.2999877929688,782.25,786.5,722332,785.1751638809513,754.0531026337724,54.20592867059398,20.526825884828853,817.75,1307963.4,True,False,True,False,1,-0.038214613268113706
2022-09-21,786.9500122070312,795.0,769.5,772.7000122070312,1363648,783.9870541977208,754.7843539895865,47.38682229652995,20.88205260734108,817.75,1296944.95,True,False,False,True,1,-0.055090171559729395
2022-09-22,765.7999877929688,785.75,759.0,784.0999755859375,1459136,783.9978086156461,755.9339862090512,52.68239426466928,21.301191706816716,817.75,1299959.75,True,False,True,True,2,-0.04114952542227146
2022-09-23,781.9000244140625,781.9500122070312,732.5499877929688,738.5,3054292,779.6646839855846,755.250300475363,36.74896411925296,23.461819998684717,817.75,1292213.15,True,False,False,True,1,-0.09691225924793645
2022-09-26,729.9500122070312,731.9500122070312,694.0,713.9500122070312,2167806,773.4061438161986,753.6306813275853,31.266300214173853,24.96454714163581,817.75,1385031.75,True,False,False,True,1,-0.1269336445037832
2022-09-27,717.5499877929688,723.9500122070312,706.75,720.6500244140625,1565209,768.3817514921856,752.3373222329374,34.15357246212757,24.40993750344977,817.75,1457550.35,True,False,False,True,1,-0.11874041649151634
2022-09-28,716.0999755859375,729.9500122070312,707.0499877929688,719.8499755859375,1116007,763.7596775963524,751.0633086389373,33.97007078011923,24.302086568493536,817.75,1469076.5,True,False,False,False,0,-0.11971877030151334
2022-09-29,723.5999755859375,735.2999877929688,716.0999755859375,727.6500244140625,1228777,760.3206630075629,750.1451406301187,37.49602800912988,23.937652685531944,817.75,1407742.9,True,False,False,False,0,-0.1101803431194589
2022-09-30,727.0,737.6500244140625,721.2000122070312,732.2000122070312,1157270,757.6425057884646,749.4414101037231,39.524699999888504,23.402821222781892,817.75,1400953.6,True,False,False,False,0,-0.1046163103552048
2022-10-03,733.2000122070312,733.6500244140625,696.7000122070312,699.5499877929688,1140736,752.1098850269888,747.4848837385955,31.59903081521611,24.370477721656847,817.75,1370888.1,True,False,False,False,0,-0.1445429681528967
2022-10-04,716.0,744.4500122070312,716.0,737.75,2855582,750.7422769291802,747.1031235919838,45.39531013000027,25.836873913971537,817.75,1389531.8,True,False,False,True,1,-0.09782940996637113
2022-10-06,746.0,748.1500244140625,726.1500244140625,728.7000122070312,990000,748.6430136223089,746.3814329494367,43.17360113663543,25.562811491545002,811.9000244140625,1430025.6,True,False,False,False,0,-0.10247568629779957
2022-10-07,731.4500122070312,739.0,724.7999877929688,737.1500244140625,1025301,747.5484432215235,746.0194169284416,45.838968869699585,24.75118297122259,811.9000244140625,1444134.55,True,False,False,False,0,-0.09206798590004484
2022-10-10,733.5499877929688,737.2999877929688,721.9000244140625,729.8499755859375,866135,745.8628748752772,745.3853211895198,43.92230804568405,24.083238714628568,811.9000244140625,1464624.75,True,False,False,False,0,-0.10105930085091375
2022-10-11,732.8499755859375,733.2999877929688,716.0,719.2000122070312,1401012,743.3235546211585,744.3584463274615,41.21479473539487,23.598720791652866,811.9000244140625,1482545.55,False,False,False,False,0,-0.11417663433860792
2022-10-12,722.7999877929688,745.9500122070312,721.0,744.5999755859375,3320152,743.445118522566,744.367918063088,49.249906994832614,23.823812163677662,811.9000244140625,1474098.25,False,False,False,True,1,-0.08289203941913237
2022-10-13,746.0,749.9000244140625,723.0,724.6500244140625,2075054,741.6551095598513,743.5946673317537,44.14593735512783,24.043541610133722,811.9000244140625,1563151.15,False,False,False,True,1,-0.10746397016426645
2022-10-14,739.0,740.2999877929688,724.5,726.5999755859375,921483,740.2212872766214,742.9282088319178,44.74865252785629,23.454716337479084,811.9000244140625,1603498.05,False,False,False,False,0,-0.10506225675961145
2022-10-17,726.5999755859375,734.25,714.7000122070312,732.3499755859375,996499,739.4716385441752,742.5133761556049,46.57926333091812,23.175807155728346,798.2999877929688,1604089.85,False,False,False,False,0,-0.08261306929160916
2022-10-18,736.0499877929688,749.2000122070312,733.4000244140625,746.7999877929688,870559,740.1695765678699,742.6814785727564,50.975224180425776,22.723966403254447,798.2999877929688,1528900.05,False,False,True,False,1,-0.06451208917387086
2022-10-19,750.0,752.8499755859375,742.5999755859375,746.4500122070312,615231,740.7677132954091,742.829264205473,50.86604843584574,21.832968803021988,798.2999877929688,1514849.5,False,False,True,False,1,-0.06495049026530142
2022-10-20,743.25,744.5999755859375,720.2999877929688,729.5499877929688,1396893,739.6993584856529,742.3085082677278,45.76843027037287,22.14132991809631,795.0,1509494.45,False,False,False,False,0,-0.08232705937991347
2022-10-21,733.2000122070312,743.9500122070312,701.7999877929688,712.4500122070312,2332356,737.1041826495937,741.1375868535829,41.26246994029192,23.570522382093895,785.75,1511156.7,False,False,False,True,1,-0.09328665325226693
2022-10-24,718.5,723.9500122070312,710.0,713.25,165619,734.8323557305848,740.0439559965797,41.55237830312725,22.883343083875136,781.9500122070312,1554817.7,False,False,False,False,0,-0.08785729411670118
2022-10-25,714.5,722.5999755859375,709.25,715.75,928958,733.0149885181481,739.0912518398511,42.50736778350172,22.202388262593878,752.8499755859375,1410384.05,False,False,False,False,0,-0.04927937409716043
2022-10-27,719.7999877929688,719.9000244140625,708.0499877929688,717.75,1073643,731.5611800878484,738.2543400029942,43.305450168603485,21.462934573915298,752.8499755859375,1348441.65,False,False,False,False,0,-0.046622802316782286
2022-10-28,720.0,720.0499877929688,714.0999755859375,716.5499877929688,669579,730.1315427264312,737.4031889359345,42.92046824723465,20.354868690566438,752.8499755859375,1323863.35,False,False,False,False,0,-0.04821676159943655
2022-10-31,720.1500244140625,723.0999755859375,704.2999877929688,709.3499755859375,1706648,728.152345855908,736.3030629222092,40.588954933466745,20.24380576930946,752.8499755859375,1301541.95,False,False,False,True,1,-0.05778043622322537
2022-11-01,710.0,715.9500122070312,701.0,709.5,1616369,726.3759319648692,735.251962415456,40.661286016537986,19.865677657718162,752.8499755859375,1325435.5,False,False,False,True,1,-0.0575811609108422
2022-11-02,708.0,752.8499755859375,708.0,744.7000122070312,6548825,728.1210824641228,735.6224741719884,54.62104266225056,21.65027036687669,752.8499755859375,1348390.45,False,False,True,True,2,-0.010825481361758982
2022-11-03,741.0,760.7999877929688,738.2999877929688,758.5999755859375,1865751,731.0238341900099,736.5235526588099,58.74808874077223,21.710965340671212,752.8499755859375,1618794.9,False,True,True,True,2,0.0076376438685872294
2022-11-04,762.4000244140625,766.7999877929688,758.0,763.5999755859375,961403,734.1263238467649,737.5853731657561,60.151977230601744,20.788752658692466,760.7999877929688,1569303.35,False,True,True,False,1,0.003680320501964429
2022-11-07,767.4500122070312,767.4500122070312,738.3499755859375,748.3499755859375,1496878,735.4809573457337,738.0075144371358,54.10409659563579,21.38241579886399,766.7999877929688,1567873.5,False,False,True,False,1,-0.024061049166334447
2022-11-09,745.2000122070312,756.9000244140625,742.0999755859375,744.6500244140625,863444,736.3542018284318,738.2680050244662,52.71915152750439,20.912246729525492,767.4500122070312,1591452.35,False,False,True,False,1,-0.029708759437504728
2022-11-10,740.0,742.3499755859375,718.4000244140625,722.0999755859375,1836837,734.9966564720037,737.6339646543279,45.13582195051809,21.29351482027367,767.4500122070312,1591317.8,False,False,False,True,1,-0.05909184428921466
2022-11-11,728.0,748.7000122070312,725.2999877929688,728.5,2044099,734.3779272841938,737.2757699620014,47.44636012000215,21.67255209176082,767.4500122070312,1613109.05,False,False,False,True,1,-0.0507525071177195
2022-11-14,703.25,726.4500122070312,695.0,720.5,799451,733.0562199237944,736.6178966301583,44.90086639399368,22.51736979949219,767.4500122070312,1549306.4,False,False,False,False,0,-0.06117663881718172
2022-11-15,724.1500244140625,724.1500244140625,715.0499877929688,721.5,774145,731.9556275500996,736.0250379387795,45.29594484993386,21.558988858178015,767.4500122070312,1485526.25,False,False,False,False,0,-0.05987362235474891
2022-11-16,721.9000244140625,723.4500122070312,703.4500122070312,707.1500244140625,801476,729.5931891561913,734.892684467222,40.77744348424623,21.4476325111653,767.4500122070312,1478159.35,False,False,False,False,0,-0.078571876778734
2022-11-17,707.0,711.1500244140625,695.0,697.5,823928,726.5366949508398,733.4263046841937,38.03003194413632,21.069231932800815,767.4500122070312,1468408.2,False,False,False,False,0,-0.09114601745313566
2022-11-18,701.0,715.4000244140625,684.1500244140625,713.7999877929688,3429218,725.3236752215188,732.6566451982634,44.79583177309994,21.796429651886474,767.4500122070312,1466076.65,False,False,False,True,1,-0.06990686502144405
2022-11-21,713.7999877929688,715.8499755859375,706.3499755859375,714.0,636092,724.2452299623266,731.9250120532334,44.875362970587354,20.918113248180298,767.4500122070312,1606776.0,False,False,False,False,0,-0.06964624582299483
2022-11-22,715.0,717.9500122070312,708.2999877929688,711.0499877929688,805052,722.9885402319115,731.1063836508702,43.87144193560132,20.113249760029028,767.4500122070312,1568735.95,False,False,False,False,0,-0.07349016029313415
2022-11-23,714.6500244140625,722.0,711.0499877929688,718.6500244140625,1002234,722.5753482492593,730.6178989749169,47.15163702497475,19.458732791957758,767.4500122070312,1492370.75,False,False,False,False,0,-0.06358718746075698
2022-11-24,720.9000244140625,727.9500122070312,717.0,722.0499877929688,577838,722.5253139200888,730.2819024579777,48.59884810220612,18.85096703589158,767.4500122070312,1534201.5,False,False,False,False,0,-0.05915697920637353
2022-11-25,725.0,728.75,718.25,720.75,772119,722.3562364038899,729.9081023615864,48.056964027025685,18.254469390470753,767.4500122070312,1516645.5,False,False,False,False,0,-0.060850884701573515
2022-11-28,719.0,726.0499877929688,715.0,720.2999877929688,960285,722.1604032028497,729.5313135549741,47.85803188864831,17.73986356207775,767.4500122070312,1501569.3,False,False,False,False,0,-0.061437258015630936
2022-11-29,720.2999877929688,720.7000122070312,712.25,714.75,797432,721.454650516864,728.951654199877,45.363943516111355,17.076302751003002,767.4500122070312,1516104.6,False,False,False,False,0,-0.06866898347617023
2022-11-30,714.75,721.7999877929688,708.7000122070312,714.8499755859375,2405895,720.8256338567758,728.3986471954088,45.419123824025,16.79227938206975,767.4500122070312,1470643.8,False,False,False,True,1,-0.06853871364185227
2022-12-01,720.0,729.9000244140625,715.7999877929688,728.9000244140625,1437872,721.5946234336602,728.4183090471207,52.655814107652674,16.667834342502267,767.4500122070312,1510120.1,False,False,True,False,1,-0.050231268720820954
2022-12-02,729.0,733.8499755859375,724.5,731.6500244140625,1114418,722.552280669889,728.5450429830793,53.94298097488664,16.145130145604785,767.4500122070312,1254572.45,False,False,True,False,1,-0.04664797344913085
2022-12-05,735.0,742.7999877929688,727.5999755859375,737.7000122070312,1058745,723.9949217686644,728.9040613840186,56.73013052419924,16.07762172142096,767.4500122070312,1217005.8,False,False,True,False,1,-0.038764739757375266
2022-12-06,737.0,742.6500244140625,731.0999755859375,734.7999877929688,1078054,725.023975675741,729.1352741843696,55.011625663515396,15.754223657614107,767.4500122070312,1221872.9,False,False,True,False,1,-0.042543519310355604
2022-12-07,734.7999877929688,741.0,730.2000122070312,735.7999877929688,722408,726.0502625440483,729.3966355023539,55.51207732860638,15.400349667282295,756.9000244140625,1200931.7,False,False,True,False,1,-0.027876913648441026
2022-12-08,735.0499877929688,750.5499877929688,734.75,742.8499755859375,1310404,727.6502352147045,729.924217466416,58.97677015677334,15.428895247688471,748.7000122070312,1193879.9,False,False,True,True,2,-0.007813592260869529
2022-12-09,743.2000122070312,755.0,739.5,744.0999755859375,1370253,729.216877154822,730.4801295495346,59.57787207438691,15.433974158567867,750.5499877929688,1167558.25,False,False,True,True,2,-0.00859371435871692
2022-12-12,744.8499755859375,748.0,733.0,746.5999755859375,1341353,730.8724103387377,731.1122803744917,60.814553234951916,15.402976004384449,755.0,1133865.95,False,False,True,True,2,-0.011125860151076195
2022-12-13,750.3499755859375,759.0,748.0499877929688,751.5999755859375,1117440,732.8464641718043,731.9157194023915,63.237052090714805,15.188479462218595,755.0,1160961.05,True,False,True,False,1,-0.00450334359478477
2022-12-14,751.6500244140625,757.75,749.4000244140625,752.0999755859375,675770,734.6801319255312,732.7072588605697,63.480189606674095,14.700014899627089,759.0,1178125.8,True,False,True,False,1,-0.009090941256999385
2022-12-15,750.0,762.2999877929688,743.5499877929688,747.5999755859375,660883,735.9105932265222,733.2912869674469,59.656136101293555,14.989299549653724,759.0,1171840.5,True,False,True,False,1,-0.015019795011940063
2022-12-16,744.1500244140625,747.0,723.0,729.8499755859375,1052542,735.3333915464665,733.1563335799367,47.5010178620528,15.67577640938828,762.2999877929688,1163688.25,True,False,False,False,0,-0.042568559263632455
2022-12-19,730.9500122070312,746.8499755859375,720.5499877929688,745.1500244140625,1074203,736.268308962428,733.6266743969612,55.85129967663066,16.4346486510726,762.2999877929688,1044854.45,True,False,True,True,2,-0.022497656635885988
2022-12-20,745.5,749.9500122070312,736.5999755859375,747.0499877929688,733807,737.2951355177175,734.1530788438635,56.77082624302363,16.214319220359826,762.2999877929688,1066760.0,True,False,True,False,1,-0.020005247598327003
2022-12-21,747.0499877929688,757.0,720.0,722.5499877929688,1325543,735.8908357344081,733.698055665397,44.034482030416896,17.69901070461984,762.2999877929688,1063197.75,True,False,False,True,1,-0.05214482570711465
2022-12-22,725.0,730.7000122070312,711.5999755859375,716.8499755859375,758437,734.0774204821728,733.037346642673,41.69102737302162,17.79908398436798,762.2999877929688,1079363.2,True,False,False,False,0,-0.05962221295400949
2022-12-23,711.8499755859375,714.4500122070312,694.25,699.25,1314808,730.7605232933944,731.7123526566858,35.4225207491118,18.142004813051518,762.2999877929688,1088393.15,False,False,False,True,1,-0.08271020438490728
2022-12-26,696.6500244140625,721.7000122070312,691.0,710.7000122070312,1041754,728.8499984280264,730.8883393057189,41.576905148930436,19.039005341192926,762.2999877929688,1115527.6,False,False,False,False,0,-0.06768985492880708
2022-12-27,714.2999877929688,719.4500122070312,701.1500244140625,707.0999755859375,1047240,726.7785676811609,729.9554622971,40.27718952125742,18.986218373462627,762.2999877929688,1119601.05,False,False,False,False,0,-0.07241245322179235
2022-12-28,708.7999877929688,728.6500244140625,705.0,725.7999877929688,1359579,726.6853695965711,729.7925025126242,49.16646123107644,19.31934737636262,762.2999877929688,1132091.45,False,False,False,True,1,-0.047881412284520364
2022-12-29,720.2000122070312,721.75,712.0,715.0,1992059,725.5724772540406,729.2124043748743,45.00055164761241,18.925107406120205,762.2999877929688,1079775.65,False,False,False,True,1,-0.062049047029258064
2022-12-30,720.0,728.9000244140625,718.0999755859375,722.9000244140625,816670,725.3179579359474,728.9648600626856,48.4418926388721,18.566172906687513,762.2999877929688,1107485.0,False,False,False,False,0,-0.05168564083672367
2023-01-02,727.7999877929688,737.0,724.5499877929688,731.8499755859375,884199,725.9400548549941,729.0780018479112,52.098633563676984,18.247158812348225,762.2999877929688,1092597.6,False,False,True,False,1,-0.039944920234343595
2023-01-03,732.9000244140625,736.0,724.5999755859375,728.5,572618,726.1838591545185,729.0553351087775,50.650571308622936,17.758077783899246,762.2999877929688,1083870.3,False,False,True,False,1,-0.0443394835815587
2023-01-04,728.5,737.75,715.6500244140625,718.5,1002261,725.4520630445644,728.6414003986293,46.49605868642624,18.068213341187693,762.2999877929688,1058598.5,False,False,False,False,0,-0.05745767872800267
2023-01-05,720.9500122070312,721.2999877929688,680.0,683.25,3139861,721.4328189450821,726.861345481036,35.456040788073395,19.727625802029195,762.2999877929688,1072591.15,False,False,False,True,1,-0.10369931661921761
2023-01-06,683.4500122070312,693.8499755859375,658.0,667.9000244140625,4278558,716.3344575611754,724.5491368117429,31.903601975902262,20.879222215165502,762.2999877929688,1164064.0,False,False,False,True,1,-0.12383571414216543
2023-01-09,667.0,685.9500122070312,658.4500122070312,679.2000122070312,3902568,712.7978437179236,722.7707397684209,36.914556882273494,21.352134914082253,762.2999877929688,1309479.25,False,False,False,True,1,-0.10901216964010552
2023-01-10,681.7999877929688,682.9000244140625,663.3499755859375,669.0,1673245,708.6266205066927,720.6620833069142,34.4502428901705,21.22341447937102,762.2999877929688,1437540.0,False,False,False,True,1,-0.12239274470290018
2023-01-11,672.0,673.1500244140625,658.9500122070312,665.9500122070312,1779331,704.5621816210107,718.5165118912324,33.72524688431879,20.721742888489608,762.2999877929688,1465330.25,False,False,False,True,1,-0.12639377820914377
2023-01-12,669.8499755859375,687.9500122070312,668.0,685.5999755859375,3395939,702.756257236718,717.2256673302405,42.16928551015917,20.81304696788321,762.2999877929688,1520508.3,False,False,False,True,1,-0.10061657278664682
2023-01-13,687.0,714.9500122070312,685.0999755859375,711.7000122070312,3136135,703.608043424367,717.0089749724677,51.08416746508304,21.45854622882682,757.0,1657261.1,False,False,True,True,2,-0.05984146339890195
2023-01-16,712.0,717.9000244140625,688.2999877929688,691.2999877929688,2386105,702.4358476499482,716.0007793968011,45.216945550486145,22.040081256845887,757.0,1761440.75,False,False,False,True,1,-0.08678997649541775
2023-01-17,693.2999877929688,695.0,675.2999877929688,681.4000244140625,1746787,700.4324359131972,714.6438870445369,42.656480796449024,21.872933467573414,757.0,1827035.85,False,False,False,False,0,-0.09986786735262554
2023-01-18,683.2999877929688,694.9000244140625,680.0499877929688,692.0999755859375,856393,699.638868262982,713.7598120853762,46.20228155630912,21.371297978539154,757.0,1877684.85,False,False,False,False,0,-0.08573318945054487
2023-01-19,690.9500122070312,703.7999877929688,689.1500244140625,701.25,1278954,699.7923093807933,713.269231219283,49.10073695076066,20.891202649993946,737.75,1854227.35,False,False,False,False,0,-0.04947475432056925
2023-01-20,705.8499755859375,711.3499755859375,701.25,706.25,964737,700.4073275350036,712.9939672498995,50.66493207874806,20.120400716847058,737.75,1880253.2,False,False,True,False,1,-0.042697390715011885
2023-01-23,706.7000122070312,717.7999877929688,706.7000122070312,712.7999877929688,1252665,701.5875808929051,712.9863602123728,52.71495361495929,19.508228365141466,737.75,1862749.65,False,False,True,False,1,-0.033819060938029444
2023-01-24,711.0,729.0499877929688,711.0,725.5,1287543,703.8649541411999,713.4770911844366,56.490142495628234,19.404068324271986,737.75,1873295.2,False,False,True,False,1,-0.016604540833615733
2023-01-25,724.0499877929688,726.7999877929688,713.1500244140625,718.4000244140625,478845,705.2492465481391,713.67014738952,53.899331993423765,18.993060828174436,737.75,1885310.35,False,False,True,False,1,-0.026228364060911558
2023-01-27,718.2999877929688,720.9500122070312,696.0499877929688,709.9000244140625,1807271,705.6921777734651,713.5222994296981,50.89018265170237,19.41498679859501,737.75,1841273.65,False,False,True,False,1,-0.03774988219035924
2023-01-30,712.4000244140625,716.0999755859375,696.75,710.75,2312104,706.1738751283732,713.4135818050041,51.18367558237336,19.410343140548044,737.75,1832034.25,False,False,True,True,2,-0.0365977634700102
2023-01-31,715.0,715.0499877929688,701.0999755859375,706.9500122070312,2021320,706.2477929453883,713.1601084874366,49.75214199327443,19.0203195024397,737.75,1906805.95,False,False,False,True,1,-0.041748543263935955
2023-02-01,731.0999755859375,774.2999877929688,731.0999755859375,749.7999877929688,10431675,710.3956210261102,714.5969664994183,62.49161577651956,22.472437794118115,737.75,1963662.0,False,True,True,True,2,0.016333429743095484
2023-02-02,747.0,780.0,741.7999877929688,775.0,3157794,716.5484190236236,716.9657129112057,67.68111201298849,23.595835966469053,774.2999877929688,2456614.85,False,True,True,True,2,0.0009040581403423342
2023-02-03,776.0,785.0,764.0499877929688,781.1500244140625,1264712,722.7009528703321,719.4827447348473,68.81508367165047,23.40684855508064,780.0,2564391.5,True,True,True,False,1,0.0014743902744391857
2023-02-06,777.5499877929688,784.0,764.5499877929688,781.0999755859375,1370110,728.2627645575327,721.8991067290078,68.79392942010975,23.124217387362826,785.0,2470634.05,True,False,True,False,1,-0.004968183966958639
2023-02-07,781.0999755859375,788.5,770.7999877929688,781.4000244140625,1090651,733.3234559724403,724.2324760499904,68.8557416939284,22.736774160196283,785.0,2325211.65,True,False,True,False,1,-0.004585956160429894
2023-02-08,782.4500122070312,800.4000244140625,778.5499877929688,796.0499877929688,1183130,739.2974113839193,727.048849059519,71.79348810365514,22.673435764546106,788.5,2184615.8,True,True,True,False,1,0.009575127194633826
2023-02-09,796.0,803.0999755859375,791.0,796.0999755859375,742433,744.7071794031592,729.7567363742804,71.80326154012496,21.918188608931207,800.4000244140625,2160110.05,True,False,True,False,1,-0.005372374683862424
2023-02-10,794.0,797.75,775.0,777.5499877929688,856228,747.8350659164744,731.6309815279545,63.06984766012578,21.977603708293262,803.0999755859375,2108265.15,True,False,True,False,1,-0.03181420566515103
2023-02-13,776.0,780.8499755859375,768.0499877929688,771.2000122070312,770758,750.0602988965275,733.1827082212517,60.36323870612218,21.32205971434151,803.0999755859375,1981279.6,True,False,True,False,1,-0.039721036419696376
2023-02-14,772.0,778.75,765.6500244140625,776.1500244140625,469562,752.5450346601023,734.8677010131266,61.741558228967065,20.73476799088408,803.0999755859375,1863010.75,True,False,True,False,1,-0.033557405044387534
2023-02-15,775.0,784.9500122070312,772.0,782.6500244140625,657492,755.4121765414318,736.7415176170849,63.53473415855864,20.178714006323162,803.0999755859375,1767183.6,True,False,True,False,1,-0.025463767642322277
2023-02-16,783.0,787.7000122070312,777.0499877929688,782.25,565034,757.9681597279621,738.5261639850423,63.33798282921691,19.498093321161686,803.0999755859375,1712718.85,True,False,True,False,1,-0.025961868036075364
2023-02-17,778.25,786.75,774.0499877929688,779.3499755859375,519505,760.0045231430073,740.1270977733127,61.84279616284518,19.012516098723797,803.0999755859375,1698150.9,True,False,True,False,1,-0.029572905892161327
2023-02-20,779.3499755859375,782.4000244140625,768.6500244140625,770.0999755859375,564503,760.9659948042388,741.3025047463568,57.20422665959435,18.6366220916721,803.0999755859375,1660178.45,True,False,True,False,1,-0.04109077450279264
2023-02-21,771.0,776.9000244140625,768.0999755859375,773.4000244140625,439159,762.1501881004125,742.5612310078354,58.40295493074652,17.93400971570445,803.0999755859375,1640166.75,True,False,True,False,1,-0.036981636252953476
2023-02-22,772.9000244140625,774.0499877929688,762.5999755859375,765.4000244140625,675975,762.4596963207601,743.4568699649425,54.42318361847254,17.470867036513507,803.0999755859375,1599491.45,True,False,True,False,1,-0.04694303613241835
2023-02-23,766.4000244140625,767.7000122070312,749.0,751.5,602318,761.415915718783,743.7722868290624,48.26860525962806,17.55866312012192,803.0999755859375,1568913.05,True,False,False,False,0,-0.06425099882276852
2023-02-24,752.0499877929688,764.9000244140625,750.2999877929688,762.8499755859375,843827,761.5524928489882,744.5204314861948,52.94767480001215,17.34733265590562,803.0999755859375,1575086.7,True,False,True,False,1,-0.050118293143557646
2023-02-27,760.0,768.0999755859375,750.0,762.1500244140625,592151,761.6094006170905,745.2117880716014,52.631513526491425,17.40109286519361,803.0999755859375,1526914.5,True,False,True,False,1,-0.050989854833450976
2023-02-28,763.0,770.0,751.4000244140625,756.5,845969,761.1227910345104,745.6544630491857,50.03436131713113,17.48672734524675,803.0999755859375,1440916.85,True,False,True,False,1,-0.05802512389810299
2023-03-01,760.0499877929688,771.9000244140625,757.5999755859375,766.75,779296,761.6587156978904,746.4817390080412,54.427847914688165,17.337677135876447,803.0999755859375,1382149.3,True,False,True,False,1,-0.04526208030253864
2023-03-02,770.6500244140625,771.4000244140625,747.9500122070312,750.0,658126,760.5483618219009,746.6197100273338,47.134129643359195,17.77427249810179,803.0999755859375,899530.35,True,False,False,False,0,-0.06611876130016814
2023-03-03,756.4500122070312,760.2000122070312,749.2999877929688,750.2000122070312,533836,759.5628047157229,746.7601140343808,47.22507526968837,17.28325477781327,803.0999755859375,774546.95,True,False,False,False,0,-0.06586971110329165
2023-03-06,755.0,775.9000244140625,753.0,769.2999877929688,1511840,760.4901554849844,747.6440306523646,55.158295915178876,17.884451737043126,803.0999755859375,738003.15,True,False,True,True,2,-0.04208689929084919
2023-03-08,769.2000122070312,772.0,756.0999755859375,766.5999755859375,736004,761.0720431136466,748.3874010419165,53.924271377540336,17.742706928258794,803.0999755859375,745089.65,True,False,True,False,1,-0.04544888695005844
2023-03-09,764.5499877929688,775.5,762.0499877929688,766.6500244140625,1135186,761.6032794279719,749.1035823506281,53.94483994851774,17.436085876742542,803.0999755859375,727357.3,True,False,True,True,2,-0.04538656740125202
2023-03-10,761.0,762.0,749.5499877929688,752.75,554915,760.7601099586411,749.2465791211918,47.59065407127116,17.412082358481914,803.0999755859375,724960.1,True,False,False,False,0,-0.06269453009160209
2023-03-13,748.0,753.0,737.7999877929688,739.7999877929688,1506345,758.7639078476248,748.8761245593007,42.560761660588454,17.254077347664012,797.75,715584.2,True,False,False,True,1,-0.0726418203786039
2023-03-14,738.9500122070312,748.9000244140625,731.3499755859375,744.2000122070312,955817,757.3768701675683,748.6927476043098,44.699395775400625,17.27521816769694,787.7000122070312,748090.05,True,False,False,True,1,-0.055224069221630145
2023-03-15,746.6500244140625,759.9500122070312,742.1500244140625,746.0,893300,756.293358723038,748.5871496590428,45.591860077296126,17.312701712359214,787.7000122070312,757343.0,True,False,False,True,1,-0.05293895081986011
2023-03-16,747.0,753.7999877929688,739.9000244140625,746.6500244140625,848375,755.374945931707,748.5111839631612,45.931213622524176,17.068934688541145,787.7000122070312,778529.9,True,False,False,True,1,-0.052113732584505246
2023-03-17,753.4000244140625,766.0499877929688,748.0,763.7000122070312,1183335,756.1678093864998,749.1068242864503,54.03035133900505,17.235436737852936,787.7000122070312,788074.05,True,False,True,True,2,-0.030468451984347666
2023-03-20,757.0,768.0,742.8499755859375,745.9500122070312,1266819,755.1946858455981,748.9830277343162,46.2612851121763,17.800764429010762,786.75,818989.1,True,False,False,True,1,-0.05185889773494601
2023-03-21,749.7000122070312,758.1500244140625,742.2000122070312,754.5999755859375,1896931,755.1380467732495,749.2033001990857,50.03199917635684,17.66856784172651,782.4000244140625,856354.8,True,False,True,True,2,-0.03553175864091307
2023-03-22,756.0,761.1500244140625,744.8499755859375,747.0999755859375,1344801,754.3725161839816,749.120816880923,46.955515499953215,17.570816483612116,776.9000244140625,922976.2,True,False,False,True,1,-0.038357636622035396
2023-03-23,748.7999877929688,752.0,740.5999755859375,746.7000122070312,836254,753.6418015195101,749.0258833643,46.79027897928796,17.13004562150143,775.9000244140625,968258.3,True,False,False,False,0,-0.037633730233585516
2023-03-24,741.5,744.6500244140625,722.75,727.6500244140625,1218088,751.1663941761342,748.1876143858593,39.635964644419616,17.617186091896418,775.9000244140625,976272.25,True,False,False,True,1,-0.0621858467351345
2023-03-27,727.6500244140625,729.9500122070312,709.9000244140625,715.8499755859375,1826050,747.8029257389726,746.9194716878231,35.96740737734309,17.790957641973012,775.9000244140625,1007060.75,True,False,False,True,1,-0.07739405456711135
2023-03-28,717.8499755859375,737.0,717.8499755859375,732.1500244140625,1411125,746.3121732318384,746.3402776770874,43.716906203662866,18.030890982836546,775.9000244140625,1056171.9,False,False,False,True,1,-0.05638613045931884
2023-03-29,732.1500244140625,751.5,730.7000122070312,747.8499755859375,1143861,746.4586305988954,746.3994815166502,49.99438665132684,18.228683612131704,775.9000244140625,1097120.6,True,False,False,True,1,-0.03615162771686675
2023-03-31,748.5,764.0999755859375,748.5,761.2999877929688,1255439,747.8720931888072,746.9838150961137,54.65989517097466,18.08734906840801,775.9000244140625,1112015.2,True,False,True,True,2,-0.01881690444863604
2023-04-03,764.0,780.7999877929688,764.0,778.5999755859375,1271784,750.79855817901,748.2236645270873,59.8489148440101,18.188252706378865,775.9000244140625,1135822.35,True,True,True,True,2,0.003479766834540321
2023-04-05,778.9500122070312,791.5999755859375,775.3499755859375,782.6500244140625,2070273,753.8320311537769,749.5737178559883,60.97493352259552,18.04980608449466,780.7999877929688,1166505.25,True,True,True,True,2,0.0023694116931574083
2023-04-06,795.0,847.0499877929688,795.0,841.4000244140625,12172829,762.1718400357089,753.1747494857167,72.86359412123085,21.36053160552406,791.5999755859375,1243327.1,True,True,True,True,2,0.06291062451241647
2023-04-10,847.7999877929688,847.7999877929688,827.0999755859375,829.2000122070312,2850243,768.5554754805968,756.1561323375329,68.21615617956074,21.313351648488858,847.0499877929688,1776376.55,True,False,True,True,2,-0.021073107659733914
2023-04-11,835.5499877929688,842.2999877929688,821.5999755859375,840.8499755859375,2938742,775.4406659668197,759.4774595237449,70.17260001942286,21.269541688384745,847.7999877929688,1882088.5,True,False,True,True,2,-0.008197702650508232
2023-04-12,835.8499755859375,839.5,818.8499755859375,820.25,1745975,779.7082215890273,761.8606964051667,62.81022180698366,21.32171728207155,847.7999877929688,1972266.3,True,False,True,False,1,-0.03249585773725727
2023-04-13,821.0,826.2999877929688,815.3499755859375,820.9500122070312,2265370,783.6360111716943,764.177924475828,62.95246564313654,20.580881205282957,847.7999877929688,2031819.3,True,False,True,True,2,-0.031670176896126834
2023-04-17,821.0,839.9000244140625,819.2999877929688,836.4500122070312,2526926,788.6659160322026,767.0121239946988,66.04898238270277,20.582249449269444,847.7999877929688,2069770.55,True,False,True,True,2,-0.01338756280886988
2023-04-18,833.3499755859375,851.9000244140625,833.1500244140625,839.5999755859375,1240081,793.5167788468441,769.8587064100415,66.65887429126548,20.451374488607343,847.7999877929688,2148326.0,True,False,True,False,1,-0.009672107012383746
2023-04-19,840.0,851.1500244140625,838.2000122070312,846.9000244140625,1267087,798.6008974722935,772.8799345670619,68.08953973585983,19.91556289706619,851.9000244140625,2165665.05,True,False,True,False,1,-0.005869233309905075
2023-04-20,846.9000244140625,850.7000122070312,838.75,843.2999877929688,554220,802.8579536933103,775.6415052818033,66.57242631171763,19.346594990635126,851.9000244140625,2186600.65,True,False,True,False,1,-0.010095124280585455
2023-04-21,839.9500122070312,844.7999877929688,823.1500244140625,837.3499755859375,990268,806.1429081592747,778.0614452937302,64.03299151621388,19.511121304083062,851.9000244140625,2155144.9,True,False,True,False,1,-0.017079526248555466
2023-04-24,839.9500122070312,851.4000244140625,838.0,840.3499755859375,1881240,809.4007241046712,780.5041327561697,64.76283827134478,19.121044698657485,851.9000244140625,2141317.35,True,False,True,False,1,-0.013557986262612398
2023-04-25,841.9500122070312,845.9500122070312,836.0,838.5499877929688,839455,812.1768444559377,782.7804407968285,63.924674513477015,18.465970949255613,851.9000244140625,2140532.8,True,False,True,False,1,-0.015670895924995376
2023-04-26,840.0,845.0,835.0,838.2999877929688,458067,814.6647628689883,784.9576779339321,63.801168878777254,17.8612587385945,851.9000244140625,2115265.5,True,False,True,False,1,-0.01596435759049053
2023-04-27,838.4500122070312,857.0,832.5499877929688,854.4000244140625,1635790,818.4490734923287,787.6809072076628,68.07850177359384,18.33188398633998,851.9000244140625,2096356.15,True,True,True,False,1,0.0029346166549526487
2023-04-28,860.9500122070312,873.9500122070312,855.9000244140625,871.0999755859375,1499674,823.4634451202915,790.9522432224971,71.80062697801065,18.41889140109918,857.0,2117241.25,True,True,True,False,1,0.016452713635866312
2023-05-02,874.75,894.9000244140625,871.1500244140625,874.7000122070312,2287265,828.3431181761715,794.2364694571849,72.54385765933543,18.803259788743883,873.9500122070312,2100922.45,True,True,True,True,2,0.0008581726523533284
2023-05-03,875.1500244140625,888.0,871.25,886.5999755859375,1796299,833.891390310435,797.8585677367438,74.89890793699648,18.65659837526218,894.9000244140625,2144729.45,True,False,True,False,1,-0.009274833614581146
2023-05-04,920.0499877929688,970.0,920.0499877929688,950.2000122070312,12337614,844.9684019196346,803.8327420296962,83.19528191886064,23.28112880660506,894.9000244140625,2177351.35,True,True,True,True,2,0.061794598596839334
2023-05-05,950.0,999.0,947.0499877929688,991.8499755859376,6761930,858.9571232211873,811.205966875039,86.37194718119649,25.32890619234979,970.0,2731460.1,True,True,True,True,2,0.02252574802673979
2023-05-08,990.0,1004.9500122070312,978.5,1001.9000244140624,3345621,872.5707328586041,818.6841652099027,87.01004337632264,25.40898519339847,999.0,3005967.4,True,True,True,True,2,0.0029029273414038492
2023-05-09,999.9500122070312,1007.9500122070312,978.5499877929688,983.5499877929688,2050600,883.1401857094959,825.1494915857093,79.67461057053096,25.6940594234459,1004.9500122070312,3069734.8,True,False,True,False,1,-0.021294615805879324
2023-05-10,986.9500122070312,994.7999877929688,976.0499877929688,989.5999755859376,1990297,893.2792133167761,831.5985301739536,80.26533953190419,25.198055178914053,1007.9500122070312,2563623.35,True,False,True,False,1,-0.01820530423023059
2023-05-11,1003.0999755859376,1005.9500122070312,985.0999755859376,998.8499755859376,1466977,903.3335716281248,838.1574103861883,81.16659943375718,24.887482424784025,1007.9500122070312,2520626.05,True,False,True,False,1,-0.009028261829342132
2023-05-12,1000.5,1021.0,993.4500122070312,1005.0499877929688,2231644,913.0208493581099,844.702217343317,81.76763328512871,25.077661379654366,1007.9500122070312,2447037.8,True,False,True,False,1,-0.002877151028266356
2023-05-15,1005.0499877929688,1015.0,998.8499755859376,1003.5,1414453,921.6379113240042,850.9295813690693,81.07107646982772,24.439973024969227,1021.0,2471321.25,True,False,True,False,1,-0.017140058765915733
2023-05-16,1003.5,1024.9000244140625,1003.1500244140624,1020.4000244140624,2314978,931.0438268563906,857.575481096324,82.79231587871837,24.247832094614292,1021.0,2428775.4,True,False,True,False,1,-0.000587635245776319
2023-05-17,1019.75,1024.0,1007.2000122070312,1011.5999755859376,1389487,938.7158410211094,863.6156573508187,78.77543803900713,23.71584321592533,1024.9000244140625,2418178.0,True,False,True,False,1,-0.012976923125481044
2023-05-18,1011.5999755859376,1049.949951171875,1011.0999755859376,1042.300048828125,3347392,948.5810036693965,870.6228883891445,82.04776143445392,24.796852670926192,1024.9000244140625,2425648.3,True,True,True,True,2,0.016977289491245884
2023-05-19,1043.0,1049.1500244140625,1025.9000244140625,1043.4000244140625,1114239,957.61138659746,877.398462350906,82.15392816325453,24.686363194431465,1049.949951171875,2529663.55,True,False,True,False,1,-0.006238322836723764
2023-05-22,1040.949951171875,1056.5,1034.3499755859375,1053.699951171875,975036,966.76267846169,884.3122462262382,83.15829345192502,24.505196138690827,1049.949951171875,2557664.5,True,True,True,False,1,0.0035715988136524324
2023-05-23,1055.0,1069.800048828125,1051.0999755859375,1060.6500244140625,2106878,975.7043304571541,891.227453213996,83.82000303182886,24.090544503226305,1056.5,2556902.9,True,True,True,False,1,0.003928087471900099
2023-05-24,1060.0,1067.449951171875,1050.0,1052.199951171875,1530243,982.9896276680798,897.5401001927364,79.71892048698543,23.616216408129784,1069.800048828125,2568184.8,True,False,True,False,1,-0.01645176374363544
2023-05-25,1052.199951171875,1064.0,1047.949951171875,1059.449951171875,1180607,990.2715632398699,903.889506113487,80.5961262870457,23.07577586670087,1069.800048828125,2602724.2,True,False,True,False,1,-0.009674796395445773
2023-05-26,1060.050048828125,1063.4000244140625,1041.5999755859375,1049.699951171875,1013930,995.9314097095847,909.6075627824433,75.84508132251597,22.984652506802597,1069.800048828125,2638851.2,True,False,True,False,1,-0.018788649036114657
2023-05-29,1056.0,1061.800048828125,1051.0,1055.4000244140625,758768,1001.5950873004874,915.3249142189775,76.7094810881301,22.207184303191696,1069.800048828125,2607758.2,True,False,True,False,1,-0.013460482105825733
2023-05-30,1058.0,1058.0,1036.75,1046.300048828125,1051231,1005.8527026840719,920.4611940075715,72.26345258558062,22.13881399582086,1069.800048828125,2570712.9,True,False,True,False,1,-0.021966721749304696
2023-05-31,1046.5,1057.800048828125,1036.6500244140625,1050.9000244140625,2135788,1010.1429238012139,925.5764422588064,73.11182115197148,22.06818616855241,1069.800048828125,2508911.2,True,False,True,False,1,-0.017666875632288415
2023-06-01,1051.0,1051.0,1038.0,1043.9000244140625,847659,1013.3578857643423,930.2165827354831,69.6219794184173,21.42045858508438,1069.800048828125,2525885.65,True,False,True,False,1,-0.024210154451230204
2023-06-02,1045.9000244140625,1049.6500244140625,1036.300048828125,1039.300048828125,1447106,1015.828567960893,934.4943657195083,67.34699451382943,20.84399551371675,1069.800048828125,1951387.9,True,False,True,False,1,-0.028510000568246485
2023-06-05,1041.1500244140625,1057.0,1036.550048828125,1048.550048828125,1064602,1018.944899472058,938.9671376061208,69.50490317803796,20.815849489299485,1069.800048828125,1685646.7,True,False,True,False,1,-0.019863524986073355
2023-06-06,1048.550048828125,1061.0,1044.75,1057.25,734902,1022.5930042842429,943.6056812294103,71.41810457440145,20.48971738292095,1069.800048828125,1571595.75,True,False,True,False,1,-0.011731209810536547
2023-06-07,1061.0,1077.0,1055.800048828125,1073.199951171875,1250088,1027.4127135116364,948.6878094624482,74.56827285412422,20.540448367846242,1069.800048828125,1505810.85,True,True,True,False,1,0.003178072713190039
2023-06-08,1073.199951171875,1081.75,1058.699951171875,1061.5999755859375,746564,1030.6686432329984,953.1157375457224,68.64283634184306,20.71970554358044,1077.0,1468800.4,True,False,True,False,1,-0.014299001312964243
2023-06-09,1060.949951171875,1071.0,1056.0,1065.699951171875,399906,1034.004958274796,957.530804746748,69.56343591322099,20.31115514761041,1081.75,1432779.75,True,False,True,False,1,-0.01483711470129423
2023-06-12,1067.5,1076.0,1054.300048828125,1073.0999755859375,492042,1037.7282932568096,962.0629290933829,71.20653764013642,20.41035486362931,1081.75,1341192.85,True,False,True,False,1,-0.007996324857002524
2023-06-13,1080.25,1104.4000244140625,1075.5999755859375,1101.800048828125,1729173,1043.8303652159825,967.5428161418042,76.5042928187759,21.18819014680757,1081.75,1295072.3,True,True,True,True,2,0.018534826741968935
2023-06-14,1103.0,1103.0,1084.1500244140625,1099.300048828125,2229661,1049.1131922266627,972.7097664432287,75.20623649693991,21.02117482103114,1104.4000244140625,1265782.05,True,False,True,True,2,-0.004617869859830259
2023-06-15,1103.5999755859375,1123.550048828125,1096.5999755859375,1112.9000244140625,1371182,1055.1881286254627,978.2074236185556,77.4479333466128,21.444667565399453,1104.4000244140625,1307790.75,True,True,True,True,2,0.00769648661001221
2023-06-16,1112.9000244140625,1131.0,1112.0,1126.6500244140625,1238110,1061.9940234624721,984.0287020811245,79.46905569728301,21.270048453585208,1123.550048828125,1208980.25,True,True,True,True,2,0.002759089894723177
2023-06-19,1128.449951171875,1149.9000244140625,1127.550048828125,1132.25,1000080,1068.6850688469985,989.8413019995118,80.2455517998318,21.41147356404341,1131.0,1215173.8,True,True,True,False,1,0.001105216622458105
2023-06-20,1132.25,1136.3499755859375,1117.050048828125,1121.9000244140625,1192136,1073.7531598533856,995.0200754275334,74.62772394815671,21.260648792169775,1149.9000244140625,1216426.0,True,False,True,False,1,-0.024349942956360504
2023-06-21,1126.9000244140625,1155.0,1125.0999755859375,1134.3499755859375,1068007,1079.5242851612477,1000.4839930808041,76.73741311809628,22.106314991724613,1149.9000244140625,1170688.9,True,False,True,False,1,-0.013522957211909437
2023-06-22,1135.0,1135.0,1095.0,1100.199951171875,824251,1081.493396209879,1004.3944228098658,61.60570288156549,23.38443534945857,1155.0,1147577.1,True,False,True,False,1,-0.047445929721320335
2023-06-23,1100.25,1106.050048828125,1077.3499755859375,1090.1500244140625,976315,1082.3178369912298,1007.7573875786579,57.98217250207167,23.76412377036778,1155.0,1129759.3,True,False,True,False,1,-0.0561471650094697
2023-06-26,1090.0,1090.0,1068.050048828125,1077.5999755859375,1188620,1081.8685168573925,1010.4963125985513,53.731957911110925,23.64525604290848,1155.0,1127878.55,True,False,True,True,2,-0.06701300815070343
2023-06-27,1077.0,1098.0,1071.449951171875,1093.8499755859375,2266411,1083.009608164873,1013.7650836960959,58.02262020766709,23.852741241852517,1155.0,1149371.15,True,False,True,True,2,-0.052943744081439426
2023-06-28,1102.0,1131.1500244140625,1095.949951171875,1127.5,2480325,1087.246788339647,1018.2252764923275,65.21608846658427,24.81326321230055,1155.0,1210130.15,True,False,True,True,2,-0.023809523809523836
2023-06-30,1128.0999755859375,1147.449951171875,1119.4000244140625,1142.0,1324535,1092.4613799263473,1023.0791872181185,67.7784299365742,25.044453465551406,1155.0,1227357.0,True,False,True,True,2,-0.011255411255411296
2023-07-03,1146.550048828125,1176.0,1145.0,1169.1500244140625,1283781,1099.7650603537486,1028.8074553434496,71.94564389002596,25.684135360869163,1155.0,1251200.8,True,True,True,True,2,0.012251103388798645
2023-07-04,1176.1500244140625,1214.5999755859375,1162.699951171875,1187.25,2333220,1108.0969593676773,1035.0208884672359,74.32922797985589,27.55669886466869,1176.0,1243034.55,True,True,True,True,2,0.00956632653061229
2023-07-05,1187.25,1205.25,1177.25,1186.449951171875,1314398,1115.559149063315,1040.959283083104,74.02982227786424,27.58836323147807,1214.5999755859375,1306465.45,True,False,True,True,2,-0.023176374921695997
2023-07-06,1188.9000244140625,1200.0,1155.25,1165.5,2164923,1120.3154205810947,1045.8432327661196,66.4783461082847,28.814194429229637,1214.5999755859375,1335440.25,True,False,True,True,2,-0.040424811932217475
2023-07-07,1170.0,1190.0,1160.5,1176.75,2423669,1125.6901424305142,1050.9768314811738,68.34564081538522,28.86318054142752,1214.5999755859375,1381182.0,True,False,True,True,2,-0.031162503167084465
2023-07-10,1188.6500244140625,1193.199951171875,1141.4000244140625,1151.3499755859375,1855765,1128.1339360643642,1054.9130332107725,60.19297679461294,30.50151955688359,1214.5999755859375,1465037.25,True,False,True,True,2,-0.05207475816841467
2023-07-11,1157.699951171875,1174.699951171875,1128.5999755859375,1132.0,2060175,1128.5021326296628,1057.9360515162325,54.82738950908507,31.615694987530297,1214.5999755859375,1537830.2,True,False,True,True,2,-0.068005909143947
2023-07-12,1138.75,1151.75,1121.4000244140625,1148.550048828125,1741178,1130.4114579818972,1061.489541606895,58.25491237723986,31.5252864588451,1214.5999755859375,1616236.85,True,False,True,True,2,-0.05437998360402507
2023-07-13,1154.550048828125,1164.9000244140625,1142.0,1150.800048828125,1156904,1132.353228538681,1064.9919144391001,58.71356144562994,30.9091963127892,1214.5999755859375,1616837.1,True,False,True,False,1,-0.052527521850998404
2023-07-14,1167.050048828125,1175.0,1152.75,1164.3499755859375,1162429,1135.4005377812766,1068.8883089938781,61.45974071157157,30.429964517009616,1214.5999755859375,1563199.25,True,False,True,False,1,-0.04137164581759423
2023-07-17,1166.25,1173.6500244140625,1160.4000244140625,1164.6500244140625,1017237,1138.1862031748751,1072.643670382905,61.52077690321359,29.202824194366073,1214.5999755859375,1552761.6,True,False,True,False,1,-0.041124610716197774
2023-07-18,1167.0,1167.949951171875,1134.3499755859375,1145.949951171875,1648553,1138.9256077460182,1075.5184264922764,55.609788649836965,29.516906436621177,1214.5999755859375,1541717.95,True,False,True,True,2,-0.05652068647617492
2023-07-19,1147.0999755859375,1173.75,1143.550048828125,1170.300048828125,855773,1141.9136497538377,1079.235352858388,60.8805473876103,29.565695346282165,1214.5999755859375,1574141.6,True,False,True,False,1,-0.036472853324767796
2023-07-20,1175.449951171875,1177.800048828125,1127.9000244140625,1158.550048828125,2683274,1143.4980687132936,1082.3457330924953,57.342340814883315,31.01814742255219,1214.5999755859375,1557323.45,True,False,True,True,2,-0.04614682025724015
2023-07-21,1158.550048828125,1164.199951171875,1131.699951171875,1134.75,1743039,1142.6649193120277,1084.4008023829856,50.89073236608335,31.123994035227035,1214.5999755859375,1638086.8,True,False,True,True,2,-0.06574178922358109
2023-07-24,1135.0,1149.4000244140625,1128.6500244140625,1145.3499755859375,1186393,1142.920638957162,1086.7909660380033,53.405176306333885,30.382994461282248,1214.5999755859375,1684026.2,True,False,True,False,1,-0.0570146561764856
2023-07-25,1145.5,1154.199951171875,1120.0,1127.4000244140625,1848535,1141.4424851911524,1088.383478131182,48.84442307888068,30.655634226324587,1214.5999755859375,1694530.1,True,False,False,True,1,-0.07179314418297156
2023-07-26,1137.0,1152.800048828125,1130.0,1141.550048828125,1192657,1141.4527293470544,1090.468441687925,52.30244646590215,30.280233525448725,1214.5999755859375,1727525.85,True,False,True,False,1,-0.060143197946774474
2023-07-27,1142.75,1155.8499755859375,1130.5,1135.949951171875,1048117,1140.9286552351327,1092.2520302951389,50.837760748041426,29.928072244055066,1214.5999755859375,1673838.15,True,False,True,False,1,-0.06475384982295984
2023-07-28,1139.9000244140625,1151.949951171875,1127.25,1137.5999755859375,1541596,1140.6116381256854,1094.0303810908565,51.27076433658742,29.554635024613635,1214.5999755859375,1602227.75,True,False,True,False,1,-0.06339535777024385
2023-07-31,1119.199951171875,1144.800048828125,1119.199951171875,1132.0999755859375,1153814,1139.8010035980903,1095.5233063651733,49.69943122955399,29.27216806973052,1214.5999755859375,1613080.8,True,False,False,False,0,-0.06792359761097555
2023-08-01,1135.9000244140625,1138.449951171875,1125.0,1130.449951171875,1034376,1138.910427176546,1096.8929787105342,49.21214612278648,28.1420097198837,1214.5999755859375,1606582.45,True,False,False,False,0,-0.06928208966369154
2023-08-02,1099.0,1126.4000244140625,1073.449951171875,1099.4000244140625,9033508,1135.1475316753572,1096.9912942283197,41.05477393767037,30.20329473989201,1205.25,1541640.25,True,False,False,True,1,-0.08782408262678909
2023-08-03,1099.949951171875,1106.199951171875,1051.0,1070.449951171875,2445500,1128.985857341692,1095.950457245714,35.19671340748299,31.988770199319365,1200.0,1927595.75,True,False,False,True,1,-0.10795837402343755
2023-08-04,1083.9000244140625,1092.0,1072.1500244140625,1085.300048828125,1562887,1124.8253041499238,1095.5327941705145,39.931509033623286,31.243147244234052,1193.199951171875,1941624.6,True,False,False,False,0,-0.09042902007981013
2023-08-07,1082.0,1083.800048828125,1063.199951171875,1067.949951171875,1332355,1119.4086038663002,1094.451114052921,36.56963009657444,30.590072273663765,1193.199951171875,1898585.5,True,False,False,False,0,-0.1049698333267517
2023-08-08,1067.949951171875,1073.300048828125,1050.949951171875,1057.800048828125,1948626,1113.541122434093,1093.0138173774387,34.72764422537493,30.00150265813421,1177.800048828125,1872415.0,True,False,False,True,1,-0.10188486587294365
2023-08-09,1057.800048828125,1065.9000244140625,1049.8499755859375,1055.6500244140625,847254,1108.0276845274234,1091.5485705945614,34.33314556469976,29.00497024170498,1177.800048828125,1866837.55,True,False,False,False,0,-0.1037103237816962
2023-08-10,1054.5999755859375,1070.699951171875,1038.25,1060.25,2808684,1103.477428858145,1090.3211756692845,36.00805879397373,29.251040308145697,1177.800048828125,1822141.35,True,False,False,True,1,-0.0998047579850958
2023-08-11,1064.949951171875,1066.75,1040.0,1043.25,1319743,1097.7414832526074,1088.4752472116656,32.689618349290384,29.072394571849575,1177.800048828125,1904730.35,True,False,False,False,0,-0.11423844731709609
2023-08-14,1038.550048828125,1041.9000244140625,1022.0999755859376,1037.800048828125,899825,1092.0327752121805,1086.487984529958,31.681596939048887,28.50651098915049,1177.800048828125,1912596.05,True,False,False,False,0,-0.11886567685176763
2023-08-16,1032.550048828125,1032.550048828125,1012.5,1017.1500244140624,1521299,1084.9010846599788,1083.7688488391389,28.14074230910778,28.277477977648672,1177.800048828125,1906725.45,True,False,False,False,0,-0.13639838491593248
2023-08-17,1017.0,1036.300048828125,1015.0,1020.7999877929688,875661,1078.7962182916922,1081.2994817392891,29.63764652299723,27.779090181254123,1177.800048828125,1900362.75,False,False,False,False,0,-0.1332994180050905
2023-08-18,1018.9000244140624,1020.0,997.25,1016.9500122070312,2064231,1072.9061034264864,1078.775973130181,28.952549240209407,27.47701143923374,1177.800048828125,1901357.15,False,False,False,True,1,-0.1365682033899851
2023-08-21,1028.949951171875,1052.25,1018.25,1044.8499755859375,2226515,1070.234091251196,1077.4455418539362,39.81074865821197,28.035795464500524,1164.199951171875,1870405.0,False,False,False,True,1,-0.10251673302837772
2023-08-22,1046.949951171875,1069.5999755859375,1041.0,1062.3499755859375,1345173,1069.4832230926002,1076.8535588630343,45.44296316681842,28.076094044603163,1155.8499755859375,1894578.8,False,False,False,False,0,-0.08089285112680977
2023-08-23,1062.949951171875,1090.050048828125,1057.800048828125,1086.449951171875,1946131,1071.099101957293,1077.229887973185,52.09163412710035,28.374230184274364,1155.8499755859375,1902517.8,False,False,True,True,2,-0.0600424154344783
2023-08-24,1095.0,1105.0,1081.0999755859375,1085.050048828125,1591659,1072.427763564039,1077.5365609478886,51.69752216610804,28.05464405783066,1155.8499755859375,1907397.6,False,False,True,False,1,-0.061253560802232765
2023-08-25,1085.9000244140625,1090.800048828125,1063.75,1082.199951171875,1337630,1073.3584480981185,1077.719438995888,50.85394853296691,27.98288725570883,1155.8499755859375,1927347.7,False,False,True,False,1,-0.06371936321296967
2023-08-28,1082.550048828125,1102.0,1075.0999755859375,1092.949951171875,1401965,1075.2243055337144,1078.3167139831817,53.908896261515046,27.90553990987695,1151.949951171875,1941823.35,False,False,True,False,1,-0.0512175029305566
2023-08-29,1092.949951171875,1103.0,1077.5999755859375,1099.050048828125,2051824,1077.493423942706,1079.1297859378853,55.595657465244116,27.726574517318777,1144.800048828125,1934841.8,False,False,True,True,2,-0.03996331066445358
2023-08-30,1101.25,1121.5999755859375,1097.5,1116.0999755859375,1368163,1081.1702383849185,1080.5795972966325,60.00169777632931,27.46753173650583,1138.449951171875,1979742.3,True,False,True,False,1,-0.0196319351262928
2023-08-31,1119.949951171875,1129.449951171875,1113.699951171875,1121.8499755859375,2611207,1085.04449907073,1082.1980435040564,61.392992605971116,26.63056518389827,1126.4000244140625,1996431.65,True,False,True,True,2,-0.004039460874916023
2023-09-01,1124.0,1134.0,1116.5,1128.8499755859375,881841,1089.2164492150355,1084.0275310366792,63.07679782250518,25.978381956476966,1129.449951171875,1675316.6,True,False,True,False,1,-0.0005312104226619097
2023-09-04,1131.0999755859375,1137.5,1100.300048828125,1103.949951171875,1221908,1090.6196398775917,1084.8088024145302,54.04689855737511,26.779922614719684,1134.0,1597133.65,True,False,True,False,1,-0.026499161224096124
2023-09-05,1105.9000244140625,1112.25,1084.3499755859375,1096.75,2236203,1091.2034836987734,1085.277084672784,51.740378015539214,26.859929886101316,1137.5,1580084.7,True,False,True,True,2,-0.03582417582417585
2023-09-06,1096.75,1117.0,1091.199951171875,1104.8499755859375,2224003,1092.503149592789,1086.0446490223194,54.11292990872313,26.784224096245865,1137.5,1625277.1,True,False,True,True,2,-0.028703318166208747
2023-09-07,1104.8499755859375,1134.0,1098.3499755859375,1129.25,1855634,1096.0028496315708,1087.7389765116402,60.4246509081891,27.41749554751848,1137.5,1639045.95,True,False,True,True,2,-0.007252747252747271
2023-09-08,1132.0,1186.699951171875,1132.0,1175.949951171875,4004318,1103.616859302076,1091.1982304198848,69.16630920709052,29.562670949258234,1137.5,1689464.95,True,True,True,True,2,0.033802154876373613
2023-09-11,1185.0,1201.25,1158.75,1184.4000244140625,3363778,1111.3104940746462,1094.853202733382,70.43870228403173,30.486765881454073,1186.699951171875,1749246.65,True,False,True,True,2,-0.0019380861653708337
2023-09-12,1182.0999755859375,1191.449951171875,1124.449951171875,1166.050048828125,4153703,1116.523785003549,1097.6452359135678,64.23921581832532,33.094854032778784,1201.25,1851448.4,True,False,True,True,2,-0.029302768925598355
2023-09-13,1149.75,1165.300048828125,1131.0999755859375,1160.199951171875,1529374,1120.6834198767228,1100.0983620021289,62.355011300721124,33.2273696905937,1201.25,2014142.3,True,False,True,False,1,-0.034172777380332975
2023-09-14,1162.199951171875,1214.0,1159.550048828125,1208.550048828125,3511627,1129.051670253047,1104.3513693286386,70.14822937361724,34.74326836782808,1201.25,2014546.05,True,True,True,True,2,0.006077043769511015
2023-09-15,1215.0,1240.0,1201.5,1227.0999755859375,4663976,1138.3896040942745,1109.1650401622583,72.50038373185303,35.011606341554646,1214.0,2146344.35,True,True,True,True,2,0.010790754189404783
2023-09-18,1230.0,1230.0,1178.300048828125,1193.550048828125,3265543,1143.6429797832127,1112.4742561883709,62.85403523324054,36.20363097229182,1240.0,2276331.6,True,False,True,True,2,-0.03745963804183472
2023-09-20,1185.0,1216.449951171875,1172.550048828125,1199.0,1903238,1148.9150769467162,1115.8674226123564,63.6989778488802,36.753364641681685,1240.0,2328283.0,True,False,True,False,1,-0.03306451612903227
2023-09-21,1189.050048828125,1208.949951171875,1177.3499755859375,1188.199951171875,1528387,1152.6564935395884,1118.7039923597886,60.74994731613545,36.385265423414246,1240.0,2356186.25,True,False,True,False,1,-0.041774232925907206
2023-09-22,1188.25,1217.949951171875,1183.0,1188.199951171875,2166139,1156.0415847426632,1121.4293240779098,60.74994731613545,36.282742976875724,1240.0,2335299.05,True,False,True,False,1,-0.041774232925907206
2023-09-25,1185.199951171875,1196.9000244140625,1170.199951171875,1183.0999755859375,2145513,1158.6185743467847,1123.8477809997933,59.247738426152615,35.59826656725514,1240.0,2364023.05,True,False,True,False,1,-0.045887116462953625
2023-09-26,1183.0999755859375,1205.800048828125,1176.050048828125,1195.050048828125,1981333,1162.0882385831028,1126.6400267969827,61.64125254184016,35.18053324102263,1240.0,2404417.2,True,False,True,False,1,-0.03624996062247987
2023-09-27,1197.0,1205.4000244140625,1188.699951171875,1198.300048828125,791892,1165.536982415962,1129.4502237393804,62.289945105999514,33.86050038396298,1240.0,2433385.6,True,False,True,False,1,-0.03362899288054433
2023-09-28,1201.0,1249.449951171875,1200.0,1219.800048828125,3303876,1170.7048935028347,1132.9933541350174,66.34472619736997,35.09545766680491,1240.0,2370389.0,True,False,True,True,2,-0.016290283203124978
2023-09-29,1245.0,1246.699951171875,1201.0,1217.550048828125,1374721,1175.166336867148,1136.3093029465117,65.55037208038861,35.85292148859563,1249.449951171875,2467174.65,True,False,True,False,1,-0.025531156581206527
2023-10-03,1218.449951171875,1257.8499755859375,1213.75,1253.800048828125,3584950,1182.6552618158123,1140.916783177163,71.47593188507032,36.441996781262915,1249.449951171875,2405350.35,True,True,True,True,2,0.0034816101694750134
2023-10-04,1253.0,1253.0,1206.0,1209.6500244140625,4231028,1185.2261915870743,1143.6122044021395,58.318804406682304,37.25328621318164,1257.8499755859375,2540505.8,True,False,True,True,2,-0.038319316379063606
2023-10-05,1221.800048828125,1221.800048828125,1185.3499755859375,1199.25,2974607,1186.5617923883053,1145.7940787393104,55.71698609223877,37.19591385811063,1257.8499755859375,2690961.8,True,False,True,True,2,-0.046587412428608754
2023-10-06,1211.5,1227.0,1199.0,1219.550048828125,2503438,1189.7035310968597,1148.6864697231856,59.513827703830124,36.53906286824559,1257.8499755859375,2727882.0,True,False,True,False,1,-0.03044872401414278
2023-10-09,1209.949951171875,1222.699951171875,1204.9000244140625,1219.550048828125,1641174,1192.5460565950755,1151.465433609654,59.51382770383013,35.2005531460718,1257.8499755859375,2741853.75,True,False,True,False,1,-0.03044872401414278
2023-10-10,1225.0,1263.949951171875,1219.5999755859375,1259.1500244140625,2009992,1198.8892916254551,1155.6883587392388,66.09135865488781,35.85764951733453,1257.8499755859375,2731130.75,True,True,True,False,1,0.0010335483987424787
2023-10-11,1259.0,1272.9000244140625,1251.699951171875,1259.699951171875,2083878,1204.6807830108285,1159.7672447169891,66.17354643797617,34.81067978339546,1263.949951171875,2631414.45,True,False,True,False,1,-0.003362474911336122
2023-10-12,1259.0,1260.5999755859375,1241.1500244140625,1244.5999755859375,607389,1208.4826108751245,1163.0940184765557,61.747914921619625,33.713484882572565,1272.9000244140625,2567419.45,True,False,True,False,1,-0.022232734924450992
2023-10-13,1244.5999755859375,1261.0,1241.1500244140625,1257.800048828125,843324,1213.1795097277911,1166.8079804511272,64.01367106061824,32.7232342185272,1272.9000244140625,2390103.75,True,False,True,False,1,-0.011862656372316649
2023-10-16,1257.800048828125,1257.800048828125,1238.800048828125,1245.699951171875,1301523,1216.2766946272277,1169.90178322449,60.477378189333834,31.743003202918118,1272.9000244140625,2355801.25,True,False,True,False,1,-0.021368585686616037
2023-10-17,1247.050048828125,1257.5999755859375,1237.699951171875,1244.6500244140625,1228315,1218.978916511688,1172.8330868005514,60.166788428631136,30.897076146571287,1272.9000244140625,2245296.05,True,False,True,False,1,-0.02219341618207915
2023-10-18,1248.699951171875,1248.699951171875,1211.800048828125,1218.449951171875,1993050,1218.9285388602775,1174.6219834425642,52.870001183355846,31.32584944636977,1272.9000244140625,2073513.0,True,False,True,False,1,-0.04277639421623214
2023-10-19,1207.5,1216.75,1193.3499755859375,1197.300048828125,2532926,1216.8686826667392,1175.511319340037,47.82753078389642,30.88114417062461,1272.9000244140625,2009888.35,True,False,False,True,1,-0.059391919346326816
2023-10-20,1190.050048828125,1203.300048828125,1184.0999755859375,1187.1500244140625,1725399,1214.0383342617224,1175.9677391468615,45.58075883884848,30.04678196145053,1272.9000244140625,2041372.75,True,False,False,False,0,-0.06736585619870039
2023-10-23,1186.0,1198.75,1161.1500244140625,1167.25,1121828,1209.5823024272727,1175.6258670234552,41.46772357555391,30.58629579177103,1272.9000244140625,2051223.35,True,False,False,False,0,-0.08299946766258803
2023-10-25,1166.0,1172.8499755859375,1131.4000244140625,1147.050048828125,1758063,1203.6268497035444,1174.5052467020696,37.74452468656463,31.36227117606417,1272.9000244140625,1999007.8,True,False,False,False,0,-0.0988687038825915
2023-10-26,1144.449951171875,1144.449951171875,1114.6500244140625,1134.5,1472625,1197.0433402079686,1172.936413498067,35.60555987544335,31.43639640734977,1272.9000244140625,1979635.3,True,False,False,False,0,-0.10872811828075057
2023-10-27,1136.050048828125,1185.199951171875,1135.0999755859375,1168.050048828125,2141573,1194.2820743622692,1172.7447913541478,44.637799438913476,32.812364604815855,1272.9000244140625,1954199.9,True,False,False,True,1,-0.08237094318086902
2023-10-30,1166.0,1168.1500244140625,1137.4000244140625,1155.6500244140625,872127,1190.602831510059,1172.0744083368897,42.27748281561815,32.66505284732901,1272.9000244140625,2021683.95,True,False,False,False,0,-0.09211249725128423
2023-10-31,1157.0,1165.550048828125,1126.199951171875,1137.300048828125,1506570,1185.5263760165415,1170.710707963997,38.991710893100326,33.142556047966224,1272.9000244140625,1900096.5,True,False,False,False,0,-0.10652837849410557
2023-11-01,1142.949951171875,1164.0,1135.199951171875,1149.0,1196729,1182.0476735387756,1169.8593076516834,42.08251330138024,32.83237696083471,1272.9000244140625,1906688.95,True,False,False,False,0,-0.09733680732003736
2023-11-02,1152.5,1193.9000244140625,1141.199951171875,1177.449951171875,1331739,1181.6097952181185,1170.1569799465929,48.86629435324833,34.25149812378848,1272.9000244140625,1787277.9,True,False,False,False,0,-0.07498630796721428
2023-11-03,1190.050048828125,1217.5,1128.5,1134.300048828125,4353899,1177.1041050857382,1168.7508257850843,41.01884506001197,38.16210540066073,1272.9000244140625,1642313.45,True,False,False,True,1,-0.1088852014514945
2023-11-06,1142.0,1155.0,1121.0,1152.3499755859375,1566013,1174.7465689429,1168.1076551890392,44.997889382939896,37.8648121577564,1272.9000244140625,1711278.05,True,False,False,False,0,-0.09470504086416076
2023-11-07,1156.0,1156.0,1113.0,1142.4000244140625,2579066,1171.6659456544394,1167.0995128057066,43.265147466004265,38.231611289345224,1272.9000244140625,1664406.8,True,False,False,True,1,-0.10252179864641875
2023-11-08,1144.0,1149.5,1130.699951171875,1143.1500244140625,784749,1168.9501436315463,1166.160317182505,43.44193891190431,36.843642542115205,1272.9000244140625,1711301.4,True,False,False,False,0,-0.10193259290707146
2023-11-09,1148.4000244140625,1155.8499755859375,1135.25,1152.050048828125,806956,1167.3406107931253,1165.6069733254703,45.60795329612253,35.683380616673944,1272.9000244140625,1650039.25,True,False,False,False,0,-0.0949406656202767
2023-11-10,1149.949951171875,1151.800048828125,1132.050048828125,1148.25,650284,1165.5224573842563,1164.9263077048636,44.81871368461027,34.56313914405438,1261.0,1586193.15,True,False,False,False,0,-0.08941316415543221
2023-11-13,1147.949951171875,1153.550048828125,1135.0,1148.9000244140625,979664,1163.9393685299522,1164.297826007185,44.99406258067407,33.419346978630855,1261.0,1588337.9,False,False,False,False,0,-0.08889768087703209
2023-11-15,1165.0,1174.5999755859375,1154.0,1166.75,1514890,1164.207047717576,1164.3939896931777,49.71911638910123,32.86796156386258,1257.800048828125,1595154.9,False,False,False,False,0,-0.0723883330366818
2023-11-16,1168.949951171875,1176.0999755859375,1156.0,1165.300048828125,848317,1164.3111430614379,1164.4295214239598,49.34829076408905,31.955962565439357,1257.5999755859375,1605823.25,False,False,False,False,0,-0.07339370908846299
2023-11-17,1142.050048828125,1148.800048828125,1115.8499755859375,1126.4000244140625,2028903,1160.7005603331163,1162.9381686000424,40.59949717222785,33.2055418994928,1248.699951171875,1586823.35,False,False,False,True,1,-0.09794180470899916
2023-11-20,1129.9000244140625,1138.5999755859375,1120.699951171875,1126.6500244140625,2168137,1157.4576521503493,1161.515104122161,40.67229332613854,32.112290650533495,1217.5,1588616.0,False,False,False,True,1,-0.07462010315066736
2023-11-21,1126.0,1132.9000244140625,1097.5999755859375,1103.8499755859375,3119172,1152.352159144215,1159.2537265325052,36.30272988453394,32.33998766321861,1217.5,1570376.55,False,False,False,True,1,-0.09334704263988702
2023-11-22,1103.8499755859375,1133.949951171875,1101.75,1120.949951171875,1708687,1149.3614726706587,1157.7516176948334,41.38860662888597,32.32998505669406,1217.5,1640065.2,False,False,False,True,1,-0.07930188815451744
2023-11-23,1130.0,1137.0,1112.449951171875,1115.0,696088,1146.0889514639293,1156.075083667585,40.18627208225137,31.774275326081987,1217.5,1669408.15,False,False,False,False,0,-0.08418891170431209
2023-11-24,1117.0,1124.1500244140625,1091.300048828125,1094.5,1350899,1141.1757179911742,1153.6603745041505,36.276145655854776,31.85111105892881,1217.5,1616309.4,False,False,False,False,0,-0.1010266940451745
2023-11-28,1092.050048828125,1108.0,1085.4000244140625,1106.25,2445247,1137.849459134872,1151.8011441314388,39.88653101174646,31.190315668000864,1217.5,1610223.1,False,False,False,True,1,-0.09137577002053388
2023-11-29,1109.0,1119.5,1102.25,1110.449951171875,967327,1135.2399821860151,1150.1795287212599,41.169583733186485,30.194578834572233,1217.5,1625406.8,False,False,False,False,0,-0.08792611813398354
2023-11-30,1109.949951171875,1126.0,1099.550048828125,1117.449951171875,4152570,1133.5456935180018,1148.896015876186,43.340215294765954,29.92710543009386,1217.5,1630166.8,False,False,False,True,1,-0.08217663148100618
2023-12-01,1128.5999755859375,1139.0,1120.0,1128.199951171875,1040604,1133.036575199323,1148.0844054956249,46.598809202748484,29.32874424423894,1217.5,1762466.8,False,False,False,False,0,-0.07334706269250513
2023-12-04,1136.5,1161.949951171875,1136.5,1148.75,2340871,1134.5330918470065,1148.1105072408945,52.25206914060364,29.6445482267933,1217.5,1754660.55,False,False,True,True,2,-0.056468172484599566
2023-12-05,1150.949951171875,1151.0999755859375,1129.5999755859375,1139.5999755859375,1382427,1135.0156522030952,1147.7767609014845,49.72776858328667,29.06279478202235,1217.5,1805117.15,False,False,False,False,0,-0.06398359294789524
2023-12-06,1139.5999755859375,1166.0,1139.0,1154.199951171875,1216230,1136.84272829536,1148.0286507160097,53.58118693789869,28.915452297592182,1176.0999755859375,1656543.55,False,False,True,False,1,-0.01862088671768891
2023-12-07,1156.699951171875,1157.9000244140625,1132.0999755859375,1137.25,1857781,1136.8815160767545,1147.6059585310682,48.89535598544042,28.69292347834453,1176.0999755859375,1639054.4,False,False,False,True,1,-0.033032885292410885
2023-12-08,1141.0,1174.949951171875,1128.25,1166.6500244140625,2802274,1139.7166121088792,1148.3527846441268,56.07140679755526,29.979139742168137,1176.0999755859375,1602990.15,False,False,True,True,2,-0.008034989684586158
2023-12-11,1171.0,1182.449951171875,1163.5,1175.199951171875,3251789,1143.0959777339265,1149.4056147040385,57.92187204970502,29.19134055857577,1176.0999755859375,1703866.4,False,False,True,True,2,-0.0007652618253087828
2023-12-12,1177.0,1191.449951171875,1169.25,1177.25,2154453,1146.3487417592669,1150.4975513823117,58.37464253553288,28.691955602382862,1182.449951171875,1826108.05,False,False,True,True,2,-0.0043976078367812255
2023-12-13,1178.9000244140625,1183.6500244140625,1167.9000244140625,1180.5999755859375,1409772,1149.6107640284736,1151.6780386059834,59.148204257261774,27.767530202212658,1191.449951171875,1901316.5,False,False,True,False,1,-0.009106530723565709
2023-12-14,1195.0,1232.0,1188.5,1228.9000244140625,2353918,1157.1621221604344,1154.7063517749277,68.29641206073461,29.455565503059074,1191.449951171875,1922821.9,True,True,True,True,2,0.03143235114941478
2023-12-15,1234.8499755859375,1247.0,1229.4000244140625,1243.800048828125,2123755,1165.4133532716428,1158.2002222476021,70.49170781771326,28.64445193755039,1232.0,1964773.3,True,True,True,True,2,0.009577961711140448
2023-12-18,1253.25,1254.949951171875,1242.0,1248.300048828125,2129177,1173.3073242770222,1161.7335487801715,71.14163772423642,27.523416168573576,1247.0,2028545.2,True,True,True,True,2,0.0010425411612871027
2023-12-19,1249.0,1254.0,1240.0,1249.6500244140625,1940755,1180.578057623407,1165.1812537069907,71.3455356579764,26.55745787081832,1254.949951171875,2033558.9,True,False,True,False,1,-0.004223217629407028
2023-12-20,1252.0999755859375,1257.800048828125,1229.800048828125,1239.1500244140625,2525322,1186.156340174898,1168.0819898131504,67.35909368531259,26.6604965943313,1254.949951171875,2022189.8,True,False,True,True,2,-0.012590085160813391
2023-12-21,1210.5999755859375,1239.4000244140625,1210.5999755859375,1228.050048828125,1781569,1190.1462171894912,1170.4336784019729,63.33053923824476,26.81332175388799,1257.800048828125,1992497.3,True,False,True,False,1,-0.023652408049846807
2023-12-22,1229.949951171875,1263.300048828125,1225.449951171875,1250.800048828125,1114151,1195.9227725836467,1173.585300771626,67.60668462483602,27.601662889770992,1257.800048828125,1996141.4,True,False,True,False,1,-0.005565272482316863
2023-12-26,1250.0,1262.199951171875,1235.0,1245.300048828125,1135900,1200.6253703212162,1176.3976438326652,65.61457056025787,27.572969195635565,1263.300048828125,2017044.55,True,False,True,False,1,-0.014248396504612959
2023-12-27,1248.199951171875,1264.800048828125,1246.300048828125,1253.199951171875,1763459,1205.6324732593741,1179.409499022438,67.11351566379277,26.996328538804455,1263.300048828125,2006294.6,True,False,True,False,1,-0.007995010896753474
2023-12-28,1265.0,1278.9000244140625,1228.300048828125,1235.699951171875,3153634,1208.4960425843742,1181.6169677341807,60.791505583962355,28.68230332788539,1264.800048828125,1972205.2,True,False,True,True,2,-0.02300766645543073
2023-12-29,1240.1500244140625,1266.949951171875,1240.1500244140625,1259.800048828125,1366337,1213.3821384171124,1184.6829709143353,65.59766869267665,28.865710233036435,1278.9000244140625,2081520.55,True,False,True,False,1,-0.01493469014099702
2024-01-01,1259.699951171875,1260.0,1220.0,1225.3499755859375,726699,1214.5219324331908,1186.2777554112608,55.184326969522544,29.661016644962405,1278.9000244140625,1942208.9,True,False,True,False,1,-0.0418719585627183
2024-01-02,1229.800048828125,1232.0,1214.550048828125,1220.0999755859375,2240606,1215.0531746382144,1187.6041169867383,53.78312233913244,28.78879768259902,1278.9000244140625,1926513.65,True,False,True,True,2,-0.04597704879633935
2024-01-03,1220.949951171875,1250.0,1218.1500244140625,1240.5,1378408,1217.4766818155272,1189.6784653401996,58.22215106918142,29.0074532471232,1278.9000244140625,1921500.4,True,False,True,False,1,-0.03002582194152026
2024-01-04,1247.199951171875,1300.75,1243.75,1297.25,2922785,1225.074140690239,1193.8969568954858,67.55734933606817,31.23906372947154,1278.9000244140625,1921299.45,True,True,True,True,2,0.014348248679051157
2024-01-05,1305.300048828125,1305.300048828125,1248.0999755859375,1257.8499755859375,1075135,1228.1956487755435,1196.4049184127584,57.88639594214265,33.09342155180839,1300.75,2006627.2,True,False,True,False,1,-0.03298099128507592
2024-01-08,1267.0,1267.6500244140625,1224.199951171875,1231.1500244140625,985554,1228.477017883974,1197.7674715892801,52.41097414602075,33.833182386835475,1305.300048828125,1967494.9,True,False,True,False,1,-0.0568068809011637
2024-01-09,1233.050048828125,1247.9000244140625,1220.0,1231.449951171875,1439320,1228.7601543875837,1199.0883531415388,52.465366849521075,33.409385388780265,1305.300048828125,1876658.9,True,False,True,False,1,-0.05657710479866396
2024-01-10,1231.9000244140625,1235.8499755859375,1207.6500244140625,1216.25,1003899,1227.5687111125758,1199.7613589006942,49.38474554776825,33.0372829447156,1305.300048828125,1786035.45,True,False,False,False,0,-0.06822189956100322
2024-01-11,1223.949951171875,1243.0,1221.699951171875,1231.3499755859375,674707,1227.9288315386102,1201.0001281824684,52.376368425140996,32.58819130580734,1305.300048828125,1728507.75,True,False,True,False,1,-0.0566536968328305
2024-01-12,1232.0,1252.0,1224.6500244140625,1246.5,1453561,1229.6975142492188,1202.7844368811952,55.23517073652812,32.21403304010236,1305.300048828125,1691754.5,True,False,True,False,1,-0.045047151328090895
2024-01-15,1258.0,1289.699951171875,1253.449951171875,1278.25,2266938,1234.321560511198,1205.7438707289916,60.576310698260265,32.99874147808612,1305.300048828125,1646736.65,True,False,True,True,2,-0.02072324202577791
2024-01-16,1279.8499755859375,1310.0,1276.050048828125,1299.449951171875,2510614,1240.5242643836434,1209.4186189816537,63.6914782345911,33.06668502764247,1305.300048828125,1653895.8,True,False,True,True,2,-0.004481802985836225
2024-01-17,1286.5,1306.0,1280.300048828125,1288.0999755859375,2378717,1245.0552844981478,1212.5041623779002,60.91622952552319,32.540489752230506,1310.0,1672967.65,True,False,True,True,2,-0.016717575888597347
2024-01-18,1281.9000244140625,1298.3499755859375,1246.300048828125,1291.6500244140625,1912562,1249.492878775854,1215.607921673436,61.48157405552026,33.934020966914936,1310.0,1694865.75,True,False,True,True,2,-0.014007614951097369
2024-01-19,1294.9000244140625,1295.050048828125,1254.050048828125,1265.550048828125,1372449,1251.0221330665465,1217.566436463816,55.16383545621893,34.43873375499244,1310.0,1664227.75,True,False,True,False,1,-0.03393126043654582
2024-01-23,1267.0,1296.3499755859375,1209.949951171875,1220.25,2858244,1248.0914537268754,1217.6716742495487,46.27566120734079,38.150254516354586,1310.0,1643771.75,True,False,False,True,1,-0.06851145038167938
2024-01-24,1220.0999755859375,1277.0999755859375,1201.5,1245.800048828125,1810867,1247.8732246888992,1218.7747477624341,51.06479796828852,40.82523459275336,1310.0,1730976.4,True,False,True,True,2,-0.04900759631440843
2024-01-25,1249.25,1265.0,1223.449951171875,1244.699951171875,1302157,1247.5710081634684,1219.7914224059416,50.85459417868935,40.877007038137045,1310.0,1764724.75,True,False,True,False,1,-0.049847365517652675
2024-01-29,1270.0,1271.3499755859375,1219.5,1230.800048828125,2511468,1245.9737739410548,1220.2231332460274,48.157194540543465,41.66079050583708,1310.0,1741659.65,True,False,False,True,1,-0.06045797799379771
2024-01-30,1235.3499755859375,1277.8499755859375,1210.9000244140625,1214.050048828125,3016003,1242.9334191683947,1219.9810515041488,45.05582315140788,43.46715912483978,1310.0,1709551.35,True,False,False,True,1,-0.07324423753578246
2024-01-31,1216.0,1222.0,1175.5,1184.1500244140625,2760030,1237.335000620363,1218.5759131868906,40.0922498425458,43.68379061592265,1310.0,1792034.65,True,False,False,True,1,-0.09606868365338739
2024-02-01,1190.0,1193.1500244140625,1133.8499755859375,1145.050048828125,2884912,1228.5459575925308,1215.692545957135,34.70759725833379,44.79923763107997,1310.0,1893701.2,True,False,False,True,1,-0.12591599326097325
2024-02-02,1145.050048828125,1175.8499755859375,1143.75,1160.8499755859375,1664980,1222.0987212109505,1213.5418569229705,38.313003106433335,43.89214748499836,1310.0,1925916.5,True,False,False,False,0,-0.11385498046874998
2024-02-05,1162.0,1171.75,1130.699951171875,1136.3499755859375,1564033,1213.9321740085684,1210.5147243215183,35.078359229568846,43.68914043807884,1310.0,1940245.1,True,False,False,False,0,-0.13255727054508593
2024-02-06,1147.699951171875,1164.0,1127.25,1157.050048828125,2243173,1208.5148287532882,1208.418070380601,39.709813565162655,43.19348754964464,1310.0,1872307.5,True,False,False,True,1,-0.11675568791746183
2024-02-07,1170.0,1172.75,1147.050048828125,1159.800048828125,2520205,1203.8753259032726,1206.5114813001117,40.31894343620316,41.94394923694681,1310.0,1930709.4,False,False,False,True,1,-0.11465645127624047
2024-02-08,1155.0999755859375,1162.6500244140625,1115.0999755859375,1133.449951171875,3061436,1197.1681473574251,1203.646323255867,36.51234380439018,42.34438492203096,1310.0,2007441.95,False,False,False,True,1,-0.13477102963979004
2024-02-09,1140.199951171875,1140.199951171875,1100.199951171875,1122.300048828125,2363941,1190.0378522593967,1200.4562732783086,35.00626614417406,42.17692885617161,1310.0,2088547.75,False,False,False,True,1,-0.14328240547471371
2024-02-12,1130.0,1133.949951171875,1098.0,1101.550048828125,850214,1181.6104424087994,1196.577597809674,32.33332302833246,41.73214473586471,1310.0,2156549.85,False,False,False,False,0,-0.15912210013120232
2024-02-13,1108.0,1150.0,1103.0,1141.699951171875,3317561,1177.8094432433782,1194.425533235643,41.62182201459252,42.21198805272258,1310.0,2165325.2,False,False,False,True,1,-0.12847331971612597
2024-02-14,1136.9000244140625,1136.9000244140625,1109.199951171875,1125.199951171875,775287,1172.7990154270444,1191.7108045272598,39.238062820278536,41.518274620385256,1310.0,2258525.2,False,False,False,False,0,-0.14106873956345423
2024-02-15,1132.800048828125,1151.699951171875,1120.550048828125,1124.5,1815648,1168.1991091958973,1189.0750867026613,39.13566693223675,40.7776766006256,1310.0,2183942.65,False,False,False,False,0,-0.14160305343511448
2024-02-16,1131.75,1146.1500244140625,1123.9000244140625,1144.0,1011354,1165.8944321296215,1187.3074362437333,43.55495519264944,39.45427112915234,1306.0,2149194.35,False,False,False,False,0,-0.12404287901990807
2024-02-19,1152.449951171875,1155.550048828125,1127.949951171875,1133.3499755859375,911475,1162.794960077842,1185.1914573944082,41.77107457741979,38.60754445251646,1298.3499755859375,2080826.2,False,False,False,False,0,-0.12708437871347944
2024-02-20,1124.0,1124.0,1091.8499755859375,1099.9000244140625,2572662,1156.8049662051012,1181.8466953167476,36.6884590958228,38.81414842019385,1296.3499755859375,2030771.85,False,False,False,True,1,-0.15154082992371065
2024-02-21,1097.550048828125,1109.9000244140625,1081.0,1085.550048828125,2133034,1150.0187835977702,1178.0703562387625,34.73578790464617,38.10599670547018,1296.3499755859375,2090782.5,False,False,False,True,1,-0.16261035270397028
2024-02-22,1088.699951171875,1090.550048828125,1067.4000244140625,1082.449951171875,1546459,1143.583656700066,1174.320536432218,34.31093258013807,37.03771297036963,1277.8499755859375,2054522.0,False,False,False,False,0,-0.15291311824337206
2024-02-23,1089.3499755859375,1109.699951171875,1079.0999755859375,1105.4000244140625,1687284,1139.947120291875,1171.6177712550354,40.14728062459734,36.57787458576734,1277.8499755859375,2041301.6,False,False,False,False,0,-0.13495320614049455
2024-02-26,1105.1500244140625,1114.9000244140625,1093.0,1110.8499755859375,1112759,1137.1759636532142,1169.2347204444827,41.47702361820626,35.52945671635985,1277.8499755859375,2060557.95,False,False,False,False,0,-0.1306882679427409
2024-02-27,1104.0999755859375,1127.050048828125,1085.5,1098.6500244140625,1977469,1133.5068265828188,1166.4666931491722,39.368479788415826,35.959499010057364,1277.8499755859375,1990622.5,False,False,False,False,0,-0.14023551637171316
2024-02-28,1101.0,1105.0,1061.550048828125,1069.699951171875,1184413,1127.4299813055861,1162.671918953984,34.84205721160373,36.49453130733006,1222.0,1938695.8,False,False,False,False,0,-0.12463179118504497
2024-02-29,1070.0,1095.0,1062.0,1089.199951171875,1362002,1123.7890260547565,1159.7906653154698,39.85801461935982,36.24492192823505,1193.1500244140625,1859914.95,False,False,False,False,0,-0.08712238286483354
2024-03-01,1090.050048828125,1099.0,1080.5,1095.8499755859375,639779,1121.1281641053451,1157.2831872868608,41.51161075605962,34.97742750478969,1175.8499755859375,1783769.45,False,False,False,False,0,-0.06803589034403412
2024-03-04,1085.0,1094.949951171875,1071.0,1075.550048828125,1497000,1116.7873912218004,1154.0779661708318,38.07051793085894,34.25403808201454,1172.75,1732509.4,False,False,False,False,0,-0.08288207305212103
2024-03-05,1079.9000244140625,1094.5,1042.199951171875,1046.9000244140625,2399949,1110.1314515258252,1149.8749096313506,33.810655256048506,35.543038849593856,1172.75,1729157.75,False,False,False,True,1,-0.10731185298310597
2024-03-06,1041.0,1056.300048828125,1011.2000122070312,1019.5999755859376,2251068,1101.509406198217,1144.7660886883934,30.328264627678763,36.22568154755813,1172.75,1736996.55,False,False,False,True,1,-0.1305905132501065
2024-03-07,1041.0,1089.699951171875,1036.550048828125,1083.25,4704679,1099.7704151317203,1142.3536930535545,44.6438630477793,38.64527397887094,1162.6500244140625,1723539.7,False,False,False,True,1,-0.0682922829284569
2024-03-11,1092.0,1107.9000244140625,1086.800048828125,1095.449951171875,2070659,1099.3589423736398,1140.514330626822,46.89614685477866,37.645613295670344,1155.550048828125,1805701.85,False,False,False,True,1,-0.052009947744971474
2024-03-12,1090.0,1096.550048828125,1059.800048828125,1066.449951171875,1860620,1096.2247527353766,1137.6098451580006,42.47241417239757,37.58164091740818,1155.550048828125,1791037.75,False,False,False,True,1,-0.07710622118584032
2024-03-13,1070.1500244140625,1070.800048828125,1035.8499755859375,1048.300048828125,2403094,1091.6604952204002,1134.1075002038879,39.93348873970721,37.39367179774956,1155.550048828125,1841558.05,False,False,False,True,1,-0.09281294229424786
2024-03-14,1053.699951171875,1080.0,1034.300048828125,1070.8499755859375,1692979,1089.678540969499,1131.6268129639684,44.38199239814084,37.98697746732995,1155.550048828125,1795834.7,False,False,False,False,0,-0.07329848960508822
2024-03-15,1074.949951171875,1086.0,1055.6500244140625,1067.8499755859375,1670380,1087.5996299805884,1129.1257605177711,43.916014555279986,37.44147733294478,1155.550048828125,1841719.3,False,False,False,False,0,-0.07589465582310917
2024-03-18,1071.0,1071.300048828125,1051.0,1056.4000244140625,824132,1084.6282389742526,1126.2737708666455,42.09924500406972,36.21708958260051,1155.550048828125,1834455.9,False,False,False,False,0,-0.08580331463324609
2024-03-19,1053.5,1058.5,1040.050048828125,1046.75,3933520,1081.0207876433715,1123.155191616973,40.575709749403075,34.94800826754869,1155.550048828125,1825094.8,False,False,False,True,1,-0.09415433709553478
2024-03-20,1044.5,1051.300048828125,1026.6500244140625,1044.800048828125,1241436,1077.571193470491,1120.082440919371,40.2586671637057,34.21243799229968,1127.050048828125,1976197.05,False,False,False,False,0,-0.07297812558148709
2024-03-21,1052.0,1081.5999755859375,1047.550048828125,1074.199951171875,3184470,1077.2501227753846,1118.28312759594,46.98470757182109,34.39725861840773,1127.050048828125,1909635.75,False,False,False,True,1,-0.046892414148956396
2024-03-22,1072.050048828125,1093.5,1066.199951171875,1089.4000244140625,1861277,1078.4072562647825,1117.1504568829253,50.11197723843549,33.890315061958965,1127.050048828125,1962207.55,False,False,True,False,1,-0.03340581410134358
2024-03-26,1080.4000244140625,1131.0,1077.5,1115.199951171875,3092010,1081.9113224464104,1117.073966462884,54.96761818241021,35.29100684324761,1127.050048828125,1977948.45,False,False,True,True,2,-0.01051426036365588
2024-03-27,1119.0,1133.0,1113.0999755859375,1130.199951171875,1445844,1086.5102394678831,1117.5887109612759,57.554291199768855,34.19165095544867,1131.0,2048184.75,False,False,True,False,1,-0.0007073818108974672
2024-03-28,1130.199951171875,1168.5999755859375,1130.199951171875,1156.5999755859375,1845633,1093.1854524315074,1119.1185644759685,61.72170783175393,34.49224905963538,1133.0,2064839.0,False,True,True,False,1,0.020829634232954586
2024-04-01,1162.0,1191.5999755859375,1160.0,1185.4000244140625,1170898,1101.9677926203221,1121.7178374147172,65.68037707505803,34.528516983947135,1168.5999755859375,2058247.2,False,True,True,False,1,0.01437621870537975
2024-04-02,1185.4000244140625,1201.699951171875,1183.75,1197.25,1552331,1111.0422885612438,1124.679883006297,67.18417309493923,33.344333711656276,1191.5999755859375,2057571.45,False,True,True,False,1,0.004741544586961188
2024-04-03,1195.050048828125,1204.5,1176.949951171875,1194.75,1645617,1119.0144515554111,1127.4277307315401,66.52192839630175,32.93045621997547,1201.699951171875,2067087.9,False,False,True,False,1,-0.005783433015119521
2024-04-04,1210.0,1213.300048828125,1193.9000244140625,1196.3499755859375,1568022,1126.3797395583183,1130.130563863085,66.74783528163839,31.9639968052674,1204.5,2117379.8,False,False,True,False,1,-0.006766313336706076
2024-04-05,1193.199951171875,1220.550048828125,1185.300048828125,1217.6500244140625,1353217,1135.0721476398178,1133.5626995709663,69.68099618877179,32.19871131917687,1213.300048828125,2120930.9,True,True,True,False,1,0.003585243065092669
2024-04-08,1236.0,1236.0,1200.0,1203.050048828125,1710691,1141.5462334672757,1136.2876936594823,65.42118283252307,32.47023193923567,1220.550048828125,2068594.3,True,False,True,False,1,-0.014337797959864118
2024-04-09,1215.0999755859375,1223.699951171875,1198.300048828125,1210.0999755859375,956608,1148.0751612881006,1139.182292950716,66.48658140366948,31.965208396700977,1236.0,2041575.45,True,False,True,False,1,-0.020954712309112056
2024-04-10,1215.0999755859375,1222.199951171875,1187.050048828125,1191.800048828125,575759,1152.2394362919126,1141.245734357673,61.214236158181464,32.192686535775906,1236.0,1854171.9,True,False,True,False,1,-0.03576047829439721
2024-04-12,1191.050048828125,1199.550048828125,1174.0999755859375,1177.5999755859375,564886,1154.6547257484865,1142.6713908764284,57.409869933934914,31.711071300519592,1236.0,1779426.9,True,False,True,False,1,-0.047249210690989085
2024-04-15,1150.0,1180.0,1150.0,1161.699951171875,808218,1155.3256995983331,1143.4176089272303,53.4074417485682,31.58885192191105,1236.0,1714640.2,True,False,True,False,1,-0.06011330811336979
2024-04-16,1153.0,1161.699951171875,1126.199951171875,1130.0,1235759,1152.9137282080158,1142.891428184986,46.45391970631109,31.868219641774548,1236.0,1634896.4,True,False,False,False,0,-0.08576051779935279
2024-04-18,1139.0,1144.949951171875,1114.800048828125,1118.800048828125,833424,1149.664806362312,1141.946668210207,44.26127050238695,31.74548269191565,1236.0,1612035.4,True,False,False,False,0,-0.09482196696753642
2024-04-19,1114.75,1132.550048828125,1100.5,1128.1500244140625,621126,1147.6157795100978,1141.4056233554563,46.530267058064595,31.767237415930605,1236.0,1570187.6,True,False,False,False,0,-0.0872572618009203
2024-04-22,1139.0,1150.4000244140625,1125.5,1140.0,1111419,1146.890467175803,1141.3505008709287,49.34471485629282,31.276722201511454,1236.0,1560037.3,True,False,False,False,0,-0.07766990291262132
2024-04-23,1143.949951171875,1159.9000244140625,1135.0,1143.25,596378,1146.5437560162027,1141.424991032853,50.12017713000739,30.821243788122242,1236.0,1418932.25,True,False,True,False,1,-0.07504045307443363
2024-04-24,1148.050048828125,1181.25,1144.699951171875,1168.800048828125,929917,1148.6634029506713,1142.4985227110992,55.84321257822015,31.334012088970656,1236.0,1386679.35,True,False,True,False,1,-0.05436889253387944
2024-04-25,1159.0,1170.0,1147.25,1155.3499755859375,766072,1149.3002193921252,1143.0025012552105,52.43268747932063,30.720868368329896,1236.0,1273951.7,True,False,True,False,1,-0.06525082881396638
2024-04-26,1164.9000244140625,1184.699951171875,1150.449951171875,1171.699951171875,1064592,1151.4335271806729,1144.1278914480208,55.95422450315842,30.972949199163473,1236.0,1219191.45,True,False,True,False,1,-0.05202269322663833
2024-04-29,1173.0,1176.050048828125,1161.1500244140625,1170.9000244140625,599436,1153.2874792981384,1145.1777790153167,55.73681247319547,29.824883143084836,1236.0,1117820.55,True,False,True,False,1,-0.05266988316014365
2024-04-30,1180.0,1212.800048828125,1173.0,1193.300048828125,1816728,1157.0982002057563,1147.0649268511131,60.379348219488286,30.687393233868956,1236.0,1075500.15,True,False,True,True,2,-0.03454688606138756
2024-05-02,1206.0,1309.800048828125,1206.0,1301.5999755859375,7345047,1170.8602740514877,1153.125124840714,74.37390934905623,36.81686514573546,1236.0,1074054.9,True,True,True,True,2,0.05307441390448009
2024-05-03,1312.800048828125,1352.5999755859375,1301.25,1309.699951171875,3478644,1184.0831004439056,1159.2653141086028,75.08279664725505,37.85494446289275,1309.800048828125,1382762.35,True,False,True,True,2,-7.642208926439409e-05
2024-05-06,1315.0,1349.9000244140625,1300.0,1326.0,1372751,1197.598995639724,1165.8039292415988,76.49208183009324,38.71530731654774,1352.5999755859375,1479078.0,True,False,True,False,1,-0.01966581107944687
2024-05-07,1326.0,1331.050048828125,1288.5999755859375,1306.3499755859375,1559158,1207.9562318250778,1171.3155389021613,71.25966607750999,38.98207631123629,1352.5999755859375,1465434.7,True,False,True,True,2,-0.03419340591069053
2024-05-08,1296.0999755859375,1306.6500244140625,1258.5999755859375,1263.949951171875,2129305,1213.2889670009633,1174.9482609519541,61.4861514029351,39.6297886338712,1352.5999755859375,1464991.5,True,False,True,True,2,-0.065540459865571
2024-05-09,1270.0,1273.949951171875,1216.4000244140625,1222.5,1159750,1214.1662082389666,1176.8130350322697,53.728124718854666,40.90979849986701,1352.5999755859375,1503795.9,True,False,True,False,1,-0.09618510863093799
2024-05-10,1234.949951171875,1279.1500244140625,1224.6500244140625,1272.6500244140625,2686766,1219.7360954937378,1180.5713483413597,60.261236866406584,42.034100350880976,1352.5999755859375,1476248.85,True,False,True,True,2,-0.059108348820752554
2024-05-13,1279.800048828125,1302.0,1242.1500244140625,1282.5999755859375,1639556,1225.723131692995,1184.572470978402,61.42494495038913,43.306662867670724,1352.5999755859375,1562756.75,True,False,True,True,2,-0.05175218191888287
2024-05-14,1282.25,1290.0,1243.199951171875,1252.050048828125,1216177,1228.230457134436,1187.2186505019206,56.002319274334134,43.5561904362746,1352.5999755859375,1615946.6,True,False,True,False,1,-0.07433825859286658
2024-05-15,1255.0,1259.3499755859375,1224.0,1231.3499755859375,1299166,1228.5275541298172,1188.9492907012939,52.61305992332511,42.970032232679095,1352.5999755859375,1648511.15,True,False,True,False,1,-0.08964217225235072
2024-05-16,1243.699951171875,1271.949951171875,1231.550048828125,1262.0,1689316,1231.7154061174535,1191.8140243992823,56.78358864534796,42.800742472197555,1352.5999755859375,1673058.55,True,False,True,True,2,-0.066982091690997
2024-05-17,1265.9000244140625,1292.449951171875,1248.8499755859375,1285.0,857080,1236.7901293443626,1195.4683763836242,59.65320097852704,42.8578305517504,1352.5999755859375,1695736.4,True,False,True,False,1,-0.04997780334622115
2024-05-21,1285.300048828125,1308.699951171875,1276.0,1292.449951171875,1610011,1242.0910647565067,1199.271575394928,60.5665763311201,42.13226773890216,1352.5999755859375,1696919.2,True,False,True,False,1,-0.044469928655740176
2024-05-22,1298.8499755859375,1304.949951171875,1263.699951171875,1269.75,730897,1244.7252490654107,1202.0354351833623,56.37854208606984,42.06924861469486,1352.5999755859375,1746363.45,True,False,True,False,1,-0.061252385835692036
2024-05-23,1275.0,1282.0999755859375,1262.300048828125,1279.25,462881,1248.0133205829907,1205.0634573330344,57.696898317250884,40.47858276777469,1352.5999755859375,1727337.35,True,False,True,False,1,-0.05422887543241506
2024-05-24,1265.0,1272.5999755859375,1245.0,1260.949951171875,1341766,1249.245380639075,1207.2550845424007,54.29290273402072,40.03368399864792,1352.5999755859375,1720662.5,True,False,True,False,1,-0.06775841051923748
2024-05-27,1261.949951171875,1274.949951171875,1258.0,1270.0,1089494,1251.2220110544013,1209.7156694623066,55.685314081246425,38.384845939592715,1352.5999755859375,1741254.95,True,False,True,False,1,-0.06106755661455321
2024-05-28,1271.199951171875,1272.6500244140625,1251.5,1259.699951171875,1064850,1252.029433922732,1211.6758373724858,53.68094760377483,37.153787259197706,1352.5999755859375,1757426.05,True,False,True,False,1,-0.06868255662493183
2024-05-29,1254.050048828125,1269.800048828125,1235.0,1240.4000244140625,959457,1250.9218711123826,1212.8022760799988,50.045931844916915,36.98566308554966,1352.5999755859375,1757438.95,True,False,True,False,1,-0.08295131834766645
2024-05-30,1237.5,1246.0,1205.550048828125,1212.8499755859375,902176,1247.2959763003403,1212.8041466488592,45.327484255092834,37.2331122345729,1352.5999755859375,1775440.0,True,False,False,False,0,-0.1033195346166269
2024-05-31,1214.5999755859375,1255.800048828125,1214.5999755859375,1241.0999755859375,2733548,1246.7058809942066,1213.9137869993328,50.48292823792219,37.64146659225966,1352.5999755859375,1729712.4,True,False,True,True,2,-0.08243383262793491
2024-06-03,1270.0,1294.949951171875,1263.8499755859375,1288.6500244140625,1873865,1250.7005613199071,1216.8446198391262,57.711272516619744,38.79921723466522,1352.5999755859375,1499137.45,True,False,True,True,2,-0.04727927866786508
2024-06-04,1300.0,1308.4000244140625,1197.5999755859375,1231.4000244140625,3974437,1248.862414947922,1217.4154200185353,48.52643515492247,43.94213377705521,1349.9000244140625,1418898.5,True,False,False,True,1,-0.08778427872940897
2024-06-05,1220.0,1299.5999755859375,1219.800048828125,1288.5,1309669,1252.63742304812,1220.2030506060437,56.040998564709554,46.50340470425216,1331.050048828125,1548982.8,True,False,True,False,1,-0.03196727941641764
2024-06-06,1288.4000244140625,1344.0,1283.8499755859375,1335.699951171875,1742305,1260.548140012287,1224.7323408243117,61.09685289299307,47.478163254952904,1308.699951171875,1536508.35,True,True,True,True,2,0.020631161463575243
2024-06-07,1350.0,1351.0,1325.300048828125,1337.8499755859375,1065686,1267.9102195907299,1229.1683265012382,61.31511311400988,45.92257667759019,1344.0,1517158.35,True,False,True,False,1,-0.004575911022367984
2024-06-10,1343.0,1369.0,1335.300048828125,1359.949951171875,1022484,1276.6759083127438,1234.2970176647927,63.577136189735015,45.04953199861054,1351.0,1512455.15,True,True,True,False,1,0.00662468628562185
2024-06-11,1360.949951171875,1360.949951171875,1326.6500244140625,1332.300048828125,1135533,1281.9734455046848,1238.1402737888452,58.934032829694196,44.281703052839255,1369.0,1429241.05,True,False,True,False,1,-0.02680785330304969
2024-06-12,1344.699951171875,1369.199951171875,1328.949951171875,1359.050048828125,1060279,1289.3140743926315,1242.8818335943072,61.8377619157879,43.993724263350735,1369.0,1404039.9,True,False,True,False,1,-0.007268043222699028
2024-06-13,1374.0,1439.949951171875,1365.800048828125,1436.0999755859375,4792044,1303.2936840300893,1250.4590156331947,68.70240721765276,46.629879840522115,1369.199951171875,1396245.0,True,True,True,True,2,0.04886066812725476
2024-06-14,1435.0,1455.8499755859375,1431.050048828125,1447.0,1636769,1316.9799998367475,1258.1665052162066,69.5372286682791,45.07059747747143,1439.949951171875,1570888.9,True,True,True,True,2,0.004896037409069187
2024-06-18,1447.050048828125,1459.0,1434.5999755859375,1454.1500244140625,1278612,1330.0438117012538,1265.852133420044,70.10061926609967,43.594127972942225,1455.8499755859375,1568261.55,True,False,True,False,1,-0.0011676691969519926
2024-06-19,1461.0,1476.199951171875,1439.5,1450.6500244140625,1474026,1341.5301176739024,1273.0991095374566,69.42376750095724,43.101686772865996,1459.0,1589338.15,True,False,True,False,1,-0.0057230812789152985
2024-06-20,1453.0,1453.0,1425.5,1438.699951171875,1128520,1350.7843875308522,1279.5932601897866,67.04355383333822,41.98728057480414,1476.199951171875,1582538.9,True,False,True,False,1,-0.02540306275598425
2024-06-21,1438.699951171875,1448.0,1393.800048828125,1401.550048828125,1345648,1355.6192124163067,1284.3758793520744,60.14042395637088,42.85961418888063,1476.199951171875,1602420.05,True,False,True,False,1,-0.05056896410577005
2024-06-24,1404.0,1441.6500244140625,1386.3499755859375,1434.75,925196,1363.155477900468,1290.2729036912087,63.73419790585872,43.74821666311237,1476.199951171875,1646558.4,True,False,True,False,1,-0.02807881895604325
2024-06-25,1442.5,1447.1500244140625,1405.699951171875,1431.3499755859375,1361328,1369.6501919657508,1295.805337883159,63.10668491408077,43.58406356161774,1476.199951171875,1625729.9,True,False,True,False,1,-0.03038204651770482
2024-06-26,1428.25,1448.0,1420.9000244140625,1430.25,693449,1375.4216022547268,1301.0776775740153,62.890948212888595,42.40662870621201,1476.199951171875,1639321.6,True,False,True,False,1,-0.031127186486761382
2024-06-27,1436.0,1447.0,1414.1500244140625,1438.0999755859375,691354,1381.3909711434137,1306.4511010254632,63.84097387255554,41.7240106261924,1476.199951171875,1620751.55,True,False,True,False,1,-0.025809495221627676
2024-06-28,1432.75,1439.4000244140625,1409.3499755859375,1423.5,1498054,1385.4013548440412,1311.0412539264255,60.727062423266425,40.89015621204473,1476.199951171875,1607346.4,True,False,True,False,1,-0.035699737782838525
2024-07-01,1424.0,1443.0,1415.75,1434.5999755859375,505369,1390.086937771841,1315.8866939915044,62.23522524628235,39.91585933975582,1476.199951171875,1637140.3,True,False,True,False,1,-0.028180447745519532
2024-07-02,1446.0,1450.0,1394.0,1400.25,1518931,1391.054848460237,1319.1950589330143,55.1740239061182,41.06472652977326,1476.199951171875,1525731.35,True,False,True,False,1,-0.051449636691548783
2024-07-03,1410.25,1441.8499755859375,1400.0,1435.300048828125,525587,1395.2686770667026,1323.7481957916461,60.14327373202735,41.120815748070704,1476.199951171875,1507984.65,True,False,True,False,1,-0.027706207625384227
2024-07-04,1443.0,1443.0,1418.5,1421.699951171875,434055,1397.785941267195,1327.5894411006748,57.48058536375281,39.93361462320851,1476.199951171875,1335542.15,True,False,True,False,1,-0.036919117872030394
2024-07-05,1425.800048828125,1435.800048828125,1409.0,1431.5999755859375,514803,1401.0063254880276,1331.668285590293,58.90679134200201,38.99550278070255,1476.199951171875,1291761.45,True,False,True,False,1,-0.03021269276599825
2024-07-08,1433.050048828125,1433.050048828125,1395.0,1412.1500244140625,572499,1402.06763014765,1334.824432210833,55.00332152927977,38.92797035551844,1476.199951171875,1230386.35,True,False,True,False,1,-0.04338838157186409
2024-07-09,1420.5,1425.0,1400.3499755859375,1403.5,673844,1402.2040463240644,1337.5175917319768,53.311366658504916,37.90811707398588,1476.199951171875,1205727.0,True,False,True,False,1,-0.049248037919363497
2024-07-10,1413.800048828125,1423.5999755859375,1390.0,1421.050048828125,912911,1403.9989037054036,1340.7933743631984,56.25176439779521,37.60039268198243,1476.199951171875,1188295.0,True,False,True,False,1,-0.03735937147265822
2024-07-11,1425.9000244140625,1433.0,1402.199951171875,1404.800048828125,2560438,1404.075203240901,1343.3034400284896,52.92792878008309,37.114653835278325,1476.199951171875,1177163.9,True,False,True,True,2,-0.048367365333584766
2024-07-12,1408.0,1429.8499755859375,1377.75,1380.699951171875,1083813,1401.8489887581368,1344.7699698772499,48.36364600905778,38.18503396032541,1476.199951171875,1252171.85,True,False,False,False,0,-0.0646931331519065
2024-07-15,1382.0,1419.800048828125,1373.9000244140625,1413.5,1077931,1402.9586088764095,1347.4652651761814,54.15784065992875,38.73610470702092,1476.199951171875,1066760.3,True,False,True,True,2,-0.042473887851100955
2024-07-16,1418.9000244140625,1432.949951171875,1400.5,1408.199951171875,839363,1403.4577843331206,1349.8470175681693,53.120574197911154,38.28709374022479,1476.199951171875,1038818.4,True,False,True,False,1,-0.04606422046418479
2024-07-18,1408.0,1454.449951171875,1398.949951171875,1449.8499755859375,1576176,1407.8760882619604,1353.768702196317,59.659291876265335,39.51658704449445,1476.199951171875,1016855.95,True,False,True,True,2,-0.017849868891419263
2024-07-19,1454.0,1456.8499755859375,1421.300048828125,1426.699951171875,853356,1409.6688371105238,1356.6287511757507,55.06218480746585,39.23325416687432,1454.449951171875,1021963.45,True,False,True,False,1,-0.019079377724645186
2024-07-22,1408.9000244140625,1425.9000244140625,1390.0,1403.3499755859375,1022226,1409.067040774849,1358.4609560545816,50.809428517512295,39.05230395294579,1456.8499755859375,1008205.25,True,False,True,True,2,-0.03672306750630416
2024-07-23,1414.0,1426.6500244140625,1363.050048828125,1395.6500244140625,1473643,1407.7892296928692,1359.9193508922083,49.4530030082821,40.805709069588055,1456.8499755859375,992034.15,True,False,False,True,1,-0.04200841006107081
2024-07-24,1395.800048828125,1421.699951171875,1382.699951171875,1388.9000244140625,815472,1405.9902577615542,1361.0558478930652,48.2372791855604,40.67672985033177,1456.8499755859375,1019456.5,True,False,False,False,0,-0.046641694279155876
2024-07-25,1381.3499755859375,1385.0,1341.550048828125,1363.6500244140625,1301367,1401.9578545856025,1361.1575803056533,43.89061383031959,41.15339026001789,1456.8499755859375,992163.7,True,False,False,True,1,-0.06397360931717799
2024-07-26,1364.0,1437.1500244140625,1351.949951171875,1410.949951171875,2239763,1402.814244736676,1363.110222300407,52.521479352050214,44.299581901601435,1456.8499755859375,1022559.6,True,False,True,True,2,-0.03150634944109587
2024-07-29,1415.0,1477.0,1364.0999755859375,1433.4000244140625,4102496,1405.7271761345223,1365.8666851283936,55.98236695481003,49.19961350963437,1456.8499755859375,1099980.05,True,False,True,True,2,-0.016096339063631837
2024-07-30,1432.8499755859375,1445.800048828125,1393.199951171875,1417.8499755859375,2768717,1406.8817284632287,1367.9052455384933,53.09537428331736,49.44250523439263,1477.0,1230202.15,True,False,True,True,2,-0.04004740989442279
2024-07-31,1416.800048828125,1440.8499755859375,1409.8499755859375,1416.5999755859375,1184730,1407.8072758082485,1369.8148427952558,52.85939193042438,48.125183431936016,1477.0,1343369.55,True,False,True,False,1,-0.04089371998243907
2024-08-01,1418.5,1442.5,1382.199951171875,1390.6500244140625,1234681,1406.173251865945,1370.6319087410914,48.08174275333629,48.99481667452094,1477.0,1326659.5,True,False,False,False,0,-0.058463084350668604
2024-08-02,1381.0,1409.949951171875,1368.75,1385.0999755859375,730113,1404.166273172611,1371.1992839114776,47.10119452996168,48.43804056718909,1477.0,1362114.2,True,False,False,False,0,-0.06222073420044849
2024-08-05,1370.0,1388.9000244140625,1329.050048828125,1346.8499755859375,2242211,1398.7075781643564,1370.244409075182,40.90921859732082,49.253178782813976,1477.0,1376917.1,True,False,False,True,1,-0.08811782289374581
2024-08-06,1355.0,1383.5999755859375,1330.3499755859375,1335.3499755859375,1039991,1392.6735207759357,1368.875999918741,39.239025680120925,49.53866601261298,1477.0,1463287.5,True,False,False,False,0,-0.09590387570349523
2024-08-07,1352.0,1385.5,1348.300048828125,1377.699951171875,1278447,1391.2474665279299,1369.2220372227855,47.70615236920825,49.582334469859376,1477.0,1486662.1,True,False,False,False,0,-0.0672309064509986
2024-08-08,1382.0,1386.449951171875,1346.050048828125,1350.25,451732,1387.3429459062222,1368.4780357630684,43.47708288093168,48.926446460851565,1477.0,1516892.25,True,False,False,False,0,-0.08581584292484767
2024-08-09,1368.0,1374.9000244140625,1337.0999755859375,1348.6500244140625,656951,1383.6579057641118,1367.7004666905584,43.236493002153885,48.13170377279967,1477.0,1493833.3,True,False,False,False,0,-0.08689910330801454
2024-08-12,1340.0,1353.949951171875,1332.8499755859375,1348.75,601506,1380.333343310387,1366.957311134066,43.257622528921665,46.200866045166656,1477.0,1398658.95,True,False,False,False,0,-0.08683141503046721
2024-08-13,1358.0,1365.949951171875,1302.5,1314.9000244140625,3186664,1374.101598653594,1364.9158489097522,38.08801078367638,47.432943554217246,1477.0,1374543.6,True,False,False,True,1,-0.10974947568445326
2024-08-14,1316.949951171875,1346.5,1309.0999755859375,1344.0,1503161,1371.234779734204,1364.0956195407423,44.25560043321232,46.716306472777624,1477.0,1479980.25,True,False,False,True,1,-0.09004739336492895
2024-08-16,1345.050048828125,1372.75,1341.0,1369.1500244140625,612766,1371.0362316084763,1364.2938314965588,48.985628553814244,45.647284581864945,1477.0,1513170.15,True,False,False,False,0,-0.07301961786454803
2024-08-19,1369.1500244140625,1377.0,1347.0999755859375,1349.699951171875,1038009,1369.0042049002286,1363.7215224642182,45.75234806399538,44.52248028416477,1477.0,1464999.65,True,False,False,False,0,-0.08618825242256267
2024-08-20,1359.9000244140625,1400.050048828125,1349.0,1387.8499755859375,1259146,1370.7990402036296,1364.6677363121287,52.390223547560545,44.98873518016193,1477.0,1474232.3,True,False,True,False,1,-0.06035885200681279
2024-08-21,1387.699951171875,1404.4000244140625,1373.1500244140625,1400.4000244140625,523608,1373.6181815570042,1366.0690025122046,54.36833060585281,44.00739695300751,1477.0,1486078.3,True,False,True,False,1,-0.05186186566414186
2024-08-22,1400.4000244140625,1410.0,1352.949951171875,1365.6500244140625,1640128,1372.8593094481525,1366.052571998552,48.374994227857506,44.93901494408733,1477.0,1438576.55,True,False,False,True,1,-0.0753892861109936
2024-08-23,1365.5,1369.8499755859375,1344.199951171875,1348.800048828125,1679433,1370.567951293864,1365.3760024624567,45.741902266220194,43.56122990622842,1477.0,1479809.35,True,False,False,True,1,-0.08679752956795872
2024-08-26,1357.0,1397.9000244140625,1350.0,1395.050048828125,1742029,1372.8995796304603,1366.539690555228,53.26183421177511,43.95685459763621,1477.0,1498712.65,True,False,True,True,2,-0.055484056311357444
2024-08-27,1395.050048828125,1449.9000244140625,1381.0,1443.800048828125,2974425,1379.6520052683331,1369.5695085267141,59.61533891413126,45.738509584523804,1477.0,1473825.95,True,False,True,True,2,-0.022477962878723723
2024-08-28,1443.800048828125,1458.9000244140625,1433.0,1450.699951171875,1014841,1386.4184763067656,1372.7510945127988,60.43513231129471,44.321474929490854,1449.9000244140625,1417422.4,True,True,True,False,1,0.0005517116658686483
2024-08-29,1443.0,1478.9000244140625,1435.199951171875,1455.5999755859375,1510639,1393.0071905238296,1376.0000702411571,61.039981511841304,44.277089094683475,1458.9000244140625,1329728.6,True,False,True,True,2,-0.0022620116340393848
2024-08-30,1462.5,1462.9000244140625,1426.300048828125,1455.5999755859375,1764924,1398.9684081487924,1379.1216351566388,61.039981511841304,43.72872384405876,1478.9000244140625,1346024.05,True,False,True,True,2,-0.015754985762040596
2024-09-02,1460.0,1494.0,1452.550048828125,1486.300048828125,1830962,1407.2857072611096,1383.3247102025796,64.93509886257098,43.565954367474205,1478.9000244140625,1372536.2,True,True,True,True,2,0.005003735405977983
2024-09-03,1495.050048828125,1506.449951171875,1465.0999755859375,1500.0,1947168,1416.1156399029087,1387.9002117632626,66.54262324927177,43.40767016879301,1494.0,1427578.65,True,True,True,True,2,0.004016064257028162
2024-09-04,1463.0,1501.949951171875,1463.0,1487.300048828125,1194449,1422.8951074195961,1391.7982445893358,63.63044709550668,43.089261669013155,1506.449951171875,1412826.5,True,False,True,False,1,-0.012711940631584318
2024-09-05,1519.050048828125,1549.0,1505.9000244140625,1533.5999755859375,3481685,1433.438428197343,1397.359096785281,68.96326430354307,44.418596633503284,1506.449951171875,1420549.4,True,True,True,True,2,0.018022520026597766
2024-09-06,1543.0,1556.800048828125,1506.0999755859375,1511.3499755859375,2754275,1440.8585755676852,1401.8293273264833,64.09913304588889,44.86727353412359,1549.0,1530711.3,True,False,True,True,2,-0.024306019634643294
2024-09-09,1511.3499755859375,1542.699951171875,1511.3499755859375,1538.25,1682896,1450.1339493231437,1407.1791576274054,67.11869448220207,43.9017522521103,1556.800048828125,1645838.45,True,False,True,True,2,-0.011915498616594022
2024-09-10,1545.0,1549.449951171875,1500.5999755859375,1507.5999755859375,1198527,1455.6069042053145,1411.117228919897,60.83971663836535,44.2551967759551,1556.800048828125,1697135.7,True,False,True,False,1,-0.03160333485293931
2024-09-11,1510.0,1533.9000244140625,1503.4000244140625,1521.449951171875,653307,1461.8776705830821,1415.4440023415432,62.544855653826005,43.27268272052974,1556.800048828125,1726986.75,True,False,True,False,1,-0.02270689654902036
2024-09-12,1549.949951171875,1579.0,1541.5999755859375,1575.550048828125,2689481,1472.7036113683243,1421.7226708312132,68.34332074089662,44.29249458535797,1556.800048828125,1600318.9,True,True,True,True,2,0.012043935901796754
2024-09-13,1580.0,1594.0,1568.800048828125,1574.5,1115661,1482.398505523722,1427.7139386417539,68.12288058764494,42.928741484394905,1579.0,1659634.9,True,False,True,False,1,-0.0028499050031665085
2024-09-16,1580.8499755859375,1589.949951171875,1559.0,1564.75,1112875,1490.241504997653,1433.0879018322732,65.99434386553804,42.0731136049292,1594.0,1684779.65,True,False,True,False,1,-0.01835006273525719
2024-09-17,1564.75,1585.0,1557.4000244140625,1573.949951171875,2133543,1498.2137379666265,1438.6119037671594,67.04082187557502,41.03931803214408,1594.0,1688522.95,True,False,True,True,2,-0.012578449703968042
2024-09-18,1574.0,1602.8499755859375,1573.050048828125,1590.1500244140625,1305843,1506.9695747711442,1444.5545751650773,68.85817430748213,40.23650436969182,1594.0,1732242.8,True,False,True,False,1,-0.002415292086535459
2024-09-19,1599.0,1614.0,1574.0,1596.300048828125,776010,1515.477238967047,1450.5053780538242,69.54472073915365,40.21961120042812,1602.8499755859375,1771354.55,True,False,True,False,1,-0.004086425340848354
2024-09-20,1601.0,1613.199951171875,1582.0,1604.300048828125,1168486,1523.9365541919117,1456.5365416136008,70.45710284254824,39.57534976981719,1614.0,1728148.65,True,False,True,False,1,-0.006009883006118377
2024-09-23,1620.0,1649.800048828125,1613.0,1633.8499755859375,1129202,1534.4044990865807,1463.490009612516,73.60284032006639,39.998539071973106,1614.0,1702601.3,True,True,True,False,1,0.012298621800457044
2024-09-24,1639.949951171875,1652.0,1603.050048828125,1614.300048828125,1041776,1542.013599061966,1469.404128797442,68.41269517551675,40.637925650537525,1649.800048828125,1671959.95,True,False,True,False,1,-0.021517759091603916
2024-09-25,1614.300048828125,1624.300048828125,1592.8499755859375,1618.300048828125,893217,1549.2789752301717,1475.2431844849195,68.89597762608788,39.98165047851253,1652.0,1575327.5,True,False,True,False,1,-0.02039948618152243
2024-09-26,1625.1500244140625,1644.949951171875,1612.0,1641.75,1063773,1558.0857394939649,1481.7728635247267,71.635818520766,39.47938624232413,1652.0,1569246.3,True,False,True,False,1,-0.006204600484261524
2024-09-27,1631.800048828125,1638.0,1590.5,1609.0,1852921,1562.9347166850157,1486.7621629943453,63.25548977340463,40.32014436787241,1652.0,1546903.0,True,False,True,True,2,-0.026029055690072633
2024-09-30,1609.0,1623.8499755859375,1599.050048828125,1608.0,917971,1567.2266484293,1491.5165879749593,63.013088457378494,39.21155739572527,1652.0,1551302.85,True,False,True,False,1,-0.0266343825665859
2024-10-01,1611.0999755859375,1623.0,1576.0999755859375,1581.8499755859375,924366,1568.6193462537417,1495.059073763625,56.87523217558423,39.76073361132079,1652.0,1505653.3,True,False,True,False,1,-0.04246369516589743
2024-10-03,1565.0,1575.3499755859375,1507.5999755859375,1516.25,1278465,1563.631789467671,1495.8900904787772,45.02653200551137,42.224252639083595,1652.0,1454513.2,True,False,False,False,0,-0.08217312348668282
2024-10-04,1516.25,1526.25,1489.1500244140625,1497.4000244140625,600340,1557.3240023197084,1495.9493035742787,42.29959247120297,41.85823284957316,1652.0,1458714.0,True,False,False,False,0,-0.09358352033047068
2024-10-07,1504.800048828125,1514.3499755859375,1462.0,1478.449951171875,759332,1549.8121879246767,1495.263054460459,39.69675640266975,42.60764304502776,1652.0,1314646.75,True,False,False,False,0,-0.10505450897586255
2024-10-08,1470.0,1537.0,1469.550048828125,1530.949951171875,2220536,1548.0157844244097,1496.6625406060048,49.05046710635579,44.38209362551685,1652.0,1214899.6,True,False,False,True,1,-0.07327484795891348
2024-10-09,1539.0,1586.949951171875,1538.0,1561.550048828125,1777352,1549.3047619866684,1499.207148771578,53.57091605118225,45.21194408083708,1652.0,1241781.6,True,False,True,True,2,-0.05475178642365319
2024-10-10,1569.8499755859375,1587.449951171875,1511.300048828125,1517.0999755859375,1081043,1546.2376394723133,1499.9088282544942,47.04173060187132,47.42179824247371,1652.0,1270722.85,True,False,False,False,0,-0.08165861042013467
2024-10-11,1517.0999755859375,1517.0999755859375,1479.0,1501.050048828125,1050785,1541.9340594109622,1499.9535820024798,44.91315653171965,46.755953767006844,1652.0,1292109.65,True,False,False,False,0,-0.09137406245270885
2024-10-14,1525.0,1533.550048828125,1503.0,1512.9000244140625,507730,1539.1689132207812,1500.4612856264637,46.82623155200999,45.73767135507778,1652.0,1210174.85,True,False,False,False,0,-0.0842009537445142
2024-10-15,1524.0,1524.699951171875,1491.1500244140625,1503.050048828125,1372341,1535.7290213738615,1500.562805752019,45.4144088510259,44.86711816955883,1652.0,1179778.3,True,False,False,True,1,-0.0901634086996822
2024-10-16,1501.949951171875,1509.6500244140625,1474.449951171875,1485.199951171875,942953,1530.9167289736722,1499.960340866523,42.890672770518854,44.176614960460874,1652.0,1192751.6,True,False,False,False,0,-0.10096855255939774
2024-10-17,1485.25,1495.5,1448.3499755859375,1456.550048828125,1585872,1523.8341880074295,1498.2579764728603,39.131881308668646,44.38900135000385,1652.0,1133222.1,True,False,False,True,1,-0.11831110845755144
2024-10-18,1443.0999755859375,1468.25,1427.5,1460.300048828125,847463,1517.7833176094005,1496.769430290714,39.87461993981195,44.129072682146436,1652.0,1147223.55,True,False,False,False,0,-0.11604113267062655
2024-10-21,1461.0,1476.699951171875,1434.8499755859375,1438.699951171875,547781,1510.2515684248742,1494.4921958154653,37.0687760098651,43.966280032417224,1652.0,1150796.2,True,False,False,False,0,-0.12911625231726698
2024-10-22,1444.800048828125,1457.949951171875,1405.5999755859375,1411.199951171875,1288147,1500.8180810674457,1491.2258332804226,33.80712934765282,44.56511542909724,1652.0,1119760.95,True,False,False,True,1,-0.14576274142138312
2024-10-23,1411.0,1430.1500244140625,1386.0,1406.699951171875,1310995,1491.85444964882,1487.9110928055777,33.29092807453567,44.535466070880474,1652.0,1127708.2,True,False,False,True,1,-0.1484867123656931
2024-10-24,1415.0,1417.0,1350.6500244140625,1386.1500244140625,825792,1481.7873615312242,1483.9204626725773,30.965657330103156,46.093645321955975,1644.949951171875,1141169.15,False,False,False,False,0,-0.15732997017534878
2024-10-25,1395.0,1432.8499755859375,1342.050048828125,1372.199951171875,1708841,1471.3504653065243,1479.539266143138,29.461301918500595,49.28695113880287,1644.949951171875,1137797.9,False,False,False,True,1,-0.16581051587964168
2024-10-28,1383.949951171875,1383.949951171875,1271.0,1280.3499755859375,5699062,1453.159942475992,1471.7279214154048,21.912871166238702,53.83430828402231,1638.0,1170051.3,False,False,False,True,1,-0.2183455582503434
2024-10-29,1289.9000244140625,1296.800048828125,1264.6500244140625,1292.4000244140625,5601418,1437.8494740891415,1464.6954548663325,24.64081472172211,52.285430864739475,1623.8499755859375,1362358.35,False,False,False,True,1,-0.20411365345020693
2024-10-30,1280.199951171875,1295.699951171875,1265.1500244140625,1274.5,1458435,1422.292381318747,1457.2368095774568,23.336617322162652,50.73289485710183,1623.0,1596530.7,False,False,False,False,0,-0.21472581638940236
2024-10-31,1281.800048828125,1290.0,1251.5,1272.75,1297605,1408.0502497645807,1450.0020327312823,23.207292511359483,49.85911665302313,1587.449951171875,1623234.15,False,False,False,False,0,-0.19824243966845045
2024-11-01,1290.550048828125,1290.550048828125,1279.0,1283.199951171875,98256,1396.159745136704,1443.4607746309134,25.849805540240055,47.56918323695898,1587.449951171875,1624191.15,False,False,False,False,0,-0.19165958572451303
2024-11-04,1291.0,1291.0,1248.300048828125,1251.25,1323470,1382.3588170284465,1435.923097194407,23.21904057888861,47.221380946595836,1587.449951171875,1599086.95,False,False,False,False,0,-0.21178617374594266
2024-11-05,1242.1500244140625,1290.9000244140625,1221.0999755859375,1283.0,2322459,1372.896072549547,1429.9261129907047,30.76021042232587,48.83414293813364,1587.449951171875,1627293.85,False,False,False,True,1,-0.1917855431896459
2024-11-06,1285.0,1307.699951171875,1275.4000244140625,1304.550048828125,1220646,1366.3869274332212,1425.0094045921721,35.39809289183796,47.65312749668213,1587.449951171875,1632390.0,False,False,False,False,0,-0.17821028129731575
2024-11-07,1307.0,1320.0,1267.0,1283.0,882788,1358.445315296724,1419.4404083336556,33.01643764785615,48.035046961204834,1587.449951171875,1604554.7,False,False,False,False,0,-0.1917855431896459
2024-11-08,1281.0,1293.0,1255.300048828125,1260.699951171875,989468,1349.1362329991193,1413.215292366527,30.713557220104448,47.296825833395566,1533.550048828125,1594641.95,False,False,False,False,0,-0.1779205692469904
2024-11-11,1263.0,1273.0,1244.8499755859375,1262.550048828125,527465,1340.889929744739,1407.3068514434524,31.142663546703872,45.929197160586064,1533.550048828125,1591576.1,False,False,False,False,0,-0.1767141543290921
2024-11-12,1269.0,1278.3499755859375,1235.75,1239.75,1006239,1331.2575554833354,1400.7359945241012,28.777327151399817,45.69139561953974,1524.699951171875,1592562.85,False,False,False,False,0,-0.18688919806999682
2024-11-13,1225.449951171875,1250.0,1195.0,1205.050048828125,1989571,1319.237792944744,1393.0620358693573,25.591575259867554,46.35629593242976,1509.6500244140625,1574257.75,False,False,False,True,1,-0.20176860243099148
2024-11-14,1201.0,1215.0,1181.1500244140625,1205.699951171875,1443941,1308.4246651568517,1385.7145031361229,25.75735020100764,45.46298733625174,1495.5,1626588.65,False,False,False,False,0,-0.1937813766821297
2024-11-18,1211.75,1253.800048828125,1207.300048828125,1242.800048828125,1661116,1302.174701696973,1380.1100147318875,34.701002715738966,45.65135235910876,1476.699951171875,1619492.1,False,False,False,True,1,-0.158393654823468
2024-11-19,1243.75,1254.25,1221.050048828125,1236.0,1793763,1295.8723491544042,1374.458641605147,33.895032179281316,44.76196656002064,1476.699951171875,1660174.75,False,False,False,True,1,-0.1629985502341631
2024-11-21,1230.5,1236.0,1202.5,1204.9000244140625,2224943,1287.2083182267527,1367.8092840682418,30.415615427061383,43.957540377162026,1457.949951171875,1722473.85,False,False,False,True,1,-0.1735655785402066
2024-11-22,1185.0,1219.4000244140625,1185.0,1208.4000244140625,2785943,1279.7027664350678,1361.5579405523918,31.27069208258527,43.274860665512065,1432.8499755859375,1769313.65,False,False,False,True,1,-0.1566458142835857
2024-11-25,1252.0,1263.0999755859375,1230.8499755859375,1239.9000244140625,2851902,1275.912029099734,1356.7870418803004,38.58532611437878,44.09093855882371,1432.8499755859375,1843061.05,False,False,False,True,1,-0.13466165646055983
2024-11-26,1239.9000244140625,1280.550048828125,1232.8499755859375,1265.449951171875,1163794,1274.915640725652,1353.2051951858525,43.8090564069894,44.348733893349696,1432.8499755859375,1944366.55,False,False,False,False,0,-0.11683011289832168
2024-11-27,1260.0,1292.0,1258.25,1279.1500244140625,766225,1275.3189153626436,1350.3010708418608,46.43974328415077,43.59168147239615,1383.949951171875,1917114.2,False,False,False,False,0,-0.07572522884160082
2024-11-28,1270.0,1284.4000244140625,1258.5,1268.3499755859375,1691315,1274.655206812481,1347.0873024004522,44.66451987333788,42.32799168251517,1320.0,1670472.35,False,False,False,True,1,-0.039128806374289726
2024-11-29,1269.449951171875,1273.949951171875,1229.050048828125,1233.949951171875,2220045,1270.77851579909,1342.6505435287434,39.48685996160351,42.51169958688909,1320.0,1474967.2,False,False,False,True,1,-0.06518943093039775
2024-12-02,1234.0,1259.449951171875,1233.1500244140625,1249.199951171875,4211650,1268.723414406022,1338.9858144167092,42.66024285695474,41.353715813383616,1320.0,1513047.7,False,False,False,True,1,-0.05363640062736741
2024-12-03,1257.050048828125,1285.550048828125,1247.3499755859375,1253.6500244140625,5948984,1267.2878534544068,1335.639312847978,43.5898765090721,41.12845562972675,1320.0,1658749.95,False,False,False,True,1,-0.05026513301964963
2024-12-04,1260.0,1298.300048828125,1257.0,1292.25,1782673,1269.6652007444634,1333.9377711676652,51.009359731314746,41.37999625717931,1320.0,1951286.35,False,False,True,False,1,-0.02102272727272725
2024-12-05,1300.0,1302.6500244140625,1279.4000244140625,1291.449951171875,903593,1271.7399388804072,1332.2715821482225,50.8600433420522,40.084996524523646,1320.0,1974246.5,False,False,True,False,1,-0.021628824869791674
2024-12-06,1298.6500244140625,1298.6500244140625,1267.75,1275.0999755859375,952010,1272.0599423761719,1330.0295583614663,47.78178360006012,39.42892708806214,1320.0,1903303.2,False,False,False,False,0,-0.03401517001065346
2024-12-09,1275.0999755859375,1293.4000244140625,1272.6500244140625,1282.25,1661864,1273.0304240546318,1328.1558501904285,49.22895424690892,38.09471801034341,1320.0,1889871.4,False,False,False,False,0,-0.028598484848484818
2024-12-10,1292.8499755859375,1340.0,1285.0,1336.300048828125,3658637,1279.0561026044882,1328.4752305291618,58.57509788974947,39.49866672389032,1302.6500244140625,1928825.2,False,True,True,True,2,0.025831976189612638
2024-12-11,1349.0,1364.0,1332.949951171875,1348.949951171875,2210755,1285.712659610906,1329.2781607504446,60.41187735426869,38.89519401704994,1340.0,2062283.65,False,True,True,True,2,0.0066790680387127654
2024-12-12,1348.5,1355.3499755859375,1333.3499755859375,1343.050048828125,748016,1291.1733633458791,1329.8182347927066,59.09576129044995,37.688394444403514,1364.0,2146448.15,False,False,True,False,1,-0.015359201738911255
2024-12-13,1334.8499755859375,1334.8499755859375,1280.699951171875,1304.8499755859375,2013014,1292.4758978449324,1328.839087372833,51.302574692044686,39.449944673821115,1364.0,2133537.0,False,False,True,False,1,-0.04336512053816899
2024-12-16,1305.699951171875,1312.199951171875,1278.0,1285.699951171875,1951533,1291.8305695903555,1327.147356541423,47.89285051188096,39.07494513796782,1364.0,2134709.15,False,False,False,False,0,-0.057404727879857065
2024-12-17,1286.0,1287.8499755859375,1241.050048828125,1246.800048828125,2378904,1287.5419485653813,1323.9964817291368,41.813459811658184,39.6267295393853,1364.0,2160088.75,False,False,False,True,1,-0.0859237178679435
2024-12-18,1245.1500244140625,1259.0,1232.699951171875,1242.75,2196037,1283.2760487020116,1320.8103451907393,41.22669465501453,38.674823774295284,1364.0,2195978.15,False,False,False,True,1,-0.08889296187683282
2024-12-19,1219.0,1226.699951171875,1203.25,1213.75,1664959,1276.654520254201,1316.6119002812984,37.201130333789166,38.733764933274195,1364.0,2216091.85,False,False,False,False,0,-0.11015395894428148
2024-12-20,1215.949951171875,1229.699951171875,1182.800048828125,1189.550048828125,2300317,1268.3588563088606,1311.6290825772523,34.20005921883683,39.31706046259389,1364.0,2188092.65,False,False,False,True,1,-0.12789585863040687
2024-12-23,1192.5,1199.949951171875,1168.0999755859375,1171.0999755859375,1453658,1259.09610576382,1306.118137205044,32.07553196377917,38.78369725711844,1364.0,2163811.35,False,False,False,False,0,-0.1414223052889021
2024-12-24,1168.050048828125,1191.199951171875,1168.0,1185.449951171875,1124697,1252.0821862788728,1301.386051478253,35.434998837641615,37.67057253674391,1364.0,2093899.15,False,False,False,False,0,-0.1309017953285374
2024-12-26,1195.449951171875,1196.0,1180.6500244140625,1189.3499755859375,587018,1246.1076900224027,1296.9924798746326,36.35629741738178,36.07624418311489,1364.0,2091944.3,False,False,False,False,0,-0.12804253989300773
2024-12-27,1198.5999755859375,1216.5999755859375,1190.5,1193.8499755859375,663670,1241.1307648379775,1292.94767578488,37.465103363559784,35.44579817003525,1364.0,2082983.95,False,False,False,False,0,-0.12474341965840363
2024-12-30,1217.0,1232.5,1203.4000244140625,1212.4000244140625,4066946,1238.3945038452237,1289.7889443585734,41.95447999536198,35.67467147318006,1364.0,2031601.7,False,False,False,True,1,-0.11114367711578998
2024-12-31,1200.0,1215.0,1183.0,1185.949951171875,1279758,1233.399784543,1285.716826978703,37.78873687328578,35.412194939381486,1364.0,2123946.75,False,False,False,False,0,-0.1305352264135814
2025-01-01,1190.0,1194.9000244140625,1175.0999755859375,1184.3499755859375,587931,1228.7283741661367,1281.7416563358497,37.54588156012122,34.29704164572031,1364.0,1977352.15,False,False,False,False,0,-0.13170822904256785
2025-01-02,1184.0,1276.0,1183.050048828125,1271.5,5438699,1232.8018623407904,1281.3400227540517,54.64430021570135,38.48653518330279,1364.0,1709299.5,False,False,True,True,2,-0.06781524926686222
2025-01-03,1279.0,1330.5999755859375,1270.550048828125,1320.25,4575469,1241.1302564035723,1282.8659042146771,61.06556439702494,40.02677743862492,1364.0,1892100.8,False,False,True,True,2,-0.03207478005865105
2025-01-06,1324.0,1343.1500244140625,1285.9000244140625,1294.199951171875,2220983,1246.1845130481724,1283.310376644371,56.46524008040586,41.257007621580286,1364.0,2075694.6,False,False,True,True,2,-0.05117305632560487
2025-01-07,1295.0,1300.25,1270.300048828125,1276.0,1548819,1249.024083234061,1283.023695207337,53.43640470239638,40.449360732315625,1364.0,2139143.25,False,False,True,False,1,-0.06451612903225812
2025-01-08,1268.0,1278.949951171875,1253.199951171875,1275.25,1212951,1251.521789592722,1282.7188444148924,53.30950084290544,39.39940639429308,1364.0,2133491.0,False,False,True,False,1,-0.06506598240469208
2025-01-09,1280.0,1292.300048828125,1266.6500244140625,1288.199951171875,1603366,1255.0149478383557,1282.9337897779114,55.284153036716866,38.41730768141947,1364.0,2011206.7,False,False,True,False,1,-0.05557188330507701
2025-01-10,1294.0,1296.25,1238.550048828125,1255.050048828125,2116766,1255.0182907897624,1281.840309740665,49.51160083010299,39.79463935930915,1355.3499755859375,1980837.25,False,False,False,True,1,-0.07400297234258735
2025-01-13,1230.0,1259.4000244140625,1215.25,1222.550048828125,2021426,1251.9260772696066,1279.5152014695848,44.595262885736005,40.10573829179153,1343.1500244140625,2049274.75,False,False,False,False,0,-0.08978890920137395
2025-01-14,1226.800048828125,1277.050048828125,1226.800048828125,1270.699951171875,2019116,1253.7140652602989,1279.1695053794786,52.17247432772137,41.13389984237786,1343.1500244140625,2049695.35,False,False,True,False,1,-0.0539404176192404
2025-01-15,1290.949951171875,1290.949951171875,1251.0,1253.8499755859375,1132553,1253.7270091008359,1278.176582642477,49.6152644852597,41.049332080199086,1343.1500244140625,2053074.5,False,False,False,False,0,-0.06648553564750248
2025-01-16,1268.8499755859375,1297.949951171875,1265.0999755859375,1282.0999755859375,2453628,1256.4291963851313,1278.3304411892793,53.711647151302316,41.26723518775184,1343.1500244140625,1990756.95,False,False,True,True,2,-0.04545288889434196
2025-01-17,1290.0,1290.0,1241.199951171875,1257.4000244140625,1594817,1256.5216561974105,1277.5096405314275,49.89223257912349,41.80529330492135,1343.1500244140625,2003636.5,False,False,False,False,0,-0.06384245872862016
2025-01-20,1259.5,1269.300048828125,1228.800048828125,1246.9000244140625,763622,1255.6053103132822,1276.309263428786,48.31924126788759,41.71205806885554,1343.1500244140625,2000129.4,False,False,False,False,0,-0.07165990265457367
2025-01-21,1245.0999755859375,1269.5,1238.300048828125,1240.5,1153732,1254.1667093310648,1274.9049785884415,47.33953831156482,40.96119329049979,1343.1500244140625,1923294.65,False,False,False,False,0,-0.07642483903378006
2025-01-22,1248.0,1278.0,1231.449951171875,1257.0999755859375,1708689,1254.4460680220052,1274.2067431765786,50.16210680484432,41.360397257473025,1343.1500244140625,1908298.35,False,False,True,False,1,-0.06406585062280257
2025-01-23,1251.0,1258.3499755859375,1221.0,1246.050048828125,1143154,1253.6464471463976,1273.1025590844824,48.306022329143275,41.07393856664906,1343.1500244140625,1937497.95,False,False,False,False,0,-0.07229272517662089
2025-01-24,1247.5,1252.3499755859375,1215.6500244140625,1223.050048828125,1118698,1250.7325044494191,1271.1397155450175,44.60628300864077,40.76151089559377,1343.1500244140625,1965304.75,False,False,False,False,0,-0.08941664996680476
2025-01-27,1220.0,1220.0,1169.800048828125,1175.3499755859375,1224514,1243.5532159862303,1267.3832551544654,38.09055379040652,41.65354583162279,1343.1500244140625,1988056.15,False,False,False,False,0,-0.12493023547486914
2025-01-28,1205.0,1292.8499755859375,1196.0,1241.699951171875,4408311,1243.3767145753393,1266.3760667629913,49.20513718262226,47.07114970079259,1343.1500244140625,1845934.55,False,False,False,True,1,-0.07553145322425481
2025-01-29,1235.0,1304.5,1230.050048828125,1296.550048828125,2589903,1248.4408416470333,1267.5593601773103,56.204897060484384,49.02677837729848,1343.1500244140625,2002362.2,False,False,True,True,2,-0.034694542485130264
2025-01-30,1295.5,1308.5999755859375,1265.050048828125,1279.4000244140625,1603461,1251.3893352438931,1268.0236999513006,53.71253560764335,48.635574690192335,1343.1500244140625,2102460.8,False,False,True,False,1,-0.04746305240757476
2025-01-31,1284.0,1321.800048828125,1247.449951171875,1285.8499755859375,3455935,1254.6713009907546,1268.7227695840313,54.52920408547464,50.47232633062503,1343.1500244140625,1910698.9,False,False,True,True,2,-0.04266094463507275
2025-02-01,1296.25,1296.300048828125,1225.3499755859375,1265.5,1221548,1255.7026056583018,1268.596386463089,51.445170079140766,51.93502253859378,1343.1500244140625,1854722.2,False,False,True,False,1,-0.05781187730531934
2025-02-03,1269.0,1340.4000244140625,1239.0999755859375,1337.6500244140625,3201674,1263.507121730279,1271.304372265088,60.06830233328743,55.46109584498887,1321.800048828125,1804750.45,False,True,True,True,2,0.011991205175086561
2025-02-04,1348.0,1399.5,1342.050048828125,1394.9000244140625,4294009,1276.020731509687,1276.1512605846556,65.32983436053081,55.91744439791377,1340.4000244140625,1887393.2,False,True,True,True,2,0.04065950388491224
2025-02-05,1400.0,1401.449951171875,1372.199951171875,1388.0,2256362,1286.6854237468597,1280.5374856597673,64.23133150865277,54.01262694091993,1399.5,2041446.1,True,False,True,True,2,-0.00821722043586992
2025-02-06,1381.5,1401.0999755859375,1365.199951171875,1381.9000244140625,1418890,1295.7534809532601,1284.5124871795435,63.21928295125663,52.71886961757297,1401.449951171875,2074095.9,True,False,True,False,1,-0.013949785892436006
2025-02-07,1384.9000244140625,1395.0,1356.050048828125,1380.1500244140625,1906955,1303.7912469971461,1288.2629788357992,62.91302341750383,51.73537544288026,1401.449951171875,2039202.1,True,False,True,False,1,-0.015198492632577998
2025-02-10,1374.0999755859375,1390.0,1322.550048828125,1347.75,742166,1307.9777949021798,1290.5958031951795,57.37151099004943,52.85784513780846,1401.449951171875,2033478.55,True,False,True,False,1,-0.03831742341349531
2025-02-11,1347.75,1356.0,1300.5999755859375,1310.300048828125,1165281,1308.198961942746,1291.3685187101971,51.702704670920866,53.03942937182661,1401.449951171875,1969631.05,True,False,True,False,1,-0.06503971281138621
2025-02-12,1313.800048828125,1358.5,1302.0,1351.8499755859375,1486866,1312.3562013373357,1293.7403405484615,56.80255133466811,53.28661298812471,1401.449951171875,1971267.45,True,False,True,False,1,-0.03539189932859366
2025-02-13,1355.0,1414.5,1355.0,1390.800048828125,3103262,1319.8270439555063,1297.5466036182524,60.96380755646859,53.95542808997741,1401.449951171875,1922929.35,True,False,True,True,2,-0.007599202764854152
2025-02-14,1391.0,1403.5,1357.0,1376.0,1380204,1325.176849293077,1300.6232073979288,58.651810197122096,53.42289751212188,1414.5,1998351.6,True,False,True,False,1,-0.027218098267939195
2025-02-17,1365.050048828125,1377.449951171875,1336.449951171875,1356.949951171875,1159828,1328.20285899582,1302.8320993106324,55.72251212381406,52.53554768982746,1414.5,2029180.7,True,False,True,False,1,-0.04068578920334043
2025-02-18,1351.0999755859375,1362.4000244140625,1333.050048828125,1350.4000244140625,1120095,1330.3168747499383,1304.697508138218,54.7107467279706,50.879435396692465,1414.5,2029485.5,True,False,True,False,1,-0.04531634894728698
2025-02-19,1350.0,1380.8499755859375,1343.449951171875,1375.4000244140625,1493355,1334.6105080512834,1307.47015583531,57.85611802753416,49.916620326504614,1414.5,2000055.8,True,False,True,False,1,-0.027642259162910965
2025-02-20,1370.0,1399.0,1358.4000244140625,1395.25,1137492,1340.385697760685,1310.9125026652978,60.21856390680091,49.2511457021784,1414.5,2017565.85,True,False,True,False,1,-0.013609049133969653
2025-02-21,1394.449951171875,1406.75,1370.5,1384.1500244140625,1316473,1344.5537288705304,1313.78456234172,58.25210145464305,48.32249243773709,1414.5,2018505.55,True,False,True,False,1,-0.021456327738379244
2025-02-24,1375.0,1382.5,1338.0,1377.25,933976,1347.6676594542896,1316.2734030342015,57.00589970770959,48.167316150331764,1414.5,2023103.5,True,False,True,False,1,-0.026334393778720377
2025-02-25,1379.949951171875,1403.6500244140625,1363.25,1367.800048828125,1043022,1349.5850298708453,1318.2940558104337,55.26221224286396,47.61250959774111,1414.5,1849386.75,True,False,True,False,1,-0.03301516519750791
2025-02-27,1406.1500244140625,1443.5,1400.5,1438.6500244140625,4929552,1358.0674103035326,1323.0138977164584,64.12279468581323,49.618755424464965,1414.5,1772042.7,True,True,True,True,2,0.017073187991560657
2025-02-28,1434.0999755859375,1438.6500244140625,1395.300048828125,1400.75,2802181,1362.1324188460533,1326.062372315813,57.555872420969855,49.17098543599872,1443.5,1938347.25,True,False,True,True,2,-0.029615517838586736
2025-03-03,1408.0,1427.949951171875,1400.0,1419.75,1551965,1367.6198075273817,1329.7363969308792,59.77966322822013,47.6551972742756,1443.5,1905659.55,True,False,True,False,1,-0.016453065465881545
2025-03-04,1414.800048828125,1454.25,1387.300048828125,1449.5999755859375,1971854,1375.4274425805775,1334.436929427156,63.054661201164066,49.03339398124699,1443.5,1922180.4,True,True,True,True,2,0.004225823059187839
2025-03-05,1458.0,1461.9000244140625,1394.050048828125,1446.9000244140625,2724065,1382.2343551361475,1338.8472468776229,62.5584711268984,50.37743552443917,1454.25,1860689.4,True,False,True,True,2,-0.005054134836470658
2025-03-06,1469.0,1500.0,1450.0,1458.5999755859375,1086379,1389.5072713694608,1343.5434323171648,63.88474844581103,50.57190267168905,1461.9000244140625,1782192.2,True,False,True,False,1,-0.002257369705871426
2025-03-07,1467.550048828125,1474.0,1449.6500244140625,1457.3499755859375,1722090,1395.9684812948394,1348.0064340139795,63.62543669842049,48.698907879849656,1500.0,1723693.05,True,False,True,False,1,-0.028433349609375047
2025-03-10,1460.0,1476.3499755859375,1411.0,1419.550048828125,1482590,1398.214344869438,1350.8120659674755,56.19690427052176,49.888269858855935,1500.0,1738853.05,True,False,True,False,1,-0.05363330078124995
2025-03-11,1417.0,1455.0,1408.75,1448.75,1204847,1403.0272644056822,1354.6527692628686,60.07479243565452,49.62839344036623,1500.0,1717634.8,True,False,True,False,1,-0.03416666666666668
2025-03-12,1457.0,1457.0,1425.550048828125,1451.5,1194307,1407.6437154146647,1358.4506998800111,60.430088832095876,48.32993327833114,1500.0,1740768.85,True,False,True,False,1,-0.032333333333333325
2025-03-13,1456.550048828125,1466.949951171875,1437.0,1444.699951171875,754263,1411.172880724875,1361.8330234600842,59.03118096504443,47.017077413584275,1500.0,1742220.15,True,False,True,False,1,-0.036866699218749965
2025-03-17,1438.0999755859375,1466.0,1433.0999755859375,1455.5999755859375,849819,1415.404032616405,1365.5101588375687,60.605426275370554,46.008716485047,1500.0,1705590.0,True,False,True,False,1,-0.029600016276041696
2025-03-18,1455.5999755859375,1455.5999755859375,1455.5999755859375,1455.5999755859375,0,1419.2322176611224,1369.0430928277008,60.605426275370554,42.72237959325793,1500.0,1592917.85,True,False,True,False,1,-0.029600016276041696
2025-03-19,1520.0,1530.4000244140625,1497.25,1513.25,1564937,1428.186292169587,1374.698265657987,68.1196403937802,45.01364168146272,1500.0,1523907.65,True,True,True,True,2,0.008833333333333249
2025-03-20,1517.0,1538.0,1476.199951171875,1493.199951171875,3216107,1434.378069217424,1379.3453905801002,63.577591014540815,46.21267076336717,1530.4000244140625,1544163.1,True,False,True,True,2,-0.02430741809248871
2025-03-21,1502.0,1550.0,1500.800048828125,1538.5,1902342,1444.2944435776694,1385.5867478122532,68.66178063722242,46.968912053707015,1538.0,1648963.7,True,True,True,True,2,0.00032509752925879987
2025-03-24,1554.8499755859375,1580.0,1522.0,1529.300048828125,5381367,1452.3902155062842,1391.2225635383656,66.62764880279593,47.75684690701365,1550.0,1669413.05,True,False,True,True,2,-0.013354807207661246
2025-03-25,1560.0,1560.0,1508.0999755859375,1529.050048828125,2103349,1459.6911520131262,1396.6275629614934,66.56993478144454,48.05278815751714,1580.0,1881606.8,True,False,True,True,2,-0.0322468045391614
2025-03-26,1534.699951171875,1551.0,1510.0,1522.25,1863135,1465.6491375356854,1401.553933041435,64.92260891645107,47.54901757483735,1580.0,1920950.6,True,False,True,False,1,-0.03655063291139238
2025-03-27,1515.0,1536.0,1507.199951171875,1531.699951171875,1773298,1471.9396912153227,1406.657698458315,66.17528211520414,46.209805521500755,1580.0,1967408.55,True,False,True,False,1,-0.030569651157041133
2025-03-28,1536.0,1536.0,1511.0,1519.949951171875,975450,1476.5120969254706,1411.1005318980626,63.15524081705986,44.69481941282213,1580.0,2003922.35,True,False,True,False,1,-0.03800636001780067
2025-04-01,1523.0,1523.9000244140625,1460.0,1468.25,1585585,1475.7252305516163,1413.3416875099033,51.926244401594744,46.066619770053585,1580.0,1806217.25,True,False,True,False,1,-0.07072784810126587
2025-04-02,1471.0,1479.5999755859375,1452.5999755859375,1460.25,1356661,1474.2513990705102,1415.1812291761817,50.43199786381988,44.704718357906906,1580.0,1745387.45,True,False,True,False,1,-0.07579113924050629
2025-04-03,1454.0,1472.5999755859375,1426.25,1445.449951171875,1029616,1471.5084040325448,1416.368237881895,47.69743319616662,44.82223673133767,1580.0,1735622.25,True,False,False,False,0,-0.0851582587519778
2025-04-04,1445.0,1462.6500244140625,1433.050048828125,1453.300048828125,1303321,1469.7742749654572,1417.8165441935118,49.268716408647705,43.73493236380908,1580.0,1688510.35,True,False,False,False,0,-0.08018984251384498
2025-04-07,1445.0,1445.0,1358.6500244140625,1386.0999755859375,2219214,1461.8052940721695,1416.5727571892933,38.5829385951134,47.37172465311289,1580.0,1617473.15,True,False,False,True,1,-0.12272153443928002
2025-04-08,1414.0,1470.0,1412.050048828125,1463.300048828125,2682517,1461.9476516679747,1418.4051999986593,51.576394197332846,49.980888921752154,1580.0,1674114.9,True,False,True,True,2,-0.07386072858979431
2025-04-09,1475.0,1475.0,1390.0,1430.5999755859375,2837371,1458.9621587077806,1418.883426492278,47.03706628044889,52.482253998769856,1580.0,1722136.25,True,False,False,True,1,-0.09455697747725478
2025-04-11,1473.0,1498.5999755859375,1457.050048828125,1475.699951171875,1785510,1460.5562341805517,1421.111525499321,53.160126848611824,53.590664427429154,1580.0,1789875.3,True,False,True,False,1,-0.06601268913172464
2025-04-15,1520.0,1579.0,1487.9000244140625,1560.300048828125,2497699,1470.0556450993683,1426.5698989631958,62.02832714361725,57.14133474176457,1580.0,1818908.45,True,False,True,True,2,-0.012468323526503178
2025-04-16,1570.0,1629.9000244140625,1543.0,1611.9000244140625,2052940,1483.5646336055297,1433.8377470200926,66.22821001038636,59.266955432642995,1580.0,1884078.05,True,True,True,True,2,0.02018988886965989
2025-04-17,1605.0,1609.800048828125,1561.9000244140625,1587.300048828125,1816329,1493.4441969600625,1439.8558765027606,62.66941516503519,58.605030044597065,1629.9000244140625,1949011.9,True,False,True,False,1,-0.026136557425509466
2025-04-21,1609.300048828125,1682.0,1595.0,1659.800048828125,3338149,1509.2876114236876,1448.4811381625789,68.10846857960473,61.18323869654549,1629.9000244140625,1997337.4,True,True,True,True,2,0.01834469842701636
2025-04-22,1648.9000244140625,1649.0,1557.4000244140625,1566.4000244140625,4574218,1514.7268888513424,1453.1054082116568,56.65602200022547,64.12729481922528,1682.0,2164244.85,True,False,True,True,2,-0.06872769059806039
2025-04-23,1595.0,1620.0,1559.199951171875,1566.800048828125,3560465,1519.6862374205598,1457.5640215691653,56.689612264640125,63.88963439128955,1682.0,2314708.9,True,False,True,True,2,-0.06848986395474133
2025-04-24,1567.0,1570.9000244140625,1536.699951171875,1547.9000244140625,3030697,1522.3732647532743,1461.1066099160241,54.539046408898265,61.768951452067974,1682.0,2331926.8,True,False,True,True,2,-0.07972650153741823
2025-04-25,1562.0,1579.9000244140625,1517.699951171875,1543.5,1777628,1524.385334776772,1464.3377232526507,54.025212046323276,61.79974586564794,1682.0,2388344.55,True,False,True,False,1,-0.08234244946492275
2025-04-28,1522.0999755859375,1563.0,1485.0999755859375,1525.800048828125,2705277,1524.5200694483294,1466.7480105301204,51.906654299510386,62.94976576196327,1682.0,2208157.6,True,False,True,True,2,-0.09286560711764269
2025-04-29,1529.800048828125,1534.9000244140625,1480.0,1484.5,2398360,1520.7086342627742,1467.4441669799196,47.250636132989406,62.37478423711322,1682.0,2238254.0,True,False,False,True,1,-0.11741973840665876
2025-04-30,1480.0,1503.300048828125,1465.5999755859375,1492.199951171875,2525455,1517.9935215874505,1468.414982046271,48.18384509548928,60.612304880332815,1682.0,2265015.25,True,False,False,True,1,-0.11284188396440253
2025-05-02,1480.0999755859375,1505.0999755859375,1475.9000244140625,1492.0999755859375,1150273,1515.5274695873063,1469.3438053223365,48.17192865964098,58.36856532972868,1682.0,2302623.1,True,False,False,False,0,-0.11290132248160667
2025-05-05,1494.0,1559.300048828125,1487.4000244140625,1551.5,1794084,1518.9534248647058,1472.5656168783232,55.25282021194578,59.335098121466814,1682.0,2311364.25,True,False,True,False,1,-0.07758620689655171
2025-05-06,1557.0,1572.9000244140625,1524.800048828125,1530.5999755859375,1385877,1520.0626201714897,1474.8414740825435,52.5332396265506,58.53258936892901,1682.0,2321789.2,True,False,True,False,1,-0.09001190512132129
2025-05-07,1505.0,1590.9000244140625,1505.0,1574.5,2446093,1525.2471325361098,1478.7496515695027,57.2887035155627,60.48740615786711,1682.0,2323250.0,True,False,True,True,2,-0.0639120095124851
2025-05-08,1575.0,1590.699951171875,1518.300048828125,1531.5,1490280,1525.842643723147,1480.8182926844243,51.813108474158284,61.33829874257303,1682.0,2394073.85,True,False,True,False,1,-0.08947681331747914
2025-05-09,1495.5,1530.5,1492.5,1513.5999755859375,2126114,1524.676675329127,1482.1038488766405,49.68423060374743,59.74270597524639,1682.0,2403421.8,True,False,False,False,0,-0.10011892057910965
2025-05-12,1550.0,1582.0,1543.9000244140625,1579.199951171875,825674,1529.8693682665314,1485.911539162728,56.70498431929577,60.36108586373325,1682.0,2398766.8,True,False,True,False,1,-0.06111774603336806
2025-05-13,1579.199951171875,1593.5,1569.0,1578.800048828125,1222774,1534.5294330819213,1489.5542258162732,56.65308780831515,57.79957973060945,1682.0,2305924.65,True,False,True,False,1,-0.061355500102184934
2025-05-14,1555.0,1606.0,1555.0,1596.5999755859375,1240552,1540.440913320399,1493.75209835626,58.474791334922365,57.31389546413735,1682.0,2225194.8,True,False,True,False,1,-0.05077290393226075
2025-05-15,1584.5999755859375,1614.0,1574.9000244140625,1609.199951171875,801332,1546.9893931157776,1498.279465133343,59.76384839143248,56.01290118712308,1682.0,2197946.9,True,False,True,False,1,-0.0432818364019768
2025-05-16,1616.199951171875,1630.0,1602.699951171875,1619.300048828125,652281,1553.8761222312392,1503.0253703762755,60.8139524357874,53.96198316148036,1682.0,2113128.55,True,False,True,False,1,-0.03727702209980677
2025-05-19,1620.0,1639.5,1618.9000244140625,1634.4000244140625,893304,1561.54506529627,1508.1773175934438,62.394133491464615,51.57898262037016,1682.0,2043095.6,True,False,True,False,1,-0.028299628766906948
2025-05-20,1634.5999755859375,1635.0,1600.4000244140625,1609.300048828125,1110122,1566.0931589659704,1512.1429148967648,58.193348311722424,50.366196403624976,1682.0,1996944.35,True,False,True,False,1,-0.04322232531027048
2025-05-21,1609.9000244140625,1661.0,1603.199951171875,1656.0,2599619,1574.6557152549256,1517.7843692145389,63.16272604869551,50.89718586251783,1649.0,1885543.0,True,True,True,True,2,0.004244996967859294
2025-05-22,1652.5,1656.9000244140625,1616.800048828125,1626.9000244140625,1163741,1579.631363746272,1522.0634145164809,58.496682953726236,50.12595655704781,1661.0,1786813.05,True,False,True,False,1,-0.020529786626091173
2025-05-23,1622.0,1634.800048828125,1604.0,1628.0,648628,1584.2379005323412,1526.2177904177952,58.62111772109979,48.74553457641046,1661.0,1666976.85,True,False,True,False,1,-0.019867549668874163
2025-05-26,1628.0,1648.5,1619.699951171875,1644.800048828125,537043,1590.0057241795587,1530.8680750613375,60.56578076122041,47.320857022961505,1661.0,1547873.4,True,False,True,False,1,-0.009753131349714006
2025-05-27,1645.199951171875,1670.0,1638.4000244140625,1665.199951171875,1146178,1597.1670791312076,1536.135991771555,62.84895406522899,46.197936920316934,1661.0,1485844.15,True,True,True,False,1,0.002528567833759876
2025-05-28,1670.0,1684.4000244140625,1642.699951171875,1647.0,982297,1601.9130715949022,1540.4835999373763,59.537035459804095,45.87666094330769,1670.0,1407889.2,True,False,True,False,1,-0.01377245508982039
2025-05-29,1649.9000244140625,1653.800048828125,1601.5,1607.800048828125,1535436,1602.4737360933043,1543.12346067819,53.05238595534981,46.335474363651784,1684.4000244140625,1337086.05,True,False,True,True,2,-0.04547611878157254
2025-05-30,1608.0,1615.300048828125,1593.0,1601.0,1453818,1602.3333802748944,1545.3931288868885,51.99443065912371,44.6186582539713,1684.4000244140625,1287585.1,True,False,True,True,2,-0.049513193543840095
2025-06-02,1570.0,1590.0,1548.0999755859375,1581.0,2123000,1600.3016297725235,1546.7894767736773,48.905402401589384,45.21018440826353,1684.4000244140625,1302762.35,True,False,False,True,1,-0.061386857584516674
2025-06-03,1588.0,1603.199951171875,1562.0999755859375,1566.300048828125,860899,1597.063383968295,1547.5545972464008,46.70888265247305,44.916598063811676,1684.4000244140625,1319208.15,True,False,False,False,0,-0.07011397166597633
2025-06-04,1554.699951171875,1554.699951171875,1494.4000244140625,1512.699951171875,4168598,1589.0287713210168,1546.1877483807332,39.706110518155754,46.84398566025817,1684.4000244140625,1292959.25,True,False,False,True,1,-0.10193544927186482
2025-06-05,1522.0,1524.699951171875,1502.0,1511.5999755859375,2623833,1581.6546002986283,1544.8313651338785,39.57498313225312,45.1194117682308,1684.4000244140625,1379084.5,True,False,False,True,1,-0.10258848629988326
2025-06-06,1519.0,1623.699951171875,1497.199951171875,1593.199951171875,6915310,1582.7541575246519,1546.7281724294862,52.189049236029994,50.93231092764288,1684.4000244140625,1435762.15,True,False,True,True,2,-0.05414395150814155
2025-06-09,1620.0,1653.0,1604.0,1644.5999755859375,2938014,1588.6442354352505,1550.5662823571904,58.11974468304951,51.56572077767732,1684.4000244140625,1675221.95,True,False,True,True,2,-0.023628620429383962
2025-06-10,1660.0,1660.0,1612.4000244140625,1637.699951171875,1392757,1593.3162083625482,1553.983288977374,57.095851197173715,51.28245326398162,1684.4000244140625,1780838.95,True,False,True,False,1,-0.027725049017636172
2025-06-11,1629.0,1642.300048828125,1594.4000244140625,1608.199951171875,1851871,1594.7337076777221,1556.1094325928448,52.812133280376926,51.04085120327312,1684.4000244140625,1789338.1,True,False,True,True,2,-0.045238703477634146
2025-06-12,1608.300048828125,1634.9000244140625,1578.0,1581.699951171875,1483626,1593.492397534308,1557.1129823410422,49.23834898263733,51.45936357547236,1684.4000244140625,1819904.05,True,False,False,False,0,-0.06097130833153064
2025-06-13,1551.0,1569.199951171875,1540.5,1553.800048828125,3191325,1589.712173848005,1556.9830633797512,45.72974090384357,50.726548403786836,1684.4000244140625,1854018.75,True,False,False,True,1,-0.0775350116913992
2025-06-16,1555.0,1573.0,1549.0,1566.5999755859375,1213574,1587.5110121087605,1557.3601971917587,47.5754184729243,48.81750923208778,1684.4000244140625,1980970.95,True,False,False,False,0,-0.06993591018802259
2025-06-17,1571.0,1576.4000244140625,1542.0,1555.199951171875,1189553,1584.4337682100095,1557.2754816615673,46.072556047271256,47.78768888794312,1684.4000244140625,1996984.45,True,False,False,False,0,-0.07670391318542713
2025-06-18,1552.0,1590.0,1550.5,1586.800048828125,1561533,1584.6591282688776,1558.4333078249617,50.719613495993364,47.19571111023289,1684.4000244140625,2000956.0,True,False,True,False,1,-0.05794346602428291
2025-06-19,1584.800048828125,1599.800048828125,1535.300048828125,1544.4000244140625,1062384,1580.8249279017523,1557.8829829853184,45.103443204620405,48.431731745216254,1684.4000244140625,1949051.7,True,False,False,False,0,-0.08311564828473605
2025-06-20,1544.4000244140625,1565.0,1538.0,1557.5,2149247,1578.6035061968234,1557.8679640447176,47.0541210771765,46.9008937634151,1684.4000244140625,1943983.85,True,False,False,True,1,-0.07533841283231169
2025-06-23,1549.800048828125,1587.9000244140625,1543.199951171875,1583.5999755859375,838061,1579.0793604243581,1558.8770625365303,50.80486092819609,46.74369229761313,1684.4000244140625,2019014.8,True,False,True,False,1,-0.05984329575344749
2025-06-24,1602.0,1614.5,1591.5999755859375,1598.5,1464575,1580.9289451458478,1560.4309032213723,52.85802708475101,45.61200173450237,1684.4000244140625,2034065.7,True,False,True,False,1,-0.05099740154892474
2025-06-25,1605.0,1613.300048828125,1588.0999755859375,1608.800048828125,1252727,1583.5833359727312,1562.327732460853,54.27858376102212,44.154006842194164,1684.4000244140625,2049985.55,True,False,True,False,1,-0.04488243557953864
2025-06-26,1616.0,1630.9000244140625,1596.300048828125,1627.0,1809115,1587.7182563562806,1564.8638998153294,56.75812292384763,43.47157603817583,1660.0,2063507.05,True,False,True,False,1,-0.01987951807228916
2025-06-27,1627.0999755859375,1666.5999755859375,1594.300048828125,1654.0999755859375,5837341,1594.040324854343,1568.363353767118,60.21771125145252,45.530743946721316,1660.0,2077191.0,True,False,True,True,2,-0.003554231574736444
2025-06-30,1656.0,1658.199951171875,1615.0,1628.0,1489109,1597.27457963012,1570.7020457762505,55.60369203013776,45.364258748518004,1666.5999755859375,2296367.15,True,False,True,False,1,-0.023160912127318745
2025-07-01,1621.0,1627.9000244140625,1578.0,1599.800048828125,2353507,1597.5151005061202,1571.8431439351475,51.05211562604496,45.69538312362386,1666.5999755859375,2264672.6,True,False,True,True,2,-0.04008155990421591
2025-07-02,1580.0,1605.4000244140625,1540.0,1554.5999755859375,2875195,1593.427945751817,1571.1669412547865,44.73165614616366,47.10285750151234,1666.5999755859375,2339303.0,True,False,False,True,1,-0.06720268909197802
2025-07-03,1555.0,1567.9000244140625,1524.0999755859375,1527.0999755859375,4522465,1587.1109962122093,1569.4388249540473,41.37539819191047,46.86694259627039,1666.5999755859375,2274632.85,True,False,False,True,1,-0.08370334936009771
2025-07-04,1532.0999755859375,1545.5,1515.0,1526.699951171875,1751430,1581.357563351225,1567.7627906880798,41.32682340923051,45.697875267965365,1666.5999755859375,2369564.45,True,False,False,False,0,-0.08394337361302129
2025-07-07,1526.699951171875,1535.199951171875,1508.0999755859375,1514.300048828125,2553187,1574.971133396644,1565.6662125759246,39.76826951793913,44.36945386210623,1666.5999755859375,2111370.45,True,False,False,True,1,-0.09138361273782414
2025-07-08,1517.0,1526.0,1506.5,1521.699951171875,2437495,1569.8976874704756,1563.9420454620404,41.19357188862806,42.593064300527224,1666.5999755859375,2092129.1,True,False,False,True,1,-0.08694349366177034
2025-07-09,1527.0,1570.0,1518.0,1563.0999755859375,2507920,1569.2502863386148,1563.909023113958,48.53163335087078,43.264988279060994,1666.5999755859375,2144366.0,True,False,False,True,1,-0.06210248500910476
2025-07-10,1569.0,1576.0,1542.699951171875,1546.800048828125,1072022,1567.112168480473,1563.2380829458862,46.09292134040536,42.55320688970843,1666.5999755859375,2177168.45,True,False,False,False,0,-0.0718828324209555
2025-07-11,1542.0,1546.5999755859375,1524.5,1532.5,1178845,1563.8157714823328,1562.0326679284003,44.003806076853444,41.106552742452465,1666.5999755859375,2156588.25,True,False,False,False,0,-0.08046320505842508
2025-07-14,1533.0,1547.699951171875,1520.5,1528.4000244140625,1189763,1560.4428431901165,1560.7137407317596,43.396494926355636,40.11322405883979,1666.5999755859375,2055964.25,False,False,False,False,0,-0.08292328884937561
2025-07-15,1542.699951171875,1561.0,1519.0,1557.0,2169391,1560.1149533624864,1560.568103840318,48.71378925698316,40.24799376892266,1666.5999755859375,2054773.7,False,False,False,True,1,-0.06576261681955486
2025-07-16,1539.4000244140625,1568.0,1489.5999755859375,1559.0,3694875,1560.008767327964,1560.5066095720704,49.07406531403885,42.97313881500408,1666.5999755859375,2103765.6,False,False,False,True,1,-0.06456256880005529
2025-07-17,1563.0,1570.5999755859375,1550.0,1564.300048828125,912552,1560.4174608041699,1560.6553718958373,50.074958610244295,41.375055727213606,1666.5999755859375,2210432.7,False,False,True,False,1,-0.06138241225033392
2025-07-18,1563.0,1571.4000244140625,1550.0,1554.5999755859375,1194869,1559.8634145929097,1560.4179053738806,48.20753219433893,39.94826777627424,1666.5999755859375,2202941.1,False,False,False,False,0,-0.06720268909197802
2025-07-21,1554.0,1578.5999755859375,1518.0999755859375,1573.800048828125,1632384,1561.1907130915017,1560.9426953132627,52.02154146936272,41.41624864939751,1666.5999755859375,2155222.2,True,False,True,False,1,-0.05568218415771076
2025-07-22,1585.0,1587.800048828125,1556.0999755859375,1565.4000244140625,731619,1561.5915998841265,1561.117492532902,50.27713375958455,40.72223612031108,1666.5999755859375,2194938.35,True,False,True,False,1,-0.060722400488632866
2025-07-23,1550.0,1565.9000244140625,1546.0999755859375,1556.0999755859375,790498,1561.0685880462038,1560.9207271624327,48.344278952936946,39.227794170869224,1666.5999755859375,2158290.55,True,False,False,False,0,-0.06630265307735339
2025-07-24,1558.0,1564.0999755859375,1544.0999755859375,1551.4000244140625,2287825,1560.1477724621905,1560.54736627034,47.353507076749345,37.854380301521424,1666.5999755859375,2135179.1,False,False,False,True,1,-0.06912273662513013
2025-07-25,1520.0,1520.0,1465.699951171875,1503.800048828125,4161435,1554.7813225922794,1558.321981272606,38.702516240587535,41.27192979728329,1666.5999755859375,2159114.6,False,False,False,True,1,-0.09768386484019709
2025-07-28,1488.0,1506.4000244140625,1485.800048828125,1490.300048828125,1228097,1548.6402489004552,1555.6544545100774,36.65709184044087,39.795361639330025,1658.199951171875,2075319.3,False,False,False,False,0,-0.10125431629948645
2025-07-29,1478.0,1502.800048828125,1464.0,1484.800048828125,1288099,1542.5602298459473,1552.875850365687,35.82636062758834,39.7242678671011,1627.9000244140625,2062268.7,False,False,False,False,0,-0.08790464613294924
2025-07-30,1498.5,1499.0,1472.0,1478.0999755859375,738799,1536.4211580116607,1549.9434631194224,34.79197345038476,38.81539159087959,1605.4000244140625,2008998.3,False,False,False,False,0,-0.0792949089897933
2025-07-31,1465.0,1469.0,1426.699951171875,1443.199951171875,6484530,1527.5429478364429,1545.7574430430482,29.942454150155157,39.71429393539266,1587.800048828125,1902178.5,False,False,False,True,1,-0.09106946291063034
2025-08-01,1442.5,1481.9000244140625,1404.0,1422.5,4717925,1517.5388575663055,1540.9238178256737,27.4945494313439,42.44184611244051,1587.800048828125,2000281.75,False,False,False,True,1,-0.1041063381690438
2025-08-04,1422.800048828125,1477.0,1422.800048828125,1472.0999755859375,1765076,1513.2113449967467,1538.224843620194,40.125735504627684,43.30314281869476,1587.800048828125,2148606.5,False,False,False,False,0,-0.0728681632977527
2025-08-05,1475.4000244140625,1481.5999755859375,1456.5,1472.0999755859375,1537683,1509.2959764814316,1535.6317115404192,40.125735504627684,42.002916587783524,1587.800048828125,2109200.95,False,False,False,False,0,-0.0728681632977527
2025-08-06,1472.0,1480.699951171875,1438.9000244140625,1454.9000244140625,2136451,1504.1154096178725,1532.4657630256602,37.49848029097054,41.98841731421417,1587.800048828125,2064210.35,False,False,False,True,1,-0.08370073077661722
2025-08-07,1440.0,1491.0,1440.0,1488.0,1097782,1502.5806087018848,1530.7220076128892,44.96628920202486,42.6321017917703,1587.800048828125,2045636.9,False,False,False,False,0,-0.06285429258034247
2025-08-08,1493.9000244140625,1499.800048828125,1450.0,1451.0999755859375,840293,1497.6776912622706,1527.5995749843812,39.32526525455675,43.14409800865278,1587.800048828125,2046924.9,False,False,False,False,0,-0.08609400997504624
2025-08-11,1452.0,1493.5999755859375,1448.0,1483.0,842409,1496.2798159039592,1525.8505720438175,45.67060405767236,43.319517835601694,1587.800048828125,2029997.3,False,False,False,False,0,-0.06600330369398377
2025-08-12,1485.0,1485.0,1445.5,1450.699951171875,755391,1491.9388764056655,1522.9034888723688,40.99560936279266,43.04669513305871,1587.800048828125,2012629.6,False,False,False,False,0,-0.08634594624016834
2025-08-13,1457.0,1474.699951171875,1454.5999755859375,1460.5,672021,1488.944697700364,1520.4562932303152,42.905244206663816,41.68621690926881,1587.800048828125,1941929.6,False,False,False,False,0,-0.08017385370536978
2025-08-14,1459.0999755859375,1474.800048828125,1449.199951171875,1461.5,1612053,1486.330916966996,1518.1442817310872,43.107581919915134,40.53720839119603,1587.800048828125,1790786.9,False,False,False,False,0,-0.07954405148264143
2025-08-18,1500.0,1533.4000244140625,1495.800048828125,1522.5999755859375,1354862,1489.7851130259428,1518.3190148234344,53.86557880302044,42.77740953568649,1587.800048828125,1825761.95,False,False,True,False,1,-0.04106315104997538
2025-08-19,1522.5999755859375,1529.9000244140625,1503.0,1527.9000244140625,953552,1493.415104586716,1518.6947406897336,54.66637315991699,41.64331059842763,1587.800048828125,1833761.6,False,False,True,False,1,-0.03772516851745389
2025-08-20,1527.800048828125,1536.300048828125,1508.5,1522.9000244140625,1272429,1496.2231921893206,1518.8596537769622,53.71904804179112,40.65450618626316,1587.800048828125,1799820.0,False,False,True,False,1,-0.04087417963109519
2025-08-21,1525.9000244140625,1527.699951171875,1513.699951171875,1518.300048828125,728673,1498.3257499644449,1518.837708484851,52.81230522984714,38.750612887244365,1565.9000244140625,1826860.5,False,False,True,False,1,-0.03039783820410169
2025-08-22,1515.0,1527.0,1511.300048828125,1524.0999755859375,559123,1500.7804381188728,1519.0440719005799,53.8695967059655,37.104137050432264,1564.0999755859375,1823769.25,False,False,True,False,1,-0.025573812815267938
2025-08-25,1524.9000244140625,1530.0,1504.199951171875,1509.4000244140625,701737,1501.601351099367,1518.6658739599322,50.764978214912176,36.29670217741032,1536.300048828125,1737334.15,False,False,True,False,1,-0.017509616324351218
2025-08-26,1510.5999755859375,1518.300048828125,1470.0999755859375,1476.199951171875,2035044,1499.1821701538915,1517.0005436545182,44.52382536032573,37.14694296775155,1536.300048828125,1564349.25,False,False,False,True,1,-0.03912002587130936
2025-08-28,1464.199951171875,1468.5,1435.9000244140625,1439.800048828125,1548977,1493.526730027628,1513.9730732691694,38.88000947944351,37.37215609561304,1536.300048828125,1604696.6,False,False,False,False,0,-0.06281325062354148
2025-08-29,1439.0,1452.300048828125,1418.0,1420.699951171875,871127,1486.59084632708,1510.3153037751579,36.28115744994615,37.15271986222104,1536.300048828125,1617740.5,False,False,False,False,0,-0.07524578141127358
2025-09-01,1419.4000244140625,1455.4000244140625,1412.300048828125,1453.800048828125,909205,1483.4679132319416,1508.0990192674312,43.34833843553235,37.5775238424865,1536.300048828125,1624356.9,False,False,False,False,0,-0.05370044742427116
2025-09-02,1454.9000244140625,1458.5,1428.699951171875,1431.4000244140625,1087452,1478.5090666778578,1505.0912155476913,40.106461103688,37.021989912889254,1536.300048828125,1345590.65,False,False,False,False,0,-0.06828094843457122
2025-09-03,1432.9000244140625,1445.0,1424.199951171875,1439.800048828125,989265,1474.8224935493117,1502.53077763712,41.86235511316303,35.8632798354061,1536.300048828125,1164067.0,False,False,False,False,0,-0.06281325062354148
2025-09-04,1475.0,1486.699951171875,1447.5,1461.199951171875,1738436,1473.5251085609843,1500.909960912993,46.19042081250781,36.65161001457352,1536.300048828125,1125276.45,False,False,False,True,1,-0.04888374358481318
2025-09-05,1471.9000244140625,1495.699951171875,1457.0,1490.9000244140625,1103269,1475.1798624517537,1500.5174143836232,51.57817726290949,36.79792009723791,1536.300048828125,1135314.1,False,False,True,False,1,-0.02955153483767259
2025-09-08,1498.800048828125,1514.0,1481.699951171875,1494.0,869279,1476.9722565039676,1500.261829505834,52.11708494967584,36.47664357801556,1536.300048828125,1083655.0,False,False,True,False,1,-0.027533715735016173
2025-09-09,1499.9000244140625,1524.699951171875,1495.5999755859375,1507.0999755859375,854933,1479.8415630832028,1500.5299920972107,54.42538949410568,36.06402269186267,1536.300048828125,1072229.85,False,False,True,False,1,-0.019006751490023732
2025-09-10,1507.0999755859375,1528.4000244140625,1507.0,1522.4000244140625,847153,1483.894749876618,1501.3876404233617,57.030803657875474,35.016594243448374,1536.300048828125,1072961.85,False,False,True,False,1,-0.009047727639314496
2025-09-11,1522.0,1530.199951171875,1490.5,1495.699951171875,1286327,1485.0190547618806,1501.1645937860485,51.497962871591916,35.35111973833599,1536.300048828125,1073199.05,False,False,True,True,2,-0.026427192843754277
2025-09-12,1505.0,1520.0,1491.199951171875,1512.300048828125,466301,1487.6172446729515,1501.6012782975026,54.45631407895752,34.88318610189235,1536.300048828125,1099745.85,False,False,True,False,1,-0.015621948341606129
2025-09-15,1510.699951171875,1522.0,1505.0999755859375,1517.699951171875,844483,1490.4822643395155,1502.2325988023802,55.40910129806438,33.59867455276165,1536.300048828125,1089459.85,False,False,True,False,1,-0.012107073530615353
2025-09-16,1520.699951171875,1588.199951171875,1515.5999755859375,1583.0999755859375,3343241,1499.3029987439368,1505.4038684801667,64.96802607463593,36.38448176941707,1536.300048828125,1051081.35,False,True,True,True,2,0.030462751591729065
2025-09-17,1575.300048828125,1589.9000244140625,1569.199951171875,1573.4000244140625,1113217,1506.359858331568,1508.070384399143,62.81714052054857,35.26416687461496,1588.199951171875,1150500.3,False,False,True,False,1,-0.00931867977132994
2025-09-18,1575.0,1592.9000244140625,1568.0999755859375,1586.5999755859375,1022359,1514.0017742605555,1511.14997621039,64.53770868927619,34.516729871294245,1589.9000244140625,1158483.55,True,False,True,False,1,-0.0020756329187058276
2025-09-19,1568.5,1601.300048828125,1563.300048828125,1590.9000244140625,2436924,1521.3254171323183,1514.2774290811224,65.10419326251218,34.765534880487515,1592.9000244140625,1145980.05,True,False,True,True,2,-0.0012555715797265554
2025-09-22,1586.5,1644.199951171875,1586.5,1630.0,2983892,1531.6753774054307,1518.8155691171569,69.82443731789579,36.40370747272948,1601.300048828125,1231392.6,True,True,True,True,2,0.01792290657386686
2025-09-23,1629.9000244140625,1643.699951171875,1610.0999755859375,1623.800048828125,1724892,1540.4491556361636,1522.9326075371948,68.24799680971265,36.2034409093872,1644.199951171875,1352631.05,True,False,True,True,2,-0.012407190700383097
2025-09-24,1611.0,1640.0,1611.0,1630.199951171875,1640747,1548.9968504490885,1527.1391700326724,69.02539876157013,35.68890941585954,1644.199951171875,1403788.8,True,False,True,True,2,-0.008514779476803791
2025-09-25,1627.0,1634.199951171875,1586.699951171875,1592.800048828125,1350066,1553.1685836280444,1529.7141064560235,59.80970633704089,36.53255874329815,1644.199951171875,1384073.95,True,False,True,False,1,-0.031261345256162754
2025-09-26,1595.0,1595.0,1562.0,1569.9000244140625,1273246,1554.7620541790939,1531.2900248073192,54.97024647532231,36.28023311877685,1644.199951171875,1374128.4,True,False,True,False,1,-0.04518910653467456
2025-09-29,1574.0,1597.9000244140625,1566.699951171875,1591.699951171875,1415978,1558.2799491307874,1533.659041527498,58.41945295561809,35.91736455616333,1644.199951171875,1394234.35,True,False,True,True,2,-0.03193042303801408
2025-09-30,1576.300048828125,1624.0,1576.300048828125,1610.800048828125,2707464,1563.2818633876766,1536.684179068699,61.22210444681478,36.75897788585702,1644.199951171875,1419573.0,True,False,True,True,2,-0.02031377164312942
2025-10-01,1597.0999755859375,1619.5,1577.5999755859375,1605.300048828125,2199531,1567.283595334386,1539.3749974906373,59.968631906606284,37.12619549501456,1644.199951171875,1500573.6,True,False,True,True,2,-0.023658863580445222
2025-10-03,1607.800048828125,1607.800048828125,1557.800048828125,1570.9000244140625,1515769,1567.6280171514982,1540.611273056262,52.70080516636428,38.045752959656376,1644.199951171875,1561086.9,True,False,True,False,1,-0.04458090800061709
2025-10-06,1571.0999755859375,1665.0,1570.5,1634.0999755859375,1859040,1573.95867985954,1544.2774966848767,61.848891605632986,42.07819917682378,1644.199951171875,1549953.55,True,False,True,True,2,-0.006142790345382787
2025-10-07,1634.0999755859375,1640.0,1609.0,1631.5999755859375,1722326,1579.448327071578,1547.7019076221734,61.34347115790396,41.28689923562209,1665.0,1587742.1,True,False,True,True,2,-0.020060074723160626
2025-10-08,1620.0,1629.9000244140625,1602.199951171875,1607.300048828125,885008,1582.1008720007728,1550.0390896302501,56.509623694988576,40.43783674836783,1665.0,1630394.45,True,False,True,False,1,-0.034654625328453426
2025-10-09,1607.5,1625.0,1596.4000244140625,1621.4000244140625,1404177,1585.843648421086,1552.837557660988,58.55061325569737,39.592275236765666,1665.0,1631898.2,True,False,True,False,1,-0.026186171523085555
2025-10-10,1623.9000244140625,1630.9000244140625,1609.699951171875,1614.199951171875,451903,1588.5442486830661,1555.243926033964,57.07756725491069,38.278546522867224,1665.0,1659749.4,True,False,True,False,1,-0.030510539836711703
2025-10-13,1614.0,1652.5999755859375,1609.0999755859375,1647.199951171875,1392973,1594.1305060629527,1558.8500446668234,61.81884728094001,38.651507485519566,1665.0,1618028.2,True,False,True,False,1,-0.010690720016891864
2025-10-14,1652.0999755859375,1673.0,1639.0,1645.699951171875,1887000,1599.041881787612,1562.255923353296,61.48637749263422,38.3192569508396,1665.0,1664361.8,True,False,True,True,2,-0.011591620917792755
2025-10-15,1649.0,1708.0,1648.0999755859375,1698.4000244140625,2004535,1608.5045620377502,1567.5949077086204,67.99829692507987,40.03217065635999,1673.0,1716487.65,True,True,True,True,2,0.0151823218255005
2025-10-16,1698.0,1700.0999755859375,1653.199951171875,1668.0999755859375,3202080,1614.1803157090062,1571.5362829194955,61.55410504112559,40.52273163905302,1708.0,1649552.35,True,False,True,True,2,-0.023360670031652542
2025-10-17,1666.9000244140625,1677.5,1652.0,1654.300048828125,654858,1618.0012426727317,1574.7819207982654,58.820009691585284,39.44967937912066,1708.0,1753995.5,True,False,True,False,1,-0.031440252442549776
2025-10-20,1661.0,1675.5,1654.0,1673.300048828125,715202,1623.2677956399118,1578.6453767994365,61.36452129368473,38.167559423469186,1708.0,1735620.45,True,False,True,False,1,-0.020316130662690335
2025-10-21,1685.199951171875,1686.800048828125,1665.0,1670.300048828125,132071,1627.747057848313,1582.2396776633068,60.72648021280602,36.99845152380174,1708.0,1649534.35,True,False,True,False,1,-0.022072570943720726
2025-10-23,1676.5999755859375,1695.0999755859375,1672.9000244140625,1684.699951171875,1348437,1633.1711429267475,1586.2577276048194,62.729649898352605,36.12712832623108,1708.0,1506943.3,True,False,True,False,1,-0.013641714770564972
2025-10-24,1685.0,1752.699951171875,1678.0999755859375,1733.5999755859375,2128154,1642.7357936561941,1592.0358549766281,68.5888230844611,38.87518884478154,1708.0,1488120.55,True,True,True,True,2,0.014988276104178855
2025-10-27,1747.199951171875,1782.0,1722.5999755859375,1732.4000244140625,2981176,1651.2752442045626,1597.5403322094687,68.30505412727393,40.34124852830161,1752.699951171875,1512490.9,True,False,True,True,2,-0.011582088961798465
2025-10-28,1732.4000244140625,1743.5999755859375,1711.0,1723.199951171875,2017814,1658.1252162966875,1602.468160404073,66.04879575391408,39.78830046098989,1782.0,1594046.4,True,False,True,True,2,-0.03299666039737659
2025-10-29,1720.0,1725.800048828125,1686.0999755859375,1710.4000244140625,2012855,1663.1037694507233,1606.700782522112,62.93405032319376,39.78199851678971,1782.0,1631274.8,True,False,True,True,2,-0.04017955981253507
2025-10-30,1719.9000244140625,1723.800048828125,1700.0,1711.800048828125,654163,1667.7415103438093,1610.8223223772497,63.13880783278568,38.64043068188509,1782.0,1661118.65,True,False,True,False,1,-0.03939391199319586
2025-10-31,1717.0999755859375,1725.199951171875,1692.199951171875,1696.800048828125,1093387,1670.5089901994586,1614.193997924343,59.35554644628978,38.23754277603616,1782.0,1558453.6,True,False,True,False,1,-0.0478114204107043
2025-11-03,1697.9000244140625,1747.4000244140625,1697.9000244140625,1718.5,1170459,1675.079562561415,1618.2844293782905,62.8258188180689,39.12057369102911,1782.0,1503146.4,True,False,True,False,1,-0.03563411896745228
2025-11-04,1720.0,1777.0,1718.0,1745.9000244140625,1886397,1681.8243684521433,1623.2889625169482,66.69284161555461,40.54053271309846,1782.0,1485880.9,True,False,True,True,2,-0.020258123224431768
2025-11-06,1744.0999755859375,1751.199951171875,1653.4000244140625,1683.4000244140625,2300974,1681.974430924707,1625.646259061933,53.11909496399271,44.63048943057803,1782.0,1487248.75,True,False,True,True,2,-0.05533107496405021
2025-11-07,1665.5,1715.0,1644.5999755859375,1703.9000244140625,2353603,1684.0625826855978,1628.715034173781,56.26339589042157,46.47117050082692,1782.0,1516181.15,True,False,True,True,2,-0.04382714679345534
2025-11-10,1716.800048828125,1759.0,1691.9000244140625,1754.4000244140625,1647003,1690.7613866597374,1633.6438573204587,62.8699610374609,47.94465657833482,1782.0,1589610.9,True,False,True,True,2,-0.015488201787843714
2025-11-11,1749.4000244140625,1750.0,1711.0,1741.800048828125,1659318,1695.6222116281554,1637.8852765952693,60.417747959136875,47.62003999517251,1782.0,1601752.2,True,False,True,True,2,-0.022558895158178993
2025-11-12,1743.699951171875,1757.0,1710.699951171875,1718.800048828125,1343153,1697.8296246948191,1641.0584049181264,56.11508383882277,47.52575491181197,1782.0,1662122.95,True,False,True,False,1,-0.03546574139835856
2025-11-13,1702.5,1719.5,1701.199951171875,1710.5999755859375,831622,1699.0458485892113,1643.785525336472,54.62156190397208,45.4382044772629,1782.0,1659631.95,True,False,True,False,1,-0.040067353767711866
2025-11-14,1710.5999755859375,1726.9000244140625,1705.0999755859375,1714.5999755859375,912397,1700.527194017471,1646.562562601157,55.24727950764328,43.74976478803876,1782.0,1606863.05,True,False,True,False,1,-0.0378226848563763
2025-11-17,1724.0,1724.0,1695.800048828125,1699.699951171875,888281,1700.448408984557,1648.646381760793,52.3514738344575,42.639063815455636,1782.0,1552256.15,True,False,True,False,1,-0.046184090251473076
2025-11-18,1709.0,1709.0,1678.5999755859375,1695.300048828125,1069184,1699.9580889696588,1650.475937332061,51.49315477161258,41.76484671535613,1782.0,1436566.2,True,False,True,False,1,-0.04865317125245505
2025-11-19,1699.5999755859375,1699.5999755859375,1670.0,1678.0999755859375,1108061,1697.8763638854948,1651.5592329498602,48.1684401722414,40.89592734896908,1782.0,1457282.5,True,False,False,False,0,-0.05830528867231344
2025-11-20,1687.300048828125,1709.0,1670.199951171875,1703.199951171875,880665,1698.3833721984834,1653.5843591546452,52.94323409536443,40.74622174033736,1782.0,1476925.45,True,False,True,False,1,-0.044220004954054426
2025-11-21,1682.300048828125,1705.4000244140625,1655.0,1659.699951171875,1888141,1694.6992368626159,1653.8241862925759,45.1759637520013,41.43577907417487,1782.0,1514355.15,True,False,False,True,1,-0.06863077936482886
2025-11-24,1658.9000244140625,1698.699951171875,1647.199951171875,1651.699951171875,2099027,1690.604066796831,1653.7408829545093,43.90037238405862,42.15465199744809,1782.0,1541340.35,True,False,False,True,1,-0.0731201171875
2025-11-25,1651.699951171875,1689.5,1651.699951171875,1685.4000244140625,1092627,1690.108443712758,1654.9824179137076,50.270443393132936,41.84360891392502,1782.0,1539884.0,True,False,True,False,1,-0.054208740508382425
2025-11-26,1688.0,1725.800048828125,1686.0,1712.9000244140625,908178,1692.2790704462154,1657.2536965999961,54.78252678432529,41.74049573536341,1777.0,1445456.55,True,False,True,False,1,-0.03607201777486635
2025-11-27,1712.9000244140625,1749.800048828125,1710.5999755859375,1724.5999755859375,1544531,1695.3572518880937,1659.8947271484644,56.58727099207943,41.559036985850845,1777.0,1389974.75,True,False,True,True,2,-0.029487914695589423
2025-11-28,1722.0,1749.800048828125,1714.199951171875,1736.0,963424,1699.2279898035133,1662.879247652446,58.33234882511671,41.13339846230793,1777.0,1366558.55,True,False,True,False,1,-0.023072594259988755
2025-12-01,1748.0,1749.0,1717.4000244140625,1724.9000244140625,1110164,1701.6729454807084,1665.3114349764312,55.97307782981625,40.45243968542433,1777.0,1382021.6,True,False,True,False,1,-0.029319063357308717
2025-12-02,1715.0,1739.5,1704.5,1711.5999755859375,638234,1702.6183769193017,1667.1266718630784,53.19675842437595,40.06297970789402,1777.0,1382860.45,True,False,True,False,1,-0.036803615314610294
2025-12-03,1701.0,1710.9000244140625,1662.300048828125,1668.9000244140625,898959,1699.407105252136,1667.196215100372,45.40932858110551,40.72276164003106,1777.0,1356249.2,True,False,False,False,0,-0.060832850639244485
2025-12-04,1666.0,1678.800048828125,1651.0,1675.699951171875,1291711,1697.1492810540158,1667.5296949463132,46.74629454065524,39.799710724894915,1759.0,1306877.3,True,False,False,False,0,-0.047356480288871516
2025-12-05,1675.699951171875,1734.800048828125,1671.0,1730.4000244140625,1344984,1700.3160185168774,1669.9951980626956,56.06721860281674,41.51402058941135,1759.0,1256414.15,True,False,True,True,2,-0.016259224324012278
2025-12-08,1730.0,1759.800048828125,1708.9000244140625,1724.4000244140625,1060177,1702.6097333642283,1672.12872066471,54.931479803596126,42.1844494340293,1759.0,1205983.2,True,False,True,False,1,-0.019670253317758624
2025-12-09,1710.0,1735.199951171875,1690.0,1731.199951171875,1381604,1705.3326112506709,1674.4452395081282,56.0188408959616,42.39984241530399,1759.800048828125,1176641.9,True,False,True,True,2,-0.016251901842652683
2025-12-10,1725.0,1757.4000244140625,1721.5999755859375,1744.0,1194602,1709.015219702988,1677.1728771744763,58.069631165271886,41.92842858764835,1759.800048828125,1162756.2,True,False,True,True,2,-0.008978320485129254
2025-12-11,1744.9000244140625,1745.9000244140625,1716.300048828125,1719.4000244140625,1613630,1710.0042487230903,1678.8288437328915,52.958704354149816,41.047824801811856,1759.800048828125,1155328.65,True,False,True,True,2,-0.02295716745829468
2025-12-12,1719.4000244140625,1740.4000244140625,1703.800048828125,1735.5999755859375,2309890,1712.4419369957425,1681.0551626290894,55.722448909141356,40.730121286392254,1759.800048828125,1194429.05,True,False,True,True,2,-0.01375160391562813
2025-12-15,1734.0,1740.0999755859375,1710.0,1733.699951171875,1622531,1714.4665097744219,1683.119664140571,55.31199151852893,39.970825164931206,1759.800048828125,1264303.7,True,False,True,True,2,-0.014831285902981106
2025-12-16,1739.0,1739.4000244140625,1703.0,1715.4000244140625,504325,1714.555415930578,1684.3855606218845,51.38593118184379,39.71576796844058,1759.800048828125,1301016.2,True,False,True,False,1,-0.025230152961769226
2025-12-17,1710.0,1731.800048828125,1667.0999755859375,1673.5,1133450,1710.6453763181419,1683.9586758916143,43.73196897856919,41.50036120227965,1759.800048828125,1272773.25,True,False,False,False,0,-0.049039689983866874
2025-12-18,1678.800048828125,1690.4000244140625,1661.0999755859375,1679.0,744184,1707.6315309545093,1683.7642180135117,44.89231455245423,40.62891031841146,1759.800048828125,1274042.7,True,False,False,False,0,-0.04591433491658947
2025-12-19,1684.800048828125,1694.300048828125,1614.199951171875,1648.0999755859375,2356435,1701.9618590146454,1682.3656202712539,39.912477472648256,43.44828084254278,1759.800048828125,1267218.65,True,False,False,True,1,-0.06347316180413232
2025-12-22,1648.0,1648.0999755859375,1554.699951171875,1584.9000244140625,5780153,1690.813112862209,1678.5434400415602,32.075346603683755,47.01626252622276,1759.800048828125,1290633.35,True,False,False,True,1,-0.09938630501262391
2025-12-23,1605.0,1713.4000244140625,1595.800048828125,1678.5,7716481,1689.6404354467606,1678.5417365105186,48.27462691320409,52.83652948863542,1759.800048828125,1474689.65,True,False,False,True,1,-0.04619845810452372
2025-12-24,1678.5,1708.0999755859375,1669.4000244140625,1697.800048828125,1861216,1690.417541483081,1679.2969644445425,50.87615203297909,51.82677389458111,1759.800048828125,1805882.35,True,False,True,True,2,-0.03523127530385439
2025-12-26,1697.800048828125,1712.4000244140625,1694.800048828125,1698.0,1309836,1691.1396803894545,1680.0304168192663,50.90370214482554,49.38200258682085,1759.800048828125,1853534.25,True,False,True,False,1,-0.03511765377508569
2025-12-29,1697.0,1700.699951171875,1680.5,1698.800048828125,1016727,1691.8692392883756,1680.7664808196137,51.02206316438382,47.29757034289615,1759.800048828125,1841799.5,True,False,True,False,1,-0.034663028927985784
2025-12-30,1686.0,1715.9000244140625,1679.0,1701.5,3270983,1692.7864545942446,1681.5795600031583,51.447461701422355,46.55488849083661,1759.800048828125,1844464.65,True,False,True,True,2,-0.033128791459545504
2025-12-31,1702.0,1712.800048828125,1688.5,1702.199951171875,707240,1693.6829780778285,1682.3882027940886,51.56491145812207,44.96525708635721,1759.800048828125,1952505.6,True,False,True,False,1,-0.03273104674284255
2026-01-01,1707.0999755859375,1727.5,1698.699951171875,1724.0,390859,1696.5703134989876,1684.020037978634,55.19982663917585,43.81059935362634,1759.800048828125,1955955.9,True,False,True,False,1,-0.020343248002501646
2026-01-02,1728.5,1789.0999755859375,1718.699951171875,1781.0999755859375,1793036,1704.6207575072688,1687.827094355391,63.02665880854095,45.70984400080035,1759.800048828125,1930550.9,True,True,True,False,1,0.012103606186393945
2026-01-05,1782.0,1785.0,1761.4000244140625,1772.4000244140625,716553,1711.0759257841064,1691.1436798478878,61.270265927994785,44.13056768545301,1789.0999755859375,1955617.15,True,False,True,False,1,-0.009334274998469949
2026-01-06,1775.0,1831.5,1775.0,1805.4000244140625,1783196,1720.0591732726737,1695.6243208112671,65.22850936550614,45.19981110691619,1789.0999755859375,1924195.6,True,True,True,False,1,0.009110753479713463
2026-01-07,1809.800048828125,1809.800048828125,1778.0999755859375,1786.5,656441,1726.3868710562285,1699.1880729363154,61.36056311366874,44.235544116578424,1831.5,1960346.55,True,False,True,False,1,-0.02457002457002455
2026-01-08,1790.0,1790.0,1735.5,1754.0,1408255,1729.0166928603971,1701.3375602721462,55.2891653076575,44.968719536822825,1831.5,1924088.4,True,False,True,False,1,-0.04231504231504235
2026-01-09,1754.0,1763.300048828125,1709.9000244140625,1717.0999755859375,1493038,1727.8817674056868,1701.9556942060203,49.32200075560544,45.5709555994828,1831.5,1934771.05,True,False,False,False,0,-0.06246247579255393
2026-01-12,1715.0,1730.9000244140625,1693.300048828125,1710.800048828125,2424388,1726.2549370649667,1702.3025316421813,48.36231598863815,45.00159988422957,1831.5,1928741.45,True,False,False,True,1,-0.06590223924208294
2026-01-13,1716.0,1726.699951171875,1691.0,1701.0999755859375,1914112,1723.8592264479164,1702.2553725811522,46.85074477909518,44.337196404775675,1831.5,1934466.35,True,False,False,False,0,-0.0711984845285627
2026-01-14,1690.0999755859375,1714.699951171875,1681.0,1689.5,2111292,1720.5869191671625,1701.7551618916953,45.03787681311504,43.577393173854205,1831.5,1949045.4,True,False,False,True,1,-0.07753207753207758
2026-01-15,1689.5,1689.5,1689.5,1689.5,0,1717.6262601988612,1701.2745673077072,45.03787681311504,40.46472223286462,1831.5,2029393.75,True,False,False,False,0,-0.07753207753207758
2026-01-16,1689.5,1707.9000244140625,1676.9000244140625,1699.199951171875,2796464,1715.8713736248626,1701.1932098121845,47.02578377749259,39.78867064480286,1831.5,1972721.25,True,False,False,True,1,-0.0722358988960552
2026-01-19,1698.0,1726.199951171875,1691.0,1700.4000244140625,1233939,1714.3979117952626,1701.1621045024542,47.27984135358122,39.46090496816516,1831.5,2075335.25,True,False,False,False,0,-0.07158065825058013
2026-01-20,1700.199951171875,1702.300048828125,1644.199951171875,1649.9000244140625,1974356,1708.2552558541959,1699.1518268519292,38.838709078936944,40.79227587445694,1831.5,2019210.45,True,False,False,False,0,-0.09915368582360773
2026-01-21,1640.0,1660.5,1617.699951171875,1627.800048828125,1024168,1700.5928551850463,1696.3537179098194,35.82439399378214,40.935688228290374,1831.5,1828920.6,True,False,False,False,0,-0.11122028456012834
2026-01-22,1631.0999755859375,1669.5999755859375,1628.9000244140625,1664.0,1241584,1697.107821357899,1695.0849446584539,43.552443283932035,40.99741955182767,1831.5,1494304.95,True,False,False,False,0,-0.09145509145509145
2026-01-23,1664.0,1667.0,1638.300048828125,1643.199951171875,1068908,1691.9737384830396,1693.0502390315291,40.53220512727401,40.11902895325962,1831.5,1463323.35,False,False,False,False,0,-0.10281192947208573
2026-01-27,1648.699951171875,1666.4000244140625,1623.800048828125,1639.699951171875,1673143,1686.995282548643,1690.9580708801702,40.029175363350234,40.29623942702233,1831.5,1451276.95,False,False,False,True,1,-0.10472293138308764
2026-01-28,1650.9000244140625,1653.0,1630.0999755859375,1636.800048828125,1066301,1682.21478409907,1688.8342268781291,39.590758465537604,39.053652640382346,1831.5,1484097.75,False,False,False,False,0,-0.10630627964612338
2026-01-29,1629.0,1658.800048828125,1607.4000244140625,1648.9000244140625,2289696,1679.0419498433548,1687.2681797226755,42.424337868173424,39.93553633850236,1831.5,1373863.65,False,False,False,True,1,-0.09969968636960824
2026-01-30,1650.0,1669.5,1617.9000244140625,1631.5999755859375,1716319,1674.5236665807436,1685.085112893784,39.566686744824324,40.76871057046201,1831.5,1452986.45,False,False,False,True,1,-0.10914552247560061
2026-02-02,1570.9000244140625,1598.199951171875,1527.0,1594.300048828125,2789681,1666.8833220328752,1681.5249143029741,34.21536946135984,45.32808664299598,1831.5,1519259.45,False,False,False,True,1,-0.12951130285114665
2026-02-03,1689.800048828125,1740.0,1674.4000244140625,1694.4000244140625,2972692,1669.503960354893,1682.0298205818403,52.70281740235292,52.49750553791591,1831.5,1569091.7,False,False,True,True,2,-0.07485666152658343
2026-02-04,1694.4000244140625,1742.9000244140625,1666.699951171875,1739.5,2366864,1676.1702498449033,1684.2835531080427,58.378260450709085,54.190546088221026,1831.5,1681898.65,False,False,True,True,2,-0.05023205023205024
2026-02-05,1740.0,1745.0,1717.0999755859375,1722.300048828125,391219,1680.5635640337816,1685.7743960774578,55.63631719024962,52.31265168292399,1809.800048828125,1711082.05,False,False,True,False,1,-0.04834788243964172
2026-02-06,1711.199951171875,1748.0,1701.800048828125,1742.199951171875,1197294,1686.4336961421716,1687.9871629439056,58.08901261472244,51.87603021784906,1790.0,1697820.95,False,False,True,False,1,-0.026703937892807228
2026-02-09,1760.0,1776.699951171875,1750.300048828125,1770.199951171875,1602785,1694.411434716429,1691.2111938548064,61.328655026092235,50.634885202288416,1763.300048828125,1687272.9,True,True,True,False,1,0.003913061959214259
2026-02-10,1775.0,1776.699951171875,1721.5999755859375,1726.199951171875,1161279,1697.4389124740906,1692.5833019848876,54.23416084835259,50.95382022969193,1776.699951171875,1692760.25,True,False,True,False,1,-0.02842348251695015
2026-02-11,1732.0,1736.199951171875,1714.5999755859375,1723.0,321552,1699.8733017622724,1693.7761136717547,53.74720538545039,48.85711704085233,1776.699951171875,1629604.8,True,False,True,False,1,-0.030224546995937907
2026-02-12,1718.0,1741.0,1699.0,1731.800048828125,1316309,1702.9139443399727,1695.2672483837694,54.945277743149305,48.36732296650574,1776.699951171875,1549976.8,True,False,True,False,1,-0.025271516619412848
2026-02-13,1727.300048828125,1731.0,1703.0,1709.4000244140625,1544271,1703.5316662517907,1695.8214748947612,51.302507692800546,46.96966052804997,1776.699951171875,1510227.65,True,False,True,True,2,-0.03787917409094477
2026-02-16,1692.0,1721.4000244140625,1683.800048828125,1714.800048828125,900028,1704.604845544775,1696.5657326960695,52.12650992622997,46.30039731789908,1776.699951171875,1587441.2,True,False,True,False,1,-0.03483981766472277
2026-02-17,1713.0,1737.5999755859375,1695.0,1732.0999755859375,324355,1707.223429358219,1697.9592324172409,54.76714861137965,46.036081479901824,1776.699951171875,1492619.4,True,False,True,False,1,-0.025102705471748532
2026-02-18,1730.0,1732.0999755859375,1709.5999755859375,1717.0,1254525,1708.1545313241027,1698.7059291851922,52.067558849792874,44.35493280276598,1776.699951171875,1447140.2,True,False,True,False,1,-0.03360159442369437
2026-02-19,1725.199951171875,1728.9000244140625,1671.699951171875,1676.5999755859375,947586,1705.1493355395155,1697.839029044045,45.592272906119625,45.27244283415323,1776.699951171875,1411148.65,True,False,False,False,0,-0.05634039417849568
2026-02-20,1670.5999755859375,1686.0,1662.0,1669.5999755859375,643936,1701.7636822106033,1696.731615182943,44.55827141486916,43.75298263171372,1776.699951171875,1407319.55,True,False,False,False,0,-0.06028028284421161
2026-02-23,1677.5,1706.800048828125,1672.699951171875,1689.800048828125,731931,1700.6242885551292,1696.4597890513817,48.20856231555776,43.284917675318994,1776.699951171875,1377437.15,True,False,False,False,0,-0.04891084861370798
2026-02-24,1686.300048828125,1740.0,1663.4000244140625,1735.0999755859375,2032442,1703.907687319968,1697.9750904841094,55.31400845113877,45.6645646689346,1776.699951171875,1360588.3,True,False,True,True,2,-0.023414181757870245
2026-02-25,1746.0,1757.0,1727.5999755859375,1754.5,779164,1708.7260028133044,1700.1917536023795,57.97319738617037,44.502811793586595,1776.699951171875,1378553.25,True,False,True,False,1,-0.012495048000216613
2026-02-26,1754.9000244140625,1774.5999755859375,1628.0,1748.0999755859375,9382761,1712.4759049821264,1702.0705074056564,56.77291609844722,51.79546635018309,1776.699951171875,1364196.4,True,False,True,True,2,-0.016097245664397963
2026-02-27,1740.0,1752.5,1722.4000244140625,1730.800048828125,1844360,1714.2210615388883,1703.1971560888906,53.54570243711746,50.24578843845127,1776.699951171875,1718849.65,True,False,True,True,2,-0.025834357857372203
2026-03-02,1661.0,1722.0999755859375,1661.0,1703.699951171875,985503,1713.2190510277442,1703.2168735431253,48.86023086983649,51.64252132342797,1776.699951171875,1725251.7,True,False,False,False,0,-0.041087410371036914
2026-03-04,1695.9000244140625,1695.9000244140625,1628.0999755859375,1653.5999755859375,1509341,1707.5410438428103,1701.271112838922,41.611053306491065,53.35376805646436,1776.699951171875,1635042.8,True,False,False,False,0,-0.06928574265156207
2026-03-05,1655.0,1690.4000244140625,1639.5999755859375,1669.0,2076383,1703.870468238733,1700.0055790021015,44.34449568769209,53.17135954015441,1776.699951171875,1561875.25,True,False,False,True,1,-0.060617973845746076
2026-03-06,1664.0,1674.5999755859375,1620.0,1626.300048828125,1022219,1696.4828092472467,1697.1151660541025,38.905915079637985,53.273403543424635,1776.699951171875,1547351.2,False,False,False,False,0,-0.08465126722413052
2026-03-09,1575.0,1589.4000244140625,1465.0,1583.0,1756873,1685.6749226522709,1692.640061502961,34.31055745710741,60.9895924923318,1776.699951171875,1578901.2,False,False,False,True,1,-0.10902232031025527
2026-03-10,1606.0,1632.9000244140625,1593.0,1621.9000244140625,1062910,1679.6011228200605,1689.8659424014359,41.04735013880733,60.197480486741135,1776.699951171875,1606880.15,False,False,False,False,0,-0.08712778241239305
2026-03-11,1620.0999755859375,1622.300048828125,1553.0999755859375,1557.4000244140625,1499792,1667.96292297187,1684.6712005195782,34.69395407538303,60.84052282641588,1776.699951171875,1579886.4,False,False,False,False,0,-0.12343104226077495
2026-03-12,1548.0,1552.300048828125,1510.0,1526.0999755859375,2352076,1654.4521660779717,1678.4527211104157,32.09760315635545,59.8804872255335,1774.5999755859375,1596812.05,False,False,False,True,1,-0.14003155833356207
2026-03-13,1515.9000244140625,1531.800048828125,1500.0,1514.0,1452053,1641.075769308641,1672.0035947923602,31.12780305788793,57.874741625718606,1774.5999755859375,1698338.25,False,False,False,False,0,-0.14684998262771454
2026-03-16,1514.0,1542.300048828125,1485.0,1527.0999755859375,2959644,1630.2209318112405,1666.32109992152,33.47143001467532,57.833692140176204,1774.5999755859375,1705125.45,False,False,False,True,1,-0.1394680510565658
2026-03-17,1530.0999755859375,1557.4000244140625,1511.0,1529.0,972406,1620.5808430673128,1660.9359587481272,33.82317172817497,57.01700158831094,1774.5999755859375,1775894.1,False,False,False,False,0,-0.13839737347277115
2026-03-18,1530.5,1547.300048828125,1510.4000244140625,1524.199951171875,2077220,1611.4017105058424,1655.573762372588,33.3435501848995,55.5800746472932,1774.5999755859375,1779513.0,False,False,False,True,1,-0.1411022359173567
2026-03-19,1500.0,1504.699951171875,1445.0999755859375,1455.0999755859375,1822028,1596.515830989661,1647.7120452436998,27.3344254003068,57.26006757148208,1774.5999755859375,1867156.25,False,False,False,False,0,-0.18004057500029402
2026-03-20,1460.0,1468.0,1436.300048828125,1440.5,2452413,1581.6571804192172,1639.5860826851233,26.257676119918912,55.43434497151015,1774.5999755859375,1895531.4,False,False,False,True,1,-0.18826776748693708
2026-03-23,1429.699951171875,1429.699951171875,1375.5999755859375,1380.9000244140625,2569553,1562.537451275869,1629.4415313803759,22.381736101085025,56.11046493169246,1774.5999755859375,1970772.75,False,False,False,True,1,-0.2218527874384102
2026-03-24,1400.0,1428.0,1375.199951171875,1418.9000244140625,2457386,1548.8576963366493,1621.1850016954224,29.524721455346253,55.874006638580504,1774.5999755859375,2067053.6,False,False,False,True,1,-0.20043951091255363
2026-03-25,1442.0,1483.300048828125,1428.699951171875,1473.800048828125,2569710,1541.709348954885,1615.4051996221951,38.35167321646769,56.48300790825779,1774.5999755859375,2153326.35,False,False,False,True,1,-0.16950294764795903
2026-03-27,1470.0,1470.0,1410.0,1416.300048828125,3233197,1529.7656060856698,1607.597154493016,33.60434386235748,57.0056536882483,1774.5999755859375,2180189.75,False,False,False,True,1,-0.20190461607524202
2026-03-30,1366.0,1392.5,1335.0,1354.699951171875,3710019,1513.0926865700703,1597.6796171078731,29.404974351523208,58.74096762681092,1774.5999755859375,2302891.4,False,False,False,True,1,-0.23661671936821704
2026-04-01,1401.9000244140625,1409.5999755859375,1363.0,1373.5999755859375,2262261,1499.8076664763435,1588.8921801854442,32.20431884570101,58.466614540186036,1752.5,2019254.3,False,False,False,True,1,-0.21620543475838083
2026-04-02,1359.699951171875,1364.4000244140625,1299.4000244140625,1356.300048828125,2245874,1486.1402743193703,1579.770920132216,30.992855118030647,59.59042429959239,1722.0999755859375,2040149.35,False,False,False,True,1,-0.21241503509884818
2026-04-06,1373.5999755859375,1399.0999755859375,1344.5,1393.199951171875,3779021,1477.28881497199,1572.454411545536,36.481465501062125,59.23396367718848,1695.9000244140625,2103167.9,False,False,False,True,1,-0.17848933833630376
2026-04-07,1397.9000244140625,1417.9000244140625,1385.0,1415.0,1458087,1471.3565468794195,1566.2797287398287,39.540938857114696,57.35296801553662,1690.4000244140625,2216651.9,False,False,False,False,0,-0.16292003102018615
2026-04-08,1503.0,1558.9000244140625,1503.0,1554.300048828125,4054814,1479.2559280173914,1565.8099373707423,54.59173829213542,63.534900615431326,1674.5999755859375,2185737.1,False,False,True,True,2,-0.0718380081880271
2026-04-09,1546.699951171875,1554.300048828125,1519.0,1533.0999755859375,2195354,1484.383932547729,1564.5271937713383,52.451667001053856,61.51812548776659,1632.9000244140625,2337366.85,False,False,True,False,1,-0.06111828485270343
2026-04-10,1548.0,1584.5,1544.9000244140625,1581.199951171875,2340856,1493.6045057500287,1565.1810273948888,56.60793736530845,60.795403982502016,1632.9000244140625,2359290.9,False,False,True,False,1,-0.031661505584666294
2026-04-13,1525.0,1542.0,1502.0,1507.199951171875,3388598,1494.899310075919,1562.9072596998687,49.44685431857082,62.110014496028654,1622.300048828125,2423188.2,False,False,False,True,1,-0.07094871120751867
2026-04-15,1537.0999755859375,1567.9000244140625,1535.5999755859375,1550.5999755859375,1410204,1500.2041353625875,1562.4246211071656,53.187177620263064,62.00930440646857,1584.5,2517628.5,False,False,True,False,1,-0.021394777162551226
2026-04-16,1558.0,1605.5999755859375,1558.0,1569.9000244140625,2767683,1506.8418390817756,1562.7177741780242,54.78915614007376,61.508639806006535,1584.5,2470534.9,False,False,True,True,2,-0.009214247766448413
2026-04-17,1564.0,1585.0,1542.4000244140625,1579.0,1168171,1513.7140448835112,1563.3562928377096,55.5613375540377,60.15802093314446,1605.5999755859375,2536316.4,False,False,True,False,1,-0.016567000492280326
2026-04-20,1578.800048828125,1588.800048828125,1550.0999755859375,1569.300048828125,810091,1519.0079500210936,1563.5893813079222,54.4929446090487,58.62531038379039,1605.5999755859375,2446742.75,False,False,True,False,1,-0.022608325429604892
2026-04-21,1578.0,1594.4000244140625,1572.199951171875,1589.199951171875,612548,1525.6929025116442,1564.5937173810185,56.34747424167891,56.23064361251519,1605.5999755859375,2438627.0,False,False,True,False,1,-0.01021426548544735
2026-04-22,1583.0,1589.0,1562.9000244140625,1565.5999755859375,1713023,1529.4935761377674,1564.6331784870936,53.55981672506037,54.09273526575071,1605.5999755859375,2365393.4,False,False,True,False,1,-0.024912805560676876
2026-04-23,1558.0,1560.800048828125,1532.5,1543.4000244140625,1853317,1530.817999783129,1563.8005057783473,51.00363771681757,52.59325243147834,1605.5999755859375,2359943.15,False,False,True,False,1,-0.03873938223571294
2026-04-24,1546.9000244140625,1575.0,1529.9000244140625,1568.199951171875,1225033,1534.3781856296762,1563.9730330486818,53.66407532436241,52.05801837108257,1605.5999755859375,2329988.35,False,False,True,False,1,-0.02329348840480272
2026-04-27,1570.5,1577.800048828125,1534.800048828125,1560.699951171875,2919111,1536.885020443219,1563.84467689665,52.73156119877915,51.411017058862384,1605.5999755859375,2262762.35,False,False,True,True,2,-0.02796463944742955
2026-04-28,1560.0999755859375,1579.199951171875,1530.800048828125,1536.4000244140625,964837,1536.838830345204,1562.76841601498,49.71712458416084,51.19593743635436,1605.5999755859375,2285848.6,False,False,False,False,0,-0.04309912320883136
2026-04-29,1539.9000244140625,1572.5999755859375,1530.800048828125,1553.300048828125,723397,1538.4065654388157,1562.3971074978483,51.78162578898229,50.52479381645852,1605.5999755859375,2205604.95,False,False,True,False,1,-0.0325734476538756
2026-04-30,1521.800048828125,1592.199951171875,1472.300048828125,1562.9000244140625,7213356,1540.7392758174108,1562.4168297298568,52.963038860899246,55.480158711265055,1605.5999755859375,2080114.95,False,False,True,True,2,-0.02659438952488291
2026-05-01,1562.9000244140625,1562.9000244140625,1562.9000244140625,1562.9000244140625,0,1542.8498233028063,1562.435778541002,52.963038860899246,51.51729023188898,1605.5999755859375,2255281.8,False,False,True,False,1,-0.02659438952488291
2026-05-04,1564.800048828125,1649.0,1564.800048828125,1639.5,5637755,1552.0546020358722,1565.4579048727273,61.65676294540232,53.98748204289245,1605.5999755859375,2142168.75,False,True,True,True,2,0.0211136179182434
2026-05-05,1644.0,1666.9000244140625,1623.0,1657.4000244140625,2688312,1562.0874994052238,1569.0634781880738,63.360962053918605,53.26694935511889,1649.0,2311762.8,False,True,True,True,2,0.005094011166805634
2026-05-06,1681.199951171875,1724.0,1678.9000244140625,1711.9000244140625,2751781,1576.3553589298751,1574.6649113734068,68.02132355993383,54.21930837160593,1666.9000244140625,2257227.35,True,True,True,True,2,0.02699622013372882
2026-05-07,1725.0,1734.800048828125,1677.800048828125,1689.199951171875,2640682,1587.1024629529227,1579.156481561582,64.34986504952776,54.41792920220551,1724.0,2321912.05,True,False,True,True,2,-0.020185643171766188
2026-05-08,1688.0999755859375,1694.9000244140625,1670.5999755859375,1674.0999755859375,919240,1595.387940346543,1582.879755837047,61.95434937373084,52.26665203262833,1734.800048828125,2251205.45,True,False,True,False,1,-0.03498966539872472
2026-05-11,1630.4000244140625,1646.4000244140625,1621.0,1624.5,1626071,1598.160517456396,1584.5119222748099,54.74515159278655,52.326175143578986,1734.800048828125,2187399.75,True,False,True,False,1,-0.06358084258911212
2026-05-12,1617.199951171875,1628.800048828125,1556.5,1561.0,1647134,1594.621420555787,1583.5898861071703,47.17651066882652,53.752880406760845,1734.800048828125,2151660.5,True,False,False,False,0,-0.10018448463010399
2026-05-13,1567.800048828125,1597.5,1550.199951171875,1574.5999755859375,1052244,1592.714616272944,1583.2373405965338,48.80887100519311,53.291963865429715,1734.800048828125,2064587.3,True,False,False,False,0,-0.09234497851807433
2026-05-14,1580.0,1590.0,1545.5,1567.0999755859375,1324905,1590.2751266837054,1582.6045027529813,47.92924640536586,52.663966446470454,1734.800048828125,2046689.3,True,False,False,False,0,-0.0966682433260655
2026-05-15,1535.9000244140625,1573.699951171875,1528.9000244140625,1546.300048828125,883202,1586.087024030793,1581.1807986774968,45.481220867420014,52.102249325852036,1734.800048828125,1974550.4,True,False,False,False,0,-0.10865805550751151
2026-05-18,1538.0,1538.0,1500.0,1527.9000244140625,822208,1580.5454050196759,1579.091356549519,43.37086959597595,51.68780643315725,1734.800048828125,1960301.95,True,False,False,False,0,-0.11926447924291073
2026-05-19,1518.0,1538.300048828125,1508.0,1511.4000244140625,1043113,1573.960130676284,1576.4367945049914,41.510780430643145,50.16010946136924,1734.800048828125,1960907.8,False,False,False,False,0,-0.12877566182049138
2026-05-20,1502.0,1522.0,1491.0,1518.9000244140625,857291,1568.716311032263,1574.1804505798568,42.71346079944348,48.79153021412858,1734.800048828125,1982436.05,False,False,False,False,0,-0.12445239701250022
2026-05-21,1532.0,1540.5,1498.9000244140625,1504.0,1311311,1562.5528528387142,1571.4282760473134,40.9135461216978,48.27784774068636,1734.800048828125,1939649.45,False,False,False,False,0,-0.1330412971708369
2026-05-22,1514.699951171875,1548.0,1503.0,1539.800048828125,1287931,1560.38591912342,1570.1879534112668,46.722673546671686,48.043715759208766,1734.800048828125,1912549.15,False,False,False,False,0,-0.11240488500777046
2026-05-25,1566.0,1600.0,1548.5,1591.0,1668255,1563.3015458735704,1571.004112101021,53.729169597972614,48.912018288684926,1734.800048828125,1915694.05,False,False,True,False,1,-0.08289142539813932
2026-05-26,1598.5,1598.9000244140625,1562.199951171875,1567.300048828125,866674,1563.682355678766,1570.85885471777,50.42353864226994,48.0397364996494,1734.800048828125,1853151.25,False,False,True,False,1,-0.09655291404513622
2026-05-27,1568.0,1587.0,1555.300048828125,1579.199951171875,557092,1565.1602219162048,1571.1859565394998,52.01973924953709,46.87260897623695,1734.800048828125,1848243.1,False,False,True,False,1,-0.08969339017563405
2026-05-28,1579.199951171875,1579.199951171875,1579.199951171875,1579.199951171875,0,1566.4973389881734,1571.5002308388086,52.01973924953709,43.52456547793431,1734.800048828125,1839927.85,False,False,True,False,1,-0.08969339017563405
2026-05-29,1590.4000244140625,1629.9000244140625,1530.199951171875,1537.699951171875,2265673,1563.7547306247163,1570.1747296753997,46.02610500527353,47.53710174680954,1734.800048828125,1479260.05,False,False,False,True,1,-0.11361545544651852
2026-06-01,1532.9000244140625,1548.300048828125,1486.9000244140625,1492.9000244140625,2918334,1557.0066633665588,1567.144349076916,40.58925847569571,48.52731050875619,1734.800048828125,1592543.7,False,False,False,True,1,-0.13943971501353625
2026-06-02,1476.0,1488.0,1452.0999755859375,1482.800048828125,867651,1549.9393667438508,1563.8367294593163,39.45763587105721,47.97536324585396,1734.800048828125,1456572.65,False,False,False,False,0,-0.14526169754850338
2026-06-03,1494.0,1494.0,1444.5999755859375,1470.5999755859375,1078181,1542.383234252621,1560.1803861701642,38.07669053246454,48.07712475786886,1734.800048828125,1365539.6,False,False,False,False,0,-0.15229425052221857
2026-06-04,1465.0999755859375,1494.0,1452.300048828125,1486.0,871155,1537.013402419038,1557.2713514183931,40.88896464291242,47.6216123588693,1734.800048828125,1281859.6,False,False,False,False,0,-0.14341713271001577
2026-06-05,1486.5,1549.0,1480.0999755859375,1503.199951171875,2458256,1533.7930737288318,1555.1509043499022,43.95067674668878,49.141498934240246,1694.9000244140625,1193383.25,False,False,False,True,1,-0.11310405952024183
2026-06-08,1475.0999755859375,1483.800048828125,1450.0,1456.0,1115497,1526.3842095641812,1551.2626335910825,38.11617102059373,49.43138837978559,1646.4000244140625,1270334.05,False,False,False,False,0,-0.11564627161726626
2026-06-09,1464.5999755859375,1500.0,1459.0999755859375,1495.4000244140625,1430472,1523.4333347879794,1549.071943035121,44.71389473330641,49.043432066943765,1629.9000244140625,1244805.35,False,False,False,True,1,-0.08252039878847894
2026-06-10,1489.699951171875,1517.4000244140625,1466.199951171875,1472.5999755859375,1771871,1518.592062483023,1546.0730423508394,41.928118124112764,49.197477865175465,1629.9000244140625,1233972.25,False,False,False,True,1,-0.09650901679363633
2026-06-11,1459.0,1473.300048828125,1449.300048828125,1454.9000244140625,1160022,1512.526154095503,1542.4976298827305,39.85235063919458,47.397658017662934,1629.9000244140625,1269953.6,False,False,False,False,0,-0.10736854860954514
2026-06-12,1489.4000244140625,1577.5999755859375,1485.0,1568.0999755859375,3265447,1517.818898999354,1543.5016434397191,55.14658402469683,52.7763932429638,1629.9000244140625,1261709.45,False,False,True,True,2,-0.03791646598099885
2026-06-15,1610.0,1664.0,1607.300048828125,1653.5999755859375,4372229,1530.750430102838,1547.819225092512,62.83369277258261,55.85665261232799,1629.9000244140625,1380821.7,False,True,True,True,2,0.01454073919680754
2026-06-16,1649.9000244140625,1685.699951171875,1649.800048828125,1680.4000244140625,2152281,1545.0027724181928,1553.0184721247297,64.86626495164691,54.43117045028671,1664.0,1558322.75,False,True,True,True,2,0.009855783902681825
2026-06-17,1680.4000244140625,1690.9000244140625,1672.5999755859375,1679.199951171875,980447,1557.7834561090197,1557.9667654206962,64.69564553002348,51.85037604870373,1685.699951171875,1613781.15,False,False,True,False,1,-0.003855964992750538
2026-06-18,1675.0,1692.0,1661.0,1688.9000244140625,770645,1570.2707483285476,1563.1014030282793,65.48588418611902,50.36106347379632,1690.9000244140625,1619938.95,True,False,True,False,1,-0.0011828020409977436
2026-06-19,1684.0,1704.0999755859375,1676.5,1693.4000244140625,1247083,1581.9973460509775,1568.2111528865453,65.86758161920508,48.73527148180641,1692.0,1592905.65,True,True,True,False,1,0.0008274375969636871
2026-06-22,1694.9000244140625,1724.300048828125,1694.9000244140625,1718.800048828125,1704231,1595.0261748868963,1574.1165997862151,68.01758918608607,47.46132526268185,1704.0999755859375,1590863.25,True,True,True,True,2,0.008626297431365781
2026-06-23,1719.9000244140625,1742.800048828125,1711.699951171875,1725.9000244140625,1934588,1607.4903510323406,1580.0688909480916,68.61274901852619,46.292666147936714,1724.300048828125,1592662.05,True,True,True,True,2,0.0009278985910978754
2026-06-24,1723.0,1803.0,1721.0,1792.9000244140625,2368949,1625.1484151639334,1588.4152099075413,73.60451959446272,48.84318999451266,1742.800048828125,1646057.75,True,True,True,True,2,0.028746829344895364
2026-06-25,1807.0,1816.5999755859373,1785.9000244140625,1799.199951171875,3949686,1641.7247519265943,1596.6812781924173,74.02286781116382,47.54724436432424,1803.0,1736650.6,True,False,True,True,2,-0.0021076255286328616
2026-06-26,1799.199951171875,1799.199951171875,1799.199951171875,1799.199951171875,0,1656.7223899499543,1604.6231869367098,74.02286781116382,44.15101262401537,1816.5999755859373,1934134.9,True,False,True,False,1,-0.009578346717994402
2026-06-29,1814.5999755859373,1823.9000244140625,1764.800048828125,1774.0,4523777,1667.8916861451967,1611.2654148999761,68.95301688574129,45.2187956927241,1816.5999755859373,1820851.25,True,False,True,True,2,-0.02345038872534211
2026-06-30,1782.699951171875,1804.0,1770.0,1789.800048828125,1364890,1679.5020064007135,1618.266773093237,70.32534625011579,44.41745314324381,1823.9000244140625,1901123.4,True,False,True,False,1,-0.01869618681368912
2026-07-01,1790.0,1808.9000244140625,1776.5999755859375,1803.300048828125,642938,1691.2922961557051,1625.5229799848012,71.48511293564854,43.55192426359247,1823.9000244140625,1925985.35,True,False,True,False,1,-0.011294465327152614
2026-07-02,1814.9000244140625,1814.9000244140625,1781.300048828125,1788.5,1239025,1700.5501727123046,1631.9142356716718,68.33211354954072,42.84107078661712,1823.9000244140625,1904223.2,True,False,True,False,1,-0.019408971950332088
2026-07-03,1800.0,1820.0,1784.9000244140625,1789.800048828125,951422,1709.0501609138112,1638.1058361876112,68.46369669434404,42.288135415140005,1823.9000244140625,1922616.7,True,False,True,False,1,-0.01869618681368912
2026-07-06,1808.9000244140625,1857.800048828125,1808.9000244140625,1850.5,3062520,1722.5215741601148,1646.4350190822147,73.91380652868288,44.12469717120143,1823.9000244140625,1847275.0,True,True,True,True,2,0.014584119321168876
2026-07-07,1862.0,1875.0,1842.0999755859373,1853.4000244140625,2130993,1734.9861884700144,1654.5512938011107,74.14371689882829,43.32293483140582,1857.800048828125,1944626.15,True,False,True,True,2,-0.0023684058017104936
2026-07-08,1839.5,1851.300048828125,1763.300048828125,1769.4000244140625,1760890,1738.2636966551618,1659.055165589854,58.15547321170204,46.664152028158085,1875.0,1979652.2,True,False,True,False,1,-0.056319986979166625
2026-07-09,1767.0,1805.9000244140625,1755.300048828125,1791.9000244140625,1291022,1743.3719183464857,1664.2647678966855,60.60592003657792,46.945282282285184,1875.0,1979103.15,True,False,True,False,1,-0.044319986979166615
2026-07-10,1804.9000244140625,1827.0,1802.0,1807.800048828125,741849,1749.5079307733085,1669.8936024430166,62.286663883383525,46.09918894683178,1875.0,1985653.15,True,False,True,False,1,-0.03583997395833338
2026-07-13,1799.0,1818.9000244140625,1777.5,1810.9000244140625,635788,1755.3547968343325,1675.4232660497241,62.62150405483181,45.76353433734826,1875.0,1859473.25,True,False,True,False,1,-0.03418665364583329
2026-07-14,1792.199951171875,1792.4000244140625,1742.699951171875,1771.5,1288807,1756.8924352310628,1679.1909811065977,55.836032196440804,47.36614425912249,1875.0,1672651.2,True,False,True,False,1,-0.05520000000000003
2026-07-15,1779.5,1828.0999755859373,1779.5,1803.9000244140625,1510352,1761.3693484865867,1684.0815318245375,59.70293702320278,48.02570363960926,1875.0,1629477.5,True,False,True,False,1,-0.03791998697916665
2026-07-16,1810.5,1813.199951171875,1784.9000244140625,1789.0999755859375,773364,1764.0103605912866,1688.1999021681218,57.23758361723155,46.61671957662378,1875.0,1655972.75,True,False,True,False,1,-0.04581334635416667
2026-07-17,1800.0,1812.0,1787.5,1804.9000244140625,791604,1767.904614288694,1692.7763775503154,59.17570999426906,45.03695389257923,1875.0,1656108.7,True,False,True,False,1,-0.03738665364583338
2026-07-20,1789.9000244140625,1789.9000244140625,1756.0999755859375,1782.800048828125,884308,1769.323227101973,1696.3067176004256,55.39389886040784,45.305746387975354,1875.0,1633334.75,True,False,True,False,1,-0.04917330729166669
2026-07-21,1782.0,1782.0,1753.5,1758.800048828125,1351990,1768.321019647321,1698.7574364721002,51.541613090692145,44.16248227655747,1875.0,1592338.6,True,False,True,False,1,-0.06197330729166661
2026-07-22,1764.5,1770.4000244140625,1725.0999755859375,1728.0,923087,1764.4809225380523,1699.9042036692726,47.02217802680578,44.243737030240865,1875.0,1563208.7,True,False,False,False,0,-0.07840000000000003
2026-07-23,1725.0999755859375,1731.4000244140625,1700.0999755859375,1717.300048828125,1197063,1759.9875059942497,1700.5863936755022,45.5286079958657,43.31918787294688,1875.0,1490915.6,True,False,False,False,0,-0.08410664062499995
2026-07-24,1702.0,1741.300048828125,1660.4000244140625,1724.4000244140625,1912110,1756.5982220342319,1701.5202615476028,46.73754527624617,46.00353334016942,1875.0,1353284.45,True,False,False,True,1,-0.08031998697916665
2026-07-27,1744.0,1804.5,1743.800048828125,1785.199951171875,1963093,1759.322196237817,1704.8018180034564,55.7868919540391,48.438993500581425,1875.0,1448889.95,True,False,True,True,2,-0.047893359375000055
2026-07-28,1782.9000244140625,1815.699951171875,1696.199951171875,1753.0,3624877,1758.7200823104058,1706.6919427876346,50.85859108295688,53.51477967911132,1875.0,1320855.75,True,False,True,True,2,-0.06506666666666672
2026-07-29,1805.0,1839.5999755859373,1776.199951171875,1802.9000244140625,2713486,1762.9276958440876,1710.4648087337691,57.172749442129025,55.878007958170315,1875.0,1433855.1,True,False,True,True,2,-0.03845332031250004
2026-07-30,1785.4000244140625,1808.800048828125,1758.0,1773.800048828125,1209091,1763.9631580330436,1712.9485436394302,52.90370656549697,55.51529659173851,1875.0,1537382.5,True,False,True,False,1,-0.05397330729166672
2026-07-31,1787.800048828125,1863.0999755859373,1779.4000244140625,1849.9000244140625,2944385,1772.1476214979025,1718.3191899443177,61.08676031830735,57.92848446074378,1875.0,1535885.8,True,False,True,True,2,-0.013386653645833357
2026-08-03,1870.4000244140625,1913.0,1861.0999755859373,1888.199951171875,2277492,1783.2002243239951,1724.9811805806926,64.43593768194889,58.29787668397191,1875.0,1635533.95,True,True,True,True,2,0.007039973958333334
2026-08-04,1888.199951171875,1888.199951171875,1859.4000244140625,1875.0,1345656,1791.9430601026625,1730.8642715383126,62.44126555253,56.19088026067481,1913.0,1596282.55,True,False,True,False,1,-0.01986408782017768
2026-08-05,1888.0,1906.800048828125,1867.0,1880.0,880996,1800.3294353309802,1736.7127314779866,62.90963316745469,55.02010658692125,1913.0,1557015.7,True,False,True,False,1,-0.01725039205436485
2026-08-06,1882.0,1952.5,1871.300048828125,1940.0,2644332,1813.631393870887,1744.684781223948,68.05733092549475,56.89009548584652,1913.0,1513021.0,True,True,True,True,2,0.014113957135389432
2026-08-07,1913.9000244140625,1922.0,1862.800048828125,1866.199951171875,1617860,1818.637923137648,1749.4500820062196,57.48858181249039,58.340799463419984,1952.5,1580686.5,True,False,True,True,2,-0.04419976892605637
2026-08-10,1875.9000244140625,1920.0,1862.0,1920.0,1593186,1828.2914542673957,1756.138314084407,62.108186095486644,58.31645664460427,1952.5,1624487.05,True,False,True,False,1,-0.016645326504481472
2026-08-11,1909.9000244140625,1926.0,1892.9000244140625,1914.4000244140625,1453808,1836.4922704718401,1762.3446556659624,61.360743332526404,56.515279426128075,1952.5,1672356.95,True,False,True,False,1,-0.01951343179817544
2026-08-12,1909.5,1917.5999755859373,1888.4000244140625,1917.5999755859373,540582,1844.21681381604,1768.433099584393,61.644793676874514,54.56418455082427,1952.5,1680607.0,True,False,True,False,1,-0.01787453235035219
2026-08-13,1914.0999755859373,1927.9000244140625,1895.4000244140625,1927.9000244140625,868566,1852.1866433968041,1774.6867044796743,62.59790387101575,52.98817136862254,1952.5,1632118.5,True,False,True,False,1,-0.012599219250160054
2026-08-14,1900.0999755859373,1913.699951171875,1885.0,1894.4000244140625,626875,1856.2069653984477,1779.3813444771013,57.58575392234018,52.26758944329682,1952.5,1636878.6,True,False,True,False,1,-0.0297567096470871
2026-08-17,1888.0,1895.0,1870.0999755859373,1884.699951171875,790573,1858.9205830911549,1783.511485916112,56.18299184428738,50.3127633697801,1952.5,1628642.15,True,False,True,False,1,-0.034724736915813015
2026-08-18,1873.199951171875,1889.699951171875,1866.5999755859373,1868.0,523303,1859.785289463426,1786.8247609782252,53.755184677400145,48.368992813791365,1952.5,1623955.4,True,False,True,False,1,-0.04327784891165176
2026-08-19,1866.0999755859373,1873.5,1853.0999755859373,1873.5,555561,1861.091452371671,1790.2237899594713,54.45325447556996,46.37120935666789,1952.5,1582521.05,True,False,True,False,1,-0.04046094750320106
2026-08-20,1889.800048828125,1907.0,1877.199951171875,1888.9000244140625,624966,1863.7398878042798,1794.0934462125927,56.43617456022557,45.451837259763046,1952.5,1564144.75,True,False,True,False,1,-0.0325736110555378
2026-08-21,1888.9000244140625,1890.0999755859373,1855.0,1862.9000244140625,902331,1863.6599008147352,1796.791743396964,52.29658031672899,44.7124185687755,1952.5,1535539.9,True,False,True,False,1,-0.04588987225912289
2026-08-24,1856.300048828125,1868.699951171875,1833.0999755859373,1846.699951171875,845144,1862.0446675154153,1798.748928015588,49.84336388747137,44.06152978428708,1952.5,1485050.95,True,False,False,False,0,-0.05418696482874519
2026-08-25,1837.300048828125,1873.0,1821.0999755859373,1873.0,428763,1863.0880325139472,1801.6607347600748,53.64510415671273,44.62142225784248,1952.5,1429153.5,True,False,True,False,1,-0.04071702944942379
2026-08-26,1875.0,1925.0,1868.0999755859373,1868.0999755859373,1362590,1863.5653604255654,1804.2661951846185,52.84147561877163,45.49846526900107,1952.5,1269347.8,True,False,True,True,2,-0.043226645026408606
2026-08-27,1872.0,1891.699951171875,1860.800048828125,1875.4000244140625,942441,1864.6924712816128,1807.0557571151849,53.94831098029393,44.45571077434028,1952.5,1201803.0,True,False,True,False,1,-0.039487823603553185
2026-08-28,1878.0,1878.0,1845.0,1862.9000244140625,803008,1864.5217620561318,1809.2457283818076,51.71026742850419,43.63744571903026,1952.5,1188470.5,True,False,True,False,1,-0.04588987225912289
2026-08-31,1853.0,1857.4000244140625,1807.5,1857.4000244140625,1269330,1863.8435013283158,1811.1341321477785,50.713369917672104,44.47762991153257,1952.5,1081401.65,True,False,True,True,2,-0.04870677366757359
2026-09-01,1851.0999755859373,1851.5,1794.0999755859375,1814.699951171875,1873461,1859.1631632181786,1811.273968187939,43.673811225312804,45.82208840557488,1952.5,1030993.55,True,False,False,True,1,-0.07057620938700382
2026-09-02,1796.0,1825.9000244140625,1773.5,1825.9000244140625,853169,1855.9952452368343,1811.8475390203362,45.79904556207335,46.29194097760971,1952.5,1057383.8,True,False,False,False,0,-0.06483993627960949
2026-09-03,1826.0,1858.0,1826.0,1849.300048828125,805773,1855.357607483624,1813.3162648951516,50.04031875616503,45.27822916391884,1952.5,1055992.45,True,False,True,False,1,-0.05285528869238154
2026-09-04,1841.0,1859.9000244140625,1828.0,1839.0,677118,1853.7997401042312,1814.323470193381,48.250540798429064,44.32264311035767,1927.9000244140625,964064.5,True,False,False,False,0,-0.04611236230524007
2026-09-08,1834.0,1834.0,1810.0,1823.4000244140625,1040914,1850.90452908612,1814.6794134961526,45.59087925255959,43.22816860247497,1927.9000244140625,917027.4,True,False,False,True,1,-0.05420405554056684
2026-09-09,1828.4000244140625,1843.4000244140625,1809.0,1829.0,1079333,1848.8183834588704,1815.2410051237546,46.72611345891315,42.59758687473123,1927.9000244140625,889413.8,True,False,False,True,1,-0.051299353266059944
2026-09-10,1827.0999755859373,1868.199951171875,1804.199951171875,1859.0,2679971,1849.7880612246922,1816.9570441385094,52.4499184783225,44.12633066939328,1927.9000244140625,870690.05,True,False,True,True,2,-0.035738380383600554
2026-09-11,1834.0999755859373,1850.199951171875,1795.0999755859375,1845.9000244140625,1505149,1849.4177720046323,1818.092062972845,49.9273504662935,45.53873736544109,1927.9000244140625,977659.5,True,False,False,True,1,-0.04253332587872227
2026-09-14,1845.9000244140625,1845.9000244140625,1845.9000244140625,1845.9000244140625,0,1849.082748424578,1819.1825712646576,49.9273504662935,42.28597041076672,1925.0,1009488.65,True,False,False,False,0,-0.04109089640827923
2026-09-15,1834.800048828125,1842.0,1784.199951171875,1791.5999755859375,1709145,1843.6081986304218,1818.1009008458843,40.5516154033621,43.67269204158249,1925.0,978144.9,True,False,False,True,1,-0.06929871398133114
2026-09-16,1800.699951171875,1800.699951171875,1756.300048828125,1765.5999755859375,1312956,1836.1788440547566,1816.0420410317688,36.97154011013501,43.72463563459446,1925.0,1024073.5,True,False,False,True,1,-0.08280520748782472
2026-09-17,1765.5,1793.199951171875,1747.5999755859375,1764.5,1802374,1829.352287478113,1814.0207845207192,36.82342391397974,43.85858848826182,1925.0,1063556.15,True,False,False,True,1,-0.08337662337662333
