Date,Open,High,Low,Close,Volume,EMA20,EMA50,RSI14,ATR14,Prev20High,AvgVolume20,TrendPass,BreakoutPass,RSIPass,VolumePass,ConfirmationScore,BreakoutStrength
2020-01-01,447.64544677734375,452.0134582519531,441.4615478515625,444.9461364746094,5154996,444.9461364746094,444.9461364746094,,10.551910400390625,,,False,False,False,False,0,
2020-01-02,445.73138427734375,450.9337158203125,445.1424560546875,446.8111267089844,4933053,445.1237545921689,445.0192733465457,,10.225886753627233,,,True,False,False,False,0,
2020-01-03,447.3019104003906,450.7373962402344,443.1793212890625,446.71295166015625,5154587,445.275106693882,445.08569210394216,99.59670190667103,10.035328767737564,,,True,False,True,False,1,
2020-01-06,445.5350646972656,449.0196533203125,436.4555358886719,441.3634033203125,7538915,444.9025635154468,444.9397199947802,80.53678044801626,10.215956529444925,,,False,False,True,False,1,
2020-01-07,443.6701049804688,446.9092712402344,434.9341125488281,436.8972473144531,4353883,444.14015244868546,444.6243289092772,68.71392540467554,10.341613826727876,,,False,False,True,False,1,
2020-01-08,434.4433288574219,452.25885009765625,432.23480224609375,450.3938598632813,14118818,444.7357436310279,444.8505850251205,78.82862108126673,11.033216257073207,,,False,False,True,False,1,
2020-01-09,459.7678527832031,466.1971435546875,446.9092712402344,451.6208190917969,18180867,445.3914651034821,445.11608440028425,79.47816420075551,11.622834546886057,,,True,False,True,False,1,
2020-01-10,456.2341918945313,457.3630065917969,445.8295593261719,448.5779418945313,37724966,445.6949390835821,445.2518435177057,73.45891493728833,11.616449741081697,,,True,False,True,False,1,
2020-01-13,450.54107666015625,461.6328430175781,445.8786315917969,460.2586364746094,15206224,447.0819578827276,445.84034520229017,79.78724296736496,11.912004147131666,,,True,False,True,False,1,
2020-01-14,460.2586364746094,463.9395446777344,458.00103759765625,460.7003479003906,8238486,448.3789474082193,446.42309040613725,79.98162396210131,11.48532578519927,,,True,False,True,False,1,
2020-01-15,460.84759521484375,463.301513671875,456.4305114746094,459.2279968261719,10875259,449.41219020992907,446.92524359907975,77.31269814753726,11.155731243204011,,,True,False,True,False,1,
2020-01-16,460.5531005859375,468.1602783203125,459.375244140625,465.16650390625,16290593,450.9126010381501,447.6405871405374,80.18477396102168,10.996913403985198,,,True,False,True,False,1,
2020-01-17,466.3443908691406,494.5154724121094,466.3443908691406,490.8345947265625,61915666,454.7146956751418,449.3344697909697,87.53186603373851,12.307774482690498,,,True,False,True,False,1,
2020-01-20,489.8039245605469,503.25146484375,485.1414794921875,499.3251647949219,45298836,458.96331178178747,451.2948892028894,88.98654748648337,12.722218116181354,,,True,False,True,False,1,
2020-01-21,500.6012268066406,505.5090637207031,495.1044006347656,502.3189697265625,65202963,463.09242206224224,453.2958335371511,89.453781590846,12.556678471163936,,,True,False,True,False,1,
2020-01-22,505.263671875,514.0978393554688,497.3620300292969,505.0182800292969,20285793,467.08536091624745,455.32416477213724,89.87102597987592,12.855187817950219,,,True,False,True,False,1,
2020-01-23,505.5090637207031,516.3063354492188,502.9078979492188,513.9996337890625,15772863,471.5533869041346,457.62516355711466,91.12866599850875,12.893991366668057,,,True,False,True,False,1,
2020-01-24,510.90771484375,517.6314697265625,504.67474365234375,514.588623046875,23824625,475.6519808224908,459.8590247135759,91.20578092095742,12.898472417207392,,,True,False,True,False,1,
2020-01-27,511.5457153320313,514.4413452148438,502.4661865234375,504.9201354980469,11856786,478.43942412492476,461.62612709728063,79.05717029488778,12.843041281938115,,,True,False,True,False,1,
2020-01-28,504.87103271484375,504.9201354980469,477.14166259765625,482.1967468261719,31674769,478.7972643821864,462.43281806704107,59.12431181614244,13.909857826113294,,,True,False,True,False,1,
2020-01-29,484.0126647949219,492.1596984863281,479.2520446777344,481.2151794433594,20037283,479.02754200706005,463.16938125826925,58.43888367029875,13.838271824861899,517.6314697265625,21180147.4,True,False,True,False,1,-0.07035177034819762
2020-01-30,482.9329223632813,483.81634521484375,471.2522277832031,480.7734680175781,15337903,479.19382067472844,463.8597376017716,58.112395229665985,13.747260796774665,517.6314697265625,21924261.75,True,False,True,False,1,-0.07120510220998444
2020-01-31,484.1108093261719,490.1965637207031,478.0250854492188,487.3009338378906,18356252,479.9659266902677,464.7790001992665,61.53258032779426,13.63470490211107,517.6314697265625,22444504.25,True,False,True,False,1,-0.05859484529542591
2020-02-03,486.9082946777344,503.8894653320313,486.9082946777344,500.6502990722656,15212799,481.9358669171246,466.1857178021292,67.39582469743988,13.873738170124344,517.6314697265625,23104587.5,True,False,True,False,1,-0.032805522166701184
2020-02-04,504.5274963378906,512.968994140625,494.17193603515625,509.3371887207031,14646591,484.5455166127035,467.87793234795566,70.54235118863777,14.225403879791802,517.6314697265625,23488281.7,True,False,True,False,1,-0.016023525405518324
2020-02-05,508.4537658691406,527.5944213867188,506.2943115234375,523.5208740234375,30647706,488.25745541372584,470.0600084920922,74.81594547109293,14.73074002146962,517.6314697265625,24002917.1,True,True,True,True,2,0.011377600940657873
2020-02-06,525.1895751953125,542.6124267578125,524.257080078125,536.7230224609375,17180298,492.87322370393645,472.6742443340077,78.01333003932119,15.042226643820005,527.5944213867188,24829361.5,True,True,True,False,1,0.017302307803455097
2020-02-07,538.7843017578125,538.8825073242188,528.33056640625,529.5084838867188,8967847,496.3622961022967,474.9030380419572,72.58966747027026,14.721491949116343,542.6124267578125,24779333.05,True,False,True,False,1,-0.024149728655113334
2020-02-10,530.24462890625,533.631103515625,526.22021484375,528.7722778320312,8570467,499.4489610289381,477.0155572494111,72.03927977442493,14.199306000741961,542.6124267578125,23341477.1,True,False,True,False,1,-0.025506509330201155
2020-02-11,529.5575561523438,534.6126708984375,522.9319458007812,524.453369140625,6622800,501.8303332300511,478.87586359808614,68.74620234298914,14.019407364807268,542.6124267578125,23009689.25,True,False,True,False,1,-0.03346598183475169
2020-02-12,526.1220703125,532.3550415039062,525.1405029296875,529.6557006835938,5160923,504.48036822562665,480.86722975830213,70.49575026529072,13.582426293269696,542.6124267578125,22928904.95,True,False,True,False,1,-0.023878417513651606
2020-02-13,529.7538452148438,532.7476806640625,521.9503784179688,529.999267578125,5729055,506.9107395925313,482.79397633947167,70.61274868083407,13.383488861328559,542.6124267578125,22643188.15,True,False,True,False,1,-0.02324524569968467
2020-02-14,534.8580322265625,557.0906372070312,524.404296875,554.587646484375,37517890,511.4513973917545,485.60941438436987,77.49193214054812,14.76226396637875,542.6124267578125,22115111.25,True,True,True,True,2,0.0220695640866837
2020-02-17,554.5385131835938,558.2194213867188,546.2442626953125,554.4403686523438,23354434,515.5455851308583,488.3086674929179,77.37509758697493,14.563185018166429,557.0906372070312,20895222.45,True,False,True,True,2,-0.004757338173864478
2020-02-18,552.968017578125,558.3666381835938,527.3980712890625,538.1463012695312,21865560,517.6980342869224,490.2630845037655,65.5923904952019,15.734998009335344,558.2194213867188,19798002.35,True,False,True,True,2,-0.035959193371169706
2020-02-19,538.9806518554688,543.397705078125,528.8213500976562,533.3856811523438,22088140,519.192095893153,491.9541667252784,62.59329437865789,15.65223779298773,558.3666381835938,17631132.2,True,False,True,True,2,-0.044739343870032866
2020-02-20,533.68017578125,541.8272094726562,528.6741333007812,535.545166015625,16010058,520.7495311429122,493.66361767784105,63.41056143177967,15.473726248622535,558.3666381835938,17721249.55,True,False,True,False,1,-0.040871840484969946
2020-02-24,532.011474609375,532.060546875,517.3860473632812,520.1344604492188,9834434,520.6909529816081,494.70168994338525,54.29413754553167,15.66553999174548,558.3666381835938,17733109.3,True,False,True,False,1,-0.06847145785562514
2020-02-25,523.1773681640625,528.0361328125,521.1651000976562,525.3858642578125,9804202,521.1380873888656,495.9049908968922,56.584705790143346,15.110978018283749,558.3666381835938,17033599.75,True,False,True,False,1,-0.0590665195060186
2020-02-26,522.8828735351562,529.4594116210938,510.7113952636719,526.072998046875,18965240,521.6080788801047,497.0880500008131,56.889150534482305,15.37076647107933,558.3666381835938,16930970.55,True,False,True,True,2,-0.05783590552933504
2020-02-27,524.8460083007812,525.9747924804688,517.2879028320312,521.8522338867188,11381143,521.6313317378775,498.05919446692707,54.36719667092608,14.900361381348217,558.3666381835938,16295494.1,True,False,True,False,1,-0.06539503222409371
2020-02-28,515.2266235351562,518.662109375,504.0367126464844,513.8524169921875,16934165,520.8904827144785,498.67853652674125,49.85593329381904,15.108587085554372,558.3666381835938,15862687.1,True,False,False,True,1,-0.07972220786007944
2020-03-02,524.158935546875,526.1220703125,502.4171142578125,508.7973327636719,10096159,519.738754147735,499.07535206544446,47.19119100646117,15.722613440492452,558.3666381835938,15942500.2,True,False,False,False,0,-0.08877555002421766
2020-03-03,514.3432006835938,523.5208740234375,504.67474365234375,511.2021789550781,10563605,518.9257469865296,499.5509139042536,48.598715393978104,15.94572179267826,558.3666381835938,15529495.55,True,False,False,False,0,-0.08446861972618014
2020-03-04,515.3247680664062,522.9810180664062,498.0491333007813,507.226806640625,18066379,517.8115621916816,499.85192930567996,46.39722522157974,16.587590576460165,558.3666381835938,15297035.85,True,False,False,True,1,-0.09158826485287563
2020-03-05,513.1653442382812,520.9197387695312,507.128662109375,517.1897583007812,14344961,517.7523427735006,500.53184416823296,52.23678862327083,16.38783958243846,558.3666381835938,15468025.25,True,False,True,False,1,-0.07374523667238397
2020-03-06,508.2083740234375,513.9996337890625,502.02447509765625,509.5825805664063,9503868,516.9742701823487,500.8867750073771,47.94211178567496,16.300514126773212,558.3666381835938,14652888.0,True,False,False,False,0,-0.08736921993743296
2020-03-09,500.6012268066406,502.5643615722656,482.00042724609375,487.1046142578125,15664232,514.1295410466786,500.3462981152373,38.00041531986957,17.10634549774031,558.3666381835938,14269066.5,True,False,False,True,1,-0.1276258627442386
2020-03-11,478.0250854492188,499.12884521484375,478.0250854492188,484.6997680664063,21401999,511.32670552474787,499.73270870155767,37.11368334371777,17.3918750883035,558.3666381835938,14603885.75,True,False,False,True,1,-0.1319327930422759
2020-03-12,469.6817321777344,472.6264343261719,450.7373962402344,456.3814392089844,14471096,506.09382301848467,498.0326589175352,28.638948873710774,18.575481998151247,558.3666381835938,15245462.35,True,False,False,False,0,-0.18264916275509302
2020-03-13,445.4369201660156,499.6687316894531,412.25982666015625,482.7857055664063,24254296,503.87400230876295,497.4347391782752,41.949328874616235,23.492155071804504,558.3666381835938,15637877.15,True,False,False,True,1,-0.13536076020418697
2020-03-16,463.5469055175781,483.8654174804688,447.7436218261719,456.2341918945313,14936276,499.33687750740756,495.8190314416578,34.89990906826894,24.39427225626825,558.3666381835938,16592545.8,True,False,False,False,0,-0.18291287355796637
2020-03-17,456.4305114746094,472.1356506347656,436.16107177734375,446.3203430175781,12629709,494.28768374647143,493.8779064054194,32.690921779993886,25.221437013493507,558.3666381835938,17052906.85,True,False,False,False,0,-0.2006679617007745
2020-03-18,451.5226745605469,469.9761962890625,399.9411010742188,417.7075500488281,29342689,486.9943376800292,490.89083360712175,27.31686325820303,28.422412599304234,558.3666381835938,15808497.8,False,False,False,True,1,-0.25191169836424976
2020-03-19,408.7752380371094,443.3265380859375,355.08331298828125,436.5537109375,24017236,482.190468466455,488.7599660514503,34.90711328644319,32.69532777775795,558.3666381835938,16107910.55,False,False,False,True,1,-0.21815939369579784
2020-03-20,436.7991027832031,463.301513671875,428.60296630859375,454.1238098144531,19758966,479.51745335674053,487.40168541470536,41.08428363030163,32.83841489100962,543.397705078125,16215494.35,False,False,False,True,1,-0.16428831853612047
2020-03-23,408.7261657714844,437.4862060546875,392.1376037597656,399.8429565429688,14907385,471.9294060411432,483.96800977267645,31.22551284256963,34.92039997412947,541.8272094726562,16099035.65,False,False,False,False,0,-0.26204710735711545
2020-03-24,403.3275146484375,429.7808532714844,392.775634765625,396.603759765625,12947855,464.7555349672843,480.5419607527921,30.751286484240836,35.069315583538746,532.060546875,16043902.0,False,False,False,False,0,-0.2545890461244792
2020-03-25,399.05767822265625,430.1734924316406,398.1252136230469,421.1921081542969,14093189,460.6066371755712,478.21451555285114,38.39914052016719,34.96220251800138,529.4594116210938,16199573.05,False,False,False,False,0,-0.20448650281861092
2020-03-26,418.6400451660156,484.356201171875,412.5052185058594,462.0254821777344,22302573,460.74176527101537,477.57965149892505,48.55939412472125,37.59711538571668,529.4594116210938,16414022.4,False,False,False,True,1,-0.1273637373578662
2020-03-27,462.0254821777344,466.0499267578125,429.4373168945313,440.6763000488281,16378409,458.83076858318805,476.1324612459801,44.4329707390524,37.52679356268557,526.1220703125,16580889.05,False,False,False,False,0,-0.16240673996610666
2020-03-30,435.6702880859375,441.0198669433594,420.1123962402344,423.1061706542969,10210726,455.4284259232937,474.0529988698357,41.320905066350164,36.33969907271696,526.1220703125,16830752.35,False,False,False,False,0,-0.19580227759123447
2020-03-31,432.872802734375,438.7622375488281,416.1860961914063,432.774658203125,17059457,453.2709242356585,472.43424041231765,43.659382952781755,35.35658780733874,526.1220703125,16494580.4,False,False,False,True,1,-0.17742538733250546
2020-04-01,431.8912353515625,431.8912353515625,404.7998962402344,413.5849304199219,9646905,449.4913057770169,470.1264243341845,40.23233592034329,34.82931453273531,523.5208740234375,16842745.3,False,False,False,False,0,-0.20999342921824715
2020-04-03,424.0386657714844,424.0386657714844,407.94091796875,416.1370239257813,14419445,446.31470750547066,468.0091929456197,40.89679154244834,33.491345480592386,522.9810180664062,16796910.3,False,False,False,False,0,-0.20429803463164753
2020-04-07,425.16748046875,476.7981262207031,425.16748046875,461.5346984863281,15553539,447.76423045602854,467.7552912021181,51.27403203243002,35.43204239590163,520.9197387695312,16614563.6,False,False,True,False,1,-0.11400036486134513
2020-04-08,465.6082153320313,482.0495300292969,444.6516723632813,453.1422424316406,13639333,448.27642207275346,467.18223046602094,49.542275147356946,35.572457772338346,513.9996337890625,16674992.5,False,False,False,False,0,-0.11839967843711885
2020-04-09,462.3199462890625,483.2274169921875,462.3199462890625,479.6937561035156,11962829,451.26854912330225,467.6728785302364,54.74940748382973,35.1805089714961,502.5643615722656,16881765.75,False,False,True,False,1,-0.04550781395879255
2020-04-13,481.9513549804688,511.3003234863281,481.9513549804688,502.76068115234375,24416550,456.1725616974967,469.0488707899269,58.73370309132504,34.925227429447276,499.6687316894531,16696695.6,False,True,True,True,2,0.006187998701532305
2020-04-15,524.10986328125,526.072998046875,495.742431640625,501.0920104980469,26277115,460.4506044404062,470.3054645039709,58.33356361625476,34.59703735636175,511.3003234863281,16847423.15,False,False,True,True,2,-0.01996539512956952
2020-04-16,490.7854919433594,503.5459289550781,488.184326171875,491.2272033691406,17401120,463.38170910028566,471.12592485162463,55.908599686653254,33.22307774399328,526.072998046875,17437724.1,False,False,True,False,1,-0.06623756552247428
2020-04-17,501.5827941894531,503.0551452636719,489.0186767578125,493.1903381347656,16430317,466.2206261511885,471.9911959607674,56.29794489464774,31.852605655555145,526.072998046875,17095065.3,False,False,True,False,1,-0.06250588803111201
2020-04-20,498.3435974121094,498.3435974121094,477.9269104003906,481.2642517089844,11688508,467.65335239478816,472.3548452057955,53.22316414516579,31.035754323852547,526.072998046875,17169767.35,False,False,True,False,1,-0.08517591000536018
2020-04-21,475.0803527832031,494.5154724121094,470.3197326660156,491.2762756347656,15781695,469.90315460811934,473.096862085363,55.42421086940658,30.547181854012635,526.072998046875,17122707.3,False,False,True,False,1,-0.06614428518722204
2020-04-22,506.4906311035156,507.5213012695313,482.9820251464844,492.1596984863281,18447565,472.0228254536631,473.8444242971656,55.622633580694306,30.11804573037223,526.072998046875,16444657.6,False,False,True,True,2,-0.0644650071120455
2020-04-23,492.6014099121094,497.9509582519531,482.00042724609375,486.8592224121094,12767355,473.4358156401818,474.3548085369673,54.06752832669509,29.106080392907028,526.072998046875,16166174.05,False,False,True,False,1,-0.07454055954278715
2020-04-24,485.7794799804688,489.8039245605469,475.5220642089844,485.1414794921875,12161869,474.5506407689443,474.7778152410936,53.545065176628924,28.047207532810994,526.072998046875,15816593.5,False,False,True,False,1,-0.07780577734772909
2020-04-27,488.8714294433594,493.779296875,482.0495300292969,484.9451599121094,10074370,475.54059497305525,475.17653463995697,53.48145706369093,26.881676055160433,526.072998046875,15679317.7,True,False,True,False,1,-0.07817895669889707
2020-04-28,488.2825012207031,488.2825012207031,475.1785278320313,476.699951171875,11729091,475.6510098491333,475.23627646473807,50.754428279824474,25.89755443612553,526.072998046875,15535643.45,True,False,True,False,1,-0.09385208337684092
2020-04-29,481.90228271484375,489.2149963378906,478.07415771484375,486.8592224121094,8371711,476.7184586646548,475.6920782665958,53.87523075438293,24.941660916831967,526.072998046875,15417438.55,True,False,True,False,1,-0.07454055954278715
2020-04-30,493.828369140625,506.4415588378906,486.073974609375,504.8219604492188,20170888,479.3949826441371,476.834426587483,58.841735101739,24.6149411533808,526.072998046875,14720895.45,True,False,True,True,2,-0.04039560607853632
2020-05-04,493.1903381347656,530.04833984375,490.6873474121094,522.6865844726562,34658164,483.5179923420913,478.63255042611723,63.09750704467011,25.668230530399363,526.072998046875,14910519.4,True,False,True,True,2,-0.006437155274631734
2020-05-05,528.085205078125,543.495849609375,516.3554077148438,518.3185424804688,30498970,486.8323304505082,480.1888638400134,61.425089575927664,25.773388484980213,530.04833984375,16132891.3,True,False,True,True,2,-0.02212967475143679
2020-05-06,521.9503784179688,541.287353515625,520.28173828125,535.937744140625,26074684,491.5090365162336,482.3750944400374,65.40793200658597,25.5730615242785,543.495849609375,16804866.95,True,False,True,True,2,-0.013906464003694219
2020-05-07,535.2997436523438,535.2997436523438,514.784912109375,518.3185424804688,15823732,494.0623227985417,483.7846414220151,58.862862536243995,25.25733084620504,543.495849609375,17626255.9,True,False,True,False,1,-0.04632474589640723
2020-05-08,530.04833984375,535.741455078125,518.56396484375,520.28173828125,13847608,496.55940998737105,485.2159001223773,59.35094851502649,24.69772954273727,543.495849609375,17696470.25,True,False,True,False,1,-0.04271258252442889
2020-05-11,523.2264404296875,538.3917236328125,522.2939453125,526.318359375,14490804,499.3935956433357,486.827761269539,60.88765560898668,24.22717638622479,543.495849609375,17611173.7,True,False,True,False,1,-0.03160555917164942
2020-05-12,523.1773681640625,553.6060180664062,520.723388671875,549.5325317382812,23041211,504.1687324142829,489.2867718761563,66.18221484812152,24.845423029675253,543.495849609375,17653747.25,True,True,True,True,2,0.011107135653832367
2020-05-13,557.9249877929688,559.2500610351562,539.1769409179688,545.7044067382812,21509772,508.12451092133034,491.4992281452593,64.6285478167944,24.504544250211843,553.6060180664062,18207666.35,True,False,True,True,2,-0.014272986691371559
2020-05-14,540.9437866210938,552.1336669921875,525.2386474609375,529.901123046875,13428330,510.19847398090604,493.0051848080678,58.520905444861384,24.675292484571713,559.2500610351562,18062327.45,True,False,True,False,1,-0.05247909662085182
2020-05-15,533.4838256835938,546.6369018554688,529.4594116210938,543.8884887695312,14758117,513.407046817918,495.0006084928311,61.94853487118537,24.139735180986236,559.2500610351562,17419888.2,True,False,True,False,1,-0.027468163771303233
2020-05-18,546.6369018554688,548.6981811523438,525.3367919921875,528.13427734375,21991328,514.8096402013305,496.2999680556122,56.30493188110988,24.084139036641236,559.2500610351562,17287738.05,True,False,True,True,2,-0.055638409111322784
2020-05-19,548.2073974609375,592.3781127929688,546.7350463867188,587.7647094726562,73259076,521.7577420366948,499.8868206602022,68.1371467805101,26.952688780396773,559.2500610351562,17565788.6,True,True,True,True,2,0.05098729606702257
2020-05-20,593.8504638671875,600.721435546875,577.752685546875,583.1022338867188,36412918,527.60007459384,503.150170198497,66.618140971142,26.668121724654146,592.3781127929688,20644317.0,True,False,True,True,2,-0.01565871308532263
2020-05-21,579.61767578125,593.3596801757812,574.6116943359375,583.593017578125,20673544,532.9327358304386,506.30479166436476,66.70228980381094,26.102397732881975,600.721435546875,21675878.15,True,False,True,False,1,-0.02851307936624059
2020-05-22,585.9978637695312,586.3905029296875,576.1821899414062,582.2679443359375,11630640,537.6313271166765,509.28373882795586,66.216955231519,24.967105965410497,600.721435546875,21787177.1,True,False,True,False,1,-0.030718882528535274
2020-05-26,561.4586181640625,565.8265991210938,547.27490234375,548.943603515625,77933211,538.7086867737193,510.839027639237,55.316145422581,25.683244253037426,600.721435546875,21730341.35,True,False,True,True,2,-0.08619274919682751
2020-05-27,550.6613159179688,555.1275024414062,543.6431274414062,552.72265625,22948762,540.043350533365,512.4815228788748,56.19679178057186,24.669039306391895,600.721435546875,25018908.45,True,False,True,False,1,-0.07990189205280918
2020-05-28,554.2440795898438,557.5323486328125,545.7534790039062,552.3790893554688,16574283,541.2181828021368,514.0461333289373,56.088564118687465,23.748312900857204,600.721435546875,25662628.05,True,False,True,False,1,-0.08047381586674551
2020-05-29,547.7166137695312,553.6060180664062,533.7783203125,542.4161376953125,55206200,541.332273744344,515.1586825197755,52.90658116501429,23.468268961789278,600.721435546875,25904887.65,True,False,True,True,2,-0.09705879364614889
2020-06-01,548.6981811523438,551.2993774414062,540.0112915039062,548.7472534179688,40024637,542.0384622846892,516.4758813785282,54.66660552209471,22.59825588862576,600.721435546875,28246612.1,True,False,True,True,2,-0.08651960634897415
2020-06-02,552.6244506835938,561.7531127929688,545.8516235351562,547.8147583007812,32573015,542.5885857147932,517.7048569441068,54.344450683000915,22.119915414996246,600.721435546875,29239299.55,True,False,True,True,2,-0.08807189841316287
2020-06-03,557.5323486328125,557.8267822265625,539.1278686523438,541.483642578125,29783799,542.4833530351106,518.6373583415193,52.09956109748347,21.875558140654995,600.721435546875,29135042.1,True,False,True,True,2,-0.09861108571033772
2020-06-04,542.1216430664062,574.6116943359375,539.42236328125,561.9003295898438,30007267,544.332588897466,520.3339454492967,58.109197110980055,22.826541920228745,600.721435546875,29099283.55,True,False,True,True,2,-0.06462413967580483
2020-06-05,573.2374877929688,579.1268920898438,556.9924926757812,573.5809936523438,48771843,547.1181512550735,522.4220649866711,61.11498219012492,22.7771031697883,600.721435546875,29295912.7,True,False,True,True,2,-0.0451797460329072
2020-06-08,577.1637573242188,582.7587280273438,568.5259399414062,574.3662719726562,20813563,549.7132103710338,524.4590927116117,61.31594329447589,22.166794949513246,600.721435546875,30943318.25,True,False,True,False,1,-0.04387252063050817
2020-06-09,569.3111572265625,580.7464599609375,555.2747192382812,557.3359985351562,15219451,550.4391901961883,525.7483831360644,54.712113182073466,22.402862504737744,600.721435546875,31291616.0,True,False,True,False,1,-0.07222222222222219
2020-06-10,560.47705078125,565.3848876953125,552.673583984375,556.64892578125,19489440,551.0305935852418,526.9601691221501,54.45728687065025,21.710608305180585,600.721435546875,31328048.35,True,False,True,False,1,-0.07336596824700115
2020-06-11,559.4954833984375,563.2254638671875,536.6248779296875,541.679931640625,27803048,550.1400543524212,527.5374147111099,49.0925219455006,22.05989242177483,600.721435546875,31150459.8,True,False,False,False,0,-0.0982843301612848
2020-06-12,530.04833984375,551.6428833007812,530.04833984375,549.7778930664062,19224358,550.1055628013721,528.4095903328863,51.855690796807714,22.026653210007435,600.721435546875,31465123.6,True,False,True,False,1,-0.08480393651025886
2020-06-15,545.7534790039062,553.3606567382812,538.8825073242188,540.5511474609375,13838935,549.1956184832354,528.885729828104,48.61768484839266,21.48747436743994,600.721435546875,31754925.0,True,False,False,False,0,-0.10016337777452644
2020-06-16,547.7166137695312,548.99267578125,527.1036376953125,534.8580322265625,19430678,547.830134077838,529.1199377652985,46.68079221621572,21.516157490189766,600.721435546875,31708965.9,True,False,False,False,0,-0.10964050793418556
2020-06-17,536.7720947265625,555.0784301757812,531.0299072265625,553.066162109375,20916747,548.3288034141749,530.0590053866348,53.114350779591184,21.697040737263265,600.721435546875,31580933.4,True,False,True,False,1,-0.07933006984196656
2020-06-18,553.8514404296875,562.342041015625,547.9129638671875,550.5631713867188,19692591,548.541600363941,530.8630903278146,52.18223717745727,21.177900480918566,600.721435546875,28963816.95,True,False,True,False,1,-0.08349671110785983
2020-06-19,551.5447387695312,567.5443725585938,550.6613159179688,561.9494018554688,41924711,549.8185338393247,532.0821613681147,55.96781853141235,20.878136244558313,593.3596801757812,28127800.6,True,False,True,True,2,-0.05293632070013132
2020-06-22,565.1885986328125,577.1637573242188,559.8881225585938,570.3418579101562,12954502,551.7731361317848,533.5825416246654,58.57120938617525,20.620814710348792,586.3905029296875,29190358.95,True,False,True,False,1,-0.02736852820663027
2020-06-23,570.3418579101562,573.826416015625,563.7653198242188,568.13330078125,9944839,553.3312470507815,534.9374733562962,57.605957152922244,19.866549101852897,582.7587280273438,29256552.05,True,False,True,False,1,-0.025096882367770412
2020-06-24,570.292724609375,571.2743530273438,544.7719116210938,547.07861328125,12619809,552.7357581203499,535.4135964906081,49.26985950817829,20.340541409309832,582.7587280273438,25857133.45,True,False,False,False,0,-0.06122622112734721
2020-06-25,543.6921997070312,553.3115844726562,539.8640747070312,548.6981811523438,15881470,552.3512269805399,535.93456059499,49.87078596864408,19.84818200618949,582.7587280273438,25340685.8,True,False,False,False,0,-0.05844708150540445
2020-06-26,549.6797485351562,555.9617919921875,546.8822631835938,550.0723876953125,11317405,552.1341946676611,536.4889851871595,50.407580523906105,19.078992492075507,582.7587280273438,25306045.15,True,False,True,False,1,-0.05608897603760565
2020-06-29,548.6000366210938,558.46484375,541.0419311523438,556.64892578125,13162970,552.5641690594315,537.2795710928102,53.00135693821969,18.960701071045563,582.7587280273438,23111605.4,True,False,True,False,1,-0.04480379441844862
2020-06-30,561.4586181640625,566.366455078125,547.127685546875,549.5325317382812,13182057,552.2754416955124,537.7600793534169,49.95656817854824,18.98056310391731,582.7587280273438,21768522.05,True,False,False,False,0,-0.057015355911586574
2020-07-01,564.4033203125,564.4033203125,548.0111083984375,549.8270263671875,13894655,552.042259283291,538.2332929618001,50.084361713167695,18.795680876070538,582.7587280273438,20798974.15,True,False,True,False,1,-0.056510010191749616
2020-07-02,554.3912963867188,556.55078125,547.323974609375,548.1583251953125,13795692,551.6723607987216,538.6225099121339,49.31587839113291,18.112189859253,582.7587280273438,20004516.95,True,False,False,False,0,-0.05937346137938537
2020-07-03,551.4465942382812,572.6976318359375,550.2686767578125,570.7344360351562,21005887,553.4877965355249,539.8818011326446,58.57639885507337,18.571269629351,582.7587280273438,19193938.2,True,False,True,True,2,-0.02063339665952335
2020-07-06,576.7711181640625,578.4398193359375,564.452392578125,565.9738159179688,16114629,554.6769412386147,540.9050173987357,56.24278305572671,18.243852281383965,582.7587280273438,17805640.4,True,False,True,False,1,-0.02880250659855832
2020-07-07,568.32958984375,571.86328125,555.6182861328125,556.697998046875,12759442,554.8694228394014,541.5243499731725,51.90388061130172,18.10107676965565,580.7464599609375,17570693.7,True,False,True,False,1,-0.04140957125365874
2020-07-08,561.4586181640625,563.4217529296875,548.6981811523438,550.955810546875,9581306,554.4966978591608,541.8942111721412,49.36500119389321,17.859826413061942,578.4398193359375,17447693.25,True,False,False,False,0,-0.0475140332154429
2020-07-09,553.6060180664062,559.7408447265625,549.9742431640625,558.1703491210938,8611659,554.8465694079164,542.5324910917079,52.50823325342754,17.28173892373609,578.4398193359375,16952286.55,True,False,True,False,1,-0.03504162323768367
2020-07-10,558.612060546875,568.32958984375,555.2256469726562,564.1088256835938,13532330,555.728689053219,543.3786218600171,54.98526465832795,16.983324919975924,578.4398193359375,15992717.1,True,False,True,False,1,-0.024775254353678555
2020-07-13,563.9125366210938,578.1453247070312,559.4954833984375,575.98583984375,16660491,557.6579415094601,544.6573362907518,59.531455683801056,17.102361804877198,578.4398193359375,15708115.7,True,False,True,True,2,-0.00424241106880352
2020-07-14,573.728271484375,585.8015747070312,567.8878784179688,578.4888916015625,32935464,559.6418415182318,545.9840639499993,60.43826413167984,17.160314268033293,578.4398193359375,15849193.5,True,True,True,True,2,8.483555935234754e-05
2020-07-15,578.0962524414062,578.0962524414062,549.336181640625,553.2134399414062,20062926,559.0296127966293,546.2675688908388,48.596492582267906,18.016913960383594,585.8015747070312,16524432.8,True,False,False,True,1,-0.05562998833166821
2020-07-16,555.4710083007812,555.7655029296875,543.1032104492188,552.3790893554688,11528871,558.3962296117569,546.5072363600399,48.26034541500506,17.634440997532533,585.8015747070312,16481741.75,True,False,False,False,0,-0.057054277070316184
2020-07-17,552.72265625,563.3236083984375,551.3975219726562,556.3053588867188,12189475,558.1970990665152,546.8914764591253,50.01261594896779,17.226701385264587,585.8015747070312,16073555.75,True,False,True,False,1,-0.0503518889225657
2020-07-20,560.47705078125,571.76513671875,557.1397094726562,565.1395263671875,9789671,558.8582826189602,547.6070862594415,53.80363235507357,17.100492560033636,585.8015747070312,14586793.95,True,False,True,False,1,-0.03527141139929024
2020-07-21,569.3111572265625,573.0411376953125,555.9127197265625,557.2869262695312,12005925,558.7086296333002,547.9866878284647,50.16194891179287,17.102487232084805,585.8015747070312,14428552.4,True,False,True,False,1,-0.048676291885628054
2020-07-22,557.5323486328125,564.8941040039062,552.4281616210938,558.6611328125,11034525,558.7041061265573,548.4052935141132,50.789674806603635,16.771305457136783,585.8015747070312,14531606.7,True,False,True,False,1,-0.046330435195747977
2020-07-23,559.4954833984375,565.1395263671875,553.6060180664062,556.7470703125,9718786,558.5177217633138,548.7324220160107,49.84790515446602,16.397177088825675,585.8015747070312,14452342.5,True,False,False,False,0,-0.04959785983686005
2020-07-24,554.587646484375,556.943359375,545.16455078125,549.139892578125,9960443,557.6245951742483,548.7484012537406,46.182681060481,16.0672936248917,585.8015747070312,14144208.3,True,False,False,False,0,-0.0625837889685451
2020-07-27,547.9129638671875,553.3606567382812,534.1218872070312,549.18896484375,10895560,556.8212018094389,548.7656782572703,46.21015690991995,16.293827618203007,585.8015747070312,14076360.2,True,False,False,False,0,-0.06250001953578188
2020-07-28,548.2073974609375,563.6671752929688,545.06640625,554.1950073242188,14210206,556.5710880489418,548.9785931226409,49.06690684168641,16.458609148543417,585.8015747070312,13962989.7,True,False,False,True,1,-0.053954391294730564
2020-07-29,554.8330078125,558.6611328125,549.9251708984375,555.7655029296875,9979767,556.4943656566318,549.2447464484075,49.964698056624236,15.906991488937637,585.8015747070312,14014397.15,True,False,False,False,0,-0.051273456873797696
2020-07-30,565.3848876953125,569.7528686523438,533.0421142578125,542.5142822265625,45326361,555.1629291394823,548.9808066750018,43.06673186524204,17.392974553622896,585.8015747070312,13818652.75,True,False,False,True,1,-0.07389412106329252
2020-07-31,540.7474365234375,548.99267578125,536.2322387695312,544.6246948242188,13917435,554.1592877761238,548.8099787592848,44.38364308677987,17.062079014915458,585.8015747070312,15395186.2,True,False,False,False,0,-0.07029151450029081
2020-08-03,544.2811279296875,546.2442626953125,536.3303833007812,537.2628784179688,9392745,552.55010593249,548.3571512949195,40.83527876376401,16.55149332774516,585.8015747070312,15040763.6,True,False,False,False,0,-0.08285859646815985
2020-08-04,537.9009399414062,543.15234375,535.79052734375,538.8825073242188,12035116,551.2484298745594,547.9855966294018,41.9351299696525,15.89508783335265,585.8015747070312,14704669.4,True,False,False,False,0,-0.08009378842362702
2020-08-05,541.8272094726562,550.1705322265625,536.4776611328125,548.6491088867188,12920232,551.0008754947651,548.0116167179241,48.1897307763469,15.737786637666746,585.8015747070312,14668453.1,True,False,False,False,0,-0.06342158748701388
2020-08-06,551.3484497070312,551.3484497070312,542.4652099609375,545.06640625,10620956,550.4356879476446,547.8961182682016,46.22277702605386,15.248176145411533,585.8015747070312,14835399.4,True,False,False,False,0,-0.06953748541458526
2020-08-07,545.7534790039062,553.01708984375,541.8762817382812,550.4650268554688,7346008,550.4384821293422,547.9968597814278,49.56350616136793,14.954792713987048,585.8015747070312,14935864.25,True,False,False,False,0,-0.060321701711428255
2020-08-10,553.9005126953125,554.587646484375,544.5756225585938,548.5509643554688,9594610,550.2587185318305,548.0185893725667,48.4151356391735,14.601737800543779,585.8015747070312,14626548.15,True,False,False,False,0,-0.06358912635254033
2020-08-11,547.7166137695312,550.1705322265625,540.0603637695312,540.9437866210938,8290695,549.3715821593794,547.7411461274108,44.04706985937913,14.280911418864312,585.8015747070312,14273254.1,True,False,False,False,0,-0.07657505548422538
2020-08-12,539.8640747070312,550.90673828125,535.2997436523438,537.6064453125,12613101,548.2510929358671,547.3437068797673,42.2462990976074,14.375631648153021,578.0962524414062,13041015.65,True,False,False,False,0,-0.0700399059117065
2020-08-13,524.158935546875,538.1953735351562,514.588623046875,525.4840087890625,37464752,546.0827992076,546.4864638173867,36.42158946445978,15.034997279590751,573.0411376953125,12668524.4,False,False,False,True,1,-0.08299077636470886
2020-08-14,532.8458251953125,532.8458251953125,515.3247680664062,518.8584594726562,18550546,543.4900049471291,545.403012666613,33.68774264384959,15.212572983113287,573.0411376953125,13965318.45,False,False,False,True,1,-0.09455285957404569
2020-08-17,520.7725219726562,522.6865844726562,508.5519409179688,511.7911071777344,19369462,540.4710623024248,544.0848987258727,31.013586242202052,15.135578023940013,573.0411376953125,14283372.0,False,False,False,True,1,-0.10688592229855742
2020-08-18,512.4291381835938,519.3492431640625,510.5641479492188,516.600830078125,13771669,538.1977068524915,543.0070921122356,34.80645231068465,14.681972109004562,573.0411376953125,14762361.55,False,False,False,False,0,-0.09849259312199143
2020-08-19,519.2510375976562,529.9501953125,517.3860473632812,525.9747924804688,17395288,537.0336197694417,542.3391587933428,41.55122316962099,14.58678590367388,569.7528686523438,14850648.75,False,False,False,True,1,-0.07683695612700436
2020-08-20,521.2142333984375,523.7662963867188,513.067138671875,515.8646240234375,13690809,535.0175249364889,541.3009417435426,37.09380079968264,14.466847896882443,569.7528686523438,15168686.9,False,False,False,False,0,-0.09458178728677569
2020-08-21,520.0363159179688,520.0363159179688,506.4906311035156,510.6623229980469,22244899,532.6979818947325,540.0994272829349,35.01245469189038,14.401050533851778,569.7528686523438,15367288.05,False,False,False,True,1,-0.10371258997618704
2020-08-24,508.3556213378906,522.58837890625,498.8343811035156,517.1897583007812,29714401,531.2210082191181,539.201008891478,39.59245920981728,15.069118195914822,569.7528686523438,15981510.85,False,False,False,True,1,-0.09225598192404338
2020-08-25,524.6497192382812,525.7785034179688,516.3063354492188,518.9075317382812,19881871,530.048296173324,538.4051862580193,40.77535431482068,14.669336036831622,569.7528686523438,16922452.9,False,False,False,True,1,-0.08924103714357545
2020-08-26,518.662109375,518.662109375,502.5643615722656,505.0182800292969,26386996,527.6644851119881,537.0958958176772,34.83551188334418,14.788895617487622,569.7528686523438,17206036.15,False,False,False,True,1,-0.11361871468267615
2020-08-27,504.9201354980469,508.944580078125,498.6380615234375,501.7300109863281,22268191,525.1945351952586,535.7089983733105,33.58802821415031,14.468725827287614,569.7528686523438,18026397.6,False,False,False,True,1,-0.11939011000841904
2020-08-28,502.6625061035156,519.7909545898438,502.6625061035156,513.8033447265625,22217757,524.1096599125256,534.8499531322616,41.825432494054354,14.725312811303901,554.587646484375,16873489.1,False,False,False,True,1,-0.07353986699190129
2020-08-31,508.944580078125,512.674560546875,499.1779479980469,503.6440734863281,190329697,522.1605564433639,533.6261931461465,37.59929396013578,14.718175948247595,554.587646484375,17288505.2,False,False,False,True,1,-0.09185847056094165
2020-09-01,507.9629821777344,545.213623046875,504.7238159179688,536.1831665039062,75732733,523.4960431157965,533.7264666111568,53.726612214452054,16.63613120626897,554.587646484375,26335352.8,False,False,True,True,2,-0.03318588161337144
2020-09-02,539.8640747070312,548.6981811523438,535.0543823242188,540.4039306640625,35680638,525.1063181203933,533.9883279465648,55.33900688858087,16.422393179258687,554.587646484375,29520233.65,False,False,True,True,2,-0.025575246600290313
2020-09-03,540.4039306640625,542.7106323242188,525.7785034179688,528.085205078125,25084656,525.3900216401773,533.7568329321161,49.87646135393459,16.45880287404378,554.587646484375,30658253.95,False,False,False,False,0,-0.04778765191445111
2020-09-04,521.7050170898438,528.085205078125,509.9261474609375,513.5088500976562,28610361,524.2584814932706,532.9627943895883,44.30368746166328,16.58024964141119,554.587646484375,31381438.95,False,False,False,False,0,-0.07407088247840388
2020-09-07,515.3247680664062,518.2694702148438,500.8956909179688,505.9507751464844,16450037,522.5148904126243,531.9034995173098,41.7018618989009,16.63693033108717,554.587646484375,32444656.6,False,False,False,False,0,-0.08769916107256981
2020-09-08,506.4906311035156,507.3249816894531,484.8960876464844,488.9205322265625,33745174,519.3154277282374,530.2178929568884,36.500349308357514,17.050642024793,550.90673828125,32787427.95,False,False,False,True,1,-0.11251669610735848
2020-09-09,484.159912109375,497.3129577636719,482.0495300292969,494.9571838378906,32068518,516.9955949767758,528.835120050261,39.38640180852864,16.922983861191714,550.90673828125,34060151.9,False,False,False,False,0,-0.10155903087683038
2020-09-10,498.6380615234375,498.6380615234375,482.1476745605469,488.184326171875,21400064,514.2516646144043,527.2409712707165,37.336079562086056,16.892084082741636,548.6981811523438,35032922.75,False,False,False,False,0,-0.11028623213836997
2020-09-11,490.098388671875,493.1903381347656,479.5465087890625,482.5893859863281,15888599,511.2362095069684,525.4899287105444,35.683539759762866,16.660065887238886,548.6981811523438,34229688.35,False,False,False,False,0,-0.120482985795903
2020-09-14,486.8592224121094,488.086181640625,459.6697082519531,465.3628234863281,53032505,506.8673156002408,523.1320030154772,31.116802387386812,17.499809280198384,548.6981811523438,34096591.0,False,False,False,True,1,-0.15187831949980146
2020-09-15,466.3934631347656,478.6630859375,461.387451171875,476.601806640625,31436333,503.98488617551544,521.3072894321497,36.79970594333105,17.483796814871717,548.6981811523438,35779743.15,False,False,False,False,0,-0.13139532258026843
2020-09-16,478.0250854492188,481.6568908691406,471.6939392089844,472.871826171875,13379581,501.0217376037402,519.4078595003742,35.745695394175456,16.9465935895349,548.6981811523438,36662976.35,False,False,False,False,0,-0.13819319543072417
2020-09-17,471.1540832519531,473.4607849121094,465.2646484375,470.1725158691406,13750507,498.08371648615923,517.4770617109141,34.96520488813995,16.321560938468792,548.6981811523438,36462191.0,False,False,False,False,0,-0.14311267647778259
2020-09-18,474.0987854003906,488.4788208007813,466.5407104492188,485.4359436035156,55830089,496.87916668781224,516.2205472753299,42.597553872101656,16.722743039404058,548.6981811523438,36465175.9,False,False,False,True,1,-0.11529514717174472
2020-09-21,486.8592224121094,486.8592224121094,452.7496337890625,459.12982177734375,23162880,493.2839909820533,513.9816952950167,34.97847095364459,17.96466058109283,548.6981811523438,38144435.4,False,False,False,False,0,-0.16323793745205017
2020-09-22,459.8660278320313,469.6817321777344,452.5042419433594,462.2708740234375,18950065,490.33036079551846,511.9538199510332,36.44032075347562,17.908434127755843,548.6981811523438,37816859.35,False,False,False,False,0,-0.15751338367369228
2020-09-23,458.3936462402344,458.3936462402344,416.08795166015625,425.8055114746094,86810146,484.18513705067,508.5754549127421,28.444918371513552,19.928040430293372,548.6981811523438,37770269.05,False,False,False,True,1,-0.2239713450838171
2020-09-24,417.4130554199219,425.5110168457031,408.4807739257813,411.5727233886719,36458719,477.2696690828606,504.77142622552367,26.043075791658197,19.74209022447442,548.6981811523438,40791426.55,False,False,False,False,0,-0.2499105382046083
2020-09-25,417.1676635742188,436.7500305175781,414.3702087402344,431.5476989746094,34232784,472.91519573921767,501.89990750980155,34.41329134955359,20.130320003362407,548.6981811523438,41500952.95,False,False,False,False,0,-0.2135062338491842
2020-09-28,437.7806701660156,439.4002685546875,426.0509033203125,435.4739685058594,21445626,469.3493645741359,499.29496872533326,35.947803614718936,19.64596609129188,548.6981811523438,42101704.3,False,False,False,False,0,-0.2063506250534629
2020-09-29,435.8175354003906,436.3573913574219,421.5847473144531,427.57232666015625,18187111,465.3705990585188,496.4823160953263,34.212934303867584,19.297871659268797,548.6981811523438,33657500.75,False,False,False,False,0,-0.2207513322493726
2020-09-30,429.9281005859375,432.2838745117188,410.4439086914063,413.19232177734375,27686374,460.4012393174545,493.21604180834663,31.256544199168985,19.479449813629063,548.6981811523438,30780219.65,False,False,False,False,0,-0.246958827329113
2020-10-01,418.1492614746094,426.59075927734375,415.8425598144531,424.3822326660156,13593932,456.9708577316032,490.5166767439415,35.89840916168687,19.045091791226987,542.7106323242188,30380506.45,False,False,False,False,0,-0.2180322120306517
2020-10-05,424.3822326660156,429.4373168945313,415.20452880859375,416.6278076171875,15282146,453.1286624826112,487.61907403308845,34.176174793536916,18.701355812277743,528.085205078125,29805970.25,False,False,False,False,0,-0.21105949643949684
2020-10-06,419.1308288574219,422.0755310058594,415.3027038574219,418.8854370117188,11078299,449.8674029139548,484.9236372871524,35.15162228472336,17.84931805057487,518.2694702148438,29139559.5,False,False,False,False,0,-0.19176131127678853
2020-10-07,419.91607666015625,423.7932739257813,413.3395385742188,414.6646728515625,10393534,446.51476195563174,482.1683837798744,34.13321591773769,17.32106214350256,507.3249816894531,28870972.6,False,False,False,False,0,-0.18264487691759368
2020-10-08,418.1492614746094,427.4741821289063,411.37640380859375,416.6278076171875,17018635,443.66838535197036,479.5981651068279,35.075384954314146,17.233684727560416,498.6380615234375,27703390.6,False,False,False,False,0,-0.1644684997685345
2020-10-09,420.1123962402344,426.9833984375,415.4989929199219,417.3639831542969,20948615,441.16320419028716,477.15760895182666,35.44827959382394,16.823021926847396,498.6380615234375,26950896.45,False,False,False,False,0,-0.16299212723720347
2020-10-12,420.1123962402344,422.6644592285156,404.260009765625,407.4010314941406,14326607,437.94775917160655,474.4220568946625,32.71016967459896,16.93598103656477,493.1903381347656,26928324.0,False,False,False,False,0,-0.17394766281326224
2020-10-13,413.3886413574219,419.6216125488281,405.4869689941406,407.64642333984375,28303313,435.06191766381966,471.8034045983951,32.847755292285484,16.735885502144964,488.4788208007813,26850224.4,False,False,False,True,1,-0.1654777935477858
2020-10-14,408.7261657714844,411.76904296875,403.72015380859375,405.63421630859375,14374547,432.25927943951245,469.20853446938327,32.265176239846866,16.115385763431483,488.4788208007813,25613764.8,False,False,False,False,0,-0.16959712676258376
2020-10-15,405.7814636230469,407.8427429199219,387.7205505371094,391.8431396484375,28378188,428.41012326893383,466.1745974175815,28.53037996099154,16.401586236244412,488.4788208007813,24760675.5,False,False,False,True,1,-0.19782982810580274
2020-10-16,396.9963989257813,399.79388427734375,391.0088195800781,394.24798583984375,23786283,425.15658637092525,463.35394598316043,30.050888604934485,15.857548983460214,488.4788208007813,25510605.85,False,False,False,False,0,-0.19290669512848369
2020-10-19,396.1129760742188,397.1927185058594,386.7389831542969,390.3707885742188,17237471,421.8436532474294,460.49186137888825,28.98038805975341,15.47156229546752,488.4788208007813,26012394.65,False,False,False,False,0,-0.200843983503175
2020-10-20,390.3707885742188,405.5851440429688,389.6346130371094,397.5362548828125,26395238,419.52866292698974,458.02301406531666,33.682257364513006,15.5057743462098,486.8592224121094,24082763.75,False,False,False,True,1,-0.18346775293020556
2020-10-21,398.2233581542969,412.4561462402344,396.1129760742188,411.27825927734375,23929199,418.742910198452,456.1898864265726,41.659498569037666,15.565588333338782,469.6817321777344,24244381.65,False,False,False,False,0,-0.12434691174722956
2020-10-22,411.27825927734375,424.3822326660156,410.2966918945313,422.7135620117188,27014551,419.12106751400125,454.877089390696,47.33645245505678,15.459870650349178,458.3936462402344,24493338.35,False,False,False,True,1,-0.07783721375975705
2020-10-23,426.8852233886719,429.5354614257813,419.42529296875,426.3944396972656,18512271,419.8137696266931,453.7601227360517,49.05489904741167,15.077749065112187,439.4002685546875,21503558.6,False,False,False,False,0,-0.029599046218614644
2020-10-26,426.3453674316406,431.3513793945313,420.1123962402344,426.0509033203125,11956996,420.4077823594188,452.6734866805325,48.89454042193295,14.803551500053956,439.4002685546875,20606236.2,False,False,False,False,0,-0.03038087636651854
2020-10-27,426.0509033203125,430.8115234375,419.6216125488281,425.3638000488281,13021129,420.87978404412445,451.6025185773284,48.55267351999028,14.545434313526666,439.4002685546875,19492446.8,False,False,False,False,0,-0.031944606115124397
2020-10-28,437.7806701660156,479.0066528320313,433.8543701171875,443.5228576660156,125905730,423.0362672462093,451.2856691298259,57.09146402360145,17.338107061360702,436.3573913574219,19071221.95,False,True,True,True,2,0.016421095300582333
2020-10-29,439.4493408203125,448.6761169433594,436.7991027832031,442.4922180175781,25537340,424.8892149387206,450.9408279097378,56.51811452785677,16.948028996988956,479.0066528320313,24457152.9,False,False,True,True,2,-0.07622949409693758
2020-10-30,446.51666259765625,446.51666259765625,422.5663146972656,425.7564086914063,23483928,424.97180481992876,449.953203626666,48.0751748841619,17.44819463294622,479.0066528320313,24349701.2,False,False,False,False,0,-0.11116806797106793
2020-11-02,426.9833984375,451.5226745605469,426.9833984375,448.9705810546875,28703578,427.25740255657246,449.914669408157,57.54828219459335,18.042342578388674,479.0066528320313,24844201.0,False,False,True,True,2,-0.06270491568282299
2020-11-03,449.55950927734375,452.2097473144531,439.2039489746094,446.22216796875,16337850,429.0635706910656,449.76986543014107,56.24007423833018,17.682589418492608,479.0066528320313,25515272.6,False,False,True,False,1,-0.0684426503670661
2020-11-04,444.6516723632813,447.1546630859375,438.9094848632813,444.7007446289063,10191499,430.5528253518124,449.5710763791123,55.48811014178035,17.008488618790008,479.0066528320313,25778250.15,False,False,True,False,1,-0.07161885539647139
2020-11-05,448.5779418945313,453.38763427734375,444.259033203125,448.8724060058594,9407770,432.2975473188645,449.5436775409455,57.17876166364085,16.44563950846349,479.0066528320313,25768148.4,False,False,True,False,1,-0.06290987118447977
2020-11-06,448.5779418945313,451.8662109375,440.47998046875,441.6087951660156,12195207,433.18433282811696,449.23250568310516,53.377199853426426,16.084253148483956,479.0066528320313,25387605.15,False,False,True,False,1,-0.07807377506117774
2020-11-09,447.8908386230469,466.0008239746094,444.2099609375,463.1051940917969,24953555,436.03393866275314,449.77653267952445,61.529078844724744,16.677665695634655,479.0066528320313,24949934.75,False,False,True,True,2,-0.03319673880565166
2020-11-10,465.2646484375,465.4118957519531,456.4305114746094,457.8047180175781,9800899,438.10734622035557,450.0913634770952,58.79907226735619,16.127931308613878,479.0066528320313,25481282.15,False,False,True,False,1,-0.044262297170824194
2020-11-11,459.3261413574219,472.4791870117188,455.4980163574219,469.7798767089844,16032885,441.1237776954631,450.86346203520844,62.81346681585566,16.188876976162668,479.0066528320313,24556161.45,False,False,True,False,1,-0.019262313098357686
2020-11-12,468.0621337890625,474.2951049804688,466.2953186035156,471.0068359375,14785276,443.9697832423238,451.6533982666709,63.20900474268554,15.60394193336199,479.0066528320313,24639078.35,False,False,True,False,1,-0.016700847153654275
2020-11-13,468.2093811035156,469.1909484863281,461.33837890625,466.9823913574219,8428163,446.16146020566646,452.2545352506219,60.920121168789414,15.179978726068276,479.0066528320313,23959432.75,False,False,True,False,1,-0.025102493678362037
2020-11-14,478.0250854492188,478.0250854492188,470.1725158691406,472.6264343261719,4014491,448.6819339314289,453.05343325358467,62.946599058702205,14.884458395048895,479.0066528320313,23191526.75,False,False,True,False,1,-0.013319686622592086
2020-11-17,481.8532104492188,485.8285827636719,472.3810424804688,475.6202392578125,19050384,451.24748681965593,453.9384060380642,64.01259860658809,14.781821387059908,479.0066528320313,22530377.75,False,False,True,False,1,-0.007069658749408458
2020-11-18,475.0312805175781,476.06195068359375,462.4180908203125,469.5835571289063,10504589,452.99377923006074,454.55194137496,60.248714671664914,14.70053842107572,485.8285827636719,22163135.05,False,False,True,False,1,-0.03343777252123481
2020-11-19,467.227783203125,472.5773620605469,458.3936462402344,459.91510009765625,11541941,453.65295264602224,454.76226132486966,54.70105264012251,14.663622521021205,485.8285827636719,21491904.55,False,False,True,False,1,-0.053338736306136725
2020-11-20,461.82916259765625,476.9944152832031,456.7740783691406,474.785888671875,12090462,455.665613219913,455.54750161298756,60.69570174736794,15.060530691952726,485.8285827636719,20718274.05,True,False,True,False,1,-0.022729609750376745
2020-11-23,477.7796936035156,477.7796936035156,466.3443908691406,468.4547729492188,10193531,456.88362843222785,456.0536691163692,57.22368045486819,14.801585837840031,485.8285827636719,20397183.6,True,False,True,False,1,-0.03576119320856108
2020-11-24,469.5835571289063,472.3810424804688,462.5162658691406,465.5100402832031,9346208,457.7051914656541,456.4245072013431,55.62970544301057,14.4489566073749,485.8285827636719,20309010.35,True,False,True,False,1,-0.0418224517892406
2020-11-25,467.7185974121094,469.0927734375,450.1975402832031,455.5470886230469,14497115,457.49965786159623,456.3900986296452,50.503949793435666,14.766547789297897,485.8285827636719,20125264.3,True,False,True,False,1,-0.06232958540307876
2020-11-26,460.0623168945313,460.9948120117188,451.6208190917969,459.7678527832031,11535113,457.7156764255588,456.5225595768436,52.50071039723393,14.381365298628186,485.8285827636719,14554833.55,True,False,True,False,1,-0.0536418212206049
2020-11-27,459.6697082519531,463.9395446777344,453.4858093261719,454.7127685546875,18491882,457.42968519976154,456.4515873798963,49.904060869124365,14.100820302409208,485.8285827636719,13854722.2,True,False,False,True,1,-0.0640468990769949
2020-12-01,459.12982177734375,473.6080017089844,452.0134582519531,470.6142272949219,18534936,458.68535587549104,457.0069850236228,57.09306740416942,14.636086242025067,485.8285827636719,13605119.9,True,False,True,True,2,-0.031316303751010355
2020-12-02,472.1356506347656,478.9084777832031,465.313720703125,475.9637756347656,20948620,460.33091966208866,457.75038857700093,59.21360747390791,14.561705587600287,485.8285827636719,13096687.8,True,False,True,True,2,-0.020305118881210227
2020-12-03,478.1232299804688,480.1354675292969,465.2646484375,471.0559387207031,20094168,461.3523500486234,458.2721748571461,56.456881546006734,14.583785123614328,485.8285827636719,13327226.3,True,False,True,True,2,-0.03040711182313205
2020-12-04,477.8778381347656,488.62603759765625,474.4914245605469,484.6506958007813,31622330,463.5712401202575,459.30662665885734,61.76670209135949,14.797093248852814,485.8285827636719,13822359.75,True,False,True,True,2,-0.002424490869166407
2020-12-07,488.8223571777344,501.0920104980469,485.4850158691406,499.570556640625,22541162,466.9997464555306,460.8856043052012,66.5829266764259,14.914537638025154,488.62603759765625,14933087.75,True,True,True,True,2,0.022398558817654957
2020-12-08,504.5274963378906,506.7360229492188,490.4419555664063,494.3191528320313,19661141,469.601594681864,462.196723855273,63.548573677465534,15.013075476938536,501.0920104980469,15450385.5,True,False,True,True,2,-0.013516195676885556
2020-12-09,495.59521484375,497.558349609375,489.902099609375,493.779296875,11826802,471.9042329859722,463.43525613055635,63.22955909038813,14.487587942871498,506.7360229492188,15185764.8,True,False,True,False,1,-0.025568985600846528
2020-12-10,492.2578430175781,499.3742370605469,484.9942321777344,495.8406066894531,13441906,474.18388762439895,464.7060541916896,63.97322886655228,14.47990343858157,506.7360229492188,15287059.95,True,False,True,False,1,-0.02150116780005895
2020-12-11,499.12884521484375,499.12884521484375,488.13525390625,495.1044006347656,14019094,476.17631743491006,465.89814620906515,63.479424335230696,14.23088114358244,506.7360229492188,15157511.0,True,False,True,False,1,-0.022954007190483128
2020-12-14,497.656494140625,502.5643615722656,491.914306640625,493.779296875,14147649,477.8527916672996,466.9915246665528,62.54364134402115,13.975107842729454,506.7360229492188,15119201.9,True,False,True,False,1,-0.025568985600846528
2020-12-15,496.5276794433594,497.4601745605469,488.9205322265625,494.9081115722656,13320211,479.4771078487249,468.08629278050233,63.043435543729174,13.58686030639052,506.7360229492188,15405176.2,True,False,True,False,1,-0.023341366789190077
2020-12-16,494.9081115722656,509.2390441894531,492.8468017578125,506.68695068359375,17707777,482.0685214520458,469.60004407081965,67.86230247201306,13.787244743908385,506.7360229492188,15870462.2,True,False,True,True,2,-9.683989967690376e-05
2020-12-17,507.4721984863281,512.870849609375,502.5643615722656,505.6072387695313,20023766,484.3103040537111,471.0120909217495,66.99988511779648,13.538619264851313,509.2390441894531,15803331.85,True,False,True,True,2,-0.007131828286463193
2020-12-18,504.4293518066406,505.4109191894531,495.742431640625,501.2392272949219,11000487,485.92258245763594,472.19746881873664,63.484927560882376,13.276204112283814,512.870849609375,16279290.7,True,False,True,False,1,-0.02267943737358491
2020-12-21,498.1472778320313,501.7790832519531,471.3013305664063,481.8532104492188,15539470,485.53502321873907,472.57612535326535,50.75761445329348,14.50488615323117,512.870849609375,16252218.0,True,False,True,False,1,-0.06047845999393531
2020-12-22,484.8960876464844,495.693359375,476.601806640625,491.0799865722656,21632475,486.063114966694,473.30176696969676,55.34612115584951,14.832505194741444,512.870849609375,16424668.4,True,False,True,True,2,-0.04248801243764633
2020-12-23,491.0799865722656,500.11041259765625,489.2149963378906,497.8528137207031,13326963,487.18594341945675,474.26455311679507,58.409699801335165,14.551284556528886,512.870849609375,16996615.6,True,False,True,False,1,-0.029282295728272123
2020-12-24,510.41693115234375,513.3616333007812,501.04290771484375,507.7666931152344,21241048,489.1460148190546,475.5783625284986,62.46872278619755,14.619679915353831,512.870849609375,17195653.35,True,False,True,True,2,-0.00995212829512182
2020-12-28,510.51507568359375,517.2879028320312,507.07958984375,511.9874267578125,13124256,491.32138738465056,477.00616896886385,64.07618546744682,14.30458227770579,513.3616333007812,17532850.0,True,False,True,False,1,-0.002676878157280571
2020-12-29,513.3616333007812,515.2756958007812,505.6072387695313,510.6623229980469,11457626,493.16338125259307,478.3260181464789,63.1615522429166,13.973430474387516,517.2879028320312,17612307.15,True,False,True,False,1,-0.012808302296865803
2020-12-30,513.7542724609375,513.7542724609375,503.8403930664063,506.6378784179688,10691466,494.4466666969146,479.43628717673334,60.34429013128191,13.683462540112066,517.2879028320312,17260594.35,True,False,True,False,1,-0.02058819538550205
2020-12-31,507.57037353515625,508.8954772949219,496.9693908691406,500.3067321777344,15816475,495.0047681712784,480.25473600030205,56.104600983608236,13.557935674802723,517.2879028320312,16868420.85,True,False,True,False,1,-0.03282731059692079
2021-01-01,502.8097534179688,506.8832702636719,498.8343811035156,505.65631103515625,10377082,496.019200824981,481.25087619774735,58.74229737901355,13.164432352327974,517.2879028320312,16611813.6,True,False,True,False,1,-0.022485721651704482
2021-01-04,507.4721984863281,510.90771484375,502.1717224121094,507.57037353515625,13489114,497.11931251166436,482.28301334823396,59.67596225581633,12.848115215136021,517.2879028320312,16125959.3,True,False,True,False,1,-0.018785533633540963
2021-01-05,504.5274963378906,507.3740539550781,501.6809387207031,504.5274963378906,10689423,497.82485382844783,483.155346014495,57.450142045278746,12.351066615087243,517.2879028320312,15219298.5,True,False,True,False,1,-0.024667900455975
2021-01-06,505.5090637207031,521.9503784179688,503.6440734863281,515.6192626953125,30837593,499.51955943481585,484.42844078629184,62.88448576049768,12.77644078055534,517.2879028320312,14626711.55,True,False,True,True,2,-0.0032257474562682464
2021-01-07,522.19580078125,544.2320556640625,517.3860473632812,535.2015991210938,39444841,502.91784892874705,486.4195450347155,70.13622490121055,13.907608793997817,521.9503784179688,15185534.15,True,True,True,True,2,0.0253878936601013
2021-01-08,539.1769409179688,539.61865234375,527.3980712890625,530.2937622070312,14538362,505.5250787647741,488.1401025708847,66.62288302495858,13.787106812618509,544.2320556640625,16566436.1,True,False,True,False,1,-0.0256109380400682
2021-01-11,531.5206909179688,544.1339111328125,531.5206909179688,537.0665893554688,19892197,508.529032154364,490.0587883271429,68.93551604377632,13.790895534987277,544.2320556640625,16621258.9,True,False,True,True,2,-0.013166196724392787
2021-01-12,538.8825073242188,558.513916015625,534.9561767578125,555.3237915039062,25857074,512.9856759019394,492.6182002164278,74.1375828904323,14.488527229474792,544.2320556640625,16914914.05,True,True,True,True,2,0.02038052651328992
2021-01-13,577.1637573242188,590.6112670898438,556.55078125,567.5934448242188,85239439,518.1864157992993,495.5584058873216,76.9332240934694,15.974166397793558,558.513916015625,17500385.3,True,True,True,True,2,0.0162565847479077
2021-01-14,571.96142578125,574.022705078125,559.5445556640625,569.85107421875,16974338,523.1068594582946,498.47184386110314,77.4169506676462,15.867308041812768,590.6112670898438,21096346.7,True,False,True,False,1,-0.03515035020138846
2021-01-15,598.3165893554688,599.3963623046875,582.8568725585938,591.5437622070312,57451072,529.6246597200791,502.1217230119239,81.44366375067344,16.844306616393105,590.6112670898438,21059674.75,True,True,True,True,2,0.0015788644225875892
2021-01-18,591.5437622070312,591.8873291015625,573.2374877929688,576.1331176757812,21359539,534.0540366682412,505.02413064580065,71.66722254439443,16.97327338012172,599.3963623046875,22931040.05,True,False,True,False,1,-0.03881112080737148
2021-01-19,580.2066040039062,586.4395751953125,575.69140625,581.384521484375,11034273,538.5617018888254,508.01865577672515,72.86266844380495,16.528623063349634,599.3963623046875,23448992.65,True,False,True,False,1,-0.030049966855081878
2021-01-20,581.384521484375,591.3965454101562,578.1453247070312,585.16357421875,13333007,542.9999754440563,511.0439466960202,73.72193207032396,16.29452289476216,599.3963623046875,23223732.8,True,False,True,False,1,-0.02374520264222535
2021-01-21,589.18798828125,592.91796875,563.8143920898438,570.6362915039062,17380638,545.6320055449944,513.3809013943687,65.1781974112113,17.209455306576025,599.3963623046875,22808759.4,True,False,True,False,1,-0.047981723963419376
2021-01-22,573.1392822265625,574.7589111328125,562.1947631835938,566.21923828125,12662954,547.5926943770187,515.4529930369915,62.79526952475423,16.877647638193363,599.3963623046875,23011443.15,True,False,True,False,1,-0.05535089318171871
2021-01-25,568.32958984375,577.0165405273438,559.0537719726562,570.04736328125,12503932,549.7312342726598,517.5939487328449,64.02291423633719,16.955156275085802,599.3963623046875,22582538.45,True,False,True,False,1,-0.048964259493651574
2021-01-27,569.3111572265625,571.0289306640625,551.9864501953125,560.2807006835938,15567653,550.7359453594154,519.2679390054233,58.70103459961083,17.10425086034753,599.3963623046875,22551522.25,True,False,True,False,1,-0.0652584234423671
2021-01-28,556.0599975585938,565.2376708984375,552.3790893554688,560.37890625,15201598,551.6543225870901,520.8801337993283,58.738175518144295,16.800988766249045,599.3963623046875,22757023.6,True,False,True,False,1,-0.0650945826642404
2021-01-29,567.8388061523438,567.8388061523438,540.4530029296875,543.397705078125,25521965,550.8679780624267,521.7631758102615,50.31247305720379,17.5570469417067,599.3963623046875,22982530.2,True,False,True,True,2,-0.0934250868844897
2021-02-01,548.6981811523438,570.3909301757812,539.0787963867188,568.4768676757812,14212955,552.5450151684605,523.5950852951838,59.54269118025622,18.539553145089258,599.3963623046875,23467804.7,True,False,True,False,1,-0.05158438818350575
2021-02-02,574.120849609375,594.4884643554688,568.5750122070312,588.3045654296875,21711996,555.9506866219107,526.1327119671251,65.06772999345884,19.073270540417703,599.3963623046875,23659598.35,True,False,True,False,1,-0.018504945262516892
2021-02-03,598.1693725585938,611.0279541015625,588.4027099609375,597.6295166015625,30641248,559.9200990009251,528.9365082272992,67.3275750897077,19.333993264093227,599.3963623046875,24070742.45,True,False,True,True,2,-0.002947708418401862
2021-02-04,603.5679931640625,611.5187377929688,584.6727905273438,589.5315551757812,51976676,562.7402376842448,531.3127845782201,63.48654777785022,19.870561407059782,611.0279541015625,25068333.7,True,False,True,True,2,-0.03518071273414802
2021-02-05,592.6725463867188,594.73388671875,565.6303100585938,570.3909301757812,35465208,563.4688750643911,532.8452608761637,55.43622707636654,20.53006249656667,611.5187377929688,26125287.85,True,False,True,True,2,-0.06725518790417084
2021-02-08,578.1453247070312,592.5253295898438,573.924560546875,586.2923583984375,21646080,565.6425401438241,534.9412254848803,59.976774888933754,20.644657990673515,611.5187377929688,25926306.2,True,False,True,False,1,-0.04125201377405985
2021-02-09,587.8628540039062,596.5498046875,584.0347290039062,587.9119262695312,20927436,567.7634340605581,537.0185078685921,60.41911820442037,20.063973540167815,611.5187377929688,26281692.1,True,False,True,False,1,-0.038603578377069514
2021-02-10,593.8013916015625,596.5498046875,569.5565795898438,579.3231811523438,31642664,568.8643623550138,538.6775146640333,56.83192320542998,20.558920079988418,611.5187377929688,26333454.05,True,False,True,True,2,-0.05264852023475508
2021-02-11,581.0900268554688,592.4271850585938,578.1453247070312,587.07763671875,19253595,570.5989599134648,540.5755586661791,59.187924705152284,20.11055867081514,611.5187377929688,26622733.55,True,False,True,False,1,-0.03996786944326369
2021-02-12,586.8322143554688,586.8322143554688,573.826416015625,575.4459838867188,15905053,571.0605812442508,541.9430263218866,54.39250396733982,19.620605958837274,611.5187377929688,23323441.35,True,False,True,False,1,-0.058988795725933296
2021-02-15,581.1881713867188,591.8873291015625,579.1268920898438,582.7587280273438,17972742,572.1746904616882,543.5436420750417,56.76420883732391,19.39351590569488,611.5187377929688,23269977.1,True,False,True,False,1,-0.04703046364437291
2021-02-16,584.0347290039062,590.5131225585938,582.0715942382812,583.0040893554688,15064854,573.2060617849054,545.0911105958428,56.845298026279245,18.611231078167567,611.5187377929688,21296060.6,True,False,True,False,1,-0.04662923092170845
2021-02-17,585.9487915039062,587.7647094726562,579.1759643554688,582.9059448242188,16436661,574.1298601696019,546.5740452714654,56.79940908495556,17.89533922381185,611.5187377929688,20981326.35,True,False,True,False,1,-0.04678972401077419
2021-02-18,585.9978637695312,586.9794311523438,574.4153442382812,578.1943969726562,22193564,574.5169589127499,547.8140590636689,54.52387981040895,17.514535487401183,611.5187377929688,21251445.75,True,False,True,True,2,-0.05449439037728154
2021-02-19,579.1268920898438,585.0162963867188,564.8941040039062,570.6362915039062,19465126,574.1473715404791,548.7090485711292,50.99451842818506,17.700796694216276,611.5187377929688,21694473.6,True,False,True,False,1,-0.06685395518150639
2021-02-22,571.2743530273438,574.120849609375,557.5323486328125,559.7899169921875,20227667,572.7799949168323,549.1435924307785,46.357044813807235,17.62134700009815,611.5187377929688,21798698.0,True,False,False,False,0,-0.08459073713337983
2021-02-23,564.4033203125,566.366455078125,553.6060180664062,555.1275024414062,23764401,571.0988051572679,549.3782555684503,44.48431205157701,17.274139143785337,611.5187377929688,22176933.65,True,False,False,True,1,-0.09221505714621925
2021-02-24,557.6304931640625,563.5198974609375,554.783935546875,562.39111328125,8888950,570.2695011690756,549.8885637140503,48.00819387956834,16.664269341662276,611.5187377929688,22739957.1,True,False,False,False,0,-0.08033707141832669
2021-02-25,569.2130126953125,573.67919921875,566.41552734375,568.4768676757812,16230241,570.0987741697143,550.6175168105888,50.82462924933468,16.28025624136497,611.5187377929688,22406021.95,True,False,True,False,1,-0.07038520237749357
2021-02-26,563.9125366210938,575.1515502929688,541.581787109375,546.0479736328125,198547005,567.8082217376283,550.4383190389113,41.8308930821211,17.51522102295274,611.5187377929688,22457454.1,True,False,False,True,1,-0.10706256425836869
2021-03-01,547.7166137695312,548.7963256835938,511.39849853515625,522.39208984375,55091122,563.4828758429732,549.3384669136109,34.830242194790955,18.93540717477308,611.5187377929688,31108706.1,True,False,False,True,1,-0.14574638917997118
2021-03-02,530.5391235351562,533.974609375,519.1038208007812,531.2262573242188,30622757,560.4108169364251,548.6281841846151,38.93993783505766,18.645077274733485,611.5187377929688,33152614.45,True,False,False,False,0,-0.1313001147904862
2021-03-03,538.6370849609375,540.6002197265625,530.04833984375,536.2322387695312,24669015,558.1080952062448,548.1420686781412,41.202651426013,18.066991746739127,611.5187377929688,33598152.5,True,False,False,False,0,-0.12311396915678152
2021-03-04,530.04833984375,535.937744140625,528.085205078125,529.6557006835938,17678275,555.3983433469447,547.4171130705118,39.150082219573925,17.35842331421535,611.5187377929688,33299540.85,True,False,False,False,0,-0.13386840345207862
2021-03-05,525.1405029296875,528.5759887695312,514.73583984375,522.9810180664062,16658703,552.3109790345125,546.4588348350568,37.12847084933965,17.184240280331665,596.5498046875,31584620.8,True,False,False,False,0,-0.12332379634192059
2021-03-08,521.2142333984375,525.5822143554688,515.0794067382812,516.0119018554688,15293359,548.8539240650797,545.2648374633083,35.09099510498055,16.706995090107082,596.5498046875,30644295.55,True,False,False,False,0,-0.13500616746362137
2021-03-09,520.330810546875,522.19580078125,504.8219604492188,512.1346435546875,20181762,545.3568497307566,543.9656141727742,33.97396885304397,16.754626893101662,596.5498046875,30326659.5,True,False,False,False,0,-0.14150563870695254
2021-03-10,510.6132507324219,520.723388671875,506.8341979980469,516.1591186523438,19013738,542.5761134375745,542.8751633680514,36.24261814525171,16.549952877439267,596.5498046875,30289375.8,False,False,False,False,0,-0.1347593870678887
2021-03-12,520.7725219726562,522.9319458007812,511.9383544921875,514.5394897460938,11624491,539.9059588002906,541.7639604809158,35.71082466437046,16.153069908236017,592.4271850585938,29657929.5,False,False,False,False,0,-0.1314721830410206
2021-03-15,518.0731811523438,518.0731811523438,506.8832702636719,513.2144165039062,10875944,537.3639071530158,540.644370521033,35.255046219232156,15.798558549695722,591.8873291015625,29276474.3,False,False,False,False,0,-0.1329187308623001
2021-03-16,514.3432006835938,523.9135131835938,514.3432006835938,519.5455322265625,13252045,535.6669190647822,539.8169650977204,39.24494063954719,15.434311273266564,591.8873291015625,29025018.85,False,False,False,False,0,-0.12222224284613259
2021-03-17,519.0547485351562,521.2142333984375,509.4353637695313,513.2634887695312,8482758,533.533259036663,538.7756523005365,36.82029586744199,15.173208298669394,590.5131225585938,28788984.0,False,False,False,False,0,-0.13081781054136932
2021-03-18,520.0853881835938,522.39208984375,505.8526306152344,517.4842529296875,12465338,532.0047822645702,537.9406954624641,39.523780537863416,15.270797650801267,587.7647094726562,28459879.2,False,False,False,False,0,-0.11957243333990664
2021-03-19,518.2694702148438,524.8950805664062,515.8155517578125,520.1835327148438,49597558,530.87894897412,537.2443361390281,41.25502557760661,14.82856416207216,586.9794311523438,28261313.05,False,False,False,True,1,-0.11379597800619334
2021-03-22,523.2264404296875,524.158935546875,513.3616333007812,518.2694702148438,13581706,529.6780462351413,536.5002237498444,40.37244999349409,14.540616882359418,585.0162963867188,29631512.75,False,False,False,False,0,-0.11409396043174957
2021-03-23,519.9381713867188,522.637451171875,512.5272827148438,519.4964599609375,15239339,528.7083713518838,535.8334094836127,41.24025953134079,14.224156280550263,575.1515502929688,29337341.75,False,False,False,False,0,-0.09676595725714698
2021-03-24,518.2694702148438,523.6190795898438,511.8892822265625,513.9996337890625,10801499,527.3075392030437,534.9771829857873,38.53453645201538,14.04598778645962,575.1515502929688,29087925.35,False,False,False,False,0,-0.10632313600260124
2021-03-25,513.7542724609375,513.9996337890625,490.3437805175781,498.3926696777344,17572322,524.5537421053951,533.5424961893931,32.09579229218042,14.732406749675674,575.1515502929688,28439780.25,False,False,False,False,0,-0.13345853032324295
2021-03-26,502.6625061035156,515.2266235351562,501.1901550292969,512.870849609375,11148490,523.4410856772028,532.7318433823336,41.809467588381445,14.88251725737183,575.1515502929688,28873948.85,False,False,False,False,0,-0.10828572165348316
2021-03-30,518.0731811523438,518.1713256835938,506.7360229492188,511.8892822265625,10691124,522.3409139199989,531.9144880428917,41.37731212940492,14.63628764858634,575.1515502929688,28619861.3,False,False,False,False,0,-0.10999234555515314
2021-03-31,512.7236328125,516.2081909179688,506.7360229492188,507.7666931152344,7712521,520.9528928909738,530.9675156927874,39.52924191082436,14.267421957169454,548.7963256835938,19227067.25,False,False,False,False,0,-0.07476295056686444
2021-04-01,510.3678283691406,514.2450561523438,505.0673522949219,511.2021789550781,7111516,520.0242534685076,530.1924044481714,41.859673990786774,13.903870664330341,540.6002197265625,16858137.2,False,False,False,False,0,-0.05438037148108077
2021-04-05,511.2021789550781,519.2510375976562,505.1164245605469,518.514892578125,9376649,519.8805048122807,529.7344628062087,46.578981605129414,13.920352262385986,540.6002197265625,15682575.15,False,False,False,False,0,-0.040853344750041654
2021-04-06,518.76025390625,527.93798828125,514.883056640625,522.39208984375,13115141,520.1197033867063,529.4465266116025,48.94523432475617,13.858536503688773,535.937744140625,14917956.85,False,False,False,False,0,-0.025274678719625188
2021-04-07,527.1036376953125,536.8211669921875,525.3858642578125,531.6188354492188,21391503,521.2148588212312,529.5317151934698,54.15002640715755,13.89928940688511,528.5759887695312,14689800.15,False,True,True,True,2,0.0057566872963166205
2021-04-08,536.7230224609375,538.4407958984375,530.5391235351562,532.9930419921875,11367448,522.3365905517985,529.6674534993019,54.8876765689181,13.470888189484835,536.8211669921875,14926440.15,False,False,True,False,1,-0.007131099210280767
2021-04-09,529.5575561523438,539.61865234375,526.6128540039062,535.2015991210938,11641539,523.5618294631599,529.8844788178036,56.10981410072041,13.437667485939045,538.4407958984375,14730144.6,False,False,True,False,1,-0.006015882901181047
2021-04-12,527.6434936523438,528.9195556640625,508.944580078125,512.82177734375,9869735,522.5389673565495,529.2153532698015,43.306767551523336,14.35333545429831,539.61865234375,14303133.45,False,False,False,False,0,-0.0496589116844125
2021-04-13,516.698974609375,530.04833984375,513.4597778320312,526.269287109375,6657701,522.8942359044377,529.0998212635103,50.60075093795411,14.558565957562717,539.61865234375,13845933.3,False,False,True,False,1,-0.024738517055320597
2021-04-15,530.04833984375,536.0850219726562,520.47802734375,529.4103393554688,9989813,523.5148171854883,529.1119984435871,52.14935129553807,14.63345371980154,539.61865234375,13597593.8,False,False,True,False,1,-0.018917642939032975
2021-04-16,530.097412109375,534.1218872070312,528.085205078125,530.7845458984375,6273393,524.2071723010072,529.1775885398558,52.84581863128436,14.019398606166163,539.61865234375,13553287.25,False,False,True,False,1,-0.01637101758240367
2021-04-19,522.441162109375,525.1405029296875,513.6070556640625,516.748046875,7368743,523.4967794032922,528.6901555333909,45.552624150556014,14.244976579609652,539.61865234375,13204354.65,False,False,False,False,0,-0.04238290387001087
2021-04-20,519.2510375976562,527.1036376953125,516.2081909179688,520.428955078125,7369109,523.2046056580382,528.3661868880864,47.5951135873582,14.005724450876373,539.61865234375,13148653.9,False,False,False,False,0,-0.035561589990037445
2021-04-22,520.2326049804688,523.5699462890625,516.3554077148438,521.0669555664062,6675147,523.0010199350256,528.0799425225304,47.95951071468457,13.520639745400828,539.61865234375,12893842.45,False,False,False,False,0,-0.03437927265258034
2021-04-23,519.2510375976562,522.637451171875,509.5335083007813,512.968994140625,7123670,522.0455889069874,527.4873563114752,43.796723972230005,13.49087568295032,539.61865234375,10747721.9,False,False,False,False,0,-0.04938609532375571
2021-04-26,513.1162719726562,518.76025390625,513.1162719726562,517.8277587890625,5929161,521.6438908005184,527.1085485654983,46.78146839311021,12.940903117427084,539.61865234375,10424820.1,False,False,False,False,0,-0.04038202434263927
2021-04-27,517.7296142578125,528.6250610351562,516.5517578125,524.453369140625,9875033,521.9114601662429,527.0044238821699,50.6316304903704,12.878931696372025,539.61865234375,9959311.2,False,False,True,False,1,-0.02810370460186451
2021-04-28,526.072998046875,537.9009399414062,525.7294311523438,534.2691040039062,12195400,523.0883786269728,527.2893132987086,55.74028307632551,12.919548775258399,539.61865234375,9912987.9,False,False,True,True,2,-0.009913571957916645
2021-04-29,539.569580078125,539.8640747070312,529.1649169921875,530.8826904296875,8846896,523.8306940367552,527.4302300489431,53.67659340001883,12.76094941380021,539.61865234375,9644141.8,False,False,True,False,1,-0.016189140008632363
2021-04-30,523.6681518554688,536.9193115234375,523.6681518554688,526.8582153320312,8331737,524.11902939821,527.4077980992604,51.248260189537156,12.795964431955108,539.8640747070312,9529062.1,False,False,True,False,1,-0.024090988795759216
2021-05-03,520.2326049804688,552.1336669921875,519.3001098632812,548.5509643554688,14556346,526.4458803465204,528.2369418740136,61.38816367267625,14.227221053165906,539.8640747070312,9411092.75,False,True,True,True,2,0.01609088297485184
2021-05-04,555.5200805664062,555.5200805664062,536.6248779296875,542.2689208984375,14196229,527.9528365895601,528.787215561246,57.648740996585346,14.560648309133967,552.1336669921875,9753284.0,False,False,True,True,2,-0.01786659043540917
2021-05-05,546.6369018554688,554.5385131835938,543.7903442382812,549.6306762695312,12095639,530.0173927495574,529.6046061772572,60.672074665160736,14.397001450278417,555.5200805664062,10107519.65,True,False,True,True,2,-0.010601604699636002
2021-05-06,549.6306762695312,553.9986572265625,542.4161376953125,548.4528198242188,9169742,531.773147709049,530.3437518104714,59.93485840922421,14.195967027490672,555.5200805664062,10243469.15,True,False,True,False,1,-0.012721881691444392
2021-05-07,550.857666015625,562.342041015625,546.6369018554688,558.0231323242188,12894499,534.2731462438271,531.4292177129713,63.78529077633049,14.303765036966785,555.5200805664062,10046199.2,True,True,True,True,2,0.004505780880612598
2021-05-10,561.4586181640625,566.366455078125,558.612060546875,561.9984741210938,8365615,536.9136536607097,532.6280120819173,65.27801770672244,13.87801915960532,562.342041015625,9621349.0,True,False,True,False,1,-0.0006109571568057026
2021-05-11,555.0784301757812,564.256103515625,553.6551513671875,557.9249877929688,8033470,538.9147331018772,533.6200503450958,62.438001422097585,13.643942944521905,566.366455078125,9471257.35,True,False,True,False,1,-0.014904603211346346
2021-05-12,557.5323486328125,558.6611328125,547.9129638671875,551.3975219726562,6815070,540.1035701371895,534.3172060951962,58.077608517606755,13.437101944578377,566.366455078125,9290853.9,True,False,True,False,1,-0.026429766401691146
2021-05-14,553.6060180664062,558.857421875,545.9006958007812,550.0723876953125,7697716,541.0529813332013,534.9350563540243,57.20422557351776,13.402789382409832,566.366455078125,9138120.65,True,False,True,False,1,-0.028769478200408094
2021-05-17,553.5569458007812,553.5569458007812,535.741455078125,539.5205078125,13677009,540.9070314740869,535.1148779798468,50.6699014206966,13.717982335284576,566.366455078125,9190121.4,True,False,True,True,2,-0.04740031303923509
2021-05-18,537.4100952148438,542.7106323242188,524.6987915039062,526.4656372070312,34968901,539.5316605915102,534.7756920671875,43.97685083757002,14.024686512786571,566.366455078125,9374481.2,True,False,False,True,1,-0.0704505316537326
2021-05-19,527.987060546875,530.5881958007812,516.502685546875,518.4658203125,19583966,537.5253900887474,534.1360892532782,40.45076451277894,14.029031065723691,566.366455078125,10809256.6,True,False,False,True,1,-0.08457533869836542
2021-05-20,521.2142333984375,521.2142333984375,510.41693115234375,511.054931640625,14036583,535.004394046069,533.230945817488,37.45470701300545,13.798193292892982,566.366455078125,11420017.75,True,False,False,True,1,-0.09766030975452156
2021-05-21,513.6070556640625,523.4718017578125,512.3800659179688,521.1651000976562,10492773,533.6863660509821,532.7577753971025,43.59276526463071,13.699527351771163,566.366455078125,11753391.45,True,False,False,False,0,-0.07980937884860018
2021-05-24,521.2142333984375,523.1773681640625,516.3063354492188,517.0916137695312,6386039,532.1059134527486,532.1434161175899,41.81230203979921,13.211777734847777,566.366455078125,11944272.75,False,False,False,False,0,-0.08700169451560602
2021-05-25,520.1344604492188,521.0178833007812,514.833984375,516.4044799804688,9412913,530.610538836341,531.526202935742,41.50435785084482,12.709786391343027,566.366455078125,11907391.2,False,False,False,False,0,-0.08821492630732242
2021-05-26,519.2510375976562,521.0178833007812,515.3247680664062,516.0609741210938,6908901,529.2248660063175,530.9197233743834,41.34044214085076,12.208595594416739,566.366455078125,12081578.8,False,False,False,False,0,-0.08882143443698842
2021-05-27,516.4044799804688,517.2879028320312,509.140869140625,510.2206115722656,22783169,527.4149370125982,530.1079934997905,38.55258374501126,11.918484029915989,566.366455078125,11933272.2,False,False,False,True,1,-0.09913341971871303
2021-05-28,512.6254272460938,518.76025390625,510.8095397949219,513.9505615234375,10248988,526.1326155374401,529.4743687164041,41.276270168380364,11.677138194492303,566.366455078125,12462660.65,False,False,False,False,0,-0.09254766606446918
2021-05-31,515.8155517578125,526.1220703125,515.4229125976562,525.0423583984375,12803471,526.0287815242018,529.3005643902094,48.57594310456714,11.712450379818746,566.366455078125,12532765.25,False,False,False,True,1,-0.07296353148949686
2021-06-01,527.5453491210938,528.4778442382812,520.527099609375,523.0791625976562,8435896,525.7478654359594,529.056587849325,47.45162993745955,11.443757111896426,566.366455078125,12756351.95,False,False,False,False,0,-0.07642983106140644
2021-06-02,520.1344604492188,524.7478637695312,518.2694702148438,519.7418212890625,10567595,525.1758612314931,528.6913028861774,45.522702958284285,11.089088286381502,566.366455078125,12450329.45,False,False,False,False,0,-0.08232237868436443
2021-06-03,520.2326049804688,523.5699462890625,518.76025390625,522.244873046875,6290021,524.8967194996246,528.4385017160087,47.25452687976763,10.640560007555145,566.366455078125,12268897.75,False,False,False,False,0,-0.07790288714250182
2021-06-04,524.10986328125,525.9257202148438,521.4105224609375,522.8828735351562,4878809,524.7049246458657,528.2206339442105,47.71081162363989,10.203034132294508,566.366455078125,11978616.85,False,False,False,False,0,-0.07677640713550138
2021-06-07,524.158935546875,531.0299072265625,523.1773681640625,526.5637817382812,9674473,524.8819586546672,528.1556593478996,50.377941658369046,10.056176957945347,566.366455078125,11764070.2,False,False,True,False,1,-0.07027724361668519
2021-06-08,528.183349609375,537.9009399414062,524.158935546875,536.7230224609375,12822963,526.0096790171691,528.4916343719403,56.91064882964071,10.31945034627291,566.366455078125,11603068.9,False,False,True,True,2,-0.05233966869224005
2021-06-09,539.765869140625,541.33642578125,525.4840087890625,530.04833984375,12674395,526.3943133816053,528.5526816453447,52.06125861615837,10.714662249552523,564.256103515625,11825936.3,False,False,True,True,2,-0.06062453460182682
2021-06-10,533.87646484375,537.753662109375,530.3919067382812,535.1034545898438,7018193,527.2237554014376,528.8095747019918,55.176451293911335,10.499709393557701,558.857421875,12057982.55,False,False,True,False,1,-0.04250452146713968
2021-06-11,535.4469604492188,539.61865234375,530.097412109375,530.8826904296875,7777365,527.5722254041282,528.8908733579799,52.13042066052942,10.429818739330365,558.857421875,12068138.7,False,False,True,False,1,-0.050057009803064934
2021-06-14,530.8826904296875,530.8826904296875,519.5455322265625,529.4103393554688,5714387,527.7472838756844,528.9112445735677,51.07125950509724,10.494628701029983,553.5569458007812,12072121.15,False,False,True,False,1,-0.04362081738561108
2021-06-15,531.0299072265625,533.631103515625,528.4778442382812,532.5022583007812,7264778,528.2001385828365,529.0520686413016,53.22070243048397,10.113102313623823,542.7106323242188,11673990.05,False,False,True,False,1,-0.01880997610037416
2021-06-16,533.7783203125,533.7783203125,525.0423583984375,526.8582153320312,10045600,528.0723363684741,528.966035178193,48.98996650627897,10.014735142226586,541.33642578125,10288783.9,False,False,False,False,0,-0.026745309865900846
2021-06-17,529.5575561523438,531.2753295898438,517.3369750976562,518.9075317382812,10214732,527.1994978322653,528.5715840629024,43.71776382094826,10.294993667223794,541.33642578125,9811865.6,False,False,False,True,1,-0.041432449350881306
2021-06-18,521.6068115234375,531.913330078125,509.4353637695313,528.8213500976562,15000348,527.3539599527787,528.5813788093633,50.8242814863307,11.165205998750215,541.33642578125,9620773.05,False,False,True,True,2,-0.023118850104225208
2021-06-21,525.1405029296875,531.913330078125,523.1773681640625,529.6557006835938,5742834,527.5731733557135,528.623509078941,51.38068090696563,10.991688564129664,541.33642578125,9846151.8,False,False,True,False,1,-0.021577570880804475
2021-06-22,537.9500122070312,538.8825073242188,525.6312866210938,526.5147094726562,9114558,527.4723672716128,528.5408110551651,49.12716569924366,11.153083716915045,541.33642578125,9813991.55,False,False,False,False,0,-0.027379861399873917
2021-06-23,528.085205078125,529.2630615234375,522.8828735351562,524.2080078125,4767421,527.1614758945544,528.3708972025116,47.48020728047683,10.812162593441204,541.33642578125,9799073.8,False,False,False,False,0,-0.031640985444551406
2021-06-24,525.1405029296875,525.5822143554688,517.6805419921875,519.0056762695312,6419922,526.3847330731237,528.0036336365124,43.90526670957552,10.604270434144066,541.33642578125,9691999.8,False,False,False,False,0,-0.041251148912603286
2021-06-25,521.5086669921875,526.02392578125,519.5946044921875,525.2386474609375,5504204,526.2755820624393,527.8952028060977,48.87227063054528,10.348126082542258,541.33642578125,8873837.45,False,False,False,False,0,-0.02973710534457452
2021-06-28,527.1036376953125,527.1036376953125,520.67431640625,521.4105224609375,5265796,525.8122430527725,527.6409016160915,46.168358799972374,10.068211454436563,541.33642578125,8636598.25,False,False,False,False,0,-0.03680872442964778
2021-06-29,521.4595947265625,522.441162109375,514.3432006835938,515.2756958007812,8713975,524.8087623621067,527.1559915841185,42.14425428457289,9.927479309532613,541.33642578125,8259714.5,False,False,False,True,1,-0.04814146755939841
2021-06-30,517.2879028320312,520.625244140625,514.686767578125,515.9627685546875,5760552,523.9662867614,526.7170416613957,42.746140911637525,9.642550541887427,541.33642578125,8273618.45,False,False,False,False,0,-0.04687225174242349
2021-07-01,519.2510375976562,521.2142333984375,512.3800659179688,513.01806640625,6575188,522.9235991085286,526.1798269455077,40.787655801988805,9.584808894643237,541.33642578125,8033266.3,False,False,False,False,0,-0.05231194138493689
2021-07-02,515.9136962890625,523.1773681640625,510.41693115234375,515.3247680664062,13309063,522.1999009140408,525.7541383620135,42.99109366927474,9.811639474434344,541.33642578125,8047524.65,False,False,False,True,1,-0.0480508173402594
2021-07-05,518.2694702148438,518.76025390625,513.6561279296875,514.2941284179688,6373586,521.4469702001292,525.3047262073451,42.234853663274684,9.475388510300641,541.33642578125,8469037.35,False,False,False,False,0,-0.049954697440236284
2021-07-06,513.8524169921875,517.9750366210938,511.4966430664063,516.4044799804688,10494366,520.9667330363519,524.9556969435461,44.39186358965739,9.261317442042555,541.33642578125,8303993.0,False,False,False,True,1,-0.046056287021143616
2021-07-07,513.5579223632812,520.8215942382812,513.5579223632812,519.8400268554688,6669192,520.8594276857916,524.7550824302882,47.80859622208029,9.118628472968087,541.33642578125,8187563.15,False,False,False,False,0,-0.03970986968918244
2021-07-08,520.2326049804688,522.9810180664062,513.9014892578125,515.6192626953125,5400962,520.3603643533651,524.3968149897009,44.214289032013504,9.115835639798492,539.61865234375,7887303.0,False,False,False,False,0,-0.04447472218426818
2021-07-09,515.8155517578125,527.5944213867188,513.3616333007812,526.367431640625,7303645,520.9324659997708,524.474094074051,53.74992608228789,9.481332243094137,539.61865234375,7806441.45,False,False,True,False,1,-0.024556639481549403
2021-07-12,529.0177001953125,529.0177001953125,518.9075317382812,519.8890991210938,8932790,520.8330977256111,524.2942903504056,48.381805685270116,9.526249115518217,538.8825073242188,7782755.45,False,False,False,True,1,-0.035245917143303385
2021-07-13,523.7172241210938,525.6312866210938,518.4658203125,520.28173828125,8138019,520.7805873023386,524.1369353673015,48.71610878724118,9.357621772166471,538.8825073242188,7943675.6,False,False,False,True,1,-0.03451729976415363
2021-07-14,519.2510375976562,521.6068115234375,516.9443969726562,520.28173828125,6666859,520.7330778717587,523.9857511678484,48.716108787241176,9.022249827781812,538.8825073242188,7987337.65,False,False,False,False,0,-0.03451729976415363
2021-07-15,522.6865844726562,522.6865844726562,515.3247680664062,515.7664794921875,6886797,520.2600685022758,523.6634267884108,44.84274581124874,8.90364744052954,538.8825073242188,7818400.6,False,False,False,False,0,-0.042896229730692514
2021-07-16,517.2879028320312,533.3856811523438,516.2572631835938,531.1771240234375,11251138,521.2997880757198,523.9580815819412,57.31652861465859,9.526187027645733,538.8825073242188,7652003.85,False,False,True,True,2,-0.014298818751868114
2021-07-19,529.0667724609375,534.6617431640625,519.5455322265625,528.5269165039062,9130551,521.9880860212613,524.137251578881,55.01243474582642,9.92547444977818,538.8825073242188,7464543.35,False,False,True,True,2,-0.01921678785183145
2021-07-20,526.5637817382812,526.9072875976562,513.3616333007812,516.0609741210938,7646460,521.4235991736263,523.8205348158306,45.705286325996056,10.299746503588668,538.8825073242188,7633929.2,False,False,False,True,1,-0.042349738380716095
2021-07-22,521.3123779296875,537.9009399414062,513.9996337890625,536.6248779296875,20220601,522.8713400075369,524.3226659183348,58.25259073435203,11.271286478499745,534.6617431640625,7560524.3,False,True,True,True,2,0.0036717322507635597
2021-07-23,537.6064453125,550.3178100585938,522.9319458007812,538.1953735351562,33200836,524.330771772072,524.8666936680141,59.03127461556461,12.422327748450655,537.9009399414062,8333183.3,False,True,True,True,2,0.0005473751240927527
2021-07-26,534.9561767578125,543.6431274414062,532.109619140625,534.023681640625,5214592,525.2539060452675,525.2257912355675,56.041087321033864,12.358840645045698,550.3178100585938,9672229.0,True,False,True,False,1,-0.02960857911582737
2021-07-27,535.741455078125,535.741455078125,526.269287109375,530.5881958007812,5835018,525.7619336410307,525.4360816106739,53.63174356547321,12.152649739596006,550.3178100585938,9657748.4,True,False,True,False,1,-0.03585130972903061
2021-07-28,529.5575561523438,560.1825561523438,527.93798828125,557.4341430664062,32532037,528.7783345386855,526.6909075501144,65.95073617478262,13.587786748988702,550.3178100585938,9686209.5,True,True,True,True,2,0.012931315101458951
2021-07-29,563.5198974609375,566.072021484375,554.587646484375,556.697998046875,15844335,531.437350110894,527.8676561970462,65.43734379270512,13.437543052632366,560.1825561523438,10877112.6,True,False,True,True,2,-0.006220397381529907
2021-07-30,555.4710083007812,558.0231323242188,547.5203247070312,551.2993774414062,10125413,533.3289717614191,528.7865472262368,61.64726943415591,13.227919092957732,566.072021484375,11381301.75,True,False,True,False,1,-0.026096757095027234
2021-08-02,555.5692138671875,559.4464111328125,549.6797485351562,554.73486328125,6372299,535.367628096641,529.804128248002,63.11147935595386,12.980686486150484,566.072021484375,11558813.0,True,False,True,False,1,-0.020027766384560497
2021-08-03,557.5323486328125,571.2743530273438,551.7410888671875,569.5075073242188,21680353,538.6190451659342,531.3611235058929,68.65331270006695,13.448727748579467,566.072021484375,11211974.8,True,True,True,True,2,0.006068990710466737
2021-08-04,564.4033203125,576.0840454101562,559.7899169921875,563.8143920898438,21816567,541.0186020158303,532.6338007052635,64.62398681135264,13.651970653535844,571.2743530273438,11977313.15,True,False,True,True,2,-0.013058455885456066
2021-08-05,566.8572387695312,607.5924682617188,566.8572387695312,587.6665649414062,72423461,545.4612651515995,534.7919483223671,72.03056007417908,15.803835333417213,576.0840454101562,12543423.2,True,True,True,True,2,0.0201056072000807
2021-08-06,583.5439453125,605.5802612304688,577.654541015625,596.697021484375,29055626,550.3408609928161,537.2195982502891,74.23036021863203,16.669684253519108,607.5924682617188,15831136.65,True,False,True,True,2,-0.017932162339857283
2021-08-09,598.75830078125,601.4085693359375,586.5377807617188,588.2064208984375,10078649,553.9471047933515,539.219081491393,68.75494822025765,16.541191704997654,607.5924682617188,17013869.85,True,False,True,False,1,-0.03190633257641162
2021-08-10,591.10205078125,616.4265747070312,587.3720703125,610.7334594726562,34514358,559.3553290485233,542.023566902423,74.19382529234163,17.434999754250054,607.5924682617188,17152620.05,True,True,True,True,2,0.005169569036830968
2021-08-11,610.7334594726562,617.653564453125,602.39013671875,609.4083862304688,18731287,564.1222868753753,544.6661088368562,73.38462959344267,17.279887467116122,616.4265747070312,18431698.45,True,False,True,True,2,-0.011385278903489948
2021-08-12,611.5187377929688,617.3590698242188,605.6293334960938,611.6659545898438,8430316,568.6502552291341,547.293553768346,73.90678420446052,16.883448100045328,617.653564453125,18961361.85,True,False,True,False,1,-0.009694123385465603
2021-08-13,611.6659545898438,627.0275268554688,606.7090454101562,625.309814453125,21079044,574.0464037266571,550.3530149716706,76.86130160398258,17.128807624707267,617.653564453125,19049534.7,True,True,True,True,2,0.012395702770336747
2021-08-16,626.9784545898438,632.1317138671875,620.3528442382812,622.3651123046875,10506327,578.6481854959933,553.1770187886517,74.89036038155291,16.746669196435768,627.0275268554688,19759147.05,True,False,True,False,1,-0.0074357414165900915
2021-08-17,622.3651123046875,626.2423095703125,611.5187377929688,614.8070068359375,11311229,582.0918827664642,555.5938810650159,69.93349175049426,16.602162237929196,632.1317138671875,19721906.5,True,False,True,False,1,-0.027406799328675957
2021-08-18,614.3652954101562,622.3160400390625,609.4083862304688,611.4696655273438,7136872,584.889766838929,557.7850882988326,67.79955905500358,16.33826877869095,632.1317138671875,19830940.4,True,False,True,False,1,-0.03268630237429426
2021-08-20,608.083251953125,621.33447265625,595.8135986328125,602.39013671875,12770173,586.5564687322452,559.5343058839275,62.23562551451678,16.994169153315703,632.1317138671875,19805461.0,True,False,True,False,1,-0.04704965198864597
2021-08-23,607.0034790039062,618.8804931640625,596.4025268554688,611.1751708984375,12790616,588.9011070337873,561.5594378452807,65.21049641926552,17.385868950121278,632.1317138671875,19432939.6,True,False,True,False,1,-0.03315217779621327
2021-08-24,616.3775024414062,616.3775024414062,605.6784057617188,608.6721801757812,5885050,590.7840663806438,563.4069963680455,63.67152156214793,16.908242359376008,632.1317138671875,18412428.6,True,False,True,False,1,-0.03711178094180412
2021-08-25,610.8807373046875,610.8807373046875,599.7398681640625,601.1631469726562,8127668,591.7725502465498,564.887629725089,59.160688971699976,16.496287129465223,632.1317138671875,18445951.5,True,False,True,False,1,-0.048990686933068184
2021-08-26,598.75830078125,600.2306518554688,573.5319213867188,576.0840454101562,26316897,590.2784069287981,565.3267048499937,47.14696046336179,17.2916398763561,632.1317138671875,18560584.0,True,False,False,True,1,-0.08866454130919776
2021-08-27,577.9490356445312,594.2431030273438,574.2681274414062,584.1820068359375,16444274,589.6977973961447,566.0661284572856,50.63298073956781,17.48330671275477,632.1317138671875,18249827.0,True,False,True,False,1,-0.07585398102858731
2021-08-30,585.0162963867188,613.4818725585938,579.2250366210938,609.0157470703125,40506274,591.5376021270177,567.7504272264239,59.463016833413654,18.681415943093718,632.1317138671875,18279823.95,True,False,True,True,2,-0.03656827570864718
2021-08-31,614.5125122070312,655.78759765625,613.4818725585938,651.8121948242188,60781970,597.2780395267512,571.0469671322197,69.56574242664921,20.687875560439704,632.1317138671875,19798867.0,True,True,True,True,2,0.031133513040553007
2021-09-01,655.689453125,660.8917846679688,641.9474487304688,654.118896484375,30796359,602.6914544750963,574.3046898519121,69.99973333971684,20.56333701594401,655.78759765625,22519350.55,True,False,True,True,2,-0.002544575679440775
2021-09-02,657.603515625,661.3334350585938,651.8121948242188,654.2171020507812,18951106,607.598659006114,577.4385099381424,70.01933480550768,19.77461581726051,660.8917846679688,22975150.85,True,False,True,False,1,-0.010099509136039297
2021-09-03,655.689453125,657.2599487304688,641.9474487304688,646.3154296875,7920313,611.2859704995793,580.1395656145878,66.26759885247287,19.45589325888476,661.3334350585938,22831877.8,True,False,True,False,1,-0.022708673983439454
2021-09-06,652.15576171875,653.4808959960938,641.3585205078125,642.536376953125,10223448,614.2621996856313,582.5864993925697,64.48792146860903,18.93207056098451,661.3334350585938,19606720.4,True,False,True,False,1,-0.028422966553631634
2021-09-07,645.8246459960938,667.9590454101562,636.0579833984375,658.1924438476562,28185127,618.446032462967,585.5514383908085,68.28765236236639,19.858427093179813,661.3334350585938,18665111.5,True,False,True,True,2,-0.004749481947270984
2021-09-08,665.505126953125,671.1982421875,652.7446899414062,655.5421752929688,20876941,621.9789984467767,588.2961731712854,66.98111740348341,19.758078889816524,667.9590454101562,19570435.4,True,False,True,True,2,-0.018589268612363763
2021-09-09,655.5421752929688,675.5171508789062,654.7569580078125,673.5049438476562,19784500,626.8862313420985,591.6376935899667,71.02722166505804,19.829658459907755,671.1982421875,18888564.55,True,True,True,True,2,0.0034366920459125705
2021-09-13,679.2471313476562,684.1549682617188,673.21044921875,680.523193359375,19704664,631.994513438982,595.1233994632768,72.44781868312398,19.19500564441211,675.5171508789062,18941225.2,True,True,True,True,2,0.007410681540735764
2021-09-14,682.1918334960938,686.8052368164062,676.4005737304688,681.4066162109375,11694600,636.7004279886921,598.5070550220086,72.62974024763547,18.567124033092497,684.1549682617188,19504942.6,True,False,True,False,1,-0.004017148421452177
2021-09-15,684.1549682617188,721.4055786132812,683.3206787109375,712.1297607421875,56796797,643.8841739652155,602.9628474031921,78.05625172010576,20.097969630896156,686.8052368164062,19035720.4,True,True,True,True,2,0.03687293364734612
2021-09-16,721.4547119140625,723.4178466796875,702.2158813476562,705.35693359375,45001991,649.7387225012665,606.9783017636062,74.54741309300314,20.176826466691523,721.4055786132812,21350243.9,True,False,True,True,2,-0.022246355580422206
2021-09-17,707.7127075195312,721.2092895507812,707.7127075195312,714.7308959960938,26649321,655.9284533102976,611.2038936942919,76.14571909596071,19.867935716001504,723.4178466796875,23034782.0,True,False,True,True,2,-0.012008206216455375
2021-09-20,711.6389770507812,720.1786499023438,707.0255737304688,711.5899047851562,14330899,661.2295439269509,615.1406000115808,74.45850380025627,19.38830289142104,723.4178466796875,24010404.45,True,False,True,False,1,-0.01635008307967334
2021-09-21,709.5776977539062,727.0986938476562,708.6942749023438,713.258544921875,14216876,666.1846868788484,618.9883625570825,74.7782321771314,19.318025466699005,723.4178466796875,24088440.75,True,False,True,False,1,-0.014043476815565503
2021-09-22,713.6021118164062,718.55908203125,710.7555541992188,713.3567504882812,16348622,670.677264365461,622.6890836524237,74.79822729835368,18.495561349937024,727.0986938476562,24159753.75,True,False,True,False,1,-0.01889969473972708
2021-09-23,719.8841552734375,726.460693359375,709.8721313476562,713.4058227539062,26497345,674.7466508786463,626.2466028328741,74.80897409572546,18.359347111492863,727.0986938476562,24682932.35,True,False,True,True,2,-0.01883220422428511
2021-09-24,715.6143188476562,739.1229858398438,714.5836791992188,725.7736206054688,72175065,679.6063622812009,630.1496231376817,77.42216542750137,18.884905395381768,727.0986938476562,25601416.2,True,False,True,True,2,-0.001822411803788948
2021-09-27,731.0,731.9000244140625,718.1500244140625,722.5499877929688,11282248,683.6962313775598,633.7731668496538,75.23156423787125,18.518126438568785,739.1229858398438,27894324.6,True,False,True,False,1,-0.02242251744889734
2021-09-28,724.4000244140625,726.7999877929688,686.0,696.1500244140625,21944239,684.8823069048458,636.2193181266895,60.2074001146068,20.10968796388307,739.1229858398438,27636223.3,True,False,True,False,1,-0.05814047492644592
2021-09-29,697.0,702.0,689.1500244140625,694.0999755859375,16729859,685.7601801125688,638.4891478309737,59.218408693565905,19.591137079744097,739.1229858398438,26708121.55,True,False,True,False,1,-0.06091409835231676
2021-09-30,695.7999877929688,709.7999877929688,686.7999877929688,688.2999877929688,13911568,686.0020665583212,640.4425141039932,56.39588482564586,19.834627288333806,739.1229858398438,24505516.0,True,False,True,False,1,-0.06876121974359428
2021-10-01,687.3499755859375,687.3499755859375,667.6500244140625,675.9000244140625,14952128,685.039967306487,641.8330047043881,50.819077111562216,19.892865580517554,739.1229858398438,23661276.45,True,False,True,False,1,-0.08553780985980686
2021-10-04,675.0,686.2000122070312,669.7000122070312,681.4000244140625,8917898,684.6933060786371,643.38465253614,53.03736389934717,19.650518039052013,739.1229858398438,23461327.55,True,False,True,False,1,-0.07809655839642482
2021-10-05,684.4000244140625,703.4500122070312,680.4000244140625,699.25,25598885,686.0796578806717,645.5754504758992,59.43261565323616,19.893337307188922,739.1229858398438,23511206.8,True,False,True,True,2,-0.05394634804184484
2021-10-06,705.75,707.9500122070312,688.2000122070312,691.4000244140625,10406502,686.5863594552803,647.3724925911213,55.83179000301586,19.883098928103998,739.1229858398438,24279978.65,True,False,True,False,1,-0.06456701028118483
2021-10-07,695.75,702.2000122070312,691.2999877929688,692.5,8121590,687.1495633166822,649.1421987640184,56.231950182259496,19.241450748529605,739.1229858398438,23391047.4,True,False,True,False,1,-0.06307879301963182
2021-10-08,695.1500244140625,699.5499877929688,688.9000244140625,695.5,6297352,687.9448430008079,650.9601517536647,57.36643480494184,18.627773079270796,739.1229858398438,22753279.85,True,False,True,False,1,-0.05901992858505978
2021-10-11,693.0999755859375,696.0499877929688,685.0,690.8499755859375,8792050,688.2215222946297,652.5244585706166,54.98728201954972,18.08650270167779,739.1229858398438,22078922.45,True,False,True,False,1,-0.06531120148976977
2021-10-12,691.0,698.4000244140625,684.2000122070312,686.3499755859375,8579567,688.0432797509447,653.8509494339626,52.70908181087418,17.808896237774466,739.1229858398438,21533291.75,True,False,True,False,1,-0.07139949814162772
2021-10-13,689.0,696.7999877929688,683.0999755859375,689.9000244140625,7062149,688.2201125760035,655.2646386488685,54.317095846176656,17.51540452129281,739.1229858398438,21377540.1,True,False,True,False,1,-0.06659644249847085
2021-10-14,693.0,694.0,681.8499755859375,685.7999877929688,9820591,687.9896245014288,656.4621033211862,52.113166614997425,17.13216308506207,739.1229858398438,18890807.7,True,False,True,False,1,-0.07214360677240428
2021-10-18,700.0,701.9500122070312,679.6500244140625,680.5999755859375,8574445,687.2858484142392,657.4086865472549,49.37673390171688,17.50129342134112,739.1229858398438,17131737.7,True,False,False,False,0,-0.07917898830789072
2021-10-19,699.0,699.0,675.4500122070312,681.0999755859375,7328862,686.6967176686867,658.3377567056345,49.65050196262055,17.93334301931452,739.1229858398438,16227993.9,True,False,False,False,0,-0.07850251090212867
2021-10-20,683.4000244140625,713.9000244140625,681.4000244140625,708.4500122070312,21217306,688.7684600056718,660.3029431958855,61.815080975682704,18.995250577086697,739.1229858398438,15877892.05,True,False,True,True,2,-0.04149914726026238
2021-10-21,710.9500122070312,712.3499755859375,689.2000122070312,696.0499877929688,8908979,689.4619388425572,661.7047880820456,55.29252690755172,19.292015777216665,739.1229858398438,16227913.55,True,False,True,False,1,-0.058275819954283326
2021-10-22,698.5,705.2999877929688,684.25,694.5,6587256,689.941754190885,662.9908748239262,54.51814581039767,19.417585206913245,739.1229858398438,15855931.4,True,False,True,False,1,-0.060372883396583754
2021-10-25,693.0,704.0,675.0,691.0999755859375,9540441,690.0520609904139,664.0931925008679,52.77219538575107,20.10204340641944,739.1229858398438,14860426.95,True,False,True,False,1,-0.06497296278688869
2021-10-26,695.0,709.8499755859375,689.0,696.2000122070312,10953878,690.6375801539014,665.3522834697371,55.095248150722966,20.155467133527875,731.9000244140625,11728695.75,True,False,True,False,1,-0.04877717040057705
2021-10-27,699.4000244140625,714.6500244140625,694.0,702.3499755859375,11878571,691.7530463855239,666.803173356647,57.79141070245196,20.190792653566064,726.7999877929688,11712277.25,True,False,True,True,2,-0.0336406337612597
2021-10-28,702.75,706.0499877929688,684.4000244140625,689.75,8884507,691.562280063093,667.7030489112883,51.0310463629523,20.295019133947505,714.6500244140625,11208993.85,True,False,True,False,1,-0.0348422634344383
2021-10-29,692.2000122070312,701.0,677.0499877929688,685.3499755859375,8602343,690.9706320176497,668.3950852514706,48.880672158755125,20.556090067739202,714.6500244140625,10816726.25,True,False,False,False,0,-0.040999157387768825
2021-11-01,689.9500122070312,722.7999877929688,689.5999755859375,712.5,17121001,693.0210480159687,670.124689751413,60.063454774751094,21.762798791974348,714.6500244140625,10551265.0,True,False,True,True,2,-0.0030084997419894677
2021-11-02,712.5,723.0999755859375,709.5499877929688,713.9500122070312,7725455,695.0142827008318,671.8433298477117,60.559694057436204,21.17616943490252,722.7999877929688,10659708.65,True,False,True,False,1,-0.012244017342834312
2021-11-03,725.75,732.5,696.0,699.0999755859375,23261507,695.4033963089371,672.9122179158775,53.26062525010601,22.270728760980912,723.0999755859375,10600086.5,True,False,True,True,2,-0.03319043121326681
2021-11-04,704.0,704.7999877929688,699.2000122070312,701.0999755859375,1064714,695.9459276686514,674.0176201774484,54.06364726132414,21.087106149984507,732.5,10483217.6,True,False,True,False,1,-0.04286692752773036
2021-11-08,707.4500122070312,714.9000244140625,704.0,709.0,7565546,697.1891726525894,675.3894782097053,57.1922476701845,20.566602055565973,732.5,10016128.2,True,False,True,False,1,-0.03208191126279869
2021-11-09,711.7000122070312,716.4500122070312,705.1500244140625,713.2000122070312,5278131,698.7140145149172,676.8722442488162,58.79885475684797,19.904701036809026,732.5,9988326.0,True,False,True,False,1,-0.026348106202005117
2021-11-10,717.5,738.0,707.3499755859375,735.4500122070312,15180490,702.2126809617852,679.1694116197266,66.06493354913043,20.672224135184273,732.5,9937364.95,True,True,True,True,2,0.0040273204191552114
2021-11-11,735.0,738.5999755859375,724.25,728.5999755859375,7421118,704.7257566402759,681.1078651085976,62.41545736739103,20.220634953095217,738.0,10256786.95,True,False,True,False,1,-0.012737160452659269
2021-11-12,733.0,745.0,725.25,743.5,9207508,708.4185417221545,683.5546154964957,66.72170823060551,20.187018170731275,738.5999755859375,10198864.5,True,True,True,False,1,0.006634206033076628
2021-11-15,740.0,746.0,736.2000122070312,737.5499877929688,5454742,711.1929651574701,685.6720810767496,63.58853480140383,19.445087429462525,745.0,10306132.45,True,False,True,False,1,-0.010000016385276811
2021-11-16,741.3499755859375,742.0499877929688,727.0499877929688,730.2999877929688,4639931,713.0126815989462,687.4221950656209,59.89763875423657,19.12758118450092,746.0,10087840.0,True,False,True,False,1,-0.02104559277081941
2021-11-17,724.5499877929688,732.3499755859375,716.25,720.0499877929688,8002927,713.6829012364722,688.7017163490464,55.034068869586406,18.91132364174639,746.0,9891114.3,True,False,True,False,1,-0.03478553915151639
2021-11-18,720.5999755859375,723.4500122070312,708.0,714.3499755859375,4469597,713.7464321268974,689.7075304367677,52.48199972521046,18.66408711069531,746.0,9924817.55,True,False,True,False,1,-0.04242630618507037
2021-11-22,740.0,755.9500122070312,733.0999755859375,742.0999755859375,36884348,716.4467695991868,691.7621361288919,61.77541730515422,20.302369218580914,746.0,9087432.1,True,False,True,True,2,-0.0052279147641588475
2021-11-23,745.0,761.0,735.7000122070312,758.9000244140625,18240414,720.4899367244132,694.3949944930164,66.09827847321117,20.65934197389433,755.9500122070312,10486200.55,True,True,True,True,2,0.003902390580586834
2021-11-24,764.0,781.7999877929688,756.25,758.9000244140625,21653712,724.1480403139035,696.9246035095281,66.09827847321117,21.00867381811393,761.0,11068858.45,True,False,True,True,2,-0.0027594948566852517
2021-11-25,759.0499877929688,768.5,752.7999877929688,765.1500244140625,8483653,728.0529911805853,699.6001102116668,67.67552249156608,20.6294837030366,781.7999877929688,11674522.0,True,False,True,False,1,-0.02129696039764506
2021-11-26,763.0,763.0,733.0999755859375,738.75,11142921,729.0717539252915,701.1354000072878,55.85474135395899,21.445238354828625,781.7999877929688,11551010.75,True,False,True,False,1,-0.055065219320992065
2021-11-29,752.0,755.0,727.0999755859375,739.3499755859375,15885643,730.0506321786864,702.6340108142937,56.042655700833556,21.906294501916758,781.7999877929688,11514228.25,True,False,True,True,2,-0.0542977908286596
2021-11-30,740.0,750.2000122070312,722.6500244140625,728.25,14272616,729.879143399764,703.6385594098116,51.66124588222399,22.309415451277616,781.7999877929688,11864285.05,True,False,True,True,2,-0.0684957644270896
2021-12-01,733.0,737.4000244140625,718.25,722.25,10488561,729.1525583140722,704.3684198251132,49.41247262953458,22.083744662905108,781.7999877929688,12147798.7,True,False,False,False,0,-0.076170361630574
2021-12-02,723.9000244140625,735.7000122070312,714.1500244140625,732.5499877929688,11507427,729.476123026348,705.4735793532644,53.180208178552085,22.04561917219537,781.7999877929688,11816176.7,True,False,True,False,1,-0.06299565204526725
2021-12-03,730.0,734.6500244140625,716.2999877929688,718.3499755859375,11024093,728.4164899367851,705.9785360682713,47.88510863899933,21.781648989973828,781.7999877929688,12005275.3,True,False,False,False,0,-0.08115888104085478
2021-12-06,718.0,721.9000244140625,693.8499755859375,697.5999755859375,8804487,725.481583808133,705.6499650689641,41.398434511844314,22.229391835556054,781.7999877929688,11393404.6,True,False,False,False,0,-0.1077001963695714
2021-12-07,702.3499755859375,705.7000122070312,694.0999755859375,698.8499755859375,10238693,722.9452401679239,705.3832988147278,41.90894825567666,21.47015217738018,781.7999877929688,11780393.25,True,False,False,False,0,-0.1061013219521788
2021-12-08,705.0,719.0,702.2999877929688,715.1500244140625,8296393,722.2028386675561,705.7663076617606,48.24104180595897,21.375857337143202,781.7999877929688,11914050.6,True,False,False,False,0,-0.08525193709334777
2021-12-09,716.7999877929688,723.9500122070312,711.0,713.9500122070312,9069515,721.4168551951251,706.0872372517712,47.82770972960573,20.77401125642092,781.7999877929688,12064963.7,True,False,False,False,0,-0.0867868721480527
2021-12-10,711.0,718.9000244140625,707.0,710.7000122070312,4251339,720.3962034819733,706.2681303872715,46.66163924244191,20.14015505339532,781.7999877929688,11759414.95,True,False,False,False,0,-0.09094394563327335
2021-12-13,715.0,718.4000244140625,698.3499755859375,703.0999755859375,9896899,718.7489436823508,706.1438890225133,43.96238688074085,20.13371889444744,781.7999877929688,11600926.0,True,False,False,False,0,-0.10066514893304412
2021-12-14,701.0,706.2999877929688,688.4000244140625,691.5999755859375,9275631,716.1633276731686,705.573539475981,40.175266553900784,19.974164929051643,781.7999877929688,11635395.55,True,False,False,False,0,-0.11537479357305569
2021-12-15,691.75,694.9000244140625,684.0999755859375,685.4500122070312,7674319,713.2382500097269,704.7843815438653,38.2763006372082,19.318870921842596,781.7999877929688,11826440.0,True,False,False,False,0,-0.12324120886460321
2021-12-16,689.9000244140625,689.9000244140625,677.5999755859375,681.4000244140625,9633006,710.2060380482351,703.8673479309318,37.0348350500578,18.81752648657705,781.7999877929688,11978159.4,True,False,False,False,0,-0.12842154636294711
2021-12-17,681.0,685.7000122070312,661.0999755859375,666.0499877929688,13850460,706.0006999286859,702.3843142000313,32.70510639438862,19.230562924756814,781.7999877929688,12059663.35,True,False,False,True,1,-0.1480557710505518
2021-12-20,659.1500244140625,661.1500244140625,645.0999755859375,658.25,11812939,701.453014221192,700.6535567804224,30.73856520301088,19.35338073063356,781.7999877929688,12528706.5,True,False,False,False,0,-0.15803273180107347
2021-12-21,663.9500122070312,670.9000244140625,659.2000122070312,667.0,8084499,698.1717747715546,699.3338094556999,35.42910777595958,18.874569565164197,781.7999877929688,11275136.05,False,False,False,False,0,-0.14684061087932554
2021-12-22,667.0,686.0,667.0,684.75,8522226,696.893510507597,698.761895359398,43.75098839529309,18.883528881938183,781.7999877929688,10767340.3,False,False,False,False,0,-0.12413659415235101
2021-12-23,689.0,689.0,675.5,678.75,5602466,695.165557125921,697.9771151492255,41.7903466556117,18.498991104656884,768.5,10110766.0,False,False,False,False,0,-0.11678594664931685
2021-12-24,682.0999755859375,682.8499755859375,672.6500244140625,677.0499877929688,3756020,693.4402648084971,697.1564434881958,41.226613587684874,17.906202538029607,763.0,9966706.65,False,False,False,False,0,-0.1126474602975508
2021-12-27,674.9500122070312,678.3499755859375,668.6500244140625,675.75,3658572,691.7554776838783,696.3169751161097,40.773664695290016,17.32004172616142,755.0,9597361.6,False,False,False,False,0,-0.10496688741721849
2021-12-28,679.8499755859375,683.5,675.0499877929688,680.0499877929688,3892590,690.6406691228394,695.679054044614,43.00428858907721,16.686468189080696,750.2000122070312,8986008.05,False,False,False,False,0,-0.0935084287824609
2021-12-29,679.9500122070312,683.5,675.0,676.8499755859375,3847574,689.3272697383726,694.9406588109404,41.74426858325022,16.10172046128922,737.4000244140625,8467006.75,False,False,False,False,0,-0.08211289235613739
2021-12-30,677.5,685.7999877929688,674.2000122070312,679.3499755859375,5701612,688.3770512476644,694.3292594687834,43.14579510442258,15.780167255906953,735.7000122070312,8134957.4,False,False,False,False,0,-0.0765937687727487
2021-12-31,680.5,694.0999755859375,680.0,683.7999877929688,4598628,687.9411404424553,693.9163468540456,45.65219600823991,15.706583880485029,734.6500244140625,7844666.65,False,False,False,False,0,-0.06921668131931313
2022-01-03,687.7999877929688,692.5999755859375,683.0999755859375,691.2999877929688,2939833,688.2610306663138,693.813744537925,49.67866918854696,15.263256460450386,723.9500122070312,7523393.4,False,False,False,False,0,-0.04509983267287443
2022-01-04,692.25,703.25,690.4000244140625,697.4500122070312,6473875,689.1361717654297,693.9563432700469,52.76876784708485,15.090879255128037,723.9500122070312,7230160.7,False,False,True,False,1,-0.03660473727904523
2022-01-05,700.9000244140625,702.75,691.75,700.0,4586105,690.170822073484,694.1933494163196,54.02928124591674,14.798673594047465,723.9500122070312,7041919.8,False,False,True,False,1,-0.03308241149691726
2022-01-06,702.0,720.5,700.0,710.4000244140625,21642414,692.0974127725867,694.828905298584,58.85255592750936,15.205911194472645,723.9500122070312,6856405.4,False,False,True,True,2,-0.01871674503003362
2022-01-07,713.9000244140625,715.1500244140625,701.4500122070312,704.7000122070312,4315015,693.2976603377718,695.2160075302878,55.42047845645184,15.098346981083974,720.5,7485050.35,False,False,True,False,1,-0.02192919887990108
2022-01-10,705.4000244140625,711.3499755859375,703.6500244140625,704.9500122070312,3565324,694.4074081348441,695.5977332038856,55.5429348455901,14.569890137569049,720.5,7488234.15,False,False,True,False,1,-0.021582217616889277
2022-01-11,703.0,709.5499877929688,694.5999755859375,703.4500122070312,10642484,695.2686085226715,695.9056657138129,54.57427794120286,14.597041713959205,720.5,7171655.4,False,False,True,True,2,-0.023664105194960094
2022-01-12,707.9500122070312,732.7000122070312,704.2000122070312,730.2000122070312,12366953,698.5954088735629,697.2505420468804,65.97154247838029,15.643681591533548,720.5,7239998.05,True,True,True,True,2,0.013462889947302159
2022-01-13,729.0,735.6500244140625,726.1500244140625,731.7999877929688,5829874,701.7577497230301,698.6054222722171,66.51273614576638,15.204847192138295,732.7000122070312,7474629.75,True,False,True,False,1,-0.0012283668610179044
2022-01-14,729.9500122070312,730.9000244140625,718.4500122070312,720.5999755859375,5344096,703.5522474242593,699.467953774716,59.39195134809477,15.072356363123953,735.6500244140625,7284473.15,True,False,True,False,1,-0.020458163975610844
2022-01-17,720.0,734.75,719.5499877929688,728.5999755859375,4340924,705.9377453444192,700.610386002607,62.481694883929585,15.08147463768876,735.6500244140625,6859154.95,True,False,True,False,1,-0.009583427709039083
2022-01-18,727.0,730.7000122070312,712.5499877929688,714.3499755859375,4312058,706.7389101293257,701.1491934372475,54.523675435232896,15.300656764572599,735.6500244140625,6485554.2,True,False,True,False,1,-0.028954051683869997
2022-01-19,714.0,715.0,701.7000122070312,703.7000122070312,5879490,706.4494912795834,701.2492255458665,49.454091097522,15.157751838029467,735.6500244140625,6296932.15,True,False,False,False,0,-0.04343099455815158
2022-01-20,706.0,719.6500244140625,705.25,715.4000244140625,4812496,707.3019230066766,701.8041588348153,54.46332621766697,15.214341864386737,735.6500244140625,6164795.35,True,False,True,False,1,-0.02752667617475979
2022-01-21,709.5999755859375,714.0,689.3499755859375,695.25,6704622,706.1541208155645,701.5471329981559,46.00697469755367,15.988320933225186,735.6500244140625,6125296.85,True,False,False,True,1,-0.05491745133324866
2022-01-24,690.2999877929688,707.0,677.3499755859375,689.9000244140625,11091633,704.606111634469,701.090383641917,44.05129186889818,16.964156896142136,735.6500244140625,6272726.95,True,False,False,True,1,-0.06218989802445718
2022-01-25,684.0,720.4500122070312,682.1500244140625,711.8499755859375,14128764,705.2960034393707,701.5123284240356,52.89798005418032,18.488144817344036,735.6500244140625,6644380.0,True,False,True,True,2,-0.03235240676717366
2022-01-27,706.5,716.0,701.5,707.25,8937312,705.4820983499069,701.7373351525048,51.07530893964254,18.20327733039089,735.6500244140625,7156188.7,True,False,True,True,2,-0.03860534693339113
2022-01-28,714.9000244140625,754.0,701.6500244140625,715.7999877929688,21450677,706.4647544873413,702.2888117266406,54.2319573548386,20.642327205787076,735.6500244140625,7410675.6,True,False,True,True,2,-0.02698298914202324
2022-01-31,728.0,735.0,719.5499877929688,729.2999877929688,10745370,708.6395386116868,703.3480735331633,58.756799547434156,20.539304705875946,754.0,8198128.85,True,False,True,True,2,-0.032758636879351766
2022-02-01,733.0,735.0,718.2999877929688,723.0499877929688,4814511,710.0119623432375,704.1206976217832,55.99664113758917,20.26506952738704,754.0,8505465.95,True,False,True,False,1,-0.041047761547786776
2022-02-02,726.0999755859375,731.75,720.5,725.0499877929688,3286577,711.444155243212,704.9414540990846,56.69764760913041,19.62113598971654,754.0,8599199.85,True,False,True,False,1,-0.038395241653887635
2022-02-03,726.0,729.0,718.5,721.6500244140625,3651578,712.416142783293,705.5966921506524,55.09090959465789,18.969626276165357,754.0,8439834.95,True,False,True,False,1,-0.04290447690442645
2022-02-04,721.0999755859375,723.25,716.5,720.2000122070312,3284198,713.1574636807919,706.1693713685496,54.3830844812279,18.096795827867833,754.0,8393108.6,True,False,True,False,1,-0.04482757001719995
2022-02-07,718.0,720.0999755859375,699.5,706.5,6833983,712.5234195207165,706.182337197234,48.09549213862375,18.282739854950936,754.0,7475197.8,True,False,False,False,0,-0.0629973474801061
2022-02-08,711.2000122070312,714.7000122070312,701.0,708.9000244140625,7167684,712.1783342724638,706.2889131665214,49.20347722100134,17.955402165813815,754.0,7601146.2,True,False,False,False,0,-0.059814291228033833
2022-02-09,707.0999755859375,726.0999755859375,702.1500244140625,719.3499755859375,10185173,712.8613477308899,706.801111692773,53.82532819342864,18.38358423767533,754.0,7781264.2,True,False,True,True,2,-0.045954939541197004
2022-02-10,722.9500122070312,726.9500122070312,708.5999755859375,724.0499877929688,6074014,713.926932498707,707.4775382065062,55.77438820522545,18.381187979348077,754.0,7758398.65,True,False,True,False,1,-0.039721501600837206
2022-02-11,721.7000122070312,725.4000244140625,710.9000244140625,715.1500244140625,5646980,714.0434174430266,707.7784200185673,51.353914001004846,18.1039602665375,754.0,7443751.7,True,False,True,False,1,-0.05152516655959882
2022-02-14,704.0,704.0,685.0,689.7000122070312,7441445,711.7249978967412,707.0694628494875,41.2788820709218,18.96439341993214,754.0,7434607.0,True,False,False,True,1,-0.0852784983991628
2022-02-15,696.0,713.0999755859375,686.5999755859375,711.5499877929688,4650249,711.7083302678104,707.2451697100163,50.29501793703043,19.50265103279413,754.0,7539474.45,True,False,True,False,1,-0.05629975093770723
2022-02-16,717.4000244140625,728.2000122070312,708.0,721.7999877929688,5433910,712.6694405083017,707.81594688974,53.873005933971214,19.552462545239642,754.0,7554940.7,True,False,True,False,1,-0.04270558648147382
2022-02-17,724.4500122070312,727.5,715.0,717.0,5107708,713.0818747456062,708.1761058352404,51.98577757874808,19.048715220579666,754.0,7611033.3,True,False,True,False,1,-0.049071618037135334
2022-02-18,712.0499877929688,719.5499877929688,711.3499755859375,712.5499877929688,4099366,713.031218845355,708.3476306178964,50.22901270463835,18.273807862469067,754.0,7572444.2,True,False,True,False,1,-0.054973490990757656
2022-02-21,708.0499877929688,716.5499877929688,703.0,709.9500122070312,4307430,712.7377705940861,708.410469111588,49.183236042017555,17.936392143219045,754.0,7536787.7,True,False,False,False,0,-0.05842173447343335
2022-02-22,694.2000122070312,702.5,687.5,699.25,9148804,711.453221013697,708.0512350287806,45.02825446505247,18.258793576348488,754.0,7416928.1,True,False,False,True,1,-0.07261273209549068
2022-02-23,700.0999755859375,708.9500122070312,699.5,704.4000244140625,4124469,710.781488004208,707.9080502987917,47.3344103059438,17.647452049968688,754.0,7319786.65,True,False,False,False,0,-0.06578246098930707
2022-02-24,682.0,688.5499877929688,645.4500122070312,670.9000244140625,14139461,706.9832533765751,706.4567551660573,36.583321281308784,20.5976349183303,754.0,6819571.9,True,False,False,True,1,-0.11021216921211874
2022-02-25,677.5,695.1500244140625,677.5,688.6500244140625,6452099,705.2372315706216,705.7584519993125,43.85930183949538,20.858518138449565,754.0,7079679.35,False,False,False,False,0,-0.08667105515376328
2022-02-28,681.0,690.0,666.4500122070312,686.5,8301523,703.4527333258005,705.0032185875747,43.212564706626864,21.05076597091522,735.0,6329750.45,False,False,False,True,1,-0.06598639455782318
2022-03-02,684.0,684.0,666.0,674.25,10220908,700.6715206281052,703.797210015513,39.62717341869953,21.011425544421275,735.0,6207558.1,False,False,False,True,1,-0.08265306122448979
2022-03-03,675.0,679.7999877929688,668.5999755859375,672.0499877929688,6517030,697.9456603580923,702.5522209087466,39.00131024426091,20.310610306036274,731.75,6477877.95,False,False,False,True,1,-0.08158525754291934
2022-03-04,665.0,667.9500122070312,650.0,653.7000122070312,7094874,693.7317891056102,700.6364480184832,34.155738124998166,20.43485155510288,729.0,6639400.6,False,False,False,True,1,-0.10329216432506005
2022-03-07,640.0,679.3499755859375,639.0,675.4000244140625,12615451,691.9859067540343,699.6467843477216,43.15071483774309,21.857360414448213,728.2000122070312,6811565.4,False,False,False,True,1,-0.07250753489133066
2022-03-08,675.0,686.8499755859375,667.5999755859375,683.0,8462985,691.1301061107929,698.9939692752619,45.936350849665885,21.67112038484477,728.2000122070312,7278128.05,False,False,False,True,1,-0.06207087537672362
2022-03-09,682.0,698.0,674.2999877929688,691.5,9896395,691.1653341002412,698.7000881272124,48.94930439807477,21.816041229286665,728.2000122070312,7359578.15,False,False,False,True,1,-0.05039825815959642
2022-03-10,699.9500122070312,707.5,690.5999755859375,697.75,5989327,691.7924451383135,698.6628297692826,51.106949393365156,21.464897171056368,728.2000122070312,7496013.7,False,False,True,False,1,-0.04181545138229703
2022-03-11,696.7000122070312,702.4000244140625,691.5,694.8499755859375,3353880,692.0836385142777,698.513306075818,50.0499176883586,20.710263402699663,728.2000122070312,7286221.4,False,False,True,False,1,-0.04579790725355293
2022-03-14,688.1500244140625,704.8499755859375,688.1500244140625,700.4000244140625,4016137,692.8756752666382,698.587295030259,52.092102313212266,20.42381252906933,728.2000122070312,7150214.7,False,False,True,False,1,-0.03817630778213321
2022-03-15,699.0,709.5,695.5,703.0999755859375,6006439,693.8494181541905,698.7642628951876,53.09673127392826,19.96496877699295,728.2000122070312,7068672.55,False,False,True,False,1,-0.034468602307517804
2022-03-16,710.0,715.5,705.0,712.0,3843706,695.5780449966486,699.2833114091018,56.34639669314685,19.424615608212203,728.2000122070312,6996922.25,False,False,True,False,1,-0.022246651930054484
2022-03-17,720.0,727.9500122070312,715.0,722.9000244140625,8168953,698.1801382744976,700.2094570171395,60.00150419247482,19.176429650984993,728.2000122070312,6956595.1,False,False,True,True,2,-0.0072782033838554305
2022-03-21,722.0,724.3499755859375,706.7999877929688,708.2000122070312,6317305,699.134411982358,700.5228121226254,53.49606258279165,19.06025523255526,727.9500122070312,7093347.25,False,False,True,False,1,-0.027130983815936816
2022-03-22,708.5,721.0,705.8499755859375,719.25,3000133,701.0501822697524,701.2572116472284,57.2483517109879,18.78095303123435,727.9500122070312,7153827.1,False,False,True,False,1,-0.011951386855059143
2022-03-23,719.25,719.8499755859375,703.0,704.9500122070312,7974713,701.4215946447314,701.4020273554559,51.46143761161641,18.643026070856006,727.9500122070312,7098865.45,True,False,True,True,2,-0.03159557608944541
2022-03-24,698.0,708.8499755859375,697.8499755859375,706.3499755859375,3597143,701.8909642581796,701.5960645409649,51.973275823825645,18.097095637223433,727.9500122070312,7282229.6,True,False,True,False,1,-0.02967241741724247
2022-03-25,712.2999877929688,714.4500122070312,705.8499755859375,709.3499755859375,2930336,702.6013462893947,701.900139483905,53.114250286634444,17.418734278928454,727.9500122070312,7004646.55,True,False,True,False,1,-0.025551255318619126
2022-03-28,715.25,737.0,710.0999755859375,733.0499877929688,7960258,705.5012169087827,703.1217021626919,60.99738100238198,18.149540717152316,727.9500122070312,6944939.9,True,True,True,True,2,0.007005942029556733
2022-03-29,740.4000244140625,763.0,737.0,754.9500122070312,15833573,710.2106259848064,705.1541849095288,66.58779215930562,18.992431537857954,737.0,6635979.75,True,True,True,True,2,0.02435551181415363
2022-03-30,762.75,769.9000244140625,744.5999755859375,749.5,9938988,713.9524711291106,706.8932364817041,64.12452399945391,19.442975630019887,763.0,7105053.45,True,False,True,True,2,-0.017693315858453462
2022-03-31,753.0,759.0,739.7000122070312,754.9500122070312,7371181,717.8569988508174,708.777815921913,65.49898868791081,19.432762213087663,769.9000244140625,7186926.7,True,False,True,True,2,-0.019418121487149054
2022-04-01,759.7999877929688,766.6500244140625,749.25,758.5,5920139,721.7277608650252,710.7277054936027,66.40193969773142,19.287566656014437,769.9000244140625,7044440.35,True,False,True,False,1,-0.014807149048655432
2022-04-04,757.8499755859375,775.0,756.2000122070312,767.7999877929688,5783224,726.1155920010198,712.965834211225,68.71213399620838,19.252739594368318,769.9000244140625,7014595.8,True,False,True,False,1,-0.0027276744440838385
2022-04-05,767.7999877929688,773.7999877929688,761.0,766.5999755859375,3990794,729.9712475805358,715.0691338729785,68.061815953376,18.791828751411206,775.0,6949013.3,True,False,True,False,1,-0.010838741179435507
2022-04-06,764.0,780.7000122070312,763.0,775.6500244140625,7490027,734.3216072789669,717.444855070668,70.34158204482418,18.713841855384068,775.0,6517780.45,True,True,True,True,2,0.0008387411794354982
2022-04-07,775.0,777.8499755859375,759.5499877929688,762.4000244140625,5818505,736.9957422442141,719.2078028880561,63.22577929643243,18.68428085092583,780.7000122070312,6469132.55,True,False,True,False,1,-0.023440486110964498
2022-04-08,768.3499755859375,768.3499755859375,757.5999755859375,762.0999755859375,5583587,739.3866216100924,720.8898488762084,63.07018394898311,18.11754650443113,780.7000122070312,6265238.05,True,False,True,False,1,-0.023824819175436662
2022-04-11,757.0,765.2000122070312,756.0,758.0499877929688,4927865,741.1640850560806,722.3471092258853,60.89192947787019,17.480579768902565,780.7000122070312,6244951.05,True,False,True,False,1,-0.029012455565398443
2022-04-12,759.9500122070312,759.9500122070312,740.0999755859375,741.6500244140625,3904026,741.210364994936,723.1040862920884,52.921359864237445,17.64982668691622,780.7000122070312,6323650.3,True,False,True,False,1,-0.05001919710821423
2022-04-13,742.0,756.5,737.9500122070312,740.6500244140625,6343030,741.156999225329,723.7921622968717,52.470350670217606,17.71412390877712,780.7000122070312,6318044.75,True,False,True,True,2,-0.05130009884302145
2022-04-18,736.6500244140625,740.1500244140625,723.4000244140625,729.5,8950327,740.0468088229167,724.0159990695433,47.59937305036005,17.680972201007325,780.7000122070312,6334874.3,True,False,False,True,1,-0.0655821844581369
2022-04-19,739.0,739.0,716.8499755859375,723.5,9957060,738.4709222683532,723.9957638119142,45.16937266842216,18.000190216225555,780.7000122070312,6590205.35,True,False,False,True,1,-0.0732675948669802
2022-04-20,730.0499877929688,744.5,723.9500122070312,739.3499755859375,6632292,738.5546416319327,724.5978897638366,52.12275754558426,18.214462343638015,780.7000122070312,6679610.7,True,False,True,False,1,-0.05296533364230083
2022-04-21,743.9000244140625,743.9000244140625,730.0,735.75,6111830,738.2875329050819,725.0352274201568,50.554601115152416,17.906288205811194,780.7000122070312,6695360.05,True,False,True,False,1,-0.057576548615591805
2022-04-22,731.0,740.9000244140625,729.0,738.75,5182247,738.3315773903122,725.5730616389743,51.854542295147134,17.47726936354343,780.7000122070312,6850944.9,True,False,True,False,1,-0.05373384341117016
2022-04-25,729.9500122070312,743.0,729.1500244140625,739.3499755859375,3571031,738.4285676946574,726.1133327741493,52.1256225986484,17.218176950857295,780.7000122070312,6711321.6,True,False,True,False,1,-0.05296533364230083
2022-04-26,745.0,758.9000244140625,739.0999755859375,756.2999877929688,4987848,740.1306077040205,727.2971231670442,59.1272310998291,17.40259637066213,780.7000122070312,6710016.0,True,False,True,False,1,-0.03125403360131107
2022-04-27,750.0,761.5499877929688,746.4000244140625,752.5,4571399,741.3086450655422,728.2854712781406,57.11068155454751,17.24169401410814,780.7000122070312,6812891.6,True,False,True,False,1,-0.036121444557570936
2022-04-28,751.0,754.2999877929688,744.5999755859375,747.3499755859375,6101866,741.8840098770085,729.0330988980542,54.40265321108512,16.703002456459792,780.7000122070312,6643448.65,True,False,True,False,1,-0.0427181197638431
2022-04-29,752.0,761.0,735.5499877929688,739.0,7219115,741.6093422696744,729.4239577647971,50.24286818312955,17.3277888672149,780.7000122070312,6156863.3,True,False,True,True,2,-0.05341361797746835
2022-05-02,734.0,742.9500122070312,730.3499755859375,741.3499755859375,3938533,741.584640680747,729.8916447381752,51.369855921887016,16.990092278206244,780.7000122070312,6020869.65,True,False,True,False,1,-0.050403530172686395
2022-05-04,737.0,739.3499755859375,717.0,722.4000244140625,6785271,739.7575343696343,729.597855705857,42.926440471467146,17.515798228758477,780.7000122070312,5849237.25,True,False,False,True,1,-0.07467655550325314
2022-05-05,726.0,733.0999755859375,714.25,718.9500122070312,4836692,737.7758655922436,729.180293215707,41.586279102363385,17.611096611414123,780.7000122070312,5892493.85,True,False,False,False,0,-0.07909568212434548
2022-05-06,711.25,723.9000244140625,707.75,710.25,5912312,735.1543545834585,728.4379287758754,38.335984326215126,17.506734311603292,780.7000122070312,5845167.25,True,False,False,True,1,-0.09023954285317581
2022-05-09,706.0999755859375,720.5,704.4500122070312,711.5,4819274,732.9015589088433,727.7736962748608,39.07279980635545,17.40268098884368,780.7000122070312,5941243.15,True,False,False,False,0,-0.0886384156846668
2022-05-10,711.0,728.5,710.1500244140625,719.6500244140625,6746893,731.6395080045785,727.4551209077706,43.788895785313535,17.470344888636095,777.8499755859375,5807705.5,True,False,False,True,1,-0.0748215632815753
2022-05-11,719.6500244140625,735.0,716.9000244140625,722.8499755859375,6919703,730.8024096789936,727.274526973581,45.57035562227021,17.51531850987191,768.3499755859375,5854124.9,True,False,False,True,1,-0.05921780626764783
2022-05-12,715.25,722.7999877929688,701.25,705.4000244140625,6754953,728.3831348918573,726.416703343796,38.41973368358421,17.807079729590882,765.2000122070312,5920930.7,True,False,False,True,1,-0.0781494861983737
2022-05-13,713.0,713.0,684.75,689.9000244140625,11938252,724.7180767511148,724.9846767191007,33.405530405001855,18.553002606048675,761.5499877929688,6012285.1,False,False,False,True,1,-0.09408438648466588
2022-05-16,685.8499755859375,698.0,679.6500244140625,693.2000122070312,5412233,721.716356318345,723.7382192872549,35.340374991024774,18.538500676040734,761.5499877929688,6413996.4,False,False,False,False,0,-0.08975113476663699
2022-05-17,695.0,710.0,690.8499755859375,707.0499877929688,4847812,720.3195593159282,723.0837788364986,42.84583269621662,18.58218094304229,761.5499877929688,6367456.55,False,False,False,False,0,-0.07156457340107802
2022-05-18,721.0,727.1500244140625,689.2000122070312,696.1500244140625,18992703,718.0176988490839,722.0275531728737,39.00822236739291,19.965597461898646,761.5499877929688,6162330.8,False,False,False,True,1,-0.08587743999371655
2022-05-19,685.0,693.0,667.8499755859375,674.25,7322668,713.8493465777425,720.1539236366826,32.67564261937771,20.5609154166291,761.5499877929688,6614112.95,False,False,False,True,1,-0.11463461255638774
2022-05-20,688.5,691.5,683.0,687.9000244140625,5577407,711.3779825621539,718.8890648436387,39.29096962770574,20.324421458298453,761.5499877929688,6648631.75,False,False,False,False,0,-0.09671060936176967
2022-05-23,681.7999877929688,693.9000244140625,679.5999755859375,685.8499755859375,3788601,708.9467438025142,717.5934142845132,38.676303166794234,19.894109127571777,761.5499877929688,6621910.6,False,False,False,False,0,-0.09940255192757053
2022-05-24,689.25,689.25,675.8499755859375,678.2000122070312,4053608,706.0184836505634,716.048574987357,36.38863826990995,19.43024593374969,761.5499877929688,6552228.3,False,False,False,False,0,-0.10944780634491535
2022-05-25,681.25,689.9000244140625,679.5499877929688,688.2000122070312,4188088,704.321486370227,714.9564744861677,41.27822292467996,18.87808638184123,761.5499877929688,6576357.15,False,False,False,False,0,-0.0963166919593964
2022-05-26,690.0,695.5,675.9000244140625,693.6500244140625,5780597,703.3051566601162,714.1209274245166,43.81308661320121,18.929649896419534,761.5499877929688,6536369.15,False,False,False,False,0,-0.08916021859009626
2022-05-27,697.0499877929688,700.0,676.0,684.4000244140625,7131633,701.5046678747776,712.9554018162635,40.60898352711275,19.291817760960996,761.0,6596829.05,False,False,False,True,1,-0.10065699814183637
2022-05-30,687.4500122070312,703.75,683.0,699.0499877929688,4675033,701.2708888193672,712.4100914624088,47.19546321820343,19.39597363517807,761.0,6648317.4,False,False,False,False,0,-0.08140606071883216
2022-05-31,697.5,706.5999755859375,692.5999755859375,700.2000122070312,44593174,701.1689005705732,711.931264824943,47.68592632289442,19.010546946951067,742.9500122070312,6521113.3,False,False,False,True,1,-0.05754088336711305
2022-06-01,701.5499877929688,706.2000122070312,691.25,694.6500244140625,3749781,700.548055222334,711.2535691225555,45.48998587207515,18.72050875124251,739.3499755859375,8553845.35,False,False,False,False,0,-0.06045844680856338
2022-06-02,688.9000244140625,696.9500122070312,683.0499877929688,695.9500122070312,3466993,700.1101463637337,710.6534296356723,46.11591160279365,18.376188441443936,735.0,8402070.85,False,False,False,False,0,-0.05312923509247447
2022-06-03,697.0499877929688,700.7999877929688,685.25,686.5,6673615,698.81394194814,709.7062363166262,42.312342117281354,18.17431696655285,735.0,8333585.9,False,False,False,False,0,-0.06598639455782318
2022-06-06,682.2000122070312,689.7999877929688,676.5,682.9500122070312,6407024,697.3030914966058,708.6569726260539,40.94608598517676,17.826150597011132,735.0,8371651.05,False,False,False,False,0,-0.0708163099224065
2022-06-07,678.1500244140625,687.25,673.2999877929688,685.2999877929688,8349903,696.159938762926,707.7410124365211,42.27486030217499,17.549283569155428,735.0,8451038.55,False,False,False,False,0,-0.06761906422725339
2022-06-08,682.5,687.7999877929688,660.4500122070312,663.2999877929688,13904149,693.03041962293,705.9982271563819,34.457937386729924,18.249332998925578,735.0,8531189.05,False,False,False,True,1,-0.09755103701636902
2022-06-09,660.0,679.4000244140625,655.0999755859375,676.3499755859375,6774925,691.4418059051212,704.8355506242076,41.38193963105257,18.681526986725537,727.1500244140625,8880411.35,False,False,False,False,0,-0.06986185398131517
2022-06-10,668.0,676.4500122070312,668.0,673.3499755859375,3221484,689.7187744461513,703.6008221913343,40.327233766548964,17.95070450246166,727.1500244140625,8881409.95,False,False,False,False,0,-0.07398755005403057
2022-06-13,660.0999755859375,673.3499755859375,658.0,671.2999877929688,5982102,687.9646042887053,702.334122803163,39.58478999724388,17.764938151281367,727.1500244140625,8445571.55,False,False,False,False,0,-0.07680675891621913
2022-06-14,669.0999755859375,689.4000244140625,669.0999755859375,682.0499877929688,8878530,687.4013074795876,701.5386665282535,45.27457848454192,17.946017485341628,727.1500244140625,8474065.0,False,False,False,True,1,-0.06202301465565563
2022-06-15,681.9500122070312,685.0,673.5,682.0999755859375,6005970,686.8964187278114,700.7763649226727,45.30037579065396,17.485587664960086,727.1500244140625,8675600.9,False,False,False,False,0,-0.061954269841943965
2022-06-16,683.0999755859375,683.9000244140625,650.0,654.2000122070312,9525587,683.7824752496418,698.9498412867651,35.29878013316906,18.658047432753115,706.5999755859375,8026264.25,False,False,False,True,1,-0.07415789016331953
2022-06-17,656.0,661.75,638.0,643.6500244140625,11085830,679.9603370748248,696.7812210172474,32.38692225401431,19.021758330413608,706.5999755859375,8136410.2,False,False,False,True,1,-0.08908852723873173
2022-06-20,644.9500122070312,647.4500122070312,634.2000122070312,640.9000244140625,3883001,676.2403072976093,694.5898015426128,31.653923154856685,18.60948987824121,706.5999755859375,8411831.35,False,False,False,False,0,-0.09298040396533314
2022-06-21,642.0999755859375,658.1500244140625,640.5,654.2999877929688,3515991,674.1507530590721,693.0098088465484,38.90936704753797,18.540956630799872,706.5999755859375,8416551.35,False,False,False,False,0,-0.07401640192472381
2022-06-22,648.5999755859375,650.3499755859375,641.4500122070312,642.8499755859375,4348884,671.1697266330593,691.0427565618186,35.44668187967284,18.134457984738273,706.5999755859375,8389670.5,False,False,False,False,0,-0.09022077866212241
2022-06-23,648.1500244140625,664.5999755859375,647.75,660.2000122070312,4336533,670.1249919258186,689.8332371753563,43.63257657741576,18.392710985828394,706.5999755859375,8397710.3,False,False,False,False,0,-0.06566652275982565
2022-06-24,662.0999755859375,675.7000122070312,662.0999755859375,671.2000122070312,5621332,670.2273748097437,689.1025224707162,48.124066987025614,18.18608877255494,706.5999755859375,8325507.1,False,False,False,False,0,-0.05009901585342025
2022-06-27,675.0,687.0,671.2000122070312,683.9500122070312,5284297,671.5342926571044,688.9004632446894,52.817055745478655,18.015652988298783,706.5999755859375,8249992.05,False,False,True,False,1,-0.03205486012099579
2022-06-28,683.0,684.9000244140625,676.2999877929688,681.1500244140625,3216376,672.4500766339576,688.5965244670177,51.71070037179757,17.343108962069852,706.5999755859375,8280455.25,False,False,True,False,1,-0.036017480966895055
2022-06-29,677.0,689.0999755859375,675.0,687.7999877929688,5011798,673.9119729348158,688.5652877347021,54.16627649102435,17.111456578060398,706.2000122070312,6211615.35,False,False,True,False,1,-0.026054976063450308
2022-06-30,689.7999877929688,691.5999755859375,679.0,684.9500122070312,6505666,674.9632147702648,688.4235122238131,52.92415801609586,16.789207935765905,700.7999877929688,6274716.2,False,False,True,True,2,-0.022616974688960623
2022-07-01,684.8499755859375,685.7999877929688,666.0,673.4500122070312,4488771,674.819100240433,687.8363161447237,48.12820331503685,17.00426363985182,700.7999877929688,6426649.85,False,False,False,False,0,-0.03902679232639661
2022-07-04,670.5,685.5,666.0499877929688,681.9000244140625,4229588,675.493473971255,687.6035203905801,51.59892882259111,17.178959966078924,691.5999755859375,6317407.65,False,False,True,False,1,-0.014025378129397748
2022-07-05,683.2999877929688,689.2999877929688,680.0499877929688,684.4500122070312,3494504,676.3464776127574,687.47985340299,52.62899940250921,16.612605682787574,691.5999755859375,6208535.85,False,False,True,False,1,-0.010338293278348787
2022-07-06,684.5,694.9500122070312,684.2000122070312,693.9500122070312,4697006,678.023004716974,687.7335851207955,56.355583204314506,16.193848134017035,691.5999755859375,5965765.9,False,True,True,False,1,0.003397970942816686
2022-07-07,692.0,696.5,685.4500122070312,686.7999877929688,3485283,678.8589078670688,687.6969734608807,52.977587346734836,15.826429538227872,694.9500122070312,5505408.75,False,False,True,False,1,-0.011727497332044812
2022-07-08,688.0,696.5999755859375,686.6500244140625,695.1500244140625,2732170,680.4104427763062,687.9892499688486,56.2739003466258,15.406681083488381,696.5,5340926.65,False,False,True,False,1,-0.0019382276897882411
2022-07-11,675.0,681.0,658.9500122070312,660.5499877929688,18687521,678.5189708731313,686.9132004717553,42.864857447045615,16.891919020884302,696.5999755859375,5316460.95,False,False,False,True,1,-0.051751348056889745
2022-07-12,663.25,666.9000244140625,660.0,663.0,7416645,677.0409736471187,685.9754279042355,43.88450466123888,16.178212263254174,696.5999755859375,5951731.9,False,False,False,True,1,-0.04823424743544569
2022-07-13,670.0,670.0,641.0,643.5,12030163,673.846595204536,684.3097248491675,38.06223920413839,17.094054244450305,696.5999755859375,5878637.65,False,False,False,True,1,-0.07622735780499135
2022-07-14,650.0,652.2000122070312,628.75,641.6500244140625,11379990,670.7802551292529,682.6367954203399,37.55320856919254,17.548051241777515,696.5999755859375,6179847.3,False,False,False,True,1,-0.07888307938233052
2022-07-15,648.9500122070312,657.5,643.25,651.7999877929688,5567877,668.9726106210353,681.4275088467175,42.12634012704238,17.42676012350323,696.5999755859375,6272567.45,False,False,False,False,0,-0.06431235912014743
2022-07-18,657.0,670.0,649.1500244140625,663.0499877929688,8982417,668.4085513040766,680.7068217465705,46.77858645626279,17.671275513677106,696.5999755859375,5996669.8,False,False,False,True,1,-0.048162487753101835
2022-07-19,675.0,677.0,663.0999755859375,672.9000244140625,7836419,668.8363106478847,680.4006728315703,50.528384297142125,17.405470991773832,696.5999755859375,6251640.6,False,False,True,True,2,-0.03402232558498164
2022-07-20,680.0,680.0,668.2000122070312,670.6500244140625,4458819,669.0090452922826,680.0182944622563,49.66754224182581,17.005079334716328,696.5999755859375,6467662.0,False,False,False,False,0,-0.037252299858390736
2022-07-21,671.5,679.9500122070312,671.2000122070312,678.3499755859375,3550107,669.8986577012021,679.9528701925967,52.641122088757214,16.45471565316293,696.5999755859375,6473158.75,False,False,True,False,1,-0.026198680217651815
2022-07-22,679.7000122070312,681.9000244140625,675.2000122070312,678.8499755859375,2415220,670.7511641664149,679.9096194237081,52.835975958692934,15.757951121296381,696.5999755859375,6433837.45,False,False,True,False,1,-0.02548090815689419
2022-07-25,680.0,686.5499877929688,676.5499877929688,678.4000244140625,2913348,671.4796270471433,679.8504196194083,52.62613552376324,15.346668898346639,696.5999755859375,6273531.85,False,False,True,False,1,-0.02612683291664819
2022-07-26,682.5999755859375,685.3499755859375,670.25,684.0999755859375,5016687,672.6815650032189,680.0170688729977,55.0609919473612,15.329047947460273,696.5999755859375,6154984.4,False,False,True,False,1,-0.017944301518939554
2022-07-27,683.9500122070312,683.9500122070312,669.7000122070312,674.9000244140625,6237523,672.8928468518707,679.8164004628434,50.545394634227435,15.262684763992128,696.5999755859375,6244999.95,False,False,True,False,1,-0.031151237341951243
2022-07-28,678.7999877929688,679.4000244140625,664.2000122070312,666.8499755859375,7374170,672.3173353027341,679.3079132127687,46.91944539169697,15.258208152780636,696.5999755859375,6306286.2,False,False,False,True,1,-0.042707437615076116
2022-07-29,672.7999877929688,680.6500244140625,671.0,677.9500122070312,7669970,672.853780722191,679.2546621929358,52.02949375839925,15.154053915305234,696.5999755859375,6349711.4,False,False,True,True,2,-0.026772845295061964
2022-08-01,677.9500122070312,697.7999877929688,677.0499877929688,694.4500122070312,8812526,674.9105646731282,679.85055827192,58.43510352895921,15.55376434992629,696.5999755859375,6508771.35,False,False,True,True,2,-0.003086367290061731
2022-08-02,700.0,700.2999877929688,681.1500244140625,686.7999877929688,6236599,676.0428906845416,680.1230849198042,54.78258633992349,15.810635709139145,697.7999877929688,6737918.25,False,False,True,False,1,-0.015763829453180778
2022-08-03,688.0,696.8499755859375,687.0,693.1500244140625,5237250,677.6721415159245,680.6339452921281,57.1754051063447,15.399160857984116,700.2999877929688,6875023.0,False,False,True,False,1,-0.010209857923087706
2022-08-04,698.2000122070312,698.5,680.7000122070312,694.2999877929688,6352142,679.255745923262,681.1698685274553,57.612857394827536,15.570648496197304,700.2999877929688,6902035.2,False,False,True,False,1,-0.008567756825056172
2022-08-05,698.0,710.0,696.3499755859375,703.6500244140625,5811092,681.5790105414335,682.0514432681065,61.09286848093964,15.579888761256871,700.2999877929688,7045378.15,False,True,True,False,1,0.004783716520760706
2022-08-08,707.9500122070312,709.8499755859375,699.0,704.3499755859375,5918607,683.7476738790053,682.9258955158646,61.34869745965263,15.242037820162631,710.0,7199324.25,True,False,True,False,1,-0.007957780864876751
2022-08-10,713.9000244140625,718.0,706.0,715.25,12201239,686.7478954143381,684.1935074564188,65.18753480787144,15.128322576869765,710.0,6560878.55,True,True,True,True,2,0.007394366197183144
2022-08-11,718.7999877929688,719.4000244140625,705.7000122070312,709.7999877929688,7142902,688.9433327837315,685.1976831558914,61.878292369686626,15.026300407595587,718.0,6800108.25,True,False,True,True,2,-0.011420629814806738
2022-08-12,709.8499755859375,712.5,706.6500244140625,709.7000122070312,4540159,690.9201593954743,686.1585588049556,61.81629857924934,14.37084863462001,719.4000244140625,6555745.2,True,False,True,False,1,-0.013483474948352558
2022-08-16,715.0,716.0,700.5,704.0999755859375,6679663,692.1753799850422,686.8621437767588,58.29331807959531,14.451502303575724,719.4000244140625,6213753.65,True,False,True,True,2,-0.021267790254228314
2022-08-17,707.0,724.6500244140625,702.2999877929688,722.9500122070312,8812954,695.1062973395174,688.2773543034361,65.43430926322452,15.015683326255584,719.4000244140625,6269342.95,True,True,True,True,2,0.00493465064288845
2022-08-18,725.0,736.0,720.9000244140625,733.2000122070312,10354897,698.7342701840425,690.0390271624007,68.58421214062567,15.021704201947149,724.6500244140625,6260869.8,True,True,True,True,2,0.011798782177482314
2022-08-19,730.2000122070312,737.5999755859375,726.0,732.2999877929688,13743828,701.9310051944165,691.6963197361486,67.99825640694883,14.777295015089317,736.0,6386793.7,True,False,True,True,2,-0.00502719049868372
2022-08-22,731.8499755859375,734.4000244140625,724.4000244140625,727.5999755859375,8118490,704.3756690412281,693.1043062400619,64.88089698064303,14.43605965686865,737.5999755859375,6851044.15,True,False,True,True,2,-0.013557484179763102
2022-08-23,725.0,742.5999755859375,722.5499877929688,737.5999755859375,8229797,707.5398887121528,694.8492344497041,68.2192964766792,14.837054523732943,737.5999755859375,7079463.3,True,False,True,True,2,0.0
2022-08-24,722.8499755859375,754.2000122070312,718.0,738.75,14922081,710.5122802633764,696.5708330987354,68.58909660859,16.362980072539965,742.5999755859375,7370192.15,True,False,True,True,2,-0.005184454231768276
2022-08-25,744.7999877929688,754.0499877929688,735.25,741.0,9849958,713.4158726192453,698.3131533693733,69.3407628417577,16.537052052570594,754.2000122070312,7970628.8,True,False,True,True,2,-0.017502004764497148
2022-08-26,741.5,741.5,728.0,730.8499755859375,5928897,715.0762633779779,699.5891071817875,62.11907300175776,16.320119763101268,754.2000122070312,8212292.35,True,False,True,False,1,-0.030960005626046172
2022-08-29,717.7000122070312,724.9000244140625,715.0999755859375,720.5999755859375,5878942,715.6023312073073,700.4130628054797,55.79905228712502,16.279396922879748,754.2000122070312,8196861.05,True,False,True,False,1,-0.04455056493935772
2022-08-30,722.0,730.0999755859375,711.7999877929688,726.5999755859375,8894800,716.6497259100339,701.4400005615761,58.46308666187077,16.42372484217182,754.2000122070312,8122099.65,True,False,True,True,2,-0.0365951155852241
2022-09-01,726.5,746.0,726.5,735.0499877929688,11869518,718.4021318036467,702.7580392765326,61.94201001090274,16.64345878201669,754.2000122070312,8183341.15,True,False,True,True,2,-0.025391174892749446
2022-09-02,725.0,740.9000244140625,719.6500244140625,735.0,5693707,719.9828811556804,704.0224298931392,61.90897643621579,16.97249744044407,754.2000122070312,8336190.75,True,False,True,False,1,-0.025457454118630762
2022-09-05,735.0,741.9500122070312,733.25,740.4000244140625,3660135,721.9273709898121,705.4490022272931,64.13416910063557,16.38160563805744,754.2000122070312,8309046.15,True,False,True,False,1,-0.01829751732910423
2022-09-06,740.4000244140625,765.0,740.4000244140625,761.25,10166270,725.6723832764966,707.6372766497523,71.14358543208712,16.968632062906018,754.2000122070312,8230190.4,True,True,True,True,2,0.00934763680570394
2022-09-07,755.5,761.9000244140625,686.2000122070312,753.0999755859375,126794211,728.2845349250148,709.4201275884262,65.73555259442685,21.16373064462925,765.0,8420896.8,True,False,True,True,2,-0.015555587469362697
2022-09-08,759.0,776.0,757.0499877929688,769.7999877929688,10648073,732.2383875791057,711.7879652435063,70.65756093226177,21.287751628160198,765.0,14470052.75,True,True,True,False,1,0.006274493847018059
2022-09-09,773.0,774.7999877929688,762.9000244140625,765.75,4627905,735.429969714429,713.9041234692511,68.10260198071315,20.61719532464206,776.0,14706526.05,True,False,True,False,1,-0.013208762886597891
2022-09-12,767.0,771.4000244140625,764.5,769.1500244140625,2654087,738.6414034953466,716.0706293886554,69.11237284685754,19.637397402457808,776.0,14327859.35,True,False,True,False,1,-0.008827288126208144
2022-09-13,774.0,788.9000244140625,770.0,784.25,8335652,742.9850793529326,718.7443301969435,73.17401899125315,19.645440445139393,776.0,14103418.6,True,True,True,False,1,0.010631443298969145
2022-09-14,776.0,788.4000244140625,775.75,783.3499755859375,6645392,746.8293551846474,721.2778849180804,72.56154620700349,19.145767871491042,788.9000244140625,14293193.25,True,False,True,False,1,-0.007035173857735888
2022-09-15,788.0,790.6500244140625,782.0,785.0999755859375,5485310,750.4741761752464,723.7807120030944,73.0341662987172,18.396071910246146,788.9000244140625,14291479.7,True,False,True,False,1,-0.0048168953105907075
2022-09-16,788.0,788.0,776.4500122070312,779.6500244140625,20211162,753.2528283884669,725.9716654309756,69.04550462878606,17.907065901869192,790.6500244140625,14125097.5,True,False,True,True,2,-0.013912603124437872
2022-09-19,773.5,786.0,772.2000122070312,782.75,5760313,756.0620828276606,728.1982667866237,70.04754204063322,17.613703179804876,790.6500244140625,14617910.75,True,False,True,False,1,-0.009991809486020187
2022-09-20,786.7000122070312,796.9500122070312,785.0,792.1500244140625,7936714,759.4990296454131,730.7061788504448,72.91110591383875,17.369868110321047,790.6500244140625,14218735.0,True,True,True,False,1,0.0018971731533323766
2022-09-21,792.1500244140625,797.0,779.0,780.2000122070312,9966193,761.4705517941387,732.6471134918795,64.47246111141703,17.4148775310124,796.9500122070312,14209646.2,True,False,True,False,1,-0.02101762939135099
2022-09-22,791.2000122070312,794.7999877929688,776.3499755859375,784.0999755859375,7721133,763.6257350124052,734.6648727896857,65.8611494212643,17.488815722156605,797.0,14296466.0,True,False,True,False,1,-0.01618572699380494
2022-09-23,788.0,788.0,768.7000122070312,771.3499755859375,9271829,764.3613769717892,736.1035042718916,57.89392598626762,17.618185155786044,797.0,13936418.6,True,False,True,False,1,-0.03218321758351628
2022-09-26,769.9500122070312,771.1500244140625,753.2000122070312,755.0499877929688,13144297,763.4745780023778,736.8465036256594,49.62841228401839,17.656169314580342,797.0,13907512.15,True,False,False,False,0,-0.05263489611923622
2022-09-27,758.8499755859375,765.0,757.2000122070312,760.5999755859375,5965026,763.2008063436692,737.778012329984,52.134240170815076,17.10572952118398,797.0,14268282.15,True,False,True,False,1,-0.04567129788464552
2022-09-28,755.5,771.0,755.0,761.4500122070312,5546932,763.0340640449418,738.7063260506525,52.52379793036136,17.026748841099412,797.0,14272586.35,True,False,True,False,1,-0.04460475256332341
2022-09-29,763.9500122070312,769.0,759.2999877929688,764.6500244140625,5413233,763.1879650324772,739.7237259864725,54.04023159019153,16.503410510094543,797.0,14105192.95,True,False,True,False,1,-0.040589680785366955
2022-09-30,765.9500122070312,809.0,761.4500122070312,799.9000244140625,7469164,766.6843516402472,742.0835808267701,66.66956856267605,18.721023173156986,797.0,13782378.7,True,True,True,False,1,0.0036386755508939217
2022-10-03,803.4000244140625,815.5499877929688,798.0499877929688,803.3499755859375,12619046,770.176315825551,744.486184542816,67.6077405730723,18.6338072322172,809.0,13871151.55,True,False,True,False,1,-0.006983960956813973
2022-10-04,813.0,816.75,807.5,808.7000122070312,5772140,773.8452392904538,747.0043738629813,69.06206516138147,18.25996560234901,815.5499877929688,14319097.1,True,False,True,False,1,-0.00839920996685295
2022-10-06,810.5499877929688,815.8499755859375,786.6500244140625,788.5999755859375,6503205,775.2504522709761,748.6355739305483,58.44525317798727,19.04139314302944,816.75,14099390.6,True,False,True,False,1,-0.03446590072122746
2022-10-07,792.0,796.7999877929688,784.7000122070312,793.0999755859375,6025982,776.950406872401,750.3792759562498,59.93040175006518,18.54557760323716,816.75,8084840.3,True,False,True,False,1,-0.028956258847949168
2022-10-10,784.9500122070312,794.7999877929688,779.7000122070312,792.3499755859375,3519416,778.4170324641664,752.0251857456493,59.548410978186766,18.299463173430045,816.75,7853735.75,True,False,True,False,1,-0.029874532493495587
2022-10-11,797.5,797.5,776.0,780.2999877929688,3699862,778.5963615431,753.134001512211,53.63345540397327,18.52807294675647,816.75,7798311.3,True,False,True,False,1,-0.04462811411941381
2022-10-12,780.2999877929688,781.3499755859375,769.2000122070312,775.5499877929688,5984299,778.3062307097542,754.0130597977309,51.46339688750194,18.072493691910026,816.75,7850600.05,True,False,True,False,1,-0.050443847207874204
2022-10-13,775.0,779.0,767.6500244140625,768.9000244140625,2842056,777.4104015387359,754.5968623317048,48.504511586798635,17.592313827197703,816.75,7733032.4,True,False,False,False,0,-0.05858582869413831
2022-10-14,779.9500122070312,779.9500122070312,763.0499877929688,765.9500122070312,3608210,776.3189358880974,755.0420838954432,47.20783110947069,17.542864583402334,816.75,7542865.6,True,False,False,False,0,-0.06219771997914758
2022-10-17,761.0,771.0,759.8499755859375,766.0,4566333,775.336180089231,755.4718060956219,47.233572580414446,17.086233142735203,816.75,7449010.6,True,False,False,False,0,-0.06213651668197118
2022-10-18,769.8499755859375,785.5999755859375,768.6500244140625,783.1500244140625,4391263,776.080355739215,756.5572264218353,55.288608871878964,17.26578617439251,816.75,6666769.15,True,False,True,False,1,-0.041138629428757234
2022-10-19,787.9500122070312,788.6500244140625,779.5,783.4000244140625,5219180,776.7774670415814,757.6098851666285,55.39550166345336,16.686088905797508,816.75,6598316.65,True,False,True,False,1,-0.04083253821357513
2022-10-20,782.0,794.0,778.2999877929688,792.9000244140625,4756732,778.3129486961034,758.9938121959397,59.37052537093931,16.615654855885634,816.75,6462439.95,True,False,True,False,1,-0.029201072036654452
2022-10-21,790.0,802.8499755859375,789.75,797.4500122070312,4807736,780.1355261733346,760.5018984708844,61.156010359174815,16.364534908032194,816.75,6201966.9,True,False,True,False,1,-0.023630226866199866
2022-10-24,800.0,807.5,800.0,802.0999755859375,522406,782.2273784983445,762.1331956126512,62.948059596186376,15.913495828384805,816.75,6056297.05,True,False,True,False,1,-0.017936975101392694
2022-10-25,806.1500244140625,806.3499755859375,798.7000122070312,802.2999877929688,3184277,784.139055574023,763.7083639334479,63.02707314945749,15.32324351056491,816.75,5618825.9,True,False,True,False,1,-0.017692087183386884
2022-10-27,806.5,822.2000122070312,804.2000122070312,817.0999755859375,8159181,787.278190813253,765.8021526257024,68.39742399109369,15.650156432243309,816.75,5120824.9,True,True,True,True,2,0.0004284978095348002
2022-10-28,819.0,824.4000244140625,811.2999877929688,816.8499755859375,3905093,790.0945512677943,767.8040280359078,68.21717373742544,15.468005017161197,822.2000122070312,5230532.65,True,False,True,False,1,-0.006506977063564623
2022-10-31,823.0,833.7999877929688,820.0,832.0,5487233,794.0855463851472,770.3215171325388,72.88123324008006,15.573862673580486,824.4000244140625,5148440.7,True,True,True,True,2,0.0092187959253629
2022-11-01,828.0,841.4500122070312,821.0499877929688,835.5499877929688,10488759,798.0345408049396,772.8794963741243,73.84961772079937,15.918588512186343,833.7999877929688,5152140.7,True,True,True,True,2,0.0020988246889186435
2022-11-02,830.0,830.0,807.25,809.8499755859375,11729925,799.1598203078918,774.3293190883131,57.76722845407229,16.802974175099372,841.4500122070312,5303120.45,True,False,True,True,2,-0.0375542648555085
2022-11-03,809.75,824.4000244140625,804.2000122070312,818.6500244140625,5897840,801.0160302227652,776.0673859638327,60.906596516618905,17.045619748808793,841.4500122070312,5258664.4,True,False,True,True,2,-0.027096069240247433
2022-11-04,815.7000122070312,821.7999877929688,809.2000122070312,816.4000244140625,3768226,802.4811725266982,777.6490580599202,59.68496641326086,16.72807373717513,841.4500122070312,5264949.4,True,False,True,False,1,-0.029770024873213008
2022-11-07,817.0,824.0499877929688,809.0,822.7000122070312,7171570,804.4067763057775,779.4157621441207,61.98419154742931,16.608210455446105,841.4500122070312,5128200.45,True,False,True,True,2,-0.022282963608047046
2022-11-09,824.2000122070312,825.5,814.4500122070312,819.0499877929688,3969171,805.8013678759862,780.9700455028991,59.85433275594636,16.21119455098344,841.4500122070312,5185479.85,True,False,True,False,1,-0.02662074287135574
2022-11-10,819.7999877929688,830.7000122070312,817.5499877929688,825.75,4425290,807.7012376020828,782.7261221498443,62.40781007113071,15.992539541203373,841.4500122070312,5207967.6,True,False,True,False,1,-0.018658282701609186
2022-11-11,830.75,836.9000244140625,823.7999877929688,826.9000244140625,4325441,809.5296934889379,784.4584320425588,62.84465845251544,15.78593218976697,841.4500122070312,5244239.0,True,False,True,False,1,-0.017291565252706698
2022-11-14,818.0,830.7999877929688,817.0,821.9000244140625,10406576,810.7078202437117,785.9267297826177,59.601714201425835,15.6440790185671,841.4500122070312,5161296.1,True,False,True,True,2,-0.02323368888151922
2022-11-15,822.6500244140625,838.75,822.6500244140625,835.25,6229710,813.0451706966916,787.8609756734954,64.82140474878705,15.730214487664986,841.4500122070312,5539522.1,True,False,True,True,2,-0.007368247806865291
2022-11-16,837.5,844.0499877929688,828.0499877929688,841.2000122070312,3445345,815.7265841738667,789.9527025963791,66.87564537174485,15.749484881403202,841.4500122070312,5670597.1,True,False,True,False,1,-0.0002971061814406317
2022-11-17,841.7999877929688,849.4000244140625,838.4000244140625,846.1500244140625,4545534,818.624054672933,792.1565191382491,68.52246715257743,15.410235961302975,844.0499877929688,5614547.7,True,True,True,False,1,0.0024880476884845404
2022-11-18,849.9500122070312,851.8499755859375,831.0999755859375,837.2999877929688,7405949,820.4027149700792,793.9268512423557,62.536224511823995,15.791647678352764,849.4000244140625,5622261.25,True,False,True,True,2,-0.014245392363204434
2022-11-21,837.0,852.7999877929688,835.0,851.2000122070312,5527122,823.335790897408,796.172857554696,67.35941522078318,15.935100543682477,851.8499755859375,5731599.7,True,False,True,False,1,-0.0007630021688492805
2022-11-22,853.4000244140625,860.5499877929688,845.0999755859375,847.5999755859375,7601660,825.6466656296489,798.1896072814113,65.02447490002045,15.900451376778818,852.7999877929688,5770119.2,True,False,True,True,2,-0.00609757537695188
2022-11-23,851.8499755859375,851.8499755859375,841.5999755859375,843.25,4596816,827.3231736649204,799.9566815056697,62.21801888942492,15.496847707008904,860.5499877929688,5909815.4,True,False,True,False,1,-0.02010340832998858
2022-11-24,846.0,851.0,837.75,848.3499755859375,3455310,829.3257262288269,801.8544577441116,64.17050534291141,15.336358585079697,860.5499877929688,6113535.9,True,False,True,False,1,-0.014176994224728623
2022-11-25,852.0,860.0,841.5999755859375,846.8499755859375,2991065,830.9947023580754,803.6189878555558,63.13704129164301,15.55519185857847,860.5499877929688,6127087.55,True,False,True,False,1,-0.015920065541070283
2022-11-28,840.25,852.5499877929688,836.0499877929688,837.4000244140625,3668846,831.6047330300742,804.943734387262,56.91788259035141,15.622678154394293,860.5499877929688,5868681.75,True,False,True,False,1,-0.026901358093419314
2022-11-29,839.0,844.7999877929688,835.0,835.8499755859375,2680296,832.0090418449182,806.1557438460336,55.944452120737076,15.206771700006755,860.5499877929688,5856869.4,True,False,True,False,1,-0.028702588527575013
2022-11-30,834.7999877929688,852.0,832.5999755859375,848.75,6874390,833.6034188120689,807.8261068324637,61.79978797326685,15.506289751010737,860.5499877929688,5716522.55,True,False,True,True,2,-0.013712146836736272
2022-12-01,853.0,853.2000122070312,841.5999755859375,848.5999755859375,4506664,835.0316623143422,809.425082077698,61.69708761509209,15.22727167030238,860.5499877929688,5535804.1,True,False,True,False,1,-0.013886482338671735
2022-12-02,851.4000244140625,851.9500122070312,839.0999755859375,848.6500244140625,3505272,836.3286491809822,810.9633151104966,61.71994224614027,15.05746916678748,860.5499877929688,5174641.05,True,False,True,False,1,-0.013828323220857586
2022-12-05,851.0,851.5999755859375,840.8499755859375,844.0999755859375,3311316,837.0687755052637,812.2627919918865,58.313371616615605,14.74979279773123,860.5499877929688,5055012.65,True,False,True,False,1,-0.019115696287696382
2022-12-06,844.9000244140625,845.0,829.7000122070312,833.3499755859375,5567349,836.7146040843755,813.0897403681238,51.132661773894576,14.789092440248195,860.5499877929688,5032167.15,True,False,True,True,2,-0.031607707388144224
2022-12-07,837.5499877929688,841.5999755859375,832.0,834.0,3771882,836.4560703620541,813.909750549766,51.52139816550885,14.41844123636886,860.5499877929688,4951956.1,True,False,True,False,1,-0.030852348114094874
2022-12-08,833.0,840.2000122070312,826.2999877929688,832.5999755859375,4822179,836.0888232405191,814.6427005511846,50.58798373784563,14.381411463346979,860.5499877929688,4942091.65,True,False,True,False,1,-0.032479243046315
2022-12-09,830.2999877929688,836.5999755859375,823.9500122070312,834.9000244140625,4615843,835.9756043046661,815.4371054085523,52.12261287748777,14.25773660017264,860.5499877929688,4961936.1,True,False,True,False,1,-0.029806476953988525
2022-12-12,832.5999755859375,836.9500122070312,825.4000244140625,828.4000244140625,3149823,835.2541205055611,815.9454551734742,47.62135781302901,14.064325971086648,860.5499877929688,4976456.2,True,False,False,False,0,-0.03735978599146861
2022-12-13,822.0,840.0,822.0,838.0499877929688,3832999,835.5203935805523,816.812299589925,53.97597037574781,14.34544554458046,860.5499877929688,4613618.55,True,False,True,False,1,-0.026146069745123346
2022-12-14,840.6500244140625,842.0,828.1500244140625,829.2000122070312,7491333,834.9184524973598,817.2980922415762,48.20049863959835,14.310054833248822,860.5499877929688,4493783.0,True,False,False,True,1,-0.03643016214123718
2022-12-15,829.0,831.0,824.3499755859375,826.3499755859375,2996482,834.1024070772243,817.6530680590022,46.47582409073189,13.762909803306943,860.5499877929688,4696082.4,True,False,False,False,0,-0.03974204019773819
2022-12-16,825.0,832.7000122070312,819.9000244140625,822.75,4309644,833.0212254508219,817.8529477429629,44.318693816324725,13.69412965971136,860.5499877929688,4618629.8,True,False,False,False,0,-0.04392538298665649
2022-12-19,822.7000122070312,845.0499877929688,822.0,840.4000244140625,6397169,833.7239682092257,818.7371468281041,55.27836218987828,14.362405240658315,860.5499877929688,4463814.55,True,False,True,True,2,-0.023415215460736216
2022-12-20,839.75,839.75,822.0,828.9500122070312,2828863,833.2693057328263,819.1376513527679,48.59594814486317,14.650806610187185,860.5499877929688,4507316.9,True,False,False,False,0,-0.036720674027294065
2022-12-21,833.0,833.0499877929688,812.3499755859375,814.0,5079337,831.4341337582714,818.9361748291299,41.53569911484817,15.082892724247477,860.0,4268677.05,True,False,False,True,1,-0.05348837209302326
2022-12-22,819.0,824.7000122070312,809.5,816.5999755859375,3626834,830.0213567894777,818.8445591725341,43.08438659222527,15.091258401589174,860.0,4292803.1,True,False,False,False,0,-0.050465144667514505
2022-12-23,814.0,817.9500122070312,805.0,808.6500244140625,2804496,827.985991801343,818.4447734957313,39.62776030741354,14.938312244835037,860.0,4301379.3,True,False,False,False,0,-0.05970927393713665
2022-12-26,805.0499877929688,815.2000122070312,801.1500244140625,811.0,6023206,826.3682782964531,818.1528215939379,41.13125150428906,14.87486049827316,853.2000122070312,4292050.85,True,False,False,True,1,-0.04946086685801798
2022-12-27,815.0,819.4500122070312,805.0,814.7999877929688,1782053,825.2665363437403,818.0213379154685,43.57814192433942,14.84451419175588,853.2000122070312,4409768.85,True,False,False,False,0,-0.045007060319573244
2022-12-28,813.0,813.9000244140625,801.4500122070312,803.7999877929688,2907741,823.2221031484287,817.4636379106646,38.579199889801295,14.737761434197425,853.2000122070312,4364856.7,True,False,False,False,0,-0.05789969961003172
2022-12-29,807.0499877929688,824.75,760.0999755859375,820.75,6110313,822.9866647533402,817.5925148553445,48.401410371550206,18.30292307561636,853.2000122070312,4166524.25,True,False,False,True,1,-0.03803330021420248
2022-12-30,824.7000122070312,824.7999877929688,804.9500122070312,806.0999755859375,3113243,821.378408642159,817.141827040858,42.130339081378835,18.413426826353582,851.9500122070312,4246706.7,True,False,False,False,0,-0.05381775452096804
2023-01-02,806.25,816.2000122070312,805.5999755859375,813.5,1626846,820.6280840095725,816.9990102941576,45.94043374007838,17.85532752597788,851.5999755859375,4227105.25,True,False,False,False,0,-0.04473928684617812
2023-01-03,810.3499755859375,818.7999877929688,808.5,817.5999755859375,1717603,820.3396927311311,817.022577560502,47.9838454228975,17.315660402191515,845.0499877929688,4142881.75,True,False,False,False,0,-0.03248329992728938
2023-01-04,818.9500122070312,820.4500122070312,806.2000122070312,811.7999877929688,2970216,819.5263874989253,816.8177701186379,45.37112263737297,17.096684659177836,845.0499877929688,3950394.45,True,False,False,False,0,-0.039346784782329336
2023-01-05,825.0,825.0,803.75,807.0999755859375,5297349,818.3429196976883,816.4366801369634,43.312991453748275,17.393350040665133,845.0499877929688,3910311.15,True,False,False,True,1,-0.0449086003848671
2023-01-06,807.5499877929688,812.25,792.0,796.0,3199618,816.2150225836228,815.6352417002198,38.83276872578113,17.59739646633191,845.0499877929688,3934069.65,True,False,False,False,0,-0.058043889120776626
2023-01-09,802.7000122070312,821.5,801.0499877929688,819.4000244140625,4340729,816.5183560912837,815.7828802380176,50.46520680996944,18.161868147308205,845.0499877929688,3863258.4,True,False,True,True,2,-0.030353190638930938
2023-01-10,826.0999755859375,826.0999755859375,790.2999877929688,792.8499755859375,8392344,814.2642246145841,814.8835506438184,40.94962134669291,19.421733836283956,845.0499877929688,3922803.7,False,False,False,True,1,-0.061771508148722565
2023-01-11,775.0,779.6500244140625,751.6500244140625,765.5499877929688,28389020,809.6247734887161,812.9489011202556,33.876328964947476,20.977320788826173,845.0499877929688,4150770.95,False,False,False,True,1,-0.09407727489308826
2023-01-12,765.0,769.2999877929688,753.5499877929688,756.9000244140625,12732671,804.6033688149395,810.750905955307,31.990799541138514,20.603940732481448,845.0499877929688,5195655.3,False,False,False,True,1,-0.10431331241022679
2023-01-13,757.0,765.9500122070312,752.0,764.2999877929688,12279288,800.7649515747519,808.9293013214899,35.30811493310442,20.12866012352072,845.0499877929688,5682464.75,False,False,False,True,1,-0.09555647732851413
2023-01-16,766.4000244140625,768.0999755859375,754.6500244140625,759.1500244140625,5779293,796.8016251784958,806.9771728153163,34.06285671645456,19.651609484117458,845.0499877929688,6080946.95,False,False,False,False,0,-0.10165074802646012
2023-01-17,759.1500244140625,768.9000244140625,758.75,765.7000122070312,6594428,793.8395668002611,805.3584606345992,37.10127632772114,18.97292483625639,839.75,6050053.15,False,False,False,True,1,-0.08818099171535432
2023-01-18,768.2000122070312,780.0,766.0,776.5499877929688,5800899,792.192940228138,804.228716601594,41.87902670197895,18.639143618878702,833.0499877929688,6238331.4,False,False,False,False,0,-0.06782306083418554
2023-01-19,776.0,776.5,765.6500244140625,772.0,4169463,790.2698030635535,802.9648453623158,40.49004651175444,18.086345030309243,826.0999755859375,6274409.5,False,False,False,False,0,-0.06548841203822264
2023-01-20,775.8499755859375,775.8499755859375,758.2999877929688,764.4500122070312,6289718,787.8107753629323,801.4544597483831,38.224554152050636,18.048033799070637,826.0999755859375,6301540.95,False,False,False,False,0,-0.07462772691063091
2023-01-23,767.9000244140625,776.0,763.8499755859375,772.7000122070312,2685320,786.3716550623703,800.3268343546047,42.040740197702846,17.6267474144272,826.0999755859375,6475802.05,False,False,False,False,0,-0.06464104219471822
2023-01-24,773.0,777.5499877929688,761.0,775.6500244140625,5012125,785.3505473815792,799.3591163177207,43.387470882909476,17.549836012894453,826.0999755859375,6308907.75,False,False,False,False,0,-0.06107003106505571
2023-01-25,774.9500122070312,780.5,768.0,776.5,6560514,784.5076381071431,798.4626803836925,43.79271605241249,17.18913344054485,826.0999755859375,6470411.35,False,False,False,True,1,-0.06004112946590656
2023-01-27,774.9500122070312,778.9000244140625,765.7999877929688,774.5,6745926,783.5545297159865,797.5229674274693,43.01251178422445,16.897055096298345,826.0999755859375,6653050.0,False,False,False,True,1,-0.0624621439424915
2023-01-30,771.5999755859375,774.9500122070312,763.0,770.2000122070312,5420851,782.2826709056098,796.4514789874522,41.308518154151926,16.543694889922126,826.0999755859375,6684830.65,False,False,False,False,0,-0.06766731029044937
2023-01-31,775.0,779.0,768.4000244140625,770.2999877929688,8537557,781.1414629901202,795.4259303131587,41.366678780665694,16.11914351106608,826.0999755859375,6800211.05,False,False,False,True,1,-0.06754628912001948
2023-02-01,775.9500122070312,784.6500244140625,756.5999755859375,769.0999755859375,4472974,779.9946546659123,794.393539931699,40.843496169811395,16.971351033713148,826.0999755859375,7145746.6,False,False,False,False,0,-0.0689989125826701
2023-02-02,765.0999755859375,781.0,765.0499877929688,777.75,2841909,779.7808780310635,793.7408520912403,46.13218881728838,16.898398260378727,826.0999755859375,7283515.15,False,False,False,False,0,-0.05852799541804099
2023-02-03,779.9000244140625,794.9500122070312,778.4000244140625,792.9000244140625,5493687,781.03032054373,793.7078784568412,53.90503390442939,16.91994211371105,826.0999755859375,7277099.8,False,False,True,False,1,-0.04018878120451086
2023-02-06,789.7000122070312,794.6500244140625,778.7999877929688,789.25,2407975,781.8131471586129,793.5330596938279,51.95974195812276,16.843520292809814,826.0999755859375,7286916.7,False,False,True,False,1,-0.044607162177677684
2023-02-07,793.9000244140625,795.8499755859375,783.0,785.9000244140625,4126502,782.2023735638938,793.2337249769744,50.170239912960646,16.55826709946179,826.0999755859375,7247334.55,False,False,True,False,1,-0.048662331872558084
2023-02-08,778.0,781.0,765.0,775.0999755859375,9951783,781.5259547088505,792.522597549875,44.81193226939033,16.86839262193327,826.0999755859375,7236623.2,False,False,False,True,1,-0.0617358691529154
2023-02-09,770.0,775.0999755859375,761.2999877929688,766.6500244140625,5913945,780.1091994426802,791.5079868386666,41.11223868297441,16.649220848435807,795.8499755859375,7314595.15,False,False,False,False,0,-0.036690270864652375
2023-02-10,768.9500122070312,773.2000122070312,761.0,771.9500122070312,2954992,779.332133991666,790.7410074413476,44.22276866714268,16.331420231192624,795.8499755859375,6190841.4,False,False,False,False,0,-0.030030739601782486
2023-02-13,771.0,779.5999755859375,766.7000122070312,768.5999755859375,3705892,778.3100236673108,789.872731682312,42.68789220016576,16.086316170315026,795.8499755859375,5701957.45,False,False,False,False,0,-0.03424012167612045
2023-02-14,769.0,777.5999755859375,766.2000122070312,775.2000122070312,3502010,778.0138320996651,789.2973309185754,46.61883749363359,15.7515766852144,795.8499755859375,5273287.65,False,False,False,False,0,-0.025947055365180938
2023-02-15,775.0,787.1500244140625,772.2000122070312,785.4000244140625,3602838,778.7172789867507,789.1444953693789,52.08814830376803,15.69432207962989,795.8499755859375,5159423.5,False,False,True,False,1,-0.01313055411502817
2023-02-16,789.6500244140625,790.5,780.5999755859375,784.4500122070312,3399428,779.2632535791583,788.9603979904633,51.558294209210366,15.280443674946504,795.8499755859375,5009844.0,False,False,True,False,1,-0.01432426176869972
2023-02-17,785.9500122070312,787.4500122070312,770.2999877929688,776.7999877929688,3093216,779.0286568376165,788.483519159189,47.37883516432462,15.413985156311933,795.8499755859375,4889770.45,False,False,False,False,0,-0.023936656879260942
2023-02-20,781.25,793.7999877929688,777.0999755859375,779.1500244140625,3381774,779.0402156544209,788.1174997574193,48.75314681547212,15.52727193086108,795.8499755859375,4835958.1,False,False,False,False,0,-0.02098379303156961
2023-02-21,783.0499877929688,788.0,778.1500244140625,779.0499877929688,2769616,779.0411463342825,787.761911052931,48.69484570424588,15.121750763366538,795.8499755859375,4690560.9,False,False,False,False,0,-0.021109490869306025
2023-02-22,777.0,781.6500244140625,766.5,772.1500244140625,3261898,778.3848490085472,787.149680204348,44.722284352373485,15.12377030984482,795.8499755859375,4694775.7,False,False,False,False,0,-0.02977942061809591
2023-02-23,774.0,777.5,761.8499755859375,762.9500122070312,4062194,776.9148645512599,786.200673616218,40.03275364226196,15.161359888717513,795.8499755859375,4607264.35,False,False,False,False,0,-0.04133940364160216
2023-02-24,775.7000122070312,775.7999877929688,755.0,757.0999755859375,4357223,775.0277322688482,785.0594697718933,37.350748653340666,15.56411902473546,795.8499755859375,4482348.35,False,False,False,False,0,-0.048690081282556585
2023-02-27,753.0,754.4000244140625,738.4500122070312,752.9000244140625,6719439,772.9203315207734,783.7983150519784,35.511326741292095,15.784536478604801,795.8499755859375,4362913.2,False,False,False,True,1,-0.05396739648104343
2023-02-28,755.0,757.0999755859375,739.6500244140625,742.25,10562614,769.999347566414,782.1689693636656,31.301721999976323,15.903494670981244,795.8499755859375,4427842.6,False,False,False,True,1,-0.06734934627154443
2023-03-01,742.4000244140625,753.4500122070312,741.0,750.2000122070312,3744982,768.1136965798062,780.9152847692878,37.27882177011788,15.656817352127673,795.8499755859375,4529095.45,False,False,False,False,0,-0.05736001103134658
2023-03-02,751.0,751.7999877929688,735.7999877929688,740.0999755859375,4910541,765.4457231518187,779.3146844091565,33.31328524907774,15.681330398404267,795.8499755859375,4492695.85,False,False,False,True,1,-0.07005089113554919
2023-03-03,745.0,765.9000244140625,743.5499877929688,764.4000244140625,5759333,765.346132795842,778.7297957818979,47.722061852603616,16.404096000527176,795.8499755859375,4596127.45,False,False,False,True,1,-0.03951743687460729
2023-03-06,766.7000122070312,775.9000244140625,765.0999755859375,766.5999755859375,4597345,765.4655463948988,778.2541165585269,48.80061878885796,16.05380342906095,795.8499755859375,4609409.75,False,False,False,False,0,-0.03675315812941371
2023-03-08,764.0,769.9000244140625,760.7000122070312,766.5499877929688,3546995,765.5688265280482,777.7951311167403,48.77599434893428,15.564246913201686,795.8499755859375,4718878.25,False,False,False,False,0,-0.03681596870238879
2023-03-09,795.0,795.0,770.2000122070312,773.4000244140625,5240056,766.3146548981448,777.6227739911451,52.3260547335711,16.4846587199038,793.7999877929688,4689902.9,False,False,True,True,2,-0.02569912281760678
2023-03-10,773.0,778.9500122070312,768.2000122070312,773.75,4113931,767.0227830030833,777.4709005012963,52.507155348909556,16.07504023991067,795.0,4454316.55,False,False,True,False,1,-0.026729559748427723
2023-03-13,777.4500122070312,777.7999877929688,763.1500244140625,765.2999877929688,3447889,766.8587072687867,776.9936098068522,47.787033853605585,15.973249035553213,795.0,4364315.85,False,False,False,False,0,-0.03735850592079404
2023-03-14,764.0,776.75,764.0,771.7999877929688,3753502,767.3293054139469,776.7899383553274,51.40579463893995,15.743016961585127,795.0,4388960.7,False,False,True,False,1,-0.029182405291863223
2023-03-15,758.0,765.5499877929688,752.5,756.6500244140625,8101060,766.3122310330056,776.0001378086112,43.78814540285118,15.997086306683958,795.0,4391341.2,False,False,False,True,1,-0.04823896300117925
2023-03-16,750.0,759.0,743.5,745.9500122070312,7465693,764.3729720971985,774.82170151051,39.35266728103043,15.96158014192082,795.0,4621293.7,False,False,False,True,1,-0.0616980978527909
2023-03-17,750.0,759.4500122070312,739.1500244140625,757.25,9306857,763.6945938022272,774.1326151767646,45.61765475593517,16.271466402709958,795.0,4814436.45,False,False,False,True,1,-0.04748427672955979
2023-03-20,754.9500122070312,759.7999877929688,748.7999877929688,754.7999877929688,3566109,762.8474884680122,773.3744729264197,44.54325618847518,15.894933088230676,795.0,5109807.9,False,False,False,False,0,-0.050566053090605356
2023-03-21,760.0,766.0,755.1500244140625,756.9500122070312,5332221,762.2858240622045,772.7303764276202,45.75075304057889,15.559581596716432,795.0,5133452.55,False,False,False,True,1,-0.04786161986536952
2023-03-22,761.0,763.2000122070312,753.1500244140625,756.7000122070312,2680654,761.7538419807594,772.1017346934794,45.626350664413266,15.166039182163026,795.0,5230974.9,False,False,False,False,0,-0.048176085274174496
2023-03-23,758.0,765.7999877929688,756.8499755859375,763.5499877929688,2454948,761.924903486684,771.76637206993,49.66498324735358,14.732748925289775,795.0,5226526.8,False,False,False,False,0,-0.0395597637824292
2023-03-24,763.5499877929688,767.0,758.8499755859375,762.4500122070312,2336818,761.9749138410027,771.401024624326,49.035140700844984,14.26255431734497,795.0,5186179.3,False,False,False,False,0,-0.04094338087165883
2023-03-27,763.0,769.7000122070312,759.3499755859375,761.75,2258853,761.9534934751929,771.022553070431,48.612629656062126,13.98308876761274,795.0,5099910.5,False,False,False,False,0,-0.04182389937106923
2023-03-28,765.5999755859375,765.5999755859375,742.7999877929688,748.4500122070312,4166723,760.6674476401299,770.1373553895133,41.326604352207944,14.612867269423884,795.0,4994992.0,False,False,False,False,0,-0.05855344376474059
2023-03-29,751.0,754.9000244140625,738.8499755859375,743.5999755859375,4891868,759.0419741111592,769.0966738285889,39.02933873436165,14.715523095045391,795.0,4867356.2,False,False,False,True,1,-0.06465411875982707
2023-03-31,752.1500244140625,753.0,742.0499877929688,749.0,5796532,758.0855956243822,768.3085689725658,42.83924947966886,14.446558031615812,795.0,4583818.9,False,False,False,True,1,-0.05786163522012577
2023-04-03,755.0,761.9000244140625,752.0499877929688,760.5499877929688,2120667,758.3202996404381,768.0043108870914,50.031440469115466,14.336091344647718,795.0,4686396.4,False,False,True,False,1,-0.04333334868808958
2023-04-05,768.0,768.0,756.0,763.4500122070312,3197932,758.8088436943992,767.8257109388538,51.675565648796876,14.169227677172882,795.0,4546902.7,False,False,True,False,1,-0.039685519236438704
2023-04-06,762.5999755859375,768.7000122070312,759.0999755859375,765.9500122070312,1777379,759.4889549813166,767.7521541258412,53.107952369196134,13.842856887452944,795.0,4418832.65,False,False,True,False,1,-0.03654086514838839
2023-04-10,768.9500122070312,776.2999877929688,766.4500122070312,769.75,1701065,760.4661973640484,767.8305010228671,55.27786816157007,13.593365365916128,795.0,4277834.35,False,False,True,False,1,-0.031761006289308225
2023-04-11,776.0,776.0,768.1500244140625,774.1500244140625,3485481,761.7694189878594,768.0783254695806,57.717699788592284,13.183123238774797,795.0,4185537.85,False,False,True,False,1,-0.02622638438482705
2023-04-12,774.0,774.5499877929688,765.0999755859375,771.0999755859375,3794841,762.6580434257716,768.196821552575,55.45906360771728,12.916472450793115,778.9500122070312,4097809.1,False,False,True,False,1,-0.010077715512002983
2023-04-13,770.0,771.1500244140625,765.4500122070312,767.0499877929688,4292170,763.0763238416951,768.1518476796492,52.52009867086867,12.401011004810126,777.7999877929688,4081854.6,False,False,True,True,2,-0.013821033901663449
2023-04-17,789.0,789.0,754.3499755859375,759.6500244140625,9083437,762.750009610492,767.8184428457047,47.56068315867973,13.990226248328154,776.75,4124068.65,False,False,False,True,1,-0.022014773847360836
2023-04-18,765.0,765.0,752.5499877929688,759.75,4051481,762.4642944094928,767.5020333223437,47.63263050708883,13.88021095966409,789.0,4390565.4,False,False,False,False,0,-0.03707224334600756
2023-04-19,761.3499755859375,766.8499755859375,756.0,764.6500244140625,3429794,762.6724591718329,767.3901898357444,51.16888397835333,13.663765575826476,789.0,4188086.45,False,False,True,False,1,-0.030861819500554555
2023-04-20,764.0,773.75,762.5999755859375,772.2999877929688,2355441,763.5893666595601,767.5827309321062,56.14764565630253,13.484212635700478,789.0,3986291.5,False,False,True,False,1,-0.02116604842462766
2023-04-21,769.5999755859375,775.25,764.4500122070312,765.2000122070312,4524208,763.742761473605,767.4892909821033,50.95494586596848,13.292482289791069,789.0,3638720.7,False,False,True,True,2,-0.030164750054459732
2023-04-24,765.2000122070312,767.4000244140625,755.6500244140625,760.25,5271105,763.4101175237379,767.2053972180993,47.64648052784849,13.18230498337742,789.0,3686625.65,False,False,False,True,1,-0.03643852978453743
2023-04-25,764.9500122070312,777.0,761.75,772.5999755859375,5773233,764.2853421010902,767.4169493109557,55.423157505447165,13.437140341707606,789.0,3683569.85,False,False,True,True,2,-0.020785835759268068
2023-04-26,779.9000244140625,779.9000244140625,767.0999755859375,773.4500122070312,5057352,765.1581678254655,767.6535400127626,55.90862266094306,13.391633805023135,789.0,3838198.8,False,False,True,True,2,-0.019708476290201227
2023-04-27,772.0,789.2000122070312,771.3499755859375,786.5,4129769,767.1907232706593,768.3926168750073,62.636177066163235,13.71009114902818,789.0,3968319.0,False,False,True,True,2,-0.003168567807351086
2023-04-28,789.8499755859375,802.0499877929688,787.2000122070312,799.2999877929688,6572656,770.2487484632602,769.6046706364959,67.82229873934185,13.84151233788108,789.2000122070312,4057966.55,True,True,True,True,2,0.01279773876040946
2023-05-02,800.25,806.7999877929688,788.5499877929688,790.2000122070312,6301210,772.1488688198099,770.4123310902424,61.30723754838263,14.156404313746718,802.0499877929688,4273656.7,True,False,True,True,2,-0.014774609770328073
2023-05-03,794.5,794.5,777.2000122070312,779.2999877929688,3908267,772.8299277696345,770.7608666472121,54.54801325745354,14.380945990834007,806.7999877929688,4380381.05,True,False,True,False,1,-0.03408527567684683
2023-05-04,779.2999877929688,792.7000122070312,773.6500244140625,789.0999755859375,2457671,774.3794561330919,771.4800473899072,58.93201987295133,14.714448976700776,806.7999877929688,4331201.0,True,False,True,False,1,-0.02193853802037138
2023-05-05,789.0999755859375,790.9500122070312,780.25,787.2999877929688,1438467,775.6099829578421,772.1004372096352,57.828727355439035,14.427703493152952,806.7999877929688,4164257.95,True,False,True,False,1,-0.02416955911630958
2023-05-08,789.9000244140625,795.2999877929688,785.2000122070312,793.75,2489174,777.3376036285238,772.9494396720024,60.67015890320861,14.11858007120899,806.7999877929688,4130147.95,True,False,True,False,1,-0.01617499750919371
2023-05-09,796.9000244140625,798.3499755859375,790.5,793.5999755859375,2486331,778.8864009578012,773.7592646098037,60.56793573214097,13.670822607975314,806.7999877929688,4094710.05,True,False,True,False,1,-0.01636094745506922
2023-05-10,797.0,797.5499877929688,788.0499877929688,796.0499877929688,2737334,780.5210282754363,774.6334106169868,61.702770331418215,13.37290670740565,806.7999877929688,4130157.65,True,False,True,False,1,-0.013324244128221974
2023-05-11,794.5499877929688,794.5499877929688,783.7000122070312,788.5999755859375,4808171,781.2904518288174,775.1811190471418,56.388462269008876,13.299840198729353,806.7999877929688,4181971.1,True,False,True,True,2,-0.022558270305405026
2023-05-12,787.5,793.7000122070312,784.5,791.9500122070312,2576010,782.3056480553139,775.8387227004708,58.13458481071381,13.00699534217949,806.7999877929688,4248105.6,True,False,True,False,1,-0.018406018605131802
2023-05-15,793.0,802.5,789.5499877929688,797.0499877929688,7569060,783.7098708874715,776.6705370178238,60.71340429222787,13.00292511824033,806.7999877929688,4187164.05,True,False,True,True,2,-0.01208477955815479
2023-05-16,800.8499755859375,801.25,784.0,787.3499755859375,4846217,784.0565475254207,777.0893385302988,53.91142621230582,13.306287609794595,806.7999877929688,4351008.55,True,False,True,True,2,-0.024107601017988922
2023-05-17,788.0,797.6500244140625,783.9000244140625,792.25,6529233,784.8368763325235,777.6838742742087,56.55907487627642,13.337981351952125,806.7999877929688,4139147.55,True,False,True,True,2,-0.01803419436429443
2023-05-18,797.9500122070312,803.0,794.6500244140625,799.3499755859375,11383252,786.21907626142,778.5335253060413,60.13283753416759,13.153125541098403,806.7999877929688,4263035.15,True,False,True,True,2,-0.009234026177183052
2023-05-19,799.3499755859375,808.3499755859375,793.25,805.75,3432240,788.079164236523,779.6008380391378,63.0812176183365,13.29218625858691,806.7999877929688,4660708.05,True,False,True,False,1,-0.0013014226683877306
2023-05-22,801.0,804.0,799.5,801.8499755859375,9996762,789.3906700793244,780.4733532370515,60.16139531525241,12.78917295440213,808.3499755859375,4714548.0,True,False,True,True,2,-0.008041071560976332
2023-05-23,808.9500122070312,808.9500122070312,797.9500122070312,799.9500122070312,6516636,790.3963217105346,781.2371437848938,58.7350769191156,12.66137488623055,808.3499755859375,4988175.7,True,False,True,True,2,-0.010391493329133139
2023-05-24,802.9000244140625,802.9000244140625,795.0,801.4000244140625,9104329,791.444293396585,782.0278449860376,59.52377306246425,12.321278423932833,808.9500122070312,5050452.25,True,False,True,True,2,-0.009333070868458693
2023-05-25,799.5999755859375,825.5,797.8499755859375,822.7000122070312,9570396,794.4210285213894,783.6228319358805,68.92080691506725,13.41618885179924,808.9500122070312,5217007.05,True,True,True,True,2,0.01699734197727043
2023-05-26,827.9000244140625,829.3499755859375,813.4000244140625,817.9500122070312,6150206,796.6618841104981,784.9689958680825,65.28101460346963,13.597171874661793,825.5,5442659.25,True,False,True,True,2,-0.009145957350658707
2023-05-29,829.4000244140625,829.4000244140625,818.0,821.25,3684829,799.0036094333078,786.3917803438441,66.60069009280387,13.443803326973898,829.3499755859375,5543681.1,True,False,True,False,1,-0.00976665560304002
2023-05-30,821.25,826.3499755859375,812.7999877929688,818.4500122070312,5148256,800.8556477927101,787.6489659071063,64.36516524274748,13.451387931687815,829.4000244140625,5399289.75,True,False,True,False,1,-0.01320232925573761
2023-05-31,819.0,888.75,818.0,849.9000244140625,47342125,805.5265408042675,790.0901838877713,74.65557349370415,17.544145936567258,829.4000244140625,5341642.05,True,True,True,True,2,0.024716661920142213
2023-06-01,837.9500122070312,837.9500122070312,823.0,827.9500122070312,9713155,807.6621095092927,791.5748830375462,61.341501801611656,18.21242297067406,888.75,7513334.95,True,False,True,True,2,-0.06841067543512658
2023-06-02,832.7999877929688,839.2999877929688,826.9500122070312,836.5,6834131,810.4085752703124,793.3366523301914,64.032274671137,17.793676728907162,888.75,7876109.15,True,False,True,False,1,-0.058790436005625835
2023-06-05,838.5,841.3499755859375,832.1500244140625,834.5,5298053,812.7029966731399,794.9509012584193,62.92887908611244,17.17983918911915,888.75,8145892.35,True,False,True,False,1,-0.061040787623066084
2023-06-06,834.5,838.25,826.1500244140625,829.4500122070312,2722174,814.2979505335105,796.3038075701296,60.1121840063291,16.81699178889189,888.75,8286336.3,True,False,True,False,1,-0.06672291172204636
2023-06-07,828.9000244140625,847.5,827.25,844.25,4110739,817.1505266731762,798.1840504105168,65.0495799016139,17.062206661113898,888.75,8298128.45,True,False,True,False,1,-0.050070323488044965
2023-06-08,847.7000122070312,849.4000244140625,834.5499877929688,836.0,4050621,818.9457146090641,799.6670288257906,60.55022038061682,16.904194515398174,888.75,8366798.7,True,False,True,False,1,-0.05935302390998598
2023-06-09,838.5499877929688,839.7999877929688,828.9500122070312,833.5,3332436,820.3318370272485,800.9938120090928,59.21362910135252,16.471750306150984,888.75,8328921.2,True,False,True,False,1,-0.062165963431786264
2023-06-12,834.8499755859375,843.0999755859375,831.75,836.3499755859375,1569715,821.8573740328379,802.3803282277927,60.2897747644375,16.105909254707164,888.75,8366742.5,True,False,True,False,1,-0.05895923984704643
2023-06-13,838.0999755859375,844.0,832.75,834.3499755859375,3224345,823.0471456093236,803.6340398888964,59.111087784141375,15.759058593656654,888.75,8066775.25,True,False,True,False,1,-0.06120959146448668
2023-06-14,832.0,833.9500122070312,819.0,827.9500122070312,5108720,823.5140852852958,804.587607430784,55.379963893584396,15.729838378819572,888.75,7985681.65,True,False,True,False,1,-0.06841067543512658
2023-06-15,827.0,833.7999877929688,824.2000122070312,829.7000122070312,3865201,824.1032211826039,805.5724076180879,56.19419488443375,15.291991036470854,888.75,7914656.0,True,False,True,False,1,-0.06644161776986635
2023-06-16,822.5,840.0,820.7999877929688,837.7999877929688,4907797,825.4076751454957,806.8362342916128,59.84653399980976,15.571135405796598,888.75,7538753.45,True,False,True,False,1,-0.05732772118934604
2023-06-19,840.0,840.0,827.5,828.1500244140625,3017364,825.6688512663115,807.6720691983754,54.063325829936474,15.35176859109684,888.75,7612531.3,True,False,True,False,1,-0.06818562653832627
2023-06-20,828.0999755859375,833.7000122070312,826.8499755859375,831.2000122070312,2691557,826.195628498761,808.5947336300875,55.526148501973026,14.744502021810906,888.75,7263561.4,True,False,True,False,1,-0.06475385405678624
2023-06-21,832.0,840.75,830.4000244140625,839.0,3022724,827.41509245126,809.7870970171429,59.112123029148655,14.430607276391378,888.75,7072307.45,True,False,True,False,1,-0.05597749648382555
2023-06-22,836.7000122070312,843.5,834.7000122070312,842.7999877929688,4380046,828.8803205790418,811.0817201848223,60.771617544101474,14.02842017043262,888.75,6768227.2,True,False,True,False,1,-0.05170184214574547
2023-06-23,844.0,862.75,841.3499755859375,854.7999877929688,7667340,831.3488603137016,812.7961620518084,65.52948904931127,14.554963330691898,888.75,6508709.7,True,False,True,True,2,-0.038199732441104084
2023-06-26,857.3499755859375,857.3499755859375,846.3499755859375,851.9500122070312,4431992,833.310874779733,814.3316071559348,63.55785584799264,14.30103737849962,888.75,6584566.4,True,False,True,False,1,-0.04140645602584392
2023-06-27,856.5,871.3499755859375,853.5999755859375,864.9000244140625,5533649,836.3193652210978,816.314682342528,68.23472934268385,14.665246378528666,888.75,6621924.55,True,False,True,False,1,-0.026835415567862175
2023-06-28,869.5,873.5999755859375,863.5999755859375,872.2000122070312,6272649,839.7365696959486,818.5062639058419,70.53065991567526,14.332014494348046,888.75,6641194.2,True,False,True,False,1,-0.01862164589926163
2023-06-30,880.0,883.0,867.0499877929688,878.75,5217511,843.4521344868106,820.8687633605149,72.4544624115479,14.447585759539704,873.5999755859375,4587720.4,True,True,True,True,2,0.005895174631396216
2023-07-03,880.0,884.1500244140625,874.5999755859375,879.1500244140625,3333167,846.8519335275012,823.1543030096736,72.5722260796788,14.097761693010083,883.0,4362938.2,True,False,True,False,1,-0.0043601082513448075
2023-07-04,873.7999877929688,873.7999877929688,853.2999877929688,865.1500244140625,7397493,848.5946088500308,824.8011940451399,62.50118145688056,14.937209902158918,884.1500244140625,4187890.0,True,False,True,True,2,-0.02148956565667859
2023-07-05,868.0,871.0,863.0499877929688,866.6500244140625,4284477,850.3141722370814,826.4423246478427,63.092158524476005,14.438124352506941,884.1500244140625,4292862.0,True,False,True,False,1,-0.019793020999572364
2023-07-06,864.3499755859375,877.9000244140625,863.4500122070312,869.6500244140625,6365222,852.1556819682224,828.136744246518,64.30384203506635,14.438973484972962,884.1500244140625,4370977.15,True,False,True,True,2,-0.016399931685360025
2023-07-07,865.0,883.5999755859375,862.5,870.4500122070312,18763997,853.8979991338233,829.7960880881068,64.63724041749222,14.914759349327573,884.1500244140625,4483701.3,True,False,True,True,2,-0.015495121674752421
2023-07-10,867.0,889.5999755859375,865.0,885.4000244140625,4310681,856.8981920176557,831.9766346106933,70.2325759886691,15.606560509085426,884.1500244140625,5219370.1,True,True,True,False,1,0.0014137872142552244
2023-07-11,890.0,893.1500244140625,886.2999877929688,891.9000244140625,3353977,860.2316998649326,834.3265714657274,72.28581097914855,15.045377615579325,889.5999755859375,5268282.35,True,True,True,False,1,0.002585486613362553
2023-07-12,889.9500122070312,895.7000122070312,883.0999755859375,889.9500122070312,3033186,863.0620153260847,836.5078828673471,70.71006113591616,14.870710401687498,893.1500244140625,5357495.45,True,False,True,False,1,-0.0035828384029106264
2023-07-13,891.3499755859375,893.2999877929688,883.25,885.0499877929688,4228714,865.1561079419785,838.4114948252146,66.77121435962854,14.526373072493302,895.7000122070312,5347937.5,True,False,True,False,1,-0.01189016888346417
2023-07-14,885.0,890.25,879.6500244140625,886.5,3860080,867.188859566552,840.2973185575592,67.35080117912302,14.245916109167888,895.7000122070312,5303937.2,True,False,True,False,1,-0.010271309681421315
2023-07-17,886.0,896.6500244140625,876.0,878.0999755859375,5614592,868.2280134731601,841.7797756959269,60.741121541550335,14.703352416660362,895.7000122070312,5303681.15,True,False,True,True,2,-0.01964947681280782
2023-07-18,877.0499877929688,880.2000122070312,863.1500244140625,875.4500122070312,4731911,868.915822876386,843.1001771277349,58.78128117332294,14.870969229253818,896.6500244140625,5339020.9,True,False,True,False,1,-0.023643575118268534
2023-07-19,875.4500122070312,877.0,867.2000122070312,870.75,6641825,869.0905064119682,844.1844839070394,55.36897365801463,14.508756269519171,896.6500244140625,5424748.25,True,False,True,True,2,-0.0288853217073044
2023-07-20,871.0,886.7000122070312,868.0,884.8499755859375,3779959,870.5914082380605,845.7792090709178,62.41750700053025,14.808131693627177,896.6500244140625,5622261.65,True,False,True,False,1,-0.013160150010407934
2023-07-21,878.0999755859375,891.9000244140625,874.7999877929688,886.0,7001587,872.058893167769,847.3564949897053,62.93171375289169,14.971839188446218,896.6500244140625,5660123.4,True,False,True,True,2,-0.011877571096952755
2023-07-24,885.0,892.5999755859375,880.7999877929688,888.1500244140625,4125577,873.5913818578922,848.9562412416409,63.925456671241946,14.745278374483542,896.6500244140625,5791200.45,True,False,True,False,1,-0.009479729848392626
2023-07-25,888.0,894.7000122070312,879.0999755859375,883.6500244140625,3652262,874.5493478156227,850.3167817582065,60.282795882194115,14.8063325349557,896.6500244140625,5614112.3,True,False,True,False,1,-0.014498410356365232
2023-07-26,886.5,896.5,883.2999877929688,889.4000244140625,2845581,875.9636979678551,851.8494579407891,63.170672871567405,14.691595368675383,896.6500244140625,5575125.8,True,False,True,False,1,-0.008085651929511384
2023-07-27,889.3499755859375,901.4000244140624,888.1500244140625,895.1500244140625,3445446,877.7909671532082,853.5475193711135,65.84513971399855,14.588624270912849,896.6500244140625,5440722.4,True,False,True,False,1,-0.0016728935026575353
2023-07-28,899.9000244140625,899.9000244140625,890.5499877929688,895.0999755859375,2314339,879.4394441468014,855.1770274579693,65.80034957747023,14.214439438782914,901.4000244140624,5299362.25,True,False,True,False,1,-0.006989182002984817
2023-07-31,894.0,897.7999877929688,885.25,889.9000244140625,4424817,880.4356898865406,856.5387136131103,61.14642073366682,14.095550035510474,901.4000244140624,5154203.65,True,False,True,False,1,-0.012757931760069785
2023-08-01,894.5,897.4000244140625,888.1500244140625,891.6500244140625,2087412,881.5037217463046,857.9156277621672,62.11749772138669,13.749439318688298,901.4000244140624,5208786.15,True,False,True,False,1,-0.010816507361798289
2023-08-02,883.2000122070312,890.6500244140625,872.5999755859375,878.0999755859375,3328903,881.1795554453172,858.7071708140799,51.40449487575687,14.128054283648062,901.4000244140624,4943282.1,True,False,True,False,1,-0.025848733300479543
2023-08-03,875.0,882.0499877929688,865.0999755859375,871.7000122070312,4642067,880.2767418035756,859.2166940059603,47.25876546934177,14.32962270674686,901.4000244140624,4895503.4,True,False,False,False,0,-0.032948759044395426
2023-08-04,869.0,892.9500122070312,866.2000122070312,889.6500244140625,7066276,881.1694353855268,860.410157943533,57.58976760138803,15.2167925134078,901.4000244140624,4809345.65,True,False,True,True,2,-0.013035278102680015
2023-08-07,885.1500244140625,900.5499877929688,884.0999755859375,891.4000244140625,4086452,882.1437771977683,861.6254468247303,58.444400671655906,15.304879634380905,901.4000244140624,4224459.6,True,False,True,False,1,-0.011093853704408518
2023-08-08,892.0,894.2999877929688,880.4500122070312,885.4000244140625,3282856,882.4538959802725,862.5577832007825,54.39695076320227,15.200957916634948,901.4000244140624,4213248.15,True,False,True,False,1,-0.017750165927053696
2023-08-09,885.0,897.4500122070312,878.7999877929688,883.7000122070312,3185159,882.5725737161542,863.3868902206355,53.27126529867964,15.447319809308345,901.4000244140624,4209692.1,True,False,True,False,1,-0.01963613459910507
2023-08-10,882.0,883.9000244140625,868.2000122070312,874.7999877929688,3439922,881.8323274377557,863.8344626744524,47.705386297435496,15.465369266288553,901.4000244140624,4217290.75,True,False,False,False,0,-0.02950969148063254
2023-08-11,872.0,873.7000122070312,865.0,870.5499877929688,2812690,880.757818900157,864.0978166006688,45.27284112566404,15.060699161051424,901.4000244140624,4177851.15,True,False,False,False,0,-0.03422457930500622
2023-08-14,870.5,870.5999755859375,857.5999755859375,867.0499877929688,2665905,879.4523111756629,864.2135880199747,43.31405880174476,14.913506363833466,901.4000244140624,4125481.65,True,False,False,False,0,-0.03810742810154921
2023-08-16,870.0,874.0,853.2000122070312,856.9500122070312,3962408,877.3092350834122,863.9287419096632,38.18041184993969,15.333969323057417,901.4000244140624,3978047.3,True,False,False,False,0,-0.049312193258398196
2023-08-17,857.2000122070312,859.8499755859375,850.0,856.7000122070312,3013019,875.3464519523283,863.6452623134816,38.06016542969669,14.942255484691708,901.4000244140624,3939572.15,True,False,False,False,0,-0.049589539601008426
2023-08-18,856.7000122070312,862.0,852.25,856.25,4929835,873.5277422425827,863.3552520266784,37.82921020521221,14.571380092928015,901.4000244140624,3758131.85,True,False,False,True,1,-0.05008877656000876
2023-08-21,855.6500244140625,874.0,854.0999755859375,871.9500122070312,3220142,873.3774822391969,863.6923014455158,49.371945518377984,14.951997544437623,901.4000244140624,3815625.65,True,False,False,False,0,-0.03267141270178531
2023-08-22,871.0,879.9500122070312,866.2000122070312,877.6500244140625,3333869,873.7843910177555,864.2396631305569,52.798360167815176,14.866140576977793,901.4000244140624,3626553.4,True,False,True,False,1,-0.02634790254797048
2023-08-23,877.0,877.0,866.7999877929688,868.1500244140625,1860153,873.2477846745467,864.3930106318709,47.07945835797819,14.579276008700363,901.4000244140624,3586968.0,True,False,False,False,0,-0.03688706356715865
2023-08-24,873.0,874.7000122070312,864.2000122070312,869.4500122070312,2842728,872.8860920585929,864.5913244191321,47.91091439657218,14.287899150936052,901.4000244140624,3497362.55,True,False,False,False,0,-0.03544487612788738
2023-08-25,869.4500122070312,875.9500122070312,861.0999755859375,873.5,3124339,872.9445594815841,864.9406842458328,50.51917548518283,14.328051827375889,901.4000244140624,3497219.9,True,False,True,False,1,-0.030951878919903808
2023-08-28,874.0499877929688,875.75,865.8499755859375,870.3499755859375,3094455,872.6974562534273,865.1528133179938,48.48559238662374,14.01176415499636,900.5499877929688,3481164.55,True,False,False,False,0,-0.03353507591626781
2023-08-29,870.0,870.0,848.5,855.2000122070312,14064286,871.0310330109133,864.7625073920738,40.12076120149807,14.571636400063586,900.5499877929688,3520170.35,True,False,False,True,1,-0.050358088058031436
2023-08-30,859.8499755859375,862.5999755859375,856.4500122070312,857.75,3261665,869.7661727241597,864.4875071021885,41.93652235350841,14.059374041409491,900.5499877929688,4002143.8,True,False,False,False,0,-0.04752649866540026
2023-08-31,855.5,859.5,847.0499877929688,856.4000244140625,12528190,868.4932062184362,864.1703509183404,41.22382808849366,13.944419624668187,900.5499877929688,4060856.45,True,False,False,True,1,-0.049025555468727666
2023-09-01,853.1500244140625,867.5499877929688,852.75,865.9500122070312,4427899,868.2509972649691,864.2401415571127,47.961326199650955,14.005531636689657,900.5499877929688,4520820.8,True,False,False,False,0,-0.038420938376484526
2023-09-04,865.75,869.4500122070312,859.7000122070312,865.2999877929688,3102649,867.9699487438262,864.2817041545973,47.5616887660014,13.701565091211824,900.5499877929688,4510112.4,True,False,False,False,0,-0.03914274663018902
2023-09-05,863.0999755859375,867.7999877929688,858.4000244140625,865.9000244140625,2216754,867.7728130933725,864.3451676941842,47.9924869229163,13.394307826047141,900.5499877929688,4311931.05,True,False,False,False,0,-0.03847644644782566
2023-09-06,867.1500244140625,882.4000244140625,865.7999877929688,880.2999877929688,4235096,868.965877350477,864.9708469137444,57.10088126046906,13.623288454264756,897.4500122070312,4218446.15,True,False,True,True,2,-0.019109726648603775
2023-09-07,880.2999877929688,883.7000122070312,873.1500244140625,875.2999877929688,4532834,869.5691259640477,865.3759112619492,53.59123911601703,13.403766978457899,897.4500122070312,4266058.15,True,False,True,True,2,-0.024681067594606865
2023-09-08,881.7999877929688,890.6500244140625,878.1500244140625,885.8499755859375,3741470,871.1196830708943,866.1788157452429,59.278583633097995,13.542786238646174,883.9000244140625,4333441.9,True,True,True,False,1,0.0022060766127567355
2023-09-11,888.0,892.2999877929688,883.5999755859375,890.7999877929688,2733894,872.9939978063301,867.1443519039773,61.65311881197919,13.196873807816537,890.6500244140625,4348519.3,True,True,True,False,1,0.00016837520327350752
2023-09-12,894.9000244140625,896.5,885.0,890.4000244140625,4106031,874.6517146261142,868.0563390612356,61.341867373194475,13.075668535829642,892.2999877929688,4344579.5,True,False,True,False,1,-0.0021292876890043333
2023-09-13,888.0499877929688,918.0,885.5499877929688,915.1500244140624,5222561,878.5086965106807,869.9031502515426,71.0736032479886,14.459550226629757,896.5,4416585.8,True,True,True,True,2,0.020803150489751676
2023-09-14,920.2999877929688,920.5999755859376,910.0999755859376,914.9500122070312,5513106,881.9792980055712,871.6696938576401,70.91823104694451,14.176725210441917,918.0,4479593.45,True,False,True,True,2,-0.003322426789726274
2023-09-15,912.5999755859376,948.7000122070312,910.0,936.1500244140624,14003428,887.1384148063798,874.1983342716175,76.72590342355252,15.928388567341155,920.5999755859376,4604597.8,True,True,True,True,2,0.016891211427881636
2023-09-18,929.4000244140624,935.7999877929688,918.0,920.2000122070312,2977375,890.2871383683466,876.0023216416337,66.0402816468598,16.08707684210696,948.7000122070312,5058277.45,True,False,True,False,1,-0.030041108499301417
2023-09-20,911.0,919.2999877929688,904.7999877929688,910.7000122070312,5241903,892.2312215910785,877.3630153892964,60.62459066787223,16.038001668675214,948.7000122070312,5046139.1,True,False,True,True,2,-0.04005481133240185
2023-09-21,910.2000122070312,920.1500244140624,903.3499755859376,917.9500122070312,4896202,894.6806302211692,878.9546623233252,63.110829969976045,16.092433608635897,948.7000122070312,5141540.8,True,False,True,False,1,-0.03241277495977257
2023-09-22,917.9500122070312,922.3499755859376,903.7999877929688,911.4000244140624,6112928,896.2729534776352,880.2270294641385,59.45811210452564,16.26797319323111,948.7000122070312,5293343.25,True,False,True,True,2,-0.039316946677585785
2023-09-25,912.0,913.3499755859376,902.0499877929688,910.4000244140624,5278045,897.6183888049139,881.410284168057,58.897639589582774,15.913117093212378,948.7000122070312,5456853.25,True,False,True,False,1,-0.04037102066001741
2023-09-26,910.0,920.9500122070312,908.0,912.7000122070312,5355047,899.0547338908299,882.6373323264482,59.835410488947105,15.701466744199442,948.7000122070312,5564538.55,True,False,True,False,1,-0.0379466633675386
2023-09-27,914.9500122070312,921.0499877929688,907.4500122070312,920.25,4713145,901.0733306631317,884.1123389018817,62.833132455545936,15.551360232895016,948.7000122070312,5677568.15,True,False,True,False,1,-0.029988417667293876
2023-09-28,926.0,932.0,918.5999755859376,925.6500244140624,7386917,903.4139681632204,885.7412677454967,64.85364902575998,15.397693388692685,948.7000122070312,5210011.1,True,False,True,True,2,-0.024296392427935132
2023-09-29,932.0,936.4000244140624,921.7999877929688,926.4000244140624,5608557,905.6031163775863,887.3357287913228,65.13712734523217,15.340717905292752,948.7000122070312,5416273.7,True,False,True,True,2,-0.023505836941111413
2023-10-03,918.25,928.25,916.0499877929688,925.2999877929688,4338272,907.479008893337,888.8245232619756,64.3177182128388,15.11638178398836,948.7000122070312,5070292.05,True,False,True,False,1,-0.024665356923128212
2023-10-04,918.2999877929688,925.9500122070312,918.2999877929688,924.25,5603669,909.0762461415906,890.2137576438589,63.49663961794777,14.58307054327937,948.7000122070312,5065810.7,True,False,True,True,2,-0.025772121737567377
2023-10-05,925.0499877929688,929.5999755859376,919.4000244140624,928.8499755859376,7063132,910.9594584696237,891.7289034455091,65.57032553498539,14.269990588179075,948.7000122070312,5190861.7,True,False,True,True,2,-0.020923407152609874
2023-10-06,929.2000122070312,929.2000122070312,924.2999877929688,926.0499877929688,2420855,912.3966517385136,893.0748283218801,63.21623033608326,13.600707290027891,948.7000122070312,5433180.6,True,False,True,False,1,-0.023874801436304494
2023-10-09,918.0,928.0499877929688,916.5499877929688,924.5499877929688,2248103,913.5541123151284,894.3091483011385,61.93342260911692,13.450656769311614,948.7000122070312,5342468.55,True,False,True,False,1,-0.02545591240995193
2023-10-10,924.5499877929688,954.0499877929688,921.0499877929688,948.3499755859376,7897875,916.8680040552055,896.4283964299542,71.73426514776213,14.8470384286465,948.7000122070312,5228232.0,True,False,True,True,2,-0.0003689644951930804
2023-10-11,948.5,956.7999877929688,948.0,955.5999755859376,5645289,920.5567632486085,898.7488505145026,73.93572694577608,14.415106240383803,954.0499877929688,5436052.25,True,True,True,True,2,0.0016246400218027368
2023-10-12,955.5999755859376,956.7999877929688,947.0,950.3499755859376,5544735,923.3942120426399,900.7724240467157,69.70219071292895,14.0854549227113,956.7999877929688,5581622.0,True,False,True,False,1,-0.00674123357997658
2023-10-13,946.2999877929688,955.9500122070312,946.2999877929688,954.2000122070312,4421671,926.3280977725819,902.8676235824145,71.01300847547233,13.768638457807814,956.7999877929688,5653557.2,True,False,True,False,1,-0.002717365822646811
2023-10-16,957.9500122070312,958.75,943.8499755859376,946.5499877929688,1881721,928.2539920602378,904.5806574730245,64.99574966427178,13.849451740397427,956.7999877929688,5613512.7,True,False,True,False,1,-0.010712792778816205
2023-10-17,946.5499877929688,960.25,946.0,953.6500244140624,3863410,930.6726618082212,906.5049463726731,67.72886216664372,13.878062330369039,958.75,5431943.45,True,False,True,False,1,-0.0053194008719036345
2023-10-18,953.0,958.9000244140624,950.6500244140624,952.8499755859376,2334392,932.7847869299085,908.3223984986835,67.09315728672755,13.476057878199821,960.25,4924942.55,True,False,True,False,1,-0.007706351902173836
2023-10-19,945.7999877929688,951.2999877929688,941.3499755859376,942.9500122070312,4306963,933.7529036229679,909.680344134305,59.634187466527784,13.334910886899834,960.25,4892793.4,True,False,True,False,1,-0.01801612891743687
2023-10-20,937.7999877929688,947.5,937.0,945.2000122070312,3125104,934.8431044404978,911.0732722940197,60.70346032536691,13.132417252121275,960.25,4846046.4,True,False,True,False,1,-0.01567298911009507
2023-10-23,941.5999755859376,949.0999755859376,937.0,939.2999877929688,2180066,935.2675695216855,912.1802023135863,56.478578408105314,13.058671418822442,960.25,4757491.5,True,False,True,False,1,-0.021817247807374374
2023-10-25,924.5999755859376,939.6500244140624,919.0,922.5999755859376,6365249,934.0611320039952,912.5888208732864,46.59361253910149,13.600910918482437,960.25,4560848.4,True,False,False,True,1,-0.039208564867547424
2023-10-26,921.6500244140624,924.5999755859376,900.0499877929688,905.5,6595332,931.3410241940909,912.3108278978634,39.055872627011645,14.38298783808861,960.25,4615208.6,True,False,False,True,1,-0.05701640197865143
2023-10-27,910.75,918.4000244140624,906.4500122070312,914.5999755859376,3508393,929.746638612362,912.4005983954349,44.226814267398325,14.277061879229594,960.25,4677222.85,True,False,False,False,0,-0.04753972862698508
2023-10-30,914.7999877929688,931.9500122070312,910.3499755859376,926.25,3686768,929.4136254111846,912.9437121838494,50.06784359979353,14.800131503648453,960.25,4616985.25,True,False,True,False,1,-0.03540744597761003
2023-10-31,920.2999877929688,923.5499877929688,912.4000244140624,914.4000244140624,5697563,927.9837586495539,913.0008224673871,44.915173682779525,14.732263223811964,960.25,4431977.8,True,False,False,True,1,-0.047747956871583064
2023-11-01,903.0,914.5499877929688,895.4500122070312,913.4500122070312,4821458,926.5995923216947,913.0184377512948,44.51960567706676,15.044242678249503,960.25,4436428.1,True,False,False,True,1,-0.04873729528036319
2023-11-02,920.0,925.9500122070312,916.4000244140624,923.8499755859376,6611573,926.3377240611463,913.4432039408886,49.738198718597225,14.862511058374539,960.25,4460587.4,True,False,False,True,1,-0.03790682053013528
2023-11-03,925.0,933.7000122070312,922.2000122070312,930.75,3895154,926.7579408172276,914.1219018255596,52.90343834754134,14.622331697062071,960.25,4510982.6,True,False,True,False,1,-0.030721166362926322
2023-11-06,934.2000122070312,940.7000122070312,930.0,939.2000122070312,2760800,927.9428999972089,915.105357134637,56.51503362617786,14.342166019202727,960.25,4352583.7,True,False,True,False,1,-0.02192136192967331
2023-11-07,936.0499877929688,938.9500122070312,932.4500122070312,937.1500244140624,3616946,928.8197689892901,915.9698538906929,55.40499669052863,13.799868446402533,960.25,4369580.95,True,False,True,False,1,-0.02405620993068225
2023-11-08,941.7999877929688,941.7999877929688,934.4000244140624,936.75,1808553,929.5750290855482,916.784761581254,55.177249309284285,13.342732370152808,960.25,4438023.1,True,False,True,False,1,-0.02447279354334808
2023-11-09,936.75,937.2999877929688,930.5499877929688,932.3499755859376,3914416,929.8393097046329,917.3951621304573,52.61530422479317,12.871822915141895,960.25,4133557.0,True,False,True,False,1,-0.02905495903573274
2023-11-10,929.0,937.0,929.0,935.5,1345614,930.3784230660964,918.1051557724002,54.25293693674237,12.523835564060331,960.25,4047013.35,True,False,True,False,1,-0.02577453788076023
2023-11-13,938.0,940.2999877929688,933.7999877929688,935.0,1656368,930.8185732502777,918.7676986832864,53.93430867633619,12.093561595198878,960.25,3837057.3,True,False,True,False,1,-0.02629523561572511
2023-11-15,948.0,952.7000122070312,936.2000122070312,950.0,4816316,932.6453757978703,919.9924948133537,61.280990280399756,12.494022353186905,960.25,3698792.15,True,False,True,True,2,-0.010674303566779453
2023-11-16,949.0,953.9000244140624,943.25,949.5499877929688,5310736,934.2553388450226,921.1516121851033,60.966848939326376,12.362308214678011,960.25,3845521.9,True,False,True,True,2,-0.01114294424059492
2023-11-17,948.7999877929688,954.0,946.0,947.2999877929688,3249469,935.4976863638745,922.1770386795295,59.32923702665457,12.050714770772439,958.9000244140624,3917888.2,True,False,True,False,1,-0.012097232584994289
2023-11-20,949.0,964.2999877929688,941.9500122070312,961.4000244140624,4646962,937.9645757019877,923.7151949828445,65.57047420331403,12.786376257569943,954.0,3963642.05,True,True,True,True,2,0.007756839008451033
2023-11-21,967.0,976.3499755859376,961.0,970.8499755859376,5704644,941.0965185480782,925.5636177515933,69.00362785413597,12.969490495310492,964.2999877929688,3980642.0,True,True,True,True,2,0.006792479390111961
2023-11-22,974.2999877929688,976.2999877929688,965.9500122070312,969.75,3309732,943.8254215434994,927.2964170554524,68.1517499062748,12.782382287498136,976.3499755859376,4109619.0,True,False,True,False,1,-0.006759846111510148
2023-11-23,970.0,981.0,963.7000122070312,976.6500244140624,2749555,946.9515741978387,929.231852638143,70.60338089206786,13.105068395031752,976.3499755859376,4166102.3,True,True,True,False,1,0.0003073168798357617
2023-11-24,975.0,977.1500244140624,971.0,973.1500244140624,2322104,949.4466646946219,930.9541338842575,67.75427664494828,12.608279539248228,981.0,3985317.6,True,False,True,False,1,-0.008002013849069955
2023-11-28,974.0499877929688,988.0,971.2000122070312,984.9000244140624,5096984,952.8231751440924,933.0696590030734,71.8597670047278,12.907687271656837,981.0,3771656.2,True,True,True,True,2,0.003975560055109462
2023-11-29,995.9000244140624,1007.0999755859376,990.9500122070312,995.4000244140624,5647918,956.8781131698038,935.5139870584063,74.93133564155872,13.571420407386722,988.0,3851085.75,True,True,True,True,2,0.007489903253099506
2023-11-30,995.0,1018.2000122070312,992.7000122070312,1014.7000122070312,9934052,962.3849606971587,938.6193213779603,79.38542849191107,14.423461806859098,1007.0999755859376,3949143.25,True,True,True,True,2,0.007546456960910941
2023-12-01,1015.0,1022.5499877929688,1008.2000122070312,1014.7000122070312,5544950,967.3673465552417,941.6028778810612,79.38542849191106,14.418212791078984,1018.2000122070312,4160967.7,True,False,True,True,2,-0.003437438575956686
2023-12-04,1036.0,1044.0,1025.199951171875,1032.9000244140625,5164902,973.6085539703676,945.1831581372575,82.73945562009959,15.481196719785396,1022.5499877929688,4197142.3,True,True,True,True,2,0.010121790371767414
2023-12-05,1038.800048828125,1045.949951171875,1022.0999755859376,1031.0999755859375,4266159,979.0839274575646,948.5524450960293,81.33003536004954,16.078966638796253,1044.0,4124808.75,True,False,True,True,2,-0.012356345224197818
2023-12-06,1029.0999755859375,1035.0,1013.4500122070312,1024.449951171875,4121251,983.4045011446418,951.5288178833173,76.16796588053025,16.46975386409429,1045.949951171875,4143359.0,True,False,True,False,1,-0.0205554768427606
2023-12-07,1015.0,1019.7000122070312,998.0,1000.0,13805235,984.9850248451521,953.4296485545598,60.870508436977175,17.18262510036434,1045.949951171875,4211381.55,True,False,True,True,2,-0.04393130963904435
2023-12-08,998.7000122070312,1004.0,991.2999877929688,1000.25,6630766,986.4388320027567,955.2657407681065,60.95685367685324,16.862438465126264,1045.949951171875,4720796.0,True,False,True,True,2,-0.04369229246645412
2023-12-11,996.0999755859376,1004.5999755859376,992.0499877929688,1000.8499755859376,6195119,987.8113218678216,957.0533578197862,61.17825869504046,16.55440627425788,1045.949951171875,4961906.65,True,False,True,True,2,-0.04311867459375818
2023-12-12,999.25,1000.8499755859376,987.0,995.25,7119331,988.5197674042195,958.5512653562652,57.879111117119756,16.361232653663574,1045.949951171875,5075941.8,True,False,True,True,2,-0.0484726359182589
2023-12-13,993.2000122070312,1002.0,991.5,999.9000244140624,4153219,989.6036014051568,960.1727853193161,59.81688038659789,15.94257317840189,1045.949951171875,5364627.65,True,False,True,False,1,-0.04402689316655983
2023-12-14,1006.0,1011.2000122070312,999.1500244140624,1005.2000122070312,6541673,991.0889738624782,961.938558922756,61.964690162183324,15.664531365156673,1045.949951171875,5489470.2,True,False,True,True,2,-0.038959740778407026
2023-12-15,999.6500244140624,1010.8499755859376,988.25,992.5499877929688,10119597,991.2281180463344,963.1390071137447,54.47974824941689,16.1599202380696,1045.949951171875,5575738.05,True,False,True,True,2,-0.05105403305299394
2023-12-18,995.0,998.7999877929688,982.1500244140624,990.25,5750263,991.1349639466836,964.2021833053626,53.22097974532181,16.19492331955794,1045.949951171875,5816181.1,True,False,True,False,1,-0.05325297937006368
2023-12-19,995.4500122070312,997.9500122070312,985.9000244140624,988.4500122070312,3912964,990.8792542571929,965.1530785564084,52.20438818862598,15.898856496230149,1045.949951171875,5941220.8,True,False,True,False,1,-0.054973891341953074
2023-12-20,992.9000244140624,993.6500244140624,969.0,971.5499877929688,3990591,989.0383717367906,965.403937742156,43.75388272182496,16.523939918932452,1045.949951171875,5904520.9,True,False,False,False,0,-0.07113147555057397
2023-12-21,968.0,981.5499877929688,960.0,977.9000244140624,4294277,987.9775767536736,965.8939803567406,47.21158712297923,16.882943338506475,1045.949951171875,5818818.25,True,False,False,False,0,-0.06506040435450089
2023-12-22,981.9000244140624,998.9500122070312,975.5499877929688,989.5499877929688,4605120,988.1273301859874,966.8216669228672,52.9287910216351,17.34844912961762,1045.949951171875,5868045.5,True,False,True,False,1,-0.05392223912407679
2023-12-26,995.0,1002.5,989.6500244140624,999.8499755859376,2460643,989.2437726050302,968.1168947135758,57.32901311073106,17.034275063718592,1045.949951171875,5960823.75,True,False,True,False,1,-0.0440747432841192
2023-12-27,1000.0,1024.050048828125,998.0,1021.2000122070312,4791379,992.2872239956971,970.1985855956722,64.69599802281444,17.678258904033335,1045.949951171875,5967750.7,True,False,True,False,1,-0.023662641732631773
2023-12-28,1023.9000244140624,1041.949951171875,1022.2000122070312,1036.699951171875,5288328,996.5170075362854,972.806482284935,68.89463598644268,17.897664622662653,1045.949951171875,5952470.45,True,False,True,False,1,-0.008843635385838877
2023-12-29,1033.1500244140625,1043.25,1024.4000244140625,1032.199951171875,4631749,999.9153831206272,975.1356379275601,66.42472411263296,17.965686834325144,1045.949951171875,5934490.95,True,False,True,False,1,-0.01314594449246309
2024-01-01,1031.949951171875,1031.949951171875,1007.0,1013.0499877929688,3804406,1001.1662978513264,976.622475177184,57.051236180027814,18.48242000129299,1045.949951171875,5669375.8,True,False,True,False,1,-0.03145462490059425
2024-01-02,1017.4000244140624,1025.449951171875,1016.0,1021.7000122070312,6865791,1003.1218896947269,978.3902217273742,59.81005360911726,18.04795881397965,1045.949951171875,5582348.6,True,False,True,True,2,-0.023184607387451317
2024-01-03,1031.949951171875,1037.0,1021.3499755859376,1035.199951171875,3604276,1006.176943168741,980.6180542546095,63.72624544739734,17.876677785414135,1045.949951171875,5667393.05,True,False,True,False,1,-0.010277738421380245
2024-01-04,1035.25,1058.800048828125,1027.550048828125,1047.9000244140625,4664043,1010.1505699540097,983.2565628883136,66.98544589356308,18.831915086455982,1043.25,5634298.9,True,True,True,False,1,0.004457248419901694
2024-01-05,1053.800048828125,1063.6500244140625,1038.949951171875,1046.5999755859375,4008221,1013.6219419189551,985.7406182882205,66.32845917258044,19.251069240436806,1058.800048828125,5661438.5,True,False,True,False,1,-0.011522546920630039
2024-01-08,1050.0,1059.0,1045.25,1049.050048828125,4489695,1016.9960473388761,988.2233410544912,66.98563736411845,18.85813572326275,1063.6500244140625,5171587.8,True,False,True,False,1,-0.013726296479878553
2024-01-09,1057.0,1067.9000244140625,1048.050048828125,1064.5,3371125,1021.5202333066022,991.2145825817661,70.84932097204249,18.928981427739515,1063.6500244140625,5064534.25,True,True,True,False,1,0.0007991120823842568
2024-01-10,1066.949951171875,1073.300048828125,1055.300048828125,1062.699951171875,3111573,1025.442111198533,994.0179303696135,69.82403401584337,18.862625611472406,1067.9000244140625,4923334.55,True,False,True,False,1,-0.004869438265104109
2024-01-11,1065.75,1073.9000244140625,1057.3499755859375,1062.8499755859375,2604325,1029.0047649497144,996.7172262604498,69.86317840531596,18.697441555519024,1073.300048828125,4722946.65,True,False,True,False,1,-0.00973639501237078
2024-01-12,1058.0999755859375,1078.550048828125,1051.5999755859375,1076.3499755859375,3394013,1033.5138326293547,999.8400791751749,73.22857563752505,19.286915247423916,1073.9000244140625,4645501.95,True,True,True,False,1,0.0022813587076802033
2024-01-15,1078.050048828125,1104.699951171875,1074.550048828125,1102.4000244140625,3312897,1040.0744223231363,1003.862037811994,78.27098765599425,20.062842897161495,1078.550048828125,4488118.95,True,True,True,False,1,0.022112998475917856
2024-01-16,1107.0,1117.0,1093.0,1095.9000244140625,5025540,1045.3911463317959,1007.4713706199183,74.50035114020396,20.344068404507105,1104.699951171875,4147783.95,True,False,True,True,2,-0.007965897661602606
2024-01-17,1092.0,1108.949951171875,1078.800048828125,1085.25,4568700,1049.1872276335296,1010.5215129485489,68.66370927611115,21.04448511445303,1117.0,4111547.8,True,False,True,True,2,-0.02842435094001794
2024-01-18,1075.199951171875,1096.0,1075.199951171875,1087.050048828125,4407330,1052.7932106044434,1013.52263200265,69.10428577906859,21.02702537971531,1117.0,4144334.6,True,False,True,True,2,-0.026812847960496877
2024-01-19,1091.0,1136.3499755859375,1089.800048828125,1125.0,11753391,1059.6700476897345,1017.8942934927421,76.58025526006057,23.046518335293683,1117.0,4165171.55,True,True,True,True,2,0.0071620411817368
2024-01-23,1145.0,1172.550048828125,1135.0,1158.0,18194595,1069.034805052617,1023.3886349243993,80.90675293456592,24.796770513353064,1136.3499755859375,4538127.25,True,True,True,True,2,0.019052250520706915
2024-01-24,1140.0999755859375,1194.0,1140.0999755859375,1189.949951171875,9546592,1080.550533254451,1029.9204512478298,83.9904659381446,26.87557436340374,1172.550048828125,5217601.0,True,True,True,True,2,0.014839368572062028
2024-01-25,1186.0,1200.6500244140625,1157.050048828125,1160.550048828125,11424697,1088.169534737658,1035.0431805647042,72.40247965396422,28.07017445072758,1194.0,5571898.45,True,False,True,True,2,-0.028015034482307355
2024-01-29,1158.0,1169.75,1158.0,1162.1500244140625,4015858,1095.2152956592204,1040.027762676444,72.6238414352902,26.90444770424704,1200.6500244140625,5903564.35,True,False,True,False,1,-0.03206596361732361
2024-01-30,1162.1500244140625,1180.8499755859375,1154.550048828125,1158.6500244140625,3902023,1101.2566983977767,1044.679616077919,71.27698510386351,26.861267636644573,1200.6500244140625,5839940.85,True,False,True,False,1,-0.034981051218898496
2024-01-31,1159.0,1175.050048828125,1146.199951171875,1170.699951171875,5981966,1107.8703415191194,1049.6215900031723,73.12494468495456,27.00332692375925,1200.6500244140625,5803454.55,True,False,True,True,2,-0.02494488204987433
2024-02-01,1165.050048828125,1170.199951171875,1148.949951171875,1151.199951171875,3606209,1111.996971009858,1053.605055147043,65.75252931761128,26.628089286347873,1200.6500244140625,5912332.55,True,False,True,False,1,-0.04118608440150573
2024-02-02,1155.0,1175.199951171875,1145.300048828125,1150.800048828125,4969983,1115.6925022306455,1057.4166235266935,65.60644796159411,26.861790219019454,1200.6500244140625,5749353.45,True,False,True,False,1,-0.0415191559341076
2024-02-05,1154.3499755859375,1159.6500244140625,1110.0,1113.550048828125,7809331,1115.488459049453,1059.617934322828,53.6498449423792,28.4895212329511,1200.6500244140625,5817638.8,True,False,True,True,2,-0.07254401683658296
2024-02-06,1125.0,1156.0999755859375,1123.0,1134.050048828125,9863065,1117.2562295045645,1062.5368407740161,58.168197649029636,29.49383591329834,1200.6500244140625,5974903.2,True,False,True,True,2,-0.055469932313072956
2024-02-07,1138.800048828125,1148.25,1131.800048828125,1134.300048828125,2770694,1118.8794503925228,1065.3510842271185,58.22168495074849,28.56212986033953,1200.6500244140625,6267645.4,True,False,True,False,1,-0.05526171177010342
2024-02-08,1144.4000244140625,1146.5,1116.199951171875,1142.1500244140625,6519392,1121.0956955374313,1068.3628073717045,59.953194809241076,28.686266929467063,1200.6500244140625,6181695.35,True,False,True,True,2,-0.04872360705489431
2024-02-09,1145.949951171875,1145.949951171875,1116.25,1120.25,4203171,1121.015153105295,1070.397599239481,53.314531795278995,28.758672946781918,1200.6500244140625,6339108.7,True,False,True,False,1,-0.06696374695307161
2024-02-12,1122.9000244140625,1129.0,1111.300048828125,1118.699951171875,3887976,1120.7946576830645,1072.2918091191827,52.86831162486357,27.96876424857428,1200.6500244140625,6393688.6,True,False,True,False,1,-0.06825475498755806
2024-02-13,1111.0,1125.0,1103.800048828125,1117.8499755859375,3211554,1120.5142117690525,1074.078403882585,52.608293531964215,27.485277600238618,1200.6500244140625,6457871.15,True,False,True,False,1,-0.06896268449961751
2024-02-14,1110.0,1121.1500244140625,1104.699951171875,1115.8499755859375,4653070,1120.069998799232,1075.7165047336969,51.960716427836445,26.697048717520683,1200.6500244140625,6448748.2,True,False,True,False,1,-0.07062844884337449
2024-02-15,1122.300048828125,1131.449951171875,1109.4000244140625,1120.699951171875,5056712,1120.1299942632934,1077.4805614567626,53.456906458274766,26.365111434684383,1200.6500244140625,6515756.85,True,False,True,False,1,-0.06658899064380108
2024-02-16,1124.0,1127.050048828125,1116.8499755859375,1120.0,3091952,1120.1176138572655,1079.1479904192427,53.19938718380781,25.210465849506036,1200.6500244140625,6517315.45,True,False,True,False,1,-0.06717196749604126
2024-02-19,1121.050048828125,1145.0,1118.3499755859375,1142.199951171875,4711035,1122.220693601514,1081.6206163311108,59.811976128307954,25.313291461260068,1200.6500244140625,6443478.05,True,False,True,False,1,-0.04868202394841259
2024-02-20,1145.0,1151.5999755859375,1135.0,1143.949951171875,5397418,1124.2901467034533,1084.064903971925,60.288307403611334,24.690911755879885,1200.6500244140625,6458663.3,True,False,True,False,1,-0.04722448014762515
2024-02-21,1155.0,1159.1500244140625,1132.5999755859375,1139.9000244140625,4570259,1125.7768017235114,1086.2545165382835,58.558506027725514,24.82370726104025,1200.6500244140625,6140864.65,True,False,True,False,1,-0.050597591941620945
2024-02-22,1137.5999755859375,1138.75,1097.6500244140625,1135.550048828125,8642368,1126.7075871620461,1088.187674667297,56.6774665509969,26.068442456680234,1200.6500244140625,5459647.85,True,False,True,True,2,-0.054220609055255164
2024-02-23,1127.0,1131.8499755859375,1115.300048828125,1125.75,6709844,1126.6163883847084,1089.6607070332855,52.57965696917218,25.652839424060218,1200.6500244140625,5414436.65,True,False,True,True,2,-0.062382895007739636
2024-02-26,1118.0999755859375,1125.9000244140625,1104.3499755859375,1110.050048828125,3186134,1125.038641760272,1090.4602890644558,46.748392107567135,25.35978295292199,1180.8499755859375,5178694.0,True,False,False,False,0,-0.05995674998653544
2024-02-27,1113.0,1131.0,1101.300048828125,1127.5,7149094,1125.2730568307222,1091.9128267482026,52.988977301060395,25.66979496856149,1180.8499755859375,5137207.8,True,False,True,True,2,-0.04517930024046046
2024-02-28,1133.4000244140625,1152.6500244140625,1123.5,1128.75,5302711,1125.6041942754155,1093.357421777685,53.41017323187392,25.91838278609728,1175.199951171875,5299561.35,True,False,True,True,2,-0.039525147295621066
2024-02-29,1118.8499755859375,1137.949951171875,1099.0,1123.3499755859375,13818650,1125.3895067811795,1094.5336003584007,51.27298174477907,26.849209099367116,1175.199951171875,5265598.6,True,False,True,True,2,-0.04412013082049082
2024-03-01,1128.0,1140.75,1117.4000244140625,1128.699951171875,5927490,1125.704787199341,1095.8734572530468,53.268122053730934,26.59926384840786,1175.199951171875,5776220.65,True,False,True,True,2,-0.039567734795795007
2024-03-04,1132.0,1149.25,1132.0,1133.5,5855090,1126.4471884184513,1097.349007949006,55.046585052541936,26.1671770612448,1159.6500244140625,5824096.0,True,False,True,True,2,-0.02254992787783139
2024-03-05,1133.050048828125,1179.75,1133.050048828125,1168.9000244140625,5375008,1130.4903156561286,1100.154930163322,65.48034123716724,27.633803783432676,1159.1500244140625,5726383.95,True,True,True,False,1,0.008411335715519996
2024-03-06,1173.949951171875,1196.5999755859375,1157.3499755859375,1193.699951171875,5464839,1136.5102809433427,1103.823362359736,70.62430262905418,28.463532084616055,1179.75,5501981.1,True,True,True,False,1,0.01182449770873073
2024-03-07,1209.8499755859375,1213.5999755859375,1189.449951171875,1199.699951171875,8903981,1142.5283447746315,1107.5832285876631,71.72220149745112,28.15542439386223,1196.5999755859375,5636688.35,True,True,True,True,2,0.0025906532251260828
2024-03-11,1186.0,1218.300048828125,1186.0,1196.5999755859375,6679208,1147.6780238995177,1111.0740814111248,70.26109862413186,28.451468996309572,1213.5999755859375,5755917.8,True,False,True,True,2,-0.014007910631171683
2024-03-12,1200.0,1208.0,1197.800048828125,1204.25,4249548,1153.0658311471827,1114.7280390028454,71.7884646845086,27.233508669006213,1218.300048828125,5879719.65,True,False,True,False,1,-0.011532502885179818
2024-03-13,1212.0,1212.0,1151.699951171875,1168.75,7528096,1154.5595615141178,1116.8465472772436,57.12612715620404,29.595404394657557,1218.300048828125,5897798.25,True,False,True,True,2,-0.040671465847667676
2024-03-14,1173.949951171875,1199.699951171875,1163.550048828125,1194.5999755859375,8569080,1158.3729342828626,1119.8957013285649,63.044990738533194,30.06358281959273,1218.300048828125,6113625.35,True,False,True,True,2,-0.019453395955277508
2024-03-15,1190.0,1222.800048828125,1187.8499755859375,1220.0,10115416,1164.2421786368757,1123.8213600999936,67.75542504715148,30.412617849778073,1218.300048828125,6309425.85,True,True,True,True,2,0.0013953468798677537
2024-03-18,1225.0,1230.550048828125,1215.199951171875,1225.300048828125,4141080,1170.0572138931852,1127.8009165207047,68.6532879951258,29.336723550240354,1222.800048828125,6562361.05,True,True,True,False,1,0.002044487978550391
2024-03-19,1216.199951171875,1240.4000244140625,1214.5999755859375,1228.3499755859375,7703719,1175.608905482971,1131.744016876204,69.18504010669963,29.084103927232114,1230.550048828125,6614817.45,True,False,True,True,2,-0.0017878779040988446
2024-03-20,1228.25,1239.0,1223.6500244140625,1231.800048828125,6596032,1180.9604429444141,1135.6677828351028,69.80894600620906,28.103094759996786,1240.4000244140625,6764451.65,True,False,True,False,1,-0.006933227520694363
2024-03-21,1238.0,1242.9000244140625,1214.0999755859375,1220.800048828125,9952250,1184.754691123815,1139.0063030701233,65.27131768969072,28.152877193434513,1240.4000244140625,6824382.35,True,False,True,True,2,-0.015801334408386603
2024-03-22,1226.949951171875,1245.0,1222.0,1236.0999755859375,7840007,1189.644718215446,1142.8138980707436,68.3526370728957,27.870525334751694,1242.9000244140625,7093481.9,True,False,True,True,2,-0.005471114888207285
2024-03-26,1225.0,1234.0,1210.0,1213.0999755859375,10898138,1191.878552250731,1145.5702148360454,59.767682622405935,27.74405749555068,1245.0,7053363.85,True,False,True,True,2,-0.025622509569528162
2024-03-27,1210.550048828125,1228.25,1210.550048828125,1224.800048828125,5779169,1195.0139328771495,1148.6772671494602,62.357709051449035,27.026621329573846,1245.0,7262778.55,True,False,True,False,1,-0.01622486037901605
2024-03-28,1226.949951171875,1238.5,1220.300048828125,1228.5999755859375,10518377,1198.2126036113198,1151.8114910097142,63.18661681495648,26.396144889738213,1245.0,7392430.3,True,False,True,True,2,-0.013172710372740926
2024-04-01,1228.0,1231.9000244140625,1208.0,1217.3499755859375,5461473,1200.035210466045,1154.3816276597622,59.041386302254914,26.217850570047094,1245.0,7560894.45,True,False,True,False,1,-0.02220885495105418
2024-04-02,1225.0,1227.75,1203.199951171875,1208.25,3625577,1200.8175713740409,1156.4941128495757,55.84972352087528,26.098721874195515,1245.0,7568832.55,True,False,True,False,1,-0.029518072289156594
2024-04-03,1195.0,1240.5999755859375,1189.449951171875,1225.699951171875,9532291,1203.1873218309775,1159.2080672935874,60.28346601602394,27.88810062704316,1245.0,7059178.9,True,False,True,True,2,-0.015502047251506057
2024-04-04,1231.949951171875,1233.0,1201.300048828125,1206.8499755859375,7327626,1203.5361459981164,1161.0763774226991,53.97750730267287,28.16037566595972,1245.0,7239418.95,True,False,True,True,2,-0.030642589890813254
2024-04-05,1205.9000244140625,1211.3499755859375,1188.949951171875,1191.0,4227519,1202.342227331629,1162.2498528178874,49.307000769985706,27.748922005109918,1245.0,7313045.75,True,False,False,False,0,-0.04337349397590362
2024-04-08,1188.0,1210.550048828125,1183.0999755859375,1204.699951171875,4827733,1202.5667724592715,1163.9145625572594,53.08561287318088,27.727575664901174,1245.0,7255671.3,True,False,True,False,1,-0.032369517131024095
2024-04-09,1214.949951171875,1214.949951171875,1198.300048828125,1204.449951171875,3372798,1202.7461228128527,1165.5041856401854,53.00796472071423,26.936313284818947,1245.0,7223816.0,True,False,True,False,1,-0.032570320343875525
2024-04-10,1213.25,1230.699951171875,1208.75,1229.4000244140625,6442196,1205.2845896320155,1168.0099048077884,59.39183629762185,26.88729090733188,1245.0,6947256.85,True,False,True,False,1,-0.012530100872238936
2024-04-12,1226.0999755859375,1231.8499755859375,1219.550048828125,1225.550048828125,7877073,1207.2146333649782,1170.26638104388,58.080656534936864,25.845336325223354,1245.0,6935406.25,True,False,True,True,2,-0.015622450740461868
2024-04-15,1210.5999755859375,1235.0,1210.3499755859375,1224.550048828125,4281602,1208.8656253138493,1172.3951523295368,57.72418895975124,25.75995690299758,1245.0,7116782.5,True,False,True,False,1,-0.01642566359186748
2024-04-16,1223.9000244140625,1233.949951171875,1212.050048828125,1216.449951171875,5235632,1209.5879420622325,1174.1227914998246,54.79079075698949,25.48423872019418,1245.0,6954457.8,True,False,True,False,1,-0.02293176612700798
2024-04-18,1220.0,1281.8499755859375,1215.800048828125,1265.75,19939924,1214.936709484877,1177.7160153625769,66.08677447672582,28.381787865738346,1245.0,6787785.4,True,True,True,True,2,0.016666666666666607
2024-04-19,1280.0,1296.5,1253.3499755859375,1289.0,13103862,1221.990356200603,1182.0800931914955,69.90570386484383,29.43666190490436,1281.8499755859375,7279010.8,True,True,True,True,2,0.005577894878684431
2024-04-22,1304.0,1305.4000244140625,1288.25,1297.550048828125,7894656,1229.1865174032241,1186.6083267458732,71.19051232218905,28.5590449412728,1296.5,7727149.9,True,True,True,True,2,0.000809910395777047
2024-04-23,1310.0,1351.0,1302.0999755859375,1342.3499755859375,12074766,1239.9639896111016,1192.71584238666,76.78350492700716,30.33696681488724,1305.4000244140625,7736696.75,True,True,True,True,2,0.028305462295712847
2024-04-24,1352.0,1354.0,1333.550048828125,1336.4000244140625,6277492,1249.1483738780503,1198.3505161916562,74.70905603328484,29.63075141181494,1351.0,8010633.45,True,False,True,False,1,-0.010806791699435658
2024-04-25,1331.0,1343.800048828125,1324.3499755859375,1338.699951171875,8512627,1257.677095525081,1203.854415602645,74.99032905117795,28.90356011398441,1354.0,7826895.55,True,False,True,True,2,-0.011299888351643306
2024-04-26,1338.0,1345.699951171875,1322.0,1326.0,5289771,1264.1840388084067,1208.6444385201885,70.33844857859543,28.53187376097659,1354.0,7860526.55,True,False,True,False,1,-0.020679468242245203
2024-04-29,1324.5,1346.0,1320.0,1332.449951171875,3195888,1270.6855542715941,1213.499556663392,71.31179128501984,28.35102563519255,1354.0,7580108.2,True,False,True,False,1,-0.01591584108428734
2024-04-30,1323.1500244140625,1334.800048828125,1319.949951171875,1322.300048828125,5272565,1275.6012204198353,1217.7662426306365,67.554979783708,27.386673636696656,1354.0,7450944.15,True,False,True,False,1,-0.023412076197839693
2024-05-02,1315.25,1319.9000244140625,1293.5999755859375,1304.050048828125,7995432,1278.3106326491964,1221.1499213050479,61.30159017134066,27.480487894231715,1354.0,7188653.55,True,False,True,True,2,-0.03689065817716031
2024-05-03,1306.0,1310.5,1258.1500244140625,1277.4000244140625,11290875,1278.223908055374,1223.35580770148,53.51177893145917,29.2568798722107,1354.0,7315351.5,True,False,True,True,2,-0.056573098660219756
2024-05-06,1275.0,1298.449951171875,1273.199951171875,1283.4000244140625,5555467,1278.7168715181062,1225.7104828666795,54.90127642153306,28.970674167052792,1354.0,7698616.4,True,False,True,False,1,-0.05214178403688141
2024-05-07,1286.3499755859375,1294.449951171875,1271.0,1286.1500244140625,5767030,1279.4247908415307,1228.080660966577,55.55694574211185,28.57633681025438,1354.0,7499775.2,True,False,True,False,1,-0.05011076483451804
2024-05-08,1276.1500244140625,1299.4000244140625,1274.699951171875,1288.5999755859375,2682816,1280.2986179600457,1230.4539674222383,56.168335271374815,28.299460841106743,1354.0,7421745.4,True,False,True,False,1,-0.048301347425452335
2024-05-09,1283.0,1295.300048828125,1270.050048828125,1275.449951171875,4809145,1279.8368401706962,1232.218515804577,52.030917308600934,28.081642209599117,1354.0,7344510.25,True,False,True,False,1,-0.05801333000600073
2024-05-10,1275.050048828125,1308.5,1271.75,1301.1500244140625,5532513,1281.866667241493,1234.9217122206353,58.469592551184604,28.70081062319918,1354.0,7343580.85,True,False,True,False,1,-0.0390324782761724
2024-05-13,1301.1500244140625,1302.9000244140625,1281.4000244140625,1285.949951171875,3703942,1282.2555514253388,1236.9228196304878,53.86454513196702,28.186467007256383,1354.0,7451566.6,True,False,True,False,1,-0.05025852941515874
2024-05-14,1290.550048828125,1299.9000244140625,1280.699951171875,1284.300048828125,3262908,1282.4502654636992,1238.7807501872578,53.37315754924161,27.54458173832289,1354.0,7314653.9,True,False,True,False,1,-0.051477068812315396
2024-05-15,1281.550048828125,1318.25,1280.5,1309.9000244140625,6891004,1285.0645282208768,1241.5697413334071,59.5406185870805,28.27354018558554,1354.0,7083945.65,True,False,True,False,1,-0.032570144450470795
2024-05-16,1328.0,1356.8499755859375,1321.300048828125,1345.0999755859375,11932181,1290.782189874692,1245.629750519781,66.16727662050224,29.607569541749072,1354.0,7214415.75,True,False,True,True,2,-0.006573134722350438
2024-05-17,1353.5999755859375,1360.0,1339.25,1344.449951171875,6614017,1295.8934052363284,1249.5050525061376,65.95245470923062,28.97488600305271,1356.8499755859375,7549243.2,True,False,True,False,1,-0.009138832322790669
2024-05-21,1356.0,1362.75,1335.75,1344.300048828125,5422220,1300.5035617688804,1253.222503342294,65.89931983138561,28.833822717120373,1360.0,6882947.85,True,False,True,False,1,-0.01154408174402577
2024-05-22,1342.1500244140625,1351.0,1329.550048828125,1347.9000244140625,3026723,1305.017510592231,1256.935347305893,66.59535533723832,28.306403321031418,1362.75,6498865.75,True,False,True,False,1,-0.010897065188726796
2024-05-23,1350.75,1377.300048828125,1344.300048828125,1374.050048828125,7147341,1311.5920380432685,1261.5280806989217,71.19471850420754,28.641660226672034,1362.75,6255469.1,True,True,True,True,2,0.00829209233397532
2024-05-24,1375.5,1397.75,1374.050048828125,1388.5,5622368,1318.9166058486715,1266.5073716519053,73.37614577238288,28.288681008472246,1377.300048828125,6009097.85,True,True,True,False,1,0.008131816434192807
2024-05-27,1396.0,1407.0,1378.0,1384.3499755859375,6553974,1325.1483553474586,1271.1286502375535,71.69681051685924,28.339489507867086,1397.75,5976341.65,True,False,True,True,2,-0.00958685345309429
2024-05-28,1384.800048828125,1386.949951171875,1366.9000244140625,1371.050048828125,2068963,1329.5199452027603,1275.0471364567918,66.44814774415656,27.747377882863187,1407.0,5878409.0,True,False,True,False,1,-0.025550782638148584
2024-05-29,1355.5,1390.25,1355.5,1377.0999755859375,4445083,1334.0513766678248,1279.0492085795036,67.60972737679063,28.247565176944388,1407.0,5717368.6,True,False,True,False,1,-0.021250905766924344
2024-05-30,1378.800048828125,1386.449951171875,1363.5,1377.1500244140625,7100303,1338.1560097865142,1282.8962993965451,67.6197145283476,27.869164176582288,1407.0,5779828.35,True,False,True,True,2,-0.021215334460509938
2024-05-31,1380.0,1388.0,1338.0,1372.75,24825643,1341.4506755211319,1286.4199739300138,65.70171026470854,29.44993816396927,1407.0,5871215.25,True,False,True,True,2,-0.024342572850035493
2024-06-03,1415.300048828125,1420.449951171875,1385.0,1391.0999755859375,6017122,1346.1791802892085,1290.5250720341678,69.57731014039513,30.753510521676823,1407.0,6712725.8,True,False,True,False,1,-0.011300657010705373
2024-06-04,1391.0999755859375,1397.0,1219.050048828125,1299.699951171875,19924421,1341.7525870399386,1290.8848712160386,43.31999296229444,41.26754199669098,1420.449951171875,6449038.15,True,False,False,True,1,-0.08500827494863927
2024-06-05,1325.6500244140625,1348.75,1279.8499755859375,1344.3499755859375,12175520,1341.9999573776527,1292.9815419756426,52.7090292337258,43.24129074078895,1420.449951171875,7167485.85,True,False,True,True,2,-0.053574556092704895
2024-06-06,1359.0,1376.25,1329.0,1370.5999755859375,10279789,1344.7237686355847,1296.025402117223,57.1980065230911,43.52762711644688,1420.449951171875,7487910.35,True,False,True,True,2,-0.03509449632126149
2024-06-07,1370.5999755859375,1430.6500244140625,1363.1500244140625,1425.25,12280748,1352.3929335274338,1301.0930334067436,64.70873612462432,45.2399394652721,1420.449951171875,7867759.0,True,True,True,True,2,0.0033792453047465365
2024-06-10,1421.050048828125,1436.6500244140625,1421.050048828125,1426.050048828125,5318477,1359.4078968894044,1305.9933085213077,64.80609966260096,43.12279918817677,1430.6500244140625,8241339.15,True,False,True,False,1,-0.0032153045870331187
2024-06-11,1426.0,1434.5999755859375,1413.0,1427.25,4416792,1365.869049566604,1310.7484728930212,64.96223359998984,41.58545464515968,1436.6500244140625,8230637.35,True,False,True,False,1,-0.006543016221293163
2024-06-12,1425.0,1447.8499755859375,1422.0999755859375,1438.4000244140625,4876138,1372.7767614568381,1315.754416089925,66.45159047771358,40.45435074193399,1436.6500244140625,8266279.85,True,True,True,False,1,0.0012181115583203006
2024-06-13,1449.0,1455.949951171875,1420.449951171875,1425.75,7990376,1377.8218317942822,1320.067968400124,63.17079660816803,40.100468546081565,1447.8499755859375,8346941.35,True,False,True,False,1,-0.015263995551054066
2024-06-14,1434.0,1434.0,1420.949951171875,1427.4000244140625,3978442,1382.5435644247375,1324.2770686359647,63.42445431903572,38.16829570908467,1455.949951171875,8401909.95,True,False,True,False,1,-0.019609140228229016
2024-06-18,1444.0,1444.0,1418.0,1428.3499755859375,8671131,1386.9060797734232,1328.3583591045913,63.57997622307054,37.299131729864335,1455.949951171875,8004223.0,True,False,True,True,2,-0.01895667880872043
2024-06-19,1433.949951171875,1434.800048828125,1388.300048828125,1392.3499755859375,8640918,1387.4245460412817,1330.8678342607225,54.17817576591264,37.9563366063026,1455.949951171875,8107078.7,True,False,True,True,2,-0.043682803474629495
2024-06-20,1405.949951171875,1406.949951171875,1376.25,1381.1500244140625,8742855,1386.8269725529751,1332.8396848549712,51.620692466822426,37.43802336098634,1455.949951171875,8268013.6,True,False,True,True,2,-0.051375342055959394
2024-06-21,1384.949951171875,1423.949951171875,1372.8499755859375,1416.050048828125,43929578,1389.6101226744179,1336.1028363833302,58.23645711457798,38.41387709134,1455.949951171875,8553820.2,True,False,True,True,2,-0.027404721097476714
2024-06-24,1402.0,1423.800048828125,1389.3499755859375,1419.800048828125,6195831,1392.4853537366757,1339.3850800086163,58.88702043246364,38.13074824497196,1455.949951171875,10392932.05,True,False,True,False,1,-0.024829083111444494
2024-06-25,1434.0,1434.0,1409.8499755859375,1414.949951171875,6353748,1394.6248392066946,1342.3484082895284,57.63649169970544,37.13212511419271,1455.949951171875,10421605.2,True,False,True,False,1,-0.02816030864728536
2024-06-26,1414.949951171875,1479.949951171875,1408.949951171875,1459.5,9579826,1400.803425948914,1346.9425883566057,64.99075568964804,39.55125903460752,1455.949951171875,10411593.9,True,True,True,False,1,0.002438304163730143
2024-06-27,1464.0,1489.0,1440.050048828125,1475.800048828125,19675528,1407.9459614612197,1351.9958221005868,67.23216151013833,40.22259418726948,1479.949951171875,10787137.05,True,False,True,True,2,-0.002804082895143778
2024-06-28,1536.25,1536.25,1436.6500244140625,1444.050048828125,29145832,1411.3844459723534,1355.6057917761766,59.271919710122596,44.463835715745766,1489.0,11548659.3,True,False,True,True,2,-0.030188012875671633
2024-07-01,1450.0,1466.800048828125,1449.25,1454.0,6011806,1415.4430701654628,1359.4643881771108,60.83682820135567,42.912847450335356,1536.25,12650935.75,True,False,True,False,1,-0.053539462978030916
2024-07-02,1462.0,1473.4000244140625,1417.0,1418.949951171875,7792632,1415.7770588327403,1361.797155353376,53.09721727320208,43.876217233458725,1536.25,11710243.9,True,False,True,False,1,-0.0763547917514239
2024-07-03,1427.949951171875,1432.4000244140625,1408.449951171875,1419.8499755859375,8261388,1416.164955666378,1364.0737365389666,53.26164548372952,42.452921234082204,1536.25,11799019.4,True,False,True,False,1,-0.07576893371135074
2024-07-04,1418.0,1441.0999755859375,1411.5,1423.050048828125,9570938,1416.8206788246398,1366.3865330993258,53.88073072323802,41.53485368778615,1536.25,11215867.75,True,False,True,False,1,-0.0736858917310822
2024-07-05,1422.5,1433.5999755859375,1416.8499755859375,1429.699951171875,4881198,1418.0472761910432,1368.8694122394259,55.20847047041517,39.764506995801426,1536.25,11085638.65,True,False,True,False,1,-0.06935723276037431
2024-07-08,1431.0,1438.8499755859375,1423.1500244140625,1435.1500244140625,3261797,1419.6761093551402,1371.4686519325487,56.31841352134531,38.04561015123525,1536.25,10815709.1,True,False,True,False,1,-0.06580958540988613
2024-07-09,1436.0,1441.6500244140625,1428.1500244140625,1435.550048828125,2897480,1421.187913114472,1373.981647889238,56.40380651076187,36.29235228328988,1536.25,10364761.55,True,False,True,False,1,-0.06554919522986169
2024-07-10,1441.0,1448.75,1426.1500244140625,1445.050048828125,3416762,1423.460497468153,1376.7686440044886,58.479704648878005,35.314325376336136,1536.25,10243711.7,True,False,True,False,1,-0.05936530588893407
2024-07-11,1450.0,1450.8499755859375,1428.0,1437.949951171875,4178558,1424.840445439936,1379.1679109522292,56.321191482986016,34.42401467702195,1536.25,10193710.2,True,False,True,False,1,-0.06398701306956878
2024-07-12,1442.0,1447.5999755859375,1421.449951171875,1433.25,6342135,1425.6413553980374,1381.2887771893968,54.87723061035172,33.83301537252485,1536.25,10158831.2,True,False,True,False,1,-0.06704637917005696
2024-07-15,1433.25,1440.0,1426.050048828125,1437.5999755859375,3324806,1426.7802716064089,1383.4970594794572,56.00157379215274,32.41279650104986,1536.25,10076419.15,True,False,True,False,1,-0.06421482467961759
2024-07-16,1452.0,1473.300048828125,1445.0,1466.5,6967651,1430.5631028819892,1386.7520767547726,62.658724204904075,32.64760198255969,1536.25,10043737.35,True,False,True,False,1,-0.04540276647681041
2024-07-18,1466.0,1485.949951171875,1459.050048828125,1483.6500244140625,6470342,1435.619000170758,1390.551996270823,65.95107324397898,32.237052008359,1536.25,9958563.35,True,False,True,False,1,-0.034239202985150485
2024-07-19,1480.0,1480.0,1451.949951171875,1461.75,3858596,1438.1076668211622,1393.344074848438,58.819247507697085,32.1986963822039,1536.25,9850034.55,True,False,True,False,1,-0.048494711147274217
2024-07-22,1450.0,1472.0,1449.050048828125,1465.4000244140625,3560584,1440.7069389728672,1396.1697983608153,59.60332737728396,31.538071724323263,1536.25,9605821.6,True,False,True,False,1,-0.04611877987693247
2024-07-23,1470.0,1470.0,1428.449951171875,1465.699951171875,2936143,1443.087225848963,1398.8964710200726,59.6712766209643,32.25321294602339,1536.25,7587371.9,True,False,True,False,1,-0.045923546836859286
2024-07-24,1466.0,1475.5999755859375,1436.550048828125,1455.199951171875,4529339,1444.2408187368596,1401.1044506338687,56.11283370674665,32.73869250400833,1536.25,7424387.5,True,False,True,False,1,-0.05275837189788446
2024-07-25,1445.0,1454.0,1440.0999755859375,1449.1500244140625,4277756,1444.7083621346883,1402.9885907821117,54.11056551628146,31.478784152717555,1536.25,7333167.05,True,False,True,False,1,-0.05669648532851912
2024-07-26,1450.25,1520.0,1449.1500244140625,1514.4000244140625,9564987,1451.3456633041524,1407.3576666108158,67.5567591205681,34.29101211223327,1536.25,7068063.55,True,False,True,True,2,-0.014222929592148104
2024-07-29,1525.0,1525.0,1477.050048828125,1481.3499755859375,4589313,1454.2032168547985,1410.259325786311,58.247036133219765,35.26665061649339,1536.25,6562536.5,True,False,True,False,1,-0.035736386925345864
2024-07-30,1484.4000244140625,1484.9000244140625,1464.050048828125,1470.3499755859375,4263689,1455.7410034006211,1412.6158218568844,55.505408204561256,34.23688811431083,1525.0,5334710.55,True,False,True,False,1,-0.035836081582991786
2024-07-31,1477.8499755859375,1504.1500244140625,1473.1500244140625,1491.550048828125,5634305,1459.151388679431,1415.7112817381094,59.46536385973052,34.2056853081547,1525.0,5247304.7,True,False,True,True,2,-0.021934394211065578
2024-08-01,1485.0,1511.0,1485.0,1505.5,4531379,1463.5655421385327,1419.2324079444581,61.870106986016204,33.619564929000795,1525.0,5139388.35,True,False,True,False,1,-0.012786885245901658
2024-08-02,1494.0999755859375,1505.1500244140625,1483.5999755859375,1493.800048828125,3335905,1466.445018966113,1422.1566291555823,58.72344575530019,32.78245489221949,1525.0,4952887.9,True,False,True,False,1,-0.020458984375000044
2024-08-05,1482.0,1488.0,1451.5,1465.699951171875,5111901,1466.3740601285663,1423.8642104111232,51.896649996072185,33.462283030498455,1525.0,4641136.25,True,False,True,True,2,-0.038885277920082006
2024-08-06,1483.0999755859375,1492.9000244140625,1431.0999755859375,1443.550048828125,8249573,1464.2003447666195,1424.636204074535,47.23521194137073,35.48640915890035,1525.0,4652671.4,True,False,False,True,1,-0.05340980404713114
2024-08-07,1452.0,1454.9000244140625,1422.5999755859375,1441.75,5700734,1462.0622166936082,1425.307333326514,46.86679213075212,35.2588119924164,1525.0,4902060.2,True,False,False,True,1,-0.05459016393442628
2024-08-08,1435.0,1466.5,1430.0,1451.800048828125,5986360,1461.084867373086,1426.346263346185,49.2469607765224,35.347468278672366,1525.0,5042222.9,True,False,False,True,1,-0.04799996798155737
2024-08-09,1465.0,1482.0,1457.300048828125,1464.0999755859375,3615910,1461.3720205362144,1427.826801081077,52.076460257160555,34.9797884853297,1525.0,5170702.8,True,False,True,False,1,-0.03993444223872955
2024-08-12,1466.0,1477.5,1445.0,1458.5999755859375,4028226,1461.1080162552357,1429.0335922381305,50.71492711383532,34.802660736377575,1525.0,5142570.4,True,False,True,False,1,-0.04354099961577873
2024-08-13,1468.0,1478.4000244140625,1450.3499755859375,1459.699951171875,4495208,1460.9739148187252,1430.2361945492576,50.990901334969685,34.320331314359535,1525.0,5026874.95,True,False,True,False,1,-0.04281970414959013
2024-08-14,1453.0999755859375,1480.0999755859375,1453.0999755859375,1471.699951171875,5891784,1461.9954420904537,1431.8622242207327,54.01602090778648,33.797450506191,1525.0,5085395.05,True,False,True,True,2,-0.03495085169057377
2024-08-16,1480.0,1491.0,1468.0999755859375,1483.550048828125,7176426,1464.0482617797559,1433.8891977347482,56.84862473967212,33.019062928181825,1525.0,5031601.7,True,False,True,True,2,-0.02718029585040982
2024-08-19,1487.0,1489.0999755859375,1464.300048828125,1469.6500244140625,4404075,1464.581762983023,1435.2915830947213,52.74437519684331,32.43198177315544,1525.0,5066905.9,True,False,True,False,1,-0.03629506595799181
2024-08-20,1480.0,1484.75,1446.5,1449.1500244140625,10046892,1463.1120735955028,1435.8350513817545,47.31852302322298,32.84755450364434,1525.0,5094179.85,True,False,False,True,1,-0.04973768890881147
2024-08-21,1453.0,1466.5999755859375,1447.699951171875,1463.449951171875,6175510,1463.1442524123001,1436.917988628426,51.09760707610901,31.851302354388494,1525.0,5418495.25,True,False,True,True,2,-0.04036068775614754
2024-08-22,1473.699951171875,1499.9000244140625,1465.0,1486.3499755859375,6781325,1465.35432128598,1438.8564979208775,56.481421986654176,32.17978598923128,1525.0,5580463.6,True,False,True,True,2,-0.025344278304303303
2024-08-23,1493.0,1510.0,1479.3499755859375,1506.75,6238112,1469.2967668777915,1441.51898819849,60.638698272322905,32.07051730529065,1525.0,5693062.9,True,False,True,True,2,-0.011967213114754127
2024-08-26,1509.0,1520.699951171875,1505.0,1513.550048828125,4307432,1473.5113651587758,1444.343735674162,61.943745597330135,30.90119115290382,1525.0,5791080.7,True,False,True,False,1,-0.007508164702868858
2024-08-27,1518.0,1526.3499755859375,1502.0,1522.75,3965066,1478.2007589531781,1447.4184911379205,63.69743352390123,30.433247183834798,1525.0,5528202.95,True,False,True,False,1,-0.0014754098360655332
2024-08-28,1527.949951171875,1564.5,1521.6500244140625,1556.3499755859375,6225319,1485.6435414896314,1451.6903140574507,69.26752068642256,31.320156355413562,1526.3499755859375,5496990.6,True,True,True,True,2,0.01965473219107805
2024-08-29,1565.0,1571.699951171875,1545.949951171875,1565.9000244140625,8036748,1493.287016053863,1456.1691262282982,70.64613040578777,30.922288044312594,1564.5,5595072.1,True,True,True,True,2,0.0008948701911553059
2024-08-30,1576.0,1608.4000244140625,1561.5999755859375,1589.050048828125,37820442,1502.407304889507,1461.3801428008405,73.72325986993266,32.05641381458491,1571.699951171875,5715194.25,True,True,True,True,2,0.011039064831244394
2024-09-02,1605.0,1605.0,1565.5,1571.3499755859375,4890314,1508.9732735272623,1465.6926852630013,67.86542313893779,32.58809854211456,1608.4000244140625,7379647.4,True,False,True,False,1,-0.023035344606900487
2024-09-03,1579.0,1579.0,1558.5999755859375,1560.5999755859375,4546295,1513.8901022947553,1469.4145397854695,64.51271215758096,31.717521818682272,1608.4000244140625,7457367.85,True,False,True,False,1,-0.029719005286348743
2024-09-04,1558.0,1566.0,1542.0,1561.9000244140625,5213811,1518.4624758299274,1473.0414215356104,64.73957895110703,31.166270260204968,1608.4000244140625,7429087.55,True,False,True,False,1,-0.028910718287846304
2024-09-05,1559.0,1563.0,1541.5,1547.199951171875,5652812,1521.199378243446,1475.949599168405,60.06378526823533,30.475822384476043,1608.4000244140625,7277299.45,True,False,True,False,1,-0.03805028121936427
2024-09-06,1552.800048828125,1555.5999755859375,1530.199951171875,1539.25,5497805,1522.9184850774036,1478.4319678284676,57.63922358490069,30.113265386589365,1608.4000244140625,7274903.35,True,False,True,False,1,-0.042993051084573186
2024-09-09,1523.25,1546.75,1523.25,1542.6500244140625,3912508,1524.7976792999425,1480.950322988687,58.41241408241856,29.640889287547267,1608.4000244140625,7250475.6,True,False,True,False,1,-0.04087913392313747
2024-09-10,1545.1500244140625,1586.0,1545.1500244140625,1577.8499755859375,6163457,1529.8502789462277,1484.7503093650498,65.44450428324788,30.620109737432287,1608.4000244140625,7265305.5,True,False,True,False,1,-0.01899406140537352
2024-09-11,1578.449951171875,1598.9000244140625,1574.449951171875,1577.800048828125,5994914,1534.4169236968846,1488.3993187557587,65.42760541055492,30.1793928449148,1608.4000244140625,7372067.05,True,False,True,False,1,-0.0190251026619358
2024-09-12,1596.1500244140625,1652.800048828125,1590.0999755859375,1646.75,12204496,1545.1153119162288,1494.6091493927877,75.02056228292403,33.38086478456374,1608.4000244140625,7447052.35,True,True,True,True,2,0.023843555709910147
2024-09-13,1651.0,1654.9000244140625,1631.050048828125,1634.449951171875,5609618,1553.623372797719,1500.0931024037322,71.2238637347202,32.700086984661866,1652.800048828125,7762687.95,True,False,True,False,1,-0.011102430490161574
2024-09-16,1634.449951171875,1652.949951171875,1630.0999755859375,1635.449951171875,3762063,1561.4163802619244,1505.4012141201301,71.35080885581611,31.996507599038697,1654.9000244140625,7684347.55,True,False,True,False,1,-0.011753020095019995
2024-09-17,1650.0,1666.050048828125,1638.5,1661.75,4223072,1570.9719630941222,1511.5325390565959,74.53284561324048,31.896764031696648,1654.9000244140625,7652246.95,True,True,True,False,1,0.004139208100116365
2024-09-18,1655.199951171875,1670.949951171875,1647.8499755859375,1654.9000244140625,3171195,1578.9651117912595,1517.1547933843397,72.28102252847697,31.26842199985671,1666.050048828125,7361055.95,True,False,True,False,1,-0.00669249067391775
2024-09-19,1647.699951171875,1711.699951171875,1647.699951171875,1664.8499755859375,8498240,1587.1446226288479,1522.9467613138142,73.53193071976719,33.606391857009804,1670.949951171875,7210840.2,True,False,True,True,2,-0.0036506034077558036
2024-09-20,1671.0,1723.4000244140625,1666.0,1711.75,21646275,1599.0118014261006,1530.3508098897432,78.46511732461298,35.38808164066089,1711.699951171875,7296685.95,True,True,True,True,2,2.923925311248965e-05
2024-09-23,1719.0,1754.25,1719.0,1750.449951171875,5001827,1613.4344823542697,1538.9821487635525,81.52504222032736,35.89607580918511,1723.4000244140625,8067094.1,True,True,True,False,1,0.015695675046197843
2024-09-24,1752.0,1767.550048828125,1746.0999755859375,1756.6500244140625,7579205,1627.0740577885358,1547.518143887102,81.96712571263842,34.864218482971005,1754.25,8101813.85,True,True,True,False,1,0.0013681199453114967
2024-09-25,1755.550048828125,1766.9000244140625,1745.0,1760.4000244140625,4017103,1639.7717688957289,1555.866452927375,82.24387603999689,33.93820462090611,1767.550048828125,8282520.8,True,False,True,False,1,-0.00404516093832985
2024-09-26,1770.0,1779.0,1746.1500244140625,1771.0999755859375,7417423,1652.2792171519393,1564.3069832277108,83.04351549939886,33.860473975551216,1767.550048828125,8172110.0,True,True,True,False,1,0.0020083882547858867
2024-09-27,1755.199951171875,1763.449951171875,1722.5,1734.5999755859375,7116861,1660.1192893837485,1570.9851397907787,71.25504597180228,34.91329551915024,1779.0,8141143.75,True,False,True,False,1,-0.024957855207455082
2024-09-30,1714.0,1733.0,1704.199951171875,1709.550048828125,6907288,1664.8269807594033,1576.4190577922434,64.48899045618423,34.590919011643976,1779.0,6605964.7,True,False,True,True,2,-0.03903875838778803
2024-10-01,1705.0,1722.8499755859375,1696.0,1698.699951171875,3649090,1668.0529779415435,1581.2143869443858,61.75375225427311,34.03799448123637,1779.0,6706813.4,True,False,True,False,1,-0.045137745265949936
2024-10-03,1665.0,1695.0,1665.0,1673.449951171875,7200276,1668.5669753920513,1584.8314678944835,55.82021715733724,34.0138485305677,1779.0,6661953.15,True,False,True,True,2,-0.059331112326096114
2024-10-04,1670.050048828125,1686.699951171875,1630.1500244140625,1640.9000244140625,8576527,1665.932027679862,1587.03023481682,49.25066747006006,35.62356840394233,1779.0,6761276.4,True,False,False,True,1,-0.07762786710845282
2024-10-07,1651.0,1670.0,1642.449951171875,1662.050048828125,5387707,1665.562315408268,1589.9721883074594,53.11211603473046,35.157597488370556,1779.0,6907462.15,True,False,True,False,1,-0.06573915186727097
2024-10-08,1662.5999755859375,1679.5,1652.0,1657.449951171875,5224335,1664.7897092905162,1592.6183750864561,52.182117046461336,34.61062623920123,1779.0,6901957.25,True,False,True,False,1,-0.06832492907707977
2024-10-09,1666.75,1704.5999755859375,1661.050048828125,1678.0999755859375,3414614,1666.057353699604,1595.9705947138868,55.913998060419765,35.50629753740561,1779.0,6967548.6,True,False,True,False,1,-0.056717270609366266
2024-10-10,1686.5999755859375,1698.949951171875,1665.0,1678.0999755859375,5047657,1667.204270069731,1599.191354748085,55.913998060419765,35.39512993986771,1779.0,6830106.45,True,False,True,False,1,-0.056717270609366266
2024-10-11,1678.0999755859375,1690.25,1658.6500244140625,1687.4000244140625,2367678,1669.1276752453816,1602.6505182643978,57.64071095469822,35.12404748601555,1779.0,6782743.6,True,False,True,False,1,-0.05148958717590646
2024-10-14,1686.0,1710.050048828125,1679.3499755859375,1695.5999755859375,2069815,1671.6488467063868,1606.2955950221053,59.15958002056767,34.80804932574212,1779.0,6290902.7,True,False,True,False,1,-0.046880283537977796
2024-10-15,1708.0,1732.75,1699.949951171875,1717.25,5891334,1675.991813686731,1610.6467481584932,62.93817452736529,34.97533326062214,1779.0,6113912.55,True,False,True,False,1,-0.034710511523327714
2024-10-16,1720.0,1742.25,1717.0999755859375,1733.949951171875,3299887,1681.5116363043637,1615.4821678845083,65.58332563343478,34.273525485867886,1779.0,6220376.1,True,False,True,False,1,-0.025323242736439044
2024-10-17,1736.75,1737.949951171875,1694.4000244140625,1701.1500244140625,4373392,1683.381958981478,1618.841691669981,56.981340326380476,34.936125576721075,1779.0,6174216.85,True,False,True,False,1,-0.04376052590552981
2024-10-18,1710.0,1716.0999755859375,1685.199951171875,1707.8499755859375,4154915,1685.7122462771408,1622.3322126078617,58.18774307639187,34.64783263653118,1779.0,6234326.7,True,False,True,False,1,-0.039994392588005856
2024-10-21,1705.550048828125,1708.949951171875,1662.0,1692.550048828125,3836168,1686.3634655677108,1625.0858532439506,54.43364788504671,35.52655538905574,1779.0,6017160.45,True,False,True,False,1,-0.048594688685708265
2024-10-22,1692.0,1712.9000244140625,1687.3499755859375,1692.25,3070057,1686.9240878945957,1627.719741352031,54.359578776564426,34.813947777560685,1779.0,5126655.1,True,False,True,False,1,-0.04876335019673972
2024-10-23,1690.0,1701.3499755859375,1680.0999755859375,1685.800048828125,2764757,1686.8170365549317,1629.9974004687406,52.69951241225736,33.84509436487778,1779.0,5030066.6,True,False,True,False,1,-0.0523889551275295
2024-10-24,1687.0,1693.0,1657.4000244140625,1678.449951171875,3669575,1686.0201712803548,1631.8975004963145,50.79581184646474,33.97044302352491,1779.0,4789344.2,True,False,True,False,1,-0.05652054459141376
2024-10-25,1681.0999755859375,1684.75,1655.8499755859375,1666.0,3434386,1684.1134883012735,1633.2348534180276,47.65555754572599,33.60827026570617,1779.0,4771967.8,True,False,False,False,0,-0.06351883080382237
2024-10-28,1658.1500244140625,1677.8499755859375,1645.6500244140625,1663.3499755859375,2811651,1682.1360108998128,1634.415838601083,46.98966194748773,33.50767604471823,1763.449951171875,4572815.95,True,False,False,False,0,-0.05676371791522494
2024-10-29,1650.5,1667.949951171875,1610.0,1637.0999755859375,6990747,1677.8468646794438,1634.5210988749989,40.89405589612528,35.253552839515145,1742.25,4357555.45,True,False,False,True,1,-0.060353005833871376
2024-10-30,1627.800048828125,1651.0,1617.800048828125,1633.3499755859375,4622628,1673.6090657181576,1634.4751724715063,40.093891135494424,35.106867006112275,1742.25,4361728.4,True,False,False,True,1,-0.06250539498583008
2024-10-31,1634.0,1638.800048828125,1602.1500244140625,1612.5999755859375,4921681,1667.7986761817556,1633.6173216132488,35.90718817811738,35.21709253525158,1742.25,4410405.3,True,False,False,True,1,-0.0744152816266681
2024-11-01,1620.0,1626.3499755859375,1605.3499755859375,1616.449951171875,279441,1662.9083214189097,1632.9440913998617,37.21715262388086,34.201585925590756,1742.25,4296475.55,True,False,False,False,0,-0.07220550944360737
2024-11-04,1619.1500244140625,1623.8499755859375,1573.050048828125,1591.25,6094029,1656.0837193790135,1631.3090289920242,32.5304569453654,35.38718169932088,1742.25,3881621.25,True,False,False,True,1,-0.08666953651886933
2024-11-05,1583.25,1593.9000244140625,1566.0,1578.4000244140625,6473278,1648.6852722394942,1629.2341660673983,30.426381972511294,34.85238475037385,1742.25,3916937.35,True,False,False,True,1,-0.09404504266663083
2024-11-06,1583.0,1610.75,1566.5,1598.800048828125,6631728,1643.9342985812684,1628.0406712737013,37.353907033386726,35.52364298249,1742.25,3979384.5,True,False,False,True,1,-0.08233603166702541
2024-11-07,1595.949951171875,1608.550048828125,1569.6500244140625,1575.800048828125,5160994,1637.4453224143024,1625.9920194130905,33.32501439128504,35.76481308474518,1742.25,4140240.2,True,False,False,True,1,-0.09553735179903855
2024-11-08,1571.0,1579.5,1558.8499755859375,1569.9000244140625,3096384,1631.0124368904699,1623.792333334697,32.360787155678224,34.68518532255356,1742.25,4145907.05,True,False,False,False,0,-0.09892379141107044
2024-11-11,1561.0,1581.5999755859375,1551.800048828125,1560.550048828125,3664301,1624.3017332654847,1621.312243746204,30.838008689492312,34.33623828221491,1742.25,4182342.35,True,False,False,False,0,-0.10429040101700382
2024-11-12,1568.800048828125,1595.0,1550.0999755859375,1555.6500244140625,4479934,1617.763475279635,1618.7372547527868,30.04021045471137,35.09079443448974,1742.25,4262066.65,False,False,False,True,1,-0.10710287018851339
2024-11-13,1559.9000244140625,1572.5,1546.3499755859375,1550.449951171875,5816699,1611.3526634598484,1616.0593212790257,29.177527664699213,34.452168004459224,1742.25,4191496.65,False,False,False,True,1,-0.11008755851808005
2024-11-14,1550.0,1568.0,1536.550048828125,1550.5,5139154,1605.5571717017676,1613.4883675033775,29.198602254521447,34.23772394498892,1737.949951171875,4317337.25,False,False,False,True,1,-0.10785693284520659
2024-11-18,1568.949951171875,1568.949951171875,1529.449951171875,1537.0,4816078,1599.0279172539801,1610.4888236797156,26.875495999868605,34.61360080606114,1716.0999755859375,4355625.35,False,False,False,True,1,-0.10436453477880059
2024-11-19,1537.0,1558.0,1519.300048828125,1525.5,6238241,1592.0252584678867,1607.1559286334523,25.047323812580075,34.905482975047846,1712.9000244140625,4388683.5,False,False,False,True,1,-0.1094051151515203
2024-11-21,1538.0,1542.050048828125,1511.0,1525.1500244140625,7356679,1585.6561885579988,1603.9400108209275,24.99160788054529,34.63009482169621,1712.9000244140625,4508787.15,False,False,False,True,1,-0.10960943273045043
2024-11-22,1533.0,1575.0,1520.199951171875,1569.300048828125,7640321,1584.0984609646775,1602.5815809388569,42.398761840848884,36.070805822155414,1701.3499755859375,4723118.25,False,False,False,True,1,-0.07761479334217236
2024-11-25,1581.949951171875,1609.25,1562.550048828125,1578.75,12155641,1583.5890837299464,1601.6470091373333,45.323595436901584,36.830030489992524,1693.0,4966896.45,False,False,False,True,1,-0.06748375664500883
2024-11-26,1590.0,1604.8499755859375,1566.0,1577.25,4030593,1582.9853614699516,1600.6902636809673,44.93357559609727,36.97431228256003,1684.75,5391199.75,False,False,False,False,0,-0.06380768660038583
2024-11-27,1569.1500244140625,1583.75,1554.1500244140625,1577.6500244140625,4982785,1582.4772341312955,1599.786724886187,45.06933100952522,36.44757394708699,1677.8499755859375,5421010.1,False,False,False,False,0,-0.05971925537435685
2024-11-28,1571.0,1588.5,1556.949951171875,1560.4000244140625,6714728,1580.3746427296544,1598.242148397084,40.439517198966605,36.09775072430399,1667.949951171875,5529566.8,False,False,False,True,1,-0.06448030810651706
2024-11-29,1551.1500244140625,1648.9000244140625,1551.1500244140625,1627.1500244140625,10775801,1584.8294409853124,1599.3757905938282,58.29343960059981,40.501482815425135,1651.0,5515765.85,False,False,True,True,2,-0.014445775642602965
2024-12-02,1627.1500244140625,1646.199951171875,1617.199951171875,1643.5999755859375,3790108,1590.4266347568005,1601.110072358225,61.36693537544743,39.67994832860905,1648.9000244140625,5823424.5,False,False,True,False,1,-0.0032142936197774308
2024-12-03,1652.9000244140625,1652.9000244140625,1613.1500244140625,1620.550048828125,9131055,1593.295531335022,1601.8724243766524,55.225657338838694,39.684952019422695,1648.9000244140625,5766845.85,False,False,True,True,2,-0.017193265307890115
2024-12-04,1629.75,1630.5,1582.4000244140625,1584.0999755859375,8772014,1592.4197641208234,1601.175465600546,47.18420479187353,40.28602513131661,1652.9000244140625,6209426.55,False,False,False,True,1,-0.041623841618923074
2024-12-05,1600.0,1622.050048828125,1585.3499755859375,1615.3499755859375,10324005,1594.6035937841675,1601.731328737228,53.44330687271989,40.119171424950245,1652.9000244140625,6343325.8,False,False,True,True,2,-0.022717676975917644
2024-12-06,1618.0,1624.6500244140625,1594.800048828125,1597.8499755859375,4296866,1594.9127730033838,1601.5791188097264,49.87851302377202,39.385657436449335,1652.9000244140625,6535862.15,False,False,False,False,0,-0.0333051291760007
2024-12-09,1595.9000244140625,1605.9000244140625,1589.050048828125,1602.550048828125,4264409,1595.64013260574,1601.6171944967225,50.827187907512815,37.77596587569849,1652.9000244140625,6419119.05,False,False,True,False,1,-0.030461597702369225
2024-12-10,1610.550048828125,1611.8499755859375,1570.050048828125,1578.6500244140625,14645786,1594.0220270636755,1600.7165211601477,46.053694433289806,38.06339165299235,1652.9000244140625,6374289.8,False,False,False,True,1,-0.044921047191780916
2024-12-11,1588.0,1588.0,1571.199951171875,1586.0,3853182,1593.2580244861826,1600.1394026832793,47.68101021349683,36.54458145121611,1652.9000244140625,6951759.9,False,False,False,False,0,-0.04047433203818718
2024-12-12,1578.5,1617.9000244140625,1578.5,1610.550048828125,13120939,1594.90488394732,1600.5476633164105,52.80232935485037,36.748541662848,1652.9000244140625,6961203.95,False,False,True,True,2,-0.025621619553759856
2024-12-13,1618.0,1685.0,1606.800048828125,1681.75,12900707,1603.1758473809086,1603.7320686765513,63.85335337510152,39.7093566277785,1652.9000244140625,7393254.2,False,True,True,True,2,0.017454156427981538
2024-12-16,1681.75,1687.0,1660.1500244140625,1662.550048828125,4375126,1608.8305332330244,1606.0386561334758,59.787975518149,38.79082941050414,1685.0,7747454.6,True,False,True,False,1,-0.013323413158382813
2024-12-17,1650.5,1658.6500244140625,1608.5,1615.300048828125,6182486,1609.446677575415,1606.4018480038542,51.15617077325161,39.880773654619915,1687.0,7709253.2,True,False,True,False,1,-0.04250145297680796
2024-12-18,1621.4000244140625,1623.0,1596.0999755859375,1601.9000244140625,3905144,1608.727948702905,1606.225305902294,48.995767697743034,38.95357728029439,1687.0,7777573.6,True,False,False,False,0,-0.05044456169883671
2024-12-19,1586.4000244140625,1609.75,1585.449951171875,1600.300048828125,5865855,1607.9252915719735,1605.9929428797777,48.73113970867915,37.906896676568,1687.0,7660918.75,True,False,False,False,0,-0.05139297639115292
2024-12-20,1610.0,1622.300048828125,1573.4000244140625,1578.0999755859375,9738879,1605.084785287589,1604.8991010251173,45.09197120163672,38.69212008638904,1687.0,7586377.55,True,False,False,True,1,-0.06455247446002521
2024-12-23,1586.0,1607.449951171875,1578.3499755859375,1586.9000244140625,4363599,1603.3529032996341,1604.1932548835073,46.788330485571926,38.0248240506425,1687.0,7691305.45,False,False,False,False,0,-0.05933608511318167
2024-12-24,1590.0,1598.800048828125,1575.0,1583.9000244140625,3610076,1601.500248167675,1603.3974419239214,46.26359286607648,37.00876867760554,1687.0,7301703.35,False,False,False,False,0,-0.06111438979605066
2024-12-26,1583.9000244140625,1606.8499755859375,1581.0999755859375,1599.5,3400479,1601.309748342182,1603.24460106416,49.439056674310876,36.20457091491943,1687.0,7280677.5,False,False,False,False,0,-0.051867219917012486
2024-12-27,1599.5,1628.449951171875,1596.300048828125,1599.8499755859375,2559578,1601.1707223653968,1603.1114784963866,49.51113963619647,35.91495173126447,1687.0,7201562.2,False,False,False,False,0,-0.05165976550922491
2024-12-30,1605.0,1613.050048828125,1581.0999755859375,1586.9000244140625,4438130,1599.8116082747936,1602.4757351990406,46.84956828254559,35.63174612490184,1687.0,6993804.7,False,False,False,False,0,-0.05933608511318167
2024-12-31,1583.0,1597.199951171875,1563.3499755859375,1587.75,2249626,1598.6628836771943,1601.8982553873136,47.05076361253123,35.5044768006901,1687.0,6676921.15,False,False,False,False,0,-0.058832246591582704
2025-01-01,1593.0,1606.550048828125,1584.050048828125,1595.699951171875,1405565,1598.3806996290687,1601.655184633767,48.99550667217689,34.57558560064081,1687.0,6599897.05,False,False,False,False,0,-0.05411976812574093
2025-01-02,1599.9000244140625,1619.5999755859375,1588.4000244140625,1609.699951171875,3728040,1599.4587235855263,1601.9706656744772,52.316863966308226,34.334468855728964,1687.0,6213622.55,False,False,True,False,1,-0.04582101293901897
2025-01-03,1615.0,1617.0,1593.300048828125,1598.8499755859375,3669685,1599.4007475855656,1601.8482856710052,49.62005720240444,33.5748604497394,1687.0,5961423.85,False,False,False,False,0,-0.052252533736847906
2025-01-06,1596.1500244140625,1609.8499755859375,1567.0999755859375,1588.449951171875,4584188,1598.3578145937856,1601.3228607886865,47.11313744338378,34.2302275604723,1687.0,5628707.85,False,False,False,False,0,-0.05841733777600766
2025-01-07,1594.0,1603.0,1584.050048828125,1590.8499755859375,2830856,1597.6427823073238,1600.9121594081864,47.76894729433353,33.13877924700107,1687.0,5643073.95,False,False,False,False,0,-0.056994679557831995
2025-01-08,1598.75,1613.449951171875,1577.8499755859375,1599.199951171875,3674564,1597.7910841039477,1600.8450139871545,50.087891391583625,33.31457898549653,1687.0,5571396.3,False,False,True,False,1,-0.05204507932906044
2025-01-09,1600.0,1620.199951171875,1592.4000244140625,1607.050048828125,4684859,1598.6728902681552,1601.0883486868006,52.23496123399524,32.920675254947675,1687.0,5022835.2,False,False,True,False,1,-0.04739179085469769
2025-01-10,1608.0,1625.0,1591.800048828125,1615.9000244140625,4145892,1600.3135697106227,1601.6691987153208,54.6057496641021,32.940623534728196,1687.0,5064419.05,False,False,True,False,1,-0.04214580651211475
2025-01-13,1580.0,1614.699951171875,1578.0999755859375,1597.199951171875,3705039,1600.0170346116943,1601.4939341057739,49.06417620950006,33.287725341399394,1687.0,4615666.7,False,False,False,False,0,-0.053230615784306434
2025-01-14,1604.699951171875,1633.4000244140625,1578.5,1600.0999755859375,7284572,1600.0249337520984,1601.4392690657803,49.91308692726872,34.83146098944676,1687.0,4155883.3,False,False,False,True,1,-0.05151157345231916
2025-01-15,1608.050048828125,1613.8499755859375,1593.0,1607.449951171875,2960985,1600.7320782682677,1601.6749820895488,52.092363517206174,33.83278346062467,1658.6500244140625,4301355.6,False,False,True,False,1,-0.03086852107952942
2025-01-16,1619.050048828125,1635.0,1600.550048828125,1630.199951171875,5299325,1603.5385423543255,1602.7936083280715,58.16049293210067,33.87686686857112,1633.4000244140625,4140280.55,True,False,True,True,2,-0.001959148521095133
2025-01-17,1630.0999755859375,1639.0,1623.0,1627.5,2678801,1605.8205859396278,1603.762486432853,57.23395534599554,32.59994780653033,1635.0,4209989.6,True,False,True,False,1,-0.004587155963302725
2025-01-20,1638.0,1645.0,1618.0999755859375,1641.1500244140625,3933044,1609.1852943657645,1605.2286643929006,60.64723893833424,32.19281042135406,1639.0,4050636.9,True,True,True,False,1,0.0013117903685555543
2025-01-21,1654.0,1656.699951171875,1620.300048828125,1626.1500244140625,7958844,1610.8009829417929,1606.0491098839266,55.41328717273233,32.49331698723949,1645.0,3760345.15,True,False,True,True,2,-0.011458951723974153
2025-01-22,1627.5,1641.0,1622.550048828125,1631.75,3262136,1612.796127423527,1607.0569879276943,56.908456205661544,31.49021942899917,1656.699951171875,3940107.4,True,False,True,False,1,-0.015060030124481205
2025-01-23,1624.5,1645.4000244140625,1617.199951171875,1636.0,2457080,1615.0060200498579,1608.1920080089612,58.05798952222189,31.25520898708405,1656.699951171875,3922710.4,True,False,True,False,1,-0.012494689311261742
2025-01-24,1634.050048828125,1661.9000244140625,1634.050048828125,1644.800048828125,3620058,1617.843546600169,1609.6276174528502,60.41284693166499,31.011978029859296,1656.699951171875,3875540.45,True,False,True,False,1,-0.007182895330764327
2025-01-27,1638.949951171875,1647.199951171875,1593.699951171875,1602.5999755859375,6622807,1616.391777932147,1609.3520236541478,46.833356797312724,32.61826531344077,1661.9000244140625,3928564.45,True,False,False,True,1,-0.03568207952162017
2025-01-28,1607.6500244140625,1630.300048828125,1597.0,1618.3499755859375,5216471,1616.578272946794,1609.704884514218,51.23871605641582,32.66696413591822,1661.9000244140625,4037798.3,True,False,True,True,2,-0.026204975141918996
2025-01-29,1620.0,1626.9000244140625,1593.1500244140625,1600.449951171875,5009227,1615.0422423015636,1609.3419459517734,46.52083152490384,32.74432384049549,1661.9000244140625,4186140.55,True,False,False,True,1,-0.0369757941750154
2025-01-30,1606.699951171875,1644.949951171875,1595.199951171875,1640.75,4283637,1617.4906001776053,1610.5736343458213,56.280974399718055,33.959014994745814,1661.9000244140625,4366323.65,True,False,True,False,1,-0.012726412000336418
2025-01-31,1639.0999755859375,1639.0999755859375,1574.25,1626.300048828125,8340866,1618.3295952871786,1611.1903564823824,52.575845788184175,36.28337106654969,1661.9000244140625,4394103.5,True,False,True,True,2,-0.021421249812237697
2025-02-01,1627.0,1644.0,1609.199951171875,1623.25,2741589,1618.7982052598281,1611.6632836791518,51.80066656508852,36.17741947809078,1661.9000244140625,4627662.55,True,False,True,False,1,-0.023256527977782215
2025-02-03,1619.9000244140625,1661.0,1608.0999755859375,1652.3499755859375,4146970,1621.993611957553,1613.258840224516,58.141800363915316,37.37189125923162,1661.9000244140625,4535532.6,True,False,True,False,1,-0.005746464100024329
2025-02-04,1662.1500244140625,1668.300048828125,1629.050048828125,1661.449951171875,6385876,1625.7513585493932,1615.1486877126476,59.917670188631654,37.506041883572216,1661.9000244140625,4601338.3,True,False,True,True,2,-0.00027081848220456006
2025-02-05,1670.0,1675.199951171875,1649.0999755859375,1660.449951171875,3920893,1629.0559864182012,1616.9252078483037,59.618336983063585,36.69132286231259,1668.300048828125,4736903.9,True,False,True,False,1,-0.004705447117719697
2025-02-06,1665.9000244140625,1667.300048828125,1613.25,1619.75,5229162,1628.1697019974201,1617.0359840111153,48.90890393159444,37.93123185987062,1675.199951171875,4698705.6,True,False,False,True,1,-0.0331004971275729
2025-02-07,1635.050048828125,1707.550048828125,1635.0,1676.75,14873255,1632.796397045285,1619.3777101283265,59.80013294992652,41.49329021474593,1675.199951171875,4752869.1,True,True,True,True,2,0.0009252918298146007
2025-02-10,1698.8499755859375,1700.0,1678.050048828125,1693.050048828125,6782878,1638.534840072222,1622.2668214498872,62.27664643825271,40.1901980565498,1707.550048828125,5311279.9,True,False,True,True,2,-0.00849169838971997
2025-02-11,1706.0,1706.6500244140625,1686.199951171875,1696.75,8965266,1644.0791410177249,1625.1877304126367,62.836309553622755,38.7801891412382,1707.550048828125,5286195.2,True,False,True,True,2,-0.006324879809840422
2025-02-12,1704.0,1713.699951171875,1684.5,1711.550048828125,7148192,1650.5049417615724,1628.574487997558,65.06876195889163,38.09588642914083,1707.550048828125,5586409.25,True,True,True,True,2,0.0023425374868193405
2025-02-13,1710.0,1728.4000244140625,1703.9000244140625,1714.5999755859375,5356002,1656.6092306972262,1631.9480365304357,65.52831624074986,37.1247516842022,1713.699951171875,5678852.6,True,True,True,False,1,0.0005251936976755633
2025-02-14,1714.0,1724.0999755859375,1705.25,1717.050048828125,5125863,1662.365499090645,1635.2853703460314,65.91623849687394,35.81941053432615,1728.4000244140625,5812712.65,True,False,True,False,1,-0.006566752734098791
2025-02-17,1711.75,1716.9000244140625,1666.25,1675.550048828125,4906462,1663.6211704942145,1636.864377345329,54.68979471292649,36.88945612674036,1728.4000244140625,5872353.6,True,False,True,False,1,-0.030577398078812212
2025-02-18,1692.0,1695.949951171875,1655.800048828125,1668.9000244140625,7529598,1664.123918486581,1638.1206772303774,53.128317403145246,37.12234514224105,1728.4000244140625,5719734.5,True,False,True,True,2,-0.03442490115687824
2025-02-19,1670.0,1673.449951171875,1638.449951171875,1645.199951171875,7776555,1662.3216358851805,1638.3982958163185,47.88136593031219,36.97074906065241,1728.4000244140625,5933107.6,True,False,False,True,1,-0.04813704701861066
2025-02-20,1639.8499755859375,1649.800048828125,1627.25,1643.5,5524503,1660.5290991342108,1638.5983626470513,47.51885724506745,35.940699044043306,1728.4000244140625,6199081.35,True,False,False,False,0,-0.04912058737261593
2025-02-21,1643.5,1658.699951171875,1629.199951171875,1639.25,5447583,1658.502518264286,1638.6239170530494,46.56958363791036,35.48064911232593,1728.4000244140625,6294303.6,True,False,False,False,0,-0.05157950888382157
2025-02-24,1627.0,1637.550048828125,1598.0,1601.300048828125,4673190,1653.0546640322705,1637.1602359461897,39.06509248615083,35.89274560430265,1728.4000244140625,6235542.4,True,False,False,False,0,-0.07353620330399213
2025-02-25,1597.0,1649.1500244140625,1597.0,1641.4000244140625,6286808,1651.9446983543457,1637.3265021606162,48.50745779568018,37.05397980499978,1728.4000244140625,6208378.35,True,False,False,True,1,-0.05033556975879672
2025-02-27,1643.4000244140625,1656.0,1638.6500244140625,1650.4000244140625,7568745,1651.7975865505093,1637.83918930781,50.36643142161764,35.646550932209614,1728.4000244140625,6272257.4,True,False,True,True,2,-0.04512844185271425
2025-02-28,1641.949951171875,1648.449951171875,1559.5,1570.199951171875,13640211,1644.0263831811158,1635.1866701652245,37.406717090117596,39.59322760948482,1728.4000244140625,6436512.8,True,False,False,True,1,-0.09152977956929742
2025-03-03,1579.0,1602.75,1572.75,1595.800048828125,6993525,1639.4333989570214,1633.642096779456,42.493279626031985,39.09014341081627,1728.4000244140625,6701480.05,True,False,False,True,1,-0.0767183370243758
2025-03-04,1589.0,1590.5,1568.0,1575.3499755859375,5219668,1633.330215778823,1631.3561312424554,39.716714274963316,38.28370808348118,1728.4000244140625,6914076.85,True,False,False,False,0,-0.08855013114224519
2025-03-05,1578.0,1626.0999755859375,1577.0999755859375,1618.25,6295425,1631.8940047522685,1630.8421653113787,47.470880780099364,39.17415750608967,1728.4000244140625,6967711.75,True,False,False,False,0,-0.06372947399801387
2025-03-06,1618.0,1631.75,1590.449951171875,1626.9000244140625,5174009,1631.4183875772012,1630.6875715506997,48.89819286452981,39.32600688623506,1728.4000244140625,6963189.2,True,False,False,False,0,-0.058724831385262855
2025-03-07,1629.0,1642.4000244140625,1615.5999755859375,1630.699951171875,3035558,1631.3499650624083,1630.6880570260398,49.546753398658225,38.431295596370056,1728.4000244140625,7025845.0,True,False,False,False,0,-0.056526308645076795
2025-03-10,1640.0,1654.9000244140625,1626.5999755859375,1630.949951171875,3778450,1631.3118685014051,1630.6983273847,49.592080974611434,37.70763511292398,1728.4000244140625,6916164.8,True,False,False,False,0,-0.05638166620324114
2025-03-11,1630.0,1676.4000244140625,1624.050048828125,1662.949951171875,6078564,1634.325019231926,1631.9630969449813,55.14679278901419,38.753516575282084,1728.4000244140625,6361424.55,True,False,True,False,1,-0.03786743364828138
2025-03-12,1690.0,1716.6500244140625,1634.0,1642.8499755859375,9907628,1635.13691983707,1632.3900333622737,51.32127328242701,41.88898142090926,1728.4000244140625,6326208.85,True,False,True,True,2,-0.04949667184662698
2025-03-13,1650.800048828125,1656.9000244140625,1629.5999755859375,1632.5,8317331,1634.885784614492,1632.3943457794394,49.42018195884909,40.84691480713896,1728.4000244140625,6373326.95,True,False,False,True,1,-0.05548485481338339
2025-03-17,1612.199951171875,1648.4000244140625,1612.199951171875,1639.1500244140625,6405522,1635.2919026906416,1632.659274353346,50.68421976474171,40.514997552499565,1728.4000244140625,6431783.9,True,False,True,False,1,-0.05163735173531736
2025-03-18,1639.1500244140625,1639.1500244140625,1639.1500244140625,1639.1500244140625,0,1635.659342854777,1632.9138135714134,50.68421976474171,37.62106915589246,1724.0999755859375,6484259.9,True,False,True,False,1,-0.04927205636262755
2025-03-19,1635.0,1642.050048828125,1627.5,1637.1500244140625,6283464,1635.8013125270897,1633.0799394868113,50.24623155600079,35.9731391324805,1716.9000244140625,6227966.75,True,False,True,True,2,-0.04644999642726244
2025-03-20,1660.0,1709.6500244140625,1646.0999755859375,1705.25,12074465,1642.4154732387956,1635.9101379383092,62.21837539520864,38.582200623017606,1716.6500244140625,6296816.85,True,False,True,True,2,-0.006640855300691584
2025-03-21,1709.6500244140625,1731.4000244140625,1692.0,1725.800048828125,14715349,1650.3568613901602,1639.435232483008,64.95855212070173,38.64061660809224,1716.6500244140625,6524060.2,True,True,True,True,2,0.00533016298251332
2025-03-24,1740.0,1740.0,1714.8499755859375,1718.800048828125,4120999,1656.875260193776,1642.5475782220321,63.27510044936662,37.67700287994726,1731.4000244140625,6870999.9,True,False,True,False,1,-0.007277333607640157
2025-03-25,1725.0,1740.5,1706.0999755859375,1730.5,4857399,1663.8871401753213,1645.9966928015601,64.91189771154534,37.44293298952692,1740.0,6800824.7,True,False,True,False,1,-0.005459770114942475
2025-03-26,1739.1500244140625,1765.0,1726.1500244140625,1738.550048828125,7142394,1670.9978933803502,1649.626236175151,66.03361334102178,37.54343603212768,1740.5,6771315.5,True,False,True,True,2,-0.0011203396563487233
2025-03-27,1739.949951171875,1746.4000244140625,1713.25,1724.699951171875,6222339,1676.112375074781,1652.5703034299245,62.34098534928179,37.229620916551596,1765.0,6894775.7,True,False,True,False,1,-0.022832888854461775
2025-03-28,1733.300048828125,1745.75,1660.0,1733.4000244140625,4133264,1681.568341678522,1655.7400964096946,63.71366244738352,40.69536227965506,1765.0,6891552.25,True,False,True,False,1,-0.017903668887216728
2025-04-01,1715.0,1765.0,1708.449951171875,1724.1500244140625,6773056,1685.623740034288,1658.4228386843758,61.161089535384896,41.82783989026006,1765.0,6719778.2,True,False,True,True,2,-0.02314446208834986
2025-04-02,1720.0,1760.4000244140625,1716.949951171875,1754.5999755859375,6431226,1692.1929053249212,1662.194491111888,65.99129136837433,41.94371370111202,1765.0,6376420.45,True,False,True,True,2,-0.005892365107117548
2025-04-03,1748.0,1754.949951171875,1735.449951171875,1746.0,2341989,1697.3173905320714,1665.48098165652,63.58606748360484,40.34059129388974,1765.0,6348305.5,True,False,True,False,1,-0.010764872521246471
2025-04-04,1754.5,1770.800048828125,1740.0,1743.449951171875,7817334,1701.7109677358621,1668.538588304181,62.85452193874573,39.65912397490654,1765.0,6204421.55,True,False,True,True,2,-0.012209659392705352
2025-04-07,1730.0,1774.75,1669.4000244140625,1686.6500244140625,14870388,1700.276592181405,1669.2488407006472,49.260151278208696,44.35132766140876,1770.800048828125,6280517.0,True,False,False,True,1,-0.04752090698763589
2025-04-08,1720.699951171875,1742.300048828125,1706.800048828125,1720.4000244140625,7206935,1702.1931095368961,1671.2547694737223,55.42876945004324,45.158377429455456,1774.75,6765335.95,True,False,True,True,2,-0.030624017797401093
2025-04-09,1719.6500244140625,1726.8499755859375,1711.5999755859375,1715.550048828125,5600666,1703.4651989932038,1672.9918392523264,54.40517160253824,43.022064755922926,1774.75,6973904.8,True,False,True,False,1,-0.03335678330574732
2025-04-11,1760.0,1767.0,1732.3499755859375,1756.5999755859375,8340002,1708.5256539067975,1676.2705896967816,60.974230030723994,43.624056642776644,1774.75,7065015.6,True,False,True,True,2,-0.010226806262325638
2025-04-15,1808.199951171875,1820.0,1781.0999755859375,1798.800048828125,10313411,1717.1232153278763,1681.0756665254619,66.34271904497973,45.03662576929706,1774.75,7178087.5,True,True,True,True,2,0.013551231907662942
2025-04-16,1802.4000244140625,1826.5,1794.0999755859375,1822.5999755859373,6180958,1727.1686210667392,1686.6256394297943,68.93795986825697,44.13401138678031,1820.0,7198376.65,True,True,True,False,1,0.0014285580142512355
2025-04-17,1834.0,1897.699951171875,1825.699951171875,1889.0999755859373,10894325,1742.5906548304724,1694.5658094751334,74.78775725371318,46.34586597243441,1826.5,7091558.0,True,True,True,True,2,0.034273186742916684
2025-04-21,1898.4000244140625,1904.300048828125,1868.5999755859373,1883.4000244140625,3501123,1756.0010709812905,1701.971072806072,73.50987538689844,45.585452205988226,1897.699951171875,7315998.15,True,False,True,False,1,-0.00753539923367863
2025-04-22,1888.0,1888.0,1836.800048828125,1852.199951171875,6155127,1765.1628690946793,1707.8624013694368,66.78325467929997,45.986487846408714,1904.300048828125,7491054.3,True,False,True,False,1,-0.027359185170588773
2025-04-23,1867.0,1885.9000244140625,1836.0999755859373,1881.5999755859373,6855027,1776.252117331942,1714.6756395740056,69.60566802443435,46.25888505938847,1904.300048828125,7484637.45,True,False,True,False,1,-0.011920428850567433
2025-04-24,1874.5,1877.800048828125,1839.5,1845.5999755859373,5180688,1782.856675260894,1719.809927260748,62.5923389957005,45.9618200969991,1904.300048828125,7223665.55,True,False,True,False,1,-0.03082501272754301
2025-04-25,1846.699951171875,1861.699951171875,1806.0,1817.199951171875,4570083,1786.1274634428921,1723.629143884714,57.65683714454766,46.657400888061666,1904.300048828125,6746932.5,True,False,True,False,1,-0.04573864171764841
2025-04-28,1836.0,1838.9000244140625,1813.4000244140625,1821.800048828125,3301891,1789.5248525272,1727.4789832942595,58.23134197143798,45.146157967485834,1904.300048828125,6769386.7,True,False,True,False,1,-0.04332300471806905
2025-04-29,1823.699951171875,1847.800048828125,1817.5999755859373,1823.800048828125,4684155,1792.7891569368119,1731.2562799818622,58.49501051650701,44.0785804871074,1904.300048828125,6691611.3,True,False,True,False,1,-0.04227275005823705
2025-04-30,1837.0,1876.9000244140625,1827.0,1864.5,9139821,1799.618761038068,1736.481523904142,63.53910998426125,44.72296585130955,1904.300048828125,6568699.35,True,False,True,True,2,-0.020900093371639228
2025-05-02,1852.0,1883.5999755859373,1832.0999755859373,1848.199951171875,3866806,1804.2455410508114,1740.862638698955,60.37452501120848,45.20703971907316,1904.300048828125,6714573.45,True,False,True,False,1,-0.029459694490252764
2025-05-05,1868.0,1873.5,1849.199951171875,1866.0,3548839,1810.1269180935913,1745.7699862009567,62.56706005465473,43.78511179829115,1904.300048828125,6701250.55,True,False,True,False,1,-0.02011240237676526
2025-05-06,1888.300048828125,1912.0,1882.5999755859373,1901.0,8597920,1818.781497322773,1751.857437722488,66.49296350731208,43.94331809841321,1904.300048828125,6540039.7,True,False,True,True,2,-0.0017329458297056233
2025-05-07,1901.0,1917.0,1885.5,1896.800048828125,5554616,1826.2118355613782,1757.541461687415,65.6038122741426,43.054509662812265,1912.0,6648374.4,True,False,True,False,1,-0.007949765257256769
2025-05-08,1897.0,1905.800048828125,1862.4000244140625,1874.9000244140625,5500724,1830.8488059283004,1762.1437582649305,61.02166503446566,43.07918928790156,1917.0,6809005.75,True,False,True,False,1,-0.02196138528217917
2025-05-09,1855.0,1871.0999755859373,1836.5,1848.4000244140625,3686209,1832.520350545992,1765.5263569374456,55.930957192949485,42.74496322548449,1917.0,6693175.25,True,False,True,False,1,-0.03578506811994653
2025-05-12,1868.9000244140625,1883.4000244140625,1854.0,1870.800048828125,3936019,1836.1660360966712,1769.65473701159,59.041428652044004,42.19175156652131,1917.0,6133966.3,True,False,True,False,1,-0.02410013102340902
2025-05-13,1870.0,1883.699951171875,1816.5999755859373,1820.5999755859373,8817763,1834.6835541432679,1771.6525895047016,50.44782038652777,43.97091042505105,1917.0,5970420.5,True,False,True,True,2,-0.05028691936049179
2025-05-14,1830.0,1870.699951171875,1820.199951171875,1834.199951171875,7401614,1834.637496717421,1774.1054272171398,52.46636424551895,44.43727396611883,1917.0,6131275.35,True,False,True,True,2,-0.04319251373402455
2025-05-15,1849.9000244140625,1869.9000244140625,1825.0,1867.199951171875,8788351,1837.7386828559406,1777.7561928624234,57.03941583375301,44.47032756954338,1917.0,6084355.95,True,False,True,True,2,-0.025978116237936888
2025-05-16,1834.0,1834.0,1810.0999755859373,1814.0,100662047,1835.4778559172796,1779.1775186325247,48.87582635772315,45.372445285000126,1917.0,6008102.95,True,False,False,True,1,-0.05372978612415236
2025-05-19,1822.0,1828.699951171875,1809.0,1818.300048828125,5799804,1833.841874289741,1780.7117355029404,49.504900962208204,43.53869570549119,1917.0,10732157.4,True,False,False,False,0,-0.051486672494457486
2025-05-20,1809.800048828125,1824.9000244140625,1799.5,1808.9000244140625,12512596,1831.466460015867,1781.8171585974942,48.11122270692104,42.243076327532,1917.0,10477431.35,True,False,False,True,1,-0.056390180274354496
2025-05-21,1813.0,1826.5,1805.300048828125,1822.5,6849562,1830.6125114429274,1783.4125641426906,50.29163026410702,40.739995959270786,1917.0,10928005.0,True,False,True,False,1,-0.04929577464788737
2025-05-22,1819.9000244140625,1836.699951171875,1816.300048828125,1831.4000244140625,6496923,1830.6875126782734,1785.2944253298033,51.721369821990635,39.28713212959073,1917.0,10962726.75,True,False,True,False,1,-0.0446530910724765
2025-05-23,1825.0,1841.800048828125,1821.5,1831.699951171875,3460945,1830.7839353919496,1787.1142498726297,51.7717126897212,37.93091189377175,1917.0,10944821.55,True,False,True,False,1,-0.04449663475645538
2025-05-26,1834.0,1850.0,1830.9000244140625,1847.4000244140625,3254715,1832.3664200607222,1789.4783978938624,54.44933246394018,36.58584501464073,1917.0,10858834.4,True,False,True,False,1,-0.036306716528918925
2025-05-27,1844.0,1857.5999755859373,1833.699951171875,1843.800048828125,5847725,1833.4553370861893,1791.608658714814,53.712941310496745,35.67971497174228,1917.0,10793066.0,True,False,True,False,1,-0.038184638065662524
2025-05-28,1848.0,1867.0,1845.0999755859373,1856.0999755859373,3713699,1835.6119693242606,1794.1377299646622,55.9071206238904,34.788303271751765,1917.0,10920357.7,True,False,True,False,1,-0.0317684008419733
2025-05-29,1858.0,1867.0,1850.5,1863.5999755859373,5786774,1838.2774937301344,1796.861739596869,57.23822371012097,33.48199589519807,1917.0,10871834.9,True,False,True,False,1,-0.027856037774680598
2025-05-30,1854.0,1867.0,1843.0,1856.199951171875,16712960,1839.9843944388717,1799.188728286085,55.459233073742524,32.80471047411249,1917.0,10704182.55,True,False,True,True,2,-0.03171624873663281
2025-06-02,1844.0,1859.0,1831.5,1854.0999755859373,3199499,1841.328735500497,1801.3421105331383,54.937412150357744,32.425802583104456,1917.0,11346490.25,True,False,True,False,1,-0.03281169765991798
2025-06-03,1867.0,1869.5,1832.0,1841.300048828125,5596977,1841.3260034364616,1802.9090885054907,51.74170976258952,32.78824525573985,1917.0,11329023.25,True,False,True,False,1,-0.03948875908809335
2025-06-04,1855.0,1884.5999755859373,1850.0,1875.4000244140625,5892170,1844.5711482914714,1805.7518703058267,58.64365549780026,33.53907964874503,1917.0,11178976.1,True,False,True,False,1,-0.021700561077693026
2025-06-05,1884.0,1889.0,1868.5999755859373,1878.800048828125,8999675,1847.8310435806766,1808.6165047576815,59.26916735774596,32.600575703410584,1905.800048828125,11195853.8,True,False,True,False,1,-0.014167278470058942
2025-06-06,1872.0999755859373,1881.9000244140625,1867.300048828125,1870.199951171875,4644174,1849.9614157322192,1811.0315418719636,56.923891064404444,31.314818552162507,1889.0,11370801.35,True,False,True,False,1,-0.00995238159244305
2025-06-09,1874.0,1875.0,1848.699951171875,1865.0999755859373,3649505,1851.4031833373351,1813.1518726058448,55.52084902526386,30.956620714731258,1889.0,11418699.6,True,False,True,False,1,-0.012652209853924123
2025-06-10,1866.5999755859373,1875.5999755859373,1850.300048828125,1857.0999755859373,7925901,1851.9457349800591,1814.875327624672,53.301517158288554,30.552571146379904,1889.0,11404373.9,True,False,True,False,1,-0.01688725485127729
2025-06-11,1857.9000244140625,1866.5,1847.800048828125,1860.199951171875,8907265,1852.731850807851,1816.6527638422094,54.06770848732461,29.70595543391527,1889.0,11359780.8,True,False,True,False,1,-0.01524618783913445
2025-06-12,1871.9000244140625,1883.0,1831.5999755859373,1844.199951171875,7346031,1851.9192889377582,1817.7330456982747,49.548986430504975,31.25553178964009,1889.0,11435063.35,True,False,False,False,0,-0.02371627783384067
2025-06-13,1815.0,1844.5999755859373,1815.0,1840.4000244140625,4613000,1850.8222161259775,1818.6219468243842,48.51201473221565,31.13727777508989,1889.0,11362947.35,True,False,False,False,0,-0.02572788543458837
2025-06-16,1842.0999755859373,1870.0,1838.800048828125,1861.300048828125,5722187,1851.8201049547533,1820.2955978833543,54.190632940863416,31.141754446288825,1889.0,6560495.0,True,False,True,False,1,-0.014663817454671824
2025-06-17,1879.0,1879.0,1847.5999755859373,1854.800048828125,6561555,1852.1039091331697,1821.6487136066785,52.260181280996385,31.16020230112982,1889.0,6556614.15,True,False,True,True,2,-0.0181047915150212
2025-06-18,1847.5999755859373,1871.0,1843.0999755859373,1865.9000244140625,5069427,1853.4178248742073,1823.3840591285368,55.195464660228915,30.9273324520536,1889.0,6259062.1,True,False,True,False,1,-0.01222867950552542
2025-06-19,1872.0,1879.0,1864.0999755859373,1877.0,4712312,1855.663746314759,1825.4866450450647,57.97793980636211,29.782524735054253,1889.0,6170055.35,True,False,True,False,1,-0.0063525674960296374
2025-06-20,1880.0,1949.0,1874.0,1936.699951171875,16228526,1863.3814801106748,1829.8479511676846,69.09471276680678,33.01234439683609,1889.0,6080824.8,True,True,True,True,2,0.025251429948054627
2025-06-23,1930.0,1949.0,1927.0999755859373,1936.300048828125,2946463,1870.3261057028128,1834.0225432328,68.96310459482343,32.21860725520943,1949.0,6719203.85,True,False,True,False,1,-0.006516137081516216
2025-06-24,1950.9000244140625,1963.0,1929.0999755859373,1933.5999755859373,6837210,1876.3521885488246,1837.927540579982,68.02102522509276,32.3387084808418,1949.0,6703791.25,True,False,True,True,2,-0.00790150046899063
2025-06-25,1942.0,1970.0,1938.0,1965.5999755859373,4152765,1884.8519777904544,1842.9343027370783,72.76886029434382,32.62880247607187,1963.0,6753265.5,True,True,True,False,1,0.0013244908741403272
2025-06-26,1970.0,2018.4000244140625,1966.300048828125,2014.300048828125,9413241,1897.180365508328,1849.654528073982,78.0982178801349,34.069605786932826,1970.0,6775218.8,True,True,True,True,2,0.02248733443052031
2025-06-27,2010.0,2039.0,2008.5999755859373,2027.0999755859373,6405854,1909.5536617061955,1856.613173074451,79.24778931692529,33.80749283172782,2018.4000244140625,6956542.15,True,True,True,False,1,0.004310320583948757
2025-06-30,2018.0,2023.9000244140625,2000.199951171875,2009.5999755859373,5597484,1919.0818820756947,1862.6126555258818,73.56279567390825,33.314102230466,2039.0,6441186.85,True,False,True,False,1,-0.014418844734704672
2025-07-01,2009.0,2030.800048828125,2006.9000244140625,2019.4000244140625,3769165,1928.6359908698248,1868.7611797960067,74.65912083050722,32.64166810072289,2039.0,6561086.1,True,False,True,False,1,-0.009612543200557822
2025-07-02,2037.0,2045.800048828125,2018.300048828125,2033.300048828125,6513288,1938.603996389663,1875.2136844639329,76.16865978798504,32.2744060935284,2039.0,6469695.5,True,False,True,True,2,-0.00279546403721187
2025-07-03,2041.800048828125,2044.9000244140625,2012.9000244140625,2019.300048828125,5558647,1946.2893347171355,1880.8641301252737,71.54586772710766,32.254805658276375,2045.800048828125,6500751.4,True,False,True,False,1,-0.012953367566483243
2025-07-04,2027.0,2036.5,2005.0999755859373,2017.199951171875,2178315,1953.042726760444,1886.2106329114151,70.85120907633156,32.193749855118256,2045.800048828125,6328700.0,True,False,True,False,1,-0.013979908580329048
2025-07-07,2018.0,2036.0,2010.5999755859373,2033.9000244140625,4165432,1960.7434217750745,1892.0023737546562,73.0888134819906,31.708483752185717,2045.800048828125,6205407.05,True,False,True,False,1,-0.005816807180583972
2025-07-08,2026.0,2035.0,2014.800048828125,2030.0,3624619,1967.3392863679244,1897.4140453721207,71.7044738577778,30.88644571073495,2045.800048828125,6231203.4,True,False,True,False,1,-0.0077231637750597715
2025-07-09,2035.0,2040.699951171875,1998.5,2019.699951171875,2937734,1972.326016349253,1902.2095710897581,68.03919080048266,31.694553243673525,2045.800048828125,6016139.3,True,False,True,False,1,-0.01275789277217032
2025-07-10,2028.5999755859373,2028.5999755859373,1962.300048828125,1964.5,5695845,1971.580681458848,1904.6523330078069,52.53927235649083,34.16636563754058,2045.800048828125,5717662.75,True,False,True,False,1,-0.039739977948820226
2025-07-11,1942.0,1959.0999755859373,1914.199951171875,1921.9000244140625,13103980,1966.8491903117256,1905.3287130629542,44.175420928008506,35.31877157972518,2045.800048828125,5635153.45,True,False,False,True,1,-0.06056311538609793
2025-07-14,1915.0,1927.5,1900.199951171875,1920.9000244140625,5269381,1962.4730792738528,1905.9393527237821,43.99835539445056,34.7460056688966,2045.800048828125,6059702.45,True,False,False,False,0,-0.06105192170936147
2025-07-15,1924.800048828125,1943.0,1923.199951171875,1934.199951171875,4163140,1959.7804004069978,1907.0476114864525,47.03885290216293,33.842717805828094,2045.800048828125,6037062.15,True,False,False,False,0,-0.05455083341120104
2025-07-16,1944.0,1944.0,1928.800048828125,1936.5999755859373,4211258,1957.5727409002302,1908.206527725648,47.59181338673827,32.511091617688585,2045.800048828125,5917141.4,True,False,False,False,0,-0.05337768630162054
2025-07-17,1943.699951171875,1944.9000244140625,1927.5999755859373,1929.9000244140625,6256455,1954.9372440920238,1909.057253085978,46.14341798819696,31.424588561291205,2045.800048828125,5874232.95,True,False,False,True,1,-0.05665266479998976
2025-07-18,1915.0999755859373,1916.0,1891.800048828125,1901.0,4643961,1949.8003637023073,1908.7412823767238,40.42799540555559,31.901401920194512,2045.800048828125,5951440.1,True,False,False,False,0,-0.07077917947605361
2025-07-21,1894.800048828125,1919.9000244140625,1892.5999755859373,1909.199951171875,5109654,1945.933657747028,1908.7592693882984,42.600421587160085,31.572733842189564,2045.800048828125,5372211.85,True,False,False,False,0,-0.06677099149278898
2025-07-22,1909.199951171875,1911.300048828125,1883.0,1906.800048828125,4513541,1942.2066473737993,1908.6824372094682,42.116337950368475,31.338970626899236,2045.800048828125,5480371.4,True,False,False,False,0,-0.06794407893362886
2025-07-23,1920.0,1949.0,1907.300048828125,1943.800048828125,5194282,1942.3583998932588,1910.0595984494155,51.303779666423814,32.11475495154036,2045.800048828125,5364187.95,True,False,True,False,1,-0.04985824497287872
2025-07-24,1943.800048828125,1970.4000244140625,1933.699951171875,1936.0999755859373,4150685,1941.7623594830377,1911.0807897096713,49.54145793616594,32.442277686586586,2045.800048828125,5416263.8,True,False,False,False,0,-0.05362208946325231
2025-07-25,1936.0999755859373,1952.699951171875,1925.0,1937.9000244140625,3896884,1941.3945180478972,1912.1325244039613,49.97407641220974,32.1035400783929,2045.800048828125,5153136.0,True,False,False,False,0,-0.0527422142138817
2025-07-28,1930.0,1930.0,1885.0,1890.300048828125,3575044,1936.5283781222047,1911.2763488911835,40.166866964223146,33.58900324522645,2045.800048828125,5027687.5,True,False,False,False,0,-0.07600938326747697
2025-07-29,1880.0,1923.5999755859373,1880.0,1918.300048828125,3748040,1934.792346760864,1911.5517881043968,46.78276718987133,34.30407269813437,2045.800048828125,4926565.5,True,False,False,False,0,-0.062322806216098425
2025-07-30,1934.0,1939.199951171875,1922.0999755859373,1932.5999755859373,5044683,1934.583549506109,1912.37720722132,49.83361454254693,33.34663195853549,2045.800048828125,4925509.25,True,False,False,True,1,-0.05533291159467468
2025-07-31,1913.0,1926.5,1895.5999755859373,1914.300048828125,4674966,1932.6517875367772,1912.4526127745282,46.184677834033614,33.6075868186401,2044.9000244140625,4852079.0,True,False,False,False,0,-0.06386619102484437
2025-08-01,1914.0,1919.699951171875,1878.0,1884.4000244140625,5192594,1928.05638152509,1911.3525112701964,40.913394825301545,34.18561284387116,2040.699951171875,4807894.95,True,False,False,True,1,-0.07659133164973964
2025-08-04,1892.0,1919.9000244140625,1878.5,1914.5999755859373,3074380,1926.7748190546945,1911.4798628119902,47.438740991194905,34.700927956027684,2040.699951171875,4958608.9,True,False,False,False,0,-0.061792511688709806
2025-08-05,1920.0,1937.5999755859373,1912.0999755859373,1931.800048828125,5167672,1927.2534123664498,1912.2767328518385,50.77319625084529,34.04371881631142,2040.699951171875,4904056.3,True,False,True,True,2,-0.05336399517293766
2025-08-06,1930.0,1964.800048828125,1921.5999755859373,1929.699951171875,5461349,1927.4864160622046,1912.9599963153694,50.35316674306612,34.69774413244544,2040.699951171875,4981208.95,True,False,True,True,2,-0.05439310170819478
2025-08-07,1928.0999755859373,1933.300048828125,1909.0999755859373,1922.5999755859373,4268534,1927.0210407787506,1913.3380347181367,48.88089987586442,33.94791049742703,2028.5999755859373,5107389.7,True,False,False,False,0,-0.05225278580089854
2025-08-08,1886.300048828125,1893.800048828125,1856.0,1858.5999755859373,93801105,1920.5047488556256,1911.1914441639328,38.07409827759894,36.28020086089205,1970.4000244140625,5036024.15,True,False,False,True,1,-0.056739772352251805
2025-08-11,1863.0,1866.0,1845.699951171875,1857.4000244140625,5266532,1914.4947750992862,1909.0819767227615,37.904890036702774,35.13876142998012,1970.4000244140625,9070880.4,True,False,False,False,0,-0.05734876096218222
2025-08-12,1857.4000244140625,1865.0,1847.0999755859373,1850.300048828125,4645011,1908.38099164489,1906.7768030798347,36.86104158491726,33.90742307170031,1970.4000244140625,9070737.95,True,False,False,False,0,-0.06095207780037026
2025-08-13,1853.0,1872.5,1851.800048828125,1867.4000244140625,6697206,1904.4780423848113,1905.232615681177,41.0702472627123,33.071175078855646,1970.4000244140625,9094831.5,False,False,False,False,0,-0.05227364937260859
2025-08-14,1873.0,1883.0,1866.800048828125,1873.800048828125,3958631,1901.5563287127459,1903.9999660006652,42.6122763171047,31.866087656928457,1970.4000244140625,9219128.9,False,False,False,False,0,-0.04902556556487225
2025-08-18,1892.5,1912.5999755859373,1870.300048828125,1892.300048828125,7146376,1900.6747782475438,1903.541145719389,46.934847331354966,32.61136187842016,1970.4000244140625,9104237.7,False,False,False,False,0,-0.039636609124161004
2025-08-19,1901.0999755859373,1931.800048828125,1900.0,1909.699951171875,5706265,1901.5343185260515,1903.7826675018396,50.69635484134133,33.103407458533006,1970.4000244140625,9229358.45,False,False,True,False,1,-0.030805964519939444
2025-08-20,1937.0,1952.0,1926.0,1928.4000244140625,6962619,1904.0929571820527,1904.748054047417,54.43460877328052,33.760310413503866,1970.4000244140625,9259189.0,False,False,True,False,1,-0.02131546867620926
2025-08-21,1930.0,1940.9000244140625,1927.699951171875,1929.9000244140625,3376913,1906.5507731089108,1905.7344058265012,54.73110712122236,32.29172204412413,1970.4000244140625,9381642.9,True,False,True,False,1,-0.020554201937773242
2025-08-22,1934.0,1947.699951171875,1917.4000244140625,1933.300048828125,3271920,1909.0983231774073,1906.8154114344081,55.43891981036659,32.14945095224473,1970.4000244140625,9290774.45,True,False,True,False,1,-0.018828651606909053
2025-08-25,1940.0,1940.0999755859373,1913.199951171875,1930.699951171875,2451388,1911.1556210816425,1907.7520600515636,54.734114969121315,31.774491913803125,1964.800048828125,9246836.2,True,False,True,False,1,-0.01735550529764518
2025-08-26,1922.0999755859373,1925.800048828125,1896.199951171875,1904.699951171875,5984656,1910.5407953759502,1907.6323695072622,48.14304334729142,31.96917106281719,1964.800048828125,9174561.4,True,False,False,False,0,-0.030588403991589797
2025-08-28,1893.0,1899.800048828125,1878.199951171875,1881.0999755859373,5494113,1907.7369077769013,1906.591883471132,43.0728509660695,31.578515986901674,1964.800048828125,9295042.0,True,False,False,False,0,-0.04259979191883134
2025-08-29,1872.5,1900.0999755859373,1872.5,1888.800048828125,4339042,1905.9333974008273,1905.894164465524,45.104260666976025,31.29433452968993,1964.800048828125,9382345.65,True,False,False,False,0,-0.03868078079768422
2025-09-01,1889.0,1904.800048828125,1884.199951171875,1900.5999755859373,3421488,1905.425452466076,1905.6865492153443,48.1573161909936,30.530460467301364,1964.800048828125,9347063.6,False,False,False,False,0,-0.03267511789837285
2025-09-02,1904.5,1917.5,1878.0,1887.199951171875,4423049,1903.689690438057,1904.9615845861886,45.090471375765155,31.171141862494125,1964.800048828125,9284389.7,False,False,False,False,0,-0.03949516272789866
2025-09-03,1891.0,1892.0999755859373,1870.0,1883.9000244140625,3803044,1901.8049603405336,1904.1356410500268,44.34157108964478,30.523201414168636,1964.800048828125,9245912.45,False,False,False,False,0,-0.041174685669574385
2025-09-04,1899.0,1903.5,1876.5999755859373,1880.4000244140625,5205333,1899.766395014203,1903.2048325544988,43.51603331827451,30.264403057018214,1964.800048828125,9282345.65,False,False,False,False,0,-0.04295603741683618
2025-09-05,1887.0,1910.699951171875,1875.699951171875,1895.300048828125,2620140,1899.3410287107672,1902.8948410358175,47.95807701619279,30.602659981516915,1964.800048828125,9284228.7,False,False,False,False,0,-0.035372556124198096
2025-09-08,1898.0,1899.0,1884.0999755859373,1887.699951171875,2547552,1898.2323546594441,1902.2989630019376,45.97212349954693,29.48104315527019,1952.0,9142168.25,False,False,False,False,0,-0.03294059878490008
2025-09-09,1892.0,1904.0,1883.0,1893.699951171875,4517793,1897.8006971844375,1901.9617468517392,47.809571028029026,28.875254358465178,1952.0,9056119.15,False,False,False,False,0,-0.029866828293096837
2025-09-10,1904.0,1905.0,1883.0,1891.4000244140625,3566139,1897.1911093015447,1901.547561658105,47.14765246616688,28.384164761431954,1952.0,4591953.55,False,False,False,False,0,-0.031045069460008956
2025-09-11,1884.0,1916.0,1882.0999755859373,1913.0,4718266,1898.6967179394928,1901.9966768871989,53.63941412176316,28.778154736619868,1952.0,4506933.9,False,False,True,True,2,-0.01997950819672134
2025-09-12,1925.0,1925.0,1901.5999755859373,1902.5999755859373,3192824,1899.0684567629637,1902.0203356596985,50.427725408168506,28.39400257072293,1952.0,4510596.65,False,False,True,False,1,-0.025307389556384563
2025-09-15,1904.0,1913.0,1898.4000244140625,1904.5,3553258,1899.5857465950623,1902.117577398534,51.00490573984365,27.40871492895254,1952.0,4335377.55,False,False,True,False,1,-0.02433401639344257
2025-09-16,1903.300048828125,1942.0,1902.5,1939.5,5427586,1903.3871040621993,1903.5835547554543,60.19816173560705,28.272378148313074,1952.0,4315108.9,False,False,True,True,2,-0.006403688524590168
2025-09-17,1938.0999755859373,1950.0999755859373,1932.5999755859373,1941.300048828125,4234637,1906.9978607065732,1905.0626329543827,60.60754560077168,27.502922566290714,1952.0,4229169.4,True,False,True,True,2,-0.0054815323626409285
2025-09-18,1944.5,1949.800048828125,1920.5,1941.0999755859373,5080814,1910.2456811712746,1906.4758620771888,60.53301933935882,27.631288727850308,1952.0,4155588.0,True,False,True,True,2,-0.005584028900646909
2025-09-19,1930.199951171875,1976.800048828125,1927.800048828125,1962.4000244140625,11287603,1915.2127614801116,1908.6689664825565,65.4095909776673,29.157625247289573,1950.0999755859373,4061497.75,True,True,True,True,2,0.006307393970624187
2025-09-22,1954.0,1966.0,1944.0,1956.199951171875,4469137,1919.1163033555176,1910.5329266664512,62.970550002077644,28.646366301054606,1976.800048828125,4457032.25,True,False,True,True,2,-0.010420931377688958
2025-09-23,1950.0,1955.0,1930.0999755859373,1938.699951171875,4348633,1920.9814126713613,1911.6375158627425,56.55976553898639,28.464481249974828,1976.800048828125,4516893.1,True,False,True,False,1,-0.019273622377152577
2025-09-24,1926.0,1937.300048828125,1918.800048828125,1931.0999755859373,5237977,1921.9450853298924,1912.4007495773776,53.98913936334617,27.852725613815913,1976.800048828125,4611755.35,True,False,True,True,2,-0.023118207260911072
2025-09-25,1930.0,1950.0,1928.800048828125,1935.5999755859373,7133365,1923.2455510685634,1913.3105231463408,55.28503265850302,27.377527439391564,1976.800048828125,4574421.4,True,False,True,True,2,-0.02084180100390609
2025-09-26,1931.0999755859373,1944.699951171875,1911.9000244140625,1916.5999755859373,3239306,1922.612639117837,1913.439521281227,49.00867584902339,27.764841676421632,1976.800048828125,4656384.0,True,False,False,False,0,-0.030453294089038074
2025-09-29,1928.0,1928.0,1897.5,1902.199951171875,5072608,1920.668573599174,1912.9987538259584,44.85261292924089,27.9602101281058,1976.800048828125,4601397.2,True,False,False,True,1,-0.03773780646174807
2025-09-30,1896.0,1907.5999755859373,1875.199951171875,1878.4000244140625,5945625,1916.6429974863063,1911.6419409078449,38.970395965273894,28.277339719959834,1976.800048828125,4683953.2,True,False,False,True,1,-0.0497774291701355
2025-10-01,1868.0,1877.0,1855.9000244140625,1867.5999755859373,5675393,1911.972233495795,1909.9148050128683,36.62322533709924,27.86467259710556,1976.800048828125,4760082.0,True,False,False,True,1,-0.05524082888753623
2025-10-03,1851.199951171875,1900.300048828125,1848.0999755859373,1896.699951171875,5828332,1910.5177304173267,1909.3965754504766,46.051658566592096,29.602915500325715,1976.800048828125,4853699.45,True,False,False,True,1,-0.04052008077586522
2025-10-06,1892.5999755859373,1907.0,1887.5,1903.0999755859373,2809218,1909.811277576242,1909.1496499655927,47.88786682697319,28.88127867887388,1976.800048828125,4884849.4,True,False,False,False,0,-0.03728251286005291
2025-10-07,1900.0,1946.0,1900.0,1929.0,5713060,1911.6387749499333,1909.9280950649813,54.61944466090334,30.104044487525744,1976.800048828125,4894303.3,True,False,True,True,2,-0.024180517830552195
2025-10-08,1929.0,1962.5999755859373,1927.5999755859373,1943.5,4957406,1914.673177335654,1911.2446403565507,57.898355396258545,30.45375559555962,1976.800048828125,5052578.7,True,False,True,False,1,-0.016845431002425193
2025-10-09,1945.0,1948.800048828125,1931.300048828125,1942.0,3945737,1917.2757318751155,1912.4507328915881,57.436025363165356,29.528487338733935,1976.800048828125,5074559.35,True,False,True,False,1,-0.017604233088093557
2025-10-10,1937.0,1947.5999755859373,1935.4000244140625,1939.9000244140625,2512581,1919.4304264026343,1913.5271756963912,56.752773788895226,28.29073475538685,1976.800048828125,5093539.25,True,False,True,False,1,-0.01866654365773479
2025-10-13,1937.9000244140625,1965.9000244140625,1936.0,1954.9000244140625,3672419,1922.8084833561036,1915.1496403519861,60.37845308416889,28.405684016720826,1976.800048828125,4983255.0,True,False,True,False,1,-0.011078522801051705
2025-10-14,1964.0,1964.0,1939.199951171875,1946.5999755859373,4454239,1925.074339758945,1916.382986831749,57.50558788910559,28.14813864610684,1976.800048828125,5007234.75,True,False,True,False,1,-0.015277252375671901
2025-10-15,1957.199951171875,1976.0,1951.5999755859373,1968.5,3447352,1929.2101169247596,1918.4267912697196,62.56663900178442,28.237559058103688,1976.800048828125,5052283.8,True,False,True,False,1,-0.004198729574620086
2025-10-16,1962.300048828125,1986.9000244140625,1962.0,1967.4000244140625,3700674,1932.84725097136,1920.3473102165567,62.16615420887346,27.99916372638646,1976.800048828125,4953272.1,True,False,True,False,1,-0.004755172087149151
2025-10-17,1973.5999755859373,2034.300048828125,1970.300048828125,2012.0,6743801,1940.3856080217067,1923.9415333453194,70.43072253939651,30.777796632649032,1986.9000244140625,4926573.95,True,True,True,True,2,0.012632732033580618
2025-10-20,2026.0,2057.0,2019.699951171875,2051.5,7387180,1950.9679310672584,1928.9438261553069,75.52914663536805,31.79366830174553,2034.300048828125,5009723.3,True,True,True,True,2,0.00845497259943695
2025-10-21,2051.800048828125,2058.5,2038.5,2043.5,240850,1959.7805090608529,1933.4362251296086,72.79164520044077,30.95126342304942,2057.0,4814702.15,True,False,True,False,1,-0.006562955760816669
2025-10-23,2063.89990234375,2067.0,2003.5999755859373,2007.9000244140625,8790128,1964.3633200468728,1936.3563741211558,62.0192836779475,33.26903206526465,2058.5,4603287.8,True,False,True,True,2,-0.02458099372646949
2025-10-24,2008.0,2033.0,2006.9000244140625,2029.300048828125,3236799,1970.547770406992,1940.0012241096645,65.33982848066748,32.756956602455574,2067.0,4825362.55,True,False,True,False,1,-0.018238970087989803
2025-10-27,2030.0,2094.0,2030.0,2080.10009765625,5796831,1980.9813253831117,1945.4952975820795,71.67133246933881,35.03859907169982,2067.0,4725303.65,True,True,True,True,2,0.006337734715166965
2025-10-28,2092.0,2102.60009765625,2071.699951171875,2090.199951171875,9891522,1991.3830992677558,1951.1699898797185,72.73762293544115,34.74299531546234,2094.0,4658476.95,True,False,True,True,2,-0.0018147320096107977
2025-10-29,2083.0,2110.39990234375,2081.60009765625,2100.60009765625,2742750,2001.7847181618981,1957.0299941062494,73.82997487202601,34.318481699179316,2102.60009765625,4991087.75,True,False,True,False,1,-0.0009512032279601623
2025-10-30,2070.0,2088.0,2058.60009765625,2066.300048828125,4222189,2007.9290353682054,1961.3150942914212,64.63210745248958,34.86716157780937,2110.39990234375,4874594.85,True,False,True,False,1,-0.020896444065719
2025-10-31,2056.0,2073.800048828125,2051.699951171875,2054.5,4659723,2012.3643653331383,1964.9694043192087,61.7805636926688,33.955228440555125,2110.39990234375,4788423.05,True,False,True,False,1,-0.026487824550062378
2025-11-03,2055.0,2081.0,2047.199951171875,2074.0,2979629,2018.2344257776012,1969.2451139537495,64.56299364812097,33.944144182524404,2110.39990234375,4737639.55,True,False,True,False,1,-0.017247869611501265
2025-11-04,2107.0,2135.60009765625,2103.5,2113.300048828125,12263078,2027.288294639556,1974.894327086078,69.39834502590429,35.91956943064766,2110.39990234375,4595204.4,True,True,True,True,2,0.0013742165554282426
2025-11-06,2115.0,2123.300048828125,2080.5,2094.89990234375,9546299,2033.7274953732885,1979.600428076575,64.93113009498458,36.41103224475319,2135.60009765625,5067897.4,True,False,True,True,2,-0.019057966590827147
2025-11-07,2048.0,2048.0,1995.5999755859373,2001.199951171875,70392750,2030.6296340207728,1980.4474681979593,47.990032454697044,40.90309613854315,2135.60009765625,5259559.35,True,False,False,True,1,-0.06293319925948437
2025-11-10,1995.0,2028.800048828125,1992.199951171875,2019.800048828125,7457061,2029.5982449548062,1981.9907066540443,50.73769776953469,40.59573910409364,2135.60009765625,8531326.55,True,False,True,False,1,-0.05422365776964133
2025-11-11,2020.0999755859373,2056.89990234375,2017.4000244140625,2042.300048828125,14825625,2030.807940561789,1984.3557788961652,53.909736058400114,40.51746330592177,2135.60009765625,8706892.75,True,False,True,True,2,-0.04368797741230612
2025-11-12,2060.0,2079.800048828125,2054.89990234375,2073.800048828125,8210277,2034.902427063345,1987.8633973248698,57.98829499982634,40.30193021264165,2135.60009765625,9322544.95,True,False,True,False,1,-0.028938024912036897
2025-11-13,2099.89990234375,2107.0,2079.0,2091.800048828125,5958875,2040.3212481838002,1991.9393444426446,60.15792714966551,39.79464599544403,2135.60009765625,9549437.85,True,False,True,False,1,-0.020509480626168752
2025-11-14,2090.0,2107.89990234375,2081.89990234375,2100.699951171875,6312655,2046.0716008493312,1996.2044662751634,61.224213465663595,38.8093141386266,2135.60009765625,9624669.65,True,False,True,False,1,-0.016342079457046688
2025-11-17,2112.0,2122.0,2100.89990234375,2112.199951171875,5998770,2052.369538975288,2000.7533088201326,62.6164398231562,37.55865233073363,2135.60009765625,9767934.8,True,False,True,False,1,-0.01095717616329761
2025-11-18,2122.0,2159.0,2110.300048828125,2149.199951171875,10972556,2061.5914829940107,2006.574745775103,66.75258426494402,38.35445939081516,2135.60009765625,9882839.6,True,True,True,True,2,0.006368164868764792
2025-11-19,2155.0,2166.199951171875,2146.699951171875,2159.800048828125,7419461,2070.944679740117,2012.5835811889472,67.85004314831724,37.00771229147122,2159.0,10094277.35,True,True,True,False,1,0.00037056453363826236
2025-11-20,2153.10009765625,2169.300048828125,2149.89990234375,2158.300048828125,7452899,2079.2642387008796,2018.297952468915,67.51044336807443,35.75002901953578,2166.199951171875,10095891.4,True,False,True,False,1,-0.0036468943411600563
2025-11-21,2150.10009765625,2174.5,2148.60009765625,2162.699951171875,6720938,2087.2104970314504,2023.9607759474625,68.01613375130879,35.04644854269394,2169.300048828125,10456493.85,True,False,True,False,1,-0.003042501040745993
2025-11-24,2162.10009765625,2165.800048828125,2140.39990234375,2152.10009765625,9686848,2093.390458995717,2028.985847387023,65.3761470376306,34.35742696709973,2174.5,10353034.35,True,False,True,False,1,-0.010301173761209426
2025-11-25,2159.0,2170.699951171875,2138.699951171875,2161.60009765625,7102592,2099.8866150586246,2034.1864062211102,66.6264094033897,34.18903932659261,2174.5,10675536.8,True,False,True,False,1,-0.005932353342722463
2025-11-26,2104.0,2134.89990234375,2097.5,2126.800048828125,43174047,2102.4497992271486,2037.8183137743265,58.318813308883406,36.32554349299671,2174.5,10740824.85,True,False,True,True,2,-0.021936054804265304
2025-11-27,2132.0,2136.89990234375,2103.800048828125,2115.60009765625,4444877,2103.7022086013485,2040.8685798089118,55.902884454758826,36.09513706604159,2174.5,12404951.1,True,False,True,False,1,-0.027086641684870072
2025-11-28,2118.0,2129.5,2096.39990234375,2101.60009765625,6263457,2103.502007558958,2043.250207959788,52.95005433353394,35.881205679627904,2174.5,12490057.45,True,False,True,False,1,-0.033524903354219315
2025-12-01,2114.699951171875,2119.0,2083.10009765625,2089.699951171875,5058900,2102.1875259982835,2045.0717665171246,50.50790318436698,35.88254115563662,2174.5,12592120.85,True,False,True,False,1,-0.03899749313779033
2025-12-02,2089.800048828125,2114.800048828125,2087.10009765625,2104.0,6591396,2102.3601425698757,2047.3826776341002,53.29552903416435,35.2980704425108,2174.5,12612079.7,True,False,True,False,1,-0.03242124626350884
2025-12-03,2100.10009765625,2109.89990234375,2081.60009765625,2086.0,4357641,2100.8020337536973,2048.897082432763,49.51497975690022,34.798194317152884,2174.5,12792668.05,True,False,False,False,0,-0.04069901126695796
2025-12-04,2094.800048828125,2108.5,2074.10009765625,2103.800048828125,4611819,2101.087558998881,2051.0501399384634,53.06092499727894,34.769744890481256,2174.5,12397396.2,True,False,True,False,1,-0.03251319897533911
2025-12-05,2092.60009765625,2111.89990234375,2090.0,2108.800048828125,2938290,2101.8220818397613,2053.314842247862,54.037502253077584,33.8504704228576,2174.5,12150672.2,True,False,True,False,1,-0.030213819807714426
2025-12-08,2114.39990234375,2114.39990234375,2078.89990234375,2086.199951171875,4327091,2100.334259871391,2054.6044543625294,49.0681814335179,33.96829396408206,2174.5,8777949.2,True,False,False,False,0,-0.040607058555127584
2025-12-09,2086.800048828125,2100.39990234375,2080.39990234375,2089.699951171875,5139229,2099.3214685666753,2055.980748355053,49.837529904273495,32.970558680933344,2174.5,8621450.7,True,False,False,False,0,-0.03899749313779033
2025-12-10,2072.0,2096.89990234375,2062.199951171875,2067.0,3987451,2096.243233465087,2056.4128758705415,45.081210190977494,33.094086716000604,2174.5,8137130.9,True,False,False,False,0,-0.04943665210393189
2025-12-11,2066.0,2069.199951171875,2038.0,2053.199951171875,3254850,2092.143873246686,2056.286878823535,42.43009316346618,32.95879131999163,2174.5,7925989.6,True,False,False,False,0,-0.055782961061450864
2025-12-12,2053.10009765625,2087.10009765625,2050.60009765625,2083.39990234375,2706420,2091.311114113073,2057.3501346478574,49.43771031147691,33.21173479713509,2174.5,7790788.35,True,False,False,False,0,-0.04189473334387217
2025-12-15,2070.10009765625,2078.89990234375,2061.5,2069.699951171875,3233614,2089.252908118673,2057.8344411782114,46.662835302814315,32.40374676475044,2174.5,7610476.6,True,False,False,False,0,-0.04819500980828928
2025-12-16,2070.10009765625,2106.60009765625,2070.10009765625,2102.0,5756692,2090.466916869276,2059.566423877105,53.315915608455825,32.72491817329505,2174.5,7472218.8,True,False,True,False,1,-0.03334099793055878
2025-12-17,2117.60009765625,2128.0,2096.39990234375,2108.0,6412516,2092.136734310297,2061.465779803493,54.45247051318867,32.64457385064898,2174.5,7211425.6,True,False,True,False,1,-0.030581742929409073
2025-12-18,2099.0,2116.60009765625,2088.10009765625,2092.0,3760341,2092.1237119950306,2062.663200203356,50.89416690984925,32.34853286131691,2174.5,7161078.35,True,False,True,False,1,-0.037939756265808255
2025-12-19,2113.89990234375,2115.0,2082.0,2097.699951171875,10127415,2092.6547823928254,2064.0371904374156,52.09516035939579,32.39506622836571,2174.5,6976450.45,True,False,True,True,2,-0.03531848646959068
2025-12-22,2118.0,2151.699951171875,2101.699951171875,2147.60009765625,7670853,2097.8876695607705,2067.3141671910953,61.07135415981048,33.93827578348244,2170.699951171875,7146774.3,True,False,True,True,2,-0.010641661231509336
2025-12-23,2157.0,2164.0,2119.199951171875,2122.89990234375,4110853,2100.2697869686735,2069.49399994218,55.52526647442245,34.714116715242625,2170.699951171875,7045974.55,True,False,True,False,1,-0.02202056935704988
2025-12-24,2111.0,2137.199951171875,2111.0,2123.699951171875,3145464,2102.501231178502,2071.619723519815,55.66570613358204,34.105962033573505,2164.0,6896387.6,True,False,True,False,1,-0.018622943081388676
2025-12-26,2123.0,2123.0,2101.800048828125,2105.39990234375,1297870,2102.777295099002,2072.9444364148717,51.64823868709791,33.234100627157545,2164.0,4894958.45,True,False,True,False,1,-0.02707952756758314
2025-12-29,2105.39990234375,2112.699951171875,2079.39990234375,2081.60009765625,2371034,2100.760419152073,2073.283874110612,46.90683828320265,33.23881121294094,2164.0,4737608.1,True,False,False,False,0,-0.03807758888343349
2025-12-30,2077.0,2102.800048828125,2071.60009765625,2099.800048828125,6983390,2100.668955311697,2074.323724099534,50.63864947824954,33.0931783528648,2164.0,4542986.95,True,False,True,True,2,-0.029667260245783256
2025-12-31,2096.0,2121.0,2090.10009765625,2105.60009765625,2991434,2101.13858791594,2075.5502485527386,51.80133481662792,32.93651578078517,2164.0,4639211.45,True,False,True,False,1,-0.026987015870494457
2026-01-01,2114.800048828125,2123.89990234375,2107.0,2110.39990234375,2097756,2102.0206178614458,2076.916901642582,52.79231387246887,31.891036416979087,2164.0,4459213.35,True,False,True,False,1,-0.024768991523220873
2026-01-02,2108.0,2125.0,2098.0,2106.300048828125,2927138,2102.428182715415,2078.069181924368,51.81238953349685,31.54167667290915,2164.0,4346219.1,True,False,True,False,1,-0.026663563388112266
2026-01-05,2102.10009765625,2112.10009765625,2096.5,2105.0,2642580,2102.6731176948992,2079.125292437138,51.48603675308449,30.4029924574335,2164.0,4261985.05,True,False,True,False,1,-0.027264325323475003
2026-01-06,2106.800048828125,2121.800048828125,2087.5,2105.300048828125,9119265,2102.9233016123494,2080.151753472079,51.56186971519183,30.681353626768608,2164.0,4247199.55,True,False,True,True,2,-0.027125670596984786
2026-01-07,2095.60009765625,2103.800048828125,2077.0,2084.199951171875,4171371,2101.140125379923,2080.3105063230514,46.10418067252214,30.511260426865494,2164.0,4486808.25,True,False,False,False,0,-0.03687617783185071
2026-01-08,2088.0,2092.0,2055.0,2066.300048828125,5534929,2097.8220228511805,2079.761076617368,42.03896983021539,30.97474182494653,2164.0,4438415.35,True,False,False,True,1,-0.045147851743010614
2026-01-09,2070.199951171875,2084.0,2023.199951171875,2027.0999755859373,4165409,2091.0865897783,2077.6959354004493,34.80184676958207,33.10512089660214,2164.0,4515789.25,True,False,False,False,0,-0.06326248817655389
2026-01-12,2023.5,2048.800048828125,2001.300048828125,2044.0,4689135,2086.6021526565573,2076.374526169059,39.627315613480064,34.13332654684484,2164.0,4561317.2,True,False,False,True,1,-0.055452865064695045
2026-01-13,2047.0,2049.89990234375,2014.9000244140625,2026.9000244140625,7388496,2080.9162356810816,2074.434349629648,36.66993511446271,34.19522307419074,2164.0,4660452.95,True,False,False,True,1,-0.06335488705449976
2026-01-14,2015.0999755859373,2034.0,2008.699951171875,2022.5,4842964,2075.352784663836,2072.397708467701,35.92695491621714,33.559853485186046,2164.0,4868197.05,True,False,False,False,0,-0.06538817005545283
2026-01-15,2022.5,2022.5,2022.5,2022.5,0,2070.3191861244227,2070.4409355866146,35.92695491621714,31.162721093387045,2164.0,4822510.65,False,False,False,False,0,-0.06538817005545283
2026-01-16,2020.0,2029.699951171875,1988.699951171875,2016.4000244140625,7310676,2065.184027866293,2068.3216841680833,34.79349155124173,31.865383872430826,2164.0,4501884.85,False,False,False,True,1,-0.06820701274766061
2026-01-19,2023.0,2023.0,1996.300048828125,2010.0,4272071,2059.9284061647413,2066.034559298747,33.595892405173544,31.496424393819694,2164.0,4679401.6,False,False,False,False,0,-0.07116451016635861
2026-01-20,2018.0,2018.0,1977.0999755859373,1996.0,6076838,2053.8399865300044,2063.2881059929136,31.076066182975595,32.168110109551336,2164.0,4386634.4,False,False,False,True,1,-0.077634011090573
2026-01-21,1977.0,2007.0999755859373,1967.0,1996.0999755859373,7952295,2048.3409378686647,2060.653277349503,31.11579948307414,32.73467192929319,2164.0,4306933.65,False,False,False,True,1,-0.07758781165160011
2026-01-22,2008.800048828125,2018.9000244140625,1990.0,2002.199951171875,6722567,2043.9465581832562,2058.3609900484194,33.62986228091735,32.460768535348144,2137.199951171875,4499005.75,False,False,False,True,1,-0.06316676169020896
2026-01-23,2009.0,2011.699951171875,1980.0999755859373,1984.699951171875,4340925,2038.3040241821723,2055.472321857182,30.222054297260996,32.39928332467597,2125.0,4677860.9,False,False,False,False,0,-0.06602355238970592
2026-01-27,1972.0999755859373,2003.800048828125,1962.699951171875,1973.4000244140625,10510891,2032.1226908709236,2052.2538003888244,28.232646221649233,33.020770062645546,2125.0,4830013.65,False,False,False,True,1,-0.07134116498161769
2026-01-28,1995.0,1995.0,1939.0,1957.699951171875,9426909,2025.0348108995856,2048.545806301885,25.701224812439975,34.66214362959944,2125.0,5237006.5,False,False,False,True,1,-0.07872943474264704
2026-01-29,1964.0,1970.5,1939.0,1967.9000244140625,6065044,2019.593402662869,2045.3832266200097,30.087101962628793,34.436276227485195,2125.0,5359182.45,False,False,False,True,1,-0.07392940027573525
2026-01-30,1925.5999755859373,1974.0,1925.5999755859373,1968.699951171875,7683747,2014.7464072827743,2042.3760393475338,30.43392181279917,35.43368681224074,2125.0,5512862.95,False,False,False,True,1,-0.07355296415441182
2026-02-02,1936.0999755859373,1969.800048828125,1926.5,1965.4000244140625,5326225,2010.0467517714683,2039.357372095241,29.777661723663343,35.995569813375326,2125.0,5792162.5,False,False,False,False,0,-0.07510587086397058
2026-02-03,2050.0,2050.0,1980.0999755859373,1997.300048828125,6915795,2008.8327800625784,2037.7080653004523,42.65158435662407,39.46731308284405,2121.800048828125,5912116.85,False,False,False,True,1,-0.058676593993275517
2026-02-04,2008.0,2034.5999755859373,1998.4000244140625,2025.800048828125,7464725,2010.448710421202,2037.2410842623217,51.25051032503628,39.31249977391321,2121.800048828125,6125777.6,False,False,True,True,2,-0.045244602597224515
2026-02-05,2012.0,2022.9000244140625,1985.0,1992.4000244140625,7708690,2008.7297879443315,2035.482611327096,43.095234698677224,39.418753277785484,2103.800048828125,6043050.6,False,False,False,True,1,-0.0529518118778044
2026-02-06,1994.0,2049.699951171875,1988.5,2038.4000244140625,13870403,2011.5555247509726,2035.5970196834478,53.96103526036098,40.97455312736331,2092.0,6219916.55,False,False,True,True,2,-0.025621403243755947
2026-02-09,2051.199951171875,2055.199951171875,2028.699951171875,2038.199951171875,7570161,2014.0930891720109,2035.699095428092,53.912815952647115,39.94065647540879,2084.0,6636690.25,False,False,True,True,2,-0.021976990800443907
2026-02-10,2052.0,2057.0,2008.4000244140625,2011.300048828125,9077763,2013.8270853297358,2034.7422700712307,47.73639745022655,40.55917926901798,2055.199951171875,6806927.85,False,False,False,True,1,-0.021360404528385835
2026-02-11,2012.9000244140625,2021.0,1996.699951171875,2012.0999755859373,7423601,2013.6625986874692,2033.8543369541603,47.92744338643783,39.3978128089542,2057.0,7026359.25,False,False,False,True,1,-0.02182791658437666
2026-02-12,2019.199951171875,2027.0,2009.0999755859373,2014.5,7437690,2013.7423511934246,2033.095343348115,48.53529568342344,37.86225649503338,2057.0,7028114.5,False,False,False,True,1,-0.02066115702479343
2026-02-13,2013.9000244140625,2024.199951171875,1992.0,2004.699951171875,4808543,2012.8811702389914,2031.98179855689,46.16553599798968,37.45780611480778,2057.0,7157850.8,False,False,False,False,0,-0.025425400499817674
2026-02-16,2010.0,2032.199951171875,1995.0,2029.4000244140625,3455964,2014.4543944461411,2031.8805525120733,52.465143599333686,37.4393879045983,2057.0,7398277.95,False,False,True,False,1,-0.013417586575565132
2026-02-17,2028.0,2038.5,2014.199951171875,2020.300048828125,4471158,2015.0111234349015,2031.4264151127027,50.13736700318856,36.50086368485021,2057.0,7205542.35,False,False,True,False,1,-0.01784149303445548
2026-02-18,2020.0999755859373,2028.5999755859373,2015.0,2021.800048828125,2182669,2015.6576877580655,2031.0489105525232,50.52701661448851,34.86508596349929,2057.0,7215496.7,False,False,True,False,1,-0.017112275727698134
2026-02-19,2032.0,2032.0,1974.800048828125,1988.5999755859373,4712417,2013.0807627892914,2029.3842464361867,42.59335988644752,36.460433478383266,2057.0,7020788.25,False,False,False,False,0,-0.03325232105690945
2026-02-20,1981.0999755859373,1993.699951171875,1971.0,1977.4000244140625,5180301,2009.6825972297456,2027.3456494941427,40.2947764581877,35.47754188506124,2057.0,6858794.35,False,False,False,False,0,-0.03869711987648883
2026-02-23,1994.0,2000.5,1983.9000244140625,1997.300048828125,3728878,2008.5033069057818,2026.167390644495,45.883005569154186,34.59343000655241,2057.0,6781681.05,False,False,False,False,0,-0.029022825071402525
2026-02-24,1997.300048828125,1997.300048828125,1921.800048828125,1941.0,10006761,2002.0744205338026,2022.827492972162,35.701934497285194,37.51532786322724,2057.0,6751078.7,False,False,False,True,1,-0.056392805055906714
2026-02-25,1955.0,1961.800048828125,1904.0,1913.4000244140625,8285195,1993.6292399509703,2018.5362196953738,31.958173075523334,38.964236503577084,2057.0,6725872.2,False,False,False,True,1,-0.06981039163147185
2026-02-26,1914.0,1935.0,1904.5,1929.5999755859373,10795028,1987.5312147733482,2015.0485238479448,36.18787090140223,38.35964818189301,2057.0,6668786.5,False,False,False,True,1,-0.06193486845603435
2026-02-27,1910.0,1915.0,1870.0999755859373,1879.300048828125,13754648,1977.223484683327,2009.7250542393244,29.960309691563012,39.86967331175779,2057.0,6905285.7,False,False,False,True,1,-0.08638791986965244
2026-03-02,1850.0999755859373,1895.9000244140625,1847.9000244140625,1873.199951171875,11785758,1967.31648149176,2004.3711286288362,29.301738870714246,40.45041093234653,2057.0,7208830.75,False,False,False,True,1,-0.08935345105888426
2026-03-04,1861.0999755859373,1920.0,1815.300048828125,1905.9000244140625,20565585,1961.4672951034077,2000.5095166988451,37.26291355566938,45.03966380659856,2057.0,7531807.4,False,False,False,True,1,-0.07345647816525891
2026-03-05,1919.0,1929.0999755859373,1897.199951171875,1907.0,11398717,1956.279933664988,1996.842476828302,37.51779824585503,44.10111813570312,2057.0,8214296.9,False,False,False,True,1,-0.07292173067574137
2026-03-06,1900.0,1902.0999755859373,1867.0999755859373,1870.800048828125,10896859,1948.1389922519534,1991.8996365145697,32.795596279002226,43.801040012728805,2057.0,8410996.5,False,False,False,True,1,-0.0905201512746111
2026-03-09,1831.0,1872.4000244140625,1818.0999755859373,1866.699951171875,8073518,1940.3828931014698,1986.9898449325033,32.2997160219159,44.55096921382855,2057.0,8570404.95,False,False,False,False,0,-0.09251339272149972
2026-03-10,1880.800048828125,1881.0,1846.5,1850.4000244140625,11741600,1931.8130960836215,1981.6333813827605,30.335927576253937,43.83304284141223,2057.0,8280560.7,False,False,False,True,1,-0.10043751851528315
2026-03-11,1841.0,1847.699951171875,1799.5,1807.0,9548404,1919.926134551848,1974.7850134853973,25.83242709909915,44.33782723945868,2057.0,8489132.65,False,False,False,True,1,-0.12153621779290225
2026-03-12,1797.9000244140625,1817.800048828125,1791.0,1801.300048828125,12922735,1908.6284121019698,1967.9816815380532,25.30117642499806,43.08512878150628,2038.5,8512664.7,False,False,False,True,1,-0.11636004472498163
2026-03-13,1781.0999755859375,1816.0,1776.5999755859375,1803.4000244140625,8970772,1898.6066608935978,1961.5274989057398,25.905746438710935,42.82190704097458,2038.5,8787621.4,False,False,False,True,1,-0.11532988745937578
2026-03-16,1798.0,1804.9000244140625,1770.9000244140625,1788.800048828125,14261268,1888.1488883159336,1954.7538734125,24.425612970026435,42.19177082376211,2038.5,8864275.5,False,False,False,True,1,-0.12249200449932551
2026-03-17,1797.0,1834.5,1791.0999755859375,1827.0,7181491,1882.325184666797,1949.743917592402,34.90524694016632,42.442355134341604,2038.5,9336911.75,False,False,False,False,0,-0.10375275938189843
2026-03-18,1826.800048828125,1869.0,1826.800048828125,1855.4000244140625,6428092,1879.7608836903462,1946.0441570756045,41.41006408272056,42.42504056559399,2038.5,9523188.1,False,False,False,False,0,-0.08982093479810527
2026-03-19,1826.5999755859373,1861.300048828125,1816.300048828125,1827.0,7145082,1874.736037624599,1941.3757587589143,37.38668669556042,42.60896623948013,2032.0,9621034.8,False,False,False,False,0,-0.10088582677165359
2026-03-20,1834.0,1860.9000244140625,1834.0,1846.0999755859373,7691633,1872.008793620917,1937.6394535364445,41.50307811524521,41.98689896623602,2032.0,9869155.45,False,False,False,False,0,-0.09148623248723564
2026-03-23,1827.0,1830.0,1792.0,1795.9000244140625,6874051,1864.7603394107405,1932.0810445512532,34.9917344953967,42.85211872478611,2000.5,10018116.25,False,False,False,False,0,-0.1022744191881717
2026-03-24,1816.300048828125,1826.800048828125,1781.0,1802.0999755859373,7535860,1858.7926857131401,1926.983747729084,36.32053376071926,43.06268516073889,2000.5,10102803.75,False,False,False,False,0,-0.09917521840243071
2026-03-25,1814.0,1849.199951171875,1810.0999755859373,1834.9000244140625,12473682,1856.517194160847,1923.3726213245734,42.96284963553836,43.351063048253096,1997.300048828125,10293152.85,False,False,False,True,1,-0.08130977842280007
2026-03-27,1839.9000244140625,1856.9000244140625,1818.4000244140625,1843.9000244140625,24490425,1855.3155589468677,1920.2560488967101,44.668329493927246,43.00455854480645,1961.800048828125,10416498.9,False,False,False,True,1,-0.06009788025262297
2026-03-30,1818.0,1824.5,1774.5,1782.4000244140625,14240129,1848.3712223246957,1914.8499302895475,36.612117096743475,44.88994896403903,1935.0,11226760.4,False,False,False,True,1,-0.07886303647852067
2026-04-01,1811.0,1817.300048828125,1776.5,1781.9000244140625,10694662,1842.0406320474926,1909.636208490509,36.55439390248031,44.59781324004517,1929.0999755859373,11399015.45,False,False,False,False,0,-0.07630498835456412
2026-04-02,1765.0,1799.4000244140625,1746.9000244140625,1789.699951171875,10857093,1837.0558052974338,1904.9328258505625,38.19150769294694,45.16225515147052,1929.0999755859373,11246016.15,False,False,False,False,0,-0.07226168999961835
2026-04-06,1812.0999755859373,1814.300048828125,1763.4000244140625,1792.800048828125,8183498,1832.840971347976,1900.535462045761,38.86669570089244,45.57209581308423,1929.0999755859373,11199582.9,False,False,False,False,0,-0.07065467237716028
2026-04-07,1788.0999755859375,1840.0,1772.0,1830.300048828125,10057628,1832.5989787270378,1897.7811321156578,46.48245684164157,47.1740889692925,1929.0999755859373,10580478.55,False,False,False,False,0,-0.05121555544460732
2026-04-08,1864.0,1871.5,1840.199951171875,1861.5999755859373,11587604,1835.3609784278854,1896.3622632321394,51.871754946395455,46.74736484090554,1902.0999755859373,10513424.1,False,False,True,True,2,-0.021292256200951876
2026-04-09,1869.9000244140625,1869.9000244140625,1846.0999755859373,1859.4000244140625,10113053,1837.65041137895,1894.9127636706462,51.4793598419371,45.10827083999266,1881.0,10547961.35,False,False,True,False,1,-0.011483240609217127
2026-04-10,1868.0,1874.5999755859373,1859.9000244140625,1870.0,5857988,1840.7313245809546,1893.935792546307,53.31198869967966,42.97196229226996,1881.0,10649938.1,False,False,True,False,1,-0.005847953216374324
2026-04-13,1838.0,1893.699951171875,1838.0,1870.9000244140625,10371983,1843.6045340888695,1893.0324290901408,53.47267918143857,43.88110435509889,1874.5999755859373,10355757.5,False,False,True,True,2,-0.0019737283794204474
2026-04-15,1880.5,1890.9000244140625,1853.5999755859373,1855.699951171875,11049107,1844.7564785729653,1891.568410348248,50.322583260900046,43.41102896031506,1893.699951171875,10396936.45,False,False,True,True,2,-0.02006653692760807
2026-04-16,1863.5,1864.9000244140625,1823.199951171875,1840.5999755859373,15871247,1844.3606211456292,1889.5696482007065,47.339077554935095,43.288817837591665,1893.699951171875,10303255.05,False,False,False,True,1,-0.02804033213027124
2026-04-17,1837.0999755859373,1851.4000244140625,1829.699951171875,1846.9000244140625,7344787,1844.6024690759562,1887.8963296208383,48.705506475679975,41.746764652205655,1893.699951171875,10648278.8,False,False,False,False,0,-0.024713485749868314
2026-04-20,1865.0,1865.0,1839.199951171875,1846.0999755859373,9243641,1844.7450887435734,1886.2572569135873,48.53328174941792,40.60771352191418,1893.699951171875,10302454.75,False,False,False,False,0,-0.02513596494338055
2026-04-21,1830.0,1868.9000244140625,1830.0,1855.0,10485373,1845.7217469584714,1885.0314821326624,50.62491105589209,40.4857357284962,1893.699951171875,10405562.25,False,False,True,True,2,-0.02043615787597519
2026-04-22,1850.199951171875,1857.9000244140625,1825.300048828125,1829.0,5687058,1844.1291996290931,1882.8341691078522,44.885924004528235,39.92246714688486,1893.699951171875,10608426.3,False,False,False,False,0,-0.03416589366854916
2026-04-23,1821.800048828125,1846.0,1812.0999755859373,1841.199951171875,7489947,1843.8502235855485,1881.2014546789903,47.87206897263254,39.492292665968996,1893.699951171875,10535525.1,False,False,False,False,0,-0.02772350496577425
2026-04-24,1845.0,1850.699951171875,1807.300048828125,1814.5,6306448,1841.0549641964487,1878.5857113582458,42.4511283192237,39.771407642953356,1893.699951171875,10525440.8,False,False,False,False,0,-0.04182286170671534
2026-04-27,1816.0999755859373,1828.4000244140625,1814.0,1820.0999755859373,4413769,1839.0592509954477,1876.292153092665,43.886357533055175,37.959165983746864,1893.699951171875,10497060.65,False,False,False,False,0,-0.03886570073595452
2026-04-28,1826.0,1852.0,1812.5999755859373,1843.800048828125,10558455,1839.5107555509408,1875.0179529254283,49.61360533930742,38.06208444305514,1893.699951171875,10340956.1,False,False,False,True,1,-0.026350479817497274
2026-04-29,1848.0,1900.4000244140625,1845.4000244140625,1888.0999755859373,7713013,1844.1383003161786,1875.5309734219188,58.2013278466286,39.386219524689594,1893.699951171875,10245194.75,False,False,True,False,1,-0.0029571609707611524
2026-04-30,1860.0,1906.0,1860.0,1886.800048828125,12709188,1848.2013239839832,1875.9728979476524,57.88953557746696,39.85863241578319,1900.4000244140625,9406324.15,False,False,True,True,2,-0.007156375190076503
2026-05-01,1886.800048828125,1886.800048828125,1886.800048828125,1886.800048828125,0,1851.8773930167588,1876.3974920998278,57.88953557746696,37.01158724322725,1906.0,9329777.1,False,False,True,False,1,-0.010073426637919769
2026-05-04,1873.199951171875,1895.300048828125,1821.699951171875,1827.0999755859373,10707858,1849.5176389757282,1874.4642561581065,45.03841737491155,39.62505227272887,1906.0,8795044.0,False,False,False,True,1,-0.041395605673695046
2026-05-05,1828.0,1846.0,1801.0,1806.0999755859373,11407461,1845.3826234147957,1871.7833039788059,41.54471614393674,40.0089771103911,1906.0,8787582.25,False,False,False,True,1,-0.05241344407873172
2026-05-06,1817.0,1841.5,1813.800048828125,1833.699951171875,5507749,1844.269987963089,1870.2898391628478,47.32778436242206,39.6797662035105,1906.0,8948780.4,False,False,False,False,0,-0.037932869269740266
2026-05-07,1835.0,1843.9000244140625,1821.199951171875,1826.5999755859373,7914845,1842.5871296414557,1868.5765111794394,46.065256768992604,38.46693099198744,1906.0,8721286.45,False,False,False,False,0,-0.0416579351595292
2026-05-08,1820.0,1840.800048828125,1815.199951171875,1834.5,4839183,1841.81692681846,1867.2401774076968,47.735902711260344,37.54787146800619,1906.0,8537648.5,False,False,False,False,0,-0.037513116474291675
2026-05-11,1814.0,1819.800048828125,1756.0,1759.800048828125,15803791,1834.0057955812854,1863.0268390320275,36.28941312725784,40.473023506005745,1906.0,8273955.0,False,False,False,True,1,-0.07670511603980845
2026-05-12,1751.5,1776.5,1751.5,1756.800048828125,11945399,1826.6528673190796,1858.861082553443,35.91692541500866,39.36780754129105,1906.0,8771245.15,False,False,False,True,1,-0.07827909295481372
2026-05-13,1740.5,1798.0,1740.5,1789.199951171875,9825413,1823.0859229241078,1856.1292734796561,42.75138416161583,40.662964145484544,1906.0,8849915.95,False,False,False,True,1,-0.06128019350898484
2026-05-14,1820.0,1889.199951171875,1797.300048828125,1883.5,21279151,1828.8396445503831,1857.2026353039832,57.094082873670416,44.9013238493785,1906.0,8788731.25,False,False,True,True,2,-0.011804826862539364
2026-05-15,1883.199951171875,1922.9000244140625,1880.4000244140625,1905.4000244140625,15807294,1836.1311092993049,1859.0927289945746,59.62400135008833,44.729800717280035,1906.0,9059126.45,False,False,True,True,2,-0.0003147825739441279
2026-05-18,1904.800048828125,1953.800048828125,1890.4000244140625,1938.0999755859373,13888648,1845.8424298980317,1862.1910523903143,63.12070727391918,46.06338812419307,1922.9000244140625,9482251.8,False,True,True,True,2,0.007904701741582532
2026-05-19,1928.4000244140625,1942.0,1907.800048828125,1913.5,8962228,1852.286008002981,1864.203167982851,58.98233060940794,45.215999770456065,1953.800048828125,9714502.15,False,False,True,False,1,-0.020626495967331238
2026-05-20,1914.0,1914.0,1897.699951171875,1904.9000244140625,5778742,1857.296866708798,1865.7991231370163,57.56151537746477,43.15057470314671,1953.800048828125,9638344.9,False,False,True,False,1,-0.025028162141459864
2026-05-21,1911.0,1915.300048828125,1880.800048828125,1885.300048828125,6419014,1859.9638364344482,1866.5638653209814,54.348266482833345,42.5326765100648,1953.800048828125,9642929.1,False,False,True,False,1,-0.035059882428135736
2026-05-22,1891.300048828125,1896.5999755859373,1869.300048828125,1871.4000244140625,5099120,1861.0529971944115,1866.7535186187495,52.12592575624253,41.44462295633248,1953.800048828125,9589382.45,False,False,True,False,1,-0.042174236029672296
2026-05-25,1892.5,1892.5,1863.0999755859373,1874.800048828125,5903841,1862.362240207146,1867.0690688230388,52.636105847065984,40.5842944890275,1953.800048828125,9529016.05,False,False,True,False,1,-0.04043402499011284
2026-05-26,1874.0,1874.0,1844.800048828125,1846.9000244140625,5803034,1860.8896482268524,1866.2781259050398,48.105797449646644,39.828273454096966,1953.800048828125,9603519.65,False,False,False,False,0,-0.05471390200761861
2026-05-27,1840.4000244140625,1869.4000244140625,1840.4000244140625,1852.199951171875,8653155,1860.0620580311402,1865.7260406213863,49.00370700116285,39.054825350232896,1953.800048828125,9365748.6,False,False,False,False,0,-0.05200127705861657
2026-05-28,1852.199951171875,1852.199951171875,1852.199951171875,1852.199951171875,0,1859.3132859493053,1865.1956057410134,49.00370700116285,36.2651949680734,1953.800048828125,9412755.7,False,False,False,False,0,-0.05200127705861657
2026-05-29,1860.0,1860.0,1818.5,1829.0,52886264,1856.4263063350857,1863.776170221758,45.04672947348591,36.63910961321102,1953.800048828125,8777296.3,False,False,False,True,1,-0.06387554801371775
2026-06-01,1830.0,1842.0,1803.9000244140625,1810.5999755859373,6391656,1852.0618938827859,1861.6908292556475,42.14037202503654,36.743457182691486,1953.800048828125,11421609.5,False,False,False,False,0,-0.07329310557038737
2026-06-02,1785.0,1825.0,1777.4000244140625,1814.199951171875,10791294,1848.455994576985,1859.8284418798132,42.9163745750546,37.51892278292335,1953.800048828125,11205799.4,False,False,False,False,0,-0.07145055490196206
2026-06-03,1829.9000244140625,1835.5,1804.9000244140625,1824.0999755859373,5832363,1846.1363737206948,1858.4273255545634,45.09711546718717,37.02471226885293,1953.800048828125,11174991.05,False,False,False,False,0,-0.0663834937049883
2026-06-04,1815.0,1829.800048828125,1798.4000244140625,1818.9000244140625,6735759,1843.5424356914916,1856.8772353137595,44.14321263152923,36.622948850653614,1953.800048828125,11191221.75,False,False,False,False,0,-0.06904494883955736
2026-06-05,1824.9000244140625,1827.800048828125,1790.699951171875,1798.199951171875,3926715,1839.2241038324805,1854.5761653474112,40.47310191235411,36.65703090819622,1953.800048828125,11132267.45,False,False,False,False,0,-0.07963972452021273
2026-06-08,1775.0999755859375,1820.0999755859373,1771.0,1813.300048828125,6324919,1836.7551462130182,1852.9574941113608,44.12268547765505,37.54581267089201,1953.800048828125,11086644.05,False,False,False,False,0,-0.07191114571026391
2026-06-09,1837.0,1837.0,1789.199951171875,1799.0,10377475,1833.1594180022544,1850.841513950131,41.52615047756353,38.278258110694374,1953.800048828125,10612700.45,False,False,False,False,0,-0.07923024104793785
2026-06-10,1799.0,1807.699951171875,1771.0,1775.199951171875,7999362,1827.6394687803136,1847.8751781549054,37.564015506192916,38.1655219007787,1953.800048828125,10534304.25,False,False,False,False,0,-0.09141165584644806
2026-06-11,1773.0,1796.0,1768.5999755859375,1782.5999755859375,5020731,1823.349993237992,1845.3153662894556,39.49698326335652,37.39655779458469,1953.800048828125,10443001.7,False,False,False,False,0,-0.0876241524023259
2026-06-12,1784.0,1825.0,1784.0,1822.5,5910557,1823.2690415010406,1844.4206460428104,48.71620919118157,37.75394826740453,1953.800048828125,9630080.7,False,False,False,False,0,-0.06720239817113205
2026-06-15,1841.0,1857.0,1816.0,1841.199951171875,5307277,1824.9767471839773,1844.2943442831659,52.378654004423176,37.98580910544707,1953.800048828125,9135243.85,False,False,True,False,1,-0.057631331171163924
2026-06-16,1840.199951171875,1859.199951171875,1837.199951171875,1853.0,5957732,1827.6456284045507,1844.6357425465712,54.58279507907434,36.84396559791514,1942.0,8706175.3,False,False,True,False,1,-0.045829042224510785
2026-06-17,1853.0,1878.0,1841.5,1875.699951171875,7653632,1832.2222305728674,1845.8539468063873,58.556703181295234,36.81939662663548,1915.300048828125,8555950.5,False,False,True,False,1,-0.020675662635981862
2026-06-18,1878.800048828125,1878.800048828125,1861.800048828125,1874.800048828125,4262944,1836.2772608828918,1846.989088062142,58.33877676434753,35.403725439018665,1915.300048828125,8649695.0,False,False,True,False,1,-0.021145511913279513
2026-06-19,1874.300048828125,1917.5,1867.199951171875,1910.800048828125,15918432,1843.3746692586283,1849.4914786804159,64.09548394909888,36.46774853824054,1896.5999755859373,8541891.5,False,True,True,True,2,0.007487120861003227
2026-06-22,1915.800048828125,1924.5,1901.0,1916.5999755859373,3798060,1850.348507956467,1852.1231844414167,64.93611768360066,35.54148078550908,1917.5,9082857.1,False,False,True,False,1,-0.00046937387956336174
2026-06-23,1907.5999755859373,1927.699951171875,1896.699951171875,1901.5999755859373,5155908,1855.2296001116547,1854.0634507608097,60.96088604136059,35.21708930082986,1924.5,8977568.05,True,False,True,False,1,-0.011899207281923951
2026-06-24,1891.199951171875,1894.0999755859373,1872.9000244140625,1877.300048828125,8957457,1857.3315476084615,1854.9746899007046,55.078462168488386,34.75157943447593,1927.699951171875,8945211.75,True,False,True,True,2,-0.026145097069235956
2026-06-25,1885.0,1889.0,1848.0,1850.699951171875,8521503,1856.6999669954532,1854.8070530878094,49.45297175172698,35.19789518915622,1927.699951171875,8960426.85,True,False,False,False,0,-0.039943975696627776
2026-06-26,1850.699951171875,1850.699951171875,1850.699951171875,1850.699951171875,0,1856.128536917017,1854.6459902675767,49.45297175172697,32.6837598185022,1927.699951171875,9386502.0,True,False,False,False,0,-0.039943975696627776
2026-06-29,1837.0999755859373,1849.800048828125,1833.0999755859373,1841.0999755859373,10940130,1854.697245361676,1854.1147740055517,47.42553602276797,31.606346659033314,1927.699951171875,6742188.8,True,False,False,True,1,-0.04492399117056178
2026-06-30,1853.0,1876.5999755859373,1843.199951171875,1852.0,7233634,1854.4403648510402,1854.0318416916084,49.93527503358723,31.884464754816648,1927.699951171875,6969612.5,True,False,False,True,1,-0.03926957155643229
2026-07-01,1845.5999755859373,1887.0,1845.5999755859373,1871.0,4307333,1856.0174729604648,1854.6972596644864,54.05268976645248,32.56414758761994,1927.699951171875,6791729.5,True,False,True,False,1,-0.02941326586505666
2026-07-02,1860.800048828125,1883.800048828125,1850.199951171875,1875.0,5282404,1857.8253326785157,1855.4934455599969,54.893737597736354,32.63814402109352,1927.699951171875,6715478.0,True,False,True,False,1,-0.02733825414055646
2026-07-03,1890.0,1913.0,1885.0,1910.4000244140625,5087043,1862.8324461771392,1857.6466447307446,61.593949063084395,33.02113373387255,1927.699951171875,6642810.25,True,False,True,False,1,-0.008974387713863718
2026-07-06,1916.800048828125,1932.699951171875,1915.5999755859373,1925.699951171875,2740217,1868.8198276052092,1860.3154018460832,64.07758356573115,32.25533323558255,1927.699951171875,6700826.65,True,False,True,False,1,-0.0010375058622500433
2026-07-07,1923.5,1956.5,1917.0,1925.800048828125,5767438,1874.246515340725,1862.883427217928,64.09394325249676,32.77280943304094,1932.699951171875,6521591.55,True,False,True,False,1,-0.0035700846060281455
2026-07-08,1911.0,1924.199951171875,1875.0999755859373,1888.0999755859373,6188780,1875.5658925069358,1863.872311467654,54.100528401878414,34.053328276551426,1956.5,6291089.7,True,False,True,False,1,-0.03496040092719788
2026-07-09,1902.0,1966.0,1898.800048828125,1931.0999755859373,11145066,1880.854852800174,1866.508690452685,61.478130459569584,37.18523514351652,1956.5,6200560.6,True,False,True,True,2,-0.012982378949175977
2026-07-10,1930.0,1930.0,1906.0,1920.4000244140625,6420887,1884.6210596205444,1868.6220760982292,58.93942981175439,36.32200231797515,1966.0,6506777.35,True,False,True,False,1,-0.023194290735471745
2026-07-13,1914.0,1917.0,1896.699951171875,1901.800048828125,7862506,1886.2571538307902,1869.9231730680292,54.710081393784876,35.42043595541889,1966.0,6532293.85,True,False,True,True,2,-0.032655112498410466
2026-07-14,1885.0,1941.0999755859373,1885.0,1936.5,6964062,1891.0421867992864,1872.5340290261458,60.416721324058194,36.897545929027345,1966.0,6660055.3,True,False,True,True,2,-0.015005086469989881
2026-07-15,1953.699951171875,1953.699951171875,1916.5999755859373,1918.300048828125,5763065,1893.638173659176,1874.3287749007332,56.402482622899264,36.912005190235234,1966.0,6710371.8,True,False,True,False,1,-0.024262437015195815
2026-07-16,1928.0,1936.0,1917.0,1921.800048828125,4644787,1896.3202570085996,1876.1903934861211,56.99425544542404,35.63257624807557,1966.0,6615843.45,True,False,True,False,1,-0.022482172518756394
2026-07-17,1918.0,1925.199951171875,1902.699951171875,1908.800048828125,4715613,1897.5088086104593,1877.469203499533,54.059157996268155,34.69453508749874,1966.0,6634935.6,True,False,True,False,1,-0.029094583505531513
2026-07-20,1901.199951171875,1942.5,1901.199951171875,1940.0999755859373,6437294,1901.5651102271715,1879.925312208804,59.47096561236951,35.16635749754348,1966.0,6074794.65,True,False,True,True,2,-0.013173969691791854
2026-07-21,1946.4000244140625,1952.0,1938.699951171875,1948.4000244140625,5061312,1906.0255782449708,1882.6105950403828,60.79001801978817,33.60447830687073,1966.0,6206756.35,True,False,True,False,1,-0.008952174763956045
2026-07-22,1942.4000244140625,1956.0,1939.5,1949.0,6589708,1910.1183803168785,1885.2141011172307,60.889108315917476,32.38272985637997,1966.0,6202026.55,True,False,True,True,2,-0.008646998982706045
2026-07-23,1948.0,1948.9000244140625,1925.800048828125,1931.0,5612121,1912.1071060009854,1887.009626563614,56.292782471565495,31.726817093201042,1966.0,6083639.1,True,False,True,False,1,-0.017802644964394765
2026-07-24,1900.199951171875,1905.0,1878.0,1898.199951171875,4483600,1910.7826150648798,1887.4484628227615,49.02975645799538,33.246330157972395,1966.0,5938170.0,True,False,False,False,0,-0.03448629136730674
2026-07-27,1892.0,1917.0,1890.0,1905.300048828125,5230299,1910.2604658994744,1888.14852501905,50.518042042249355,32.800163718117226,1966.0,6162350.0,True,False,True,False,1,-0.030874848001971045
2026-07-28,1901.0,1908.4000244140625,1892.4000244140625,1901.800048828125,6309089,1909.4547118926791,1888.6838788939158,49.74691816089536,31.600152023965997,1966.0,5876858.45,True,False,False,True,1,-0.032655112498410466
2026-07-29,1915.199951171875,1957.0,1913.0999755859373,1950.199951171875,6315728,1913.3352108716504,1891.0962738852083,59.05464114489639,33.28585196310235,1966.0,5830631.2,True,False,True,True,2,-0.008036647420206045
2026-07-30,1954.0,1963.199951171875,1943.9000244140625,1956.800048828125,5356472,1917.4747192484574,1893.6728925104208,60.13886988612695,32.28685730558165,1966.0,5931050.95,True,False,True,False,1,-0.004679527554361629
2026-07-31,1969.0,1976.4000244140625,1947.4000244140625,1972.0,6529385,1922.6676031295567,1896.744543784522,62.59537702257575,32.05208178375439,1966.0,5934754.35,True,True,True,True,2,0.003051881993896277
2026-08-03,1987.4000244140625,1987.4000244140625,1943.0,1970.5,4361200,1927.2230694981704,1899.6369146165016,62.1880817836412,32.934077685919256,1976.4000244140625,6006871.45,True,False,True,False,1,-0.002985237978739508
2026-08-04,1980.0,1980.0,1936.0,1970.0999755859373,4977391,1931.3065843636718,1902.4001719094208,62.07208569788798,33.724500708353595,1987.4000244140625,6087920.6,True,False,True,False,1,-0.008704864957031377
2026-08-05,2020.0,2031.0,1951.800048828125,1978.0,14286999,1935.7535763290364,1905.3648710502277,63.51927791536771,36.9727471700337,1987.4000244140625,6048418.25,True,False,True,True,2,-0.0047298099519919035
2026-08-06,1969.0,1970.0,1944.300048828125,1948.0,5391645,1936.9199023929377,1907.0368368913955,54.94542038785641,36.738976027308084,2031.0,6453329.2,True,False,True,False,1,-0.04086656819300838
2026-08-07,1938.300048828125,1961.0,1938.300048828125,1959.9000244140625,3019876,1939.1084854425687,1909.109903068755,57.401681045771866,35.73618853763429,2031.0,6165658.15,True,False,True,False,1,-0.03500737350366201
2026-08-10,1955.0,1959.0,1935.0,1943.0,3671000,1939.4791058766098,1910.4389264778235,52.98390555700989,34.96217681452202,2031.0,5995607.6,True,False,True,False,1,-0.04332840965041851
2026-08-11,1934.800048828125,1938.300048828125,1914.4000244140625,1915.199951171875,6798617,1937.1668054285396,1910.6256333285708,46.62682411130122,34.507733869623124,2031.0,5786032.3,True,False,False,True,1,-0.05701627219503935
2026-08-12,1908.5999755859373,1945.0,1901.300048828125,1945.0,10871157,1937.9128239591548,1911.9736477078425,53.12000451337861,35.16432081978397,2031.0,5777760.05,True,False,True,True,2,-0.04234367306745446
2026-08-13,1965.0,1970.0,1930.5,1939.0999755859373,13019222,1938.0258860188483,1913.0374252716895,51.77695372736905,35.474012189799396,2031.0,6033164.65,True,False,True,True,2,-0.04524865800790878
2026-08-14,1939.0999755859373,2005.800048828125,1932.0,1992.0999755859373,12282580,1943.175799310952,1916.1379174408758,61.25391144615613,38.21158623539408,2031.0,6451886.4,True,False,True,True,2,-0.019153138559361294
2026-08-17,1984.199951171875,1993.199951171875,1969.300048828125,1969.300048828125,5537411,1945.6638230744925,1918.2227069070423,56.142419378105046,37.189323100276646,2031.0,6830234.75,True,False,True,False,1,-0.03037909954302065
2026-08-18,1956.699951171875,1959.699951171875,1923.199951171875,1934.199951171875,6710275,1944.5720257504336,1918.8492655056632,49.3191984866206,37.825806997131885,2031.0,6785240.6,True,False,False,False,0,-0.04766127465688086
2026-08-19,1924.800048828125,1941.800048828125,1922.0,1922.0,6252338,1942.422309012297,1918.9728237211275,47.173206217361084,36.53825284220282,2031.0,6867688.75,True,False,False,False,0,-0.053668143771541166
2026-08-20,1944.0,1952.199951171875,1933.0,1941.699951171875,4390604,1942.353513027495,1919.8640836211569,50.88924704112302,36.08551700860798,2031.0,6850820.25,True,False,True,False,1,-0.04396851247076561
2026-08-21,1950.0,1954.9000244140625,1940.5,1946.0,3016258,1942.7007975010667,1920.8890215183665,51.688111606081925,34.536553251854734,2031.0,6789744.4,True,False,True,False,1,-0.04185130477597243
2026-08-24,1950.0,1952.5,1932.5,1935.0,2277098,1941.9673882152508,1921.4423932235286,49.471177455805815,33.4982280195794,2031.0,6716377.3,True,False,False,False,0,-0.04726735598227472
2026-08-25,1926.0,1947.0,1923.4000244140625,1947.0,3820206,1942.446684575703,1922.444652312802,51.895131616595584,32.79120998860498,2031.0,6568717.25,True,False,True,False,1,-0.041358936484490405
2026-08-26,1933.5,1942.9000244140625,1902.0999755859373,1902.0999755859373,4552921,1938.6041408623921,1921.6468218529249,43.4887003232249,33.65612530470911,2031.0,6444273.1,True,False,False,False,0,-0.06346628479274385
2026-08-27,1915.0,1915.0,1878.300048828125,1878.300048828125,8757645,1932.8608940019858,1919.946948400972,39.807699945803186,33.8735414380781,2031.0,6356132.75,True,False,False,True,1,-0.07518461406788524
2026-08-28,1875.699951171875,1894.300048828125,1867.5999755859373,1882.4000244140625,6106300,1928.055096898374,1918.4745200093284,40.73828058876907,33.36115085265736,2031.0,6526191.4,True,False,False,False,0,-0.07316591609351919
2026-08-31,1880.0,1895.5,1811.9000244140625,1811.9000244140625,16921326,1916.992709042725,1914.2951280252003,31.671157012805054,36.94963833360594,2031.0,6505037.15,True,False,False,True,1,-0.10787788064300219
2026-09-01,1852.0,1877.199951171875,1848.5,1877.199951171875,9900740,1913.2029225788347,1912.840415207423,44.084934070966526,38.974658935334986,2031.0,7133043.45,True,False,False,True,1,-0.07572626727135645
2026-09-02,1869.0,1873.0,1854.9000244140625,1862.800048828125,4125938,1908.4026488882907,1910.8780478984309,42.26155533066299,37.78360663694052,2031.0,7379210.9,False,False,False,False,0,-0.0828163225858567
2026-09-03,1855.5999755859373,1869.0,1855.5999755859373,1869.0,3700992,1904.6500156608345,1909.235771510257,43.34801897394111,36.04192219244925,2005.800048828125,6871157.85,False,False,False,False,0,-0.06820223626380384
2026-09-04,1868.0999755859373,1870.699951171875,1840.0,1840.0,3614328,1898.4928713121835,1906.5206432157374,39.5949675073841,35.660352833836804,2005.800048828125,6786625.2,False,False,False,False,0,-0.08266030750422637
2026-09-07,1845.0,1855.5,1830.4000244140625,1854.0,5972458,1894.2554549967376,1904.4610101484536,42.19681453368291,34.906040173272565,2005.800048828125,6816347.8,False,False,False,False,0,-0.07568054897436716
2026-09-08,1846.199951171875,1848.800048828125,1829.0,1844.0,4169706,1889.4692211875247,1902.089990142632,40.84353170129701,34.19846587518167,2005.800048828125,6931420.7,False,False,False,False,0,-0.0806660907814094
2026-09-09,1830.5,1834.800048828125,1813.0,1814.699951171875,5574027,1882.3483383288915,1898.6629297908376,37.09016734281417,33.970004026954406,2005.800048828125,6799975.15,False,False,False,False,0,-0.0952737526195091
2026-09-10,1815.0999755859373,1849.0,1814.0,1839.0,4588126,1878.2199251547113,1896.3232070539418,41.861957410297215,34.04357516788623,2005.800048828125,6535118.65,False,False,False,False,0,-0.08315886168493059
2026-09-11,1832.0,1852.0,1830.5,1831.0999755859373,4181325,1873.7323109100662,1893.7654332708828,40.77901466265759,33.14760551303722,2005.800048828125,6113563.85,False,False,False,False,0,-0.08709745188422702
2026-09-14,1831.0999755859373,1831.0999755859373,1831.0999755859373,1831.0999755859373,0,1869.6720884982444,1891.3079643420615,40.77901466265759,30.779919404963135,1993.199951171875,5708501.1,False,False,False,False,0,-0.0813264998780645
2026-09-15,1844.0,1844.0,1819.5999755859373,1830.4000244140625,4066471,1865.9318919187986,1888.9194176782185,40.67090153205027,30.324212619898823,1959.699951171875,5431630.55,False,False,False,False,0,-0.0659794509258893
2026-09-16,1835.800048828125,1838.0,1818.5999755859373,1835.0,2925053,1862.9859974503415,1886.8049307104452,41.76362066361222,29.543913462339106,1954.9000244140625,5299440.35,False,False,False,False,0,-0.061333072237287345
2026-09-17,1841.800048828125,1845.9000244140625,1827.5999755859373,1836.0,4362798,1860.4159024550709,1884.8125804865062,42.01365272796721,28.74078027418097,1954.9000244140625,5133076.1,False,False,False,False,0,-0.06082153712678995
