Date,Open,High,Low,Close,Volume,EMA20,EMA50,RSI14,ATR14,Prev20High,AvgVolume20,TrendPass,BreakoutPass,RSIPass,VolumePass,ConfirmationScore,BreakoutStrength
2020-01-01,810.0,814.0,791.25,805.0,38108,805.0,805.0,,22.75,,,False,False,False,False,0,
2020-01-02,804.0,832.0,800.0999755859375,820.0,173072,806.4285714285714,805.5882352941177,,23.403573172433035,,,True,False,False,False,0,
2020-01-03,820.0,830.0,801.0,803.75,157209,806.1734693877551,805.5161476355248,92.3076923076923,23.803317945830678,,,True,False,True,False,1,
2020-01-06,803.75,805.4000244140625,781.2999877929688,788.9500122070312,107552,804.533140132448,804.86649526578,85.83182876585872,23.824512136920898,,,False,False,True,False,1,
2020-01-07,790.0,803.9500122070312,780.0,794.75,118028,803.6014125007863,804.4697699612396,86.23925787748189,23.833476427643067,,,False,False,True,False,1,
2020-01-08,795.0,822.4000244140625,784.4000244140625,805.5999755859375,151215,803.7917518422292,804.5140917504435,86.99280149035425,24.845370968525707,,,False,False,True,False,1,
2020-01-09,810.0,823.1500244140625,799.0,802.6500244140625,310890,803.6830158966895,804.4409910705855,85.61998516526484,24.795703357492624,,,False,False,True,False,1,
2020-01-10,805.5499877929688,819.9000244140625,801.6500244140625,805.5,160274,803.8560620017666,804.4825208325234,85.85227316774505,24.32815311767172,,,False,False,True,False,1,
2020-01-13,810.0,815.0,802.5499877929688,811.3499755859375,339494,804.5697680574019,804.7518327836377,86.34004239100646,23.4797144811974,,,False,False,True,False,1,
2020-01-14,818.7000122070312,859.0,818.1500244140625,833.5999755859375,449232,807.3345497267862,805.883132501375,88.03036390993606,25.206165190687766,,,True,False,True,False,1,
2020-01-15,834.9500122070312,853.0,826.7999877929688,833.8499755859375,152454,809.8598283800387,806.9798714458677,88.04825949085553,25.27715426328373,,,True,False,True,False,1,
2020-01-16,835.5,877.0,835.5,860.2000122070312,307698,814.6541316016571,809.0669357894428,89.78224763878288,26.553787845482216,,,True,False,True,False,1,
2020-01-17,860.0,884.0499877929688,853.7000122070312,867.3499755859375,126603,819.6727834096838,811.352545193227,90.19781840675871,26.824944112657594,,,True,False,True,False,1,
2020-01-20,872.4500122070312,877.0499877929688,850.0499877929688,854.7999877929688,133363,823.0182314461872,813.0563664716483,83.75846174826648,26.837448104610623,,,True,False,True,False,1,
2020-01-21,855.0,860.3499755859375,835.25,852.0,237195,825.7783998798836,814.5835677864856,82.34596873711081,26.7133429247054,,,True,False,True,False,1,
2020-01-22,855.8499755859375,870.0,840.0,846.5499877929688,85845,827.7566463477965,815.837152884779,79.53446290998335,26.948104144369303,,,True,False,True,False,1,
2020-01-23,848.0,866.9500122070312,848.0,856.7999877929688,87885,830.5226788663844,817.4435385674532,80.85816794325325,26.480384163633104,,,True,False,True,False,1,
2020-01-24,858.5499877929688,872.0,847.5999755859375,865.9500122070312,130022,833.8967106131126,819.3457532199857,81.97873151854382,26.331787038663776,,,True,False,True,False,1,
2020-01-27,865.9500122070312,873.0,856.5499877929688,861.0999755859375,60336,836.4874977533817,820.983173704925,79.32787472063656,25.625945979261452,,,True,False,True,False,1,
2020-01-28,861.2999877929688,866.7999877929688,850.0,860.0499877929688,48042,838.7315444238186,822.5152056299464,78.73430330622168,24.995520394526263,,,True,False,True,False,1,
2020-01-29,865.0,919.0,860.0499877929688,886.6500244140625,207527,843.2952091847942,825.0302965626569,82.33952659234178,27.420841238276623,884.0499877929688,168725.85,True,True,True,True,2,0.002941051588705612
2020-01-30,892.0,898.0,872.0,877.7999877929688,83415,846.5813785760489,827.0996962187476,77.62434915256085,27.319352578399723,919.0,177196.8,True,False,True,False,1,-0.044831351694266885
2020-01-31,885.0,895.5,871.4500122070312,873.5499877929688,162129,849.1498175490889,828.9212762804818,75.39159377076936,27.085826522297513,919.0,172713.95,True,False,True,False,1,-0.049455943642036204
2020-02-03,850.0,870.9000244140625,844.4500122070312,853.0,165834,849.5165015920328,829.8655399557571,65.57051706662267,27.229694312557513,919.0,172959.95,True,False,True,False,1,-0.07181719260065289
2020-02-04,855.4000244140625,898.7000122070312,855.4000244140625,876.1500244140625,154422,852.0530275750832,831.6806177776514,70.26911781051261,28.54900273359135,919.0,175874.05,True,False,True,False,1,-0.04662674166043257
2020-02-05,876.2000122070312,904.75,875.0999755859375,885.25,211842,855.2146439965039,833.7813778648024,71.89289916976236,28.62764713933929,919.0,177693.75,True,False,True,True,2,-0.03672470076169754
2020-02-06,887.9000244140625,899.0,880.0,892.2999877929688,120458,858.7465815009292,836.0762253129658,73.11784438999254,27.939958057957917,919.0,180725.1,True,False,True,False,1,-0.029053332107759844
2020-02-07,882.0999755859375,904.0,881.8499755859375,888.2999877929688,238750,861.5611916239806,838.1242159984561,71.22128379385838,27.526391369108246,919.0,171203.5,True,False,True,True,2,-0.03340588923507204
2020-02-10,886.0,916.4000244140624,885.0499877929688,902.2999877929688,126802,865.441076973408,840.6409129315742,73.78433321218176,27.799508887107205,919.0,175127.3,True,False,True,False,1,-0.018171939289479022
2020-02-11,908.0,908.1500244140624,883.0,898.1500244140625,128276,868.5562148248989,842.8961722053973,71.74458937474228,27.610259996175433,919.0,164492.7,True,False,True,False,1,-0.02268767746021494
2020-02-12,900.0,900.0,888.25,891.5499877929688,165679,870.7460979647151,844.8041649735374,68.50121906015175,26.477384282162905,919.0,148444.9,True,False,True,True,2,-0.02986943656913088
2020-02-13,890.0,897.0,871.25,874.3499755859375,91466,871.0893244048316,845.9628242132394,60.78868294972789,26.425428262008413,919.0,149106.15,True,False,True,False,1,-0.04858544549952393
2020-02-14,875.0,878.0999755859375,850.0499877929688,852.7999877929688,95605,869.3474828227494,846.2309482751896,52.771828333712456,26.541468228505583,919.0,138294.55,True,False,True,False,1,-0.07203483373996866
2020-02-17,864.0,873.0499877929688,855.0999755859375,864.7999877929688,35847,868.9143880580084,846.9591459033378,56.233175883304554,26.092077640755186,919.0,136744.65,True,False,True,False,1,-0.058977162358031854
2020-02-18,860.0,861.7000122070312,837.0,840.0999755859375,77193,866.1701582987636,846.6901588320673,48.37431643545106,26.214071223056155,919.0,131868.85,True,False,False,False,0,-0.08585421590213549
2020-02-19,850.0999755859375,890.5999755859375,850.0999755859375,867.7000122070312,153192,866.3158586709795,847.5140746506933,55.80658868645562,27.94878042140929,919.0,123868.75,True,False,True,True,2,-0.055821531874829966
2020-02-20,869.4000244140625,888.7999877929688,862.2999877929688,869.0499877929688,172893,866.5762519206928,848.3586202641158,56.13919716152637,27.84529610559434,919.0,127236.1,True,False,True,True,2,-0.054352570410262535
2020-02-24,869.0,869.9000244140625,828.75,837.9500122070312,64573,863.8499433765346,847.9504395559948,47.306121598229026,28.795633841913492,919.0,131486.5,True,False,False,False,0,-0.0881936755092152
2020-02-25,842.4500122070312,849.7000122070312,810.5499877929688,815.6500244140625,157696,859.2594749039182,846.6837566092523,42.181129359127794,29.535233168495562,919.0,128214.05,True,False,False,True,1,-0.11245916821103097
2020-02-26,805.0,825.0,800.0,802.2999877929688,100626,853.8347618457326,844.9432166556726,39.42730951246573,29.21128794217445,919.0,133082.05,True,False,False,False,0,-0.12698586747228646
2020-02-27,801.0,812.5499877929688,794.4500122070312,799.0,133490,848.6124035747105,843.141521884862,38.7537962782679,28.417622773871813,919.0,135711.25,True,False,False,False,0,-0.13057671381936886
2020-02-28,790.0,799.0,765.0,782.0999755859375,139239,842.2778866233988,840.7477357554924,35.41706493166396,28.81636400430954,916.4000244140624,132009.4,True,False,False,True,1,-0.146551773516151
2020-03-02,799.0,808.8499755859375,751.0,763.3499755859375,125568,834.7609427150691,837.7125294743335,32.113428221871104,30.890193402997255,916.4000244140624,134800.6,False,False,False,False,0,-0.16701227057035894
2020-03-03,778.5999755859375,778.5999755859375,740.2999877929688,750.7000122070312,117185,826.7551398095417,834.3002738952237,30.07516435971489,31.419464430852365,916.4000244140624,132972.55,False,False,False,False,0,-0.1808162459543562
2020-03-04,757.5499877929688,763.1500244140625,711.7999877929688,728.8499755859375,43542,817.4308384549128,830.1649680791733,26.89929770174946,32.843076730155325,916.4000244140624,130540.1,False,False,False,False,0,-0.20465958515010152
2020-03-05,730.25,749.0,723.0499877929688,745.75,168093,810.6040919353973,826.8545771741077,32.809245120597964,32.3507149785036,916.4000244140624,124996.1,False,False,False,True,1,-0.18621783049730323
2020-03-06,720.0,749.9500122070312,712.0499877929688,744.7000122070312,84204,804.3275129136481,823.63282952834,32.63272387021878,32.74709422390067,916.4000244140624,122808.65,False,False,False,False,0,-0.1873636050117028
2020-03-09,741.5,752.5999755859375,704.7999877929688,744.4000244140625,155524,798.6201330565448,820.5256607003291,32.57879271047999,33.822300907405534,916.4000244140624,120995.95,False,False,False,True,1,-0.187690959643934
2020-03-11,744.4000244140625,759.1500244140625,720.2000122070312,726.8499755859375,62211,791.7848799641059,816.8521044213335,29.506493784982794,34.188566000235944,916.4000244140624,116834.65,False,False,False,False,0,-0.20684203816921698
2020-03-12,690.2000122070312,714.7000122070312,608.8499755859375,637.8499755859375,321374,777.1244128804708,809.8324130944553,19.475964994980686,40.17509700021909,908.1500244140624,113605.1,False,False,False,True,1,-0.2976381011524194
2020-03-13,542.0,669.9500122070312,542.0,623.5999755859375,408495,762.5030379000391,802.529180250984,18.39757383656361,46.44473380070568,900.0,123260.0,False,False,False,True,1,-0.3071111382378472
2020-03-16,610.0,644.7999877929688,575.0,584.5999755859375,198930,745.5598891082199,793.9829369307862,15.816389041374364,48.11296622872447,897.0,135400.8,False,False,False,True,1,-0.3482720450546962
2020-03-17,585.2000122070312,611.9500122070312,538.3499755859375,547.5999755859375,124677,726.7065640108597,784.320860015302,13.833444069039558,49.93347125675085,890.5999755859375,140774.0,False,False,False,False,0,-0.3851336283434499
2020-03-18,548.0499877929688,582.5999755859375,520.0499877929688,525.8499755859375,665817,707.577365113248,774.1847469004249,12.816244151376452,50.83465100933785,890.5999755859375,142227.6,False,False,False,True,1,-0.4095553671669777
2020-03-19,505.0,519.4000244140625,484.4500122070313,487.5499877929688,282077,686.6223767970309,762.9441681118973,11.24780449491692,50.1607447500213,890.5999755859375,173726.1,False,False,False,True,1,-0.4525600705611931
2020-03-20,488.1000061035156,520.0,488.1000061035156,511.1000061035156,198998,669.9059605405057,753.0679264645097,17.900885513239203,48.895692425522014,890.5999755859375,183970.3,False,False,False,True,1,-0.42611720175799894
2020-03-23,488.0,505.0,408.8999938964844,408.8999938964844,293457,645.0482494315512,739.5711447951754,13.256589464226423,52.703143838486966,888.7999877929688,186260.6,False,False,False,True,1,-0.5399414946979828
2020-03-24,412.0,449.75,402.7000122070313,432.3500061035156,461050,624.7912738765002,727.5232570033456,18.48262519692689,52.29934697809281,869.9000244140625,192288.8,False,False,False,True,1,-0.5029888562254805
2020-03-25,410.0,453.0,410.0,442.2999877929688,99423,607.4111513923543,716.3380307598015,20.666640214236793,51.63510790822903,849.7000122070312,212112.65,False,False,False,False,0,-0.4794633618468144
2020-03-26,448.0,486.5,439.9500122070313,486.5,113888,595.8958036407016,707.3247746515741,29.679675887934835,51.2718850428533,825.0,209199.0,False,False,False,False,0,-0.4103030303030303
2020-03-27,525.0,535.1500244140625,489.1000061035156,503.75,138704,587.1200128177777,699.3414501554339,32.884396235131234,51.084609283653954,812.5499877929688,209862.1,False,False,False,False,0,-0.38003814218461174
2020-03-30,503.75,540.0,455.5,499.8999938964844,114821,578.8133443490832,691.5202165766516,32.528088850383384,53.4714229062501,808.8499755859375,210122.8,False,False,False,False,0,-0.3819620337697943
2020-03-31,549.7000122070312,549.7000122070312,476.0499877929688,490.6000061035156,422464,570.4120740399816,683.6409926365286,31.636371410715412,54.91275158537955,808.8499755859375,208901.9,False,False,False,True,1,-0.39345982455136874
2020-04-01,490.0,500.7999877929688,452.1000061035156,457.3999938964844,52304,559.64901878822,674.7687966075073,28.620037230346654,54.468982307099104,778.5999755859375,223746.7,False,False,False,False,0,-0.4125353092231132
2020-04-03,460.0499877929688,468.5,415.5499877929688,422.2999877929688,136297,546.5681586934342,664.8680590069372,25.817446346275872,54.36048444280854,763.1500244140625,220502.65,False,False,False,False,0,-0.44663568854996016
2020-04-07,428.25,464.5,428.25,463.8500061035156,386396,538.6902393991562,656.9849981087639,34.05031096080367,53.49187928311016,759.1500244140625,225140.4,False,False,False,True,1,-0.3889876952035526
2020-04-08,463.8500061035156,503.0,455.1499938964844,462.9500122070313,69189,531.4768844284777,649.3757829753627,33.962388376170466,53.08888834171055,759.1500244140625,236055.55,False,False,False,False,0,-0.3901732235807386
2020-04-09,479.7999877929688,488.1499938964844,465.0499877929688,480.9500122070313,161712,526.6648013597685,642.7708507883692,37.44161347317349,51.09682358083502,759.1500244140625,235304.8,False,False,False,False,0,-0.3664624952383494
2020-04-13,481.1000061035156,509.0,472.3500061035156,494.75,215684,523.625296468362,636.9661115417665,40.04942041013245,50.06490717480998,759.1500244140625,235614.2,False,False,False,False,0,-0.34828428625571783
2020-04-15,506.3999938964844,560.0,506.25,536.75,410479,524.8752682332798,633.0360679518933,47.25584005504733,51.149556662323555,714.7000122070312,243287.85,False,False,False,True,1,-0.24898560118603086
2020-04-16,550.0,569.9000244140625,526.5499877929688,533.9000244140625,216108,525.7347688219259,629.1483799700176,46.84434946602511,50.59244808795,669.9500122070312,247743.1,False,False,False,False,0,-0.20307483441156493
2020-04-17,553.0,553.0,532.9000244140625,540.3499755859375,273639,527.1266932756413,625.6660896020145,47.94902132194625,48.41441433780625,644.7999877929688,238123.75,False,False,False,True,1,-0.16198823539768414
2020-04-20,546.0,555.0,538.1500244140625,540.0499877929688,261695,528.3574832296724,622.3085954134244,47.8991623166857,46.15981156981562,611.9500122070312,241859.2,False,False,False,True,1,-0.11749329680499743
2020-04-21,538.1500244140625,548.0,525.7000122070312,534.3499755859375,890819,528.9281967874119,618.8592377731309,46.901221238514765,44.45553844289799,582.5999755859375,248710.1,False,False,False,True,1,-0.08281840374516591
2020-04-22,540.0,545.25,523.7000122070312,525.2000122070312,62496,528.5731315892804,615.1863269666172,45.27071455089484,42.81942768218876,569.9000244140625,259960.2,False,False,False,False,0,-0.07843483118462602
2020-04-23,532.0,536.7999877929688,525.0,532.2000122070312,394686,528.9185487909709,611.9319616819275,46.79461770774756,40.603753404387334,569.9000244140625,248981.15,False,False,False,True,1,-0.06615197506929782
2020-04-24,530.0,533.6500244140625,521.0,521.4000244140625,76773,528.202498850313,608.3816896322073,44.72542028400051,38.607058476506985,569.9000244140625,258765.55,False,False,False,False,0,-0.0851026459419173
2020-04-27,523.0,545.9500122070312,523.0,534.3499755859375,121266,528.7879728251344,605.4784851598046,47.711112116564806,37.6029819991114,569.9000244140625,247931.35,False,False,False,False,0,-0.062379447806964805
2020-04-28,537.9500122070312,544.75,523.3499755859375,528.5,48128,528.7605468417883,602.4597210358907,46.48946798429229,36.44562788589362,569.9000244140625,230942.15,False,False,False,False,0,-0.0726443632927154
2020-04-29,520.2999877929688,544.2999877929688,517.7000122070312,521.3499755859375,408607,528.0547781507548,599.27894670452,44.97373640773554,35.742367007325335,569.9000244140625,228377.4,False,False,False,True,1,-0.08519046630686022
2020-04-30,525.5999755859375,531.7000122070312,520.0999755859375,521.6500244140625,149172,527.4448016044032,596.2346752421491,45.05469582945882,34.01791483688022,569.9000244140625,243113.35,False,False,False,False,0,-0.08466397250922708
2020-05-04,506.0,531.6500244140625,506.0,510.5499877929688,467343,525.8357717176,592.8744914206127,42.56000785962315,33.42020837810753,569.9000244140625,243636.75,False,False,False,True,1,-0.1041411371794797
2020-05-05,519.7000122070312,526.0,507.0,507.3999938964844,77666,524.0799833536843,589.5225503412352,41.85180071551957,32.39019349395699,569.9000244140625,261262.85,False,False,False,False,0,-0.10966841172157693
2020-05-06,505.2999877929688,521.4000244140625,505.2999877929688,513.5999755859375,51623,523.0818873758036,586.5451944684785,43.83289886276397,31.226610860181044,569.9000244140625,244022.95,False,False,False,False,0,-0.09878934272025941
2020-05-07,513.7999877929688,514.9500122070312,505.5,509.9500122070313,1042316,521.8312325978253,583.5414618307747,42.90612913230975,29.6711395278132,569.9000244140625,243988.9,False,False,False,True,1,-0.10519391057873395
2020-05-08,516.5,521.2999877929688,502.0,504.9500122070313,502554,520.2234973225115,580.459444198471,41.60829918426007,28.93034297532431,569.9000244140625,289289.85,False,False,False,True,1,-0.11396737923253986
2020-05-11,511.1000061035156,514.5,503.5,505.1000061035156,83930,518.7831648254643,577.504172116316,41.66530427733972,27.649604191372575,569.9000244140625,295097.75,False,False,False,False,0,-0.11370418588272635
2020-05-12,504.0,509.7000122070313,497.1499938964844,505.75,267829,517.5419110325629,574.6902830137154,41.92987129214761,26.571062342742174,569.9000244140625,295834.8,False,False,False,False,0,-0.11256364566753219
2020-05-13,516.7000122070312,520.75,505.5499877929688,508.7999877929688,296158,516.7093469145063,572.1063498678037,43.23092165910371,25.75884447590568,569.9000244140625,301140.65,False,False,False,False,0,-0.10721185120831178
2020-05-14,502.75,510.0,497.0499877929688,500.0499877929688,249876,515.1227412838837,569.2806101785945,40.432178180606456,24.843927885271786,569.9000244140625,305164.35,False,False,False,False,0,-0.12256542135247206
2020-05-15,503.0,503.6000061035156,497.0,500.3999938964844,163043,513.7205748660361,566.5794095400804,40.59784025056074,23.540790615146346,569.9000244140625,297134.2,False,False,False,False,0,-0.12195126783690513
2020-05-18,500.3999938964844,502.0,490.0,494.6000061035156,104799,511.89956831722463,563.7566878366857,38.67822561992454,22.71644842835018,555.0,294480.95,False,False,False,False,0,-0.10882881783150333
2020-05-19,497.0499877929688,500.0,488.0,491.6499938964844,103005,509.97103742001127,560.9289743488347,37.7017661245951,21.950987826325168,555.0,286038.95,False,False,False,False,0,-0.11414415514146958
2020-05-20,494.9500122070313,498.3999938964844,474.7999877929688,485.3500061035156,60512,507.62617729463074,557.965093241175,35.63286826166261,22.068774846124484,548.0,278104.45,False,False,False,False,0,-0.11432480638044595
2020-05-21,485.3500061035156,509.8999938964844,479.0,485.7999877929688,865893,505.5474925801867,555.1350891059512,35.903421055911096,22.699576206864474,545.9500122070312,236589.1,False,False,False,True,1,-0.1101749666986962
2020-05-22,490.0,494.0,479.0,486.4500122070313,764803,503.7286849256005,552.4415566785426,36.319821942634,22.149606477802728,545.9500122070312,276758.95,False,False,False,True,1,-0.10898433678839592
2020-05-26,508.8500061035156,525.4500122070312,490.0,507.2000122070313,1512876,504.059287523832,550.6673784639735,47.94527895841903,23.35320601510253,545.9500122070312,295264.8,False,False,False,True,1,-0.0709771941268964
2020-05-27,510.8500061035156,546.5499877929688,510.8500061035156,527.9500122070312,676257,506.33459463651764,549.7765013558582,56.49792373397357,24.495832413019308,545.9500122070312,367069.95,False,False,True,True,2,-0.03297005146539711
2020-05-28,532.0,575.0,530.0,560.9000244140625,562057,511.5313022343791,550.212717946376,66.03978167927839,26.106843511587126,546.5499877929688,394819.5,False,True,True,True,2,0.026255670920496854
2020-05-29,559.7999877929688,577.5,550.2999877929688,554.8499755859375,398188,515.6568901726228,550.3945711871431,63.29456054652312,26.184926989833137,575.0,420515.95,False,False,True,False,1,-0.035043520720108745
2020-06-01,565.0,581.0,555.0,561.7000122070312,262840,520.041949413995,550.837921815374,65.06527188854406,26.182433948706663,577.5,419995.0,False,False,True,False,1,-0.027359286221590895
2020-06-02,567.5,571.9500122070312,557.7999877929688,565.4500122070312,374543,524.3665268228556,551.410944967988,66.03136393780514,25.32297612480351,581.0,425678.4,False,False,True,False,1,-0.02676417864538516
2020-06-03,570.0,586.75,558.0499877929688,565.8499755859375,333755,528.3173314669586,551.9771814628095,66.13892017204653,25.564192987819776,581.0,421038.4,False,False,True,False,1,-0.026075773518179912
2020-06-04,560.0,577.3499755859375,552.0499877929688,562.5999755859375,126412,531.5823451925756,552.3937616245008,64.3557505593877,25.54532118818756,586.75,433842.85,False,False,True,False,1,-0.04115896789784834
2020-06-05,570.0499877929688,571.9500122070312,560.0499877929688,567.6500244140625,113928,535.0173622612887,552.9920464397778,65.89446259701509,24.570657132892915,586.75,437582.3,False,False,True,False,1,-0.03255215268161482
2020-06-08,570.0,578.0,561.5499877929688,567.0499877929688,203614,538.068088502401,553.5433382575501,65.5324769726464,23.99061106675994,586.75,391162.9,False,False,True,False,1,-0.03357479711466771
2020-06-09,560.0,572.0,560.0,564.7999877929688,89264,540.6139836729312,553.9847754942332,64.1102807314935,23.13413884770566,586.75,376215.9,False,False,True,False,1,-0.03740947968816577
2020-06-10,561.0,568.0,561.0,564.9500122070312,49621,542.9317006761788,554.414784777088,64.16612271673108,21.98170035858383,586.75,376482.6,False,False,True,False,1,-0.03715379257429696
2020-06-11,565.0,578.0499877929688,560.5499877929688,565.5,124543,545.0810625165427,554.8494990995551,64.38489926188696,21.66157890439927,586.75,365572.2,False,False,True,False,1,-0.036216446527481905
2020-06-12,550.5499877929688,569.0,550.5499877929688,564.3499755859375,186587,546.9161970945803,555.2220668049035,63.51172770991338,21.432181283158698,586.75,356991.45,False,False,True,False,1,-0.03817643700734985
2020-06-15,559.0,569.2000122070312,549.5,559.6500244140625,294212,548.1289425535787,555.3957122013411,59.93436920241575,21.308454920578164,586.75,353827.0,False,False,True,False,1,-0.046186579609608036
2020-06-16,575.0,582.25,563.0,567.4500122070312,354345,549.969044425336,555.868429848623,63.59882280705105,21.40070639667526,586.75,360385.45,False,False,True,False,1,-0.03289303415929912
2020-06-17,566.9500122070312,575.0,562.1500244140625,569.8499755859375,200116,551.8624664406314,556.4167257598903,64.66955707004034,20.789939910193993,586.75,372862.75,False,False,True,False,1,-0.02880276849435448
2020-06-18,570.2999877929688,584.0,565.0499877929688,574.3499755859375,269832,554.0041339782796,557.119990458951,66.65039760310395,20.658516502825226,586.75,377718.3,False,False,True,False,1,-0.02113340334735836
2020-06-19,575.0,605.7000122070312,574.3499755859375,599.6500244140625,633766,558.3513616388303,558.7878349277789,75.10228136742316,21.42219651127298,586.75,388184.3,False,True,True,True,2,0.021985555030357817
2020-06-22,600.0499877929688,604.5,585.2000122070312,591.75,377184,561.5321843398941,560.0804688521798,69.20449651093384,21.27061017425125,605.7000122070312,376577.95,True,False,True,True,2,-0.023031223255552846
2020-06-23,595.8499755859375,679.75,595.0,665.7000122070312,683680,571.45292985105,564.2224117288407,82.8116010540486,26.036995161804732,605.7000122070312,357197.0,True,True,True,True,2,0.09905893807294763
2020-06-24,662.0,719.0,659.7999877929688,689.4500122070312,570380,582.6907472182863,569.1332980221032,85.09016534583523,28.40578209360663,679.75,315737.2,True,True,True,True,2,0.014269970146423283
2020-06-25,670.2999877929688,720.0,670.2999877929688,708.9500122070312,311922,594.7154391219764,574.6163064215121,86.654457204363,29.926798530279815,719.0,310443.35,True,False,True,True,2,-0.013977729892863389
2020-06-26,710.0,715.7999877929688,691.0499877929688,700.0,162064,604.7425401579786,579.5333140128255,82.38225001461637,29.5570272066884,720.0,297936.6,True,False,True,False,1,-0.02777777777777779
2020-06-29,702.0,717.0,696.0,699.5999755859375,118639,613.776581627308,584.2418105451044,82.18721471740085,28.94581097763923,720.0,286130.4,True,False,True,False,1,-0.028333367241753504
2020-06-30,708.6500244140625,708.6500244140625,663.5,673.2999877929688,462820,619.445477452609,587.7342880842364,70.38849279185929,30.103254794526606,720.0,278920.35,True,False,True,True,2,-0.06486112806532118
2020-07-01,677.8499755859375,700.6500244140625,670.9000244140625,697.2999877929688,105960,626.8601927231194,592.0309821904611,74.04961988165259,30.078022309203277,720.0,283334.2,True,False,True,False,1,-0.03152779473198786
2020-07-02,700.0,708.5,685.0,703.6500244140625,67777,634.1735100270188,596.4081995325631,74.93272242059918,29.608163572831614,720.0,271944.45,True,False,True,False,1,-0.022708299424913148
2020-07-03,704.7999877929688,739.8499755859375,691.0999755859375,715.8499755859375,120117,641.9522210326301,601.0921907503425,76.58160979883874,30.975437603343643,720.0,269012.7,True,False,True,False,1,-0.0057639227973089735
2020-07-06,725.8499755859375,731.9500122070312,711.9500122070312,718.5999755859375,100349,649.2520071805641,605.7003391752678,76.94967116481213,30.191477774533382,739.8499755859375,269322.15,True,False,True,False,1,-0.028722039198785798
2020-07-07,720.4500122070312,725.0,691.5,719.8499755859375,83934,655.9756232191711,610.176795505098,77.12565543717051,30.42780079063814,739.8499755859375,264158.9,True,False,True,False,1,-0.02703250748121011
2020-07-08,718.0,724.9500122070312,701.0,710.6500244140625,65488,661.1827090472559,614.1169221289789,72.72477747867367,29.965101606094795,739.8499755859375,263892.4,True,False,True,False,1,-0.0394673949252341
2020-07-09,702.0999755859375,710.0,696.0,698.7000122070312,86971,664.7557855386631,617.4339060536083,67.34902481196602,28.87116752094963,739.8499755859375,264685.75,True,False,True,False,1,-0.055619334644590346
2020-07-10,708.0,719.0,693.0,699.3499755859375,98674,668.0504703050701,620.6463009372291,67.48978567881792,28.666084126596086,739.8499755859375,262807.15,True,False,True,False,1,-0.05474082764945054
2020-07-13,700.0,708.0,691.4000244140625,697.4500122070312,219488,670.8504266766855,623.6582111831036,66.58611441071984,27.804219230834757,739.8499755859375,258411.5,True,False,True,False,1,-0.05730886636216592
2020-07-14,695.0,700.0,681.2000122070312,698.75,97204,673.5075288979535,626.6029872151388,66.91256261588143,27.16105984241576,739.8499755859375,254675.3,True,False,True,False,1,-0.05555176987522048
2020-07-15,702.0,705.0,692.4000244140625,702.3499755859375,75829,676.2544285825235,629.573457347327,67.84931016244911,26.120982395524457,739.8499755859375,241818.25,True,False,True,False,1,-0.05068595152726907
2020-07-16,705.7999877929688,705.7999877929688,685.0,690.0,164074,677.5635306222831,631.9431256866475,61.42460729007776,25.740911352484765,739.8499755859375,235603.9,True,False,True,False,1,-0.06737849189824996
2020-07-17,692.0,711.7000122070312,690.0,707.0499877929688,87371,680.3717646385389,634.8884928280719,66.18516217455279,25.452275699238086,739.8499755859375,230316.0,True,False,True,False,1,-0.044333295769851455
2020-07-20,707.0499877929688,748.0,706.5,716.5999755859375,394197,683.822070443053,638.0928647009293,68.5279636662907,26.598541720721084,739.8499755859375,202996.25,True,False,True,True,2,-0.03142528994690674
2020-07-21,722.4000244140625,728.0,693.4500122070312,702.5999755859375,208248,685.610442361423,640.6225553238709,61.771404816644335,27.166502154453063,748.0,203846.9,True,False,True,True,2,-0.06069521980489634
2020-07-22,692.0,735.0,692.0,726.6500244140625,190439,689.5189739854839,643.9961815627018,67.6687074424058,28.297466286277846,748.0,180075.3,True,False,True,True,2,-0.02854274810954216
2020-07-23,730.0,753.0,712.25,720.4500122070312,157835,692.4647871494408,646.9943709997343,64.88962392592677,29.18693298011514,748.0,161078.25,True,False,True,False,1,-0.03683153448257859
2020-07-24,719.4500122070312,735.3499755859375,702.0,708.9500122070312,67961,694.034808583497,649.4240039882558,59.96993885702278,29.484293166245312,753.0,153373.9,True,False,True,False,1,-0.058499319778178904
2020-07-27,708.0,720.8499755859375,700.0,709.25,61377,695.4838744326878,651.7701214789124,60.05501635686822,28.867556196223326,753.0,148668.75,True,False,True,False,1,-0.058100929614873786
2020-07-28,715.0,729.0,710.5499877929688,723.0499877929688,64628,698.1092185622384,654.5654103539736,63.860187251349885,28.216302182207375,753.0,145805.65,True,False,True,False,1,-0.03977425259897904
2020-07-29,724.0,743.9500122070312,716.1500244140625,718.75,46730,700.0750072705966,657.0824530851903,61.882079160162554,28.186565440118905,753.0,125896.05,True,False,True,False,1,-0.04548472775564405
2020-07-30,724.0,751.0,719.5,748.2000122070312,145372,704.6583410740666,660.6556906978116,68.9711385102359,28.4768107658247,753.0,122934.55,True,False,True,True,2,-0.006374485780834993
2020-07-31,754.7000122070312,774.75,752.0,760.6500244140625,101022,709.9908823445425,664.5770371180568,71.39326429801154,28.339180553477846,753.0,126814.3,True,True,True,False,1,0.010159394972194535
2020-08-03,767.9000244140625,780.0,745.9500122070312,750.9000244140625,87053,713.8869911130681,667.9622523061354,66.98347300170853,28.747095356298622,774.75,125859.55,True,False,True,False,1,-0.03078409239875768
2020-08-04,754.0,794.7999877929688,754.0,783.5999755859375,170061,720.526322967627,672.4970649837746,73.00573306889613,29.82944307219917,780.0,125194.75,True,True,True,True,2,0.004615353315304382
2020-08-05,790.0,796.0,768.25,772.3499755859375,127804,725.4619089312756,676.4128653995458,68.38432035330862,29.680911424184945,794.7999877929688,129501.1,True,False,True,False,1,-0.028246115440151542
2020-08-06,778.8499755859375,809.0,772.0499877929688,787.7000122070312,198838,731.3893473384904,680.7770672351335,71.07483414989912,30.200132908673968,796.0,132616.9,True,False,True,True,2,-0.010427120342925589
2020-08-07,820.0,825.0,752.25,763.9000244140625,502560,734.4856022980687,684.0367910460718,62.2318755319597,33.23940912948297,809.0,138210.25,True,False,True,True,2,-0.05574780665752477
2020-08-10,793.9000244140625,793.9000244140625,770.0999755859375,780.0499877929688,161608,738.8250675832971,687.8020144479109,65.37957741142546,33.00802276309133,825.0,158404.55,True,False,True,True,2,-0.05448486328125002
2020-08-11,784.9500122070312,794.2000122070312,771.3499755859375,773.5,60225,742.1274420991735,691.1627197636792,63.083239508203754,32.282452324377225,825.0,155510.55,True,False,True,False,1,-0.06242424242424238
2020-08-12,778.5999755859375,790.0,775.9000244140625,787.7999877929688,121968,746.4772083557255,694.9524165491416,65.89926920798334,31.155134301207422,825.0,153661.6,True,False,True,False,1,-0.04509092388731062
2020-08-13,790.0,804.3499755859375,786.4000244140625,791.6500244140625,99170,750.7793813136624,698.744479602668,66.63715741651919,30.211906934826533,825.0,155968.55,True,False,True,False,1,-0.04042421283143938
2020-08-14,798.5999755859375,798.5999755859375,775.0,778.7999877929688,57273,753.4480105021677,701.8839112964052,61.8283361882749,29.739626124191602,825.0,152723.35,True,False,True,False,1,-0.05600001479640149
2020-08-17,787.0,795.0,757.2000122070312,763.8499755859375,71884,754.4386738434791,704.3139530332496,56.70161755458253,30.315366243389974,825.0,151218.45,True,False,True,False,1,-0.07412124171401513
2020-08-18,769.7999877929688,791.0,764.0,788.9000244140625,110108,757.7207072311537,707.6310538717129,62.33694527568684,30.089270398438014,825.0,135102.8,True,False,True,False,1,-0.043757546164772676
2020-08-19,794.0,794.0,777.0499877929688,780.7000122070312,45733,759.9092124669517,710.4965032181959,59.602299217040226,29.150751956194675,825.0,130195.8,True,False,True,False,1,-0.05369695490056814
2020-08-20,775.5,785.8499755859375,762.4500122070312,770.2000122070312,86978,760.8892886326736,712.8378172961895,56.2023711416829,28.739981343531216,825.0,122960.5,True,False,True,False,1,-0.06642422762784095
2020-08-21,777.0,787.9000244140625,771.1500244140625,774.25,102578,762.1617373343238,715.2461381865351,57.21613277890618,27.951412119495505,825.0,119417.65,True,False,True,False,1,-0.06151515151515152
2020-08-24,777.7999877929688,784.0,768.0,770.3499755859375,61619,762.9415695487633,717.4070729865116,55.87491161560407,27.097739825245824,825.0,121148.5,True,False,True,False,1,-0.06624245383522731
2020-08-25,770.0,770.3499755859375,750.9500122070312,752.75,275449,761.9709438774524,718.7930701242955,50.16048042706987,26.547898650507285,825.0,121160.6,True,False,True,True,2,-0.08757575757575753
2020-08-26,760.0,762.9500122070312,736.0,739.5499877929688,131323,759.8356147265492,719.6070668956161,46.33315831803016,26.576621047401854,825.0,131701.65,True,False,False,False,0,-0.10357577237215909
2020-08-27,740.0,760.0,738.0,740.2999877929688,92174,757.975078828113,720.4185539896299,46.582553502995715,26.24971954401601,825.0,135931.3,True,False,False,False,0,-0.10266668146306823
2020-08-28,742.0,756.0,739.0,749.5499877929688,85018,757.1726892057184,721.5609631583883,49.687964372169695,25.589025290872012,825.0,133271.4,True,False,False,False,0,-0.091454560250947
2020-08-31,749.5499877929688,756.9500122070312,732.7000122070312,749.75,193762,756.4657664242214,722.6664155835496,49.75598173079622,25.4933806272383,825.0,132471.2,True,False,False,True,1,-0.09121212121212119
2020-09-01,753.5,775.0,652.2999877929688,757.4500122070312,110601,756.5595041178224,724.0304781962352,52.42264257946514,32.43671145436637,825.0,137806.65,True,False,True,False,1,-0.08187877308238634
2020-09-02,745.1500244140625,771.0,745.1500244140625,768.6500244140625,87902,757.7109822412738,725.7802643224246,56.074485143466745,31.966230320907165,825.0,134833.65,True,False,True,False,1,-0.06830300071022732
2020-09-03,771.0,772.0,751.0499877929688,756.4500122070312,49218,757.5908898570602,726.9829995335857,51.4425676023783,31.179357598487456,825.0,132838.55,True,False,True,False,1,-0.08309089429450756
2020-09-04,750.0,759.7999877929688,741.0,744.5999755859375,41323,756.3536599264771,727.6738613395603,47.35118159062914,30.295116898093266,825.0,125357.55,True,False,False,False,0,-0.09745457504734845
2020-09-07,748.2999877929688,748.2999877929688,710.5,719.9500122070312,128584,752.8866458579585,727.3709652951474,40.19052610236069,30.83117910487009,804.3499755859375,102295.7,True,False,False,True,1,-0.10492940379270133
2020-09-08,720.0,720.0,695.0999755859375,700.25,125037,747.8736319667242,726.3073980286711,35.56199698799914,30.407525198383833,804.3499755859375,100644.5,True,False,False,True,1,-0.12942124541012723
2020-09-09,687.2000122070312,698.6500244140625,680.0,683.0,109920,741.6951908270362,724.6090686942133,32.078317599007946,29.681987684213563,804.3499755859375,103885.1,True,False,False,True,1,-0.15086713404515095
2020-09-10,689.0,715.0,689.0,710.5,208986,738.7242202720803,724.0557718826756,41.85695010302912,29.847559992484022,804.3499755859375,103282.7,True,False,False,True,1,-0.11667803622120021
2020-09-11,705.0,715.5,692.1500244140625,713.25,85276,736.2981040556917,723.6320161225707,42.74465861078776,29.383446820587842,798.5999755859375,108773.5,True,False,False,False,0,-0.10687450312444069
2020-09-14,720.0,744.7999877929688,712.25,731.4500122070312,149260,735.836381022486,723.9386042043143,48.363573120464274,29.60962831861505,795.0,110173.65,True,False,False,True,1,-0.07993709156348272
2020-09-15,755.0,784.4000244140625,745.4500122070312,768.0499877929688,226041,738.9043435720557,725.6684623842616,57.41448126728502,31.276798596359065,794.0,114042.45,True,False,True,True,2,-0.03268263502144997
2020-09-16,778.0,779.9500122070312,760.0,767.5999755859375,52105,741.6372609067112,727.3128354509939,57.28153418866361,30.46774242569279,794.0,119839.1,True,False,True,False,1,-0.03324940102526763
2020-09-17,771.4500122070312,797.0,770.0499877929688,792.75,189397,746.5051408203577,729.8789987666413,62.50680288698969,30.391476853433485,787.9000244140625,120157.7,True,True,True,True,2,0.006155572325999392
2020-09-18,797.0,807.7999877929688,761.5,768.9500122070312,340095,748.6427476190886,731.4111953721467,55.57855754000617,31.527799063400288,797.0,125278.65,True,False,True,True,2,-0.035194463981140234
2020-09-21,774.0,789.0499877929688,751.1500244140625,756.4000244140625,127270,749.3815358852765,732.3911494522218,52.28743136434189,31.982953657365,807.7999877929688,137154.5,True,False,True,False,1,-0.0636295669171012
2020-09-22,760.0,779.1500244140625,730.0,762.5499877929688,88229,750.6356741621996,733.5738489949963,53.73327048859021,33.20917299712911,807.7999877929688,140437.05,True,False,True,False,1,-0.056016341524874
2020-09-23,765.0,774.5499877929688,736.0,750.1500244140625,54898,750.5894218052342,734.2238950898617,50.415948171416666,33.59065976826051,807.7999877929688,131076.05,True,False,True,False,1,-0.0713666306636308
2020-09-24,740.0,747.9500122070312,721.5499877929688,734.0999755859375,45240,749.0189983557774,734.2190355014725,46.42109844486447,33.23418668632003,807.7999877929688,127254.8,True,False,False,False,0,-0.09123547081052918
2020-09-25,737.7999877929688,758.6500244140625,730.5499877929688,752.3499755859375,75988,749.3362342824593,734.9300527596869,51.16001661515027,32.86746168166101,807.7999877929688,124908.1,True,False,True,False,1,-0.06864324467066285
2020-09-28,762.7999877929688,779.0,755.5999755859375,775.2000122070312,209045,751.7994512276566,736.5092668556612,56.36403373052785,32.42335901968969,807.7999877929688,124456.6,True,False,True,True,2,-0.040356494278992905
2020-09-29,779.2000122070312,792.0,765.8499755859375,786.2000122070312,172665,755.0756951304543,738.457923536107,58.648301587101564,31.97526369071632,807.7999877929688,125220.75,True,False,True,True,2,-0.026739262085100912
2020-09-30,783.0999755859375,787.9000244140625,760.0,781.4500122070312,126209,757.5875348520331,740.1438877977118,57.25451030566959,31.684175170955335,807.7999877929688,128323.95,True,False,True,False,1,-0.03261943053246341
2020-10-01,781.4500122070312,796.0,768.0499877929688,772.2000122070312,82087,758.9791993620329,741.4009907157244,54.536432791714326,31.417449244960757,807.7999877929688,130239.3,True,False,True,False,1,-0.044070284877327115
2020-10-05,778.7999877929688,781.9500122070312,750.0,753.5,75979,758.4573708513631,741.875461668049,49.42776196210658,31.455489456537222,807.7999877929688,131882.75,True,False,False,False,0,-0.06721959471839623
2020-10-06,763.0,778.9000244140625,740.0,769.25,1131457,759.4852402940903,742.9489729751842,53.38817642945003,31.987241953503315,807.7999877929688,133615.55,True,False,True,True,2,-0.04772219407714173
2020-10-07,773.0499877929688,809.0,771.5499877929688,790.7999877929688,395222,762.4675971987455,744.8254833601954,58.21040489082359,32.541724671110224,807.7999877929688,183759.2,True,False,True,True,2,-0.021044813390560413
2020-10-08,795.7999877929688,809.0,758.0,764.9000244140625,311695,762.6992569335376,745.6127202642687,51.33634323836577,33.86017290888807,809.0,197268.45,True,False,True,True,2,-0.05451171271438504
2020-10-09,765.5499877929688,783.0,755.7000122070312,778.0499877929688,165407,764.1612313011025,746.8847699712766,54.28791859723413,33.391588257750975,809.0,207357.2,True,False,True,False,1,-0.03825712262921044
2020-10-12,778.0499877929688,795.4500122070312,773.0,792.3499755859375,162465,766.8458736139439,748.6677192110672,57.319533935451965,32.610047111270994,809.0,205178.25,True,False,True,False,1,-0.02058099433135041
2020-10-13,795.3499755859375,830.0,789.0999755859375,795.5999755859375,519827,769.5843595160386,750.5081998532189,58.00126284136477,33.20218834718467,809.0,209037.7,True,False,True,True,2,-0.016563689016146466
2020-10-14,784.0,809.7000122070312,784.0,802.2000122070312,199670,772.690612153276,752.5353297494469,59.418865148137925,32.666318622888,830.0,227566.05,True,False,True,False,1,-0.03349396119634784
2020-10-15,800.0999755859375,813.0,770.0,773.0999755859375,225746,772.7295991468628,753.3417864489171,51.211275327318745,33.40443872125314,830.0,226247.5,True,False,True,False,1,-0.06855424628200302
2020-10-16,779.9000244140625,794.0,770.0,789.5999755859375,619782,774.3363016648699,754.7636762189964,55.006328108114474,32.73269309830649,830.0,234929.55,True,False,True,True,2,-0.04867472820971386
2020-10-19,796.0,813.5,790.5999755859375,804.9000244140625,108829,777.2471324028882,756.7298075207636,58.24938652558937,32.101788192289064,830.0,256448.8,True,False,True,False,1,-0.0302409344408886
2020-10-20,812.25,835.7000122070312,805.25,814.8499755859375,353285,780.8283555631785,759.0090297978293,60.255665756448195,32.00880244948047,830.0,244885.5,True,False,True,True,2,-0.018253041462725883
2020-10-21,820.0,826.0,801.0,814.5,117663,784.0351788428758,761.1851462763458,60.14618492563837,31.508173703089007,835.7000122070312,256186.25,True,False,True,False,1,-0.025367969244182942
2020-10-22,819.0,843.0,810.0,834.0499877929688,198460,788.7984939809799,764.0425910417035,64.07311512737908,31.614732724296935,835.7000122070312,257657.95,True,False,True,False,1,-0.001974421909729185
2020-10-23,836.0,874.4000244140625,836.0,847.7999877929688,325902,794.4176838678359,767.3271948358708,66.56819256173993,32.23868300263957,843.0,264836.05,True,True,True,True,2,0.005693935697471897
2020-10-26,853.7999877929688,862.0499877929688,818.2000122070312,827.4000244140625,113805,797.5588591579527,769.6829920742313,59.91939294942056,33.068061044303704,874.4000244140625,278869.15,True,False,True,False,1,-0.053751142140572084
2020-10-27,828.0,841.0,820.0,823.25,153724,800.005634476243,771.7836590517123,58.63632640911329,32.206056683996295,874.4000244140625,280760.0,True,False,True,False,1,-0.058497281548383184
2020-10-28,829.5999755859375,845.0,819.6500244140625,825.0,92845,802.3860502404103,773.8705743830178,59.034681335865926,31.716336605563523,874.4000244140625,277993.95,True,False,True,False,1,-0.05649590923463843
2020-10-29,812.0,845.0,805.5499877929688,839.8499755859375,79965,805.9540431304605,776.4580018811715,62.34833875728143,32.26874200566836,874.4000244140625,274002.95,True,False,True,False,1,-0.03951286352179262
2020-10-30,838.0,857.7999877929688,822.7000122070312,842.8499755859375,108297,809.4679414595535,779.0616086931232,62.999486028882664,32.47097297568759,874.4000244140625,271690.75,True,False,True,False,1,-0.03608193955537309
2020-11-02,845.0,857.0999755859375,825.2000122070312,838.9000244140625,52727,812.2709969790305,781.4082132311993,61.49160842373881,32.430186575917496,874.4000244140625,273001.25,True,False,True,False,1,-0.04059926693596405
2020-11-03,850.0,855.2000122070312,834.3499755859375,839.9500122070312,44974,814.9070936674116,783.703970053781,61.753665631170094,31.6030330077158,874.4000244140625,271838.65,True,False,True,False,1,-0.039398457508182605
2020-11-04,841.0,850.2000122070312,826.8499755859375,831.4000244140625,90469,816.4778489766164,785.5744035581057,58.275935248766444,31.013533265814225,874.4000244140625,217514.5,True,False,True,False,1,-0.04917657685201282
2020-11-05,847.0,883.9000244140625,830.5,872.6500244140625,353065,821.8275799706589,788.989133787751,67.72085600208956,32.61256834783196,874.4000244140625,202276.85,True,False,True,True,2,-0.0020013723137447537
2020-11-06,928.0,928.0,880.5999755859375,892.9500122070312,1391401,828.6011449455515,793.066030980664,71.178532122269,34.2366688648395,883.9000244140625,204345.35,True,True,True,True,2,0.010238700693517844
2020-11-09,894.9500122070312,925.0,869.0,904.9500122070312,325560,835.872465637121,797.4536380875803,73.01845360716999,35.791192517350964,928.0,265645.05,True,False,True,True,2,-0.02483834891483705
2020-11-10,919.9000244140624,929.9500122070312,895.0,909.5,339027,842.884611766919,801.8476130645379,73.7039226292203,35.73110820947099,928.0,273799.8,True,False,True,True,2,-0.019935344827586188
2020-11-11,896.0,913.0,895.0499877929688,906.2999877929688,147292,848.9241713884476,805.9437846225155,72.31249560856753,34.46102992358244,929.9500122070312,264759.8,True,False,True,False,1,-0.025431500729737433
2020-11-12,910.0,919.0,907.5499877929688,913.4000244140624,111953,855.0647288194585,810.1577548104193,73.50754452067397,32.90667151525735,929.9500122070312,262140.9,True,False,True,False,1,-0.017796642374025118
2020-11-13,916.0,955.0,906.5999755859376,949.4500122070312,389467,864.0538034277988,815.6201962769532,78.56615435379413,34.013339579457714,929.9500122070312,256451.25,True,True,True,True,2,0.02096886901879924
2020-11-14,960.7000122070312,964.7000122070312,942.0499877929688,954.5499877929688,33005,872.6724876530532,821.0684233952283,79.17205721747865,33.20167421050091,955.0,244935.5,True,False,True,False,1,-0.0004712169707133951
2020-11-17,960.0,989.9000244140624,960.0,982.0,305803,883.0846316860957,827.3794656150233,82.10436264885124,33.3551286684004,964.7000122070312,241144.3,True,True,True,True,2,0.017933023296423434
2020-11-18,982.9500122070312,997.2000122070312,953.5999755859376,958.9500122070312,196871,890.3099060214229,832.5390948931413,72.8318580073485,34.08690780787848,989.9000244140624,238770.2,True,False,True,False,1,-0.031265795983135725
2020-11-19,962.5499877929688,990.0,945.0,977.5499877929688,179801,898.6184852377605,838.2257965754874,75.25991242364742,34.86641439303002,997.2000122070312,242730.6,True,False,True,False,1,-0.019705198729964457
2020-11-20,985.9500122070312,994.0,966.0,982.7999877929688,152624,906.6357711953993,843.8953727016632,75.91423298968517,34.375956222099305,997.2000122070312,241797.65,True,False,True,False,1,-0.014440457518840155
2020-11-23,990.0,1049.0,987.7999877929688,1031.4000244140625,367161,918.5180810257482,851.2484962982279,80.93974230864126,36.64910307816587,997.2000122070312,233133.75,True,True,True,True,2,0.03429604070234493
2020-11-24,1047.75,1094.800048828125,1045.0,1069.949951171875,262196,932.9401638968079,859.8250239403318,83.82303252389237,38.55988317358706,1049.0,245801.55,True,True,True,True,2,0.0199713547872975
2020-11-25,1075.5999755859375,1086.0,1013.0,1028.5,182705,942.0411006685405,866.4397288838483,71.32879820729526,41.019891518330844,1094.800048828125,251225.15,True,False,True,False,1,-0.06055904811028523
2020-11-26,1038.0,1057.1500244140625,1002.0,1025.1500244140625,184223,949.956236263352,872.6636620418959,70.41528356573139,42.02918672516882,1094.800048828125,255718.15,True,False,True,False,1,-0.06361894529381507
2020-11-27,1031.050048828125,1111.0,1027.5999755859375,1101.699951171875,472395,964.4080186355924,881.6454773018952,77.5049448748043,45.159243072366586,1094.800048828125,260931.05,True,True,True,True,2,0.006302431527232422
2020-12-01,1105.699951171875,1198.0,1096.25,1151.5999755859375,309388,982.2358240594348,892.2319282149949,80.74429673623189,49.20143999576898,1111.0,279135.95,True,True,True,True,2,0.03654363239058278
2020-12-02,1156.0,1175.0,1130.0999755859375,1165.800048828125,153038,999.7181311802624,902.9600898076667,81.55815708540105,48.89419602564709,1198.0,291969.0,True,False,True,False,1,-0.02687808945899417
2020-12-03,1171.6500244140625,1189.75,1153.199951171875,1181.25,135075,1017.006880591666,913.8734196191308,82.42836664269976,48.012471225824086,1198.0,297372.2,True,False,True,False,1,-0.013981636060100167
2020-12-04,1170.0,1194.9000244140625,1115.0,1123.550048828125,272321,1027.1538489951383,922.0960325292874,69.28028954167327,50.290153596412544,1198.0,299602.5,True,False,True,False,1,-0.062145201312082676
2020-12-07,1133.9000244140625,1148.050048828125,1108.1500244140625,1122.3499755859375,97753,1036.2201467656905,929.9491283354306,69.03364962094628,49.548001511958965,1198.0,295565.3,True,False,True,False,1,-0.06314693189821574
2020-12-08,1134.5999755859375,1138.949951171875,1080.300048828125,1087.0999755859375,140192,1041.0658447485712,936.1119066589799,62.04639913467708,50.198137285658326,1198.0,230882.9,True,False,True,False,1,-0.09257097196499375
2020-12-09,1088.699951171875,1134.5,1073.0,1078.1500244140625,316156,1044.59767138338,941.6820289238852,60.37549171543167,51.00541319382559,1198.0,221614.5,True,False,True,True,2,-0.10004171584802801
2020-12-10,1078.0,1078.0,1029.300048828125,1037.300048828125,198941,1043.902659711451,945.4317551946397,53.31778333902851,50.85145336469073,1198.0,220470.95,True,False,True,False,1,-0.13414019296483726
2020-12-11,1037.5,1070.5,1028.75,1056.0999755859375,202360,1045.0643088423544,949.7716854060632,55.874272449353,50.201349552927105,1198.0,223053.4,True,False,True,False,1,-0.11844743273294034
2020-12-14,1061.3499755859375,1079.1500244140625,1056.0999755859375,1067.3499755859375,102307,1047.1867532941242,954.3825987464504,57.378462252695556,48.26197092972696,1198.0,227573.75,True,False,True,False,1,-0.10905678164779842
2020-12-15,1067.3499755859375,1070.0,1042.699951171875,1055.25,75162,1047.9546815518265,958.3381831093348,55.19895522422857,46.764690779612536,1198.0,213215.75,True,False,True,False,1,-0.1191569282136895
2020-12-16,1080.0,1109.0,1062.699951171875,1086.5999755859375,192482,1051.6351857455513,963.3680573241035,59.49219796342648,47.26364143821164,1198.0,215323.6,True,False,True,False,1,-0.0929883342354445
2020-12-17,1088.0,1114.0,1075.0,1081.449951171875,110349,1054.474687214725,967.9987198279376,58.50042315260599,46.67338133548224,1198.0,209657.55,True,False,True,False,1,-0.09728718600010433
2020-12-18,1081.5999755859375,1086.5,1057.0,1074.699951171875,66185,1056.4009028296916,972.1830818414254,57.15552182598831,45.44671124009065,1198.0,205331.45,True,False,True,False,1,-0.1029215766511895
2020-12-21,1079.0999755859375,1079.0999755859375,945.0,970.0999755859376,183138,1048.181766901715,972.1013914000338,41.307559099880535,51.77908726479399,1198.0,199650.65,True,False,False,False,0,-0.1902337432504695
2020-12-22,1048.0,1048.0,968.0,1013.6500244140624,365242,1044.8930295219386,973.7307495574466,47.79760039557123,53.79486674588014,1198.0,201176.35,True,False,False,True,1,-0.15388144873617493
2020-12-23,1022.9000244140624,1053.949951171875,1007.0,1039.699951171875,429386,1044.3984506314564,976.317777071738,51.26876531187619,53.30594420487978,1198.0,201080.4,True,False,True,True,2,-0.1321369355827421
2020-12-24,1044.9000244140625,1063.0,1015.0,1026.300048828125,120764,1042.6747933168533,978.2778661602238,49.44735554381461,52.92694819024551,1198.0,209439.9,True,False,False,False,0,-0.14332216291475375
2020-12-28,1054.5,1094.5999755859375,1032.550048828125,1054.699951171875,165968,1043.820046445903,981.2748106704846,53.239087889090364,54.02501808792886,1198.0,206342.85,True,False,True,False,1,-0.11961606746921949
2020-12-29,1064.0,1080.0,1051.050048828125,1069.550048828125,126381,1046.2705228632574,984.7365847158824,55.134080469388586,52.2339418796393,1198.0,205430.1,True,False,True,False,1,-0.10722032652076374
2020-12-30,1060.300048828125,1090.0,1035.0999755859375,1077.75,210404,1049.268568304852,988.3841696289851,56.189842394467895,52.42437634638382,1198.0,188129.4,True,False,True,True,2,-0.10037562604340566
2020-12-31,1087.0,1095.0,1065.199951171875,1079.75,377761,1052.1715617996279,991.9671433690249,56.45896586514203,50.808352952222485,1194.9000244140625,183180.2,True,False,True,True,2,-0.0963679153580469
2021-01-01,1083.9000244140625,1098.5,1061.0,1094.5,92119,1056.2028416282346,995.9880397074945,58.48447409088737,49.85775631277802,1194.9000244140625,194416.35,True,False,True,False,1,-0.08402378639442676
2021-01-04,1106.9000244140625,1143.300048828125,1100.050048828125,1137.25,187328,1063.9216186160218,1001.5277244248477,63.74820383384713,49.78220577815995,1194.9000244140625,192268.55,True,False,True,False,1,-0.04824673465240914
2021-01-05,1115.0,1133.0,1110.0999755859375,1118.5,130836,1069.1195597002102,1006.1148724866184,60.14622426635718,48.16562139501013,1148.050048828125,188018.9,True,False,True,False,1,-0.02573933850557153
2021-01-06,1124.0,1210.0,1117.0,1171.5,418606,1078.8700778239997,1012.6005637616531,65.99511931518981,51.36807700965227,1143.300048828125,189673.05,True,True,True,True,2,0.024665398379698944
2021-01-07,1180.9000244140625,1212.0,1151.949951171875,1168.3499755859375,212300,1087.3919728489461,1018.7083838331937,65.38096372765226,51.98821785382889,1210.0,203593.75,True,False,True,True,2,-0.03442150778021691
2021-01-08,1177.800048828125,1229.800048828125,1170.050048828125,1204.050048828125,391647,1098.502265799344,1025.9766844212302,68.91197856450486,52.66406466728308,1212.0,198400.95,True,False,True,True,2,-0.006559365653362237
2021-01-11,1210.0,1219.0,1161.0,1185.3499755859375,139763,1106.77347625521,1032.2266174080814,65.16274233145305,53.04520290533429,1229.800048828125,208036.25,True,False,True,False,1,-0.03614414659077625
2021-01-12,1185.199951171875,1197.699951171875,1170.050048828125,1185.449951171875,48774,1114.266473866321,1038.2353755948968,65.17365149271816,51.23125286522113,1229.800048828125,204906.4,True,False,True,False,1,-0.03606285241126084
2021-01-13,1198.5,1198.5,1153.0,1170.8499755859375,171488,1119.6553787919988,1043.4359481435652,62.114619057163694,50.82187766056248,1229.800048828125,202229.75,True,False,True,False,1,-0.047934681168992466
2021-01-14,1158.0,1184.449951171875,1158.0,1178.949951171875,23609,1125.3024809234157,1048.7502227721263,63.148066906192454,49.08102576851338,1229.800048828125,207046.05,True,False,True,False,1,-0.041348264463564655
2021-01-15,1170.0,1179.8499755859375,1125.0999755859375,1139.449951171875,124440,1126.6498590423166,1052.3070748662342,55.23524707475916,49.48595249933385,1229.800048828125,198602.4,True,False,True,False,1,-0.07346730693525705
2021-01-18,1146.300048828125,1149.0,1081.0,1124.3499755859375,88678,1126.4308225226614,1055.1322866591638,52.52563949610159,50.808384463667146,1229.800048828125,199306.95,True,False,True,False,1,-0.08574570585085828
2021-01-19,1130.0,1150.0,1115.550048828125,1138.949951171875,103659,1127.623120489253,1058.4192538949565,54.832779911228286,49.63992494282485,1229.800048828125,200431.6,True,False,True,False,1,-0.07387387709312665
2021-01-20,1147.8499755859375,1179.0,1125.449951171875,1172.050048828125,83225,1131.8542565215266,1062.8753635001788,59.623545416215514,49.91921950606058,1229.800048828125,196457.65,True,False,True,False,1,-0.04695885323393012
2021-01-21,1180.0,1185.0,1144.0,1149.6500244140625,211966,1133.549091558911,1066.2782913791546,55.34529538993316,49.282132398484826,1229.800048828125,182356.8,True,False,True,True,2,-0.06517321615854332
2021-01-22,1159.4000244140625,1166.050048828125,1125.0,1155.050048828125,123951,1135.5968017750265,1069.7595367693104,56.16193724268304,48.69412642917341,1229.800048828125,171485.8,True,False,True,False,1,-0.0607822386014939
2021-01-25,1167.0,1180.449951171875,1139.300048828125,1149.8499755859375,114198,1136.9542468998752,1072.9003382915312,55.11662638692515,48.155253280214595,1229.800048828125,171645.15,True,False,True,False,1,-0.0650106277995125
2021-01-27,1132.8499755859375,1165.800048828125,1115.5,1157.0,167992,1138.8633662427442,1076.1983642408827,56.320453846515164,48.30845296220819,1229.800048828125,169056.65,True,False,True,False,1,-0.05919665468991975
2021-01-28,1135.0,1155.6500244140625,1125.550048828125,1140.8499755859375,81638,1139.052567132572,1078.733721548532,52.87102773134567,47.10427426289868,1229.800048828125,171137.2,True,False,True,False,1,-0.07232889064116388
2021-01-29,1156.5999755859375,1170.0,1132.0999755859375,1154.949951171875,60995,1140.5666037077435,1081.722593298467,55.43718449872651,46.446827845124666,1229.800048828125,164698.9,True,False,True,False,1,-0.06086363204130185
2021-02-01,1160.75,1223.0,1135.5999755859375,1219.300048828125,184856,1148.0650270525418,1087.1177876329634,64.84515479835875,49.37205617147737,1229.800048828125,148860.6,True,False,True,True,2,-0.008537973315260072
2021-02-02,1230.0,1270.800048828125,1204.0,1258.0,310318,1158.5350244761094,1093.8190508630432,69.07375304488721,50.61691278980934,1229.800048828125,153497.45,True,True,True,True,2,0.022930517199724276
2021-02-03,1266.6500244140625,1275.25,1240.050048828125,1244.0,204134,1166.674545954575,1099.7084998488062,65.98176731214532,49.515701245671174,1270.800048828125,159646.95,True,False,True,True,2,-0.021089115359130495
2021-02-04,1254.0,1274.0999755859375,1241.1500244140625,1268.0,242957,1176.3245891969966,1106.3081665214022,68.57845573965166,48.33243338325716,1275.25,163311.85,True,False,True,True,2,-0.005685159772593651
2021-02-05,1265.0,1304.8499755859375,1206.0,1240.050048828125,310803,1182.3936805904375,1111.552946219705,62.58681907562449,51.94082925487719,1275.25,154529.4,True,False,True,True,2,-0.02760239260684183
2021-02-08,1245.0,1340.0,1245.0,1332.6500244140625,506679,1196.70380857364,1120.2234198743856,71.4778875985718,55.37005224894846,1304.8499755859375,159454.55,True,True,True,True,2,0.021305168677066888
2021-02-09,1344.9000244140625,1352.0,1303.550048828125,1348.800048828125,412384,1211.1891647883526,1129.1872092451206,72.69657802304268,54.875759314871786,1340.0,165206.15,True,True,True,True,2,0.0065672006180037545
2021-02-10,1354.0,1370.6500244140625,1305.5999755859375,1365.199951171875,182550,1225.8568587296404,1138.4426108893072,73.91542246487214,55.60249428010416,1352.0,178837.2,True,True,True,True,2,0.009763277493990419
2021-02-11,1366.0,1400.0,1352.800048828125,1398.1500244140625,204925,1242.2657316519665,1148.6272153412585,76.21300242209794,55.00231262951636,1370.6500244140625,185526.0,True,True,True,True,2,0.020063473177083235
2021-02-12,1408.6500244140625,1500.0,1384.0,1481.449951171875,582403,1265.0451811300532,1161.679087334616,80.81393318582438,59.35929029883662,1400.0,187197.85,True,True,True,True,2,0.0581785365513392
2021-02-15,1488.9000244140625,1488.9000244140625,1426.8499755859375,1474.8499755859375,155487,1285.0265901258517,1173.9602986385894,79.50183713926512,59.55148733664293,1500.0,215137.55,True,False,True,False,1,-0.016766682942708333
2021-02-16,1446.949951171875,1497.0,1368.050048828125,1444.800048828125,306389,1300.2431100022588,1184.5814653126888,73.6394350448034,64.50852046773093,1500.0,216689.9,True,False,True,True,2,-0.03679996744791669
2021-02-17,1444.949951171875,1476.0,1405.0,1455.300048828125,137464,1315.0104375094843,1195.1978803525099,74.3511353446514,64.97219757717873,1500.0,227575.45,True,False,True,False,1,-0.029799967447916687
2021-02-18,1470.0,1510.0,1437.800048828125,1475.6500244140625,327182,1330.3094457861107,1206.1960036490414,75.7193732110071,65.48846569108561,1500.0,229265.7,True,False,True,True,2,-0.016233317057291696
2021-02-19,1476.0,1494.9000244140625,1466.5999755859375,1476.300048828125,148537,1344.2133127424931,1216.7883191462604,75.76384735502069,62.83215020087414,1510.0,241463.55,True,False,True,False,1,-0.0223178484581954
2021-02-22,1484.0,1508.3499755859375,1392.800048828125,1425.75,177453,1351.9787115289223,1224.982894866015,65.6874215088813,66.59770566922688,1510.0,238292.1,True,False,True,False,1,-0.05579470198675496
2021-02-23,1431.0999755859375,1494.5,1431.0999755859375,1448.3499755859375,100953,1361.1569271534,1233.7423882275805,67.75238852687544,66.75144097856783,1510.0,240967.2,True,False,True,False,1,-0.04082783073778973
2021-02-24,1467.0,1472.949951171875,1365.5999755859375,1449.5999755859375,54062,1369.5800746231655,1242.2073916533984,67.86757196405043,69.65133630766567,1510.0,240304.95,True,False,True,False,1,-0.04000001616825333
2021-02-25,1452.0,1485.0,1431.949951171875,1444.449951171875,203741,1376.7105390563759,1250.138472418829,66.80878157358782,68.46553005912706,1510.0,234608.45,True,False,True,False,1,-0.043410628362996695
2021-02-26,1416.0,1574.0,1415.550048828125,1436.1500244140625,491571,1382.3714424237746,1257.4330430853088,65.04750334592694,74.89298871003763,1510.0,240713.6,True,False,True,True,2,-0.04890726859995864
2021-03-01,1438.0,1501.0,1423.300048828125,1469.0999755859375,266937,1390.631302724933,1265.7337071049412,68.58793416726519,75.0934860287403,1574.0,262242.4,True,False,True,True,2,-0.06664550471033193
2021-03-02,1489.9000244140625,1510.0,1460.300048828125,1493.0,346970,1400.3807024654154,1274.6461107478847,70.89113316054868,73.27966211039279,1574.0,266346.45,True,False,True,True,2,-0.0514612452350699
2021-03-03,1515.0,1539.0,1494.050048828125,1502.449951171875,168863,1410.1015832946018,1283.5795946860803,71.77243422451502,71.33111481679332,1574.0,268179.05,True,False,True,False,1,-0.045457464312658846
2021-03-04,1498.699951171875,1509.0,1480.0,1487.8499755859375,175602,1417.506192084253,1291.5901978586237,68.33036210438642,68.30746375845094,1574.0,266415.5,True,False,True,False,1,-0.05473317942443612
2021-03-05,1492.0,1514.949951171875,1467.0,1474.949951171875,103893,1422.977026283074,1298.7807764199276,65.3482803911838,66.85335571655266,1574.0,263047.75,True,False,True,False,1,-0.06292887473197273
2021-03-08,1482.5999755859375,1494.9000244140625,1442.0,1449.0999755859375,73551,1425.4649262166802,1304.6756469754575,59.72350253566462,65.85668919494623,1574.0,252702.25,True,False,True,False,1,-0.07935198501528751
2021-03-09,1462.0,1479.449951171875,1441.0,1451.550048828125,225157,1427.9492236082465,1310.435427440268,60.074276714967326,63.89906505044114,1574.0,231045.85,True,False,True,False,1,-0.07779539464540974
2021-03-10,1459.800048828125,1475.25,1452.9000244140625,1470.300048828125,54717,1431.9826355339492,1316.7046282790075,62.74809159285636,61.027699773400705,1574.0,221684.5,True,False,True,False,1,-0.06588306935951393
2021-03-12,1475.0,1504.9000244140625,1470.0,1474.5999755859375,301052,1436.0414298246146,1322.8966026832009,63.3541957598222,59.161437247733694,1574.0,215292.85,True,False,True,True,2,-0.06315122262646922
2021-03-15,1513.0,1513.0,1445.199951171875,1472.3499755859375,191747,1439.4993865637882,1328.757519267622,62.77860140905278,59.77848093204736,1574.0,220099.2,True,False,True,False,1,-0.06458070166077667
2021-03-16,1472.3499755859375,1570.0,1470.9000244140625,1523.1500244140625,583491,1447.4661139781,1336.3807547635608,69.51329604996509,62.58715912161094,1574.0,200566.4,True,False,True,True,2,-0.03230621066450923
2021-03-17,1650.0,1689.75,1528.5999755859375,1558.5999755859375,1167113,1458.0502912740844,1345.0952340114973,73.16253948098118,70.01664601191997,1574.0,221966.6,True,False,True,True,2,-0.009784005345655933
2021-03-18,1562.4000244140625,1589.0,1515.25,1572.5,386445,1468.9502635336955,1354.0130679718309,74.45377000621767,70.28331415392569,1689.75,265002.8,True,False,True,True,2,-0.06938896286432905
2021-03-19,1564.0,1589.800048828125,1520.800048828125,1575.0999755859375,171871,1479.0597599196233,1362.6831427802274,74.69898034653579,70.19164885721672,1689.75,277451.85,True,False,True,False,1,-0.06785028815745675
2021-03-22,1590.9000244140625,1600.0,1565.0,1583.9000244140625,68910,1489.0445470143318,1371.3583146090054,75.55427428124959,67.67795965312982,1689.75,269686.3,True,False,True,False,1,-0.06264238827396806
2021-03-23,1592.199951171875,1607.9000244140625,1545.050048828125,1563.0,73099,1496.0879234891574,1378.873674820417,69.5415902651775,67.33310364833036,1689.75,265704.95,True,False,True,False,1,-0.0750110963160231
2021-03-24,1577.9000244140625,1653.0,1549.4000244140625,1560.4000244140625,186845,1502.2128854820057,1385.9923551966383,68.80799686198057,69.9235945010166,1689.75,260487.25,True,False,True,False,1,-0.0765497710228954
2021-03-25,1582.0,1593.25,1500.0,1516.800048828125,58991,1503.6021391340173,1391.1220686723827,57.79718918114411,71.58976632237255,1689.75,264781.85,True,False,True,False,1,-0.10235239010023667
2021-03-26,1559.949951171875,1580.0,1520.0,1551.449951171875,102512,1508.1590736138132,1397.4094366135394,62.880872345433474,70.99049381162273,1689.75,265028.3,True,False,True,False,1,-0.08184645588289685
2021-03-30,1574.0,1605.9000244140625,1537.1500244140625,1584.0,124486,1515.3820189839264,1404.7267136090868,66.91295472968127,70.83045853936397,1689.75,259966.85,True,False,True,False,1,-0.06258322237017311
2021-03-31,1600.0,1600.050048828125,1548.0,1589.0,103169,1522.3932552711715,1411.9531169969657,67.49701534550879,69.48900070284691,1689.75,241612.6,True,False,True,False,1,-0.05962420476401831
2021-04-01,1598.0,1599.9000244140625,1550.0,1560.3499755859375,192213,1526.008181015435,1417.7726016475135,60.86690397626861,68.08978811079088,1689.75,233424.2,True,False,True,False,1,-0.07657939009561321
2021-04-05,1583.949951171875,1583.949951171875,1525.0,1536.9000244140625,75321,1527.0454994343518,1422.4442652854173,56.016747265689325,67.43694261515404,1689.75,225686.35,True,False,True,False,1,-0.09045715377182273
2021-04-06,1540.0,1576.0,1503.9000244140625,1562.4000244140625,405541,1530.4125970514672,1427.932726427717,59.77078820118493,67.77001639878144,1689.75,221009.25,True,False,True,True,2,-0.0753661639804335
2021-04-07,1563.0,1573.8499755859375,1541.050048828125,1549.0,177075,1532.1828259037084,1432.6804626462379,57.0167847761881,65.27215285299795,1689.75,232506.2,True,False,True,False,1,-0.08329634561325638
2021-04-08,1564.5,1572.0,1541.0,1559.1500244140625,194935,1534.7511305237422,1437.6400533037997,58.57381351830183,62.82414193492667,1689.75,236165.3,True,False,True,False,1,-0.07728952542443412
2021-04-09,1575.0,1594.949951171875,1527.0,1556.0,112550,1536.7748323786238,1442.2816198409057,57.87315500001597,63.19027116613727,1689.75,242234.5,True,False,True,False,1,-0.07915372096463968
2021-04-12,1540.0,1540.0,1438.9000244140625,1479.75,51296,1531.343895961612,1443.750968082439,44.116458417437734,67.04096433898015,1689.75,236604.15,True,False,False,False,0,-0.12427873945849977
2021-04-13,1481.0,1558.0,1479.449951171875,1541.0999755859375,95170,1532.273046402024,1447.568576219831,53.66077789921893,67.8630418024905,1689.75,236433.1,True,False,True,False,1,-0.08797160787930902
2021-04-15,1555.0,1600.0,1542.0,1578.25,334169,1536.6518038875456,1452.6933379367003,58.30462895920961,67.22282627474564,1689.75,226139.0,True,False,True,True,2,-0.06598609261725108
2021-04-16,1593.0,1600.0,1538.0999755859375,1559.949951171875,197968,1538.8706750574818,1456.8994796321974,55.361461852097186,66.8426261418397,1689.75,233260.1,True,False,True,False,1,-0.07681612595243381
2021-04-19,1530.0,1530.0,1488.0,1503.5,79579,1535.5020393377215,1458.7269510191702,47.411083902379396,67.2074350725565,1689.75,213983.95,True,False,False,False,0,-0.11022340582926471
2021-04-20,1525.0,1564.75,1428.0,1447.3499755859375,260999,1527.1066046946944,1458.2807951198279,41.090052046336844,72.17476113880247,1653.0,159607.25,True,False,False,True,1,-0.12441017810893074
2021-04-22,1465.0,1499.8499755859375,1456.050048828125,1478.949951171875,87264,1522.5202567401402,1459.0913502591238,45.494297524649234,70.76942105745944,1653.0,153334.95,True,False,False,False,0,-0.1052934354677102
2021-04-23,1450.550048828125,1494.199951171875,1405.0999755859375,1424.4000244140625,171673,1513.1754727090852,1457.7309061083372,39.94276249902084,72.07874638092217,1653.0,149104.6,True,False,False,True,1,-0.13829399611974436
2021-04-26,1435.0,1477.5999755859375,1434.9000244140625,1471.1500244140625,154949,1509.1730490619402,1458.257146041895,46.021948743946744,70.73026100884738,1653.0,154242.75,True,False,False,True,1,-0.11001208444400334
2021-04-27,1480.0,1547.0,1474.699951171875,1529.800048828125,356182,1511.1375252301484,1461.0627500727276,52.51577568264414,71.09595490721097,1653.0,158335.25,True,False,True,True,2,-0.07453112593579858
2021-04-28,1532.5,1548.699951171875,1507.449951171875,1510.300048828125,88442,1511.057765572813,1462.9936245337235,50.34703078824772,68.96410098526732,1605.9000244140625,166802.1,True,False,True,False,1,-0.05953046524226724
2021-04-29,1530.0,1543.9000244140625,1520.050048828125,1537.5,92812,1513.5760736134973,1465.9154431794598,53.247333112909125,66.43809202817233,1605.9000244140625,168274.65,True,False,True,False,1,-0.04259295309433686
2021-04-30,1544.949951171875,1564.0,1480.800048828125,1506.3499755859375,228082,1512.8878738013489,1467.5011111169688,49.66917180306184,67.63536768129396,1605.9000244140625,167789.65,True,False,False,True,1,-0.06199019074331691
2021-05-03,1534.0,1599.25,1502.949951171875,1546.449951171875,239057,1516.0842621223514,1470.5971440602984,53.9584335160579,69.6828449060676,1600.050048828125,172969.45,True,False,True,True,2,-0.033499013168685976
2021-05-04,1569.0,1576.550048828125,1541.1500244140625,1552.300048828125,106907,1519.5333846657586,1473.8011795413897,54.56674499604015,67.23407201378153,1600.0,179763.85,True,False,True,False,1,-0.02981246948242189
2021-05-05,1560.0,1590.0,1530.8499755859375,1538.5,103402,1521.3397289833056,1476.3383881868253,52.79472489941316,66.65664004237303,1600.0,175498.55,True,False,True,False,1,-0.03843750000000001
2021-05-06,1547.800048828125,1585.0,1540.0,1567.199951171875,114935,1525.7073691917408,1479.9015867352587,55.995278396344844,65.21688003934639,1600.0,176902.6,True,False,True,False,1,-0.020500030517578094
2021-05-07,1582.5999755859375,1676.3499755859375,1571.949951171875,1631.9000244140625,385874,1535.8209554033904,1485.8623097814861,62.214893460434304,68.35496178039755,1600.0,162372.3,True,True,True,True,2,0.019937515258789062
2021-05-10,1650.0,1688.5,1629.199951171875,1652.5999755859375,240288,1546.9427668493472,1492.4010417738177,63.96951543455366,67.70818228380665,1676.3499755859375,172812.25,True,False,True,True,2,-0.014167685952152453
2021-05-11,1652.5999755859375,1743.0,1632.9000244140625,1722.300048828125,435044,1563.6434603711355,1501.416689109281,69.1622302438548,70.73616751967315,1688.5,175079.9,True,True,True,True,2,0.02001779616708621
2021-05-12,1722.300048828125,1743.5999755859375,1668.699951171875,1700.75,218069,1576.7012260500749,1509.233681693231,65.99530984127695,71.03358586927239,1743.0,191204.6,True,False,True,True,2,-0.024239816408491155
2021-05-14,1715.0,1740.0,1665.0,1727.5,112973,1591.0630140453059,1517.7931451562415,67.95670686771186,71.31690116432436,1743.5999755859375,199543.25,True,False,True,False,1,-0.009233755340313676
2021-05-17,1748.0,1827.0,1712.5,1777.8499755859375,372500,1608.852248477747,1527.991452231916,71.31100863924063,74.40140822401548,1743.5999755859375,200433.4,True,True,True,True,2,0.019643267079359816
2021-05-18,1822.699951171875,1837.050048828125,1792.1500244140625,1816.5,474794,1628.6282248131997,1539.3055129287036,73.59592902283939,73.31559858245635,1827.0,202349.95,True,False,True,True,2,-0.005747126436781658
2021-05-19,1840.0,1853.050048828125,1771.0,1794.8499755859375,189566,1644.4588677439365,1549.3268644054579,70.22210121130865,73.93948788571839,1837.050048828125,216191.25,True,False,True,False,1,-0.022971651354358746
2021-05-20,1830.25,1830.25,1792.3499755859375,1814.6500244140625,355141,1660.6675493315674,1559.731694209717,71.50850387715909,71.36524049488582,1853.050048828125,221690.6,True,False,True,True,2,-0.020722605111689663
2021-05-21,1832.0999755859373,1870.0,1811.75,1830.949951171875,158642,1676.8849209354064,1570.3677042866645,72.55944840701218,70.42843760239398,1853.050048828125,226397.7,True,False,True,False,1,-0.011926336080467004
2021-05-24,1848.800048828125,1890.0,1800.3499755859375,1878.5,58556,1696.0863570367962,1582.4513237264034,75.40908350718871,71.80140808894174,1870.0,229966.6,True,True,True,False,1,0.00454545454545463
2021-05-25,1878.5,1911.0,1850.0,1859.199951171875,205138,1711.620985049661,1593.3042110772062,72.13467674645094,71.02987893973162,1890.0,224310.75,True,False,True,False,1,-0.01629632213128307
2021-05-26,1860.0,1880.8499755859373,1825.0,1845.6500244140625,32038,1724.3856554653182,1603.2001253257106,69.8417647138541,69.94560012874632,1911.0,226820.2,True,False,True,False,1,-0.034196742849784134
2021-05-27,1858.4000244140625,1858.4000244140625,1790.0,1821.050048828125,252773,1733.591788166538,1611.7432595807072,65.7552227009958,69.83520186341175,1911.0,210613.0,True,False,True,True,2,-0.04706957151851121
2021-05-28,1825.0,1829.0,1767.0,1776.0999755859375,71606,1737.6401869683855,1618.188620992677,58.96596091188079,69.27554458745378,1911.0,218829.55,True,False,True,False,1,-0.07059132622399922
2021-05-31,1779.949951171875,1810.25,1750.800048828125,1765.0,53111,1740.245883447587,1623.9459299733564,57.39014342539595,68.57371648634101,1911.0,217769.25,True,False,True,False,1,-0.07639979068550495
2021-06-01,1778.4000244140625,1830.0,1767.9000244140625,1815.300048828125,167319,1747.3938991981145,1631.4500130657002,62.30608636025628,68.31845102303095,1911.0,209020.7,True,False,True,False,1,-0.05007846738455002
2021-06-02,1816.0,1816.0,1778.5999755859375,1784.9000244140625,71879,1750.9659111234428,1637.4676605695574,57.95425276758904,66.1099919795332,1911.0,205433.8,True,False,True,False,1,-0.06598638178228022
2021-06-03,1785.0,1827.550048828125,1782.3499755859375,1788.0999755859375,78073,1754.5024886912993,1643.374810178043,58.2845408760355,64.61642635543708,1911.0,203682.4,True,False,True,False,1,-0.06431189137313575
2021-06-04,1798.4000244140625,1815.3499755859373,1775.5999755859375,1791.050048828125,144927,1757.9832087043303,1649.1659960074578,58.60736653842359,62.840253044334425,1911.0,202415.95,True,False,True,False,1,-0.06276815864566976
2021-06-07,1809.5,1819.9000244140625,1746.949951171875,1768.800048828125,257559,1759.0133839542154,1653.8575274906214,55.14135234961223,63.562383058466786,1911.0,203915.55,True,False,True,True,2,-0.07441127743164577
2021-06-08,1789.0,1809.0,1770.25,1790.5999755859375,167200,1762.0216307762844,1659.2199764355357,57.77614082960784,61.89363792371023,1911.0,197499.8,True,False,True,False,1,-0.06300367577920596
2021-06-09,1800.0,1830.0,1751.199951171875,1756.199951171875,33825,1761.467185099674,1663.023112699706,52.53268540063999,63.101238702597,1911.0,193845.4,True,False,True,False,1,-0.08100473512722395
2021-06-10,1758.0,1799.8499755859375,1752.9000244140625,1793.800048828125,42511,1764.5465054547647,1668.1516199988598,57.11408941732827,61.947575307545435,1911.0,173784.45,True,False,True,False,1,-0.06132912149234693
2021-06-11,1799.0,1814.949951171875,1778.4000244140625,1786.5,26548,1766.6373144590727,1672.792732940081,55.984314904686535,60.13345755399308,1911.0,165006.55,True,False,True,False,1,-0.06514913657770804
2021-06-14,1786.5,1820.0,1772.3499755859375,1799.1500244140625,82531,1769.7337630262148,1677.7479208410214,57.55129417745571,59.24178375828376,1911.0,160685.3,True,False,True,False,1,-0.05852955289687989
2021-06-15,1796.0,1883.800048828125,1791.9000244140625,1859.0,266439,1778.2353094046705,1684.8558455139225,64.06884289815571,61.57451523369652,1911.0,146186.85,True,False,True,True,2,-0.027210884353741527
2021-06-16,1877.0,1900.0,1821.199951171875,1841.449951171875,231576,1784.2557514777377,1690.9967908338422,61.10603839644295,62.804910490441415,1911.0,135769.1,True,False,True,True,2,-0.036394583374215084
2021-06-17,1823.0,1849.949951171875,1800.0,1805.0999755859373,100506,1786.2409156785186,1695.4714255300028,55.3923520096025,61.886699110543816,1911.0,137869.6,True,False,True,False,1,-0.0554160253344127
2021-06-18,1819.550048828125,1838.050048828125,1728.0,1789.800048828125,140222,1786.5798807403858,1699.1705872279683,53.14006235568585,65.32693837608534,1911.0,125137.85,True,False,True,True,2,-0.06342226644263471
2021-06-21,1760.0,1820.0,1750.0,1817.0,130787,1789.4770349555872,1703.791348513146,56.52447079191989,65.66072849207924,1911.0,124216.85,True,False,True,True,2,-0.04918890633176343
2021-06-22,1820.0,1851.8499755859373,1820.0,1849.050048828125,211546,1795.1506553244005,1709.4877681333414,60.17443236008436,63.459960427354815,1911.0,127828.4,True,False,True,True,2,-0.03241755686649661
2021-06-23,1863.9000244140625,1877.0,1786.1500244140625,1824.5999755859373,105284,1797.955352492166,1714.0019723471687,56.29181310642955,65.41639008153929,1900.0,128148.8,True,False,True,False,1,-0.03968422337582245
2021-06-24,1822.050048828125,1823.0,1770.0,1801.050048828125,67111,1798.250085476543,1717.4156224052454,52.76065578875523,64.64378904613915,1900.0,131811.1,True,False,True,False,1,-0.05207892166940786
2021-06-25,1814.699951171875,1872.5,1810.1500244140625,1832.550048828125,176681,1801.5167486528842,1721.9306979512407,56.67547173199049,65.1299434836917,1900.0,122528.0,True,False,True,True,2,-0.035499974300986836
2021-06-28,1850.0,1900.0,1846.75,1865.550048828125,102653,1807.6151581933832,1727.5628293581774,60.37982149377718,65.29565831856193,1900.0,127781.75,True,False,True,False,1,-0.018131553248355248
2021-06-29,1880.0,1888.0,1854.199951171875,1874.1500244140625,68307,1813.9518121191622,1733.3113468113493,61.3082834274398,63.04597192638787,1900.0,130258.85,True,False,True,False,1,-0.013605250308388106
2021-06-30,1883.949951171875,1944.0,1861.050048828125,1891.1500244140625,224084,1821.3040228139148,1739.5010988742008,63.14676659854724,64.46768472963696,1900.0,125308.25,True,False,True,True,2,-0.004657881887335513
2021-07-01,1893.0,1920.8499755859373,1877.0999755859373,1890.25,119730,1827.8703063554467,1745.4128204869771,62.97615527326591,62.987850106091464,1944.0,132918.5,True,False,True,False,1,-0.027649176954732457
2021-07-02,1892.0,1949.9000244140625,1886.199951171875,1937.6500244140625,106923,1838.3255175991244,1752.9515343664707,67.89573918233589,63.03872318724118,1944.0,135001.35,True,False,True,False,1,-0.0032664483466756655
2021-07-05,1953.0,1980.0,1905.050048828125,1969.550048828125,202401,1850.8230920018864,1761.4455937571238,70.71591182729767,63.8895251861436,1949.9000244140625,133101.15,True,True,True,True,2,0.010077452263208775
2021-07-06,1969.550048828125,2050.0,1934.0,2002.050048828125,560805,1865.225659318671,1770.8810625834378,73.29021905429812,67.61170195856192,1980.0,130343.25,True,True,True,True,2,0.011136388297032784
2021-07-07,2007.9000244140625,2064.89990234375,2002.050048828125,2044.8499755859373,251076,1882.3327370584107,1781.6249415247123,76.25107315764541,67.27156992692358,2050.0,150023.5,True,False,True,True,2,-0.002512207031250102
2021-07-08,2049.89990234375,2074.0,2035.0,2059.85009765625,162147,1899.2391523534432,1792.5357319612433,77.20480534058416,65.25217207500047,2064.89990234375,160886.05,True,False,True,True,2,-0.002445544542749145
2021-07-09,2058.60009765625,2125.0,2043.800048828125,2119.800048828125,256450,1920.2449520176986,1805.3696267403368,80.56421692242579,66.39129915334865,2074.0,166867.85,True,True,True,True,2,0.022082955076241584
2021-07-12,2139.0,2175.0,2110.699951171875,2168.60009765625,441101,1943.897823030894,1819.6139589331178,82.78788633195022,66.24192413011839,2125.0,178362.95,True,True,True,True,2,0.020517693014705962
2021-07-13,2168.60009765625,2199.0,2125.050048828125,2196.449951171875,195788,1967.9504066633685,1834.3918409816965,83.9186650303688,66.79249749024386,2175.0,196291.45,True,True,True,False,1,0.009862046515804579
2021-07-14,2196.5,2210.0,2150.0,2180.35009765625,130550,1988.1789486626906,1847.958831439522,80.62122797005347,66.3073190980836,2199.0,192758.9,True,False,True,False,1,-0.008481083375966314
2021-07-15,2192.35009765625,2298.0,2183.050048828125,2271.550048828125,394828,2015.1666724879701,1864.5702517292714,84.36822680382203,69.97464647277405,2210.0,187707.6,True,True,True,True,2,0.027850700827205976
2021-07-16,2296.0,2310.0,2238.949951171875,2251.89990234375,190674,2037.7126943789967,1879.7596497925842,80.74553259025838,70.05146092672769,2298.0,202423.7,True,False,True,False,1,-0.02006096503753263
2021-07-19,2244.60009765625,2282.35009765625,2205.25,2227.199951171875,172121,2055.7590997878424,1893.3847596505957,76.30996698220181,70.55493497883643,2310.0,204946.3,True,False,True,False,1,-0.035844176981872256
2021-07-20,2245.449951171875,2250.0,2127.0,2183.14990234375,254141,2067.8915571741195,1904.748098579739,69.02736185938527,74.3010110517767,2310.0,207013.0,True,False,True,True,2,-0.054913462188852846
2021-07-22,2205.60009765625,2272.0,2204.949951171875,2222.199951171875,194935,2082.5875946977153,1917.197190838254,71.61363914984426,75.34023152352479,2310.0,209142.75,True,False,True,False,1,-0.03800867914637451
2021-07-23,2235.5,2300.0,2235.5,2291.449951171875,201366,2102.4792476952543,1931.8737696748667,75.51781943685423,75.51593275956766,2310.0,213625.3,True,False,True,False,1,-0.00803032416801952
2021-07-26,2308.25,2375.0,2195.0,2226.949951171875,249209,2114.3336004073135,1943.4453846355339,66.36261111647768,82.97908041959855,2310.0,220338.05,True,False,True,True,2,-0.035952402090097424
2021-07-27,2238.0,2300.0,2230.0,2250.25,168470,2127.2780194161405,1955.4769381792385,67.87759709862289,82.26986387735045,2375.0,223964.45,True,False,True,False,1,-0.05252631578947364
2021-07-28,2237.25,2237.25,2115.449951171875,2147.89990234375,524627,2129.242008266389,1963.0229367739253,55.95566795671816,86.02201994526291,2375.0,227255.3,True,False,True,True,2,-0.09562109375000005
2021-07-29,2175.0,2202.550048828125,2121.550048828125,2135.39990234375,227804,2129.8284743689946,1969.7828177766635,54.69223505262534,85.663304234887,2375.0,250071.3,True,False,True,False,1,-0.1008842516447368
2021-07-30,2151.0,2169.199951171875,2131.10009765625,2139.10009765625,167345,2130.711486110638,1976.4227111052749,55.01602639589755,82.26591489779686,2375.0,250257.3,True,False,True,False,1,-0.0993262746710526
2021-08-02,2156.60009765625,2181.85009765625,2065.0,2161.449951171875,800584,2133.6389589736127,1983.6786813039653,57.01428400551688,84.7362136662578,2375.0,252638.05,True,False,True,True,2,-0.08991581003289473
2021-08-03,2194.699951171875,2194.699951171875,2074.14990234375,2124.550048828125,337936,2132.773348483566,1989.203048657854,52.84080436739114,87.29434474924831,2375.0,287321.1,True,False,True,True,2,-0.1054526110197368
2021-08-04,2135.0,2135.0,2020.0,2036.0999755859373,324859,2123.566360588554,1991.0421438315043,44.442838964773266,89.273320124302,2375.0,294097.85,True,False,False,True,1,-0.1426947471217106
2021-08-05,2038.0,2040.9000244140625,1922.0999755859373,1939.4000244140625,403689,2106.0267095243166,1989.016962677879,37.43756674384013,91.3823721745751,2375.0,282300.55,True,False,False,True,1,-0.1834105160361842
2021-08-06,1940.0,1969.9000244140625,1889.4000244140625,1940.300048828125,271277,2090.2432180294413,1987.1064954680849,37.53625465639436,90.60505987639117,2375.0,289931.2,True,False,False,False,0,-0.18303155838815788
2021-08-09,1959.25,1993.9000244140625,1898.0,1925.3499755859373,526998,2074.5390997014883,1984.6846711589812,36.506129864995486,90.98327162908198,2375.0,295387.7,True,False,False,True,1,-0.18932632606907907
2021-08-10,1925.3499755859373,1953.3499755859373,1895.0,1917.6500244140625,200049,2059.597283007448,1982.05586148271,35.958769857509935,88.6523219117145,2375.0,308915.1,True,False,False,False,0,-0.19256841077302633
2021-08-11,1931.550048828125,1931.550048828125,1885.300048828125,1902.0999755859373,127384,2044.5975394434945,1978.9203365455817,34.82322390683498,85.62358463230632,2375.0,296862.5,True,False,False,False,0,-0.19911579975328952
2021-08-12,1905.0,1949.949951171875,1870.0999755859373,1893.0999755859373,99548,2030.169200028489,1975.5548321942233,34.15102308188361,85.21118398613713,2375.0,293442.3,True,False,False,False,0,-0.2029052734375001
2021-08-13,1893.0,1936.550048828125,1884.3499755859373,1918.0,76760,2019.486419073395,1973.2977799513126,37.73227608762746,82.85324750442646,2375.0,291892.2,True,False,False,False,0,-0.19242105263157894
2021-08-16,1910.0,1931.449951171875,1886.25,1904.9000244140625,125280,2008.5734291058393,1970.6155150282832,36.60436656180251,80.16372633781565,2375.0,275988.8,True,False,False,False,0,-0.1979368318256579
2021-08-17,1914.800048828125,1914.800048828125,1836.4000244140625,1862.25,302902,1994.6378644290928,1966.3658869879584,33.131878203684536,80.03774762897615,2375.0,272719.1,True,False,False,True,1,-0.21589473684210525
2021-08-18,1866.9000244140625,1910.0,1866.9000244140625,1902.949951171875,532378,1985.9056822141197,1963.8789875441905,39.07185995399563,77.73147994119215,2375.0,279258.15,True,False,False,True,1,-0.19875791529605258
2021-08-20,1902.949951171875,1984.949951171875,1902.949951171875,1953.449951171875,569703,1982.8146602100965,1963.4700057256684,45.53662451894022,78.036374231107,2375.0,293170.0,True,False,False,True,1,-0.17749475740131582
2021-08-23,1994.0,1996.0,1887.6500244140625,1947.4000244140625,205830,1979.4418377533311,1962.8398103801153,44.921682416840206,80.20163147073777,2375.0,311908.4,True,False,False,False,0,-0.18004209498355261
2021-08-24,1960.0,2036.800048828125,1950.0,2013.5,237243,1982.685472253014,1964.826484482856,52.473403982143076,80.8586595381181,2375.0,312131.6,True,False,True,False,1,-0.15221052631578946
2021-08-25,2014.0,2042.0,1987.699951171875,2031.800048828125,124463,1987.363050974453,1967.4528987709057,54.339944290132905,78.96161591597574,2300.0,311533.3,True,False,True,False,1,-0.11660867442255429
2021-08-26,2046.3499755859373,2051.64990234375,1992.75,2042.699951171875,370422,1992.633231945636,1970.4037635709437,55.4619294270436,77.52863637510248,2237.25,309332.95,True,False,True,True,2,-0.08695945863364618
2021-08-27,2050.0,2062.0,2013.0,2032.050048828125,88081,1996.387214505873,1972.8212649535783,54.06405868675361,75.49087663402373,2202.550048828125,301622.7,True,False,True,False,1,-0.07741027273850831
2021-08-30,2050.0,2192.89990234375,2040.0,2179.5,403794,2013.8265274100759,1980.9263133867714,66.61144680873448,81.58794641128097,2194.699951171875,294636.55,True,False,True,True,2,-0.0069257536383317
2021-08-31,2193.0,2214.39990234375,2151.85009765625,2199.800048828125,244376,2031.5382913546518,1989.5095971295698,67.91099990717383,80.22807914529662,2194.699951171875,306459.0,True,True,True,False,1,0.0023238245635932575
2021-09-01,2235.0,2270.0,2128.0,2141.449951171875,389487,2042.0060684801015,1995.4680423861307,60.6086861936717,84.64035920634686,2214.39990234375,278648.6,True,False,True,True,2,-0.032943440385209466
2021-09-02,2157.800048828125,2214.0,2157.699951171875,2194.85009765625,289107,2056.5626426873537,2003.2869465143706,64.38319831458523,83.77676560790243,2270.0,281226.15,True,False,True,True,2,-0.03310568385187229
2021-09-03,2220.0,2258.949951171875,2200.300048828125,2229.39990234375,287991,2073.023334083201,2012.1541212527777,66.61232315455615,82.37127188702549,2270.0,279438.55,True,False,True,True,2,-0.017885505575440552
2021-09-06,2249.699951171875,2304.89990234375,2239.0,2276.75,184159,2092.4258736943248,2022.530430223257,69.43561099412261,81.88046675223795,2270.0,273653.65,True,True,True,False,1,0.002973568281938288
2021-09-07,2289.800048828125,2315.050048828125,2274.75,2294.699951171875,174360,2111.6900715493293,2033.2037447702617,70.4555448709367,78.91043690051559,2304.89990234375,269297.75,True,False,True,False,1,-0.00442533368217124
2021-09-08,2311.800048828125,2333.0,2284.699951171875,2297.0,227041,2129.338636163679,2043.5486959557416,70.59096882309464,76.72398060963054,2315.050048828125,251665.85,True,False,True,False,1,-0.007796828771482467
2021-09-09,2307.35009765625,2353.800048828125,2305.0,2332.699951171875,226864,2148.706380450174,2054.887960866178,72.683893264007,75.3008426252373,2333.0,253015.45,True,False,True,False,1,-0.00012861072787184735
2021-09-13,2347.25,2444.60009765625,2347.10009765625,2409.39990234375,466844,2173.534334916229,2068.79038994373,76.54582919185256,77.91507861517572,2353.800048828125,257989.45,True,True,True,True,2,0.023621315473804305
2021-09-14,2425.0,2548.39990234375,2415.14990234375,2447.85009765625,569927,2199.659645653374,2083.655476520692,78.20905236193863,82.2782872855203,2444.60009765625,276354.25,True,True,True,True,2,0.0013294607993823426
2021-09-15,2458.39990234375,2465.0,2427.800048828125,2455.949951171875,221490,2224.0682461789456,2098.2552598403463,78.55406791025132,79.05840613454563,2548.39990234375,301012.6,True,False,True,False,1,-0.03627764664676425
2021-09-16,2460.0,2480.89990234375,2363.0,2388.699951171875,344026,2239.7474561782724,2109.6452477357007,68.81248366690711,81.83279872091737,2548.39990234375,305823.1,True,False,True,True,2,-0.06266675454860904
2021-09-17,2408.699951171875,2418.39990234375,2190.0,2298.10009765625,1076054,2245.304850604746,2117.035634007095,58.319590179237274,92.3018775511197,2548.39990234375,307879.3,True,False,True,True,2,-0.09821841715552593
2021-09-20,2228.0,2259.0,2173.35009765625,2221.5,222126,2243.037721975723,2121.132275810738,51.20964420361249,94.61960058318257,2548.39990234375,335063.1,True,False,True,False,1,-0.12827653228329738
2021-09-21,2223.0,2254.800048828125,2124.0,2157.050048828125,235885,2234.8484197711896,2122.540815929067,46.11544214549188,97.20391831496418,2548.39990234375,317684.25,True,False,False,False,0,-0.1535668923686987
2021-09-22,2161.0,2221.5,2101.5,2127.300048828125,237107,2224.605717776612,2122.727452513344,43.9424520023363,98.83220986389532,2548.39990234375,319187.0,True,False,False,False,0,-0.16524088434014683
2021-09-23,2128.89990234375,2184.0,2116.10009765625,2127.14990234375,281988,2215.324211544911,2122.900881918458,43.93120084144275,96.62275932674208,2548.39990234375,319180.2,True,False,False,False,0,-0.16529980228479002
2021-09-24,2140.0,2142.89990234375,2070.0,2089.550048828125,219321,2203.345719857598,2121.593006110994,41.093651328016115,94.92826954224266,2548.39990234375,327056.45,True,False,False,False,0,-0.1800541010434128
2021-09-27,2108.0,2127.949951171875,2030.0999755859373,2048.949951171875,305803,2188.641360935148,2118.7442588584795,38.22275217641225,95.13696283107802,2548.39990234375,319501.4,True,False,False,False,0,-0.19598570487800349
2021-09-28,2058.0,2088.0,2005.25,2032.199951171875,265816,2173.7421790529315,2115.3503644393973,37.07205182591282,94.25217977171532,2548.39990234375,330387.5,True,False,False,False,0,-0.2025584566602473
2021-09-29,2017.699951171875,2160.0,1995.25,2052.449951171875,240923,2162.1905383023545,2112.883681566161,39.445509780481245,99.28773835944993,2548.39990234375,323488.6,True,False,False,False,0,-0.1946122940578331
2021-09-30,2085.0,2120.0,2048.0,2105.75,252126,2156.8152489402255,2112.6039293478802,45.29419985585781,97.3386141909178,2548.39990234375,323315.95,True,False,False,False,0,-0.17369719012178864
2021-10-01,2099.0,2167.0,2095.050048828125,2115.5,357422,2152.8804633268705,2112.7175007460028,46.315660324982204,95.52513826098617,2548.39990234375,316447.9,True,False,False,True,1,-0.1698712599798855
2021-10-04,2134.699951171875,2150.0,2120.0,2128.449951171875,273486,2150.5537478835377,2113.334459586233,47.71214825722487,91.16619981377286,2548.39990234375,319863.65,True,False,False,False,0,-0.16478965910556242
2021-10-05,2110.0,2126.75,2065.0,2073.800048828125,263821,2143.2438717830223,2111.7840905368957,42.667896570804444,89.18646776792302,2548.39990234375,319138.4,True,False,False,False,0,-0.18623444973417946
2021-10-06,2055.5,2145.0,2050.60009765625,2103.75,631327,2139.4825506608295,2111.4690281629,46.035108830624665,89.55885595191066,2548.39990234375,323121.5,True,False,False,True,1,-0.17448199630474315
2021-10-07,2118.0,2124.64990234375,2065.800048828125,2093.0,247925,2135.0556410740837,2110.7447525486687,45.01320602038336,87.36535577789026,2548.39990234375,345969.85,True,False,False,False,0,-0.17870032953812354
2021-10-08,2095.0,2131.800048828125,2065.0,2099.949951171875,358447,2131.712242035778,2110.3214270044805,45.850110640498464,85.89640528147847,2548.39990234375,347014.05,True,False,False,True,1,-0.17597314721266388
2021-10-11,2100.10009765625,2118.0,2067.0,2077.85009765625,348861,2126.5825139996327,2109.048041539844,43.578757134328576,83.40380490423,2548.39990234375,353593.2,True,False,False,False,0,-0.18464519805338941
2021-10-12,2095.10009765625,2117.85009765625,2031.0999755859373,2066.35009765625,427305,2120.846093395501,2107.373612367938,42.40163882545289,83.6428275589502,2548.39990234375,347694.05,True,False,False,True,1,-0.18915783360537775
2021-10-13,2081.699951171875,2097.199951171875,2050.0,2072.85009765625,242926,2116.275046182239,2106.0197490459113,43.333332500988895,81.03976495987341,2480.89990234375,340562.95,True,False,False,False,0,-0.1644765289812814
2021-10-14,2077.85009765625,2100.0,2049.949951171875,2062.85009765625,376959,2111.1869558464305,2104.3268215404346,42.20231171028895,78.82621380760567,2480.89990234375,341634.75,True,False,False,True,1,-0.16850732441585448
2021-10-18,2088.0,2108.0,2057.10009765625,2084.5,516783,2108.6453410039135,2103.549299127084,45.517773100221966,76.83147727447313,2418.39990234375,343281.4,True,False,False,True,1,-0.13806645543615703
2021-10-19,2090.0,2109.85009765625,2014.9000244140625,2035.6500244140625,284002,2101.693406090594,2100.8865824716713,39.94930397491214,78.12566270073845,2259.0,315317.85,True,False,False,False,0,-0.09887117113144639
2021-10-20,2038.0,2049.85009765625,1953.0999755859373,1972.0999755859373,191504,2089.35117461396,2095.8361272996817,34.10412352526076,79.4559812271366,2254.800048828125,318411.65,False,False,False,False,0,-0.12537700333522428
2021-10-21,1979.949951171875,1999.0,1927.75,1975.550048828125,294339,2078.5129721581666,2091.1190261831503,34.663037228670674,78.86983971091256,2221.5,316192.6,False,False,False,False,0,-0.1107134599018118
2021-10-22,1976.0,1995.0,1902.0,1928.050048828125,129153,2064.183169936258,2084.7241643260904,30.790835531660704,79.8791368744188,2184.0,319054.2,False,False,False,False,0,-0.11719320108602338
2021-10-25,1929.949951171875,1943.6500244140625,1842.0,1885.949951171875,196758,2047.2085776729832,2076.929097143572,27.824051684995695,81.43420027010764,2167.0,311412.45,False,False,False,False,0,-0.1296954540046723
2021-10-26,1887.8499755859373,1955.0,1882.300048828125,1944.5999755859373,213921,2037.4363298551693,2071.739719827586,36.9397491486524,80.8103253345196,2167.0,310284.3,False,False,False,False,0,-0.1026303758255942
2021-10-27,1947.9000244140625,2000.0,1935.199951171875,1959.75,221282,2030.0376317737246,2067.3479661088572,39.08010683335788,79.66673415549141,2167.0,305690.2,False,False,False,False,0,-0.09563913244116284
2021-10-28,1930.0,2008.0,1886.300048828125,1991.3499755859373,396504,2026.3530930891734,2064.3676527550174,43.395678646827214,82.66910679951881,2167.0,303463.5,False,False,False,True,1,-0.08105677176468051
2021-10-29,1991.3499755859373,2045.0,1960.300048828125,2012.25,307762,2025.009941366395,2062.323823235213,46.11459052464264,82.81416711182997,2167.0,311242.55,False,False,False,False,0,-0.07141209044762342
2021-11-01,2010.800048828125,2041.0,1987.300048828125,2016.449951171875,171294,2024.194704205012,2060.5248478601798,46.66897063639177,80.73458025897605,2167.0,314024.35,False,False,False,False,0,-0.06947394962073139
2021-11-02,2033.0,2033.0,1992.1500244140625,2018.4000244140625,141136,2023.642829939207,2058.8728939995476,46.94191828901829,77.88567992518759,2150.0,304717.95,False,False,False,False,0,-0.061209290970203445
2021-11-03,2019.0,2039.949951171875,1995.0,2013.0999755859373,123860,2022.6387485722291,2057.077877591171,46.249104761584434,75.53312787137955,2145.0,298100.45,False,False,False,False,0,-0.06149185287368897
2021-11-04,2035.0,2048.800048828125,2017.9000244140625,2034.8499755859373,26604,2023.8017225735346,2056.206195159593,49.540375538563005,72.68790968358013,2145.0,291102.4,False,False,False,False,0,-0.05135199273382873
2021-11-08,2049.89990234375,2132.60009765625,2028.550048828125,2093.64990234375,436789,2030.453930170698,2057.6745758334814,57.17484798742523,74.92806247961904,2131.800048828125,260866.25,False,False,True,True,2,-0.017895743320461288
2021-11-09,2093.64990234375,2142.89990234375,2075.0,2132.550048828125,205319,2040.177370042834,2060.610868892095,61.34194969045146,74.42605104134269,2132.60009765625,270309.45,False,False,True,False,1,-2.3468454390496163e-05
2021-11-10,2134.0,2199.0,2108.39990234375,2167.64990234375,358257,2052.3176112143497,2064.8084780470617,64.68141708539306,75.58134008526464,2142.89990234375,262653.05,False,True,True,True,2,0.011549769530966092
2021-11-11,2170.0,2170.0,2100.0,2120.5,135852,2058.8111720510783,2066.9924593001183,57.49624873474455,75.18267293631718,2199.0,263122.85,False,False,True,False,1,-0.035698044565711684
2021-11-12,2121.0,2161.949951171875,2120.5,2141.949951171875,167057,2066.729151014964,2069.9319687852853,59.690062420468244,72.7731928102856,2199.0,248550.2,False,False,True,False,1,-0.025943632936846317
2021-11-15,2145.0,2164.14990234375,2109.0,2116.300048828125,85342,2071.4501889019316,2071.7503248653966,55.96982609531893,71.5143863483902,2199.0,244756.75,False,False,True,False,1,-0.037607981433322
2021-11-16,2117.0,2133.39990234375,2052.0,2057.64990234375,114838,2070.1358758963906,2071.1973671194496,48.522806799473585,72.22049463377306,2199.0,230175.9,False,False,False,False,0,-0.06427926223567526
2021-11-17,2051.0,2062.5,1980.550048828125,1990.949951171875,230920,2062.5943592559606,2068.0504096313093,41.72369231497079,72.91545581506605,2199.0,210078.65,False,False,False,True,1,-0.09461120910783316
2021-11-18,1990.0,2035.0,1960.050048828125,2015.5,215086,2058.109182183964,2065.989609253611,44.79013366493869,73.06077691198098,2199.0,207424.55,False,False,False,True,1,-0.08344702137335147
2021-11-22,2013.4000244140625,2013.4000244140625,1914.25,1942.199951171875,305169,2047.0702078018603,2061.1351128582487,38.30862907989076,75.07429284683948,2199.0,208603.65,False,False,False,True,1,-0.11678037691138021
2021-11-23,1942.0,2035.0,1911.199951171875,2032.050048828125,443454,2045.6397164710284,2059.9945221119697,48.20316960839411,78.55470398835989,2199.0,209145.15,False,False,False,True,1,-0.075920850919452
2021-11-24,2032.0999755859373,2052.300048828125,1973.300048828125,2000.949951171875,414097,2041.3835483472994,2057.6790487417697,45.48387329401642,78.58651084633418,2199.0,224860.2,False,False,False,True,1,-0.09006368750710547
2021-11-25,2000.0,2029.0,1953.25,1978.300048828125,414566,2035.3755960121398,2054.566146784372,43.5566812926946,78.38390292873889,2199.0,235727.15,False,False,False,True,1,-0.10036377952336284
2021-11-26,1970.0,1976.5999755859373,1879.0,1888.3499755859373,154465,2021.373155971549,2048.047865560904,36.87456121770469,79.87791335012362,2199.0,245759.4,False,False,False,False,0,-0.14126876962895074
2021-11-29,1856.0,1890.0,1801.0,1859.449951171875,256617,2005.9518983715802,2040.6518689181971,35.01587593639695,80.52949096797194,2199.0,242418.55,False,False,False,True,1,-0.15441111815740105
2021-11-30,1848.800048828125,1911.0,1842.5,1873.4000244140625,135212,1993.327910375626,2034.0929730552898,36.675142573150545,79.6702416131168,2199.0,235424.2,False,False,False,False,0,-0.14806729221734316
2021-12-01,1874.8499755859373,1904.050048828125,1829.3499755859373,1838.0999755859373,154877,1978.5442975385129,2026.406973154531,34.289252496917925,79.31522958662187,2199.0,226796.7,False,False,False,False,0,-0.16412006567260695
2021-12-02,1841.0,1865.0,1838.1500244140625,1848.449951171875,97649,1966.1543597893092,2019.428266410113,35.61186662521223,75.5712863600105,2199.0,225975.85,False,False,False,False,0,-0.15941339191820147
2021-12-03,1870.0,1920.0,1861.1500244140625,1867.75,265512,1956.782515999851,2013.4800990999126,38.11334927654944,75.28405510773297,2199.0,223801.5,False,False,False,True,1,-0.1506366530241019
2021-12-06,1867.75,1880.949951171875,1784.550048828125,1793.800048828125,288863,1941.2603762692106,2004.8651951676857,32.847607375888416,76.79232991030563,2199.0,230884.1,False,False,False,True,1,-0.18426555305678716
2021-12-07,1800.0,1905.0,1792.699951171875,1857.0999755859373,758703,1933.245100013661,1999.0704806742838,40.433931431774276,79.32859554729274,2199.0,243997.05,False,False,False,True,1,-0.15547977463122453
2021-12-08,1857.0,1919.0,1837.0,1913.8499755859373,512685,1931.3979453062589,1995.7285000825839,46.292021528494,79.51941015105754,2199.0,260092.75,False,False,False,True,1,-0.12967258954709537
2021-12-09,1923.9000244140625,1943.800048828125,1893.0,1913.25,240239,1929.6695695628057,1992.4940490989532,46.24024539254541,77.4680271994195,2199.0,275461.05,False,False,False,False,0,-0.12994542974079126
2021-12-10,1871.0,1913.8499755859373,1866.6500244140625,1885.949951171875,208385,1925.505796382717,1988.3158491802442,43.83762564765476,75.3060217688806,2170.0,269560.15,False,False,False,False,0,-0.1308986400129608
2021-12-13,1890.0,1933.25,1875.0,1881.199951171875,183601,1921.2861920769226,1984.1152257289357,43.41493856917974,74.08773449967485,2164.14990234375,273186.8,False,False,False,False,0,-0.13074415541430073
2021-12-14,1882.0,1927.25,1872.0,1916.9000244140625,120147,1920.868461823317,1981.4793354812937,47.511297174702214,72.74218203541237,2164.14990234375,274014.0,False,False,False,False,0,-0.11424803691367158
2021-12-15,1904.800048828125,1955.5,1904.800048828125,1931.699951171875,258674,1921.9000322374654,1979.5272027632773,49.154619741546,71.16773697373114,2133.39990234375,275754.25,False,False,False,False,0,-0.09454390194275708
2021-12-16,1931.800048828125,1945.0,1876.449951171875,1883.949951171875,149434,1918.2857388026473,1975.779075249889,44.33210237954461,70.980759249045,2062.5,282946.05,False,False,False,False,0,-0.08656972064393942
2021-12-17,1885.0,1899.9000244140625,1816.050048828125,1854.300048828125,168550,1912.1918635669786,1971.0151918608003,41.602711883375584,71.89998898739447,2052.300048828125,278871.75,False,False,False,False,0,-0.09647712093222394
2021-12-20,1820.0,1839.9000244140625,1756.1500244140625,1800.5999755859375,533825,1901.5640647116413,1964.3322422029626,37.14250657265956,73.77499151787075,2052.300048828125,276544.95,False,False,False,True,1,-0.12264292123654608
2021-12-21,1800.5999755859375,1904.0,1800.5999755859375,1842.699951171875,466605,1895.957958660235,1959.5623484370378,42.35985590730445,75.89106529617015,2052.300048828125,287977.75,False,False,False,True,1,-0.10212936347973722
2021-12-22,1841.9000244140625,1859.0,1829.5999755859373,1844.3499755859373,160788,1891.042912653159,1955.0442161683673,42.56108570459193,72.57027666173391,2052.300048828125,289135.3,False,False,False,False,0,-0.10132537557601695
2021-12-23,1850.199951171875,1864.5,1836.25,1847.0,94019,1886.8483495433343,1950.8071880833334,42.90583480956292,69.4045426144672,2029.0,276469.85,False,False,False,False,0,-0.08969935929029083
2021-12-24,1940.0,1970.0,1812.0,1826.199951171875,580031,1881.0723116031954,1945.9206297730802,40.83416849545609,75.7327895705767,1976.5999755859373,260442.5,False,False,False,True,1,-0.07609026928651974
2021-12-27,1812.0,1830.0,1764.4000244140625,1818.5,197907,1875.1130438314624,1940.9237423309987,40.062989658433374,75.00901714310247,1970.0,281720.8,False,False,False,False,0,-0.07690355329949239
2021-12-28,1821.800048828125,1885.0,1810.0,1864.8499755859373,327619,1874.13560876046,1937.9404573606041,46.60053232294686,75.0083730614523,1970.0,278785.3,False,False,False,True,1,-0.05337564691069174
2021-12-29,1860.0,1860.050048828125,1811.0,1819.699951171875,218603,1868.9512604186898,1933.3035747649678,41.81584561391995,73.49705895605837,1970.0,288405.65,False,False,False,False,0,-0.07629444102950511
2021-12-30,1825.0,1829.300048828125,1796.050048828125,1804.3499755859373,106510,1862.7987571012848,1928.2465708755942,40.30085053048164,70.62226903062563,1970.0,291591.95,False,False,False,False,0,-0.08408630680916884
2021-12-31,1811.0,1865.949951171875,1798.1500244140625,1847.9000244140625,202493,1861.3798301786921,1925.0957259163185,46.250734718517975,70.42067315399612,1970.0,292035.0,False,False,False,False,0,-0.06197968303854695
2022-01-03,1849.550048828125,1892.5999755859373,1844.800048828125,1881.8499755859373,141011,1863.329367836525,1923.3998141386567,50.40075858277627,68.8049055542687,1970.0,288884.05,False,False,True,False,1,-0.044746205286326224
2022-01-04,1888.0,1898.300048828125,1860.550048828125,1876.5999755859373,84425,1864.593235241231,1921.5645263522756,49.76091873292528,66.58669801467808,1970.0,281491.45,False,False,False,False,0,-0.04741117990561561
2022-01-05,1876.6500244140625,1940.0,1876.6500244140625,1911.050048828125,454090,1869.017693678078,1921.152193900348,53.8969114213557,66.35907847177698,1970.0,247777.55,False,False,True,True,2,-0.02992383308217006
2022-01-06,1909.9000244140625,1919.3499755859373,1877.0,1887.4000244140625,157688,1870.76839184341,1919.8285794106898,50.80470730183055,64.64414255135986,1970.0,244847.8,False,False,True,False,1,-0.041928921617227166
2022-01-07,1880.0,1950.449951171875,1863.0,1931.3499755859373,350551,1876.5380664855554,1920.2803988685428,55.87151875436052,66.27312888139666,1970.0,240720.25,False,False,True,True,2,-0.01961930173302673
2022-01-10,1955.0,1999.0,1935.6500244140625,1994.0999755859373,312571,1887.73443878083,1923.1752842300093,61.90441502371806,66.37147856230138,1970.0,247828.55,False,True,True,True,2,0.012233490145145742
2022-01-11,2000.0,2029.0,1979.6500244140625,1999.449951171875,329006,1898.374011389501,1926.1664476394942,62.37668108266656,65.15565692113253,1999.0,254277.05,False,True,True,True,2,0.00022508813000254868
2022-01-12,2008.9000244140625,2035.0,2003.0,2026.800048828125,121956,1910.6050625741318,1930.1128633723818,64.78042378297985,63.04097062877486,2029.0,264720.0,False,False,True,False,1,-0.0010842539043247612
2022-01-13,2026.800048828125,2038.0,1990.8499755859373,2004.8499755859373,149076,1919.5807685752561,1933.0437305180114,61.39047124845944,61.905903042009705,2035.0,257884.1,False,False,True,False,1,-0.014815736812807234
2022-01-14,2004.5,2031.0,1983.949951171875,2012.8499755859373,81064,1928.463550195321,1936.1733871873419,62.16752889472006,60.8447705981608,2038.0,257866.2,False,False,True,False,1,-0.012340541910727532
2022-01-17,2029.0,2104.14990234375,2010.0,2066.699951171875,289553,1941.6289217168976,1941.2920759710491,66.98433334563296,63.223708579988596,2038.0,253491.9,True,True,True,True,2,0.01408240979974229
2022-01-18,2082.0,2082.0,1969.949951171875,1981.550048828125,118647,1945.4309338227288,1942.87082000466,55.049169064012226,66.71130431199835,2104.14990234375,241278.3,True,False,True,False,1,-0.05826574113330263
2022-01-19,1975.0,2008.949951171875,1958.0,1983.6500244140625,118696,1949.0708472123795,1944.4700044913031,55.26088683244943,65.5854933734181,2104.14990234375,223880.4,True,False,True,False,1,-0.05726772498264798
2022-01-20,1978.0,2024.75,1978.0,1988.8499755859373,81786,1952.8593356289089,1946.2103955146222,55.815839438457424,64.24010098960252,2104.14990234375,221775.8,True,False,True,False,1,-0.054796441370162596
2022-01-21,1974.0,2003.949951171875,1917.199951171875,1951.699951171875,429037,1952.7489180615723,1946.4256722070636,50.95307283371731,65.84795091891664,2104.14990234375,221164.15,True,False,True,True,2,-0.07245203918317111
2022-01-24,1940.5999755859373,1975.699951171875,1823.550048828125,1867.550048828125,235536,1944.6347400393392,1943.3325105059287,42.022368901945114,72.01237602069045,2104.14990234375,213614.45,True,False,False,True,1,-0.11244439060738187
2022-01-25,1847.0,1855.1500244140625,1805.050048828125,1834.8499755859373,287522,1934.1790481866342,1939.0782934502427,39.15069833274133,71.33292059064114,2104.14990234375,215495.9,False,False,False,True,1,-0.12798514329128718
2022-01-27,1834.8499755859373,1834.8499755859373,1666.0,1726.3499755859375,399267,1914.385803177044,1930.736006475172,31.46693150541175,78.29842451887659,2104.14990234375,213491.05,False,False,False,True,1,-0.17954991055389746
2022-01-28,1672.25,1838.25,1672.25,1784.699951171875,460321,1902.0347696527422,1925.009102345631,38.461735251738666,84.56282276752826,2104.14990234375,222524.25,False,False,False,True,1,-0.15181900814958538
2022-01-31,1789.9000244140625,1819.949951171875,1757.050048828125,1781.800048828125,275088,1890.5838438599217,1919.393061031219,38.252774044120045,83.01547130868695,2104.14990234375,240214.8,False,False,False,True,1,-0.15319719054073533
2022-02-01,1795.0,1940.0,1782.0999755859375,1902.699951171875,898614,1891.7377588420125,1918.7384292720292,50.36114709285734,88.38579129891468,2104.14990234375,243844.55,False,False,True,True,2,-0.09573935343080164
2022-02-02,1900.9000244140625,1933.800048828125,1871.4000244140625,1919.550048828125,258631,1894.3865483644993,1918.7702574899154,51.78037875579988,86.5296650928538,2104.14990234375,281724.7,False,False,True,False,1,-0.08773132242622295
2022-02-03,1914.0,1970.699951171875,1906.4000244140625,1941.699951171875,442397,1898.8925867271066,1919.6694611637176,53.65614114882262,84.94182664035085,2104.14990234375,290435.0,False,False,True,True,2,-0.0772045522949324
2022-02-04,1950.0,1960.0,1920.1500244140625,1940.199951171875,161686,1902.8266214361322,1920.4745784189397,53.504349720898645,81.72098013646418,2104.14990234375,289850.35,False,False,True,False,1,-0.07791742926169665
2022-02-07,1940.199951171875,1986.449951171875,1922.5999755859373,1978.5999755859373,259444,1910.0431313551612,1922.754005758822,56.86829815493581,80.44447981142658,2104.14990234375,290050.25,False,False,True,False,1,-0.05966776730971801
2022-02-08,1993.050048828125,2015.0,1935.0,1939.949951171875,152058,1912.891399909134,1923.428356559334,52.73286216215991,80.41273125346753,2104.14990234375,285494.9,False,False,True,False,1,-0.07803624208949067
2022-02-09,1948.699951171875,1985.800048828125,1935.449951171875,1969.300048828125,195396,1918.2636521871332,1925.2272464522277,55.386039686333184,78.2654002822377,2104.14990234375,277469.25,False,False,True,False,1,-0.06408756969521023
2022-02-10,1970.050048828125,1976.050048828125,1915.0,1948.1500244140625,84587,1921.1099733516025,1926.1261789213195,53.07410434413035,77.03573232122966,2104.14990234375,270788.75,False,False,True,False,1,-0.07413914652940068
2022-02-11,1930.4000244140625,1950.5,1876.0,1898.949951171875,153632,1918.9994950487712,1925.0604444997725,48.04947973846698,76.85460858399897,2104.14990234375,268920.3,False,False,False,False,0,-0.09752154584771211
2022-02-14,1852.0,1883.300048828125,1793.300048828125,1804.449951171875,121456,1908.090014679543,1920.330621232012,40.18097576473306,78.91141528112404,2104.14990234375,269148.1,False,False,False,False,0,-0.14243279475385673
2022-02-15,1810.0,1860.0,1791.800048828125,1854.5999755859373,175484,1902.9957252420568,1917.7529488537346,45.30029795438543,78.14631070189196,2104.14990234375,271167.7,False,False,False,False,0,-0.11859892989555854
2022-02-16,1864.75,1873.5,1818.0,1830.300048828125,71239,1896.072327488349,1914.3234233625344,43.36379177079208,76.52871708032825,2082.0,265464.25,False,False,False,False,0,-0.12089334830541543
2022-02-17,1835.0,1865.0,1805.6500244140625,1842.8499755859373,384735,1891.0035320690718,1911.52054305757,44.679101299396486,75.3016641164432,2024.75,263093.85,False,False,False,True,1,-0.08983826369382031
2022-02-18,1827.0999755859373,1836.449951171875,1761.1500244140625,1789.050048828125,317609,1881.2936765223149,1906.7177785779838,40.35265707053105,75.7586846204026,2024.75,276395.8,False,False,False,True,1,-0.11640940914773423
2022-02-21,1779.050048828125,1798.9000244140625,1730.0999755859375,1739.1500244140625,89264,1867.7561858453385,1900.1464941009674,36.79384083490302,75.26163920666849,2015.0,288186.95,False,False,False,False,0,-0.13689825091113528
2022-02-22,1705.0,1732.1500244140625,1653.25,1686.25,292670,1850.4698824314967,1891.7583962930862,33.428070110259966,76.02152386433949,2015.0,271198.3,False,False,False,True,1,-0.16315136476426795
2022-02-23,1708.050048828125,1708.050048828125,1648.300048828125,1654.25,173698,1831.782274580878,1882.4443415364944,31.54805727973398,74.85927215974381,2015.0,274055.0,False,False,False,False,0,-0.17903225806451617
2022-02-24,1571.0999755859375,1623.75,1512.550048828125,1536.8499755859375,516658,1803.6934842004075,1868.8916213031393,25.81242599429332,79.63360637489605,2015.0,268363.8,False,False,False,True,1,-0.23729529747596156
2022-02-25,1536.8499755859375,1620.75,1536.8499755859375,1574.8499755859375,482562,1781.8988643323628,1857.3605763730532,30.23376660743382,79.9383505205508,2015.0,274233.35,False,False,False,True,1,-0.21843673668191688
2022-02-28,1569.0,1598.0,1493.1500244140625,1567.0,462614,1761.4323058245186,1845.9738871035217,29.838159371888295,81.71775231093557,2015.0,275345.4,False,False,False,True,1,-0.222332506203474
2022-03-02,1560.0,1560.3499755859375,1485.0,1517.3499755859375,401048,1738.1863696113205,1833.086674887146,27.396408007476595,81.73791286015447,2015.0,284721.7,False,False,False,True,1,-0.24697271683080024
2022-03-03,1521.0,1548.800048828125,1420.8499755859375,1426.800048828125,369623,1708.5305295367305,1817.1538660220863,23.602846634189376,85.03878145887111,2015.0,259843.4,False,False,False,True,1,-0.29191064574286596
2022-03-04,1423.5999755859375,1454.949951171875,1353.199951171875,1404.4000244140625,478418,1679.5657195250478,1800.9674408609874,22.763134133782557,86.2324399260946,2015.0,265393.0,False,False,False,True,1,-0.3030272831691998
2022-03-07,1359.0,1373.9000244140625,1290.1500244140625,1331.0,553126,1646.3689843321863,1782.5373451409487,20.224103663985588,88.23369421708784,2015.0,267194.05,False,False,False,True,1,-0.33945409429280393
2022-03-08,1326.0999755859375,1379.699951171875,1278.1500244140625,1362.25,573703,1619.3100334434066,1766.0554884687547,24.10547167373599,89.18485368428247,2015.0,286766.05,False,False,False,True,1,-0.3239454094292804
2022-03-09,1366.4000244140625,1475.9000244140625,1362.25,1465.0999755859375,442885,1604.6233612665046,1754.2533114929581,35.26818493179792,90.93236587926677,2015.0,302479.0,False,False,False,True,1,-0.2729032379226116
2022-03-10,1515.0999755859375,1529.949951171875,1442.699951171875,1482.1500244140625,466778,1592.9592339472244,1743.5825943526095,36.92443745432652,90.66933974503344,1985.800048828125,317020.35,False,False,False,True,1,-0.2536257488317014
2022-03-11,1473.5,1480.0,1402.0,1429.8499755859375,449351,1577.4250188651972,1731.2793544009753,34.046738043322776,89.91796007853553,1976.050048828125,330589.45,False,False,False,True,1,-0.2764100401030356
2022-03-14,1415.0,1429.0,1378.1500244140625,1407.4000244140625,313954,1561.2321622508034,1718.5782042054102,32.86278653281603,87.18810229948835,1950.5,348827.65,False,False,False,False,0,-0.2784414127587478
2022-03-15,1421.75,1474.9000244140625,1405.050048828125,1423.800048828125,389816,1548.1433895438818,1707.0182765435559,34.65056627745193,85.94966467709186,1883.300048828125,356843.75,False,False,False,True,1,-0.24398661290638302
2022-03-16,1451.800048828125,1482.0,1425.75,1473.5999755859375,405627,1541.0440167859822,1697.864617682473,39.88536300627224,83.96754228386209,1873.5,370261.75,False,False,False,True,1,-0.21345077363974518
2022-03-17,1490.0,1523.4000244140625,1450.5999755859375,1460.25,352511,1533.3493485206504,1688.5463973811995,38.98383544229506,83.16986417988086,1873.5,381768.9,False,False,False,False,0,-0.22057646116893515
2022-03-21,1460.0,1460.0,1412.3499755859375,1425.1500244140625,277487,1523.0446509866897,1678.2171278530766,36.638960779823066,80.65058991089384,1865.0,395832.5,False,False,False,False,0,-0.23584449093079762
2022-03-22,1425.1500244140625,1431.949951171875,1397.050048828125,1422.449951171875,208200,1513.4642033852788,1668.1870424930296,36.457295084202634,77.38268365609785,1836.449951171875,390470.1,False,False,False,False,0,-0.22543494841001166
2022-03-23,1427.0,1440.75,1390.0999755859375,1412.5,145765,1503.8485649676331,1658.1600996501659,35.75376662830651,75.47320799595248,1798.9000244140625,384999.65,False,False,False,False,0,-0.21479794272609487
2022-03-24,1404.949951171875,1412.0999755859375,1381.1500244140625,1388.449951171875,165414,1492.8582207966085,1647.5832310823898,34.04369758556129,72.32154853809428,1732.1500244140625,387824.7,False,False,False,False,0,-0.19842396351231273
2022-03-25,1400.0,1403.3499755859375,1351.4000244140625,1360.4000244140625,171297,1480.2431544744613,1636.3211445463771,32.1144298030714,70.86643444050719,1708.050048828125,381461.9,False,False,False,False,0,-0.20353620472221023
2022-03-28,1360.5,1396.949951171875,1341.3499755859375,1383.6500244140625,239415,1471.0438087544233,1626.4124731686393,35.383148089389124,69.77597309375221,1623.75,381341.85,False,False,False,False,0,-0.1478675754185912
2022-03-29,1375.0,1448.949951171875,1370.949951171875,1431.699951171875,524071,1467.2967746989425,1618.7766879922956,41.63757871697979,70.36340358705563,1620.75,367479.7,False,False,False,True,1,-0.11664355935716486
2022-03-30,1452.300048828125,1502.4000244140625,1442.75,1493.1500244140625,682116,1469.7589889575254,1613.850152165698,48.50259661515643,70.38745141956505,1598.0,369555.15,False,False,False,True,1,-0.06561325130534257
2022-03-31,1505.550048828125,1507.6500244140625,1465.0,1495.5999755859375,215880,1472.2200353030883,1609.2128903390408,48.76137354687614,68.40620663345773,1560.3499755859375,380530.25,False,False,False,False,0,-0.04149710065889889
2022-04-01,1502.0,1534.949951171875,1485.0,1526.199951171875,396086,1477.360979671544,1605.9574809599362,52.00537587350177,67.08790267191611,1548.800048828125,371271.85,False,False,True,True,2,-0.01459200474157396
2022-04-04,1526.25,1583.300048828125,1526.25,1576.9000244140625,248638,1486.840888694641,1604.8179728600983,56.876909914707824,66.37448802793996,1534.949951171875,372595.0,False,True,True,False,1,0.027329929037855694
2022-04-05,1592.699951171875,1609.0999755859375,1527.800048828125,1592.3499755859375,228634,1496.8893731604787,1604.3290317905235,58.26704031381308,67.44059079435944,1583.300048828125,361106.0,False,True,True,False,1,0.005715863373155772
2022-04-06,1576.0,1624.0,1561.300048828125,1593.9000244140625,360524,1506.1284828036773,1603.9200511090935,58.4118900809154,67.10197367846769,1609.0999755859375,344881.4,False,False,True,True,2,-0.009446244113166524
2022-04-07,1608.0,1614.0,1582.199951171875,1589.199951171875,204798,1514.0400512196961,1603.3427922880262,57.75727017990732,64.58040761772892,1624.0,334222.45,False,False,True,False,1,-0.021428601495150912
2022-04-08,1600.0,1622.0,1597.050048828125,1607.25,122637,1522.9171891987726,1603.4960161198683,59.628475868363694,62.31038198990007,1624.0,322318.1,False,False,True,False,1,-0.010314039408866993
2022-04-11,1619.4000244140625,1640.4000244140625,1593.0,1620.550048828125,257239,1532.2155567825205,1604.1648017162706,60.9993602308112,61.245356448768824,1624.0,305111.05,False,False,True,False,1,-0.0021243541698737767
2022-04-12,1620.550048828125,1631.449951171875,1570.0,1602.5,306061,1538.9093132794235,1604.0995153744561,58.11516293176696,61.259970357562125,1640.4000244140625,295505.45,False,False,True,True,2,-0.02310413548524548
2022-04-13,1615.0,1640.5,1603.25,1630.0,225482,1547.5846167766213,1605.1152206538893,61.13057583326547,59.59854390345055,1640.4000244140625,295110.8,False,False,True,False,1,-0.006339931882028194
2022-04-18,1634.0,1634.0,1590.3499755859375,1601.800048828125,109683,1552.7479912577169,1604.9852139156242,56.62837942252586,58.45936393992283,1640.5,286894.1,False,False,True,False,1,-0.02359033902583052
2022-04-19,1614.0,1623.699951171875,1538.050048828125,1573.050048828125,109892,1554.6815205501366,1603.7328545004282,52.39190745543073,60.40154525448192,1640.5,272096.9,False,False,True,False,1,-0.04111548379876562
2022-04-20,1573.050048828125,1622.0,1545.25,1588.949951171875,144033,1557.9451806093498,1603.1531328012693,54.42267550701238,61.56929202201892,1640.5,259965.95,False,False,True,False,1,-0.03142337630486136
2022-04-21,1610.0,1625.0,1595.0,1613.25,80366,1563.2123062656021,1603.5490883776902,57.41258597345348,59.74648893674079,1640.5,253293.25,False,False,True,False,1,-0.0166107893934776
2022-04-22,1617.0,1635.0,1592.050048828125,1620.25,139864,1568.64446757364,1604.204026088369,58.261994517140614,58.54673623925038,1640.5,246901.55,False,False,True,False,1,-0.012343797622676012
2022-04-25,1605.5,1609.0,1561.5,1570.9000244140625,113876,1568.8592825108233,1602.8979868070237,50.59973000831609,58.561255079303926,1640.5,246606.5,False,False,True,False,1,-0.042426074724740914
2022-04-26,1588.699951171875,1604.300048828125,1573.199951171875,1583.0999755859375,91848,1570.2155389941674,1602.1215942101185,52.270863723356506,56.76402431750097,1640.5,244029.6,False,False,True,False,1,-0.03498934740265924
2022-04-27,1565.0,1590.0,1522.6500244140625,1549.5999755859375,118416,1568.2521520029072,1600.0619228915232,47.517442166536476,57.52016369381787,1640.5,240057.15,False,False,False,False,0,-0.05540995087720968
2022-04-28,1568.0,1568.0,1529.5,1538.300048828125,129525,1565.3995707481658,1597.6398886145273,45.997942646572305,56.16158057283088,1640.5,234007.2,False,False,False,False,0,-0.0622980500895306
2022-04-29,1540.199951171875,1564.0,1514.4000244140625,1519.1500244140625,149626,1560.9948520496798,1594.5618547243132,43.4614692970448,55.6928945023385,1640.5,214279.9,False,False,False,False,0,-0.07397133531602407
2022-05-02,1519.1500244140625,1519.1500244140625,1476.3499755859375,1501.75,82450,1555.3524851878055,1590.9221741468893,41.236427670075344,54.77197695418039,1640.5,187655.4,False,False,False,False,0,-0.08457787259981708
2022-05-04,1502.0,1509.949951171875,1436.0,1444.550048828125,112315,1544.7998722011694,1585.1820908010554,34.90931526410361,56.141832255444285,1640.5,180983.9,False,False,False,False,0,-0.11944526130562327
2022-05-05,1444.550048828125,1495.9000244140625,1429.0,1439.949951171875,198288,1534.8141654364747,1579.4867127763816,34.45150160324087,56.910274552488445,1640.5,166795.35,False,False,False,True,1,-0.12224934399763787
2022-05-06,1425.0,1445.0,1396.1500244140625,1427.449951171875,102810,1524.5890021731793,1573.5244868311067,33.1782096083944,56.33453891202052,1640.5,164277.85,False,False,False,False,0,-0.12986897215978366
2022-05-09,1385.0,1468.5,1385.0,1452.800048828125,199132,1517.7519589974597,1568.7901951447152,38.16911803330003,58.27492898973334,1640.5,157986.65,False,False,False,True,1,-0.11441630671860714
2022-05-10,1477.9000244140625,1486.1500244140625,1366.25,1421.800048828125,559455,1508.6136818384755,1563.0258756813196,34.75093919884337,62.67672152004256,1640.5,149917.05,False,False,False,True,1,-0.1333129845607285
2022-05-11,1420.0,1460.0,1373.5999755859375,1447.0,322693,1502.745712139573,1558.4758413408758,39.49445672346489,64.37124315532971,1640.5,167649.9,False,False,False,True,1,-0.11795184395001523
2022-05-12,1435.0,1438.0,1379.0,1405.5,197668,1493.484215745328,1552.4767887392727,34.983923923325506,64.63044007280617,1640.5,177652.7,False,False,False,True,1,-0.14324900944833896
2022-05-13,1414.0,1448.4000244140625,1400.0999755859375,1408.0,115514,1485.3428618648204,1546.811032318125,35.46209484337538,63.463983555328944,1640.5,174674.15,False,False,False,False,0,-0.14172508381590976
2022-05-16,1420.0,1440.0,1392.0,1435.0,99952,1480.5483035919804,1542.4262859527082,40.547666200673284,62.35941330137688,1640.5,165146.8,False,False,False,False,0,-0.1252666869856751
2022-05-17,1448.300048828125,1468.0,1406.050048828125,1413.699951171875,268548,1474.1817938376846,1537.3781943926756,38.0034751657348,62.33016600641246,1635.0,158870.3,False,False,False,True,1,-0.1353517118214832
2022-05-18,1418.0999755859375,1439.800048828125,1391.0,1422.199951171875,156581,1469.2311421552265,1532.8614005408797,39.63134021854111,61.36372906510621,1635.0,166813.55,False,False,False,False,0,-0.13015293506307335
2022-05-19,1410.0,1410.0,1346.550048828125,1369.1500244140625,225747,1459.6996071322585,1526.4413465751222,33.68629866233354,62.38417001358077,1635.0,169148.0,False,False,False,True,1,-0.16259937344705655
2022-05-20,1386.75,1411.0,1384.699951171875,1399.5,291685,1453.9663112149005,1521.4632545525685,39.2966142428818,60.91744184017768,1635.0,173233.7,False,False,False,True,1,-0.1440366972477064
2022-05-23,1410.0999755859375,1430.449951171875,1351.199951171875,1367.25,229656,1445.7076149087195,1515.4156759426637,35.82795164265865,62.22691028016499,1635.0,183799.65,False,False,False,True,1,-0.1637614678899083
2022-05-24,1370.6500244140625,1380.9000244140625,1315.8499755859375,1322.449951171875,252700,1433.9687897909248,1507.8483926183192,31.648719299066727,62.428563033590706,1609.0,188289.25,False,False,False,True,1,-0.17809201294476384
2022-05-25,1322.0,1342.0999755859375,1269.300048828125,1290.800048828125,260926,1420.3336716039914,1499.336692861841,29.068941367839955,63.16937472817798,1604.300048828125,195230.45,False,False,False,True,1,-0.1954123234173052
2022-05-26,1306.25,1341.449951171875,1253.5999755859375,1334.25,167934,1412.1352266893257,1492.8627049064746,36.69759653379364,64.93227478944651,1590.0,203684.35,False,False,False,False,0,-0.16084905660377358
2022-05-27,1358.0,1358.0,1325.449951171875,1334.9000244140625,54102,1404.7794931393007,1486.6680899852038,36.8070942162912,62.61925864935212,1568.0,206160.25,False,False,False,False,0,-0.14866069871552134
2022-05-30,1345.0999755859375,1388.0,1339.5,1374.0999755859375,167668,1401.8576343246948,1482.253654126409,43.18909662875657,61.93930985910822,1564.0,202389.1,False,False,False,False,0,-0.12141945295016787
2022-05-31,1375.25,1375.300048828125,1352.050048828125,1362.5,112261,1398.1092881985335,1477.5574323959615,41.84242498089276,59.17578772631478,1519.1500244140625,203291.2,False,False,False,False,0,-0.10311688898170712
2022-06-01,1372.9000244140625,1410.0,1345.800048828125,1362.4000244140625,193277,1394.7084059333458,1473.0414556123576,41.83031899009633,59.534656543854794,1509.949951171875,204781.75,False,False,False,False,0,-0.09771842215253479
2022-06-02,1360.0999755859375,1377.949951171875,1345.0,1373.75,81580,1392.7123672730272,1469.1476730393242,43.817644862406055,57.63574901728481,1495.9000244140625,208829.85,False,False,False,False,0,-0.08165654283073376
2022-06-03,1378.0,1381.4000244140625,1250.0,1252.800048828125,998453,1379.387384563989,1460.6634524820224,31.47652361979044,62.904625831340354,1486.1500244140625,202994.45,False,False,False,True,1,-0.15701643289878442
2022-06-06,1252.800048828125,1298.0,1240.5,1282.699951171875,484135,1370.1790575742637,1453.6844916463306,36.256136534054455,62.518581129101754,1486.1500244140625,247776.6,False,False,False,True,1,-0.13689739925308064
2022-06-07,1273.0,1275.949951171875,1228.0999755859375,1237.75,745995,1357.5667663767147,1445.2164723660824,32.57728422635195,61.95296644744717,1486.1500244140625,262026.75,False,False,False,True,1,-0.16714330339024686
2022-06-08,1237.75,1307.5,1237.75,1269.699951171875,1152471,1349.198498261968,1438.3334715349372,37.436617729463926,62.509897415486655,1468.0,271353.75,False,False,False,True,1,-0.13508177713087532
2022-06-09,1270.0,1301.9000244140625,1265.199951171875,1294.25,227321,1343.9653079513046,1432.683139317881,40.95788672646632,60.66633854596529,1468.0,312842.65,False,False,False,False,0,-0.11835831062670299
2022-06-10,1282.0,1319.800048828125,1272.8499755859375,1288.300048828125,237561,1338.663854701478,1427.0210573378906,40.3649220447155,59.68660530998116,1468.0,314325.3,False,False,False,False,0,-0.12241141088002383
2022-06-13,1276.0,1276.0,1238.0,1261.0,175241,1331.267297110861,1420.5104276383656,37.67014242767169,59.016136989848576,1468.0,320427.65,False,False,False,False,0,-0.14100817438692093
2022-06-14,1247.0,1308.949951171875,1247.0,1285.25,221725,1326.884697386017,1415.2060971427436,41.41178586210105,59.225695145707604,1468.0,324192.1,False,False,False,False,0,-0.12448910081743869
2022-06-15,1275.0,1294.449951171875,1265.449951171875,1280.800048828125,171880,1322.4956832376463,1409.935271718641,40.926277521824986,57.066716921014205,1439.800048828125,321850.95,False,False,False,False,0,-0.11043200069996695
2022-06-16,1290.0,1299.8499755859375,1238.699951171875,1252.3499755859375,141989,1315.8151396517694,1403.7554561840252,37.86942639360111,57.358381741946225,1430.449951171875,322615.9,False,False,False,False,0,-0.12450626143195831
2022-06-17,1254.1500244140625,1278.800048828125,1228.449951171875,1259.4000244140625,189877,1310.4422715338926,1398.094458859713,39.08365182169627,56.85779002153935,1430.449951171875,318428.0,False,False,False,False,0,-0.11957770813140467
2022-06-20,1257.0,1260.5,1212.5,1253.4000244140625,182152,1305.0096765700991,1392.4201673128248,38.395914201037805,56.225090734286546,1430.449951171875,313337.6,False,False,False,False,0,-0.12377219252778959
2022-06-21,1261.949951171875,1291.3499755859375,1250.75,1258.199951171875,351625,1300.551607484554,1387.1566294249444,39.31587805093871,55.10901108083305,1410.0,310962.4,False,False,False,True,1,-0.10765960909796102
2022-06-22,1258.199951171875,1258.199951171875,1214.8499755859375,1246.949951171875,143132,1295.4466878357275,1381.658328316981,37.887764241834965,54.2690799740548,1410.0,315908.65,False,False,False,False,0,-0.11563833250221633
2022-06-23,1246.9000244140625,1273.0,1238.0,1252.550048828125,84639,1291.3612936445272,1376.5952585331042,39.07414537215072,52.89271711876517,1410.0,310018.95,False,False,False,False,0,-0.11166663203679073
2022-06-24,1262.3499755859375,1310.0,1261.6500244140625,1296.5,265788,1291.8506942498102,1373.4542680023942,47.542552060759476,53.21823383684445,1410.0,305854.2,False,False,False,False,0,-0.08049645390070925
2022-06-27,1310.550048828125,1327.9000244140625,1287.699951171875,1302.5999755859375,217782,1292.8744353294414,1370.6756682997882,48.610207998664265,52.288365222940385,1410.0,316438.5,False,False,False,False,0,-0.0761702300808954
2022-06-28,1299.0,1313.800048828125,1273.1500244140625,1302.4000244140625,133711,1293.7816342898816,1367.9981920689756,48.5753084131949,51.457055165163396,1410.0,318944.2,False,False,False,False,0,-0.07631203942265075
2022-06-29,1296.0,1321.8499755859375,1281.449951171875,1289.550048828125,167100,1293.3786261506666,1364.9217942948246,46.27592734251008,50.66726725437048,1410.0,320016.7,False,False,False,False,0,-0.08542549728501769
2022-06-30,1291.3499755859375,1300.050048828125,1267.25,1283.6500244140625,142989,1292.4520926519424,1361.7346660642065,45.217554600283876,49.39103736678152,1381.4000244140625,318707.85,False,False,False,False,0,-0.07076154500682152
2022-07-01,1280.0,1337.800048828125,1272.5,1326.8499755859375,197336,1295.7280815027991,1360.3666389866273,53.587663014273176,50.527395328306056,1381.4000244140625,321778.3,False,False,True,False,1,-0.03948895892865145
2022-07-04,1328.699951171875,1340.0,1292.0,1317.800048828125,561448,1297.8301736290205,1358.697360941196,51.802066833280165,50.346867090569916,1337.800048828125,281722.45,False,False,True,True,2,-0.014949917229797882
2022-07-05,1317.800048828125,1329.5,1298.0,1301.949951171875,128140,1298.2225333950066,1356.4719723227913,48.738932753704546,49.00066229838635,1340.0,285588.1,False,False,False,False,0,-0.02839555882695899
2022-07-06,1309.25,1386.5,1309.0,1381.5,485108,1306.15372069072,1357.4534636042506,61.154202345661794,51.53990419336769,1340.0,254695.35,False,True,True,True,2,0.030970149253731316
2022-07-07,1390.0,1464.699951171875,1376.300048828125,1453.1500244140625,635765,1320.1533686643718,1361.2062699105177,68.54400048912213,54.172761204109285,1386.5,221327.2,False,True,True,True,2,0.048070699180715826
2022-07-08,1458.0,1458.449951171875,1425.550048828125,1433.6500244140625,146937,1330.962573973866,1364.0472014596762,64.92409376302564,52.65327128551219,1464.699951171875,241749.4,False,False,True,False,1,-0.021198831018578335
2022-07-11,1430.0,1454.25,1415.0,1450.5,185203,1342.3470907382598,1367.437507284787,66.56714369589922,51.69589476511847,1464.699951171875,237218.2,False,False,True,False,1,-0.009694785038064535
2022-07-12,1446.0,1453.9000244140625,1431.8499755859375,1438.1500244140625,193946,1351.4711796597649,1370.2105471722095,64.19366393740381,49.57833434104751,1464.699951171875,237716.3,False,False,True,False,1,-0.018126529420971482
2022-07-13,1449.050048828125,1492.699951171875,1447.199951171875,1477.1500244140625,365907,1363.4405934458885,1374.404252162086,68.06591317581785,49.93344808510215,1464.699951171875,236327.35,False,True,True,True,2,0.008500084424954313
2022-07-14,1477.1500244140625,1489.800048828125,1431.1500244140625,1440.0999755859375,225508,1370.7414869830359,1376.980555041453,61.28530523292833,50.55606068002789,1492.699951171875,246028.7,False,False,True,False,1,-0.03523814383771018
2022-07-15,1440.550048828125,1459.0,1422.1500244140625,1448.3499755859375,256744,1378.1327716118835,1379.7793558471192,62.18856357672163,49.57705460187858,1492.699951171875,250204.65,False,False,True,True,2,-0.029711246088753196
2022-07-18,1467.800048828125,1508.1500244140625,1457.1500244140625,1490.4000244140625,181648,1388.8248909263768,1384.117421281117,66.4811801767836,50.30726847518189,1492.699951171875,253548.0,True,False,True,False,1,-0.0015407830327902605
2022-07-19,1494.0999755859375,1522.949951171875,1480.3499755859375,1514.699951171875,142444,1400.8129919021385,1389.2383048062447,68.6930655276674,49.75674755452158,1508.1500244140625,253522.8,True,True,True,False,1,0.004343020688778676
2022-07-20,1529.0,1529.050048828125,1505.0,1512.9000244140625,195038,1411.4879473794647,1394.0877840065514,68.33336485329397,47.920554788350394,1522.949951171875,243063.75,True,False,True,False,1,-0.006598986887309977
2022-07-21,1518.9000244140625,1546.5,1498.0,1539.75,164554,1423.7033809623729,1399.8000277710005,70.79048527421293,47.96194373203966,1529.050048828125,245659.05,True,True,True,False,1,0.006997776940052214
2022-07-22,1548.5,1603.25,1530.050048828125,1595.449951171875,306694,1440.0601971728015,1407.4725737867211,75.10584932683975,49.764658549170754,1546.5,249654.8,True,True,True,True,2,0.031652086111784605
2022-07-25,1585.0,1595.0999755859375,1540.8499755859375,1549.75,150588,1450.506845061106,1413.0520806970458,66.43369300210598,50.11003833751124,1603.25,251700.1,True,False,True,False,1,-0.033369717760798334
2022-07-26,1557.699951171875,1569.0,1517.5,1534.449951171875,229628,1458.501426595465,1417.8127814999802,63.778539287130975,50.2093213134033,1603.25,248340.4,True,False,True,False,1,-0.04291286376305936
2022-07-27,1540.0,1589.0,1530.0,1576.449951171875,136055,1469.734619412266,1424.0338469773096,67.60597057575907,50.8372269338745,1603.25,253136.25,True,False,True,False,1,-0.016716075988226997
2022-07-28,1575.5,1612.0,1568.1500244140625,1585.300048828125,185725,1480.740850785205,1430.358011755773,68.3645463432899,50.338137551879,1603.25,251584.0,True,False,True,False,1,-0.011195977652814548
2022-07-29,1606.449951171875,1618.949951171875,1588.199951171875,1599.6500244140625,174876,1492.0655339879536,1436.996914212961,69.60731651978473,49.14612075129836,1612.0,253720.8,True,False,True,False,1,-0.007661275177380578
2022-08-01,1590.0999755859375,1612.800048828125,1578.300048828125,1586.300048828125,142183,1501.0402496870174,1442.8519390998301,66.97146730352237,48.09996926906277,1618.949951171875,252597.8,True,False,True,False,1,-0.02016733273324256
2022-08-02,1595.0999755859375,1610.550048828125,1574.8499755859375,1582.449951171875,72178,1508.7935545903372,1448.3263709457929,66.19297640661149,47.21426241000025,1618.949951171875,231634.55,True,False,True,False,1,-0.022545477686681692
2022-08-03,1585.0,1585.1500244140625,1535.0,1547.300048828125,317873,1512.4608397558407,1452.2076916470608,59.403829192639364,47.4239596960047,1618.949951171875,228836.45,True,False,True,True,2,-0.044257021220382
2022-08-04,1550.0,1602.0,1550.0,1561.8499755859375,391013,1517.1645669777547,1456.5073890564286,61.17880947711832,47.94367337285259,1618.949951171875,220474.7,True,False,True,True,2,-0.03526975960226919
2022-08-05,1565.0,1628.25,1550.0,1616.300048828125,412824,1526.6060414396948,1462.773767871005,66.99468028767858,50.108410989077406,1618.949951171875,208237.1,True,False,True,True,2,-0.001636803127750719
2022-08-08,1619.0,1633.050048828125,1595.0,1603.300048828125,346059,1533.9102326195452,1468.2846024183432,64.50982372815976,49.24709940615223,1628.25,221531.45,True,False,True,True,2,-0.01532316976623671
2022-08-10,1609.0,1609.0,1547.6500244140625,1557.699951171875,136987,1536.1759201007194,1471.7910866831876,56.58212139884413,50.11159056185118,1633.050048828125,229574.25,True,False,True,False,1,-0.046140715473062865
2022-08-11,1573.0999755859375,1588.0,1552.050048828125,1563.25,108932,1538.754403900651,1475.3777107348274,57.27040273597056,49.1000448911386,1633.050048828125,226726.3,True,False,True,False,1,-0.04274213694688256
2022-08-12,1569.0999755859375,1575.0,1532.0999755859375,1559.800048828125,171846,1540.7587510366006,1478.6883906600547,56.6690296360919,48.657186285633166,1633.050048828125,213877.55,True,False,True,False,1,-0.04485471835511967
2022-08-16,1564.0,1594.5999755859375,1556.800048828125,1584.6500244140625,111506,1544.9388723106445,1482.8437488464865,59.93266700570498,47.881667747931694,1633.050048828125,211194.45,True,False,True,False,1,-0.029637808375067465
2022-08-17,1589.75,1605.0,1580.0,1595.3499755859375,177704,1549.7399297654342,1487.2557577382297,61.28481832681186,46.247262908793715,1633.050048828125,203932.55,True,False,True,False,1,-0.023085681464105168
2022-08-18,1604.6500244140625,1675.9000244140625,1593.050048828125,1666.9000244140625,663124,1560.8980340176845,1494.3006309412037,68.85401449114941,48.861742385732555,1633.050048828125,203735.35,True,True,True,True,2,0.020728069914469627
2022-08-19,1680.0,1706.050048828125,1605.0,1616.0999755859375,949279,1566.1553617860895,1499.0770758292324,59.899706430797714,52.58947856018916,1675.9000244140625,229769.35,True,False,True,True,2,-0.03568234856314456
2022-08-22,1612.0,1613.3499755859375,1542.6500244140625,1554.0999755859375,246021,1565.0072297670274,1501.2348366040053,51.15572456096212,54.079512318166714,1706.050048828125,267481.4,True,False,True,False,1,-0.08906542533530071
2022-08-23,1549.0,1573.0,1522.449951171875,1561.3499755859375,304515,1564.6589198450188,1503.5922930346694,52.03741899798858,53.827407783163736,1706.050048828125,271554.75,True,False,True,True,2,-0.08481584308829693
2022-08-24,1561.9000244140625,1562.75,1538.0,1552.4000244140625,153804,1563.4914059944515,1505.5063217162144,50.81790023083548,51.75045008436633,1706.050048828125,271445.8,True,False,True,False,1,-0.09006185048299353
2022-08-25,1564.199951171875,1564.199951171875,1531.6500244140625,1537.050048828125,235046,1560.9731815024204,1506.743330622564,48.70947643914949,50.37898413246963,1706.050048828125,271606.6,True,False,False,False,0,-0.09905922755084762
2022-08-26,1550.050048828125,1557.449951171875,1527.0999755859375,1531.550048828125,165448,1558.1709783905826,1507.7161431012134,47.94194438901092,48.9483406648602,1706.050048828125,271877.5,True,False,False,False,0,-0.10228304856581605
2022-08-29,1515.1500244140625,1535.0,1504.25,1528.75,159610,1555.3689804486223,1508.5410002344993,47.53131457121133,47.64845918879875,1706.050048828125,273347.15,True,False,False,False,0,-0.10392429515764279
2022-08-30,1534.9000244140625,1549.449951171875,1523.050048828125,1536.3499755859375,260735,1553.5576466521761,1509.631548287497,48.812839771455664,46.13070512843812,1706.050048828125,272041.4,True,False,False,False,0,-0.09946957497451692
2022-09-01,1536.0,1551.949951171875,1516.1500244140625,1530.800048828125,199188,1551.390256383219,1510.4616855636002,47.89290323073852,45.39279238767915,1706.050048828125,276334.35,True,False,False,False,0,-0.10272266052240264
2022-09-02,1535.0,1559.5999755859375,1524.3499755859375,1534.6500244140625,195435,1549.7959485766328,1511.4102478714615,48.616346011474675,44.668307217130646,1706.050048828125,279184.6,True,False,False,False,0,-0.10046600012220985
2022-09-05,1534.0,1558.4000244140625,1530.5,1550.5999755859375,139318,1549.872522577519,1512.9470999386958,51.61355542469771,43.47057273119721,1706.050048828125,285347.45,True,False,True,False,1,-0.09111694779937152
2022-09-06,1558.8499755859375,1569.800048828125,1535.0,1556.949951171875,173628,1550.5465633960291,1514.6727019478403,52.79410895454974,42.85124959526348,1706.050048828125,276419.7,True,False,True,False,1,-0.08739491421055667
2022-09-07,1541.550048828125,1624.0,1541.550048828125,1603.8499755859375,481881,1555.623078842687,1518.169849933648,60.46623672200686,45.67972827930716,1706.050048828125,265550.45,True,False,True,True,2,-0.05990449888172278
2022-09-08,1620.949951171875,1660.0,1600.5,1652.300048828125,716623,1564.8304093174904,1523.4298577334316,66.51983112561285,46.66689054507094,1706.050048828125,269003.3,True,False,True,True,2,-0.03150552355537317
2022-09-09,1654.0,1723.449951171875,1651.0999755859375,1660.25,625033,1573.9179893824914,1528.795353508591,67.4018795506857,48.50139661941855,1706.050048828125,287531.5,True,False,True,True,2,-0.02684566543612521
2022-09-12,1660.25,1699.0,1650.300048828125,1692.6500244140625,361721,1585.225802242641,1535.2210268774331,70.78052595637064,48.51557908745116,1723.449951171875,311933.8,True,False,True,True,2,-0.017871088589993422
2022-09-13,1702.0,1724.8499755859375,1656.0999755859375,1660.199951171875,286939,1592.3661973787587,1540.1221611634896,63.663541696143405,49.960894866918935,1723.449951171875,324573.25,True,False,True,False,1,-0.036699644197380143
2022-09-14,1647.0,1793.1500244140625,1631.0999755859375,1764.75,1429213,1608.7837023903053,1548.9310960198234,73.06174637967058,57.96726300700509,1724.8499755859375,330327.9,True,True,True,True,2,0.023132460781412734
2022-09-15,1782.6500244140625,1794.699951171875,1750.050048828125,1764.3499755859375,340288,1623.5995379327464,1557.3788952184946,72.98396481087015,57.01602295962972,1793.1500244140625,396213.25,True,False,True,False,1,-0.016061148501802514
2022-09-16,1750.0,1768.6500244140625,1665.800048828125,1687.1500244140625,386682,1629.6519652166812,1562.4679591085169,59.761227501113495,60.28987671865171,1794.699951171875,404342.45,True,False,True,False,1,-0.05992641092322215
2022-09-19,1680.0,1698.4000244140625,1635.300048828125,1667.1500244140625,207928,1633.2232089497652,1566.573138140107,56.8858439965069,60.49059806631499,1794.699951171875,390520.35,True,False,True,False,1,-0.07107033500197457
2022-09-20,1689.0,1733.449951171875,1674.1500244140625,1717.8499755859375,309316,1641.282901010353,1572.5055631379826,61.89149338010838,60.90555011570767,1794.699951171875,353452.8,True,False,True,False,1,-0.04282051466918313
2022-09-21,1699.949951171875,1725.0,1671.25,1679.050048828125,323303,1644.879772231093,1576.6837782630862,56.48652174750525,60.39443939315712,1794.699951171875,356617.55,True,False,True,False,1,-0.06443968657169397
2022-09-22,1674.949951171875,1712.5999755859375,1636.050048828125,1651.550048828125,187809,1645.5150366689056,1579.6197104421074,52.956569941645235,61.54840277634679,1794.699951171875,357556.95,True,False,True,False,1,-0.07976258217997845
2022-09-23,1651.550048828125,1677.300048828125,1571.0,1580.0999755859375,265789,1639.2850308514803,1579.6385443693166,45.07497509515918,64.74494892290238,1794.699951171875,359257.2,True,False,False,False,0,-0.11957429176159018
2022-09-26,1571.0,1575.0,1506.1500244140625,1545.800048828125,161296,1630.3816992302084,1578.311544544172,41.85455736008088,65.40244908354329,1794.699951171875,360794.35,True,False,False,False,0,-0.13868608074638178
2022-09-27,1574.9000244140625,1580.0,1520.8499755859375,1526.9000244140625,154735,1620.5263016286706,1576.2954064998542,40.15224067458912,64.95584732143752,1794.699951171875,360586.75,True,False,False,False,0,-0.14921710260422572
2022-09-28,1526.0,1542.3499755859375,1495.6500244140625,1523.0,130786,1611.23808242594,1574.2053905586836,39.79258296275837,63.651854739325906,1794.699951171875,360343.0,True,False,False,False,0,-0.1513901814030053
2022-09-29,1535.1500244140625,1556.050048828125,1515.949951171875,1550.25,125438,1605.4296936234696,1573.265963477951,43.59435461509025,61.96958637624906,1794.699951171875,353845.55,True,False,False,False,0,-0.13620658484570525
2022-09-30,1559.050048828125,1606.550048828125,1511.0999755859375,1598.0,153532,1604.7221037545676,1574.235925694502,49.59998068038073,64.3610497238161,1794.699951171875,350158.05,True,False,False,False,0,-0.10960046610768392
2022-10-03,1595.0,1605.4000244140625,1535.25,1553.75,144302,1599.867617682704,1573.4325560594236,44.835829777179065,64.77454791597656,1794.699951171875,348062.9,True,False,False,False,0,-0.13425639813192358
2022-10-04,1575.0,1600.0,1560.1500244140625,1595.949951171875,69596,1599.4945065864345,1574.3155911618728,49.789030895186066,63.45136592197824,1794.699951171875,348312.1,True,False,False,False,0,-0.11074274553260188
2022-10-06,1583.050048828125,1632.0,1563.699951171875,1570.6500244140625,234208,1596.7474130462085,1574.1718434462725,47.060805616488004,63.797700415274434,1794.699951171875,343110.5,True,False,False,False,0,-0.12483976868195479
2022-10-07,1565.0999755859375,1565.0999755859375,1494.5,1524.3499755859375,558920,1589.8524190023734,1572.2180447066517,42.47394041401013,64.68000927233072,1794.699951171875,330726.85,True,False,False,True,1,-0.15063798013111251
2022-10-10,1500.050048828125,1545.949951171875,1500.050048828125,1532.449951171875,181271,1584.3855173042307,1570.6585116268566,43.511243286274286,63.338573063146384,1794.699951171875,322841.7,True,False,False,False,0,-0.1461247044826407
2022-10-11,1540.0,1543.949951171875,1483.050048828125,1490.1500244140625,170005,1575.410708457548,1567.5013160498843,39.50503107568962,63.164382297475214,1794.699951171875,300653.6,True,False,False,False,0,-0.1696940630989332
2022-10-12,1501.0999755859375,1531.3499755859375,1478.199951171875,1522.1500244140625,150823,1570.3382623581683,1565.72283402495,43.72620916911725,62.449071020088596,1794.699951171875,291067.8,True,False,False,False,0,-0.15186378457292937
2022-10-13,1511.0,1528.5999755859375,1489.6500244140625,1506.4000244140625,70179,1564.2489063634916,1563.3964493343271,42.16666065341594,60.77056245950192,1794.699951171875,284262.0,True,False,False,False,0,-0.16063962478494687
2022-10-14,1518.5999755859375,1550.199951171875,1496.3499755859375,1503.449951171875,257969,1558.4585296785758,1561.0456062691328,41.865464170615674,60.27623482567589,1794.699951171875,216310.3,False,False,False,True,1,-0.1622833943968317
2022-10-17,1500.0,1530.0,1476.050048828125,1509.0999755859375,137270,1553.7577150030866,1559.008522712929,42.70950886058545,59.82435742183297,1768.6500244140625,212194.35,False,False,False,False,0,-0.14675037189118945
2022-10-18,1513.0,1532.5999755859375,1497.9000244140625,1510.699951171875,227633,1549.6569755905903,1557.1140689270053,42.96205620629403,58.0297569754074,1733.449951171875,199723.75,False,False,False,True,1,-0.12850096990075366
2022-10-19,1512.0,1532.949951171875,1508.0,1518.050048828125,126421,1546.646792089403,1555.5821465701865,44.179416333898736,55.66691370372652,1733.449951171875,200709.0,False,False,False,False,0,-0.1242608142208732
2022-10-20,1515.0,1531.0,1505.699951171875,1523.6500244140625,121387,1544.4566237393708,1554.3299064856326,45.140116358953115,53.497851926897845,1725.0,191564.25,False,False,False,False,0,-0.11672462352807966
2022-10-21,1517.75,1539.699951171875,1512.550048828125,1528.5999755859375,135108,1542.9464667723773,1553.3208895876055,46.02439755876438,51.61585552810157,1712.5999755859375,181468.45,False,False,False,False,0,-0.10743898319690648
2022-10-24,1540.0,1540.4000244140625,1511.0999755859375,1520.699951171875,18922,1540.827751000901,1552.041637100714,44.78369511936997,50.0218693352461,1677.300048828125,178833.4,False,False,False,False,0,-0.09336439104360694
2022-10-25,1523.0,1572.8499755859375,1520.699951171875,1532.199951171875,230807,1540.006055779089,1551.2635317701715,47.022543669293185,50.17388041230441,1632.0,166490.05,False,False,False,True,1,-0.061151990703507964
2022-10-27,1540.0,1587.949951171875,1535.199951171875,1582.300048828125,175456,1544.0340551170925,1552.4806500861698,55.48979393713291,50.57217466856838,1632.0,169965.6,False,False,True,True,2,-0.030453401453354734
2022-10-28,1579.0,1585.449951171875,1526.5,1532.550048828125,89219,1542.9403402324288,1551.699057879972,47.38994857281638,51.170587275947426,1632.0,171001.65,False,False,False,False,0,-0.060937470080805745
2022-10-31,1535.5,1605.0,1535.5,1600.949951171875,313925,1548.4650650838046,1553.630465460047,56.739702790805644,52.690541839942256,1632.0,168923.3,False,False,True,True,2,-0.019025765213311896
2022-11-01,1615.0,1616.1500244140625,1589.5999755859375,1605.5999755859375,166393,1553.9064851316268,1555.6684854649839,57.29533981073546,50.8233637676696,1632.0,178347.65,False,False,True,False,1,-0.016176485547832464
2022-11-02,1609.0,1618.449951171875,1575.25,1595.0999755859375,232645,1557.8296746987041,1557.2148184109037,55.56000724242259,50.27883429654141,1632.0,178990.7,True,False,True,True,2,-0.02261030907724415
2022-11-03,1585.0,1673.5,1585.0,1653.699951171875,642435,1566.9601772199585,1560.9985491074124,62.4038445125916,53.00891756107417,1632.0,183407.85,True,True,True,True,2,0.013296538708256644
2022-11-04,1657.0,1750.0,1653.75,1742.5,930606,1583.6782555799625,1568.1162530639845,69.95479078890116,56.10114122300638,1673.5,212049.8,True,True,True,True,2,0.04123095309232139
2022-11-07,1759.0,1772.449951171875,1725.0,1767.4000244140625,278379,1601.1755668974959,1575.9313029208502,71.67282743509142,55.483199076496994,1750.0,246869.7,True,True,True,True,2,0.009942871093749917
2022-11-09,1750.0,1785.0,1725.5999755859375,1735.3499755859375,289595,1613.9540820106808,1582.183015574383,66.40904386487543,55.76297231489453,1772.449951171875,232842.65,True,False,True,True,2,-0.020931465828644913
2022-11-10,1723.0,1732.449951171875,1671.050048828125,1681.699951171875,176661,1620.4060695498422,1586.0856404997749,58.644804095663275,56.37275477510296,1785.0,238258.85,True,False,True,False,1,-0.05787117581407564
2022-11-11,1692.3499755859375,1713.949951171875,1656.550048828125,1667.9000244140625,202042,1624.9293033464346,1589.2940477120999,56.805089309642845,56.44612245857775,1785.0,238591.65,True,False,True,False,1,-0.06560222721901265
2022-11-14,1669.75,1706.949951171875,1659.9000244140625,1690.800048828125,175298,1631.2027076780241,1593.274675206846,59.09811104609419,55.77496562280881,1785.0,241152.6,True,False,True,False,1,-0.052773081889005646
2022-11-15,1680.0,1716.0,1670.4000244140625,1679.6500244140625,182416,1635.8167378433611,1596.6619438032076,57.497631591744266,55.048180620175145,1785.0,246408.55,True,False,True,False,1,-0.05901959416579128
2022-11-16,1680.0999755859375,1738.0,1680.0999755859375,1707.8499755859375,578329,1642.677046199797,1601.0222587750795,60.41733511910773,55.2840231177296,1785.0,242630.9,True,False,True,True,2,-0.04322130219275211
2022-11-17,1707.0,1732.9000244140625,1694.550048828125,1713.699951171875,274480,1649.4411323876138,1605.4409918102479,61.01561811057832,54.07444829403017,1785.0,264683.85,True,False,True,True,2,-0.03994400494572825
2022-11-18,1722.300048828125,1725.4000244140625,1642.300048828125,1678.9000244140625,237768,1652.2467411520377,1608.321738186868,55.62904915883286,56.14770024345213,1785.0,267026.2,True,False,True,False,1,-0.05943976223301817
2022-11-21,1685.8499755859375,1689.5,1650.0,1674.949951171875,126740,1654.4089516301174,1610.9346092843193,55.035136261821634,54.95857879749126,1785.0,272593.55,True,False,True,False,1,-0.06165268841911764
2022-11-22,1674.0,1724.0,1666.5,1713.0999755859375,248152,1659.9985729592431,1614.9410942373238,59.52918171090291,55.14010888338474,1785.0,272861.2,True,False,True,False,1,-0.040280125722163884
2022-11-23,1709.0,1746.4000244140625,1685.1500244140625,1734.75,216567,1667.1177564869342,1619.6394826986052,61.85891131000948,55.57652967742869,1785.0,278513.4,True,False,True,False,1,-0.02815126050420169
2022-11-24,1733.0,1757.4000244140625,1723.550048828125,1739.300048828125,220194,1673.9922605194288,1624.3320539193708,62.34945439285958,54.02463295660789,1785.0,288395.65,True,False,True,False,1,-0.025602213541666696
2022-11-25,1742.0,1759.949951171875,1725.0,1742.1500244140625,165367,1680.4834761284415,1628.9523664877902,62.67328183116426,52.66215568626983,1785.0,287865.0,True,False,True,False,1,-0.024005588563550395
2022-11-28,1742.0,1764.4000244140625,1734.050048828125,1759.699951171875,114509,1688.0279023230541,1634.079722749911,64.68742619363988,51.06842853624609,1785.0,287360.55,True,False,True,False,1,-0.014173696822479043
2022-11-29,1770.1500244140625,1782.550048828125,1755.0,1766.25,245696,1695.4776259113348,1639.2628708773655,65.43703670893142,49.3885442713803,1785.0,288625.05,True,False,True,False,1,-0.010504201680672232
2022-11-30,1763.9000244140625,1826.0,1762.0999755859375,1820.699951171875,581157,1707.4035616504339,1646.378050496758,70.95645770873696,50.42507856728617,1785.0,285213.6,True,True,True,True,2,0.019999972645308173
2022-12-01,1828.0,1923.9000244140625,1824.050048828125,1901.199951171875,1124051,1725.860360652476,1656.371066209508,76.84394727391467,54.194721044064835,1826.0,305951.8,True,True,True,True,2,0.04118288673158532
2022-12-02,1898.0,1942.0,1892.0,1936.699951171875,371680,1745.9403216543235,1667.3643558158753,78.87744705469902,53.89509811234592,1923.9000244140625,350522.1,True,True,True,True,2,0.00665311429668014
2022-12-05,1939.0,1946.8499755859373,1875.0,1885.5,509770,1759.2317195920068,1675.9186948034883,69.41010288610813,55.17758936045959,1942.0,336984.35,True,False,True,True,2,-0.029093717816683795
2022-12-06,1875.5,1894.4000244140625,1852.0,1866.199951171875,418159,1769.419170218661,1683.3807048571505,66.18524879521863,54.26490615000266,1946.8499755859373,315942.55,True,False,True,True,2,-0.04142590616916397
2022-12-07,1852.0,1871.0999755859373,1818.3499755859373,1849.0999755859373,404477,1777.007818348878,1689.8794997876912,63.37572888172904,54.156698567859614,1946.8499755859373,322931.55,True,False,True,True,2,-0.0502093131087723
2022-12-08,1855.949951171875,1875.0,1836.0999755859373,1853.1500244140625,129553,1784.2594570217527,1696.2822654593137,63.76802353293794,53.06693612830269,1946.8499755859373,328675.65,True,False,True,False,1,-0.048129004467164505
2022-12-09,1862.449951171875,1865.8499755859373,1820.5999755859373,1847.449951171875,189460,1790.2775993217642,1702.2104099970613,62.74929814538024,52.50858354770964,1946.8499755859373,326320.25,True,False,True,False,1,-0.05105684858133264
2022-12-12,1859.9000244140625,1922.9000244140625,1826.300048828125,1906.300048828125,581921,1801.327356417608,1710.2139252453385,68.36795904692019,55.65796869329735,1946.8499755859373,325691.15,True,False,True,True,2,-0.0208284805025144
2022-12-13,1925.0,1925.0,1806.0,1856.050048828125,1275245,1806.5390414090857,1715.9329889152518,60.0404373801679,60.18239950091897,1946.8499755859373,346022.3,True,False,True,True,2,-0.04663940616712625
2022-12-14,1874.949951171875,1898.0,1843.4000244140625,1890.699951171875,469388,1814.554366148399,1722.7865952782568,63.35501599962545,59.783654935563156,1946.8499755859373,400663.75,True,False,True,True,2,-0.028841474750597063
2022-12-15,1897.0,1921.949951171875,1870.199951171875,1885.3499755859373,322309,1821.2968051424502,1729.1616298001265,62.49308200269296,59.20982244016579,1946.8499755859373,395216.7,True,False,True,False,1,-0.031589491111913004
2022-12-16,1870.0,1890.0,1845.5,1849.550048828125,206165,1823.9875902553717,1733.882744271813,56.91324660423219,58.159120837296804,1946.8499755859373,397608.15,True,False,True,False,1,-0.049978132870011294
2022-12-19,1849.8499755859373,1890.0,1827.3499755859373,1881.699951171875,233085,1829.4840055807529,1739.6794974835802,60.33812306183213,58.47989966420866,1946.8499755859373,396028.0,True,False,True,False,1,-0.03346432710843794
2022-12-20,1890.0,1911.5999755859373,1833.199951171875,1858.050048828125,505563,1832.2045811281216,1744.3214798892486,56.763697995767124,59.90276571776963,1946.8499755859373,401345.25,True,False,True,True,2,-0.04561210564316154
2022-12-21,1859.0999755859373,1888.199951171875,1805.050048828125,1852.300048828125,379735,1834.1184351947886,1748.5559335731261,55.896688888383466,61.56327547676823,1946.8499755859373,414215.8,True,False,True,False,1,-0.048565594649559896
2022-12-22,1855.0,1869.050048828125,1828.1500244140625,1858.050048828125,156565,1836.3976364932016,1752.8498204458713,56.6104013747746,60.08732897228926,1946.8499755859373,422374.2,True,False,True,False,1,-0.04561210564316154
2022-12-23,1838.0,1853.1500244140625,1759.3499755859375,1770.5,180476,1830.1216711128968,1753.5419843499549,44.7387923111716,62.845382134424845,1946.8499755859373,419192.75,True,False,False,False,0,-0.0905822111602933
2022-12-26,1761.8499755859375,1832.050048828125,1753.699951171875,1812.050048828125,126030,1828.400564228633,1755.8364182510597,50.08831922467527,63.95286181455521,1946.8499755859373,419948.2,True,False,True,False,1,-0.06924001769434851
2022-12-27,1820.0,1870.0,1809.5999755859373,1863.0999755859373,206566,1831.7052700721856,1760.0428322641922,55.755447928944875,63.69908771452003,1946.8499755859373,420524.25,True,False,True,False,1,-0.04301820944101975
2022-12-28,1855.0,1870.0,1843.8499755859373,1854.0999755859373,79546,1833.8380991687334,1763.7313476885745,54.57887850535984,61.01701176448737,1946.8499755859373,418567.75,True,False,True,False,1,-0.04764106179886063
2022-12-29,1845.199951171875,1869.949951171875,1805.75,1855.449951171875,204707,1835.8963707880803,1767.3281556683119,54.7331829001481,61.24436457930077,1946.8499755859373,393487.2,True,False,True,False,1,-0.046947646485474004
2022-12-30,1865.199951171875,1877.9000244140625,1849.4000244140625,1862.800048828125,188506,1838.458625839513,1771.0721514785007,55.61725259431375,58.905481395065,1946.8499755859373,347520.0,True,False,True,False,1,-0.04317226689874554
2023-01-02,1862.800048828125,1899.0,1860.0,1887.699951171875,189914,1843.1482758711666,1775.6457906821627,58.569266410527334,57.483661295417505,1946.8499755859373,338361.3,True,False,True,False,1,-0.030382425536544022
2023-01-03,1900.0,1903.0,1865.0999755859373,1872.1500244140625,114510,1845.9103471609662,1779.430270436355,56.06151534827216,56.08483008960645,1925.0,322368.5,True,False,True,False,1,-0.027454532771915563
2023-01-04,1881.550048828125,1886.949951171875,1841.3499755859373,1848.0999755859373,167153,1846.1188832014398,1782.1232000500643,52.329579404438235,55.33591191077297,1925.0,307186.05,True,False,True,False,1,-0.0399480646306819
2023-01-05,1848.0999755859373,1880.0,1835.949951171875,1875.1500244140625,228299,1848.883753793118,1785.7713108094367,55.886526289799896,54.52977883344097,1925.0,295319.85,True,False,True,False,1,-0.025896091213474026
2023-01-06,1880.0,1917.550048828125,1866.0,1875.449951171875,214277,1851.4138678291902,1789.288120235415,55.925794827419246,54.3169409759184,1925.0,300257.15,True,False,True,False,1,-0.02574028510551951
2023-01-09,1877.3499755859373,1903.0,1860.0,1884.699951171875,245570,1854.583971004684,1793.0297606642957,57.19144941487666,53.508588049067086,1925.0,301498.0,True,False,True,False,1,-0.0209350903003247
2023-01-10,1884.699951171875,1888.0,1840.5,1873.5,174932,1856.3854975756662,1796.1854563245195,55.127229537815445,53.07940318841944,1925.0,284680.45,True,False,True,False,1,-0.02675324675324675
2023-01-11,1877.0999755859373,1883.25,1860.0,1868.199951171875,81285,1857.510683632448,1799.0095541616708,54.13154063902958,50.948731532103764,1921.949951171875,229664.8,True,False,True,False,1,-0.027966389014046356
2023-01-12,1875.0,1915.199951171875,1874.0,1897.5,423645,1861.3191899531673,1802.8719245867035,58.58491506700356,50.66667927981064,1921.949951171875,210259.65,True,False,True,True,2,-0.012721429690178532
2023-01-13,1900.0,1916.9000244140625,1874.4000244140625,1899.0,231521,1864.907838529056,1806.6416530342838,58.80542223516832,50.08334504553845,1917.550048828125,215326.45,True,False,True,True,2,-0.009673827725884654
2023-01-16,1898.699951171875,1918.3499755859373,1886.25,1891.449951171875,282093,1867.4356587807533,1809.9674686475225,57.15586222008141,48.79881865556694,1917.550048828125,216594.25,True,False,True,True,2,-0.013611168935173557
2023-01-17,1890.0,1910.199951171875,1870.199951171875,1905.5999755859373,106281,1871.0703556193423,1813.7177630372644,59.45157148991737,48.17033160874073,1918.3499755859373,219044.65,True,False,True,False,1,-0.006646336780183004
2023-01-18,1915.0,1915.949951171875,1876.0999755859373,1884.4000244140625,172471,1872.339847885506,1816.48961642459,54.720716755896,47.5760204642548,1918.3499755859373,199080.55,True,False,True,False,1,-0.017697475228160675
2023-01-19,1872.050048828125,1903.0,1854.6500244140625,1877.050048828125,190437,1872.7884384514698,1818.8645353423758,53.14183876607543,47.63130297294642,1918.3499755859373,188717.35,True,False,True,True,2,-0.021528880174847997
2023-01-20,1885.0,1886.550048828125,1829.949951171875,1839.0999755859373,126074,1869.5800134166573,1819.6580820185939,45.79462456606245,48.27193116461096,1918.3499755859373,190410.95,True,False,False,False,0,-0.04131154430035322
2023-01-23,1848.300048828125,1851.949951171875,1760.199951171875,1767.199951171875,337237,1859.8295312981065,1817.6009004167618,35.718736852457084,51.377507509995894,1918.3499755859373,187690.85,True,False,False,True,1,-0.078791683654019
2023-01-24,1775.800048828125,1785.699951171875,1746.25,1759.699951171875,158930,1850.2933808098942,1815.330274956178,34.857191551496214,50.52553920013012,1918.3499755859373,198251.2,True,False,False,False,0,-0.08270129352471489
2023-01-25,1751.25,1755.199951171875,1703.949951171875,1728.3499755859375,231772,1838.6797231695173,1811.9192828240118,31.443150724900406,50.898714971549396,1918.3499755859373,195869.4,True,False,False,True,1,-0.09904345005762905
2023-01-27,1737.0,1737.4000244140625,1675.0,1693.699951171875,267790,1824.8721258364085,1807.2832306023595,28.160208738107514,51.72023707458605,1918.3499755859373,203480.7,True,False,False,True,1,-0.11710586038683879
2023-01-30,1672.0,1752.0,1672.0,1717.550048828125,188074,1814.6509756451435,1803.7642822974876,33.32079303855407,53.74022014068705,1918.3499755859373,206634.85,True,False,False,False,0,-0.1046732500916473
2023-01-31,1726.5999755859375,1787.449951171875,1714.5,1767.75,193506,1810.1842160598917,1802.3519575015077,42.657768570232186,55.112343785771905,1918.3499755859373,206613.25,True,False,False,False,0,-0.07850495347697872
2023-02-01,1771.050048828125,1843.3499755859373,1737.199951171875,1768.4000244140625,413607,1806.2047692364793,1801.0205091451376,42.769520295849986,58.757892402078355,1918.3499755859373,206792.85,True,False,False,True,1,-0.07816610789492373
2023-02-02,1770.0,1818.0,1734.800048828125,1802.6500244140625,314229,1805.8662221105349,1801.0844117047034,48.46815633303186,60.503753742778116,1918.3499755859373,221747.7,True,False,False,True,1,-0.06031222281874593
2023-02-03,1791.800048828125,1883.949951171875,1791.800048828125,1867.8499755859373,408062,1811.7694367272397,1803.7026691118108,57.20422113376103,62.764192928561826,1918.3499755859373,229101.5,True,False,True,True,2,-0.0263247064626857
2023-02-06,1895.0,1929.8499755859373,1823.0,1885.4000244140625,532091,1818.7818736497943,1806.9064869668011,59.20879666706763,65.91317740408864,1918.3499755859373,238089.65,True,False,True,True,2,-0.017176193912067927
2023-02-07,1885.0,1910.0,1841.6500244140625,1853.0,244455,1822.0407428260044,1808.7140757132013,54.164634938875786,66.08723441707785,1929.8499755859373,253980.35,True,False,True,False,1,-0.03982173565725189
2023-02-08,1877.5999755859373,1929.0,1875.800048828125,1907.5999755859373,500591,1830.1892411840931,1812.591954139583,60.30225988815505,66.7952891015723,1929.8499755859373,253924.6,True,False,True,True,2,-0.011529393622032424
2023-02-09,1900.0,1932.0,1895.050048828125,1926.25,219470,1839.337884880846,1817.049132408619,62.16586993831061,64.66347924945106,1929.8499755859373,270207.55,True,False,True,False,1,-0.001865417328538288
2023-02-10,1924.949951171875,1945.0,1909.699951171875,1939.3499755859373,251331,1848.8628459003785,1821.8452439057687,63.4633299681687,62.566091362213484,1932.0,277116.8,True,True,True,False,1,0.003804335189408592
2023-02-13,1949.9000244140625,1963.949951171875,1914.199951171875,1929.0999755859373,125585,1856.5044772990032,1826.0513118147949,61.68095375296952,61.65065626491253,1945.0,268501.1,True,False,True,False,1,-0.008174819750160767
2023-02-14,1931.8499755859373,1939.0,1892.0,1902.550048828125,138621,1860.8897698255862,1829.051262285906,57.19974897652752,60.60418081741877,1963.949951171875,263204.3,True,False,True,False,1,-0.03126347609169633
2023-02-15,1897.0,1927.699951171875,1886.0,1920.3499755859373,208282,1866.5526465646672,1832.6316039839464,59.332922779025864,59.253878699879934,1963.949951171875,256030.7,True,False,True,False,1,-0.02220014596600184
2023-02-16,1927.0,1937.0999755859373,1920.300048828125,1931.800048828125,108660,1872.7666848754727,1836.5205626052866,60.69016052257863,56.221453561160814,1963.949951171875,261130.75,True,False,True,False,1,-0.01637002120373099
2023-02-17,1939.0,1989.800048828125,1921.449951171875,1945.0999755859373,579883,1879.6555697050408,1840.7785788006063,62.26551072254701,57.08778528223861,1963.949951171875,257940.2,True,False,True,True,2,-0.009597991830031183
2023-02-20,1952.75,1960.0,1885.25,1935.5999755859373,315376,1884.983608360364,1844.4970649490506,60.403438410199165,58.349372047793004,1989.800048828125,277412.5,True,False,True,True,2,-0.02723895462466608
2023-02-21,1937.25,1959.0,1898.5,1909.0,321364,1887.2708837546152,1847.0265918137936,55.40704852691106,58.5029883300935,1989.800048828125,286877.6,True,False,True,True,2,-0.040607119733317654
2023-02-22,1888.25,1919.0,1860.050048828125,1912.949951171875,483208,1889.7165092229257,1849.6118215925421,55.98921732273173,58.53491424736361,1989.800048828125,286083.95,True,False,True,True,2,-0.038622020188164186
2023-02-23,1915.0,1928.5999755859373,1864.0,1894.8499755859373,384962,1890.2054107813078,1851.385866847185,52.600440030196495,58.968132914404585,1989.800048828125,302297.85,True,False,True,True,2,-0.04771839929248556
2023-02-24,1904.800048828125,1922.75,1864.949951171875,1881.0,388171,1889.3287049926118,1852.5472054021975,50.101559034508355,58.88469833681319,1989.800048828125,309957.35,True,False,True,True,2,-0.0546788853946415
2023-02-27,1881.0,1885.5,1815.800048828125,1838.0,351098,1884.4402568980775,1851.976726758974,43.23422726569572,59.65721639646046,1989.800048828125,315976.4,True,False,False,True,1,-0.07628909694596009
2023-02-28,1845.0,1854.75,1812.0,1833.9000244140625,359886,1879.6269014234094,1851.2678364709384,42.63417081579179,58.44955808242758,1989.800048828125,324127.6,True,False,False,True,1,-0.07834959321961943
2023-03-01,1843.0999755859373,1879.75,1829.0,1875.699951171875,328784,1879.2529061613586,1852.2259586160733,50.219926848089486,57.89958964796847,1989.800048828125,332446.6,True,False,True,False,1,-0.05734249414831816
2023-03-02,1875.699951171875,1890.0,1838.1500244140625,1845.75,456249,1876.0621531936101,1851.9719994546585,45.570157535579405,57.4674743578234,1989.800048828125,328205.45,True,False,False,True,1,-0.07239423323612948
2023-03-03,1864.3499755859373,1877.300048828125,1846.0,1862.800048828125,309225,1874.7990956349925,1852.3966288418535,48.49383039699473,55.61622967713066,1989.800048828125,335306.45,True,False,False,False,0,-0.06382550853529001
2023-03-06,1867.0,1867.0,1824.9000244140625,1828.199951171875,229249,1870.3610818766003,1851.4477395214622,43.39923021928298,54.65078295633115,1989.800048828125,330364.6,True,False,False,False,0,-0.08121423946663531
2023-03-08,1812.050048828125,1834.0999755859373,1790.0,1828.6500244140625,448454,1866.3886002135016,1850.5537114780348,43.48240618153835,53.89715385844587,1989.800048828125,315222.5,True,False,False,True,1,-0.08098804928111769
2023-03-09,1837.800048828125,1843.6500244140625,1814.300048828125,1824.1500244140625,231531,1862.3658787087932,1849.5182727696435,42.80510003678634,52.14378398183813,1989.800048828125,325422.45,True,False,False,False,0,-0.08324958304811614
2023-03-10,1824.0,1824.0,1793.25,1800.0,267751,1856.4262712127174,1847.5763797198535,39.26984777638294,50.62637258413988,1989.800048828125,311969.45,True,False,False,False,0,-0.09538649320061388
2023-03-13,1760.0,1810.9000244140625,1732.25,1739.75,194243,1845.3142453829348,1843.3478942406437,32.13845915302207,52.62806200056293,1989.800048828125,314383.5,True,False,False,False,0,-0.12566591752542666
2023-03-14,1740.050048828125,1760.9000244140625,1706.6500244140625,1750.300048828125,252334,1836.2652742824769,1839.6989591264273,34.38542918534576,52.74391471480843,1989.800048828125,311529.1,False,False,False,False,0,-0.12036385271025163
2023-03-15,1770.0,1792.0,1754.25,1785.5,176182,1831.4304862555744,1837.5735097489205,41.36175567697579,51.95506017602747,1989.800048828125,317866.55,False,False,False,False,0,-0.10267365756094227
2023-03-16,1794.0,1799.0,1770.050048828125,1785.449951171875,229888,1827.0513876761743,1835.529448628252,41.35502294530199,50.3118381043023,1989.800048828125,319744.6,False,False,False,False,0,-0.10269881025312078
2023-03-17,1794.4000244140625,1828.0,1794.3499755859375,1808.25,330853,1825.2607793260624,1834.4596663291052,45.69195906737183,49.757424584575354,1989.800048828125,320824.9,False,False,False,True,1,-0.09124034796111669
2023-03-20,1808.300048828125,1812.6500244140625,1771.0,1799.25,260586,1822.78356224739,1833.078895100513,44.2993134518961,49.178324572395866,1989.800048828125,331934.55,False,False,False,False,0,-0.09576341549511358
2023-03-21,1805.0999755859373,1828.0,1795.050048828125,1822.699951171875,338835,1822.775599287817,1832.6718776915466,48.68771452506661,48.01915504378724,1960.0,315969.7,False,False,False,True,1,-0.0700510453204719
2023-03-22,1836.0,1851.5,1821.449951171875,1839.199951171875,190907,1824.3398232767747,1832.927880573128,51.57846748971797,46.73564745695422,1959.0,317142.65,False,False,True,False,1,-0.06115367474636291
2023-03-23,1843.3499755859373,1856.0,1819.0,1823.1500244140625,166620,1824.2265090993735,1832.544435233557,48.7041834612076,46.04024406717178,1928.5999755859373,310619.8,False,False,False,False,0,-0.05467694312286686
2023-03-24,1821.050048828125,1835.449951171875,1802.0,1831.0999755859373,166271,1824.8811249552366,1832.4877897571798,50.184987468953786,45.14093743179344,1928.5999755859373,294790.4,False,False,True,False,1,-0.050554807235428934
2023-03-27,1836.4000244140625,1874.949951171875,1827.5,1869.300048828125,302618,1829.1114986574164,1833.9314077599622,56.659329997335476,45.30586698465641,1922.75,283855.85,False,False,True,True,2,-0.02779870038844101
2023-03-28,1880.0999755859373,1882.800048828125,1827.5999755859373,1844.4000244140625,244419,1830.567548729478,1834.3419417463977,51.92226525295928,46.012596003051506,1890.0,279578.2,False,False,True,False,1,-0.0241269712094907
2023-03-29,1852.0,1936.449951171875,1844.449951171875,1928.75,479011,1839.9182583742895,1838.0442185406566,63.15898093757399,49.30097677124872,1890.0,274244.25,True,True,True,True,2,0.020502645502645578
2023-03-31,1935.0,1979.0,1930.25,1968.25,387524,1852.1403290053095,1843.1503276174938,67.04346830837972,49.36876414473096,1936.449951171875,280200.5,True,True,True,True,2,0.01642182841280282
2023-04-03,1987.300048828125,1990.0,1965.0,1972.699951171875,354277,1863.6221977830776,1848.2307050117834,67.45972964015367,47.62813813439303,1979.0,283137.5,True,False,True,True,2,-0.0031834506458439105
2023-04-05,1971.699951171875,1990.0,1957.0,1979.4000244140625,236135,1874.648657462219,1853.3745998903041,68.11278521868303,46.58327112479353,1990.0,278038.9,True,False,True,False,1,-0.005326620897456058
2023-04-06,1985.0,2009.0,1978.0,1999.3499755859373,247539,1886.5249734740019,1859.0991244273878,70.04078252355353,45.47018033016542,1990.0,274384.4,True,True,True,False,1,0.004698480193938259
2023-04-10,2009.0,2009.949951171875,1976.550048828125,1983.6500244140625,178390,1895.7749783254362,1863.983473446473,66.62666057328241,44.60801761685003,2009.0,275298.9,True,False,True,False,1,-0.012618205866569143
2023-04-11,1985.0,2020.0,1985.0,2001.199951171875,382379,1905.8154519298591,1869.3645117886456,68.47646028661929,44.018157471784846,2009.949951171875,261795.7,True,False,True,True,2,-0.00435334222869499
2023-04-12,2014.6500244140625,2045.0,1990.0,1995.0999755859373,380286,1914.3187398971047,1874.2953142905003,67.08463232232558,44.802574795228786,2020.0,269338.1,True,False,True,True,2,-0.012326744759436958
2023-04-13,1995.0,2018.0,1990.0,2000.75,347455,1922.5502884783327,1879.254321573226,67.73871526651419,43.602390881283874,2045.0,274964.85,True,False,True,True,2,-0.02163814180929091
2023-04-17,1995.0,2041.5,1986.050048828125,2035.199951171875,258980,1933.2788277824798,1885.3698364594477,71.46241232993574,44.44864518775467,2045.0,282625.45,True,False,True,False,1,-0.004792199915953588
2023-04-18,2038.9000244140625,2060.0,2021.0,2034.949951171875,348057,1942.9617919148031,1891.2357233109155,71.39800803046165,44.059456245772196,2045.0,282957.75,True,False,True,True,2,-0.004914449304706636
2023-04-19,2045.699951171875,2078.0,2041.0999755859373,2052.5,447343,1953.3940022086313,1897.5598125928404,73.22245384190934,43.987355715940254,2060.0,291551.5,True,False,True,True,2,-0.00364077669902918
2023-04-20,2055.050048828125,2060.0,1977.550048828125,1988.949951171875,658835,1956.7802830622736,1901.1437395959397,58.63676529759143,46.73468396279274,2078.0,302424.25,True,False,True,True,2,-0.042853728983698214
2023-04-21,1992.25,1994.9000244140625,1916.4000244140625,1922.050048828125,472353,1953.4726417066404,1901.963594859947,47.83443233056277,49.00363510830754,2078.0,318823.35,True,False,False,True,1,-0.07504809969772619
2023-04-24,1930.550048828125,1944.949951171875,1910.0,1929.25,356117,1951.165723448865,1903.0336499634786,48.924980485325776,47.9998005414195,2078.0,329411.7,True,False,False,True,1,-0.07158325312800773
2023-04-25,1930.0,1935.699951171875,1906.550048828125,1920.9000244140625,409044,1948.283275921741,1903.7342920987958,47.68006998083259,46.653379241585974,2078.0,330275.8,True,False,False,True,1,-0.07560152819342514
2023-04-26,1910.0,1953.9000244140625,1901.5,1934.050048828125,679221,1946.927730484254,1904.9231453038676,49.84454071903394,47.06385389676287,2078.0,341182.65,True,False,False,True,1,-0.06927331625210542
2023-04-27,1942.25,1975.5,1933.550048828125,1966.5,610435,1948.7917561524202,1907.337923919402,54.81246932337992,46.69857513069945,2078.0,366812.7,True,False,True,True,2,-0.05365736284889322
2023-04-28,1975.0,2005.0,1964.25,1996.199951171875,341463,1953.3068223447492,1910.8227093018522,58.831729564118916,46.27367690707806,2078.0,389020.9,True,False,True,False,1,-0.039364797318635736
2023-05-02,1999.0,2009.0,1984.1500244140625,2000.25,183863,1957.777601169059,1914.3296618782504,59.36254461737934,44.7434125269966,2078.0,390963.15,True,False,True,False,1,-0.037415784408084685
2023-05-03,1999.9000244140625,2012.800048828125,1992.550048828125,2001.300048828125,287224,1961.9225961842083,1917.7402652880494,59.50831870681513,42.99388306078256,2078.0,387935.35,True,False,True,False,1,-0.03691046735893888
2023-05-04,2001.9000244140625,2028.5999755859373,1997.0,2024.199951171875,265649,1967.8537728497004,1921.9151549305525,62.654614820466726,42.18003252686504,2078.0,378346.0,True,False,True,False,1,-0.025890302612187166
2023-05-05,2024.9000244140625,2034.25,1990.050048828125,2012.8499755859373,198931,1972.1391254912467,1925.481226328803,60.159536151020674,42.32431243008004,2078.0,372252.25,True,False,True,False,1,-0.031352273539009934
2023-05-08,2008.0,2090.0,2008.0,2085.949951171875,522459,1982.9782517465446,1931.7741174991195,68.78218452373743,45.15829011364575,2078.0,364484.95,True,True,True,True,2,0.003825770535069717
2023-05-09,2090.39990234375,2128.800048828125,2043.0,2075.800048828125,539876,1991.8184228971713,1937.422193237512,66.62598354685483,48.061272878965696,2090.0,378801.15,True,False,True,True,2,-0.006794235010466498
2023-05-10,2068.0,2097.449951171875,2055.0,2086.25,164738,2000.8119064307741,1943.258577816433,67.74702116421717,47.66046418560208,2128.800048828125,393418.0,True,False,True,False,1,-0.019987809024876846
2023-05-11,2087.0,2095.0,2078.050048828125,2083.449951171875,215383,2008.682196406117,1948.7562787323327,67.096668840357,45.466856113193,2128.800048828125,392735.4,True,False,True,False,1,-0.021303126933510996
2023-05-12,2094.699951171875,2101.89990234375,2076.89990234375,2081.60009765625,218544,2015.6267584299392,1953.965840258761,66.64151337574708,44.004937819393504,2128.800048828125,384385.6,True,False,True,False,1,-0.02217209230047601
2023-05-15,2075.0,2094.75,2063.550048828125,2072.39990234375,207657,2021.0337245169687,1958.6103132817018,64.30510556833866,43.09029591599933,2128.800048828125,376298.5,True,False,True,False,1,-0.026493867526648396
2023-05-16,2076.0,2095.0,2068.0,2079.050048828125,262296,2026.559088737079,1963.3334401658753,65.25338248604075,41.940989064856524,2128.800048828125,369308.6,True,False,True,False,1,-0.02336997315806466
2023-05-17,2080.0,2102.050048828125,2066.75,2076.699951171875,193543,2031.3344089689645,1967.7791856955223,64.6002479578101,41.46663619080427,2128.800048828125,369474.4,True,False,True,False,1,-0.024473927311740917
2023-05-18,2090.050048828125,2113.449951171875,2053.0,2062.60009765625,224608,2034.3120936058488,1971.4976528312372,60.67622497406084,42.82258726088076,2128.800048828125,361748.7,True,False,True,False,1,-0.031097308179937833
2023-05-19,2062.60009765625,2081.35009765625,2030.3499755859373,2057.64990234375,124074,2036.5347420570774,1974.8761724199633,59.3140056741395,43.4066968901259,2128.800048828125,350611.95,True,False,True,False,1,-0.033422653538335956
2023-05-22,2068.5,2080.0,2052.699951171875,2077.699951171875,142115,2040.4552381632486,1978.9084774690577,62.94292562751541,42.25622202855441,2128.800048828125,323873.9,True,False,True,False,1,-0.0240041791075587
2023-05-23,2075.0,2097.0,2063.39990234375,2074.10009765625,133706,2043.6595104959156,1982.641482182281,61.87581978422367,41.63792743053267,2128.800048828125,307362.0,True,False,True,False,1,-0.02569520383184254
2023-05-24,2063.0,2070.0,2042.0999755859373,2049.199951171875,0,2044.1871715126736,1985.2516182210886,54.93782752822908,40.949512761945535,2128.800048828125,296241.45,True,False,True,False,1,-0.03739200292675149
2023-05-25,2049.199951171875,2054.550048828125,2017.550048828125,2041.1500244140625,153205,2043.897919408044,1987.4437125815973,52.873742394178784,40.66740470752086,2128.800048828125,275789.25,True,False,True,False,1,-0.04117344156503222
2023-05-26,2042.5999755859373,2073.75,2032.0,2068.699951171875,141477,2046.2600176712658,1990.6302317420004,58.60577999903104,40.74473294269794,2128.800048828125,249488.45,True,False,True,False,1,-0.028231912945198556
2023-05-29,2092.0,2107.85009765625,2066.60009765625,2093.050048828125,205286,2050.7162111147763,1994.6466951571426,62.900891952311596,40.78082344679094,2128.800048828125,226040.55,True,False,True,False,1,-0.01679349829951382
2023-05-30,2104.10009765625,2160.0,2100.25,2128.050048828125,433037,2058.0813385160477,1999.8781992226714,68.03496445000208,42.65004685572552,2128.800048828125,219231.7,True,False,True,True,2,-0.00035231115313660855
2023-05-31,2140.0,2151.0,2107.14990234375,2129.949951171875,249154,2064.925968292793,2004.9790522402873,68.29148510964231,42.7357647700487,2160.0,231690.4,True,False,True,True,2,-0.01391205964265041
2023-06-01,2130.0,2168.64990234375,2126.0,2134.5,211118,2071.5520665506224,2010.0583050936095,68.93446219385544,42.729631739598794,2160.0,229786.9,True,False,True,False,1,-0.011805555555555514
2023-06-02,2135.5,2150.0,2124.050048828125,2139.300048828125,66591,2078.0042553389558,2015.126608769473,69.63401617240224,41.53108312761852,2168.64990234375,227060.35,True,False,True,False,1,-0.013533698308752062
2023-06-05,2150.0,2158.300048828125,2133.35009765625,2139.64990234375,149803,2083.8752693394126,2020.0098751841506,69.6875943612846,40.34671655935113,2168.64990234375,220443.35,True,False,True,False,1,-0.013372375120879854
2023-06-06,2141.0,2170.0,2133.050048828125,2159.949951171875,304144,2091.1204771329803,2025.4977213013162,72.69778548405475,40.10409046024569,2168.64990234375,201810.55,True,False,True,True,2,-0.004011690020815584
2023-06-07,2170.0,2174.0,2138.800048828125,2167.25,132041,2098.3709078822203,2031.0566341914607,73.70888978617569,39.75379479679064,2170.0,190023.95,True,False,True,False,1,-0.0012672811059908362
2023-06-08,2175.0,2183.0,2108.0,2128.199951171875,195558,2101.2117691479016,2034.8661760338298,60.7485964410595,42.271380882734164,2174.0,188389.1,True,False,True,True,2,-0.021067179773746503
2023-06-09,2127.64990234375,2155.39990234375,2083.10009765625,2095.75,295966,2100.6916006576253,2037.2537769736798,52.48930265421088,44.41626829736029,2183.0,187397.85,True,False,True,True,2,-0.03996793403573062
2023-06-12,2096.14990234375,2114.89990234375,2077.10009765625,2102.14990234375,373046,2100.8304865324944,2039.7987230666238,53.82275848563623,43.943663753798845,2183.0,191268.95,True,False,True,True,2,-0.03703623346598717
2023-06-13,2114.10009765625,2168.89990234375,2109.0,2157.300048828125,389129,2106.2085400844594,2044.406618194526,63.36484360796943,45.572687771384636,2183.0,199538.4,True,False,True,True,2,-0.011772767371449833
2023-06-14,2177.0,2213.0,2152.60009765625,2196.60009765625,395868,2114.8172598532014,2050.374989938123,68.37924045004539,46.63177452655359,2183.0,205880.05,True,True,True,True,2,0.006230003507214921
2023-06-15,2197.0,2266.199951171875,2197.0,2254.550048828125,797524,2128.12514451748,2058.3818549926327,74.0249839564859,48.272351597201556,2213.0,215996.3,True,True,True,True,2,0.018775440048859116
2023-06-16,2260.0,2288.800048828125,2243.5,2254.85009765625,335027,2140.194187673553,2066.0864919598334,74.05081821840226,48.06004425655323,2266.199951171875,244642.1,True,False,True,True,2,-0.005008319548218121
2023-06-19,2254.0,2280.699951171875,2225.0,2242.39990234375,154384,2149.928065261191,2073.000743347438,70.89977747385785,48.60575189336193,2288.800048828125,255189.75,True,False,True,False,1,-0.02027269551489741
2023-06-20,2235.0,2250.0,2222.5,2240.5,136626,2158.5539638077444,2079.5693416475383,70.40741791693148,47.098198186693224,2288.800048828125,255803.2,True,False,True,False,1,-0.021102782155590583
2023-06-21,2250.0,2270.0,2240.5,2258.199951171875,211185,2168.044057842423,2086.574463589669,72.33492019748579,45.84118403050085,2288.800048828125,255949.2,True,False,True,False,1,-0.013369493622615636
2023-06-22,2253.0,2267.75,2182.85009765625,2200.39990234375,255136,2171.1255668425497,2091.0382062859076,58.853764938580454,48.63109248144722,2288.800048828125,266508.45,True,False,True,False,1,-0.03862292231671183
2023-06-23,2193.85009765625,2198.550048828125,2162.949951171875,2167.39990234375,104348,2170.770741652188,2094.0327826019015,52.80302702974327,47.83243953076349,2288.800048828125,271605.0,True,False,True,False,1,-0.05304095766099459
2023-06-26,2164.89990234375,2199.0,2153.0,2197.14990234375,140490,2173.2830426704318,2098.076591219229,57.08640772885029,47.70155099285181,2288.800048828125,269748.55,True,False,True,False,1,-0.04004288034304271
2023-06-27,2200.0,2230.0,2162.89990234375,2166.050048828125,237552,2172.5941861140213,2100.7422170078135,51.794500348872255,49.08716146880882,2288.800048828125,266508.75,True,False,True,False,1,-0.05363072237911237
2023-06-28,2175.300048828125,2239.0,2169.0,2219.550048828125,497432,2177.066173039174,2105.4013476674336,58.859736887334705,50.79164644759926,2288.800048828125,256734.5,True,False,True,True,2,-0.03025602871489641
2023-06-30,2219.550048828125,2229.949951171875,2160.0,2166.199951171875,159710,2176.0312947660977,2107.785606628392,50.8552733494624,52.16009678504753,2288.800048828125,269148.4,True,False,True,False,1,-0.05356522852182821
2023-07-03,2183.800048828125,2212.0,2171.300048828125,2200.35009765625,158910,2178.3473712318264,2111.4155866687006,55.06754257589174,51.70580764526735,2288.800048828125,266578.0,True,False,True,False,1,-0.038644682490793225
2023-07-04,2218.0,2218.0,2179.0,2185.449951171875,123893,2179.0238074165927,2114.3188950805898,52.935627439635994,50.79824995631968,2288.800048828125,271193.95,True,False,True,False,1,-0.04515470790432985
2023-07-05,2186.0,2190.699951171875,2157.800048828125,2174.64990234375,144754,2178.607245028703,2116.6848169340474,51.38283938800833,49.51979655542185,2288.800048828125,269898.45,True,False,True,False,1,-0.04987335898687184
2023-07-06,2186.10009765625,2199.0,2165.0,2192.60009765625,111717,2179.9398976598977,2119.6618867662905,53.808098254832004,48.41123965860601,2288.800048828125,261928.95,True,False,True,False,1,-0.04203073624588993
2023-07-07,2190.0,2194.89990234375,2140.949951171875,2146.64990234375,172703,2176.769421915503,2120.720240318348,47.30291834798787,48.806861909553795,2288.800048828125,260912.75,True,False,False,False,0,-0.06210684352141482
2023-07-10,2149.0,2153.35009765625,2096.199951171875,2101.199951171875,306079,2169.5723294637287,2119.954738783192,41.906299739705204,49.40281080775531,2288.800048828125,259770.0,True,False,False,True,1,-0.08196438904844572
2023-07-11,2101.199951171875,2113.5,2053.75,2068.0,268058,2159.8987742767067,2117.9172980465964,38.45505370401646,50.141895750058495,2288.800048828125,260275.65,True,False,False,True,1,-0.09646978509161408
2023-07-12,2070.10009765625,2094.89990234375,2035.550048828125,2064.199951171875,276144,2150.7846006476752,2115.8107354240583,38.068597839462306,50.79960701902753,2288.800048828125,255026.25,True,False,False,True,1,-0.09813006504052035
2023-07-13,2070.0,2094.0,2049.14990234375,2058.0,290135,2141.947972014563,2113.54364776037,37.4080633776962,50.37464206454342,2288.800048828125,249377.0,True,False,False,True,1,-0.10083888671109364
2023-07-14,2081.35009765625,2081.35009765625,2048.449951171875,2056.14990234375,140749,2133.7767272840097,2111.2929126459926,37.20063412157579,49.126463808817114,2288.800048828125,244090.35,True,False,False,False,0,-0.10164721317770542
2023-07-17,2051.0,2079.0,2044.699951171875,2057.050048828125,150095,2126.4694245739256,2109.16574151588,37.382563689201916,48.06743416733911,2288.800048828125,211251.6,True,False,False,False,0,-0.10125393003144023
2023-07-18,2060.10009765625,2064.35009765625,2023.550048828125,2037.550048828125,151922,2118.000912598135,2106.3572829791055,35.015987387905284,47.548335214538106,2280.699951171875,202005.0,True,False,False,False,0,-0.10661196455009969
2023-07-19,2049.0,2050.0,2028.0999755859373,2037.699951171875,99617,2110.3532019861104,2103.6648385945086,35.050027336621554,45.71631301450415,2270.0,201881.9,True,False,False,False,0,-0.10233482327230181
2023-07-20,2036.0,2044.5999755859373,2014.25,2020.949951171875,125038,2101.838606670469,2100.4211175191112,32.97169624625228,44.61871748389223,2270.0,200031.45,True,False,False,False,0,-0.10971367789785247
2023-07-21,1979.0,2003.949951171875,1915.3499755859373,1921.0999755859373,435846,2084.625403710037,2093.3889158746733,23.881006513391952,48.97452163403834,2267.75,195724.1,False,False,False,True,1,-0.15286077584128
2023-07-24,1920.0,1920.0,1880.6500244140625,1900.25,336491,2067.0658414519385,2085.814840742333,22.486804938475586,48.3656237438838,2239.0,204759.6,False,False,False,True,1,-0.1512952210808397
2023-07-25,1919.3499755859373,1923.75,1890.0,1908.449951171875,255801,2051.9595661871704,2078.859354876825,24.357189871386026,47.32165061932067,2239.0,216366.75,False,False,False,True,1,-0.14763289362578158
2023-07-26,1910.0,1960.1500244140625,1907.699951171875,1955.75,532476,2042.7967503598209,2074.031537038518,34.21770065612975,47.68796652095402,2239.0,222132.3,False,False,False,True,1,-0.126507369361322
2023-07-27,1975.0,1975.0,1925.0,1941.550048828125,242498,2033.154207356802,2068.836184559679,32.8339286107755,47.85311176945731,2239.0,236878.5,False,False,False,True,1,-0.13284946456984148
2023-07-28,1951.800048828125,1963.25,1936.0,1957.1500244140625,156352,2025.9157137432078,2064.456335142204,35.900749634043294,46.381460928781785,2229.949951171875,224131.8,False,False,False,False,0,-0.12233455132679172
2023-07-31,1957.1500244140625,1961.3499755859373,1936.8499755859373,1953.800048828125,306459,2019.0475551798665,2060.1168729338087,35.52561898769572,44.8184994338688,2218.0,223963.9,False,False,False,True,1,-0.11911629899543508
2023-08-01,1935.0,1992.8499755859373,1935.0,1986.800048828125,362855,2015.9763640987483,2057.241703361037,41.95942171423791,45.74931915901655,2218.0,231341.35,False,False,False,True,1,-0.10423803028488499
2023-08-02,1982.0,2008.0,1961.949951171875,1983.699951171875,258617,2012.9024200104745,2054.357713079109,41.54005520302403,45.770799849667156,2199.0,243289.45,False,False,False,True,1,-0.09790816226836063
2023-08-03,1971.0,1978.5999755859373,1937.800048828125,1972.8499755859373,201027,2009.0879014938519,2051.161331216632,40.0320255300493,45.78002145638736,2199.0,248982.6,False,False,False,False,0,-0.10284221210280253
2023-08-04,1983.199951171875,2001.0,1972.800048828125,1990.1500244140625,126180,2007.2842941529195,2048.7687309498647,43.55089478912694,44.52430215035076,2194.89990234375,253448.1,False,False,False,False,0,-0.09328438062758682
2023-08-07,1990.0,2018.0,1971.75,2004.800048828125,127921,2007.0476993600819,2047.044468905875,46.4182177302632,44.64756628246857,2153.35009765625,251121.95,False,False,False,False,0,-0.06898555371456316
2023-08-08,2024.0,2040.0,1981.300048828125,2015.699951171875,251500,2007.8717233421573,2045.8152721319927,48.51368229632575,45.65130806028331,2113.5,242214.05,False,False,False,True,1,-0.046273976261237304
2023-08-09,2010.0,2018.949951171875,1992.75,2012.8499755859373,93151,2008.3458426034697,2044.5225154046964,47.98526830338526,44.261925425397,2094.89990234375,241386.15,False,False,False,False,0,-0.03916651419288153
2023-08-10,2012.0,2025.550048828125,1982.0,2002.5,128805,2007.7890956888536,2042.87457362412,46.0246916511684,44.211077097020436,2094.0,232236.5,False,False,False,False,0,-0.043696275071633206
2023-08-11,2000.0,2009.0,1969.0999755859373,1993.3499755859373,111769,2006.4139413933378,2040.9324325245834,44.30139168582065,43.90314476252346,2081.35009765625,224170.0,False,False,False,False,0,-0.04228030746456701
2023-08-14,1989.0999755859373,1989.0999755859373,1905.300048828125,1911.3499755859373,213660,1997.3602303640614,2035.8507675465971,32.54188744166035,47.05648633361552,2079.0,222721.0,False,False,False,False,0,-0.08063974238290661
2023-08-16,1888.0999755859373,1909.050048828125,1877.0,1902.0999755859373,370078,1988.2878251470972,2030.6056384501007,31.5253029587371,46.148878423067075,2064.35009765625,225899.25,False,False,False,True,1,-0.07859622369990571
2023-08-17,1900.0,1907.9000244140625,1889.0999755859373,1904.0999755859373,162430,1980.2699347127011,2025.6446320632708,32.01979143689577,44.195390594856946,2050.0,236807.05,False,False,False,False,0,-0.07117074361661602
2023-08-18,1909.9000244140625,1911.9000244140625,1873.300048828125,1897.949951171875,79365,1972.4299362802415,2020.6369975185103,31.271944916512368,43.79571809421984,2044.5999755859373,239947.7,False,False,False,False,0,-0.0717255336814897
2023-08-21,1907.9000244140625,1930.25,1893.050048828125,1919.75,95696,1967.4127994916469,2016.680644674647,36.897981359376175,43.32459188548093,2040.0,237664.05,False,False,False,False,0,-0.05894607843137256
2023-08-22,1933.9000244140625,1956.0,1914.0,1951.199951171875,257848,1965.8687186992877,2014.112774341205,44.0177521447182,43.229978179375145,2040.0,220656.55,False,False,False,True,1,-0.04352943570006129
2023-08-23,1957.050048828125,2018.800048828125,1954.0,1990.199951171875,340061,1968.1859789347723,2013.1750165698588,51.34850039922539,44.970700999151916,2040.0,216724.4,False,False,True,True,2,-0.02441178864123772
2023-08-24,1992.0,2021.949951171875,1979.449951171875,1997.25,160607,1970.9539809409846,2012.5505061161389,52.557911562375374,44.79422235635535,2040.0,220937.4,False,False,True,False,1,-0.020955882352941213
2023-08-25,2001.0,2014.949951171875,1975.0,2003.75,317017,1974.0774113275575,2012.2053882292314,53.700680083211466,44.44820298603533,2040.0,202343.95,False,False,True,True,2,-0.017769607843137303
2023-08-28,2000.0,2036.3499755859373,1997.1500244140625,2031.8499755859373,179508,1979.579560304546,2012.9757642040042,58.36927036558179,44.07332785645243,2040.0,206069.9,False,False,True,False,1,-0.003995110006893454
2023-08-29,2045.0,2059.550048828125,2030.449951171875,2055.14990234375,192646,1986.7767357368512,2014.6296519741902,61.80813668728409,43.00381141358083,2040.0,207227.7,False,True,True,False,1,0.007426422717524472
2023-08-30,2069.0,2110.0,2050.550048828125,2082.800048828125,355076,1995.9218131741152,2017.303000870423,65.45495857831693,44.17853568203041,2059.550048828125,201537.05,False,True,True,True,2,0.0112888735154697
2023-08-31,2085.0,2118.0,2071.10009765625,2085.050048828125,266066,2004.4102165697352,2019.9597478491564,65.74162722849525,44.372919015010375,2110.0,201148.1,False,False,True,True,2,-0.011824621408471514
2023-09-01,2069.85009765625,2135.0,2069.85009765625,2123.550048828125,299204,2015.7568672610105,2024.02211259343,70.28549675792294,45.856989252777495,2118.0,201520.55,False,True,True,True,2,0.0026204196544499236
2023-09-04,2128.10009765625,2273.0,2127.300048828125,2261.0,756357,2039.1133560932951,2033.3153630799623,80.3208704715527,53.25648653271303,2135.0,206429.4,True,True,True,True,2,0.05901639344262288
2023-09-05,2258.89990234375,2280.0,2245.550048828125,2266.5,369931,2060.7692269415525,2042.459858645454,80.60316261008599,51.91316257836746,2273.0,237938.25,True,False,True,True,2,-0.002859656841179059
2023-09-06,2255.85009765625,2335.0,2252.10009765625,2308.0,677315,2084.3150148518807,2052.873197522103,82.62809461832391,54.12650113303765,2280.0,250038.75,True,True,True,True,2,0.012280701754386003
2023-09-07,2308.0,2328.949951171875,2275.25,2287.85009765625,377343,2103.699308452297,2062.0879779195207,78.35114251751776,54.09603327866889,2335.0,271329.5,True,False,True,True,2,-0.02019267766327626
2023-09-08,2306.0,2327.39990234375,2287.550048828125,2322.10009765625,416878,2124.499383614578,2072.2845316346866,80.22483800822603,53.078449009880046,2335.0,285539.1,True,False,True,True,2,-0.005524583444860842
2023-09-11,2339.0,2384.39990234375,2324.5,2372.550048828125,464512,2148.1232564920588,2084.059649955998,82.61208036835305,53.73711727256719,2335.0,299942.75,True,True,True,True,2,0.016081391361081332
2023-09-12,2401.050048828125,2422.0,2326.550048828125,2333.699951171875,721101,2165.797227413946,2093.849465689954,75.09414500877332,56.716605408232034,2384.39990234375,317579.9,True,False,True,True,2,-0.02126319126336118
2023-09-13,2329.949951171875,2361.85009765625,2293.25,2356.75,371513,2183.983205755475,2104.1592905648577,76.46274120660806,57.56542628309047,2422.0,342951.95,True,False,True,True,2,-0.02694054500412879
2023-09-14,2359.949951171875,2410.0,2352.800048828125,2403.699951171875,591556,2204.9086100808463,2115.9059831376817,78.99466934289103,57.53932091800365,2422.0,343023.7,True,False,True,True,2,-0.007555759218879077
2023-09-15,2424.0,2424.75,2380.0,2387.60009765625,401541,2222.307799373742,2126.560654295273,75.97648238612237,56.6257979952891,2422.0,364480.0,True,False,True,True,2,-0.014203097582060287
2023-09-18,2399.0,2399.0,2354.35009765625,2369.25,219189,2236.302294671481,2136.0778835385954,72.57299206660068,55.77037687732202,2424.75,380588.8,True,False,True,False,1,-0.022888957624497386
2023-09-20,2358.0,2360.0,2290.949951171875,2314.64990234375,383701,2243.7639715926493,2143.080707805464,63.46322636257505,57.379639159522235,2424.75,386763.45,True,False,True,False,1,-0.045406783237962656
2023-09-21,2324.89990234375,2324.89990234375,2262.300048828125,2266.0,192702,2245.8816885838255,2147.90107220525,56.640856960147765,57.75251161352958,2424.75,393056.1,True,False,True,False,1,-0.06547066707908034
2023-09-22,2266.0,2280.35009765625,2235.800048828125,2245.60009765625,236560,2245.854870400247,2151.732406536662,54.018531126364856,56.80947855742925,2424.75,385688.15,True,False,True,False,1,-0.07388386528250335
2023-09-25,2245.60009765625,2351.300048828125,2245.050048828125,2337.550048828125,422280,2254.5877445362353,2159.0193729010334,62.455893612672725,60.340944374755736,2424.75,389485.8,True,False,True,True,2,-0.03596245022038358
2023-09-26,2350.0,2375.0,2331.300048828125,2367.699951171875,443841,2265.3603356443914,2167.202924990086,64.74053814032015,59.1523020031214,2424.75,394748.95,True,False,True,True,2,-0.023528218920765065
2023-09-27,2403.0,2403.0,2347.35009765625,2370.35009765625,380255,2275.3593605979017,2175.169480780916,64.94248016532578,58.90213059888058,2424.75,407965.6,True,False,True,False,1,-0.02243526233374571
2023-09-28,2369.60009765625,2400.0,2317.949951171875,2339.949951171875,275770,2281.5108454144706,2181.6314600119335,60.6512550391917,60.5555533295409,2424.75,417346.05,True,False,True,False,1,-0.0349726977330137
2023-09-29,2339.949951171875,2417.949951171875,2330.449951171875,2404.35009765625,483032,2293.2098218184497,2190.3655242332793,65.80590733240335,62.480156663145124,2424.75,413380.75,True,False,True,True,2,-0.008413198203423011
2023-10-03,2404.35009765625,2409.550048828125,2356.050048828125,2372.050048828125,338580,2300.7184148669903,2197.4904075507243,61.457367515867126,61.8387169014919,2424.75,424229.05,True,False,True,False,1,-0.02173417926461496
2023-10-04,2353.0,2371.35009765625,2277.0,2305.75,377251,2301.1976134510865,2201.7358817644217,53.62424195493791,64.21095489625141,2424.75,426197.85,True,False,True,False,1,-0.0490772244561295
2023-10-05,2270.199951171875,2311.050048828125,2223.0,2258.14990234375,514301,2297.097831440864,2203.948196296945,48.81382568944475,65.91374731995667,2424.75,407242.55,True,False,False,True,1,-0.06870815451335188
2023-10-06,2250.0,2269.75,2206.699951171875,2223.800048828125,369046,2290.1170902396507,2204.726700317776,45.632572912489636,65.70919742768298,2424.75,414461.05,True,False,False,False,0,-0.08287450300933086
2023-10-09,2207.050048828125,2242.449951171875,2198.64990234375,2219.050048828125,238173,2283.34880058141,2205.2884002593582,45.193952277667336,64.14425824200026,2424.75,399047.6,True,False,False,False,0,-0.08483346785106716
2023-10-10,2229.800048828125,2270.64990234375,2208.0,2260.0,460952,2281.125105287943,2207.433953190364,49.68413019243795,64.0375185349824,2424.75,392089.1,True,False,False,True,1,-0.06794514898443138
2023-10-11,2278.949951171875,2344.0,2267.75,2301.10009765625,410776,2283.027485513496,2211.107135326281,53.777341231194754,65.46341006819794,2424.75,394292.8,True,False,True,True,2,-0.05099490765800596
2023-10-12,2301.0,2324.75,2290.35009765625,2300.800048828125,200025,2284.72011059108,2214.6245044832162,53.74296845841273,63.24458808788024,2424.75,391606.0,True,False,True,False,1,-0.051118651890658784
2023-10-13,2300.0,2324.0,2278.300048828125,2292.550048828125,244249,2285.4658189946076,2217.6804081830164,52.74471485563873,61.99139973673701,2424.75,365552.2,True,False,True,False,1,-0.054521064510516526
2023-10-16,2322.0,2373.35009765625,2282.0,2322.10009765625,1406372,2288.954797914764,2221.7752979662805,55.90412588057741,64.0884495881308,2424.75,359189.0,True,False,True,True,2,-0.042334220989277194
2023-10-17,2301.0,2314.10009765625,2226.14990234375,2255.89990234375,699124,2285.806712622287,2223.113517745789,48.13915309411772,66.36428856844289,2424.75,399929.8,True,False,False,True,1,-0.06963608522785858
2023-10-18,2269.89990234375,2271.699951171875,2219.39990234375,2230.75,239604,2280.563216182069,2223.412987638111,45.550629230497385,65.35970001556305,2417.949951171875,414808.95,True,False,False,False,0,-0.07742093713773823
2023-10-19,2235.89990234375,2235.89990234375,2188.050048828125,2208.0,284447,2273.6524336885386,2222.808556750342,43.28335314657277,64.10899669413891,2417.949951171875,415829.7,True,False,False,False,0,-0.08682973403569472
2023-10-20,2214.800048828125,2214.89990234375,2151.85009765625,2158.050048828125,334304,2262.6426827494515,2220.269007420059,38.72564007037437,64.03334012223614,2417.949951171875,410867.0,True,False,False,False,0,-0.107487709668179
2023-10-23,2169.39990234375,2169.39990234375,2045.0999755859373,2075.449951171875,841644,2244.8148035515874,2214.58982874366,32.610413348563526,68.33809631049161,2417.949951171875,417947.1,True,False,False,True,1,-0.14164892033187249
2023-10-25,2074.949951171875,2096.300048828125,2040.4000244140625,2057.25,289021,2226.9514889276265,2208.419639381163,31.432620552200802,67.44966260360383,2417.949951171875,448201.3,True,False,False,False,0,-0.14917593765621961
2023-10-26,2040.050048828125,2050.60009765625,1995.050048828125,2015.5999755859373,242006,2206.822773371275,2200.858083938213,28.86346295148506,67.0746832156232,2417.949951171875,441538.35,True,False,False,False,0,-0.16640128361256457
2023-10-27,2026.199951171875,2055.39990234375,2023.6500244140625,2038.5,159841,2190.7920330502016,2194.4911002543618,32.147307646632726,65.1264863257796,2417.949951171875,431446.6,False,False,False,False,0,-0.1569304405940959
2023-10-30,2049.199951171875,2070.050048828125,2025.0,2043.949951171875,232897,2176.8070728713133,2188.5875257805387,32.94070405223472,63.69245507594712,2417.949951171875,420425.9,False,False,False,False,0,-0.15467648526750455
2023-10-31,2054.89990234375,2109.800048828125,2050.050048828125,2104.25,481220,2169.896875454998,2185.280171828361,41.141269025375784,63.846572403111615,2417.949951171875,418282.25,False,False,False,True,1,-0.12973798362527655
2023-11-01,2119.39990234375,2119.39990234375,2065.050048828125,2072.5,183930,2160.620982554522,2180.857419991955,38.47344827419766,63.168235339719715,2409.550048828125,418191.65,False,False,False,False,0,-0.13988090805254194
2023-11-02,2079.949951171875,2103.949951171875,2070.449951171875,2077.300048828125,199015,2152.6856555329605,2176.7963466129813,39.116235253510276,61.049075672596885,2373.35009765625,410459.15,False,False,False,False,0,-0.12473930800200217
2023-11-03,2092.0,2100.0,2066.800048828125,2073.64990234375,107498,2145.158440943512,2172.751388014188,38.78440880965305,59.05985249397389,2373.35009765625,401547.35,False,False,False,False,0,-0.1262772802076113
2023-11-06,2073.699951171875,2113.449951171875,2073.699951171875,2099.89990234375,202015,2140.8481039340104,2169.894467007504,42.55826372394749,57.684152232127545,2373.35009765625,381207.2,False,False,False,False,0,-0.11521696507503876
2023-11-07,2117.5,2119.949951171875,2072.050048828125,2089.699951171875,173203,2135.9768512899973,2166.7495840335578,41.487980026293165,56.98527724010058,2373.35009765625,372855.65,False,False,False,False,0,-0.1195146669530498
2023-11-08,2081.0,2150.0,2081.0,2123.800048828125,337527,2134.817155817438,2165.0652885353056,46.34600031926243,57.84347172295054,2373.35009765625,369607.15,False,False,False,False,0,-0.10514674976715943
2023-11-09,2128.949951171875,2136.89990234375,2090.0,2094.449951171875,90423,2130.9726601369084,2162.296059619093,43.034182759377565,57.061788195864786,2373.35009765625,363435.9,False,False,False,False,0,-0.11751327659572719
2023-11-10,2081.25,2105.0,2066.10009765625,2089.5,153274,2127.022882981012,2159.4413121830503,42.482812354791506,55.764510634999446,2373.35009765625,347418.25,False,False,False,False,0,-0.11959891544722367
2023-11-13,2100.0,2119.75,2091.0,2110.5,64937,2125.4492750780587,2157.5220450386173,45.66352485990942,53.94204558964234,2373.35009765625,345080.7,False,False,False,False,0,-0.11075066334116568
2023-11-15,2190.5,2190.5,2117.0,2122.199951171875,466308,2125.139815658422,2156.13686488698,47.40850982055832,55.803328047525035,2373.35009765625,336115.1,False,False,False,True,1,-0.10582094345557902
2023-11-16,2139.0,2166.75,2109.60009765625,2161.10009765625,209388,2128.56460442012,2156.3315014661675,52.83223185978955,55.89951192582682,2314.10009765625,289111.9,False,False,True,False,1,-0.06611641395934442
2023-11-17,2165.0,2218.0,2152.10009765625,2207.64990234375,415479,2136.0965375557034,2158.3439877750925,58.365555042054496,56.61382552710705,2271.699951171875,264625.1,False,False,True,True,2,-0.028194766124410187
2023-11-20,2209.949951171875,2219.949951171875,2184.5,2203.39990234375,371620,2142.5063818212316,2160.110886385628,57.700017732848345,55.10212021601905,2235.89990234375,273418.85,False,False,True,True,2,-0.014535534424386487
2023-11-21,2205.0,2228.60009765625,2191.85009765625,2212.39990234375,275073,2149.162907585281,2162.1614360310446,58.77214126537492,53.79125448630341,2219.949951171875,277777.5,False,False,True,False,1,-0.0034009995694449513
2023-11-22,2212.39990234375,2216.0,2141.800048828125,2155.25,217410,2149.7426306723974,2161.8903993239446,50.09023011970494,55.24901853527281,2228.60009765625,274815.95,False,False,True,False,1,-0.03291308195372966
2023-11-23,2170.0,2204.949951171875,2157.64990234375,2185.0,275629,2153.1004753702646,2162.796658173986,53.90731641086759,54.852656580744394,2228.60009765625,243604.25,False,False,True,True,2,-0.019563894707759766
2023-11-24,2190.0,2260.449951171875,2164.050048828125,2231.10009765625,464733,2160.529010826073,2165.4752244281926,59.12421159924066,57.82031699238765,2228.60009765625,242934.65,False,True,True,True,2,0.0011217804408378829
2023-11-28,2230.0,2252.199951171875,2201.60009765625,2206.199951171875,262585,2164.87862419234,2167.072272535788,55.47213609967466,57.30456960119032,2260.449951171875,254071.0,False,False,True,True,2,-0.023999646606586156
2023-11-29,2216.0,2242.85009765625,2178.75,2202.60009765625,303993,2168.471145474617,2168.465520579728,54.94373926496767,57.78996446226601,2260.449951171875,259208.2,True,False,True,True,2,-0.025592185080511975
2023-11-30,2195.0,2251.64990234375,2192.199951171875,2217.550048828125,2753466,2173.14532674638,2170.3904040404495,56.78477299269776,57.9085349415238,2260.449951171875,262763.0,True,False,True,True,2,-0.01897847918354023
2023-12-01,2245.35009765625,2275.0,2219.550048828125,2265.14990234375,354401,2181.9076672794627,2174.1064627974415,62.09543477327157,57.87577895797746,2260.449951171875,376375.3,True,True,True,False,1,0.0020792104551743407
2023-12-04,2268.10009765625,2328.89990234375,2268.10009765625,2307.550048828125,608378,2193.873608379335,2179.339544602566,66.0926054167524,58.29536617526479,2275.0,384898.85,True,True,True,True,2,0.014307713770604469
2023-12-05,2300.699951171875,2361.0,2293.449951171875,2349.35009765625,593144,2208.6808930723746,2186.0066251144754,69.50658803868967,58.95641493618338,2328.89990234375,405367.0,True,True,True,True,2,0.008781053789353344
2023-12-06,2374.0,2374.0,2305.25,2361.0,488652,2223.187474684529,2192.8691104041036,70.40107297866112,59.655956726456,2361.0,429649.3,True,False,True,True,2,0.0
2023-12-07,2379.949951171875,2379.949951171875,2342.550048828125,2358.64990234375,318560,2236.088658271122,2199.3703179311487,69.95527735312615,58.06623855626272,2374.0,443981.15,True,False,True,False,1,-0.006465921506423777
2023-12-08,2358.10009765625,2375.0,2293.64990234375,2331.199951171875,329996,2245.1468766426224,2204.540107470001,64.79428102873376,59.729371349118956,2379.949951171875,451249.0,True,False,True,False,1,-0.020483624025789182
2023-12-11,2335.10009765625,2355.25,2303.60009765625,2345.949951171875,247712,2254.747169454932,2210.0855915367415,66.2357500106816,59.15226642016403,2379.949951171875,450872.45,True,False,True,False,1,-0.014286014705165773
2023-12-12,2374.0,2390.0,2345.300048828125,2383.39990234375,518878,2266.9998106824387,2216.882231176232,69.63518430871713,58.11995818814339,2379.949951171875,458736.9,True,True,True,True,2,0.0014495897992208295
2023-12-13,2375.050048828125,2390.0,2349.35009765625,2376.39990234375,321308,2277.418867031135,2223.137826123978,68.25194898869101,56.87209705640101,2390.0,477017.1,True,False,True,False,1,-0.005690417429393357
2023-12-14,2376.39990234375,2430.699951171875,2363.0,2406.64990234375,474283,2289.7265846799555,2230.334378132596,70.93851301293053,57.64551520750629,2390.0,489835.65,True,True,True,False,1,0.00696648633629704
2023-12-15,2417.0,2417.0,2351.0,2362.0,280164,2296.609767091388,2235.4977358528863,62.52779526645776,58.24226412125584,2430.699951171875,490234.4,True,False,True,False,1,-0.028263443679568012
2023-12-18,2365.89990234375,2380.0,2324.35009765625,2339.14990234375,182957,2300.6612085439942,2239.5625266956654,58.69260765487452,58.05709542286257,2430.699951171875,493773.2,True,False,True,False,1,-0.037664068238446036
2023-12-19,2339.89990234375,2362.0,2304.5,2313.25,184582,2301.860141063614,2242.452231531129,54.60437425309621,58.017302892658094,2430.699951171875,482147.1,True,False,True,False,1,-0.04831939504308247
2023-12-20,2320.0,2337.300048828125,2171.35009765625,2184.25,479524,2290.6591752480317,2240.169791078928,39.75220804452117,65.72677776974501,2430.699951171875,472795.2,True,False,False,True,1,-0.1013905278819206
2023-12-21,2188.199951171875,2244.550048828125,2137.199951171875,2239.800048828125,348713,2285.8154489223266,2240.155291382818,46.500467490448344,68.69987204735251,2430.699951171875,483017.75,True,False,False,False,0,-0.07853700834268518
2023-12-22,2236.050048828125,2245.800048828125,2188.0,2194.199951171875,248245,2277.0901634222832,2238.3531211784675,42.31090245882961,67.92131324597912,2430.699951171875,489582.9,True,False,False,False,0,-0.09729707687120326
2023-12-26,2220.199951171875,2263.800048828125,2201.550048828125,2239.050048828125,259059,2273.4672953656964,2238.3804516745327,47.33666831372715,68.04122641814132,2430.699951171875,488213.7,True,False,False,False,0,-0.07884556144058541
2023-12-27,2252.5,2362.0,2241.550048828125,2320.050048828125,1081795,2277.9037480764036,2241.5831809746733,54.96703422876764,71.96327818626516,2430.699951171875,477930.0,True,False,True,True,2,-0.04552182686736139
2023-12-28,2316.10009765625,2348.64990234375,2281.949951171875,2290.10009765625,583808,2279.0653051792465,2243.4858051582646,51.968735065393126,71.58732625666586,2430.699951171875,518890.5,True,False,True,True,2,-0.05784336048875127
2023-12-29,2290.949951171875,2307.60009765625,2262.550048828125,2275.199951171875,140140,2278.6971762261633,2244.7294971587985,50.493084057065026,69.69180644034152,2430.699951171875,532881.25,True,False,True,False,1,-0.06397334229797935
2024-01-01,2307.5,2382.0,2301.0,2361.25,802488,2286.5593499189094,2249.2989286427674,57.923692833507886,72.34239518232606,2430.699951171875,402214.95,True,False,True,True,2,-0.028571996777468245
2024-01-02,2370.0,2378.199951171875,2289.050048828125,2320.550048828125,297631,2289.796559338835,2252.0930902186637,53.80984947449444,73.54293140814205,2430.699951171875,424619.3,True,False,True,False,1,-0.04531612480209457
2024-01-03,2334.89990234375,2334.89990234375,2301.050048828125,2307.64990234375,135305,2291.4968777202557,2254.271788733373,52.53624099487743,70.70771155867655,2430.699951171875,409081.95,True,False,True,False,1,-0.050623298350255364
2024-01-04,2320.0,2365.0,2304.199951171875,2361.0,268910,2298.1162226992788,2258.4572087830447,57.06246961792615,70.00002136363716,2430.699951171875,386190.0,True,False,True,False,1,-0.028674847810101656
2024-01-05,2365.0,2428.60009765625,2341.050048828125,2390.699951171875,665883,2306.9337206490495,2263.643198680646,59.38451751216905,71.25359475395771,2430.699951171875,375202.9,True,False,True,True,2,-0.016456165221345187
2024-01-08,2393.10009765625,2405.0,2298.199951171875,2330.35009765625,371369,2309.163851792592,2266.2591555032186,53.10049348365086,73.79262718782681,2430.699951171875,392569.05,True,False,True,False,1,-0.041284344234772785
2024-01-09,2338.39990234375,2368.0,2298.64990234375,2306.75,385639,2308.9339611456785,2267.8470317579945,50.835065527269556,73.47530364985704,2430.699951171875,394637.7,True,False,True,False,1,-0.05099352189155104
2024-01-10,2322.949951171875,2322.949951171875,2264.75,2288.60009765625,226393,2306.997402718114,2268.660877479495,49.100144755057435,72.3842070442869,2430.699951171875,401534.05,True,False,False,False,0,-0.05846046668455174
2024-01-11,2300.0,2314.14990234375,2260.050048828125,2307.300048828125,313637,2307.0262261571625,2270.17613910101,50.95727233320274,71.07818179223962,2430.699951171875,386909.8,True,False,True,False,1,-0.05076722953166524
2024-01-12,2320.0,2327.25,2282.449951171875,2303.5,255101,2306.6903950945757,2271.4829571754804,50.55361689036645,69.20117229480286,2430.699951171875,386526.25,True,False,True,False,1,-0.05233058531578527
2024-01-15,2308.0,2336.949951171875,2282.5,2293.25,221713,2305.410357466521,2272.3365666980108,49.41652333175823,68.14751364316515,2428.60009765625,375567.15,True,False,False,False,0,-0.055731735244049174
2024-01-16,2297.64990234375,2303.14990234375,2233.39990234375,2258.35009765625,451024,2300.928427960781,2271.788077715981,45.65136884389903,68.26197695436764,2428.60009765625,372644.6,True,False,False,True,1,-0.07010211362681806
2024-01-17,2258.35009765625,2275.699951171875,2181.0,2191.699951171875,354131,2290.525715885647,2268.6473668711146,39.46686550434676,70.1504036841896,2428.60009765625,386047.95,True,False,False,False,0,-0.09754596761854628
2024-01-18,2190.0,2200.449951171875,2135.5,2181.449951171875,298160,2280.1375478176687,2265.227860373105,38.60079214118926,69.77894279045285,2428.60009765625,394525.4,True,False,False,False,0,-0.10176650603073356
2024-01-19,2198.0,2220.0,2165.449951171875,2214.39990234375,555621,2273.8768196772953,2263.234607117052,42.93590653204063,68.69116465028658,2428.60009765625,385457.2,True,False,False,True,1,-0.08819903924043171
2024-01-23,2210.0,2219.949951171875,2101.699951171875,2108.89990234375,288555,2258.1647323121956,2257.182265753393,34.529499030010626,72.2310814609804,2428.60009765625,395802.6,True,False,False,False,0,-0.13163970289757898
2024-01-24,2119.89990234375,2174.0,2071.050048828125,2154.75,710787,2248.3157101872243,2253.165314155221,40.02529279462916,74.42528644033001,2428.60009765625,397818.1,False,False,False,True,1,-0.11276047378921394
2024-01-25,2185.0,2218.949951171875,2141.85009765625,2205.050048828125,694448,2244.195171010167,2251.278441005139,45.43656398137417,74.61632694570822,2428.60009765625,420404.5,False,False,False,True,1,-0.09204893347565324
2024-01-29,2228.0,2278.35009765625,2221.0,2256.449951171875,458573,2245.3622929303297,2251.4812453254035,50.36488269667883,74.52230708016657,2428.60009765625,401037.15,False,False,True,True,2,-0.07088451764887538
2024-01-30,2241.39990234375,2285.949951171875,2237.64990234375,2260.050048828125,290576,2246.7611268253577,2251.8172768353143,50.70075486287581,72.64928863359216,2428.60009765625,394775.4,False,False,True,False,1,-0.06940214199562389
2024-01-31,2260.050048828125,2294.949951171875,2256.64990234375,2279.800048828125,298496,2249.907690825621,2252.9146404428757,52.5958827737467,70.19577150463023,2428.60009765625,402297.2,False,False,True,False,1,-0.06126988505506781
2024-02-01,2300.0,2300.0,2266.5,2280.39990234375,453265,2252.811710970205,2253.992493850753,52.655412158000786,67.57464496858522,2428.60009765625,377097.6,False,False,True,True,2,-0.06102288946439649
2024-02-02,2300.0,2300.0,2255.0,2259.10009765625,247026,2253.4106049403044,2254.192792039204,50.24271123657437,65.96217032797199,2428.60009765625,384879.3,False,False,True,False,1,-0.06979329374299958
2024-02-05,2259.10009765625,2270.199951171875,2178.0,2193.550048828125,382206,2247.7095995962873,2251.8146452466126,43.61877663237501,67.83629753110792,2428.60009765625,390465.35,False,False,False,False,0,-0.09678417169420483
2024-02-06,2214.85009765625,2226.0,2180.800048828125,2189.75,740253,2242.1896377299745,2249.3807375898828,43.26268865071181,66.21941564830557,2428.60009765625,396130.15,False,False,False,True,1,-0.09834887921101343
2024-02-07,2225.5,2225.5,2160.800048828125,2170.800048828125,147590,2235.390629263132,2246.299141952167,41.44564107568431,66.11088247141768,2405.0,399848.65,False,False,False,False,0,-0.09738043707770272
2024-02-08,2180.0,2187.550048828125,2087.550048828125,2100.35009765625,777828,2222.5296262529528,2240.5756500189937,35.47956998085212,68.53153372345928,2368.0,388659.7,False,False,False,True,1,-0.1130278303816512
2024-02-09,2114.050048828125,2136.699951171875,2068.199951171875,2127.199951171875,311415,2213.4506095785646,2236.129544181852,39.0789120370321,68.52928131464076,2336.949951171875,408269.15,False,False,False,False,0,-0.08975374072295383
2024-02-12,2149.0,2149.0,2033.5,2052.14990234375,379042,2198.088637460963,2228.9146562666324,33.460074078840606,71.88433264930927,2336.949951171875,412520.25,False,False,False,False,0,-0.12186827051444149
2024-02-13,2077.89990234375,2077.949951171875,2005.0,2062.89990234375,328542,2185.2135198307524,2222.4042737598525,34.90385559706323,71.96044825806396,2336.949951171875,415790.5,False,False,False,False,0,-0.11726825758108395
2024-02-14,2032.199951171875,2063.5,2027.050048828125,2051.35009765625,232957,2172.4646224808,2215.6962668538285,34.04903527987683,69.42398418047904,2336.949951171875,419462.55,False,False,False,False,0,-0.12221051348250289
2024-02-15,2055.0,2067.949951171875,2035.199951171875,2046.3499755859373,271961,2160.4537037289083,2209.055235823715,33.66465049127058,66.80441388187339,2303.14990234375,420024.75,False,False,False,False,0,-0.11149944104657972
2024-02-16,2051.5,2116.64990234375,2051.39990234375,2084.60009765625,435123,2153.2295507696076,2204.174642170089,39.30910319221642,67.05409337301191,2300.0,411071.6,False,False,False,True,1,-0.09365213145380435
2024-02-19,2084.60009765625,2127.949951171875,2084.60009765625,2101.699951171875,292776,2148.321969855538,2200.156026836826,41.697509297861316,65.36093338319856,2300.0,415121.2,False,False,False,False,0,-0.08621741253396742
2024-02-20,2101.699951171875,2108.300048828125,2072.0,2085.550048828125,334011,2142.3436916624514,2195.661674758054,40.092740204843714,63.285155914979015,2300.0,414852.0,False,False,False,False,0,-0.0932391092051631
2024-02-21,2080.0,2126.89990234375,2075.60009765625,2086.949951171875,430199,2137.0680973300155,2191.3984699115367,40.30719558378178,62.429059398730516,2300.0,403771.5,False,False,False,True,1,-0.0926304560122283
2024-02-22,2087.89990234375,2110.85009765625,2062.050048828125,2107.14990234375,620952,2134.218745426562,2188.0946045167216,43.45281200912153,61.45555864368727,2300.0,410853.7,False,False,False,True,1,-0.08384786854619564
2024-02-23,2120.0,2120.85009765625,2080.25,2089.699951171875,432856,2129.978860259449,2184.2359906600614,41.42211722114899,59.96588285887032,2300.0,406361.95,False,False,False,True,1,-0.09143480383831526
2024-02-26,2094.449951171875,2122.5,2081.199951171875,2113.64990234375,338763,2128.4237214103346,2181.467908765304,45.20695527011779,58.63260899953137,2300.0,393282.35,False,False,False,False,0,-0.08102178158967388
2024-02-27,2102.0,2114.14990234375,2065.60009765625,2072.64990234375,362622,2123.111929118279,2177.2005359644586,40.3951626740309,57.91240869152913,2300.0,387291.85,False,False,False,False,0,-0.09884786854619565
2024-02-28,2070.0,2085.14990234375,2002.6500244140625,2016.949951171875,249809,2113.001264551955,2170.916199305926,34.952238567273554,59.668656494254726,2300.0,390894.15,False,False,False,False,0,-0.12306523862092389
2024-02-29,2002.25,2038.449951171875,1986.300048828125,2024.9000244140625,280293,2104.610670253108,2165.1900748003627,36.27211543790254,59.131602626361534,2300.0,388459.8,False,False,False,False,0,-0.1196086850373641
2024-03-01,2025.0,2061.050048828125,2025.0,2055.449951171875,219759,2099.9286970072762,2160.886540540422,41.2088182132157,57.49006132548303,2300.0,379811.2,False,False,False,False,0,-0.1063261081861413
2024-03-04,2085.0,2103.14990234375,2021.75,2027.050048828125,241075,2092.9878733711666,2155.6380506693517,38.24296032476515,59.1979071125021,2270.199951171875,378447.85,False,False,False,False,0,-0.10710506015923238
2024-03-05,2040.0,2049.949951171875,1985.0,1995.949951171875,198945,2083.746166495044,2149.375772257686,35.25096584568735,59.60876740245731,2226.0,371391.3,False,False,False,False,0,-0.1033468323576483
2024-03-06,1996.0,1998.449951171875,1916.1500244140625,1945.949951171875,399091,2070.6227174166465,2141.39828907785,31.045612840970307,61.22956449926839,2225.5,344325.9,False,False,False,True,1,-0.12561224391288472
2024-03-07,1931.0999755859373,1973.949951171875,1931.0999755859373,1961.199951171875,242073,2060.201501583811,2134.3316875913415,33.64568343418536,59.916736719744776,2187.550048828125,356900.95,False,False,False,False,0,-0.10347196297406147
2024-03-11,1961.199951171875,1977.949951171875,1935.0,1939.25,318811,2048.6823109567813,2126.6814253328575,31.78774485343058,58.70482346632551,2149.0,330113.2,False,False,False,False,0,-0.09760353652861797
2024-03-12,1945.0,1950.0,1891.0999755859373,1909.1500244140625,588682,2035.3935217622366,2118.1507821595715,29.390939654818695,58.71876639116388,2149.0,330483.0,False,False,False,True,1,-0.11161003982593654
2024-03-13,1909.1500244140625,1919.5,1803.1500244140625,1825.5,450072,2015.4036625467854,2106.674280898412,23.979653149653842,62.835281333647714,2127.949951171875,340965.0,False,False,False,True,1,-0.14213207928377924
2024-03-14,1827.0,1877.949951171875,1821.5999755859373,1867.050048828125,242860,2001.274746954532,2097.277252189773,30.795381692922106,62.372045208811286,2127.949951171875,347041.5,False,False,False,False,0,-0.12260622116609032
2024-03-15,1870.0,1893.9000244140625,1854.699951171875,1880.4000244140625,399126,1989.7628686173443,2088.7722628652355,32.87768031389926,60.716904354052446,2127.949951171875,347536.65,False,False,False,True,1,-0.11633258884753617
2024-03-18,1881.050048828125,1898.4000244140625,1851.25,1884.949951171875,320363,1979.78068600349,2080.7792310341233,33.61086529424627,59.74784150119602,2127.949951171875,353894.9,False,False,False,False,0,-0.11419441508301376
2024-03-19,1894.8499755859373,1894.8499755859373,1865.800048828125,1884.4000244140625,279862,1970.6968134711635,2073.078085676474,33.56314595805611,57.55513330524004,2127.949951171875,348156.9,False,False,False,False,0,-0.11445284538937961
2024-03-20,1888.949951171875,1908.5,1849.6500244140625,1895.050048828125,604621,1963.492359695636,2066.096594035362,35.4737964447029,57.64762203957557,2126.89990234375,347511.2,False,False,False,True,1,-0.10900835213736981
2024-03-21,1900.0999755859373,1924.5,1898.449951171875,1922.1500244140625,154710,1959.554994430724,2060.4516305208012,40.18754888045602,55.633502691882676,2126.89990234375,361041.7,False,False,False,False,0,-0.09626681429815398
2024-03-22,1920.0,1970.800048828125,1907.5999755859373,1959.25,219824,1959.5259473420836,2056.4829391278286,46.003075983887754,56.173972016904465,2122.5,347267.25,False,False,False,False,0,-0.07691401648998819
2024-03-26,1928.699951171875,1970.0,1928.699951171875,1961.199951171875,232888,1959.6853762782541,2052.74635136485,46.29861699202953,55.11154893199165,2122.5,327210.85,False,False,False,False,0,-0.07599531157979977
2024-03-27,1961.0,2003.449951171875,1950.0999755859373,1957.8499755859373,988773,1959.5105762123192,2049.024924863716,45.83448270425012,54.985722264416374,2122.5,317212.45,False,False,False,True,1,-0.07757362752134878
2024-03-28,1956.0,1977.0,1935.0999755859373,1942.1500244140625,650389,1957.8571903267707,2044.833752297063,43.62712086158901,54.051029560819686,2114.14990234375,349712.95,False,False,False,True,1,-0.08135651958217727
2024-04-01,1942.050048828125,2009.0,1942.050048828125,1992.300048828125,629540,1961.137462564995,2042.7736070629871,51.638993835173615,54.97238110446649,2103.14990234375,364101.3,False,False,True,True,2,-0.0527065871016108
2024-04-02,2001.050048828125,2041.5,1965.800048828125,2028.3499755859373,798274,1967.5386542812753,2042.207974456044,56.43241160162109,56.452921823567095,2103.14990234375,383087.85,False,False,True,True,2,-0.035565665896879595
2024-04-03,2028.050048828125,2048.699951171875,2002.75,2042.449951171875,744823,1974.6730635089514,2042.2174637390178,58.178430491490566,55.70270963416052,2103.14990234375,408986.9,False,False,True,True,2,-0.028861447823681496
2024-04-04,2058.0,2058.89990234375,2021.0999755859373,2026.449951171875,529000,1979.604195667325,2041.5991299128552,55.46218691443647,54.42393942870711,2103.14990234375,435240.1,False,False,True,True,2,-0.036469084341729796
2024-04-05,2007.0999755859373,2017.0,1981.5,1989.0999755859373,568609,1980.5085556595739,2039.540339547094,49.636310986264824,53.74722598179053,2058.89990234375,449636.35,False,False,False,True,1,-0.033901563975186955
2024-04-08,2012.0,2015.0,1980.0,2010.9000244140625,571966,1983.4029812552394,2038.417189934034,52.755672705450294,52.408138411662634,2058.89990234375,468119.55,False,False,True,True,2,-0.02331336160395503
2024-04-09,2010.9000244140625,2044.550048828125,1983.8499755859373,1990.800048828125,228630,1984.1074638812286,2036.5498510671357,49.69920114230458,53.00041947098586,2058.89990234375,476763.3,False,False,False,False,0,-0.033075844745100724
2024-04-10,2011.0,2011.0,1970.0,1978.0999755859373,241616,1983.5353221388198,2034.257699087481,47.81423403454164,52.14324665162973,2058.89990234375,476091.15,False,False,False,False,0,-0.03924422292984431
2024-04-12,1979.0,1980.0,1939.050048828125,1952.050048828125,482032,1980.5367246806584,2031.0338696655456,44.11803386701083,51.34372554593296,2058.89990234375,472231.4,False,False,False,True,1,-0.05189657515355284
2024-04-15,1925.050048828125,1968.800048828125,1908.449951171875,1934.0999755859373,324805,1976.1141771478278,2027.2325404859532,41.72452999438431,51.98703783952704,2058.89990234375,466898.9,False,False,False,False,0,-0.06061485874847372
2024-04-16,1934.6500244140625,1978.9000244140625,1909.0,1970.0999755859373,294678,1975.5413960466954,2024.9920477447763,47.83680804978738,53.26653688056529,2058.89990234375,460635.55,False,False,False,False,0,-0.04312979307868603
2024-04-18,1984.0,1986.199951171875,1940.0,1949.0,474474,1973.0136440422482,2022.0119674410596,44.866486190307995,52.76178075851598,2058.89990234375,463226.45,False,False,False,True,1,-0.0533779724884369
2024-04-19,1949.0,1962.0,1911.4000244140625,1943.449951171875,225621,1970.1980542450697,2018.9311040579544,44.09097063688097,52.607366103331806,2058.89990234375,466993.85,False,False,False,False,0,-0.05607361049483395
2024-04-22,1964.5,1968.75,1943.449951171875,1960.5,162081,1969.2744300312536,2016.6396882125446,47.115187491776695,50.656843440817035,2058.89990234375,462256.75,False,False,False,False,0,-0.0477924653994769
2024-04-23,1969.949951171875,1976.3499755859373,1932.5,1951.449951171875,503657,1967.5768606160746,2014.08322793644,45.702074561846274,50.170638594039914,2058.89990234375,456367.7,False,False,False,True,1,-0.052188040345992226
2024-04-24,1956.0,1988.3499755859373,1923.300048828125,1962.800048828125,621773,1967.1219261600793,2012.0721228733687,47.81598599549971,51.23344489145223,2058.89990234375,451319.5,False,False,False,True,1,-0.046675340266046805
2024-04-25,1926.0,1948.199951171875,1767.050048828125,1806.449951171875,2955407,1951.81983330406,2004.0085082968396,30.310353819023163,61.55605597063421,2058.89990234375,474672.65,False,False,False,True,1,-0.12261399929374828
2024-04-26,1824.5,1834.949951171875,1797.0,1799.75,778331,1937.3369920370067,1995.9983707165713,29.806763161863728,59.8699056278657,2058.89990234375,611451.8,False,False,False,True,1,-0.12586814057776508
2024-04-29,1810.0,1836.3499755859373,1790.25,1832.699951171875,332380,1927.3715595736608,1989.5945111265833,35.483818581285234,58.88633919629938,2058.89990234375,638723.95,False,False,False,False,0,-0.10986447224286144
2024-04-30,1840.0,1850.050048828125,1825.050048828125,1838.1500244140625,333820,1918.874270510842,1983.6555116476611,36.400074343596046,56.46588639656371,2058.89990234375,605904.3,False,False,False,False,0,-0.10721739200550584
2024-05-02,1841.1500244140625,1844.9000244140625,1790.0,1791.1500244140625,744412,1906.710056596863,1976.1062768541867,32.158526170574575,56.35403911209934,2058.89990234375,590075.85,False,False,False,True,1,-0.13004511662995089
2024-05-03,1811.5,1811.5,1781.550048828125,1796.0999755859375,276434,1896.175763167251,1969.0472062162162,33.04344407071203,54.46803283065475,2058.89990234375,595819.45,False,False,False,False,0,-0.12764094381599322
2024-05-06,1811.0,1816.0999755859373,1777.0999755859375,1794.449951171875,190341,1886.4875905962629,1962.2002550380068,32.88943783886103,53.36317334275083,2058.89990234375,569727.45,False,False,False,False,0,-0.12844235451701091
2024-05-07,1790.0,1799.9000244140625,1756.800048828125,1766.199951171875,195348,1875.0316249367972,1954.5139686118841,30.286770180362396,52.630087788692734,2058.89990234375,542003.35,False,False,False,False,0,-0.1421632741051082
2024-05-08,1765.0,1780.5999755859375,1737.25,1772.949951171875,356018,1865.3095607687094,1947.3938110652173,31.67798104499674,51.967222631353074,2044.550048828125,525320.75,False,False,False,False,0,-0.13284101204170717
2024-05-09,1774.0,1785.75,1715.550048828125,1728.25,553335,1852.2562692669276,1938.7999361214834,27.73126885442265,53.2695603842475,2044.550048828125,514691.2,False,False,False,True,1,-0.15470398927598705
2024-05-10,1737.1500244140625,1750.75,1705.0,1714.8499755859375,320362,1839.169955583024,1930.0175847279327,26.65899679579448,52.73244892822982,2044.550048828125,513759.65,False,False,False,False,0,-0.1612580105002378
2024-05-13,1720.0,1747.199951171875,1698.9000244140625,1742.699951171875,166202,1829.9823361152955,1922.6717951767148,32.500686892442914,52.415840201771445,2011.0,518346.25,False,False,False,False,0,-0.1334162351208975
2024-05-14,1743.1500244140625,1761.949951171875,1730.4000244140625,1757.75,107674,1823.1030660090769,1916.2042737972358,35.49095450496381,50.92541781291723,1988.3499755859373,514575.55,False,False,False,False,0,-0.11597554676861299
2024-05-15,1757.75,1765.0,1733.1500244140625,1760.949951171875,320148,1817.1837217388672,1910.1158689883982,36.13875047418602,49.562886225275825,1988.3499755859373,495857.65,False,False,False,False,0,-0.11436619669887382
2024-05-16,1780.0,1797.0999755859375,1761.5,1789.449951171875,313111,1814.5424102562965,1905.3838722112796,41.749294881950846,48.60482466733202,1988.3499755859373,495624.8,False,False,False,False,0,-0.10003270392851715
2024-05-17,1794.0,1820.0,1785.0,1814.5,224488,1814.5383711842683,1901.8197987912295,46.221528167771936,47.633051476808305,1988.3499755859373,496546.45,False,False,False,False,0,-0.08743429362062194
2024-05-21,1828.0,1860.1500244140625,1820.0,1847.800048828125,956654,1817.7061500074926,1899.7013772240489,51.54707534486305,47.49140668661218,1988.3499755859373,484047.15,False,False,True,True,2,-0.07068671435288665
2024-05-22,1847.800048828125,1856.300048828125,1825.6500244140625,1846.8499755859373,131012,1820.481752443535,1897.6287732382405,51.39071115230208,46.288450810001486,1988.3499755859373,520598.8,False,False,True,False,1,-0.07116453428089387
2024-05-23,1846.0,1846.0,1801.5,1812.300048828125,221538,1819.702542575401,1894.2825487515693,45.933873033665606,46.22141686542547,1988.3499755859373,519045.35,False,False,False,False,0,-0.08854071411947129
2024-05-24,1820.0,1822.449951171875,1788.0,1792.449951171875,392117,1817.107057679827,1890.2891135523657,43.10212061191956,45.38059788731472,1988.3499755859373,504939.4,False,False,False,False,0,-0.09852391521584802
2024-05-27,1799.0,1811.949951171875,1789.5999755859375,1807.6500244140625,305522,1816.2063878449924,1887.0483649587068,45.85476539426402,43.73555343721635,1948.199951171875,493456.6,False,False,False,False,0,-0.07214348130604842
2024-05-28,1803.0,1811.9000244140625,1786.3499755859375,1801.550048828125,379419,1814.8105460338622,1883.695489816331,44.91565017026327,42.43658882228126,1860.1500244140625,360962.35,False,False,False,True,1,-0.031502822254563134
2024-05-29,1800.0,1810.949951171875,1772.050048828125,1775.449951171875,342099,1811.061917951768,1879.4505667322348,41.042478852663606,42.183968359529025,1860.1500244140625,341016.75,False,False,False,True,1,-0.04553400109158812
2024-05-30,1775.449951171875,1779.9000244140625,1743.050048828125,1767.3499755859375,361190,1806.898875821689,1875.0544651186547,39.89276589565178,41.80296887570106,1860.1500244140625,341502.7,False,False,False,True,1,-0.049888475450982295
2024-05-31,1766.050048828125,1784.949951171875,1750.0,1775.699951171875,268826,1803.927549664564,1871.1582096697614,41.70564370470601,41.31346761114206,1860.1500244140625,342871.2,False,False,False,False,0,-0.04539960332973081
2024-06-03,1824.949951171875,1882.0,1800.0,1858.0,847022,1809.0773068393673,1870.6422014474178,55.8423272480226,45.95536626949798,1860.1500244140625,319091.9,False,False,True,True,2,-0.0011558338767539977
2024-06-04,1845.0,1845.0,1651.4000244140625,1695.25,1010572,1798.2366109499037,1863.7640759004603,36.82442568379568,57.42998122067223,1882.0,347621.3,False,False,False,True,1,-0.09922954303931986
2024-06-05,1714.8499755859375,1745.25,1693.1500244140625,1735.1500244140625,545659,1792.228364613157,1858.720387606876,42.03627907079393,57.0492665324769,1882.0,388632.85,False,False,False,True,1,-0.07802867990751194
2024-06-06,1747.0,1779.800048828125,1741.5999755859375,1766.0999755859375,468019,1789.7399466105646,1855.0882145864473,45.77331712658552,56.163606381161586,1882.0,406148.4,False,False,False,True,1,-0.06158343486400775
2024-06-07,1766.0999755859375,1829.3499755859373,1757.300048828125,1809.949951171875,577092,1791.6647089497371,1853.318086609405,50.6298851111551,57.298343550922354,1882.0,411748.45,False,False,True,True,2,-0.0382837666461876
2024-06-10,1825.0,1878.949951171875,1809.949951171875,1875.5,646242,1799.6490223830956,1854.187965565899,56.851091320557046,58.134176154427905,1882.0,412936.3,False,False,True,True,2,-0.003453772582359238
2024-06-11,1890.050048828125,1900.800048828125,1871.0,1887.949951171875,448525,1808.0586346486937,1855.5119650014276,57.93528707010045,56.110309916834844,1882.0,429230.3,False,True,True,True,2,0.0031615043421227007
2024-06-12,1895.0,1912.550048828125,1870.0,1900.0999755859373,792509,1816.824476642717,1857.2605144361144,59.017543213497014,55.14171983906986,1900.800048828125,443346.45,False,False,True,True,2,-0.00036830451610059267
2024-06-13,1910.0,1910.0,1878.550048828125,1901.800048828125,345055,1824.9173882794225,1859.0071628436442,59.17581547699526,53.44945064855594,1912.550048828125,477588.2,False,False,True,False,1,-0.005620767940994198
2024-06-14,1888.949951171875,1900.0,1857.699951171875,1882.3499755859373,324946,1830.3871584990907,1859.9225672649106,56.48798898569208,52.78163972053409,1912.550048828125,478833.55,False,False,True,False,1,-0.015790474743754945
2024-06-18,1895.0,1899.0,1873.0,1889.0,305111,1835.9693338801296,1861.0628587447181,57.203719747551375,50.86866545478165,1912.550048828125,479425.3,False,False,True,False,1,-0.012313428787160241
2024-06-19,1888.5,1889.4000244140625,1850.0,1854.5,398010,1837.7341592248792,1860.8054917351214,52.38909988496476,50.04947680901599,1912.550048828125,483456.45,False,False,True,False,1,-0.03035217241174626
2024-06-20,1860.0,1864.4000244140625,1832.300048828125,1862.4000244140625,471853,1840.0832892428966,1860.8680224284133,53.35719147537632,48.7673695787961,1912.550048828125,455524.25,False,False,True,True,2,-0.026221548787594307
2024-06-21,1869.5999755859373,1869.5999755859373,1803.050048828125,1823.199951171875,787729,1838.4753522837518,1859.3908431634509,48.12782129844058,50.03755223444011,1912.550048828125,472566.3,False,False,False,True,1,-0.046717782737762836
2024-06-24,1817.25,1824.75,1778.050048828125,1818.5999755859373,604247,1836.5824592649124,1857.791201297666,47.539031756353474,49.799152158542604,1912.550048828125,500875.85,False,False,False,True,1,-0.049122935789185584
2024-06-25,1833.8499755859373,1834.0,1808.4000244140625,1816.5999755859373,536713,1834.6793655812005,1856.1758591128926,47.26826663830995,48.07063954621367,1912.550048828125,511482.35,False,False,False,True,1,-0.05016866005727749
2024-06-26,1794.1500244140625,1852.75,1772.5999755859375,1819.800048828125,1165847,1833.2622877951933,1854.749356748784,47.780759171597744,50.36202417963144,1912.550048828125,523041.9,False,False,False,True,1,-0.048495462932763855
2024-06-27,1835.0,1835.0,1786.800048828125,1792.199951171875,1109759,1829.351589069163,1852.296438883023,43.824641083303696,50.20759039336313,1912.550048828125,562363.3,False,False,False,True,1,-0.06292650889318796
2024-06-28,1799.949951171875,1820.5999755859373,1792.8499755859375,1813.449951171875,759398,1827.8371473646594,1850.7730472080762,47.43340946835529,48.649907109127355,1912.550048828125,600746.3,False,False,False,True,1,-0.05181568854471108
2024-07-01,1820.0,1858.9000244140625,1809.9000244140625,1849.949951171875,393465,1829.9431286796323,1850.740768932147,53.01652829935225,48.67491374418969,1912.550048828125,620656.7,False,False,True,False,1,-0.032731220652033044
2024-07-02,1865.0,1868.0,1820.0,1839.449951171875,701731,1830.8485403455602,1850.2979917650775,51.3276454622094,48.626705619604714,1912.550048828125,626888.65,False,False,True,True,2,-0.038221273059515726
2024-07-03,1845.0,1863.0,1830.0,1855.949951171875,381404,1833.2391509004474,1850.5196372320108,53.8173424074409,47.510512361061515,1912.550048828125,619624.1,False,False,True,False,1,-0.02959404784775721
2024-07-04,1860.0,1870.25,1834.0999755859373,1842.3499755859373,452681,1834.1068484895418,1850.1992583439296,51.47990116320878,46.69904893627589,1912.550048828125,588165.7,False,False,True,False,1,-0.036704960105593765
2024-07-05,1842.949951171875,1867.4000244140625,1833.199951171875,1858.1500244140625,301520,1836.3966747680674,1850.511053091778,53.980616377588454,45.80626495812672,1912.550048828125,583516.8,False,False,True,False,1,-0.028443712857289638
2024-07-08,1855.0,1865.4000244140625,1843.5999755859373,1855.8499755859373,169273,1838.249370084055,1850.720422601353,53.54795437678417,44.09153523455519,1912.550048828125,575191.85,False,False,True,False,1,-0.02964632129597311
2024-07-09,1855.0,1881.0,1848.25,1867.5999755859373,289584,1841.0446658461392,1851.3823658556505,55.509782422842726,43.28142557494411,1912.550048828125,554800.9,False,False,True,False,1,-0.02350269122093296
2024-07-10,1865.0,1874.699951171875,1807.6500244140625,1865.300048828125,477669,1843.354702320614,1851.9281573447672,55.0199616479976,44.9791756594347,1912.550048828125,536968.0,False,False,True,False,1,-0.024705235833672123
2024-07-11,1865.0,1882.6500244140625,1848.699951171875,1865.5999755859373,345793,1845.4732997744545,1852.4643070797151,55.07563348192987,44.19138262963133,1912.550048828125,538425.2,False,False,True,False,1,-0.024548415489024977
2024-07-12,1879.800048828125,1947.300048828125,1863.0,1933.5999755859373,935891,1853.8663165184053,1855.646098001528,65.50117078456833,47.05628735809516,1910.0,516089.4,False,True,True,True,2,0.012356008160176568
2024-07-15,1945.050048828125,1960.0,1913.550048828125,1929.199951171875,656450,1861.0409483901644,1858.5305628317376,64.4587826931723,47.01297763050801,1947.300048828125,545631.2,True,False,True,True,2,-0.009294971089402804
2024-07-16,1940.0,1947.949951171875,1891.0,1915.9000244140625,475080,1866.2656222972023,1860.7803456388876,61.284053344292744,47.72276145489137,1960.0,562206.4,True,False,True,False,1,-0.022499987543845634
2024-07-18,1915.9000244140625,1925.800048828125,1888.0,1916.8499755859373,321681,1871.0831797532724,1862.979154656419,61.430173125629366,47.0139962672652,1960.0,570704.85,True,False,True,False,1,-0.022015318578603393
2024-07-19,1944.0,1944.0,1803.050048828125,1818.699951171875,1973247,1866.0943008407583,1861.2427153040842,43.26234538281728,53.723707331880185,1960.0,566888.4,True,False,False,True,1,-0.07209186164700254
2024-07-22,1802.0,1818.5,1767.0999755859375,1771.1500244140625,869025,1857.0519888001206,1857.7096686025147,37.479297018375945,53.57201220717,1960.0,641958.1,False,False,False,True,1,-0.0963520283601722
2024-07-23,1779.800048828125,1808.449951171875,1751.0999755859375,1778.449951171875,1171376,1849.5660804545735,1854.6014443895485,38.83115289448809,53.84186673422482,1960.0,646022.9,False,False,False,True,1,-0.09262757593271687
2024-07-24,1781.5,1803.0,1769.0,1771.449951171875,460270,1842.1264490943165,1851.3406015182672,37.983026980179424,52.424590538923056,1960.0,674379.35,False,False,False,False,0,-0.09619900450414542
2024-07-25,1765.050048828125,1780.0,1753.449951171875,1771.550048828125,522118,1835.404887164203,1848.2115602363008,38.003879335434526,50.57640898815177,1960.0,670557.2,False,False,False,False,0,-0.09614793427136481
2024-07-26,1785.0,1842.0,1771.0,1812.199951171875,585129,1833.1948932601717,1846.79934027299,45.95168102850794,52.0352369175695,1960.0,638370.75,False,False,False,False,0,-0.07540818817761474
2024-07-29,1822.0,1842.0,1816.6500244140625,1834.300048828125,507267,1833.3001461714055,1846.3091719810345,49.72524599537899,50.447009196894896,1960.0,612139.25,False,False,False,False,0,-0.06413262814891585
2024-07-30,1834.300048828125,1855.75,1826.5,1851.800048828125,335793,1835.0620416625216,1846.524500484842,52.55033006061353,48.93293711140241,1960.0,599532.7,False,False,True,False,1,-0.05520405672034434
2024-07-31,1868.449951171875,1869.0,1841.449951171875,1850.550048828125,369988,1836.5370899640077,1846.6823651257553,52.32415729347351,47.405587948311165,1960.0,596649.1,False,False,True,False,1,-0.055841811822385234
2024-08-01,1845.0999755859373,1866.0,1803.449951171875,1813.25,378106,1834.3192718721973,1845.3712919835687,45.966586715524585,48.48733515401215,1960.0,580061.95,False,False,False,False,0,-0.07487244897959189
2024-08-02,1800.0999755859375,1822.0,1785.3499755859375,1798.699951171875,133225,1830.9269556150236,1843.5410433242866,43.73429566524272,47.641812958301465,1960.0,579897.05,False,False,False,False,0,-0.08229594327965561
2024-08-05,1782.75,1788.3499755859375,1744.050048828125,1756.550048828125,283332,1823.843440682938,1840.1296317754177,37.98013629374308,48.14239077154779,1960.0,563924.25,False,False,False,False,0,-0.10380099549585464
2024-08-06,1757.0,1794.199951171875,1722.199951171875,1730.75,288669,1814.9773987131343,1835.8402344508918,34.94901491813805,49.846505716437235,1960.0,563014.85,False,False,False,False,0,-0.11696428571428574
2024-08-07,1736.949951171875,1766.300048828125,1724.25,1757.75,963145,1809.5271702642644,1832.7778723155627,40.31715959198386,49.28961593870065,1960.0,568984.65,False,False,False,True,1,-0.10318877551020411
2024-08-08,1757.800048828125,1777.550048828125,1735.0,1770.050048828125,890191,1805.7674444132035,1830.3179576689965,42.63942362266598,48.80821828794525,1960.0,602662.7,False,False,False,True,1,-0.09691324039381377
2024-08-09,1770.0,1789.9000244140625,1736.5,1740.5999755859375,245783,1799.5610188106068,1826.7996054304454,38.75152333393308,49.13620443981077,1960.0,623288.8,False,False,False,False,0,-0.11193878796635837
2024-08-12,1753.0999755859375,1754.0,1726.1500244140625,1745.0,504771,1794.3647313048348,1823.5917777665065,39.63710223990027,47.615759521676964,1960.0,618288.3,False,False,False,False,0,-0.10969387755102045
2024-08-13,1735.0,1746.949951171875,1719.199951171875,1735.25,326808,1788.7347568948505,1820.1273943246827,38.31508835682825,46.196776698700035,1960.0,596732.3,False,False,False,False,0,-0.11466836734693875
2024-08-14,1735.25,1737.6500244140625,1705.449951171875,1726.449951171875,274182,1782.8028706355196,1816.4537691030039,37.111956787846076,45.197012166091994,1947.949951171875,580250.2,False,False,False,False,0,-0.11370928696948657
2024-08-16,1730.0,1754.75,1726.449951171875,1750.800048828125,320407,1779.7549828443393,1813.8791134059497,42.49297543906486,43.99008621338007,1944.0,570205.3,False,False,False,False,0,-0.09938269093203445
2024-08-19,1757.949951171875,1786.3499755859375,1755.8499755859375,1768.949951171875,525217,1778.7259322088667,1812.1171854752017,46.18892752308751,43.387217680839534,1944.0,570141.6,False,False,False,False,0,-0.09004632141364455
2024-08-20,1771.800048828125,1782.550048828125,1751.699951171875,1767.699951171875,706544,1777.6758387767723,1810.3753331495811,45.96979923523946,42.491709107654565,1869.0,497740.1,False,False,False,True,1,-0.05420013313436334
2024-08-21,1757.5,1773.0,1752.4000244140625,1755.449951171875,339297,1775.559087576306,1808.2213966014358,43.77787276740012,40.92801385610335,1869.0,489616.05,False,False,False,False,0,-0.06075444025046817
2024-08-22,1756.75,1803.449951171875,1756.75,1799.4000244140625,841113,1777.8296529894255,1807.8754604372252,52.52433845460337,41.43315572352454,1869.0,448012.1,False,False,True,True,2,-0.03723915226641916
2024-08-23,1804.0,1809.0,1778.25,1804.050048828125,311171,1780.326833545492,1807.725444295692,53.351224915053166,40.670073171844216,1869.0,467054.25,False,False,True,False,1,-0.034751177727059934
2024-08-26,1820.0,1820.0,1791.550048828125,1814.9000244140625,248874,1783.619518390118,1808.0068003787653,55.30723155336204,39.79720731470356,1869.0,456506.9,False,False,True,False,1,-0.0289459473440008
2024-08-27,1815.0,1832.0,1810.0,1821.800048828125,212638,1787.255759384214,1808.5477120826617,56.554839230222015,38.52597822079616,1869.0,439694.15,False,False,True,False,1,-0.025254120477193664
2024-08-28,1813.4000244140625,1837.8499755859373,1810.4000244140625,1824.300048828125,487809,1790.7837869503007,1809.1654507785624,57.02295300076502,37.73483343158749,1869.0,424962.7,False,False,True,True,2,-0.023916506780029434
2024-08-29,1824.5999755859373,1856.9000244140625,1820.0,1845.6500244140625,1490060,1796.0091428992305,1810.5962183721115,60.89778944433609,37.67520421604999,1869.0,432563.5,False,False,True,True,2,-0.012493298868880398
2024-08-30,1860.0,1894.800048828125,1855.1500244140625,1891.050048828125,391676,1805.0606577496014,1813.751270546857,67.58961206629641,38.494834230193746,1866.0,488567.1,False,True,True,False,1,0.013424463466304992
2024-09-02,1900.0,1940.0,1900.0,1920.0,691613,1816.007261773449,1817.9178873881567,70.99798927182786,39.24162829745669,1894.800048828125,489245.6,False,True,True,True,2,0.013299530569180762
2024-09-03,1924.75,1930.0,1904.0,1915.5,220625,1825.482760652168,1821.7446369023467,69.76975841590115,38.295797704781215,1940.0,517165.0,True,False,True,False,1,-0.012628865979381398
2024-09-04,1907.4000244140625,1935.0,1895.5,1926.5999755859373,330319,1835.1129715982413,1825.85661096837,71.09793851343807,38.3818121544397,1940.0,514029.65,True,False,True,False,1,-0.006907229079413768
2024-09-05,1927.0,1945.8499755859373,1896.050048828125,1913.75,208254,1842.602212398409,1829.3034105382378,67.40580326796106,39.19739176896631,1940.0,516112.15,True,False,True,False,1,-0.013530927835051498
2024-09-06,1919.949951171875,1922.75,1865.0,1876.25,231518,1845.8067635985603,1831.1444532622286,57.94832918721921,40.522578071183005,1945.8499755859373,478367.6,True,False,True,False,1,-0.03576841815103404
2024-09-09,1860.0,1884.949951171875,1833.0999755859373,1875.6500244140625,200041,1848.6489789143225,1832.8897697779867,57.808577471628574,41.33167789366549,1945.8499755859373,445433.95,True,False,True,False,1,-0.03607675414479783
2024-09-10,1887.3499755859373,1912.449951171875,1879.75,1887.4000244140625,227024,1852.3395546762026,1835.0274268225387,59.85070618496859,41.007981383961706,1945.8499755859373,443146.85,True,False,True,False,1,-0.03003826189337866
2024-09-11,1887.4000244140625,1905.0,1875.050048828125,1898.8499755859373,279809,1856.7691185723677,1837.5302718720839,61.79145740291761,40.21812208309837,1945.8499755859373,429259.5,True,False,True,False,1,-0.024153969005677012
2024-09-12,1905.0,1905.0,1875.050048828125,1887.3499755859373,108319,1859.6815811450886,1839.4839857432155,58.72126059525814,39.484681303725274,1945.8499755859373,426909.55,True,False,True,False,1,-0.03006398269855537
2024-09-13,1887.3499755859373,1913.1500244140625,1882.0999755859373,1902.0999755859373,117478,1863.7214282346931,1841.9395147566556,61.37229604327348,38.882207555468135,1945.8499755859373,418616.4,True,False,True,False,1,-0.02248374774464612
2024-09-16,1913.300048828125,1917.4000244140625,1851.5999755859373,1856.550048828125,141288,1863.0384397197818,1842.5124768771054,50.57109986643084,40.80491050351507,1945.8499755859373,408469.95,True,False,True,False,1,-0.04589250347058338
2024-09-17,1858.949951171875,1861.0999755859373,1818.550048828125,1822.0,159454,1859.1300168893263,1841.7080660191798,44.21469204841845,40.92955452167915,1945.8499755859373,389273.5,True,False,False,False,0,-0.06364826535439527
2024-09-18,1822.0,1861.3499755859373,1812.5999755859373,1834.449951171875,300065,1856.7795344400452,1841.4234340643836,46.80916887719128,41.48815777013064,1945.8499755859373,361919.0,True,False,False,False,0,-0.057250058232530154
2024-09-19,1839.949951171875,1844.25,1794.25,1822.25,265606,1853.491007350517,1840.6715346893097,44.61925323007727,42.096146500835594,1945.8499755859373,359957.4,True,False,False,False,0,-0.06351978679585446
2024-09-20,1829.0,1853.449951171875,1819.800048828125,1835.9000244140625,478981,1851.8156756422834,1840.4844166393,47.57453417595966,41.49284334675805,1945.8499755859373,331182.05,True,False,False,True,1,-0.05650484495279062
2024-09-23,1840.0,1905.0,1837.1500244140625,1900.0999755859373,365788,1856.4141803988218,1842.822281696031,58.72944753917089,43.4647813638423,1945.8499755859373,339572.55,True,False,True,True,2,-0.02351157621297284
2024-09-24,1905.050048828125,1933.8499755859373,1895.25,1929.699951171875,523938,1863.3937776153032,1846.2292491264564,62.67300579947122,43.11729523684909,1945.8499755859373,345418.25,True,False,True,True,2,-0.00829972742847207
2024-09-25,1930.0,1938.800048828125,1904.5,1910.3499755859373,290182,1867.8657964696492,1848.743787418985,58.72272531179025,42.487491921940226,1945.8499755859373,360983.25,True,False,True,False,1,-0.018243955312798543
2024-09-26,1918.449951171875,1925.0,1904.5,1915.75,215198,1872.4261968058731,1851.3714820300052,59.49010190070428,40.91695678465879,1945.8499755859373,351101.9,True,False,True,False,1,-0.015468805901582172
2024-09-27,1934.0,1982.949951171875,1888.050048828125,1894.75,1532944,1874.5522733005519,1853.0726003817697,55.19287026079434,44.772881467451015,1945.8499755859373,287358.8,True,False,True,True,2,-0.02626100481901228
2024-09-30,1904.949951171875,1954.4000244140625,1889.449951171875,1933.199951171875,450470,1880.137766431154,1856.2148494323621,60.779144989485886,46.21410945136076,1982.949951171875,344422.2,True,False,True,True,2,-0.02508888334302084
2024-10-01,1930.0,1968.449951171875,1930.0,1956.550048828125,436878,1887.415126659437,1860.1495631341568,63.73599014236777,45.65952671711178,1982.949951171875,332365.05,True,False,True,True,2,-0.013313448646622872
2024-10-03,1932.1500244140625,1973.4000244140625,1932.0999755859373,1950.0,655833,1893.3755907871098,1863.6731096779154,62.316746954133755,45.34813543932703,1982.949951171875,343177.7,True,False,True,True,2,-0.01661663278611869
2024-10-04,1958.0,1982.0,1912.550048828125,1937.5,409736,1897.5779154740517,1866.568281847409,59.5896950540904,47.0696937059376,1982.949951171875,359453.4,True,False,True,True,2,-0.022920372319541027
2024-10-07,1939.0,1955.3499755859373,1843.550048828125,1853.699951171875,196588,1893.3990617309873,1866.0636414287605,45.28291383726101,51.693281781071505,1982.949951171875,369527.5,True,False,False,False,0,-0.06518066677558676
2024-10-08,1862.0,1914.5,1853.75,1879.949951171875,134972,1892.1181940586907,1866.608202595157,49.38251017555794,52.343765141575325,1982.949951171875,367781.0,True,False,False,False,0,-0.051942813755399886
2024-10-09,1887.949951171875,1900.0,1831.25,1840.75,280596,1887.2259851007202,1865.5941554345627,44.0721576862075,53.51563906003423,1982.949951171875,364527.55,True,False,False,False,0,-0.07171131630822969
2024-10-10,1840.75,1864.949951171875,1835.050048828125,1848.3499755859373,145167,1883.523508004074,1864.917913087558,45.30029389308951,51.82880072315679,1982.949951171875,367206.15,True,False,False,False,0,-0.06787865498390033
2024-10-11,1849.0,1879.050048828125,1827.25,1872.949951171875,166336,1882.5165025914837,1865.2328949732175,49.189650919424906,51.826747016368806,1982.949951171875,360474.05,True,False,False,False,0,-0.05547290789411641
2024-10-14,1881.0,1918.4000244140625,1869.4000244140625,1889.300048828125,188989,1883.162554614021,1866.1767049283121,51.65033923993467,51.624836515199604,1982.949951171875,363374.9,True,False,True,False,1,-0.04722756733643485
2024-10-15,1898.0,1898.0,1853.699951171875,1885.949951171875,104971,1883.4280209528642,1866.9521263496283,51.104225579363,51.10163739469428,1982.949951171875,366950.45,True,False,True,False,1,-0.04891701877935717
2024-10-16,1879.9000244140625,1892.449951171875,1848.449951171875,1867.25,88911,1881.8872570525914,1866.9638076692509,48.05019946968399,50.59437758078755,1982.949951171875,365134.6,True,False,False,False,0,-0.05834738849737442
2024-10-17,1867.25,1869.0,1822.8499755859373,1835.0,133432,1877.4218039999637,1865.7103250155549,43.24983394250198,50.27692378316435,1982.949951171875,361607.45,True,False,False,False,0,-0.07461103649360401
2024-10-18,1838.75,1859.800048828125,1815.0,1852.1500244140625,101253,1875.0149678489256,1865.1785485213788,46.32099958370819,49.88571842923297,1982.949951171875,353275.8,True,False,False,False,0,-0.06596229354175731
2024-10-21,1782.0999755859375,1856.0,1760.800048828125,1830.800048828125,1093603,1870.804023180278,1863.83037206282,43.187622089593006,53.12244933942169,1982.949951171875,345058.15,True,False,False,True,1,-0.07672906835285132
2024-10-22,1815.199951171875,1837.3499755859373,1792.3499755859375,1804.449951171875,791489,1864.484587750906,1861.5017281063126,39.6249710555482,52.54227438660585,1982.949951171875,375789.25,True,False,False,True,1,-0.0900174005372707
2024-10-23,1807.0,1829.9000244140625,1757.0,1760.8499755859375,266266,1854.6146246875758,1857.554600556494,34.546767452588654,53.99639938856704,1982.949951171875,397074.3,False,False,False,False,0,-0.11200483171785647
2024-10-24,1762.300048828125,1834.4000244140625,1751.0,1812.949951171875,288260,1850.6465605432234,1855.8053986198424,43.813178718318255,56.09665831895958,1982.949951171875,384190.7,False,False,False,False,0,-0.08573085765454347
2024-10-25,1790.0,1839.0,1762.050048828125,1771.449951171875,181265,1843.1040263173807,1852.497341857177,39.06854228993966,57.586179237024965,1982.949951171875,384094.6,False,False,False,False,0,-0.10665927290550559
2024-10-28,1765.9000244140625,1817.550048828125,1765.9000244140625,1796.300048828125,121298,1838.6465046517374,1850.2935264442729,43.04584182403554,57.162168178241934,1982.949951171875,382397.95,False,False,False,False,0,-0.09412738946509691
2024-10-29,1797.949951171875,1804.5,1772.050048828125,1796.800048828125,144804,1834.6611279066315,1848.1957430083455,43.126284206103925,55.3970098206443,1982.0,311815.65,False,False,False,False,0,-0.09344094408268167
2024-10-30,1793.25,1854.550048828125,1787.0,1840.25,257717,1835.1934014393332,1847.8841452433126,49.766158375400295,56.265084035464355,1982.0,296532.35,False,False,False,False,0,-0.07151866801210893
2024-10-31,1836.8499755859373,1863.9000244140625,1818.1500244140625,1833.199951171875,787165,1835.0035490329087,1847.308294495413,48.771212818625415,55.514006604359764,1982.0,287574.3,False,False,False,True,1,-0.07507570576595612
2024-11-01,1854.25,1854.25,1833.199951171875,1838.199951171875,10439,1835.3079682842388,1846.9511045611569,49.54169119155695,53.05229533462872,1982.0,294140.9,False,False,False,False,0,-0.07255300142690468
2024-11-04,1838.0,1840.449951171875,1771.300048828125,1789.75,143783,1830.9691141619303,1844.7079239901311,42.82103657086782,54.20212440670881,1955.3499755859373,274176.05,False,False,False,False,0,-0.08469070890305141
2024-11-05,1789.75,1810.0,1762.0,1793.5999755859375,116159,1827.4101485832643,1842.7036907193785,43.47720255475066,53.75911552051533,1918.4000244140625,271535.8,False,False,False,False,0,-0.06505423646783093
2024-11-06,1799.75,1827.75,1766.449951171875,1817.550048828125,163020,1826.4710914637274,1841.7172733903099,47.512425137145584,54.297753613916015,1918.4000244140625,270595.15,False,False,False,False,0,-0.05256983647961544
2024-11-07,1818.0,1823.550048828125,1790.0999755859375,1798.25,125279,1823.783368467182,1840.0126744338272,44.74050343163334,52.80863358736398,1918.4000244140625,264716.35,False,False,False,False,0,-0.06263032885998843
2024-11-08,1800.0,1804.449951171875,1759.8499755859375,1768.050048828125,63085,1818.4754332634625,1837.190610684584,40.73569784640459,52.222300872976376,1918.4000244140625,263721.95,False,False,False,False,0,-0.07837258844482076
2024-11-11,1762.0,1782.0999755859375,1742.8499755859375,1755.3499755859375,182117,1812.4634849132221,1833.981174014049,39.14867806051385,51.295707953478065,1918.4000244140625,258559.4,False,False,False,False,0,-0.08499272662276236
2024-11-12,1760.0,1793.9000244140625,1752.0,1786.699951171875,79048,1810.009815033094,1832.1270084123953,44.859439540165226,50.624587700662666,1898.0,258215.8,False,False,False,False,0,-0.05864070012019229
2024-11-13,1782.0,1788.25,1734.699951171875,1737.5999755859375,195661,1803.1136398476503,1828.4200659486125,38.72903136270375,50.83354920976712,1892.449951171875,256919.65,False,False,False,False,0,-0.08182513650627787
2024-11-14,1736.0999755859375,1746.050048828125,1676.550048828125,1713.800048828125,491072,1794.6075835600764,1823.9251633164365,36.15018704502939,52.16686712335519,1869.0,262257.15,False,False,False,True,1,-0.08303903219468967
2024-11-18,1709.949951171875,1730.0,1680.199951171875,1686.3499755859375,208120,1784.297335181587,1818.5300579152404,33.388714329313046,51.99780867369589,1863.9000244140625,280139.15,False,False,False,False,0,-0.0952572812396093
2024-11-19,1700.6500244140625,1770.0,1698.550048828125,1745.25,400400,1780.5785413547692,1815.6563301538586,43.38264700763025,54.25868122657922,1863.9000244140625,285482.5,False,False,False,True,1,-0.06365686080795108
2024-11-21,1725.0,1782.75,1705.050048828125,1771.5999755859375,156031,1779.7234398529758,1813.9286299747246,47.19925929562199,55.9330576512432,1863.9000244140625,250822.35,False,False,False,False,0,-0.04951984957301592
2024-11-22,1778.0,1823.0,1764.550048828125,1808.25,225572,1782.4402551050734,1813.705938603167,52.04176771478172,56.11283575985976,1863.9000244140625,219049.45,False,False,True,True,2,-0.029856764678972914
2024-11-25,1813.0,1865.0,1812.5999755859373,1826.800048828125,412507,1786.6649973644116,1814.2194331217927,54.325071606287445,56.15834749129836,1863.9000244140625,217014.75,False,False,True,True,2,-0.019904487955356043
2024-11-26,1826.800048828125,1850.0,1804.3499755859373,1826.199951171875,73786,1790.4302310603605,1814.6892573590508,54.23511301286149,55.40775298578153,1865.0,223227.1,False,False,True,False,1,-0.020804315725536204
2024-11-27,1822.8499755859373,1847.449951171875,1802.300048828125,1836.449951171875,207146,1794.8130615471714,1815.5426179007302,55.587902596720284,54.67504936849356,1865.0,217853.15,False,False,True,False,1,-0.015308337173257414
2024-11-28,1836.5,1845.1500244140625,1809.0,1819.300048828125,184962,1797.1451555739288,1815.6899681331772,52.77688183392296,53.35183330031992,1865.0,222145.55,False,False,True,False,1,-0.024503995266420886
2024-11-29,1819.300048828125,1836.449951171875,1812.300048828125,1820.3499755859373,420858,1799.3551384322154,1815.8727135234815,52.93380061712385,51.26598108913635,1865.0,224153.45,False,False,True,True,2,-0.02394103185740626
2024-12-02,1850.0,1894.050048828125,1835.0999755859373,1879.75,1149388,1807.0117919148615,1818.3777051500117,60.85830640854488,52.86841624292573,1865.0,232310.5,False,True,True,True,2,0.007908847184986634
2024-12-03,1879.75,1946.6500244140625,1879.75,1930.800048828125,447294,1818.8011497161247,1822.7864245099377,66.1354886458642,53.8706739694355,1894.050048828125,250421.65,False,True,True,True,2,0.01940286637237376
2024-12-04,1929.0,1945.3499755859373,1903.8499755859373,1936.699951171875,410592,1830.0296069976246,1827.2536216339352,66.69436222439954,52.98705440019011,1946.6500244140625,272264.4,True,False,True,True,2,-0.005111382692008282
2024-12-05,1938.0,1953.5999755859373,1889.449951171875,1913.800048828125,307371,1838.007744314815,1830.6475991709624,62.390478109577536,53.78440940118098,1946.6500244140625,285604.85,True,False,True,True,2,-0.016875131725758052
2024-12-06,1916.8499755859373,1928.550048828125,1903.550048828125,1926.050048828125,327447,1846.392725697035,1834.3888717065374,63.73852216848066,51.72838015823948,1953.5999755859373,295165.45,True,False,True,True,2,-0.014102133037521836
2024-12-09,1931.949951171875,1931.949951171875,1890.0,1897.75,238734,1851.2838946782697,1836.873621835693,58.520012814151265,51.02992094492773,1953.5999755859373,303386.8,True,False,True,False,1,-0.02858823519855258
2024-12-10,1898.050048828125,1908.3499755859373,1876.0,1898.699951171875,333088,1855.7997095824226,1839.2981837704453,58.642417600887164,49.69563913357127,1953.5999755859373,309059.55,True,False,True,True,2,-0.028101978450115528
2024-12-11,1909.949951171875,1972.9000244140625,1909.0,1966.5999755859373,1009273,1866.3521158684716,1844.2904109004646,66.29786436958723,51.44595585561529,1953.5999755859373,322559.7,True,True,True,True,2,0.006654381737541293
2024-12-12,1973.800048828125,1974.5999755859373,1924.949951171875,1935.25,363340,1872.9138191190934,1847.8574536102506,60.710215209489434,51.3176750383615,1972.9000244140625,363917.5,True,False,True,False,1,-0.01908359468201859
2024-12-13,1930.25,1935.25,1848.1500244140625,1921.5999755859373,389729,1877.5505959254594,1850.7493172171403,58.40219470304401,53.87355364890264,1974.5999755859373,378132.1,True,False,True,True,2,-0.02684087949726266
2024-12-16,1925.6500244140625,1955.9000244140625,1920.050048828125,1945.949951171875,140115,1884.064820234642,1854.4826754114438,61.23348522128515,52.586155215833706,1974.5999755859373,387835.5,True,False,True,False,1,-0.0145092802432355
2024-12-17,1955.0,1958.949951171875,1925.3499755859373,1934.0999755859373,154906,1888.8300731252416,1857.6049224771102,59.124445748348556,51.229999527984,1974.5999755859373,370287.65,True,False,True,False,1,-0.020510483389417744
2024-12-18,1929.5,1951.5,1874.0,1879.300048828125,152928,1887.9224517636114,1858.4557117457775,50.467669620196716,53.106428133128,1974.5999755859373,367626.95,True,False,True,False,1,-0.04826290283404533
2024-12-19,1839.5,1868.75,1839.5,1851.9000244140625,79510,1884.4917443969875,1858.1986259680634,46.77958305844542,52.155972468484926,1974.5999755859373,355253.35,True,False,False,False,0,-0.062139143466496405
2024-12-20,1851.9000244140625,1862.9000244140625,1795.0,1801.9000244140625,217111,1876.6258663033757,1855.990837671828,40.90510715246271,53.28054760745475,1974.5999755859373,351427.3,True,False,False,False,0,-0.08746072789787629
2024-12-23,1785.5,1802.75,1734.699951171875,1759.949951171875,516633,1865.5138743860898,1852.2245283973202,36.736784544529065,54.33551198035977,1974.5999755859373,351004.25,True,False,False,True,1,-0.10870557432796868
2024-12-24,1769.199951171875,1774.4000244140625,1715.0,1717.6500244140625,206876,1851.4316029601825,1846.947096868565,33.07665127276371,54.697262868481396,1974.5999755859373,356210.55,True,False,False,False,0,-0.13012759766475135
2024-12-26,1719.3499755859375,1752.0,1713.0,1738.550048828125,515614,1840.6809787571294,1842.6962322395282,36.4458861441331,53.57602980644701,1974.5999755859373,362865.05,False,False,False,True,1,-0.11954316300837975
2024-12-27,1740.25,1755.0,1728.1500244140625,1740.4000244140625,135013,1831.1304116768374,1838.6846162463726,36.74943035255915,51.667025933553475,1974.5999755859373,378288.45,False,False,False,False,0,-0.11860627674847357
2024-12-30,1740.0,1781.0,1727.550048828125,1771.3499755859375,428056,1825.4370368110374,1836.0440421028263,41.76096894075368,51.794377736290734,1974.5999755859373,375791.0,False,False,False,True,1,-0.10293224071355922
2024-12-31,1779.0,1779.0,1744.5,1767.25,118887,1819.8954142576054,1833.3462365301664,41.29420028670907,50.559065040841396,1974.5999755859373,376150.9,False,False,False,False,0,-0.10500859827287745
2025-01-01,1768.800048828125,1789.0,1759.300048828125,1770.949951171875,100730,1815.233941582774,1830.8993233788608,41.925040597334544,49.069128335915224,1974.5999755859373,324625.85,False,False,False,False,0,-0.1031348257530651
2025-01-02,1765.0,1836.199951171875,1763.199951171875,1816.199951171875,496854,1815.3259424960218,1830.3228774099593,49.125291588359254,50.77847631192128,1974.5999755859373,307297.65,False,False,False,True,1,-0.08021879184266634
2025-01-03,1814.0,1831.0,1800.0,1807.8499755859373,222622,1814.613945647442,1829.4415871423507,47.944034033199145,49.365728003926904,1974.5999755859373,311610.75,False,False,False,False,0,-0.08444748407865199
2025-01-06,1808.449951171875,1840.8499755859373,1745.5,1755.8499755859375,265951,1809.017377070156,1826.555641591119,41.286012187561205,52.650317116927646,1974.5999755859373,307373.3,False,False,False,False,0,-0.11078193188728691
2025-01-07,1764.6500244140625,1810.5999755859373,1764.6500244140625,1799.25,149849,1808.0871506825222,1825.4848321169575,47.801407206777704,52.800294465718515,1974.5999755859373,304298.5,False,False,False,False,0,-0.08880278423679433
2025-01-08,1804.0,1848.0,1796.0,1800.0999755859375,269201,1807.3264673399901,1824.4893475471135,47.923290413031886,52.743130575310055,1974.5999755859373,299854.25,False,False,False,False,0,-0.08837232966551578
2025-01-09,1795.0,1813.4000244140625,1775.800048828125,1802.300048828125,424042,1806.8477608150506,1823.6191789698983,48.260054994169316,51.661476647497736,1974.5999755859373,296659.9,False,False,False,True,1,-0.0872581428583703
2025-01-10,1800.0,1808.5,1720.25,1727.5,388362,1799.2908312136174,1819.8497994024513,39.020945967790894,54.2749426012479,1974.5999755859373,267398.35,False,False,False,True,1,-0.12513925789582447
2025-01-13,1725.0,1757.3499755859375,1673.5,1702.0999755859375,407052,1790.0345592490764,1815.2321592527842,36.46783771679573,56.387444957297156,1958.949951171875,268649.45,False,False,False,True,1,-0.13111614997222654
2025-01-14,1703.300048828125,1739.0,1688.0,1729.0,264680,1784.2217440824977,1811.8505059487534,40.87959923684951,56.00262746034736,1958.949951171875,269515.6,False,False,False,False,0,-0.1173842910250541
2025-01-15,1725.0,1742.75,1712.0,1737.0,328842,1779.7244351222598,1808.9151919899787,42.16584739142969,54.19886835603683,1958.949951171875,275743.85,False,False,False,True,1,-0.11330047050926495
2025-01-16,1745.0,1762.0,1731.25,1740.6500244140625,109957,1776.00306267386,1806.2381265948447,42.777555542156556,52.523949187748485,1951.5,284440.65,False,False,False,False,0,-0.10804508100739818
2025-01-17,1739.0,1741.199951171875,1695.699951171875,1721.949951171875,219504,1770.8551472927186,1802.9327079508068,40.418838004684225,52.02223853148074,1868.75,282292.1,False,False,False,False,0,-0.07855521007525079
2025-01-20,1730.5999755859375,1759.5999755859375,1701.5999755859375,1752.050048828125,123664,1769.0641855341858,1800.937309553839,45.61680995766923,52.449221493517825,1862.9000244140625,289291.8,False,False,False,False,0,-0.05950398525589318
2025-01-21,1758.0,1796.0,1758.0,1771.199951171875,1374819,1769.2675917853944,1799.7711386368992,48.684136059068045,51.842130756257625,1848.0,284619.45,False,False,False,True,1,-0.041558467980587155
2025-01-22,1702.0,1805.6500244140625,1702.0,1799.050048828125,2935848,1772.1040162656545,1799.7428606051826,52.849266143975974,55.54269458895797,1848.0,327528.75,False,False,True,True,2,-0.026488068815949672
2025-01-23,1775.0,1849.0,1768.75,1828.3499755859373,985904,1777.4607742961575,1800.8647082514867,56.82011119232789,57.30750211831811,1848.0,463977.35,False,False,True,True,2,-0.010633130094189758
2025-01-24,1837.0,1858.0,1798.550048828125,1802.949951171875,485019,1779.8883149509877,1800.9464824836589,52.67840415144002,57.46053419357217,1849.0,487491.85,False,False,True,False,1,-0.02490538065339376
2025-01-27,1800.050048828125,1809.5999755859373,1790.800048828125,1795.949951171875,526756,1781.4179945910723,1800.7505400792752,51.562920036538415,54.69906223387504,1858.0,504992.15,False,False,True,True,2,-0.033396151145384856
2025-01-28,1804.300048828125,1833.949951171875,1779.0,1813.199951171875,386266,1784.4448475987679,1801.238752278985,54.14007123438711,54.71698287230361,1858.0,509927.15,False,False,True,False,1,-0.024111974611477405
2025-01-29,1813.050048828125,1868.3499755859373,1805.1500244140625,1856.449951171875,500967,1791.3024765104924,1803.4038973336083,59.90082228496438,55.32290917941584,1858.0,523296.1,False,False,True,False,1,-0.0008342566351587921
2025-01-30,1856.449951171875,1871.050048828125,1830.0,1851.9000244140625,525265,1797.0736715489277,1805.3057062387243,59.06030930187508,54.303419154323635,1868.3499755859373,543307.95,False,False,True,False,1,-0.008804534154108867
2025-01-31,1842.75,1872.699951171875,1833.050048828125,1866.3499755859373,139632,1803.6714147905477,1807.6995991543013,60.93506797827375,53.256739382139806,1871.050048828125,544728.5,False,False,True,False,1,-0.0025119976053721293
2025-02-01,1875.0,1892.0,1794.9000244140625,1827.4000244140625,234718,1805.9312823737396,1808.4721648507625,53.78533366533555,56.388399110982505,1872.699951171875,540579.0,False,False,True,False,1,-0.024189634185372455
2025-02-03,1800.050048828125,1840.1500244140625,1788.5999755859375,1810.449951171875,214516,1806.3616317830858,1808.549725098649,50.98191418919311,56.04280266220697,1892.0,539017.35,False,False,True,False,1,-0.043102562805562905
2025-02-04,1800.0,1857.5999755859373,1800.0,1852.699951171875,339894,1810.7748050582086,1810.2811065132855,56.99846993865711,56.154029299616276,1892.0,542250.7,True,False,True,False,1,-0.020771695997951922
2025-02-05,1855.0,1918.949951171875,1843.6500244140625,1887.550048828125,890914,1818.0867330362958,1813.3112611138677,61.22606555302381,57.521593403773146,1892.0,545785.35,True,False,True,True,2,-0.002351982648982509
2025-02-06,1885.0,1887.8499755859373,1857.050048828125,1868.0,228834,1822.8403775090296,1815.4559175407749,57.79351330371648,55.612902929061654,1918.949951171875,569128.95,True,False,True,False,1,-0.026550953630010254
2025-02-07,1875.050048828125,1878.5,1838.1500244140625,1849.75,306565,1825.4031986986458,1816.800783519568,54.70999060020518,54.522693833124215,1918.949951171875,561152.55,True,False,True,False,1,-0.036061363210445174
2025-02-10,1860.0,1860.0,1809.0,1823.25,148651,1825.1981321559176,1817.053693969781,50.49690302840292,54.27107284504392,1918.949951171875,556128.2,True,False,True,False,1,-0.04987099903956971
2025-02-11,1806.699951171875,1827.300048828125,1780.1500244140625,1786.050048828125,210236,1821.4697432675566,1815.8378647485397,45.23123504744373,53.76242652854525,1918.949951171875,550326.75,True,False,False,False,0,-0.06925657558843046
2025-02-12,1795.5,1809.800048828125,1741.5,1800.050048828125,123172,1819.4297723685631,1815.218734712445,47.45206217987617,54.800828121372376,1918.949951171875,544396.45,True,False,False,False,0,-0.06196091892398736
2025-02-13,1800.050048828125,1825.0,1792.550048828125,1798.4000244140625,86388,1817.4269392300391,1814.5591774458417,47.20909116665544,53.204336910693996,1918.949951171875,545057.2,True,False,False,False,0,-0.0628207768963408
2025-02-14,1800.25,1815.5,1760.5,1782.449951171875,223752,1814.095797510214,1813.2999921017645,44.8200235100708,53.33259855993014,1918.949951171875,538401.4,True,False,False,False,0,-0.07113265247832101
2025-02-17,1771.0,1813.0,1746.0999755859375,1808.1500244140625,165448,1813.5295334058187,1813.0980325845999,49.27439474875614,54.30170040665388,1918.949951171875,543405.8,True,False,False,False,0,-0.05773987314788931
2025-02-18,1800.0,1808.9000244140625,1766.8499755859375,1799.9000244140625,151684,1812.2314849304132,1812.5804636367359,47.93663922723479,53.42658243675896,1918.949951171875,482937.25,False,False,False,False,0,-0.062039099396579034
2025-02-19,1783.800048828125,1809.0,1760.0,1770.75,44341,1808.280867317993,1810.9400532980405,43.44818547075867,53.11039797699047,1918.949951171875,343729.05,False,False,False,False,0,-0.0772297115312317
2025-02-20,1770.0,1800.1500244140625,1755.0,1784.4000244140625,45245,1806.0065013271424,1809.8992678516101,45.998053900110186,52.54179986535276,1918.949951171875,296650.9,False,False,False,False,0,-0.07011643356078401
2025-02-21,1766.449951171875,1793.5999755859375,1734.5,1741.75,142100,1799.8868345340811,1807.2267475437038,39.938586452994215,53.010240988251674,1918.949951171875,274662.2,False,False,False,False,0,-0.09234214319329248
2025-02-24,1731.0,1750.75,1722.300048828125,1737.25,110347,1793.9214217213116,1804.4825613655194,39.34958940656274,51.2559345727962,1918.949951171875,255429.4,False,False,False,False,0,-0.0946871756925779
2025-02-25,1731.050048828125,1746.3499755859375,1705.0,1728.050048828125,286519,1787.6479576362462,1801.4852079326806,38.112101356221494,50.54836607373486,1918.949951171875,241633.45,False,False,False,True,1,-0.09948143891255223
2025-02-27,1716.050048828125,1753.199951171875,1684.4000244140625,1730.0999755859375,722968,1782.1671974409787,1798.6857870563379,38.575632593715405,51.8520489797404,1918.949951171875,230911.05,False,False,False,True,1,-0.09841318449739112
2025-02-28,1721.449951171875,1726.800048828125,1664.449951171875,1689.6500244140625,194243,1773.3560381050818,1794.4098747958565,33.27891551686383,52.83761865362055,1918.949951171875,240796.2,False,False,False,False,0,-0.1194923956290691
2025-03-03,1708.0,1720.5,1679.5,1711.9000244140625,176554,1767.5030844202229,1791.1741943887273,38.297627569758056,51.99207446407623,1918.949951171875,243526.75,False,False,False,False,0,-0.10789751271593617
2025-03-04,1700.0,1705.8499755859375,1655.0,1699.25,157910,1761.0027906659159,1787.5693240205421,36.6114914376538,52.34264231764668,1918.949951171875,240618.55,False,False,False,False,0,-0.11448967235320928
2025-03-05,1669.199951171875,1722.5,1669.199951171875,1707.0999755859375,225977,1755.8691892297275,1784.4136632976165,38.42324525864338,52.41102849696656,1918.949951171875,237788.25,False,False,False,False,0,-0.11039890616040493
2025-03-06,1725.050048828125,1733.0,1688.0999755859375,1713.9000244140625,332628,1751.8721259139497,1781.648422557085,40.02245614605739,51.874528205330556,1918.949951171875,232092.4,False,False,False,True,1,-0.10685527604958711
2025-03-07,1705.5,1715.9000244140625,1680.5,1696.3499755859375,180503,1746.5843020731866,1778.3033854209616,37.32797960674763,50.697777934525696,1887.8499755859373,204178.1,False,False,False,False,0,-0.10143814523215144
2025-03-10,1696.300048828125,1706.25,1661.0999755859375,1673.699951171875,155288,1739.6429353206806,1774.2012899602132,34.13399500226221,50.30150982592118,1878.5,201761.55,False,False,False,False,0,-0.10902318276716794
2025-03-11,1673.699951171875,1694.949951171875,1638.5,1686.449951171875,196953,1734.5769368303181,1770.7600609881215,37.382049993511814,50.74068420777502,1860.0,194197.7,False,False,False,True,1,-0.09330647786458335
2025-03-12,1694.8499755859375,1696.949951171875,1601.0,1641.0999755859375,415246,1725.674369092758,1765.6753517566633,31.44276302657927,53.969917562353594,1827.300048828125,196612.8,False,False,False,True,1,-0.10189901399149004
2025-03-13,1640.050048828125,1641.0999755859375,1601.1500244140625,1607.0999755859375,298402,1714.381569711156,1759.4567095538898,27.86788120923707,52.96849139160513,1825.0,206863.3,False,False,False,True,1,-0.11939727365154107
2025-03-17,1625.949951171875,1671.0,1602.4000244140625,1663.3499755859375,328818,1709.5214178897068,1755.687818025735,40.018225617027326,54.08502597691458,1825.0,215624.8,False,False,False,True,1,-0.08857535584332188
2025-03-18,1663.3499755859375,1663.3499755859375,1663.3499755859375,1663.3499755859375,0,1705.1241376703001,1752.066726165351,40.01822561702733,50.221809835706395,1815.5,227746.3,False,False,False,False,0,-0.08380612746574634
2025-03-19,1714.4000244140625,1755.1500244140625,1704.199951171875,1726.25,421205,1707.136124558843,1751.0543055314156,50.77217933288703,53.19168404945058,1813.0,216558.7,False,False,True,True,2,-0.0478488692774407
2025-03-20,1721.0,1726.5,1692.300048828125,1696.25,166015,1706.0993507913342,1748.9051170792031,46.49091473748615,51.835131701052326,1809.0,229346.55,False,False,False,False,0,-0.06232725262576011
2025-03-21,1705.0,1760.550048828125,1680.0,1747.4000244140625,419609,1710.0327482792131,1748.8460938374328,53.6649738451697,53.88619721012894,1809.0,230063.1,False,False,True,True,2,-0.03405194891428276
2025-03-24,1772.949951171875,1772.949951171875,1725.0,1744.75,241482,1713.3391532050025,1748.6854627065532,53.26651777885208,53.46217963596795,1800.1500244140625,248826.5,False,False,True,False,1,-0.03077522632153662
2025-03-25,1780.0,1786.949951171875,1742.0,1745.699951171875,458140,1716.4211339637523,1748.5683838228404,53.40008832626229,52.85416331710417,1793.5999755859375,258638.35,False,False,True,True,2,-0.026706079987771192
2025-03-26,1747.0,1785.0,1742.3499755859375,1760.75,182659,1720.6429307291091,1749.0460942611603,55.566849193697514,52.125296252601196,1786.949951171875,274440.35,False,False,True,False,1,-0.014661827072824929
2025-03-27,1755.0,1821.449951171875,1743.1500244140625,1813.550048828125,287706,1729.4912276909201,1751.5756611069237,62.20622513235307,53.99491271725915,1786.949951171875,278055.95,False,True,True,True,2,0.014885754152658803
2025-03-28,1813.550048828125,1859.5999755859373,1804.300048828125,1821.550048828125,269181,1738.258734465892,1754.3197547430493,63.10576214783604,54.08812800587008,1821.449951171875,278115.3,False,True,True,False,1,5.49549309249997e-05
2025-04-01,1821.949951171875,1839.5999755859373,1781.800048828125,1786.449951171875,237790,1742.8483741521763,1755.5797624461406,56.726271201485694,54.353256488151665,1859.5999755859373,255425.95,False,False,True,False,1,-0.03933643007873966
2025-04-02,1782.1500244140625,1829.699951171875,1767.75,1817.1500244140625,281329,1749.9247217961656,1757.994282523314,60.48858774579574,54.89587753698905,1859.5999755859373,257603.3,False,False,True,True,2,-0.022827463825116134
2025-04-03,1816.9000244140625,1883.3499755859373,1807.0,1857.1500244140625,433610,1760.1366553788223,1761.882742989618,64.78462989405386,56.42831311191392,1859.5999755859373,262842.05,False,False,True,True,2,-0.0013174613917182887
2025-04-04,1863.949951171875,1870.0,1832.0999755859373,1845.449951171875,128337,1768.2617311686367,1765.1598884085302,62.63924237683605,55.10486391921027,1883.3499755859373,276627.05,True,False,True,False,1,-0.020123728943300057
2025-04-07,1700.0,1812.050048828125,1700.0,1786.25,377911,1769.9748996287667,1765.9869516081956,53.06397334583416,61.55808443725775,1883.3499755859373,271745.05,True,False,True,True,2,-0.05155705357190876
2025-04-08,1820.0,1847.0,1803.199951171875,1808.3499755859373,246636,1773.629668767545,1767.6482466661462,55.78143993686184,61.50036412031077,1883.3499755859373,274009.2,True,False,True,False,1,-0.039822656952894
2025-04-09,1800.0,1835.0,1776.8499755859375,1825.9000244140625,227521,1778.607797876737,1769.932630107241,57.8675893896255,61.26105414129304,1883.3499755859373,277315.85,True,False,True,False,1,-0.030504129299707694
2025-04-11,1839.949951171875,1849.0,1798.5,1811.6500244140625,158264,1781.7546765945776,1771.5686063545672,55.574922765907466,60.492407416914965,1883.3499755859373,280927.5,True,False,True,False,1,-0.0380704341207575
2025-04-15,1849.0,1885.4000244140625,1821.0999755859373,1869.199951171875,309767,1790.0827979828916,1775.3972865434814,62.1047910077431,61.43937831570675,1883.3499755859373,278993.05,True,False,True,True,2,-0.007513220908217044
2025-04-16,1855.5,1889.9000244140625,1831.300048828125,1846.4000244140625,210173,1795.446343357289,1778.1817076364455,58.43991598122195,61.23656383500895,1885.4000244140625,273719.1,True,False,True,False,1,-0.020685265458252222
2025-04-17,1826.199951171875,1864.9000244140625,1795.699951171875,1851.5999755859373,513508,1800.7943083314458,1781.0608553991706,59.03367681776042,61.805385935521706,1889.9000244140625,269307.65,True,False,True,True,2,-0.020265648094268673
2025-04-21,1851.0,1932.0,1851.0,1922.5,426318,1812.3853265855937,1786.6074885207718,66.13741630004961,63.17642979727015,1889.9000244140625,278542.15,True,True,True,True,2,0.01724957678438299
2025-04-22,1908.0999755859373,1948.0,1898.0,1903.5,288255,1821.0629145298228,1791.191508578781,62.9853766661167,62.235256240322286,1932.0,299858.05,True,False,True,False,1,-0.014751552795031042
2025-04-23,1909.800048828125,1916.300048828125,1870.0999755859373,1889.4000244140625,552113,1827.5712107092743,1795.0428229252627,60.674380430029714,61.08988602616982,1948.0,293210.55,True,False,True,True,2,-0.030082122990727655
2025-04-24,1950.0,1980.0,1922.800048828125,1974.0999755859373,2513060,1841.5263311737185,1802.0646720492107,68.21814648264349,63.19774956615323,1948.0,312515.45,True,True,True,True,2,0.013398344756641256
2025-04-25,1984.0,2019.0999755859373,1946.300048828125,1965.9000244140625,1218246,1853.371444815656,1808.4895878282246,66.88054956052508,63.88361936555744,1980.0,417188.0,True,False,True,True,2,-0.007121199790877553
2025-04-28,1965.9000244140625,2002.5,1961.199951171875,1983.699951171875,329279,1865.7836835162484,1815.3605824691522,68.33211313858486,62.27050718431227,2019.0999755859373,466026.2,True,False,True,False,1,-0.01753257631722238
2025-04-29,1971.199951171875,1993.9000244140625,1946.800048828125,1954.800048828125,255102,1874.26143259357,1820.8287968361708,63.46834401790586,61.18689778442836,2019.0999755859373,459583.15,True,False,True,False,1,-0.031845836033529085
2025-04-30,1950.0999755859373,1969.0,1934.4000244140625,1942.699951171875,360446,1880.7793867438847,1825.6080577905122,61.4947257673975,59.28783191310759,2019.0999755859373,463205.3,True,False,True,False,1,-0.03783865352773885
2025-05-02,1949.9000244140625,1972.5999755859373,1936.5999755859373,1945.5999755859373,716918,1886.9527761574136,1830.3136231942544,61.80131147145963,57.624415347885616,2019.0999755859373,466842.3,True,False,True,True,2,-0.03640235792616975
2025-05-05,1949.9000244140625,1963.199951171875,1938.0999755859373,1941.0,137555,1892.1001308090886,1834.6542654219306,60.97203201977609,55.30124107917505,2019.0999755859373,489229.15,True,False,True,False,1,-0.03868058864359747
2025-05-06,1936.199951171875,1975.0,1936.199951171875,1952.4000244140625,694760,1897.8429778190862,1839.2717461667203,62.32140752431853,54.12258448981433,2019.0999755859373,484217.4,True,False,True,True,2,-0.03303449654716506
2025-05-07,1945.699951171875,1987.0,1935.0999755859373,1974.300048828125,685326,1905.1246036294708,1844.5669737220694,64.83660010187174,53.963830198689216,2019.0999755859373,504888.95,True,False,True,True,2,-0.02218806760413705
2025-05-08,1970.0,1992.199951171875,1945.5,1964.4000244140625,322312,1910.769881799432,1849.266309043324,62.79587713179,53.444981696773915,2019.0999755859373,517474.75,True,False,True,False,1,-0.027091254436770074
2025-05-09,1925.0999755859373,1945.4000244140625,1902.699951171875,1916.800048828125,143044,1911.3441834212122,1851.9146909956692,53.995931219766895,54.03463109287489,2019.0999755859373,527173.5,True,False,True,False,1,-0.05066610271644678
2025-05-12,1959.0,1990.9000244140625,1952.199951171875,1980.9000244140625,138596,1917.968549230055,1856.972939365018,61.76614218143266,55.467869985236504,2019.0999755859373,515430.15,True,False,True,False,1,-0.018919296534976815
2025-05-13,1980.0,2021.0,1974.800048828125,2006.699951171875,809567,1926.4191589387997,1862.8445868868555,64.37436378162703,54.805875784282115,2019.0999755859373,510028.15,True,False,True,True,2,-0.006141362272298445
2025-05-14,2025.0,2073.800048828125,2011.0,2056.10009765625,852925,1938.7697245309378,1870.4232343680083,68.76770301820052,55.68403448942268,2021.0,539130.45,True,True,True,True,2,0.017367688103043122
2025-05-15,2065.0,2093.0,2060.60009765625,2085.800048828125,382774,1952.7726125592415,1878.8693839546797,71.07703861473298,54.34231076473177,2073.800048828125,573863.5,True,True,True,False,1,0.005786478791328431
2025-05-16,2090.0,2104.800048828125,2059.199951171875,2070.10009765625,377498,1963.9466587589566,1886.3686276292513,68.20603856312648,53.71786697126879,2093.0,577513.85,True,False,True,False,1,-0.010941186021858562
2025-05-19,2070.10009765625,2096.0,2061.300048828125,2063.89990234375,444225,1973.4660152908418,1893.330638402369,67.05412177872904,52.35944441416924,2104.800048828125,585880.1,True,False,True,False,1,-0.01943184413509813
2025-05-20,2075.0,2078.699951171875,2046.5999755859373,2057.199951171875,406232,1981.4406758509404,1899.7568859619576,65.76164748096234,50.91233949786699,2104.800048828125,582415.95,True,False,True,False,1,-0.022615021166857097
2025-05-21,2058.5,2093.0,2053.0,2089.300048828125,148166,1991.7129970868627,1907.1899511723955,68.85872597205159,50.13288667659077,2104.800048828125,581411.65,True,False,True,False,1,-0.007364119935587166
2025-05-22,2089.300048828125,2117.5,2073.0,2106.89990234375,533539,2002.6831785398997,1915.0217139634292,70.43766538061615,49.730537628262866,2104.800048828125,574407.2,True,True,True,False,1,0.0009976498797565903
2025-05-23,2122.0,2167.0,2112.10009765625,2143.0,308866,2016.0466853456235,1923.9620389060399,73.41513632934712,50.47122048740481,2117.5,573478.5,True,True,True,False,1,0.012042502951593814
2025-05-26,2148.89990234375,2158.300048828125,2050.0,2056.10009765625,335542,2019.8612960418736,1929.143923562911,58.215227076982444,54.60185108317054,2167.0,463268.8,True,False,True,False,1,-0.05117669697450389
2025-05-27,2050.0,2070.0,2026.199951171875,2064.199951171875,372944,2024.084025101874,1934.4402383711056,59.06593949521755,53.830293779238716,2167.0,419133.6,True,False,True,False,1,-0.04743887809327407
2025-05-28,2076.89990234375,2080.0,2043.0,2049.89990234375,290725,2026.5426800772907,1938.9680683308172,56.86477211578296,52.62812993786453,2167.0,421316.85,True,False,True,False,1,-0.05403788539743881
2025-05-29,2060.0,2064.699951171875,2028.0,2052.699951171875,117698,2029.0338487529652,1943.4281421677215,57.20109881018166,51.49040288315099,2167.0,423098.0,True,False,True,False,1,-0.052745753958525654
2025-05-30,2046.0999755859373,2048.699951171875,2007.699951171875,2016.4000244140625,151695,2027.8306273873554,1946.2897846087546,51.585667444321615,51.02680267721164,2167.0,410960.6,True,False,True,False,1,-0.06949698919517189
2025-06-02,2016.4000244140625,2084.800048828125,2011.5999755859373,2076.0,659587,2032.4181866837978,1951.376459722137,58.746514757888875,52.61060771756708,2167.0,382699.45,True,False,True,True,2,-0.041993539455468354
2025-06-03,2070.60009765625,2084.0,2046.0999755859373,2062.0,427207,2035.2355022377217,1955.7146377722493,56.627732753596746,51.559851767316765,2167.0,408801.05,True,False,True,True,2,-0.048454083987078955
2025-06-04,2062.0,2066.60009765625,2044.699951171875,2060.0,133208,2037.594025834129,1959.8042598203963,56.31525660011919,49.44130138996378,2167.0,395423.4,True,False,True,False,1,-0.049377018920166105
2025-06-05,2050.0,2098.89990234375,2050.0,2089.199951171875,84175,2042.5088758662953,1964.8786006577093,59.80280517910567,49.40263002951995,2167.0,367817.5,True,False,True,False,1,-0.03590219142968387
2025-06-06,2100.0,2119.5,2084.0,2116.199951171875,105750,2049.527073514446,1970.8127712661078,62.76307065169732,48.40958502741138,2167.0,355910.65,True,False,True,False,1,-0.02344256983300641
2025-06-09,2100.0,2125.0,2073.0,2121.60009765625,192364,2056.3911710517605,1976.725999751996,63.34450470658128,48.666043239739146,2167.0,354045.95,True,False,True,False,1,-0.020950577915897606
2025-06-10,2125.0,2172.10009765625,2120.0,2159.800048828125,301954,2066.2396356018903,1983.9053742255696,67.24120074074818,48.9113328409185,2167.0,356734.35,True,False,True,False,1,-0.0033225432265228116
2025-06-11,2175.0,2176.0,2113.199951171875,2143.10009765625,168755,2073.5596796070677,1990.1483045561845,64.03625669856464,49.90338398286182,2172.10009765625,331353.7,True,False,True,False,1,-0.013351134246203378
2025-06-12,2149.89990234375,2152.60009765625,2098.300048828125,2104.0,137511,2076.458757739728,1994.6130769265303,57.16604016411161,50.21743147180919,2176.0,297145.2,True,False,True,False,1,-0.03308823529411764
2025-06-13,2098.0,2107.5,2066.0,2089.300048828125,134615,2077.681737843385,1998.3262915109067,54.78624930889908,49.5947577952514,2176.0,284882.05,True,False,True,False,1,-0.03984372756060428
2025-06-16,2099.199951171875,2121.0,2073.300048828125,2095.699951171875,358932,2079.397758160384,2002.144866399572,55.65185143266544,49.459414465010234,2176.0,272737.9,True,False,True,True,2,-0.036902595968807406
2025-06-17,2100.0,2108.10009765625,2059.10009765625,2062.0,88358,2077.740828811776,2004.4921265407652,50.20171991662815,49.42659914608093,2176.0,268473.25,True,False,True,False,1,-0.05238970588235292
2025-06-18,2068.89990234375,2086.0,2042.9000244140625,2049.0,364186,2075.003607020178,2006.237533343088,48.2391472273961,48.974697463213545,2176.0,252579.55,True,False,False,True,1,-0.05836397058823528
2025-06-19,2049.0,2063.0,2029.5999755859373,2043.300048828125,95652,2071.984220525697,2007.6909653228934,47.364817016573724,47.862220816845635,2176.0,263380.55,True,False,False,False,0,-0.06098343344295731
2025-06-20,2044.9000244140625,2061.89990234375,2025.4000244140625,2040.199951171875,683507,2068.957147253904,2008.9658275130496,46.86726964146894,47.05062489633434,2176.0,241486.2,True,False,False,True,1,-0.062408110674689765
2025-06-23,2025.0,2079.0,2025.0,2071.699951171875,125541,2069.2183666746632,2011.4259892251603,52.34507083466617,47.54700883231046,2176.0,260218.25,True,False,True,False,1,-0.04793200773351336
2025-06-24,2079.0,2111.0,2065.60009765625,2075.199951171875,354480,2069.7880413886833,2013.9269289093452,52.92579421045068,47.393644083127576,2176.0,249718.2,True,False,True,True,2,-0.04632355185116044
2025-06-25,2082.800048828125,2105.300048828125,2073.0,2094.199951171875,139069,2072.1129851775586,2017.0748905666994,56.056393058158235,46.31553013634168,2176.0,248795.0,True,False,True,False,1,-0.03759193420410156
2025-06-26,2099.0,2196.39990234375,2096.199951171875,2191.800048828125,727820,2083.5117531442793,2023.9268575573435,67.87505174809618,50.30727449602263,2176.0,241212.2,True,True,True,True,2,0.007261051851160438
2025-06-27,2199.0,2217.0,2192.5,2208.60009765625,417617,2095.424928812086,2031.1689454043594,69.40061481166444,48.51389425858351,2196.39990234375,271718.3,True,True,True,True,2,0.005554632969834605
2025-06-30,2204.0,2222.0,2190.199951171875,2207.60009765625,311590,2106.108278225816,2038.08781412012,69.18999212464617,47.32004815640791,2217.0,285014.4,True,False,True,True,2,-0.004239919866373509
2025-07-01,2200.0,2225.0,2183.5,2188.89990234375,458302,2113.9931948084763,2044.0020136583014,65.2047743960758,46.9043304309502,2222.0,267614.55,True,False,True,True,2,-0.014896533598672379
2025-07-02,2185.0,2245.0,2183.10009765625,2220.10009765625,435037,2124.098614127312,2050.9078208739074,68.4680615830125,47.9754427104359,2225.0,269169.3,True,False,True,True,2,-0.002202203300561756
2025-07-03,2225.0,2227.300048828125,2198.10009765625,2209.800048828125,222904,2132.2606555273896,2057.138888636818,66.25880630734062,46.63433617196726,2245.0,284260.75,True,False,True,False,1,-0.01567926555540089
2025-07-04,2211.0,2230.5,2159.10009765625,2179.300048828125,629709,2136.7405977465073,2061.9295223698105,60.077052248120246,48.40330518423746,2245.0,291197.2,True,False,True,True,2,-0.02926501165785078
2025-07-07,2179.300048828125,2198.0,2148.800048828125,2154.39990234375,112253,2138.422436279578,2065.555811780553,55.52271142622584,48.46020846906872,2245.0,317395.15,True,False,True,False,1,-0.040356390938195985
2025-07-08,2140.0,2157.699951171875,2121.800048828125,2154.0,132432,2139.906013776761,2069.0242113185705,55.45000793673507,47.56304374583167,2245.0,313389.6,True,False,True,False,1,-0.040534521158129166
2025-07-09,2154.0,2188.699951171875,2140.89990234375,2175.800048828125,448823,2143.3244933054625,2073.211499064043,58.63021945811891,47.579972680281195,2245.0,304913.5,True,False,True,True,2,-0.030824031702394228
2025-07-10,2184.89990234375,2194.0,2163.0,2171.699951171875,194575,2146.0269178641684,2077.073791303566,57.794583856438905,46.395688917403966,2245.0,318916.9,True,False,True,False,1,-0.0326503558254454
2025-07-11,2171.699951171875,2203.5,2170.0,2176.39990234375,60308,2148.9195830527,2080.968932912985,58.52433139538827,45.47456828044655,2245.0,321770.1,True,False,True,False,1,-0.0305568363724944
2025-07-14,2178.60009765625,2192.0,2146.89990234375,2159.10009765625,332961,2149.8891558720857,2084.032900157819,54.77042773928293,45.44782037871823,2245.0,318054.75,True,False,True,True,2,-0.03826276273663698
2025-07-15,2164.5,2193.699951171875,2146.10009765625,2182.300048828125,71463,2152.9759075821844,2087.8865138311644,58.60506607192762,45.601537031354425,2245.0,316756.2,True,False,True,False,1,-0.027928708762527843
2025-07-16,2188.0,2209.199951171875,2143.5,2164.199951171875,281109,2154.044864114536,2090.879197648447,54.70805420860641,47.037138041391614,2245.0,315911.45,True,False,True,False,1,-0.0359911130637528
2025-07-17,2170.0,2192.89990234375,2138.0,2189.60009765625,225266,2157.431076832794,2094.7506054918904,58.84395565100083,47.59876406298864,2245.0,311757.6,True,False,True,False,1,-0.024677016634187088
2025-07-18,2197.60009765625,2258.0,2187.800048828125,2251.800048828125,580404,2166.4185979752065,2100.9094071913505,66.8315038126063,49.21313457076624,2245.0,318238.3,True,True,True,True,2,0.003028974979120358
2025-07-21,2262.0,2287.300048828125,2246.0,2262.199951171875,662425,2175.5406316129843,2107.2345265631357,67.95148736015938,48.647914160577585,2258.0,313083.15,True,True,True,True,2,0.001860031519873795
2025-07-22,2274.0,2343.0,2274.0,2320.199951171875,854735,2189.317709666212,2115.5861118419098,73.35509133914282,50.944495208259546,2287.300048828125,339927.35,True,True,True,True,2,0.014383728256643025
2025-07-23,2325.10009765625,2328.800048828125,2190.0,2269.699951171875,1154695,2196.97316123818,2121.629791815634,63.34105835553395,57.2198918953928,2343.0,364940.1,True,False,True,True,2,-0.031284698603553096
2025-07-24,2250.0,2292.0,2219.60009765625,2269.10009765625,433154,2203.8423932779965,2127.4129410642854,63.23063909345118,58.30417835598975,2343.0,415721.4,True,False,True,True,2,-0.03154071802976954
2025-07-25,2269.10009765625,2269.10009765625,2216.0,2230.39990234375,393593,2206.3716798556875,2131.451645428186,56.39958022343718,57.932458306008336,2343.0,400988.1,True,False,True,False,1,-0.0480580869211481
2025-07-28,2237.0,2274.39990234375,2195.5,2205.300048828125,292902,2206.2696197578243,2134.3476612477916,52.44240085620893,59.43013288013274,2343.0,399786.9,True,False,True,False,1,-0.058770785818128446
2025-07-29,2214.199951171875,2214.199951171875,2178.5,2198.60009765625,195946,2205.539189081484,2136.8673646363586,51.40557640219279,57.73511990097147,2343.0,398852.5,True,False,True,False,1,-0.06163034671094747
2025-07-30,2195.10009765625,2258.699951171875,2195.0,2239.5,352725,2208.7735520261044,2140.8921738663057,56.995112879500574,58.161179277464576,2343.0,385734.7,True,False,True,False,1,-0.04417413572343154
2025-07-31,2180.10009765625,2250.199951171875,2180.10009765625,2235.5,203797,2211.3189280236184,2144.6022846950777,56.31290040004813,59.013941723047466,2343.0,381619.1,True,False,True,False,1,-0.04588134869825011
2025-08-01,2239.0,2240.199951171875,2185.800048828125,2204.39990234375,159022,2210.659973196964,2146.947289308751,51.18315791615026,58.68436748166908,2343.0,380663.75,True,False,True,False,1,-0.05915497125746905
2025-08-04,2200.0,2233.89990234375,2191.699951171875,2226.800048828125,128559,2212.197123257075,2150.0787700742167,54.40482280772845,57.50690917382664,2343.0,357129.4,True,False,True,False,1,-0.04959451607847842
2025-08-05,2234.0,2250.0,2222.0,2242.699951171875,394017,2215.102154487056,2153.7109732545173,56.59451743742981,55.399272804267596,2343.0,357944.7,True,False,True,True,2,-0.04280838618357874
2025-08-06,2262.0,2269.5,2228.39990234375,2250.800048828125,361301,2218.50195394811,2157.518387982894,57.70879950189823,54.377903150837774,2343.0,371023.95,True,False,True,False,1,-0.039351238229566765
2025-08-07,2253.199951171875,2279.0,2240.89990234375,2267.10009765625,249358,2223.1303485869803,2161.8157099308687,59.93759830749414,53.21520275836722,2343.0,366647.85,True,False,True,False,1,-0.03239432451717883
2025-08-08,2270.699951171875,2276.800048828125,2238.199951171875,2243.39990234375,349347,2225.060782278101,2165.015090025491,55.36849211081663,52.17126667964456,2343.0,369387.0,True,False,True,False,1,-0.042509644752987574
2025-08-11,2255.199951171875,2272.0,2218.89990234375,2224.60009765625,458913,2225.0169075522103,2167.3517569914034,51.983310707290535,52.23761174940209,2343.0,383838.95,True,False,True,True,2,-0.050533462374626525
2025-08-12,2226.800048828125,2277.0,2224.60009765625,2253.39990234375,753610,2227.720049913309,2170.726194064044,56.38276002919134,52.24920393471266,2343.0,390136.55,True,False,True,True,2,-0.03824161231594114
2025-08-13,2274.0,2292.300048828125,2253.89990234375,2270.800048828125,385405,2231.8229069528156,2174.650658956753,58.83670214198699,51.29569983111711,2343.0,424243.9,True,False,True,False,1,-0.03081517335547379
2025-08-14,2274.5,2283.5,2252.60009765625,2270.300048828125,323864,2235.487396655226,2178.401615422297,58.73444332285103,49.83885715344804,2343.0,429458.7,True,False,True,False,1,-0.03102857497732603
2025-08-18,2350.0,2394.199951171875,2301.0,2330.800048828125,871940,2244.5647921002637,2184.3780245754665,66.35437539634896,55.12893180989818,2343.0,434388.6,True,False,True,True,2,-0.005206978733194645
2025-08-19,2333.10009765625,2350.0,2307.199951171875,2346.5,212573,2254.2729071383337,2190.735749101919,68.00545112493117,54.24829731120009,2394.199951171875,448965.4,True,False,True,False,1,-0.019923127618696856
2025-08-20,2340.10009765625,2361.300048828125,2332.800048828125,2344.39990234375,68439,2262.8564304912306,2196.7617943270884,67.5280881578203,52.409133217542944,2394.199951171875,426472.8,True,False,True,False,1,-0.020800288131218814
2025-08-21,2345.0,2354.39990234375,2320.0,2348.89990234375,89757,2271.0510468581374,2202.7279946414674,68.04568570279717,51.12275958370059,2394.199951171875,387158.0,True,False,True,False,1,-0.01892074586583814
2025-08-22,2343.300048828125,2354.0,2314.60009765625,2326.39990234375,374359,2276.322366428196,2207.5778733748903,62.666979773856546,50.285412637989836,2394.199951171875,333911.1,True,False,True,True,2,-0.02831845719274173
2025-08-25,2360.89990234375,2390.0,2341.199951171875,2347.5,344298,2283.1011886731294,2213.0650155954827,65.42693313062409,51.23646156786556,2394.199951171875,330971.35,True,False,True,True,2,-0.019505451559723386
2025-08-26,2332.10009765625,2371.60009765625,2311.0,2358.199951171875,337514,2290.253451768248,2218.756581696518,66.76858388571543,51.90529271703588,2394.199951171875,328506.6,True,False,True,True,2,-0.015036338123045723
2025-08-28,2336.0,2369.699951171875,2330.800048828125,2351.39990234375,689428,2296.076923251629,2223.9582805454293,65.04113733415238,50.97633626180117,2394.199951171875,330737.2,True,False,True,True,2,-0.017876555718404297
2025-08-29,2365.0,2408.5,2355.0,2401.5,423429,2306.1172162752837,2230.9207009161964,70.99520173055603,51.413747789976085,2394.199951171875,355411.3,True,True,True,True,2,0.003049055624845254
2025-09-01,2408.89990234375,2424.800048828125,2387.199951171875,2403.300048828125,422141,2315.372724137459,2237.6806753441156,71.1850925020813,50.42705849470994,2408.5,358946.5,True,False,True,True,2,-0.0021589998637637775
2025-09-02,2409.89990234375,2412.60009765625,2388.300048828125,2402.199951171875,554141,2323.6419838550223,2244.1324116510864,70.87967959117867,48.5608435185253,2424.800048828125,369863.7,True,False,True,True,2,-0.009320396404302378
2025-09-03,2402.199951171875,2426.800048828125,2402.199951171875,2411.60009765625,326321,2332.018947074187,2250.699771886583,71.98570744341681,46.849361671219924,2424.800048828125,389619.65,True,False,True,False,1,-0.005443727691384015
2025-09-04,2430.0,2430.0,2395.89990234375,2408.60009765625,1093794,2339.3123899867646,2256.891941524609,71.05811982456545,45.938699955864934,2426.800048828125,399507.75,True,False,True,True,2,-0.0074995676634601605
2025-09-05,2400.10009765625,2424.0,2391.0,2410.300048828125,879898,2346.0731194002274,2262.90794573259,71.28392486031305,45.01450710187458,2430.0,434496.6,True,False,True,True,2,-0.008106975790895032
2025-09-08,2410.0,2447.89990234375,2405.0,2410.0,315525,2352.161393743063,2268.676261586214,71.17836590915996,44.86346390486568,2430.0,460426.45,True,False,True,False,1,-0.008230452674897082
2025-09-09,2421.800048828125,2421.800048828125,2403.10009765625,2410.60009765625,142687,2357.726984591938,2274.2419022164117,71.26999930432332,42.99464156679492,2447.89990234375,463734.8,True,False,True,False,1,-0.015237471373640399
2025-09-10,2422.60009765625,2422.60009765625,2364.300048828125,2401.5,274453,2361.89584320223,2279.2324158549836,67.75222828420554,44.08788494260421,2447.89990234375,453401.8,True,False,True,False,1,-0.01895498353479419
2025-09-11,2405.0,2417.39990234375,2394.89990234375,2409.800048828125,354652,2366.4581484999344,2284.3527151872636,69.24336973163979,42.54589316098962,2447.89990234375,444178.8,True,False,True,False,1,-0.015564302069355884
2025-09-12,2418.0,2422.5,2400.800048828125,2411.39990234375,245251,2370.738315532679,2289.3349578208517,69.5357805541276,41.05689730462429,2447.89990234375,424230.9,True,False,True,False,1,-0.014910740412650392
2025-09-15,2411.39990234375,2424.89990234375,2404.0,2415.0,158554,2374.953714053376,2294.262998690622,70.22185474090037,39.61711195027613,2447.89990234375,417223.2,True,False,True,False,1,-0.013440052149293336
2025-09-16,2430.10009765625,2450.0,2414.0,2427.89990234375,680590,2379.9962081762687,2299.5036615789804,72.60277285482721,39.35874681097069,2447.89990234375,408957.7,True,False,True,True,2,-0.00817026871926052
2025-09-17,2440.60009765625,2496.300048828125,2439.89990234375,2476.199951171875,1855484,2389.1584694139456,2306.4329278375253,79.28216586148685,41.43313250192815,2450.0,399390.2,True,True,True,True,2,0.010693857621173475
2025-09-18,2488.89990234375,2488.89990234375,2440.89990234375,2448.199951171875,186407,2394.7814676766056,2311.9924189486765,68.8091507573549,41.90219446607614,2496.300048828125,481535.75,True,False,True,False,1,-0.01926855614926193
2025-09-19,2440.5,2457.800048828125,2407.10009765625,2409.89990234375,342690,2396.221318597286,2315.8319281014246,57.60060544133235,42.530605659347486,2496.300048828125,487434.15,True,False,True,False,1,-0.03461128261602009
2025-09-22,2410.699951171875,2439.300048828125,2366.10009765625,2378.5,505654,2394.533573968973,2318.289499548428,50.35814063268886,44.7212731959566,2496.300048828125,500080.8,True,False,True,True,2,-0.04718985960178368
2025-09-23,2378.5,2389.89990234375,2333.300048828125,2339.199951171875,479593,2389.263705131154,2319.1095172591513,43.06042217207739,45.56974321879006,2496.300048828125,506645.55,True,False,False,False,0,-0.06293317893816486
2025-09-24,2349.0,2362.300048828125,2312.300048828125,2320.800048828125,180960,2382.7433569118175,2319.1758126147975,40.128342598567535,45.88619013173363,2496.300048828125,513410.3,True,False,False,False,0,-0.07030404861882988
2025-09-25,2300.0,2319.89990234375,2254.39990234375,2262.300048828125,454607,2371.2725656657512,2316.9453905055166,32.541514247451744,47.35147272835087,2496.300048828125,505582.6,True,False,False,False,0,-0.09373873149177325
2025-09-26,2258.0,2266.800048828125,2207.300048828125,2215.39990234375,397012,2356.4275501112747,2312.963214499173,27.97502413059655,48.21922467632581,2496.300048828125,493841.55,True,False,False,False,0,-0.11252659575768631
2025-09-29,2215.10009765625,2244.199951171875,2209.300048828125,2229.300048828125,234318,2344.320169036689,2309.682306041485,31.06268088765779,47.26784450971326,2496.300048828125,492520.7,True,False,False,False,0,-0.10695829618933095
2025-09-30,2215.10009765625,2237.800048828125,2202.10009765625,2227.199951171875,574335,2333.1658625733735,2306.4477038897353,30.847516252046987,46.44156641415338,2496.300048828125,483129.55,True,False,False,True,1,-0.10779958033593662
2025-10-01,2227.199951171875,2237.0,2207.0,2229.39990234375,176320,2323.283390170552,2303.426221476167,31.3837047064044,45.267168813142426,2496.300048828125,484139.25,True,False,False,False,0,-0.10691829558296484
2025-10-03,2231.800048828125,2264.89990234375,2231.800048828125,2253.699951171875,631378,2316.656395980202,2301.4761716603125,37.177995077087914,44.569513897917965,2496.300048828125,476639.2,True,False,False,True,1,-0.09718386929092815
2025-10-06,2253.699951171875,2265.0,2239.60009765625,2251.199951171875,396061,2310.422448855599,2299.50455517057,36.833381702467626,43.20025592976311,2496.300048828125,453518.4,True,False,False,False,0,-0.09818535146498553
2025-10-07,2251.199951171875,2280.0,2234.199951171875,2243.300048828125,179834,2304.029839329173,2297.300456882631,35.70704943703406,43.385955422503244,2496.300048828125,429326.55,True,False,False,False,0,-0.10134999601460948
2025-10-08,2243.300048828125,2256.60009765625,2211.0,2231.60009765625,126649,2297.1317686936563,2294.7239722070867,34.046526961058476,43.54410843919944,2496.300048828125,422542.0,True,False,False,False,0,-0.10603691302899942
2025-10-09,2229.800048828125,2247.199951171875,2212.60009765625,2234.699951171875,241635,2291.1858813106296,2292.3700890292353,34.910192490552134,42.905233087515555,2496.300048828125,421740.1,False,False,False,False,0,-0.10479513381376437
2025-10-10,2234.699951171875,2259.89990234375,2222.0,2227.699951171875,207783,2285.139602249796,2289.8340051916916,33.832767625389295,42.547709462960874,2496.300048828125,420099.2,False,False,False,False,0,-0.10759928390112516
2025-10-13,2227.699951171875,2238.699951171875,2210.5,2234.800048828125,250949,2280.3453590667796,2287.675810824493,35.990656563252074,41.52286958502617,2496.300048828125,412755.75,False,False,False,False,0,-0.10475503540640474
2025-10-14,2240.0,2249.0,2187.39990234375,2213.0,182325,2273.931515346134,2284.7473476549053,32.48734933473446,42.9569573043993,2496.300048828125,413040.65,False,False,False,False,0,-0.11348797952438394
2025-10-15,2213.0,2229.5,2204.0,2219.199951171875,68116,2268.7189854247763,2282.176861518316,34.441827315059015,41.71003178265649,2496.300048828125,414229.2,False,False,False,False,0,-0.11100432329292031
2025-10-16,2218.10009765625,2238.300048828125,2213.800048828125,2224.39990234375,234176,2264.4981203694406,2279.911098413431,36.11237188496246,40.48074379818103,2496.300048828125,383605.5,False,False,False,False,0,-0.1089212599310796
2025-10-17,2229.0,2319.89990234375,2222.800048828125,2245.10009765625,1143683,2262.650689634851,2278.5459611288356,42.40426600065226,44.52496592085561,2488.89990234375,302540.1,False,False,False,True,1,-0.0979548452141118
2025-10-20,2270.699951171875,2270.800048828125,2163.800048828125,2195.89990234375,808198,2256.293471797603,2275.3049392156954,33.86700593290203,48.98746835508021,2457.800048828125,350403.9,False,False,False,True,1,-0.10655876852522994
2025-10-21,2195.89990234375,2210.0,2181.10009765625,2185.39990234375,29316,2249.541703278189,2271.779251495227,32.36922460221476,47.55264221141377,2439.300048828125,373679.3,False,False,False,False,0,-0.10408729611035439
2025-10-23,2185.0,2192.0,2129.199951171875,2133.800048828125,294259,2238.518688568659,2266.3683023710273,26.229997359631497,48.641742684036004,2389.89990234375,349862.4,False,False,False,False,0,-0.10715923845365682
2025-10-24,2144.39990234375,2145.0,2085.0,2098.39990234375,360555,2225.174042261525,2259.781306291526,23.006201026334054,49.45304677803343,2362.300048828125,340595.7,False,False,False,True,1,-0.11171322060264488
2025-10-27,2103.699951171875,2107.5,2085.5,2093.199951171875,939617,2212.6050812053677,2253.2487041299714,22.56743752966021,47.49211486531676,2319.89990234375,349575.45,False,False,False,True,1,-0.09771971236467769
2025-10-28,2094.0,2133.39990234375,2083.39990234375,2128.0,307062,2204.547454423904,2248.3369902425216,31.924540924844123,47.67124951779413,2319.89990234375,373825.95,False,False,False,False,0,-0.0827190441061173
2025-10-29,2132.0,2145.0,2117.199951171875,2130.800048828125,249031,2197.523891986211,2243.727698422349,32.62997259885036,46.25187803996062,2319.89990234375,369328.45,False,False,False,False,0,-0.08151207443242747
2025-10-30,2145.0,2145.0,2092.60009765625,2099.10009765625,213064,2188.150197288119,2238.0560278040707,28.96990490083101,46.69102263308844,2319.89990234375,370064.1,False,False,False,False,0,-0.09517643604555104
2025-10-31,2100.60009765625,2109.89990234375,2087.39990234375,2096.800048828125,304566,2179.450183149072,2232.5165776481513,28.71819936840251,44.96309244501069,2319.89990234375,352000.55,False,False,False,False,0,-0.09616787917885228
2025-11-03,2080.800048828125,2099.60009765625,2070.199951171875,2081.89990234375,211294,2170.1596802152317,2226.610041361704,27.07691783033698,43.85145344782243,2319.89990234375,358412.85,False,False,False,False,0,-0.10259063322497375
2025-11-04,2071.800048828125,2087.60009765625,2039.0,2049.60009765625,276716,2158.6778152096144,2219.6684749418823,23.8895778182152,44.19064231985297,2319.89990234375,337408.65,False,False,False,False,0,-0.11651356354402242
2025-11-06,2041.9000244140625,2067.89990234375,2040.0999755859373,2048.800048828125,196404,2148.213266030425,2212.967752349186,23.814799210921663,43.01987692256438,2319.89990234375,331441.4,False,False,False,False,0,-0.1168584270561579
2025-11-07,2057.199951171875,2057.199951171875,2029.0999755859373,2037.5,88271,2137.6691454560987,2206.086664021767,22.732458927460428,41.954169684233904,2319.89990234375,332269.9,False,False,False,False,0,-0.12172934791645396
2025-11-10,2036.0999755859373,2066.800048828125,2036.0999755859373,2055.699951171875,102563,2129.862555524268,2200.189145870791,28.37838990549787,41.15030565265918,2319.89990234375,330351.0,False,False,False,False,0,-0.11388420289382262
2025-11-11,2055.60009765625,2064.60009765625,2031.0,2044.800048828125,107488,2121.7613644103494,2194.0954557906866,27.10117589112656,40.6110050814871,2319.89990234375,323397.4,False,False,False,False,0,-0.11858263937926672
2025-11-12,2049.0,2049.0,2020.9000244140625,2036.199951171875,105979,2113.6126583876376,2187.9034752174,26.102945252426906,39.71736011751927,2319.89990234375,318382.65,False,False,False,False,0,-0.12228973796897802
2025-11-13,2049.0,2068.39990234375,2032.300048828125,2047.800048828125,146668,2107.344790810541,2182.4092232021344,29.855928923520253,39.45896678881254,2319.89990234375,311134.15,False,False,False,False,0,-0.11728948013693508
2025-11-14,2045.0,2055.0,2016.5999755859373,2032.5999755859373,86736,2100.2262369796263,2176.5343507465973,27.859338154714365,39.38332804775898,2319.89990234375,309351.3,False,False,False,False,0,-0.12384151853601921
2025-11-17,2032.5999755859373,2044.699951171875,2010.4000244140625,2014.5999755859373,118127,2092.071354942132,2170.183983093238,25.670078956831176,39.02022795561995,2319.89990234375,310282.3,False,False,False,False,0,-0.13160047399000885
2025-11-18,2029.5999755859373,2029.5999755859373,1983.199951171875,1991.0,222000,2082.44551161431,2163.157160226837,23.106300269557593,39.547356274080116,2319.89990234375,304479.85,False,False,False,False,0,-0.1417733161725938
2025-11-19,1991.0,2035.0999755859373,1982.0,2021.300048828125,208367,2076.6221342061017,2157.594136250417,32.436329827595074,40.51540051064134,2270.800048828125,258395.7,False,False,False,False,0,-0.10987317008767794
2025-11-20,2020.0,2022.0999755859373,2001.4000244140625,2012.0999755859373,133521,2070.477166718467,2151.8884828910254,31.198506380884268,39.10001127215802,2210.0,228404.15,False,False,False,False,0,-0.08954752235930441
2025-11-21,2012.0999755859373,2019.4000244140625,1991.4000244140625,2009.199951171875,144157,2064.6412414283154,2146.292854196157,30.79951281129746,38.30715332414673,2192.0,233614.4,False,False,False,False,0,-0.08339418285954603
2025-11-24,2001.0999755859373,2028.0,1986.0,2022.800048828125,309688,2060.656365942583,2141.4499990836853,34.997918607400464,38.57092808670768,2145.0,226109.3,False,False,False,True,1,-0.056969674206002296
2025-11-25,2013.0,2040.0,2010.0,2019.9000244140625,435358,2056.7748096065334,2136.683333410367,34.51702071397153,37.95871893765714,2145.0,223565.95,False,False,False,True,1,-0.058321666939830985
2025-11-26,2002.300048828125,2057.0,2002.300048828125,2026.5999755859373,140880,2053.901015890286,2132.36633898588,36.68170486608666,39.154521240101275,2145.0,198353.0,False,False,False,False,0,-0.055198146579982676
2025-11-27,2030.0,2030.199951171875,1997.0,2019.199951171875,276084,2050.5961525837706,2127.9284414245462,35.29395057539496,38.72919480665654,2145.0,190043.9,False,False,False,True,1,-0.058648041411713314
2025-11-28,2011.0,2025.300048828125,2000.5999755859373,2009.4000244140625,182273,2046.672711805703,2123.280268208449,33.487128706041176,37.727114694908764,2145.0,191396.55,False,False,False,False,0,-0.0632167718349359
2025-12-01,2010.699951171875,2021.699951171875,1998.199951171875,2009.4000244140625,122187,2043.122932054118,2118.8143762949435,33.487128706041176,36.710892216701,2109.89990234375,189857.0,False,False,False,False,0,-0.04763253357092856
2025-12-02,2015.0,2016.5,1979.0999755859373,1986.800048828125,137485,2037.758847937357,2113.6373438452642,29.45423055579812,36.76011594508398,2099.60009765625,180738.05,False,False,False,False,0,-0.05372453971308244
2025-12-03,1990.0,1999.0,1963.699951171875,1983.5,144072,2032.5913386099896,2108.5339185964303,28.906790839311682,36.65582543672977,2087.60009765625,177047.6,False,False,False,False,0,-0.049865919135146264
2025-12-04,1983.5,2002.5,1971.800048828125,1990.300048828125,131741,2028.5635967260027,2103.8972962525754,31.72284115169309,36.23040584638301,2068.39990234375,170415.4,False,False,False,False,0,-0.03775858499467555
2025-12-05,1981.0,2002.4000244140625,1975.199951171875,1989.0,124708,2024.79563513305,2099.391519928945,31.46622191521344,35.58538208894047,2068.39990234375,167182.25,False,False,False,False,0,-0.03838711375579751
2025-12-08,1980.0,2014.0,1980.0,1993.800048828125,553059,2021.843674532581,2095.250677924991,33.60193652994609,35.47214051115901,2068.39990234375,169004.1,False,False,False,True,1,-0.03606645573280787
2025-12-09,1983.9000244140625,1993.5,1951.5,1968.0,165524,2016.7157055294779,2090.260455261266,28.466952689850302,35.95984824808515,2068.39990234375,191528.9,False,False,False,False,0,-0.04853988932700326
2025-12-10,1965.0,1977.199951171875,1933.0,1944.5999755859373,109848,2009.8475407729502,2084.5482795877238,24.76972331070489,36.54842702835586,2068.39990234375,194430.7,False,False,False,False,0,-0.059852993909704
2025-12-11,1940.0,1989.9000244140625,1936.9000244140625,1987.0999755859373,103360,2007.6811059932347,2080.7267774700067,40.009404778586905,37.7235393834733,2068.39990234375,194624.15,False,False,False,False,0,-0.03930571001559702
2025-12-12,1991.0,2077.60009765625,1991.0,2072.199951171875,550121,2013.82575791501,2080.392392124982,58.24783393553158,41.49329528967612,2057.0,192458.75,False,True,True,True,2,0.007389378304266003
2025-12-15,2060.0,2107.699951171875,2060.0,2103.60009765625,207963,2022.375695033223,2081.3024982242478,62.74811312078787,41.93662785269033,2077.60009765625,215628.0,False,True,True,False,1,0.012514439149926337
2025-12-16,2090.0,2094.699951171875,2054.10009765625,2066.5,262389,2026.5780097919637,2080.722008097807,55.18026680631608,42.476868720355306,2107.699951171875,220119.8,False,False,True,True,2,-0.019547351200994267
2025-12-17,2066.5,2079.39990234375,2044.4000244140625,2073.89990234375,142267,2031.0848567016576,2080.4544745388243,56.3120644234457,41.94279794959332,2107.699951171875,222139.25,False,False,True,False,1,-0.016036461361273124
2025-12-18,2065.60009765625,2077.60009765625,2018.0,2024.4000244140625,143460,2030.448206007601,2078.2562608084413,47.64487103452653,43.20403364292594,2107.699951171875,218834.25,False,False,False,False,0,-0.03952171973600793
2025-12-19,2027.0,2031.4000244140625,2006.300048828125,2015.300048828125,228328,2029.0055243714603,2075.7873897503896,46.23597848186431,41.91088663885534,2107.699951171875,219331.2,False,False,False,True,1,-0.04383921074362407
2025-12-22,2015.0,2027.800048828125,2005.0,2014.199951171875,123675,2027.5954697810237,2073.372196080644,46.05866215248608,40.54582679523175,2107.699951171875,223539.75,False,False,False,False,0,-0.04436115299429322
2025-12-23,2029.800048828125,2065.39990234375,2019.0,2059.39990234375,327404,2030.624463358426,2072.8242629929227,53.884132833132796,41.3068356792777,2107.699951171875,214239.1,False,False,True,True,2,-0.022915998456644826
2025-12-24,2073.800048828125,2120.0,2049.89990234375,2109.39990234375,252729,2038.126886118933,2074.2586017909944,60.67965451095038,43.36349724906143,2107.699951171875,208841.4,False,True,True,True,2,0.0008065432515333981
2025-12-26,2114.199951171875,2169.0,2110.0,2160.60009765625,726199,2049.7910015034395,2077.644542805318,66.17610517988857,44.52325442100347,2120.0,214433.85,False,True,True,True,2,0.019150989460495316
2025-12-29,2174.0,2197.0,2153.800048828125,2159.39990234375,490564,2060.2299444406117,2080.850635336237,65.9434025169175,44.42873276035144,2169.0,236939.6,False,False,True,True,2,-0.004426047789880094
2025-12-30,2163.0,2165.0,2118.10009765625,2127.699951171875,573406,2066.6556593673986,2082.6878634082227,59.94739942212467,44.60524487345133,2197.0,252354.15,False,False,True,True,2,-0.03154303542472692
2025-12-31,2127.699951171875,2147.800048828125,2122.199951171875,2130.89990234375,170115,2072.7741586984794,2084.5785316017727,60.339429058619565,43.24773435793695,2197.0,274915.1,False,False,True,False,1,-0.030086526015589476
2026-01-01,2145.300048828125,2159.699951171875,2109.800048828125,2136.199951171875,137763,2078.8147103626125,2086.6029009966787,61.019965832940215,43.722889214066456,2197.0,276546.6,False,False,True,False,1,-0.027674123271791085
2026-01-02,2108.800048828125,2157.89990234375,2108.800048828125,2147.10009765625,209238,2085.3180805810543,2088.975340081368,62.44712678424815,44.10695809274921,2197.0,276231.15,False,False,True,False,1,-0.022712745718593497
2026-01-05,2168.0,2176.0,2127.199951171875,2133.89990234375,262102,2089.94492074893,2090.7370876210693,59.60123298548841,44.442178859561764,2197.0,280106.0,False,False,True,False,1,-0.0287210276086709
2026-01-06,2133.89990234375,2143.10009765625,2103.800048828125,2115.60009765625,168221,2092.3882709305794,2091.712107622449,55.8043676001386,44.07488385731628,2197.0,286975.7,True,False,True,False,1,-0.037050478991238034
2026-01-07,2124.5,2149.800048828125,2115.89990234375,2121.199951171875,140010,2095.1322404773696,2092.868493643995,56.71311090973006,43.36953152264191,2197.0,267733.8,True,False,True,False,1,-0.03450161530638374
2026-01-08,2116.0,2116.300048828125,2061.10009765625,2066.199951171875,262856,2092.376784353037,2091.82266844901,46.58212183450716,44.5645545221407,2197.0,266458.1,True,False,False,False,0,-0.05953575276655665
2026-01-09,2061.0,2083.89990234375,2041.699951171875,2050.39990234375,160885,2088.3789860664383,2090.198246248804,44.14258935656507,44.39565428283601,2197.0,274108.5,False,False,False,False,0,-0.06672739993456989
2026-01-12,2042.199951171875,2081.60009765625,2020.699951171875,2073.60009765625,300205,2086.9714728845156,2089.547338460861,48.41459735777519,45.57454658294594,2197.0,276984.75,False,False,False,True,1,-0.05616745668809742
2026-01-13,2073.60009765625,2113.800048828125,2068.5,2105.5,359192,2088.736094514562,2090.172933031023,53.6622881618047,45.55493960045873,2197.0,264488.95,False,False,True,True,2,-0.04164770141101504
2026-01-14,2105.0,2183.89990234375,2092.10009765625,2177.300048828125,485036,2097.1707568301395,2093.5896826701255,62.828189827042046,48.85814424953311,2197.0,272050.4,True,False,True,True,2,-0.008966750647189325
2026-01-15,2177.300048828125,2177.300048828125,2177.300048828125,2177.300048828125,0,2104.802117972805,2096.8724421273023,62.828189827042046,45.36827680313789,2197.0,283182.75,True,False,True,False,1,-0.008966750647189325
2026-01-16,2184.89990234375,2195.0,2144.199951171875,2162.39990234375,391714,2110.287621246228,2099.4421464495163,59.97302158349133,45.7562605192084,2197.0,276069.4,True,False,True,True,2,-0.01574879274294494
2026-01-19,2150.0,2178.199951171875,2116.0,2157.10009765625,411989,2114.7459523328966,2101.7032425752705,58.94691552319772,46.93080985154174,2197.0,288482.1,True,False,True,True,2,-0.018161084362198432
2026-01-20,2143.89990234375,2215.60009765625,2130.0,2191.39990234375,1166469,2122.0463285244064,2105.2207586446225,63.32084800120728,49.69290183759233,2197.0,297665.15,True,False,True,True,2,-0.002548974809399196
2026-01-21,2193.0,2242.10009765625,2171.10009765625,2232.39990234375,883916,2132.556192697677,2110.2081760445885,67.74473288357048,51.21483742062145,2215.60009765625,349804.85,True,True,True,True,2,0.007582507648953296
2026-01-22,2243.60009765625,2260.0,2135.39990234375,2143.699951171875,576940,2133.617503028553,2111.5215789907566,52.88419214212312,56.45664172316635,2242.10009765625,377630.45,True,False,True,True,2,-0.043887490387800376
2026-01-23,2138.0,2143.89990234375,2077.60009765625,2084.89990234375,279720,2128.9777315347624,2110.477591671266,45.72374901683563,57.15972479204733,2260.0,393841.0,True,False,False,False,0,-0.07747791931692483
2026-01-27,2116.800048828125,2150.0,2083.800048828125,2107.10009765625,589001,2126.8941473558566,2110.345140925579,48.555881387386,57.80545524774931,2260.0,371517.05,True,False,False,True,1,-0.06765482404590706
2026-01-28,2114.39990234375,2118.60009765625,2067.300048828125,2074.39990234375,277992,2121.8946954499415,2108.9355237262916,44.84406161258351,57.34078336063329,2260.0,376438.9,True,False,False,False,0,-0.08212393701603982
2026-01-29,2070.0,2080.300048828125,2050.0,2063.300048828125,549292,2116.3142529145302,2107.145897259697,43.624982502700576,55.409302322596986,2260.0,361668.2,True,False,False,True,1,-0.08703537662472349
2026-01-30,2060.0,2075.10009765625,2032.9000244140625,2065.5,258368,2111.4748002560036,2105.51272481814,43.950205651102976,54.465785959710594,2260.0,380627.05,True,False,False,False,0,-0.0860619469026549
2026-02-02,2000.0,2071.0,1980.800048828125,2063.39990234375,489646,2106.896238550075,2103.8612415838506,43.691086959924,57.018226332008055,2260.0,386657.3,True,False,False,True,1,-0.08699119365320795
2026-02-03,2085.0,2169.699951171875,2079.300048828125,2110.60009765625,410082,2107.248987036377,2104.1255104494353,50.7229658120237,60.53835651030212,2260.0,400677.7,True,False,True,True,2,-0.06610615147953536
2026-02-04,2116.800048828125,2150.10009765625,2099.5,2141.199951171875,177566,2110.482412192139,2105.5794100856097,54.6747622202197,59.828480877869836,2260.0,408076.7,True,False,True,False,1,-0.05256639328678092
2026-02-05,2156.10009765625,2158.39990234375,2124.39990234375,2153.60009765625,72806,2114.588858426816,2107.462574304066,56.20741144266516,57.98358938659342,2260.0,408543.95,True,False,True,False,1,-0.04707960280696899
2026-02-06,2157.0,2157.0,2100.0,2118.300048828125,43683,2114.9423051317026,2107.8875733050095,50.92792329551977,57.91333300183675,2260.0,405183.75,True,False,True,False,1,-0.06269909343888269
2026-02-09,2118.300048828125,2210.0,2111.89990234375,2195.699951171875,175023,2122.633509516481,2111.331195966455,59.836017371295625,60.783816191437694,2260.0,394225.1,True,False,True,False,1,-0.02845134903899338
2026-02-10,2214.0,2219.89990234375,2180.60009765625,2191.39990234375,207218,2129.1826897857445,2114.471145236153,59.19312351920644,59.24924394115643,2260.0,394932.0,True,False,True,False,1,-0.030354025511615035
2026-02-11,2191.39990234375,2191.39990234375,2160.89990234375,2175.199951171875,158653,2133.565286108233,2116.852667037554,56.720589199855226,57.19572651678811,2260.0,390282.65,True,False,True,False,1,-0.03752214549917032
2026-02-12,2170.89990234375,2185.0,2153.0,2171.199951171875,90252,2137.149539923818,2118.9839330820373,56.09750663546691,55.396031765588965,2260.0,380255.7,True,False,True,False,1,-0.03929205700359517
2026-02-13,2160.0,2163.300048828125,2120.39990234375,2140.300048828125,77376,2137.449588390895,2119.819859189727,51.40017461523118,55.06774727005583,2260.0,360516.5,True,False,True,False,1,-0.052964580164546415
2026-02-16,2140.300048828125,2146.199951171875,2121.0,2136.300048828125,90196,2137.340108432536,2120.466141136331,50.807086044420004,52.934333263042916,2260.0,364385.3,True,False,True,False,1,-0.054734491668971264
2026-02-17,2125.60009765625,2154.0,2102.199951171875,2112.89990234375,112892,2135.012469757414,2120.169425889563,47.36400942228216,52.85331294626307,2260.0,349309.4,True,False,False,False,0,-0.06508853878595133
2026-02-18,2108.60009765625,2137.0,2088.10009765625,2128.89990234375,195587,2134.430320479922,2120.5117975152175,49.865754058546656,52.570926474654996,2260.0,334354.55,True,False,False,False,0,-0.05800889276825216
2026-02-19,2135.300048828125,2141.10009765625,2062.0,2086.60009765625,262202,2129.875061163382,2119.181926932513,43.922186647408076,54.46586727334036,2260.0,285810.45,True,False,False,False,0,-0.07672562050608411
2026-02-20,2086.60009765625,2086.60009765625,2056.5,2070.0,185768,2124.172674385917,2117.2532239155516,41.81578114597536,52.725455157833906,2260.0,254724.75,True,False,False,False,0,-0.08407079646017701
2026-02-23,2089.0,2108.10009765625,2068.89990234375,2090.800048828125,140186,2120.994329094699,2116.2158445003583,45.35224135841058,51.75936516888148,2219.89990234375,235166.15,True,False,False,False,0,-0.05815570935397696
2026-02-24,2082.0,2088.800048828125,2049.0,2069.39990234375,101910,2116.080574166037,2114.379925200099,42.49073394133842,51.04798543025602,2219.89990234375,228189.45,True,False,False,False,0,-0.06779584964218588
2026-02-25,2076.800048828125,2076.800048828125,2035.0,2063.5,223028,2111.072900435938,2112.3846340157816,41.709389168981765,50.38741853010381,2219.89990234375,203834.9,False,False,False,True,1,-0.07045358314517891
2026-02-26,2056.5,2080.0,2040.0,2061.10009765625,97795,2106.3135858854916,2110.3734757271727,41.37609218862905,49.64546006366782,2219.89990234375,201086.7,False,False,False,False,0,-0.07153466898207461
2026-02-27,2069.0,2070.39990234375,1982.800048828125,1993.0,775987,2095.521815801159,2105.770594326107,33.255316974878,52.35648816737905,2219.89990234375,178511.85,False,False,False,True,1,-0.1022117718479969
2026-03-02,1911.699951171875,1975.0,1911.699951171875,1959.5,388419,2082.5673571534294,2100.0344925878285,30.12324634207056,54.42388535743233,2219.89990234375,204392.8,False,False,False,True,1,-0.11730254236635718
2026-03-04,1915.0,1939.800048828125,1882.4000244140625,1895.699951171875,204137,2064.770461345662,2092.0213733166147,25.246477833011298,56.043606088039844,2219.89990234375,199331.45,False,False,False,True,1,-0.1460425989611458
2026-03-05,1905.5,1936.300048828125,1867.0,1928.699951171875,103976,2051.8113651386348,2085.61661166388,31.430081068114177,56.990494855188786,2219.89990234375,189034.2,False,False,False,False,0,-0.13117706382365657
2026-03-06,1929.0,1930.5,1890.699951171875,1899.800048828125,183615,2037.3340969185863,2078.3296876311056,29.15551871487075,55.76260585325566,2219.89990234375,185354.7,False,False,False,False,0,-0.14419562484671788
2026-03-09,1884.300048828125,1884.300048828125,1822.0,1840.199951171875,86055,2018.5594163712803,2068.991266593489,25.11833531558993,57.33670892288918,2219.89990234375,190895.15,False,False,False,False,0,-0.17104372623783226
2026-03-10,1873.5,1886.300048828125,1833.800048828125,1849.0,426509,2002.4109005263965,2060.364158099627,26.731569400414713,56.991229714111384,2219.89990234375,193013.75,False,False,False,True,1,-0.16707956153885917
2026-03-11,1840.0,1883.9000244140625,1832.4000244140625,1855.9000244140625,393809,1988.4574837537934,2052.3459567786244,28.040629196292542,56.59899902024629,2219.89990234375,205588.05,False,False,False,True,1,-0.16397130228501733
2026-03-12,1850.0,1909.0999755859373,1825.0999755859373,1894.5,358226,1979.5091519677178,2046.155919257894,35.03346580187137,58.55621337594298,2191.39990234375,214917.6,False,False,False,True,1,-0.13548412684796096
2026-03-13,1895.0,1908.800048828125,1829.800048828125,1839.9000244140625,159482,1966.2130445816554,2038.0674527934302,30.516100952698167,60.01648384908991,2185.0,224896.25,False,False,False,False,0,-0.1579404922590103
2026-03-16,1856.0,1868.0,1803.5999755859373,1853.0,237882,1955.4308498595929,2030.8099056250605,32.75644866273247,60.329593889445114,2163.300048828125,228357.75,False,False,False,True,1,-0.14343828494628696
2026-03-17,1871.300048828125,1871.300048828125,1844.5,1854.9000244140625,99261,1945.856485531447,2023.9114789109037,33.093404942218044,57.93462638506511,2154.0,236383.05,False,False,False,False,0,-0.13885792738437208
2026-03-18,1864.9000244140625,1940.0,1853.5,1916.0,166496,1943.0130107189282,2019.6796562085156,42.98717887158719,59.97501021470332,2154.0,236836.3,False,False,False,False,0,-0.11049210770659235
2026-03-19,1910.4000244140625,1910.5,1821.0,1831.9000244140625,274365,1932.4308215470362,2012.3157490793214,35.258629326491885,62.476795199367366,2141.10009765625,239516.5,False,False,False,True,1,-0.14441177859019882
2026-03-20,1850.0,1895.0,1825.300048828125,1841.0,124129,1923.7231242568423,2005.5974844095442,36.58714115227187,62.99273491168934,2141.10009765625,243455.4,False,False,False,False,0,-0.140161638395493
2026-03-23,1821.300048828125,1831.0,1717.300048828125,1746.0999755859375,434989,1906.8066339072323,1995.421111514501,29.73453891674285,67.32896464455975,2108.10009765625,236551.75,False,False,False,True,1,-0.1717186591247627
2026-03-24,1771.0,1811.9000244140625,1735.9000244140625,1792.9000244140625,287065,1895.9583853840734,1987.4791080987975,36.09151044693009,67.94832431280548,2108.10009765625,249012.8,False,False,False,True,1,-0.14951855160607486
2026-03-25,1820.0,1894.9000244140625,1801.0999755859375,1884.0,234444,1894.819491537971,1983.421103859629,46.279826531290496,70.3805868618908,2088.800048828125,256356.75,False,False,False,False,0,-0.09804674647677436
2026-03-27,1860.0,1874.4000244140625,1826.0,1857.4000244140625,224197,1891.2557327642655,1978.4791007441167,44.0705988823406,69.49625922889861,2080.0,262983.45,False,False,False,False,0,-0.10701921903170075
2026-03-30,1838.0999755859373,1838.0999755859373,1768.0999755859375,1779.199951171875,290066,1880.58375356499,1970.6642321334407,38.28454073009354,70.91081562884335,2080.0,263041.9,False,False,False,True,1,-0.1446154080904447
2026-04-01,1850.0,1850.0,1791.699951171875,1806.0,198990,1873.480538939753,1964.2068112654626,41.136811391773065,70.90290371450632,2070.39990234375,272655.45,False,False,False,False,0,-0.12770475020040428
2026-04-02,1801.0,1805.5999755859373,1747.0999755859375,1794.300048828125,117100,1865.9395398815027,1957.5438009738025,40.261978645200045,70.04555519304604,1975.0,243805.6,False,False,False,False,0,-0.09149364616297473
2026-04-06,1771.0999755859375,1890.0,1771.0999755859375,1875.4000244140625,278559,1866.8405384084133,1954.3224764028323,48.44618501390428,73.53516013740436,1940.0,230239.65,False,False,False,True,1,-0.03329895648759662
2026-04-07,1879.9000244140625,1887.800048828125,1821.0,1835.5999755859373,269382,1863.8652467110346,1949.666692057072,45.17523629336212,73.05408075817013,1940.0,233960.75,False,False,False,True,1,-0.053814445574259184
2026-04-08,1888.0,1958.0999755859373,1887.9000244140625,1922.5999755859373,618388,1869.4590304134063,1948.605252195459,52.6940638526113,76.58593213258655,1940.0,242231.05,False,False,True,True,2,-0.008969084749516854
2026-04-09,1920.0,1935.0,1897.0999755859373,1910.5999755859373,93402,1873.3772156679331,1947.1148491911638,51.642045137669626,73.82265300983485,1958.0999755859373,263969.7,False,False,True,False,1,-0.024258209791247376
2026-04-10,1900.0,1975.199951171875,1900.0,1968.699951171875,214635,1882.4555714302132,1947.9613237786427,56.20138091624732,73.92103144998059,1958.0999755859373,264337.05,False,True,True,False,1,0.005413398558858473
2026-04-13,1917.199951171875,1959.0,1894.5999755859373,1947.5999755859373,279630,1888.659800397425,1947.9471532612818,54.20269204117475,73.93381317397754,1975.199951171875,253743.35,False,False,True,True,2,-0.013973256514897558
2026-04-15,1965.0,1994.0,1961.699951171875,1974.5999755859373,309119,1896.8445789868072,1948.9923619798956,56.34225937935264,71.96711397684076,1975.199951171875,248034.4,False,False,True,True,2,-0.00030375435437901555
2026-04-16,1994.300048828125,1994.699951171875,1955.5,1974.699951171875,151683,1904.259376337766,1950.0005027325221,56.35039107739892,69.62660234791464,1994.0,245579.05,False,False,True,False,1,-0.009679061598859118
2026-04-17,1974.699951171875,1990.0,1960.800048828125,1971.699951171875,201706,1910.6822882267288,1950.85146149485,56.013241458503586,66.73898440676895,1994.699951171875,245189.1,False,False,True,False,1,-0.011530556255584967
2026-04-20,1984.9000244140625,2001.699951171875,1941.0999755859373,1981.800048828125,193615,1917.4554082840048,1952.0651315863508,56.9471758862504,66.30048377670958,1994.699951171875,243380.3,False,False,True,False,1,-0.006467089115920088
2026-04-21,1994.0,2001.0,1982.5999755859373,1990.0,204554,1924.3644170188613,1953.5527734849254,57.731829986003504,62.9361600192214,2001.699951171875,248098.0,False,False,True,False,1,-0.005845007472286445
2026-04-22,1985.0,2003.5,1975.0,1992.800048828125,139799,1930.8820962387913,1955.0918823219138,58.01323255945412,60.476434303562726,2001.699951171875,250000.9,False,False,True,False,1,-0.004446172034195062
2026-04-23,2004.4000244140625,2004.4000244140625,1944.699951171875,1958.800048828125,151621,1933.5409488663468,1955.2373006162752,53.367152927562394,60.42097994203593,2003.5,243272.6,False,False,True,False,1,-0.022310931455889693
2026-04-24,1971.0,1975.199951171875,1919.0999755859373,1962.5,150231,1936.2989537362184,1955.5221123568135,53.80075981873871,60.1123367737432,2004.4000244140625,244647.2,False,False,True,False,1,-0.020904023101032898
2026-04-27,1964.699951171875,1999.800048828125,1960.199951171875,1972.699951171875,281222,1939.7657153967573,1956.195753094659,55.04183921020928,58.6471768367794,2004.4000244140625,230409.3,False,False,True,True,2,-0.015815242893670534
2026-04-28,1982.5,1982.5999755859373,1884.0,1918.800048828125,923966,1937.7689852473638,1954.7292548881283,47.74306984637723,61.50094817600497,2004.4000244140625,230117.15,False,False,False,True,1,-0.04270603399686179
2026-04-29,1920.9000244140625,1980.0,1918.0,1949.699951171875,419247,1938.905267716365,1954.5320272914123,51.69746814545539,61.53659473486176,2004.4000244140625,264593.25,False,False,True,True,2,-0.027289998291722073
2026-04-30,1959.0,1966.0,1897.199951171875,1906.300048828125,275052,1935.8000087746277,1952.6405771555974,46.387917999913,62.055412884380566,2004.4000244140625,274345.75,False,False,False,True,1,-0.04894231410449845
2026-05-04,1928.699951171875,2007.5999755859373,1920.5999755859373,1983.300048828125,409383,1940.3238221130562,1953.8429093780496,55.182627528188256,64.85859244676854,2004.4000244140625,273595.05,False,False,True,True,2,-0.010526828641456265
2026-05-05,1982.9000244140625,1987.5,1948.300048828125,1968.0999755859373,331512,1942.9691700628543,1954.4020100136531,53.32305348018375,63.025832355704715,2007.5999755859373,284114.7,False,False,True,True,2,-0.019675234349647575
2026-05-06,1968.0999755859373,1993.5,1939.199951171875,1974.5999755859373,131806,1945.9816277317193,1955.194087094919,54.03636271914127,62.40256210373474,2007.5999755859373,294835.3,False,False,True,False,1,-0.016437537557933424
2026-05-07,1989.5,1993.9000244140625,1959.5,1974.300048828125,262291,1948.6786202170913,1955.9433404962213,53.995359459098275,60.40238084018672,2007.5999755859373,287497.65,False,False,True,False,1,-0.016586933235089973
2026-05-08,1974.300048828125,1977.5,1813.5999755859373,1823.5999755859373,1694264,1936.7663683474575,1950.7534046173866,38.278388284118925,67.79506966689215,2007.5999755859373,287143.1,False,False,False,True,1,-0.09165172456544679
2026-05-11,1825.0,1834.800048828125,1761.0,1772.199951171875,1489584,1921.0933762354973,1943.7513084038374,34.58108112335918,68.22399674983735,2007.5999755859373,340936.9,False,False,False,True,1,-0.11725444674074503
2026-05-12,1772.199951171875,1803.4000244140625,1760.5999755859375,1781.199951171875,485324,1907.7701928961048,1937.376745375133,35.75128147908154,66.40800046971505,2007.5999755859373,410746.0,False,False,False,True,1,-0.11277148195221776
2026-05-13,1781.199951171875,1793.5999755859375,1745.199951171875,1776.9000244140625,296751,1895.3063673263864,1931.0835406315616,35.4252399688998,65.12171646573987,2007.5999755859373,424280.45,False,False,False,False,0,-0.11491330642427544
2026-05-14,1790.0,1790.0,1740.0999755859375,1764.699951171875,498067,1882.8676610259567,1924.5586939860837,34.46485834057343,64.03445274776291,2007.5999755859373,425136.5,False,False,False,True,1,-0.12099025073118441
2026-05-15,1770.0,1770.5,1720.0999755859375,1727.5,261169,1868.0707409282468,1916.8309020650609,31.64754182875693,63.06056500964145,2007.5999755859373,434583.9,False,False,False,False,0,-0.13951981420212334
2026-05-18,1727.9000244140625,1728.0,1675.0999755859375,1712.5999755859375,306741,1853.2640013718365,1908.8218461247031,30.569641074111942,62.33481210995724,2007.5999755859373,440058.2,False,False,False,False,0,-0.1469416236239499
2026-05-19,1729.5,1729.699951171875,1697.199951171875,1713.800048828125,326085,1839.9817201771973,1901.1739325052295,30.774150130765207,60.203754102103154,2007.5999755859373,445309.95,False,False,False,False,0,-0.1463438585030188
2026-05-20,1713.800048828125,1716.699951171875,1694.0999755859375,1706.800048828125,165926,1827.2977514772856,1893.55142726299,30.215085606163015,57.517769922377035,2007.5999755859373,451933.45,False,False,False,False,0,-0.1498306088940955
2026-05-21,1725.0,1754.0999755859375,1708.5999755859375,1747.800048828125,293692,1819.726541701175,1887.835686932211,37.38960495167539,56.787923982051,2007.5999755859373,450002.05,False,False,False,False,0,-0.12940821374636013
2026-05-22,1786.0,1807.0,1767.199951171875,1795.5999755859375,583886,1817.4287734997238,1884.2186002127494,44.54742880704158,56.960211638467,2007.5999755859373,457696.7,False,False,False,True,1,-0.10559872612975374
2026-05-25,1796.699951171875,1844.4000244140625,1793.0,1822.5999755859373,332543,1817.9212689365058,1881.8021835607176,48.15304141945367,56.5630554081524,2007.5999755859373,479309.95,False,False,False,False,0,-0.09214983176417202
2026-05-26,1822.5999755859373,1822.5999755859373,1781.5999755859375,1785.5999755859375,291712,1814.843050522166,1878.0295479538636,43.93695083221777,55.451408593284356,2007.5999755859373,488425.55,False,False,False,False,0,-0.11057979811700636
2026-05-27,1785.5999755859375,1804.4000244140625,1783.4000244140625,1792.0999755859375,127054,1812.6770433853826,1874.6597608021802,44.85048381770721,52.99059369376405,2007.5999755859373,488950.05,False,False,False,False,0,-0.1073421013252922
2026-05-28,1792.0999755859375,1792.0999755859375,1792.0999755859375,1792.0999755859375,0,1810.7173226425784,1871.4221221662492,44.85048381770721,49.20555128706662,2007.5999755859373,449104.45,False,False,False,False,0,-0.1073421013252922
2026-05-29,1799.9000244140625,1807.0,1739.0,1748.199951171875,247902,1804.763287264416,1866.58988016647,39.77395279420278,50.548011909419,2007.5999755859373,428142.1,False,False,False,False,0,-0.12920901951015107
2026-06-01,1748.300048828125,1773.300048828125,1739.4000244140625,1747.4000244140625,94370,1799.300119373906,1861.9157681761794,39.685806254941376,49.358869945464974,2007.5999755859373,426784.6,False,False,False,False,0,-0.1296074687866705
2026-06-02,1743.0,1762.199951171875,1723.0999755859375,1749.699951171875,97556,1794.5762938308555,1857.515147901501,40.09686559844692,48.6260917769273,1993.9000244140625,411033.95,False,False,False,False,0,-0.12247357954366311
2026-06-03,1759.9000244140625,1759.9000244140625,1698.0,1723.199951171875,170266,1787.7785469109526,1852.247885284653,36.97038643252542,49.574229822436955,1993.9000244140625,399336.15,False,False,False,False,0,-0.1357641155161412
2026-06-04,1741.0,1741.0,1714.0,1725.300048828125,195392,1781.828213760207,1847.269538756946,37.3870519555664,47.961784835120035,1993.9000244140625,401259.15,False,False,False,False,0,-0.13471085425402396
2026-06-05,1725.300048828125,1725.300048828125,1676.9000244140625,1688.5999755859375,260820,1772.949333934086,1841.0472029463185,33.25037511369224,47.99308766218736,1977.5,397914.2,False,False,False,False,0,-0.14609356481115676
2026-06-08,1654.0,1684.0,1651.0,1664.0,166092,1762.5732068927446,1834.1041753797963,30.791095326788792,47.2507225138838,1844.4000244140625,326242.0,False,False,False,False,0,-0.09780959771531816
2026-06-09,1671.800048828125,1684.9000244140625,1643.199951171875,1651.699951171875,334126,1752.0138492050426,1826.9510685481132,29.611772674230338,46.854247565905496,1844.4000244140625,260067.4,False,False,False,True,1,-0.10447845949438506
2026-06-10,1651.699951171875,1670.800048828125,1629.9000244140625,1637.9000244140625,177500,1741.1458658916158,1819.5373021114838,28.30204804193714,46.42894591220243,1844.4000244140625,252507.5,False,False,False,False,0,-0.11196052768737186
2026-06-11,1625.0,1632.9000244140625,1605.0,1610.199951171875,534865,1728.6748263944976,1811.3279942314991,25.83222300234796,45.462594376621006,1844.4000244140625,246544.95,False,False,False,True,1,-0.12697900137828788
2026-06-12,1625.0,1663.5,1613.5,1659.199951171875,591969,1722.0581716113907,1805.362188621318,36.40462574981701,46.022412551728436,1844.4000244140625,248384.85,False,False,False,True,1,-0.10041209650331828
2026-06-15,1684.0999755859375,1729.0,1684.0999755859375,1719.4000244140625,637275,1721.8050147354547,1801.9911233582884,46.49560898990313,47.72081514289962,1844.4000244140625,264924.85,False,False,False,True,1,-0.06777271651777961
2026-06-16,1726.0,1726.0,1695.0,1709.5999755859375,217977,1720.6426300545484,1798.3679410927061,45.237206302098905,46.52647120412107,1844.4000244140625,281451.55,False,False,False,False,0,-0.07308612396649095
2026-06-17,1719.9000244140625,1744.5,1700.0999755859375,1723.4000244140625,182941,1720.9052390411687,1795.428022791583,47.39625017434415,46.37458214768832,1844.4000244140625,276046.15,False,False,False,False,0,-0.06560398958921065
2026-06-18,1735.0,1735.0,1710.199951171875,1725.699951171875,107648,1721.3618782917122,1792.6935886104181,47.76586412324187,44.8335440534338,1844.4000244140625,276896.9,False,False,False,False,0,-0.06435701131585958
2026-06-19,1730.0,1730.0,1706.0999755859375,1717.199951171875,227757,1720.9655042802992,1789.7330538089068,46.46641168571692,43.33829265062156,1844.4000244140625,267594.7,False,False,False,False,0,-0.06896555603906862
2026-06-22,1735.0,1735.0,1695.800048828125,1711.0999755859375,403014,1720.0259301189315,1786.6494036825159,45.509571622131254,43.042696830711094,1844.4000244140625,249788.25,False,False,False,True,1,-0.07227285136827755
2026-06-23,1711.0999755859375,1720.0,1674.0999755859375,1680.5999755859375,289832,1716.2710773062654,1782.4906025806893,40.96710338598075,43.246791658093336,1822.5999755859373,253311.8,False,False,False,True,1,-0.0779106780983847
2026-06-24,1680.0,1736.0,1671.0999755859375,1733.0,372469,1717.864308039002,1780.5497946363487,50.16949611611186,44.79345114066257,1807.0,253217.8,False,False,True,True,2,-0.04095185390149414
2026-06-25,1750.0999755859375,1765.300048828125,1714.4000244140625,1720.4000244140625,378047,1718.105804836627,1778.1909801178276,48.222869672079476,45.229634945905424,1807.0,265488.55,False,False,False,True,1,-0.047924723622544296
2026-06-26,1720.4000244140625,1720.4000244140625,1720.4000244140625,1720.4000244140625,0,1718.3243019392398,1775.9246681294446,48.222869672079476,41.99894673548361,1807.0,284390.9,False,False,False,False,0,-0.047924723622544296
2026-06-29,1712.0,1725.5999755859375,1695.699951171875,1700.5,549776,1716.626749373598,1772.9668380067214,45.0230117527191,41.134737998239245,1773.300048828125,271995.8,False,False,False,True,1,-0.041053429664220986
2026-06-30,1714.0,1720.0999755859375,1693.5999755859375,1700.5999755859375,210017,1715.1003899652494,1770.1289218333573,45.042741782205155,40.08939956979359,1765.300048828125,294766.1,False,False,False,False,0,-0.03665103464146957
2026-07-01,1700.5999755859375,1731.5,1685.0999755859375,1708.9000244140625,285039,1714.5098789603746,1767.727788601228,46.751290051478485,40.54015848724137,1765.300048828125,300389.15,False,False,False,False,0,-0.03194925670086679
2026-07-02,1710.9000244140625,1751.699951171875,1702.5999755859375,1747.9000244140625,383324,1717.6898928131068,1766.950229221339,53.98945125129597,41.1515739942911,1765.300048828125,306127.8,False,False,True,True,2,-0.009856695141210348
2026-07-03,1754.5,1804.0,1740.0,1765.0999755859375,357319,1722.2051387914717,1766.877670255245,56.779768232728955,42.783604423270305,1765.300048828125,315524.4,False,False,True,True,2,-0.00011333667742219333
2026-07-06,1772.4000244140625,1782.5999755859375,1747.699951171875,1772.699951171875,145664,1727.0141685419862,1767.1059949970738,57.9920329366141,42.22049156546975,1804.0,320349.35,False,False,True,False,1,-0.01735035966082321
2026-07-07,1788.699951171875,1794.0,1760.9000244140625,1788.800048828125,233860,1732.898538093047,1767.9567422061348,60.518452809607545,41.5690261383603,1804.0,319327.95,False,False,True,False,1,-0.008425693554254488
2026-07-08,1782.9000244140625,1786.0,1712.800048828125,1718.4000244140625,356879,1731.517727266477,1766.0133415084065,47.16190588586339,44.02838141419171,1804.0,314314.65,False,False,False,True,1,-0.04745009733145089
2026-07-09,1730.0,1754.5,1721.699951171875,1742.300048828125,205888,1732.5446150342532,1765.083408462121,51.107049707036815,43.46206671217355,1804.0,323283.6,False,False,True,False,1,-0.034201746769332075
2026-07-10,1742.300048828125,1795.199951171875,1742.300048828125,1786.5,208112,1737.683223126229,1765.9232747969397,57.436438639812046,44.13619782871473,1804.0,306834.75,False,False,True,False,1,-0.009700665188470015
2026-07-13,1770.199951171875,1777.5,1750.699951171875,1757.0999755859375,75208,1739.532437646201,1765.577263063175,52.562273228890945,43.54075861438689,1804.0,287641.9,False,False,True,False,1,-0.025997796238393822
2026-07-14,1755.0,1773.0999755859375,1731.800048828125,1761.699951171875,212804,1741.643629410551,1765.4252116164575,53.23102224549154,43.38069919606015,1804.0,259538.55,False,False,True,False,1,-0.023447920636432973
2026-07-15,1772.0,1832.9000244140625,1762.9000244140625,1824.699951171875,565574,1749.553755292582,1767.749711206866,61.2815899712824,45.3677973422121,1804.0,259279.9,False,True,True,True,2,0.011474474042059368
2026-07-16,1840.5,1840.5,1817.5999755859373,1830.300048828125,209784,1757.2438784864432,1770.202665623386,61.90925485738308,43.76295641877286,1832.9000244140625,278411.55,False,False,True,False,1,-0.0014185037652387766
2026-07-17,1825.0,1831.699951171875,1798.5999755859375,1823.199951171875,342265,1763.5254092183893,1772.2809905468562,60.56861729614002,43.001314930713185,1840.5,283518.35,False,False,True,True,2,-0.009399646198383627
2026-07-20,1829.5,1859.4000244140625,1811.4000244140625,1847.800048828125,266210,1771.5515653716975,1775.242522244161,63.51649557095277,43.358363864233674,1840.5,289243.75,False,True,True,False,1,0.003966340031581028
2026-07-21,1856.800048828125,1873.800048828125,1847.5,1864.199951171875,244710,1780.3752211621904,1778.7310488687772,65.37493029178361,42.139912790225914,1859.4000244140625,282403.55,True,True,True,False,1,0.002581438471974451
2026-07-22,1873.0,1873.0,1837.0,1864.199951171875,193843,1788.3585287821602,1782.0827705277222,65.37493029178361,41.701347590924065,1873.800048828125,280147.45,True,False,True,False,1,-0.00512333088167749
2026-07-23,1864.9000244140625,1887.699951171875,1844.5,1854.699951171875,288854,1794.6767594859427,1784.9305031020026,63.21171354578726,41.808390703849135,1873.800048828125,271216.15,True,False,True,True,2,-0.0101932421595331
2026-07-24,1854.9000244140625,1872.0999755859373,1780.800048828125,1810.800048828125,1119018,1796.2123108518647,1785.9449950912624,54.27437409166768,45.34350042198936,1887.699951171875,266756.5,True,False,True,True,2,-0.0407373546288492
2026-07-27,1730.5999755859375,1831.9000244140625,1683.0,1826.5,305803,1799.0968526754966,1787.5353874406246,56.63573366663083,52.74039499285173,1887.699951171875,322707.4,True,False,True,False,1,-0.03242038075695364
2026-07-28,1815.0,1829.699951171875,1805.199951171875,1811.199951171875,154391,1800.2495287227707,1788.4634095477327,53.72401045510012,50.72322392193375,1887.699951171875,310508.75,True,False,True,False,1,-0.04052550827927348
2026-07-29,1814.0,1840.300048828125,1813.800048828125,1823.0,126193,1802.416240272983,1789.8177856439002,55.61910668802796,49.17871490295634,1887.699951171875,307727.45,True,False,True,False,1,-0.03427448897888119
2026-07-30,1833.0,1833.0,1780.0,1794.199951171875,179775,1801.633736549068,1789.9896352724481,50.21411006147982,49.45166383845945,1887.699951171875,299785.15,True,False,True,False,1,-0.049531176785778674
2026-07-31,1816.5,1816.5,1788.0999755859375,1799.699951171875,103602,1801.4495665131449,1790.3704319743865,51.18963333903035,47.94797530814539,1887.699951171875,289607.7,True,False,True,False,1,-0.04661757815132117
2026-08-03,1799.699951171875,1846.5999755859373,1795.0,1844.5999755859373,226772,1805.5591292819822,1792.497080743467,58.36238476949042,48.208832470844804,1887.699951171875,276921.85,True,False,True,False,1,-0.02283200545678965
2026-08-04,1844.199951171875,1844.199951171875,1808.199951171875,1827.0,94107,1807.6011169694125,1793.850136400586,54.95344886127862,47.36534618107462,1887.699951171875,280977.25,True,False,True,False,1,-0.03215550815382118
2026-08-05,1839.0,1850.0,1811.4000244140625,1838.0999755859373,97491,1810.5057701709864,1795.5854242117764,56.67232976021622,46.73924828142197,1887.699951171875,273989.6,True,False,True,False,1,-0.026275349297512185
2026-08-06,1835.0,1842.0,1819.800048828125,1822.5,124954,1811.6480777737497,1796.640897772099,53.57806249811524,44.98644134502576,1887.699951171875,261020.2,True,False,True,False,1,-0.03453936158201365
2026-08-07,1828.4000244140625,1832.0999755859373,1794.0,1827.4000244140625,103018,1813.1482631680651,1797.8471380325682,54.419886238597115,44.4945509336623,1887.699951171875,256973.5,True,False,True,False,1,-0.03194359713808259
2026-08-10,1832.800048828125,1859.800048828125,1815.199951171875,1845.0,195422,1816.1817619139638,1799.6962698744283,57.407532735966754,44.50208998527571,1887.699951171875,251718.8,True,False,True,False,1,-0.022620094441050953
2026-08-11,1851.4000244140625,1851.4000244140625,1817.0999755859373,1835.5999755859373,74191,1818.031115597009,1801.1042583337032,55.32183216798973,43.77337275976496,1887.699951171875,257729.5,True,False,True,False,1,-0.027599712313174707
2026-08-12,1835.5999755859373,1844.0,1812.0,1841.4000244140625,89855,1820.2567259605378,1802.6844844545017,56.37501961358135,42.93241756263889,1887.699951171875,250798.85,True,False,True,False,1,-0.02452716425037238
2026-08-13,1832.199951171875,1847.800048828125,1812.199951171875,1834.5999755859373,53276,1821.6227497343855,1803.936072342009,54.74563037369313,42.40868042646825,1887.699951171875,227012.9,True,False,True,False,1,-0.028129457519439738
2026-08-14,1843.699951171875,1849.0,1822.300048828125,1842.0,83214,1823.5634402358726,1805.4287753874205,56.22827677303601,41.28662833685445,1887.699951171875,219187.5,True,False,True,False,1,-0.024209330059845935
2026-08-17,1856.4000244140625,1856.5999755859373,1832.0999755859373,1844.0,139548,1825.5097792610277,1806.9413724310511,56.641733916879915,40.08758345565056,1887.699951171875,206234.95,True,False,True,False,1,-0.023149839647315873
2026-08-18,1850.0,1858.4000244140625,1831.5999755859373,1837.0999755859373,246659,1826.6136074824476,1808.1240627508507,54.72130337649728,39.13847383939875,1887.699951171875,199901.85,True,False,True,True,2,-0.026805094503777216
2026-08-19,1837.0999755859373,1875.0,1825.0,1875.0,276847,1831.2218353412622,1810.7466485253271,62.285226612271885,39.91429713658455,1887.699951171875,199999.3,True,False,True,True,2,-0.006727738253100468
2026-08-20,1875.0,1925.0,1864.0,1897.0,582875,1837.4864224516184,1814.129132896883,65.85133694372806,41.420418769685654,1887.699951171875,204149.5,True,True,True,True,2,0.00492665628472988
2026-08-21,1897.0,1912.5,1871.9000244140625,1880.0,339192,1841.5353345990834,1816.7123041558289,61.047768422945644,41.36181568513222,1925.0,218850.55,True,False,True,True,2,-0.023376623376623384
2026-08-24,1881.9000244140625,1905.0999755859373,1845.9000244140625,1853.0,361388,1842.6272074944086,1818.1353510516788,54.27593546104247,42.63596821989955,1925.0,179859.25,True,False,True,True,2,-0.03740259740259744
2026-08-25,1854.800048828125,1854.800048828125,1780.0999755859375,1824.0,513247,1840.8531877330365,1818.3653372849462,48.10380885290549,44.92626143577726,1925.0,182638.5,True,False,False,True,1,-0.05246753246753244
2026-08-26,1815.0,1913.0,1808.0,1898.0,332647,1846.2957412822711,1821.4882652345564,60.45995579637104,49.21724276179317,1925.0,200581.3,True,False,True,True,2,-0.014025974025974053
2026-08-27,1874.9000244140625,1905.0,1859.199951171875,1876.199951171875,211084,1849.1437612717573,1823.6338215458238,56.21375428218421,48.97315748081687,1925.0,210904.0,True,False,True,True,2,-0.025350674715909127
2026-08-28,1876.199951171875,1876.199951171875,1832.300048828125,1845.300048828125,72320,1848.7776934199828,1824.483477517679,50.77084052746307,48.61078211388352,1925.0,212469.45,True,False,True,False,1,-0.04140257203733766
2026-08-31,1847.800048828125,1897.800048828125,1795.0,1856.199951171875,2142193,1849.4845751106393,1825.7272607982356,52.51736182526349,52.481444022043625,1925.0,210905.35,True,False,True,True,2,-0.03574028510551952
2026-09-01,1886.0,1886.0,1795.0,1806.5999755859373,85376,1845.4003275368582,1824.9771711820672,44.73910473413704,55.23276944904051,1925.0,306676.4,True,False,False,False,0,-0.061506506189123455
2026-09-02,1801.9000244140625,1802.0,1760.199951171875,1773.0999755859375,58918,1838.5145797320085,1822.9427713547682,40.3881788029622,54.60185908939921,1925.0,306239.85,True,False,False,False,0,-0.07890910359172076
2026-09-03,1790.0,1792.0,1763.0,1771.199951171875,53528,1832.1036627262815,1820.9136411515174,40.14968581774862,52.77315486872784,1925.0,304311.2,True,False,False,False,0,-0.07989612926136369
2026-09-04,1770.0999755859375,1778.9000244140625,1740.0,1749.300048828125,73496,1824.2176042597905,1818.1052649819726,37.40778928266124,51.78221697910889,1925.0,300739.9,True,False,False,False,0,-0.0912727019074675
2026-09-08,1713.9000244140625,1739.199951171875,1671.800048828125,1700.5,143709,1812.4349752826677,1813.493293806209,32.140529894380975,53.61920148060111,1925.0,299263.8,False,False,False,False,0,-0.11662337662337663
2026-09-09,1710.699951171875,1740.0,1690.0,1733.5999755859375,41241,1804.9268800734553,1810.3602225034535,38.469132175146264,53.360687089129605,1925.0,296678.15,False,False,False,False,0,-0.09942858411120126
2026-09-10,1730.0,1762.199951171875,1712.0,1745.300048828125,79405,1799.2481342405667,1807.8088431436368,40.578660529417064,53.134920237897134,1925.0,295030.65,False,False,False,False,0,-0.09335062398538962
2026-09-11,1745.0,1755.0,1708.0,1746.5999755859375,41100,1794.2340238925067,1805.408495396276,40.82141759031246,52.69671164947591,1925.0,294508.15,False,False,False,False,0,-0.09267533735795452
2026-09-14,1746.5999755859375,1746.5999755859375,1746.5999755859375,1746.5999755859375,0,1789.6974478633097,1803.1022789331257,40.82141759031246,48.93266081737049,1925.0,293899.35,False,False,False,False,0,-0.09267533735795452
2026-09-15,1746.5999755859375,1754.0,1682.0,1687.4000244140625,56698,1779.9548361062386,1798.5649356186527,33.576455557895756,50.58032790184403,1925.0,289738.65,False,False,False,False,0,-0.12342855874594161
2026-09-16,1687.800048828125,1704.5,1681.0,1693.5999755859375,58268,1771.7305636757337,1794.4486626761932,34.87996523430023,48.64601876599803,1925.0,285596.15,False,False,False,False,0,-0.12020780489042204
2026-09-17,1680.0999755859375,1700.0,1676.4000244140625,1693.300048828125,43923,1764.2609908331042,1790.482050368426,34.84434177380032,46.85701568170799,1925.0,276176.6,False,False,False,False,0,-0.12036361099837667
