Date,Open,High,Low,Close,Volume,EMA20,EMA50,RSI14,ATR14,Prev20High,AvgVolume20,TrendPass,BreakoutPass,RSIPass,VolumePass,ConfirmationScore,BreakoutStrength
2020-01-01,988.1500244140624,1009.0,988.1500244140624,993.9000244140624,107585,993.9000244140624,993.9000244140624,,20.849975585937614,,,False,False,False,False,0,
2020-01-02,994.0,994.4000244140624,975.0,977.0499877929688,106092,992.2952590215773,993.2392386642156,0.0,20.746407645089384,,,False,False,False,False,0,
2020-01-03,978.0,993.7999877929688,971.0,982.25,208019,991.338567686189,992.808288128364,2.318840974165255,20.89309194136648,,,False,False,False,False,0,
2020-01-06,972.0,974.0,955.0,960.5999755859376,176751,988.4110827242603,991.5452170482689,2.1004557671602697,21.347156802697448,,,False,False,False,False,0,
2020-01-07,970.0,974.75,955.0,959.75,101111,985.6814557981403,990.298345791474,2.092125236374983,21.233074173933343,,,False,False,False,False,0,
2020-01-08,952.5,973.7999877929688,950.0,968.0499877929688,127836,984.0022683690763,989.4258611640817,6.012130273461821,21.41642514672159,,,False,False,False,False,0,
2020-01-09,978.0,981.9500122070312,968.0,971.75,150582,982.8353856672595,988.7326901380393,7.78461608213199,20.883109936743708,,,False,False,False,False,0,
2020-01-10,973.0499877929688,1039.0,973.0,1029.25,519892,987.2558251275206,990.321604250273,29.907118286036123,24.19503065554773,,,False,False,False,False,0,
2020-01-13,1033.0,1087.25,1023.0,1070.050048828125,514090,995.140989289483,993.4482099199928,40.7658805850763,27.056099894437178,,,True,False,False,False,0,
2020-01-14,1078.25,1094.0999755859375,1025.0,1048.300048828125,363992,1000.2037568645917,995.5992624261941,37.436348851809825,30.059233872401485,,,True,False,False,False,0,
2020-01-15,1047.4000244140625,1109.699951171875,1041.8499755859375,1083.25,533931,1008.1129228774877,999.0365462526179,45.18393137595302,32.75857256622549,,,True,False,False,False,0,
2020-01-16,1090.949951171875,1120.0,1086.050048828125,1112.5999755859375,328565,1018.0640707544829,1003.4900140696109,50.704653670157235,33.043674525780816,,,True,False,True,False,1,
2020-01-17,1115.0,1124.449951171875,1092.0999755859375,1108.550048828125,211634,1026.6817829519728,1007.6100154326899,49.956986421064194,32.99412460150629,,,True,False,False,False,0,
2020-01-20,1114.5999755859375,1140.0,1112.0,1129.1500244140625,280318,1036.4406630912194,1012.3762902947046,53.69700563752072,32.88382649938977,,,True,False,True,False,1,
2020-01-21,1133.5999755859375,1147.0,1067.0999755859375,1082.75,528861,1040.851076130151,1015.136043616481,45.45636028511032,36.24212635043782,,,True,False,False,False,0,
2020-01-22,1129.5,1130.0,986.0,994.2999877929688,2027984,1036.4176391456574,1014.318943388108,34.566335501807885,43.93911732540655,,,True,False,False,False,0,
2020-01-23,1003.0,1020.2999877929688,993.2999877929688,1003.8499755859376,962524,1033.3159569018746,1013.9083956311601,36.33967808379935,42.7291803735918,,,True,False,False,False,0,
2020-01-24,1011.0,1024.0,1004.0,1019.8499755859376,278553,1032.033482490833,1014.1413987666417,39.30743770779276,41.1163835193397,,,True,False,False,False,0,
2020-01-27,1017.9000244140624,1017.9000244140624,992.2000122070312,997.9000244140624,206113,1028.7826769597118,1013.5044821253641,36.774606846501946,40.1544963664516,,,True,False,False,False,0,
2020-01-28,1001.9000244140624,1011.0,990.0,994.5,284758,1025.5176601064059,1012.7592083165264,36.383523457891876,38.7863180545622,,,True,False,False,False,0,
2020-01-29,1004.0,1010.0,981.0,989.2999877929688,323100,1022.0683579813166,1011.83923888423,35.75720968322463,38.087295336379185,1147.0,400959.55,True,False,False,False,0,-0.13748911264780406
2020-01-30,993.9500122070312,993.9500122070312,970.0999755859376,975.6500244140624,147813,1017.6475643082448,1010.420054003047,34.097902914038116,37.070348285287366,1147.0,411735.3,True,False,False,False,0,-0.1493896910077922
2020-01-31,975.0,999.7000122070312,961.0,984.5499877929688,205571,1014.4954141639328,1009.4055416026519,36.17749579044228,37.18675285112622,1147.0,413821.35,True,False,False,False,0,-0.14163035066000984
2020-02-03,959.0,993.0,950.0,986.7999877929688,176090,1011.8577545095552,1008.5190492963898,36.72114241799222,37.60198479033149,1147.0,413698.95,True,False,False,False,0,-0.13966871160159655
2020-02-04,993.0,1025.0,990.0,999.7999877929688,439600,1010.7093957746422,1008.1771253158635,39.90620525282584,37.64470103438148,1147.0,413665.9,True,False,False,True,1,-0.12833479704187556
2020-02-05,1007.7999877929688,1020.0,1003.0999755859376,1010.4000244140624,260430,1010.6799318355393,1008.2642978295183,42.44983920175862,36.39865183242789,1147.0,430590.35,True,False,False,False,0,-0.11909326555007638
2020-02-06,1013.9500122070312,1063.0,1011.9500122070312,1057.0,575947,1015.0913668988212,1010.1755018362039,52.057334238284945,37.55588924339287,1147.0,437220.05,True,False,True,True,2,-0.07846556233653013
2020-02-07,1062.0,1076.0999755859375,1051.550048828125,1058.25,274183,1019.2017129084572,1012.0607762739999,52.287428326185946,36.62689192299427,1147.0,458488.3,True,False,True,False,1,-0.07737576285963388
2020-02-10,1064.949951171875,1064.949951171875,1033.050048828125,1038.5,172105,1021.0396450124138,1013.0976085769803,48.339853408801,36.28924981019111,1147.0,446202.85,True,False,False,False,0,-0.09459459459459463
2020-02-11,1041.0,1056.699951171875,1036.0,1042.550048828125,133928,1023.0882548996244,1014.252606233888,49.18705220763141,35.17572847888282,1147.0,429103.6,True,False,False,False,0,-0.09106360171915873
2020-02-12,1053.0999755859375,1074.949951171875,1044.0,1065.6500244140625,328707,1027.1417567581425,1016.2681912605615,53.83711273836058,34.977455183516184,1147.0,417600.4,True,False,True,False,1,-0.07092412867126197
2020-02-13,1070.0,1091.699951171875,1069.0,1081.800048828125,355215,1032.347308383855,1018.8380680279168,56.81278925501076,34.33977458168021,1147.0,407339.2,True,False,True,False,1,-0.056843898144616434
2020-02-14,1087.0,1088.6500244140625,1065.0,1078.1500244140625,239879,1036.7094718153035,1021.1640271018834,55.93521209364139,33.57622099827895,1147.0,408671.7,True,False,True,False,1,-0.060026133902299494
2020-02-17,1083.800048828125,1083.800048828125,1042.6500244140625,1051.949951171875,144033,1038.160946039739,1022.3713182418832,49.968600027971675,34.117206956549204,1147.0,410083.95,True,False,False,False,0,-0.08286839479348296
2020-02-18,1050.0,1077.949951171875,1030.5999755859375,1068.8499755859375,153599,1041.0837107584246,1024.194010686748,53.42011998105379,35.062404715791224,1147.0,403269.7,True,False,True,False,1,-0.0681342845806997
2020-02-19,1072.949951171875,1088.0,1070.300048828125,1077.75,147996,1044.5757383052412,1026.2942455617776,55.17394710168768,33.925806122810606,1130.0,384506.6,True,False,True,False,1,-0.04623893805309731
2020-02-20,1077.5,1157.699951171875,1071.050048828125,1138.0999755859375,876803,1053.4828085224503,1030.6787839940976,64.84102478101975,37.69181299573485,1091.699951171875,290507.2,True,True,True,True,2,0.04250254327139502
2020-02-24,1132.0,1182.0,1068.0,1088.550048828125,556919,1056.8225456944194,1032.948245360138,54.4569335849967,43.142397781753786,1157.699951171875,286221.15,True,False,True,True,2,-0.05973041829513204
2020-02-25,1095.949951171875,1130.25,1071.0,1111.5999755859375,293474,1062.039443779326,1036.0326269376203,57.839422563449666,44.2929407973428,1182.0,300139.45,True,False,True,False,1,-0.05956008833677029
2020-02-26,1118.0,1157.699951171875,1113.050048828125,1139.0,445457,1069.3690205622472,1040.070563136145,61.499933316682196,44.422014710813855,1182.0,304507.5,True,False,True,True,2,-0.03637901861252113
2020-02-27,1136.0,1172.0,1110.0,1163.449951171875,388225,1078.3291091917356,1044.908970510095,64.4648029019115,45.677585088612865,1182.0,312542.45,True,False,True,True,2,-0.015693780734454266
2020-02-28,1120.0,1135.4000244140625,1047.0,1062.699951171875,600707,1076.840617951749,1045.6066560262434,48.0456730687292,50.732754094560164,1182.0,315798.7,True,False,False,True,1,-0.10093066736728007
2020-03-02,1090.0,1120.0,1036.0,1057.5,322474,1074.9986543372968,1046.073061672273,47.37499280107067,53.10898594494873,1182.0,338443.4,True,False,False,False,0,-0.10532994923857864
2020-03-03,1077.0,1086.0,1020.0,1050.9000244140625,281317,1072.7035467255603,1046.262354328814,46.48798043657051,54.02977266316668,1182.0,344288.55,True,False,False,False,0,-0.1109136849288811
2020-03-04,1051.25,1067.0,1000.0,1046.550048828125,296187,1070.2127374019951,1046.2736364660418,45.87827956747252,54.956217472940494,1182.0,349549.9,True,False,False,False,0,-0.11459386731969123
2020-03-05,1059.0,1063.0,1036.4000244140625,1052.050048828125,136221,1068.4829575378171,1046.5001624410256,46.82783652247619,52.93077162386886,1182.0,342379.25,True,False,False,False,0,-0.1099407370320431
2020-03-06,995.0,1063.9000244140625,986.4500122070312,1030.75,230695,1064.8893425342155,1045.8825090119658,43.6349293289451,54.6821459512376,1182.0,336168.8,True,False,False,False,0,-0.1279610829103215
2020-03-09,990.2000122070312,1016.0,982.0,1010.5499877929688,287344,1059.714165892192,1044.496919944554,40.7941603510446,54.25842124043491,1182.0,318906.2,True,False,False,False,0,-0.14505077174875736
2020-03-11,1002.0,1035.0,988.0,1005.0499877929688,177758,1054.508053692266,1042.9499814288058,40.03000264071068,53.73996258040385,1182.0,319564.25,True,False,False,False,0,-0.1497039020364055
2020-03-12,966.0,990.0,850.0999755859375,875.25,435592,1037.4358581025263,1036.3735115688526,27.119093702668266,60.96925183944866,1182.0,319846.9,True,False,False,True,1,-0.25951776649746194
2020-03-13,806.0,1032.800048828125,710.0,929.2999877929688,410486,1027.1372037873302,1032.1745498521514,36.32831991237886,79.67145162435412,1182.0,334930.1,False,False,False,True,1,-0.21379019645264907
2020-03-16,876.0999755859375,900.0,809.2000122070312,821.5999755859375,235769,1007.5622296729118,1023.916723410339,28.579032983260035,82.55920333589579,1182.0,339019.05,False,False,False,False,0,-0.30490695804912227
2020-03-17,812.5999755859375,874.9500122070312,795.0,833.9500122070312,261674,991.0277327713994,1016.4670484611897,30.412136980315907,82.37283254097689,1182.0,333046.75,False,False,False,False,0,-0.2944585345118179
2020-03-18,841.5499877929688,861.75,777.2000122070312,782.9000244140625,259182,971.2060462611769,1007.3075573220867,27.293707084885995,82.52834363040489,1182.0,334136.5,False,False,False,False,0,-0.3376480334906409
2020-03-19,722.0,776.8499755859375,692.2000122070312,756.4000244140625,422670,950.748329894785,997.4680462276544,25.813988674623104,83.11203424302107,1182.0,339893.95,False,False,False,True,1,-0.36006766124021783
2020-03-20,792.0,797.0,758.0,771.9500122070312,291910,933.7199186864275,988.6242017562574,28.271399516212924,80.07545862465795,1182.0,353347.5,False,False,False,False,0,-0.34691200320894144
2020-03-23,693.0,750.0,617.5999755859375,617.5999755859375,315640,903.6132574387618,974.0742321025194,20.878479800057363,85.38078562440336,1182.0,360543.2,False,False,False,False,0,-0.4774957905364319
2020-03-24,655.0,664.9500122070312,575.0,579.6500244140625,377691,872.7596161983142,958.6066161147368,19.526464907742948,85.70715895173393,1182.0,332485.05,False,False,False,True,1,-0.5096023482114531
2020-03-25,575.0,637.5999755859375,570.0,637.5999755859375,261703,850.3634599495164,946.0181204077251,27.271344930206496,84.4137887113199,1172.0,323523.65,False,False,False,False,0,-0.45597271707684517
2020-03-26,645.0,701.3499755859375,645.0,701.3499755859375,95426,836.1716995339375,936.4232911990276,34.715008939288126,82.93780380336848,1172.0,321935.1,False,False,False,False,0,-0.4015785191246267
2020-03-27,771.4500122070312,771.4500122070312,717.0499877929688,741.1500244140625,359141,827.1220161891874,928.7655160309898,38.91821810406654,82.020820433206,1172.0,304433.55,False,False,False,True,1,-0.3676194330938033
2020-03-30,720.0,750.0,704.0999755859375,739.75,192651,818.8008717902172,921.353142853304,38.823529142849985,79.44076357469575,1135.4000244140625,302979.35,False,False,False,False,0,-0.3484675144500219
2020-03-31,760.0,770.0,725.0,742.0499877929688,112314,811.4912637904793,914.3216465764282,39.08573357491934,76.98070903364605,1120.0,282576.55,False,False,False,False,0,-0.33745536804199217
2020-04-01,745.0,768.9500122070312,720.0499877929688,734.75,114396,804.1825720009098,907.2796212204898,38.52139607099869,74.97494584653295,1086.0,272068.55,False,False,False,False,0,-0.32343462246777166
2020-04-03,741.0,758.0,725.0,736.4500122070312,103016,797.7318520205404,900.5804208670208,38.74321033351386,71.97673542892346,1067.0,263722.5,False,False,False,False,0,-0.30979380299247306
2020-04-07,752.0,773.25,745.25,769.0,183401,794.9954851614414,895.4204043624318,42.9848994857385,69.46411059778384,1063.9000244140625,254063.95,False,False,False,False,0,-0.277187722198312
2020-04-08,752.0,793.0,752.0,760.75,172593,791.7340103841613,890.1392120344933,42.18753559505155,67.43095984079929,1063.9000244140625,256422.95,False,False,False,False,0,-0.2849422102241428
2020-04-09,774.0,783.5499877929688,755.5499877929688,759.7000122070312,125545,788.6831534149109,885.0239492961615,42.08054711654343,64.61446270931363,1035.0,253517.85,False,False,False,False,0,-0.26599032637001807
2020-04-13,763.0,766.0,730.0,737.2000122070312,115347,783.7799971093984,879.2269321554114,39.753975770957226,62.57057251579123,1035.0,245427.9,False,False,False,False,0,-0.2877294568048008
2020-04-15,750.0,760.0,735.0,737.5,179031,779.3723783370747,873.669013247356,39.80176439296518,59.886960193234714,1032.800048828125,242307.35,False,False,False,False,0,-0.2859217998325907
2020-04-16,731.0999755859375,738.0499877929688,720.1500244140625,729.0499877929688,91525,774.5797697138265,867.9976789158114,38.866551340454976,56.88788899221126,1032.800048828125,229479.3,False,False,False,False,0,-0.29410345340301713
2020-04-17,752.0,754.5,728.0499877929688,729.9500122070312,190213,770.3293166179412,862.5840449272318,39.0308749004888,54.713754936126975,900.0,213531.25,False,False,False,False,0,-0.18894443088107638
2020-04-20,735.0,766.4000244140625,731.0999755859375,760.4000244140625,251413,769.3836697413814,858.5768284365193,44.469286313314385,53.409201884048706,874.9500122070312,211253.45,False,False,False,True,1,-0.13092175117984206
2020-04-21,749.0,787.0,722.4000244140625,750.2999877929688,499815,767.566176222485,854.3306778230468,43.096128311569785,54.208542862755046,861.75,210740.4,False,False,False,True,1,-0.12932986621065423
2020-04-22,750.0,766.0,729.0,732.4000244140625,159270,764.217018907397,849.549083571714,40.69760949372738,52.97936122970112,797.0,222772.05,False,False,False,False,0,-0.0810539216887547
2020-04-23,744.8499755859375,752.4000244140625,735.1500244140625,743.2999877929688,108983,762.2249207060229,845.3824523647045,42.78578221947018,50.62369257043676,797.0,209602.05,False,False,False,False,0,-0.06737768156465651
2020-04-24,744.0,744.0,711.0,719.7000122070312,128005,758.1749294204046,840.4537292212664,39.53942873260148,49.36485738683413,793.0,200455.7,False,False,False,False,0,-0.09243378031900218
2020-04-27,720.0,731.7999877929688,706.5999755859375,708.1500244140625,170494,753.410652753134,835.2653486405918,38.01904844933233,47.638797016848216,793.0,191073.95,False,False,False,False,0,-0.10699870817898804
2020-04-28,714.9000244140625,714.9000244140625,700.0499877929688,704.2999877929688,124043,748.7334465664516,830.1294521367635,37.5013971537001,45.29674270286575,793.0,180714.1,False,False,False,False,0,-0.11185373544392341
2020-04-29,700.0,719.0,685.1500244140625,690.0,299590,743.1397849886943,824.6341795039492,35.56449281686032,44.479116480228015,793.0,173831.1,False,False,False,True,1,-0.12988650693568726
2020-04-30,720.0,724.5,711.0,723.5999755859375,418977,741.2788507598603,820.6720538601057,43.01232133476699,43.766322445926015,793.0,184039.3,False,False,False,True,1,-0.08751579371256302
2020-05-04,705.0,712.9000244140625,690.0,691.9000244140625,177805,736.5761053935939,815.6221703524178,38.49190777675959,43.0401548130697,793.0,187031.1,False,False,False,False,0,-0.12749051145767654
2020-05-05,699.0,707.5999755859375,673.0,676.2999877929688,142777,730.835522764963,810.1585553500865,36.46110910625848,42.437284868274546,793.0,186288.8,False,False,False,False,0,-0.14716268878566363
2020-05-06,676.2999877929688,686.9500122070312,653.0,677.0,158661,725.7083301206808,804.9366512187106,36.62269219279587,41.83105110675717,793.0,187811.95,False,False,False,False,0,-0.1462799495586381
2020-05-07,679.7999877929688,702.9000244140625,672.0,675.1500244140625,366742,720.8932533867172,799.8469795793126,36.35953234550385,41.050263485850415,793.0,190025.2,False,False,False,True,1,-0.1486128317603247
2020-05-08,689.0,693.0,671.4000244140625,674.0999755859375,78417,716.4367507390239,794.9157245207489,36.20052674196291,39.66095720728521,793.0,203211.5,False,False,False,False,0,-0.14993697908456805
2020-05-11,687.9500122070312,697.7999877929688,671.2000122070312,674.1500244140625,150204,712.4094434699799,790.1798147126435,36.21484475849877,38.72802994861752,793.0,197962.3,False,False,False,False,0,-0.14987386580824402
2020-05-12,675.7999877929688,675.7999877929688,662.0,668.3499755859375,120429,708.2133036714997,785.4021739625766,35.22816060316754,36.94745550892832,787.0,196842.85,False,False,False,False,0,-0.15076241983997773
2020-05-13,699.0,701.75,681.2000122070312,701.75,164232,707.5977509408807,782.1216965522796,44.59033761594319,36.69406757358077,787.0,196587.05,False,False,False,False,0,-0.10832274459974589
2020-05-14,699.9500122070312,731.0,688.2999877929688,709.6500244140625,263194,707.7932055573742,779.2796701939182,46.557952237468534,37.12306361882723,787.0,199031.3,False,False,False,True,1,-0.09828459413715063
2020-05-15,709.6500244140625,719.3499755859375,686.9000244140625,691.7999877929688,202399,706.2700419607642,775.8490944134888,42.85497419731028,36.78926987261636,787.0,203239.45,False,False,False,False,0,-0.12096570801401685
2020-05-18,696.9000244140625,696.9000244140625,660.25,662.7999877929688,131873,702.1300368019265,771.415796114645,37.61994622750583,36.77932376843394,787.0,208783.15,False,False,False,False,0,-0.1578145008983879
2020-05-19,682.5,682.5,655.5,658.0999755859375,76307,697.9366976384989,766.9720384468526,36.834603123363635,36.08080064211723,787.0,205866.15,False,False,False,False,0,-0.16378656215255716
2020-05-20,664.9000244140625,676.2000122070312,649.7000122070312,653.7000122070312,177879,693.7236799783591,762.5299982021537,36.075350017704274,35.39645773910886,787.0,197110.85,False,False,False,False,0,-0.169377366954217
2020-05-21,662.0,662.9500122070312,635.0,638.5999755859375,185650,688.4738033695571,757.6699973152433,33.52165157340677,34.86456877253189,766.0,181014.05,False,False,False,True,1,-0.1663185697311521
2020-05-22,643.4500122070312,653.9500122070312,623.9500122070312,627.2999877929688,197875,682.6477256955963,752.557447922213,31.71250298887584,34.517099574493905,752.4000244140625,182333.05,False,False,False,True,1,-0.16626798586100044
2020-05-26,629.9000244140625,638.0,629.9000244140625,633.6500244140625,96382,677.9812779544978,747.894411706207,33.872310834943434,32.81587904824658,744.0,186777.65,False,False,False,False,0,-0.14831985965851813
2020-05-27,636.75,654.0,633.5999755859375,642.2000122070312,184474,674.573538359501,743.7495332944748,36.77203745514813,31.929032288662004,731.7999877929688,185196.5,False,False,False,False,0,-0.12243779322292903
2020-05-28,643.0999755859375,657.0,634.0,649.7999877929688,248102,672.2141525912598,740.065237392455,39.31919849520436,31.29124426804329,731.0,185895.5,False,False,False,True,1,-0.1110807280533943
2020-05-29,651.0999755859375,682.25,651.0,679.4000244140625,552940,672.8985213362886,737.686209432518,48.09040940893758,31.37401340654243,731.0,192098.45,False,False,False,True,1,-0.07058820189594728
2020-06-01,694.0,713.3499755859375,693.9500122070312,713.3499755859375,222131,676.7510407886361,736.7318473208874,55.95439047275867,31.558008961209044,731.0,204765.95,False,False,True,True,2,-0.02414504023811559
2020-06-02,744.0,749.0,735.4000244140625,749.0,601623,683.6318940468614,737.2129513475193,62.396504831094155,31.850295779270006,731.0,194923.65,False,True,True,True,2,0.024623803009576006
2020-06-03,780.0,786.4500122070312,750.0,754.4500122070312,583383,690.3764767287823,737.8889145184805,63.28068884341329,32.250275524110094,749.0,216114.55,False,True,True,True,2,0.007276384789093759
2020-06-04,746.0,779.4000244140625,735.25,767.25,483719,697.6977646593745,739.0403296354029,65.34187076578166,33.10025758767812,786.4500122070312,238144.85,False,False,True,True,2,-0.02441351886199339
2020-06-05,774.7000122070312,781.9000244140625,755.0,773.2000122070312,515976,704.8884549020084,740.3799250303688,66.28916372710935,32.65738378956272,786.4500122070312,254397.75,False,False,True,True,2,-0.01684786037807573
2020-06-08,784.0,829.5,772.5,802.3499755859375,850557,714.170504490954,742.8101230913715,70.5377970456651,34.396142090308246,786.4500122070312,261859.45,False,True,True,True,2,0.020217385888628536
2020-06-09,809.7999877929688,809.7999877929688,772.0499877929688,774.7999877929688,426837,719.9447409959078,744.0646275894734,62.51817179674111,34.63570336957194,829.5,300466.45,False,False,True,True,2,-0.06594335407719254
2020-06-10,776.1500244140625,779.75,760.0,763.3499755859375,226929,724.0785728616248,744.8209157461974,59.490896491640505,33.57243884317395,829.5,314298.1,False,False,True,False,1,-0.07974686487530136
2020-06-11,751.3499755859375,766.0,740.0,741.6500244140625,196750,725.7520444380474,744.6965670665058,54.14028210100546,33.03155035437581,829.5,319623.1,False,False,True,False,1,-0.10590714356351716
2020-06-12,705.0999755859375,755.0,705.0999755859375,746.25,285909,727.7042306820429,744.7574860050743,55.06293696980365,34.23644135863915,829.5,321249.0,False,False,True,False,1,-0.10036166365280286
2020-06-15,745.0999755859375,763.75,735.2999877929688,743.5,141907,729.2085896647055,744.7081728284047,54.35882806865895,33.823124990667154,829.5,322384.75,False,False,True,False,1,-0.10367691380349608
2020-06-16,755.0,759.9000244140625,726.0,749.4000244140625,209988,731.1315834503586,744.8921670082345,55.668605940963204,33.82861780662397,829.5,319360.15,False,False,True,False,1,-0.09656416586610905
2020-06-17,745.0,783.3499755859375,741.0,763.7999877929688,408766,734.2428600544167,745.6336501762634,58.77790958320143,34.43728621943208,829.5,323265.9,False,False,True,True,2,-0.07920435467996534
2020-06-18,763.7999877929688,770.1500244140625,753.0,758.9000244140625,179189,736.591161422002,746.1539001463732,57.305051891106736,33.202481804762826,829.5,339888.85,False,False,True,False,1,-0.08511148352735076
2020-06-19,764.2999877929688,820.0,759.7999877929688,801.2000122070312,661832,742.7443853062905,748.3125712075755,65.37195310879844,35.195159931989586,829.5,339954.35,False,False,True,True,2,-0.03411692319827453
2020-06-22,811.0,824.0,803.0499877929688,805.75,441931,748.7449200390247,750.5650193955138,66.11362201586607,34.3097904934881,829.5,363763.45,False,False,True,True,2,-0.028631705846895672
2020-06-23,808.0,839.8499755859375,805.5,828.6500244140625,500249,756.3549299795045,753.6271764550647,69.6382935404098,34.31266085723449,829.5,375966.25,True,False,True,True,2,-0.0010246842506781428
2020-06-24,835.0,835.0,795.0,799.9000244140625,290328,760.5020818304148,755.4417979436529,61.05244631420938,34.71889936743203,839.8499755859375,396159.6,True,False,True,False,1,-0.047567961342147025
2020-06-25,799.0999755859375,813.0,786.0999755859375,797.9500122070312,152111,764.0685513900926,757.1087867382953,60.50753147363948,34.16040829933421,839.8499755859375,401452.3,True,False,True,False,1,-0.04988981913070123
2020-06-26,810.0,811.5499877929688,780.0499877929688,782.0999755859375,210930,765.785829884935,758.0888333597715,56.122804521647815,33.97037913509605,839.8499755859375,396652.75,True,False,True,False,1,-0.06876228097727766
2020-06-29,772.7999877929688,790.9000244140625,762.3499755859375,769.4500122070312,234833,766.1347996298964,758.5343697851542,52.83220138591479,33.583212684598124,839.8499755859375,379552.25,True,False,True,False,1,-0.08382445130130578
2020-06-30,777.0,804.7999877929688,777.0,789.2999877929688,864733,768.3410080263794,759.7408646089901,57.08433925720658,33.709410034693796,839.8499755859375,380187.35,True,False,True,True,2,-0.060189306736243675
2020-07-01,790.9000244140625,802.9000244140625,790.9000244140625,797.6500244140625,202629,771.1323429204444,761.2274983268362,58.76820349887917,32.27302621943665,839.8499755859375,393342.85,True,False,True,False,1,-0.05024701125035269
2020-07-02,810.0,868.5999755859375,801.7999877929688,841.25,1747188,777.8102150232593,764.3656356473525,66.22101891979037,35.035663716039394,839.8499755859375,374305.15,True,True,True,True,2,0.0016669934568798173
2020-07-03,849.7999877929688,861.0,842.4500122070312,845.0,661643,784.2092421639013,767.5277675827505,66.77724765555632,33.94383059346515,868.5999755859375,437478.6,True,False,True,True,2,-0.027170131532662678
2020-07-06,845.0,853.6500244140625,840.0,844.2999877929688,219885,789.9321703190507,770.5384428851121,66.55692500164028,32.494273009222105,868.5999755859375,444761.95,True,False,True,False,1,-0.027976040151942883
2020-07-07,844.0,846.9500122070312,832.0,836.0499877929688,250324,794.3243434118048,773.1075230775771,63.881819377608615,31.241111523351332,868.5999755859375,413228.35,True,False,True,False,1,-0.03747408324644641
2020-07-08,845.0,885.0,835.5499877929688,848.3499755859375,1037555,799.4696417141031,776.0582074896697,66.07134363916086,32.54174728647133,868.5999755859375,404402.7,True,False,True,True,2,-0.02331337850469062
2020-07-09,853.0999755859375,859.0,844.0499877929688,846.4500122070312,199069,803.9439627134295,778.8186704197624,65.41170723774599,31.28519478079704,885.0,444934.0,True,False,True,False,1,-0.04355930824064269
2020-07-10,843.9000244140625,850.4000244140625,834.0999755859375,837.5999755859375,182861,807.149297272716,781.1238196419653,62.29203810020621,30.214827212749036,885.0,445049.95,True,False,True,False,1,-0.053559349620409646
2020-07-13,840.2000122070312,845.0,816.5499877929688,819.5,244361,808.3255546753145,782.6287678913,56.37064786665205,30.08876899805491,885.0,439897.55,True,False,True,False,1,-0.07401129943502827
2020-07-14,821.9000244140625,837.9500122070312,805.5499877929688,808.75,422966,808.3659780395702,783.6531299347785,53.139731917609105,30.253858670626883,885.0,445020.25,True,False,True,False,1,-0.08615819209039544
2020-07-15,812.5,821.0,810.1500244140625,816.2000122070312,181151,809.1120765317094,784.9294782591805,55.062023865275556,28.967868765582107,885.0,455669.15,True,False,True,False,1,-0.07774009920109459
2020-07-16,820.4000244140625,820.6500244140625,801.5499877929688,812.5499877929688,87365,809.4394966518294,786.0126354957997,53.89550808876795,28.263023612404368,885.0,444288.4,True,False,True,False,1,-0.08186442057291665
2020-07-17,820.7000122070312,834.4500122070312,811.5499877929688,822.4500122070312,182216,810.6785933713725,787.4415522295735,56.582279069548775,27.879952241094234,885.0,439697.2,True,False,True,False,1,-0.07067795230843932
2020-07-20,828.9000244140625,850.0,823.0499877929688,842.5999755859375,379313,813.7187250108548,789.6046276553133,61.50006965654866,27.856383351942416,885.0,415716.4,True,False,True,False,1,-0.047909632106285294
2020-07-21,846.0,858.0,843.4000244140625,849.6500244140625,294315,817.140753525446,791.9593490968329,63.07592093300849,26.966643427808137,885.0,412585.5,True,False,True,False,1,-0.0399434752383474
2020-07-22,819.9000244140625,834.0999755859375,800.0,824.2000122070312,394352,817.8130638760732,793.2236888266445,54.41688545768713,28.586884926826304,885.0,402288.8,True,False,True,False,1,-0.06870055117849572
2020-07-23,824.2000122070312,839.4000244140625,820.9000244140625,834.5999755859375,219239,819.4118173722508,794.8462883074011,57.013832784203565,27.866393146338712,885.0,407490.0,True,False,True,False,1,-0.05694918012888417
2020-07-24,830.0,831.1500244140625,817.5,819.3499755859375,167776,819.4059276783162,795.807217220285,52.30786592773783,27.097363320595772,885.0,410846.4,True,False,True,False,1,-0.07418081854696323
2020-07-27,822.9000244140625,822.9000244140625,800.0,804.25,177106,817.962505994667,796.1383067410582,48.07639280930374,26.79755339870054,885.0,408688.7,True,False,False,False,0,-0.09124293785310733
2020-07-28,804.25,818.0,801.25,804.6500244140625,620059,816.694650606038,796.47209959098,48.19595206889682,26.079871013079075,885.0,405802.35,True,False,False,True,1,-0.09079093286546613
2020-07-29,810.7999877929688,832.0,805.0,817.3499755859375,200370,816.7570625088856,797.2908398260763,51.97664249872445,26.17059276828325,885.0,393568.65,True,False,True,False,1,-0.07644070555261295
2020-07-30,812.0,827.9000244140625,805.75,808.7999877929688,115112,815.9992458692744,797.742178962033,49.36465179893395,25.88340931441034,885.0,393455.7,True,False,False,False,0,-0.08610170870850986
2020-07-31,809.0499877929688,835.9500122070312,807.7999877929688,820.2999877929688,225544,816.4088403381977,798.6267989161873,52.80038099985712,26.045310392956925,885.0,311851.9,True,False,True,False,1,-0.073107358426024
2020-08-03,820.0,849.0,815.0,829.3499755859375,312589,817.641329409411,799.8316293738246,55.36697002125249,26.613502507745714,885.0,290046.95,True,False,True,True,2,-0.06288138351871464
2020-08-04,833.9500122070312,844.9000244140625,830.0499877929688,840.0999755859375,185238,819.7802480928897,801.4107802056722,58.26974913142264,25.823255816344236,885.0,294682.15,True,False,True,False,1,-0.05073449086334747
2020-08-05,840.2000122070312,858.0,840.2000122070312,844.2999877929688,296075,822.1154613976591,803.092709914978,59.381252835257214,25.257310716181255,885.0,291427.85,True,False,True,True,2,-0.04598871435822738
2020-08-06,846.0,853.5499877929688,830.5,836.25,111630,823.4616079312154,804.3929958006651,56.28671920512363,25.099644793094647,859.0,254353.85,True,False,True,False,1,-0.026484284051222384
2020-08-07,835.9500122070312,855.0,835.0999755859375,842.4500122070312,215544,825.270027386055,805.885427816601,58.097907360804726,24.728243337449495,858.0,249981.9,True,False,True,False,1,-0.01812352889623392
2020-08-10,846.9500122070312,869.0,836.0,857.0,333763,828.2919295397639,807.889920843401,62.06973845894107,25.319083099060247,858.0,251616.05,True,False,True,True,2,-0.0011655011655011815
2020-08-11,864.7000122070312,868.9000244140625,843.0,846.5,153459,830.0260314883578,809.4040415946403,57.81103722005079,25.360578907274697,869.0,256086.15,True,False,True,False,1,-0.02589182968929804
2020-08-12,844.6500244140625,858.0,838.5999755859375,840.0,181739,830.9759332513714,810.6038831007329,55.282364575878525,24.934825014902398,869.0,242610.8,True,False,True,False,1,-0.03337169159953968
2020-08-13,841.0,854.0,841.0,849.6500244140625,116650,832.7544181240087,812.1351043287066,58.20519670907585,24.15376608526651,869.0,242640.2,True,False,True,False,1,-0.02226694543836305
2020-08-14,851.7999877929688,892.7999877929688,847.0999755859375,876.4500122070312,1180838,836.9159032747727,814.657257578837,65.03949074883495,25.692783665392565,869.0,244104.45,True,True,True,True,2,0.008573086544339859
2020-08-17,882.8499755859375,910.0,880.0999755859375,899.7999877929688,975405,842.9048637050771,817.9961881754696,69.68993794921731,26.254012531648005,892.7999877929688,294035.55,True,True,True,True,2,0.007840501899315955
2020-08-18,903.5,916.0,890.2000122070312,894.9000244140625,386978,847.8567837725994,821.0120248907085,67.65610605805789,26.221582193170917,910.0,323840.15,True,False,True,True,2,-0.01659337976476649
2020-08-19,899.5,918.0,898.0,906.9500122070312,279616,853.4847102901645,824.3821420403683,69.97661420793992,25.998610292654245,916.0,328473.3,True,False,True,False,1,-0.009879899337302156
2020-08-20,900.0,910.5,891.0999755859375,899.4500122070312,195671,857.8623580917708,827.3259800861198,66.7658774887837,25.527282729897692,918.0,322736.5,True,False,True,False,1,-0.020206958380140305
2020-08-21,905.4000244140624,909.9000244140624,894.5,896.9500122070312,149453,861.5849918170337,830.0563342869399,65.68400807242186,24.80390713590946,918.0,321558.1,True,False,True,False,1,-0.022930269926981217
2020-08-24,903.9000244140624,907.5,885.0,887.0,181125,864.0054687868401,832.2894192168638,61.41834379546214,24.639342340487357,918.0,320641.95,True,False,True,False,1,-0.03376906318082784
2020-08-25,893.2000122070312,895.0,864.2999877929688,869.5499877929688,195836,864.5335182159953,833.7506179845543,54.708139031643064,25.07224733095478,918.0,320842.9,True,False,True,False,1,-0.05277779107519742
2020-08-26,873.5999755859375,929.9000244140624,868.0499877929688,919.1500244140624,909124,869.7350902348588,837.0996143151233,66.05908709625075,27.699232280250413,918.0,299631.75,True,True,True,True,2,0.0012527499063861303
2020-08-27,925.0,939.0,910.0,913.2999877929688,574498,873.884128097536,840.087864255431,64.02112299366786,27.792144260232526,929.9000244140624,335069.45,True,False,True,True,2,-0.017851420782092675
2020-08-28,919.5999755859376,922.5999755859376,895.5499877929688,900.25,219494,876.3951635168182,842.4471636963945,59.60365834283583,27.73913308399941,939.0,358038.75,True,False,True,False,1,-0.04126730564430248
2020-08-31,907.0,913.0,844.0,892.8499755859375,367938,877.962288475782,844.423744554808,57.19372032496758,30.686337863713735,939.0,357736.25,True,False,True,True,2,-0.04914805581902293
2020-09-01,892.8499755859375,896.5499877929688,865.4000244140625,882.4000244140625,152363,878.3849299937134,845.9130104316415,53.8806433877758,30.719453971941775,939.0,360503.7,True,False,True,False,1,-0.06027686430877266
2020-09-02,884.9500122070312,895.4000244140625,880.0,881.5499877929688,161036,878.686364069833,847.3105389556151,53.60860777568098,29.625209003521828,939.0,358859.95,True,False,True,False,1,-0.06118212162623138
2020-09-03,882.0,892.0,866.1500244140625,870.7000122070312,148477,877.9257591305185,848.2277732007686,50.12954279948214,29.355549473694378,939.0,352108.0,True,False,True,False,1,-0.07273694120656948
2020-09-04,865.0,885.0,855.0499877929688,865.6500244140625,87347,876.756641538475,848.9109987385449,48.55023916239537,29.398011097504156,939.0,353950.35,True,False,False,False,0,-0.07811498997437438
2020-09-07,866.4000244140625,878.0,846.0,849.2000122070312,175262,874.1322006497661,848.9223326000542,43.718557675392745,29.58386744768243,939.0,347540.5,True,False,False,False,0,-0.09563363982211792
2020-09-08,854.0,858.3499755859375,840.0,842.2000122070312,113238,871.0910398456961,848.6587121924847,41.81168753378967,28.781446600414935,939.0,339615.45,True,False,False,False,0,-0.10308837890625
2020-09-09,837.0,837.5,820.0,830.1500244140625,141586,867.1918955188738,847.9328812992132,38.68375639941336,28.311344143744673,939.0,337604.4,True,False,False,False,0,-0.11592116675818687
2020-09-10,837.5,855.9000244140625,834.5,841.1500244140625,111823,864.7117173184156,847.6668869115603,42.88430229901153,28.128390990620055,939.0,335596.75,True,False,False,False,0,-0.10420657676883649
2020-09-11,841.1500244140625,855.0,841.1500244140625,847.1500244140625,71870,863.0391751370486,847.6466177940113,45.0938062404377,27.108504175999872,939.0,335355.4,True,False,False,False,0,-0.09781680041100904
2020-09-14,859.9000244140625,904.0,855.0,888.3499755859375,401760,865.4497275607523,849.2428279034986,57.30693122651503,29.232894990995415,939.0,279907.0,True,False,True,True,2,-0.05394038808739354
2020-09-15,895.4000244140625,909.7999877929688,889.0,897.0499877929688,197339,868.4592761542967,851.1176184873993,59.36253729538423,28.676974792140832,939.0,251224.75,True,False,True,False,1,-0.04467519936851039
2020-09-16,897.5499877929688,910.0,877.0999755859375,889.4000244140625,111271,870.4536331314173,852.6188893080528,56.773989952582376,28.97862119370667,939.0,241742.8,True,False,True,False,1,-0.05282212522464058
2020-09-17,880.0,891.2999877929688,872.5499877929688,882.5999755859375,69927,871.6104276508954,853.7946181816952,54.49904995278869,28.248005394156195,939.0,233325.55,True,False,True,False,1,-0.06006392376364489
2020-09-18,883.9000244140625,890.0,867.4000244140625,879.7000122070312,138719,872.3808642752892,854.8105159866103,53.5142341460011,27.844574693569147,939.0,227038.35,True,False,True,False,1,-0.06315227666982826
2020-09-21,881.7000122070312,885.0,841.8499755859375,847.2999877929688,119683,869.992209372211,854.5159854692126,43.95701075502393,28.937821102175818,939.0,226501.65,True,False,False,False,0,-0.09765709500216324
2020-09-22,847.0,847.0,798.0,811.75,245982,864.4453322891434,852.8388879998319,36.29725375339003,30.3922615800896,939.0,223429.55,True,False,False,True,1,-0.1355165069222577
2020-09-23,829.9000244140625,843.0,814.1500244140625,827.0,121696,860.8791101663678,851.8255982743482,41.043331486965116,30.4535286100832,939.0,225936.85,True,False,False,False,0,-0.11927582534611292
2020-09-24,800.0999755859375,819.7999877929688,800.0999755859375,815.5999755859375,105427,856.5668116348983,850.4049856199007,38.720900781669506,30.199706881796008,939.0,186565.45,True,False,False,False,0,-0.13141642642605167
2020-09-25,821.0,836.9000244140625,810.3499755859375,828.5,104828,853.8937819553842,849.545966575983,42.67385965789446,29.939017020819506,922.5999755859376,163111.9,True,False,False,False,0,-0.10199433999136553
2020-09-28,836.0,857.9000244140625,835.0999755859375,839.2000122070312,102675,852.4943753126839,849.1402428752399,45.79713716239752,29.900517548908294,913.0,157378.6,True,False,False,False,0,-0.08083240722121443
2020-09-29,846.7000122070312,851.9000244140625,826.0,830.75,99519,850.4234824257617,848.4190568801325,43.76906730934594,29.614768039276452,910.0,144115.45,True,False,False,False,0,-0.08708791208791211
2020-09-30,837.9000244140625,837.9000244140625,806.2000122070312,819.9000244140625,87735,847.5164864246475,847.3006634500906,41.24351505528268,29.763714051258937,910.0,141473.25,True,False,False,False,0,-0.09901096218234895
2020-10-01,828.9000244140625,834.2000122070312,815.0,820.1500244140625,118171,844.9101567093537,846.2359325075013,41.32752281865949,29.00916391952839,910.0,137808.2,False,False,False,False,0,-0.09873623690762368
2020-10-05,826.7999877929688,833.0,822.9500122070312,823.7000122070312,88416,842.8901429472278,845.3521709270907,42.58290614746779,27.854936181414754,910.0,136292.9,False,False,False,False,0,-0.09483515142084475
2020-10-06,828.9500122070312,835.9500122070312,820.6500244140625,827.0,67996,841.3767959998727,844.6324779495577,43.78696882230795,26.958154153668612,910.0,136346.35,False,False,False,False,0,-0.09120879120879122
2020-10-07,825.0,831.0,817.0,825.4500122070312,78324,839.8599594481735,843.8802243910272,43.327378444952515,26.032571714120856,910.0,130983.05,False,False,False,False,0,-0.09291207449776784
2020-10-08,830.0,831.0,809.2000122070312,813.5,137649,837.3494871197761,842.6888430423595,39.85421619546924,25.730244291181418,910.0,129237.35,False,False,False,True,1,-0.106043956043956
2020-10-09,816.0,821.7000122070312,808.8499755859375,811.4500122070312,142219,834.8828704614195,841.4637908527388,39.27262186420574,24.810229457603725,910.0,129040.5,False,False,False,True,1,-0.10829668988238328
2020-10-12,813.2999877929688,826.9000244140625,809.0,811.75,80778,832.6797399412844,840.2985441526315,39.41195993322692,24.316643383065067,910.0,130560.3,False,False,False,False,0,-0.10796703296703292
2020-10-13,810.0,818.5999755859375,801.3499755859375,805.3499755859375,94340,830.0769052407752,838.9280120519768,37.43833547171989,23.811883141417564,910.0,131005.7,False,False,False,False,0,-0.11500002682864008
2020-10-14,802.8499755859375,823.9500122070312,802.0,809.75,94276,828.1410095035585,837.7837762852326,39.67495583244462,23.678892360389973,910.0,115634.7,False,False,False,False,0,-0.11016483516483522
2020-10-15,813.0999755859375,815.5,800.9000244140625,802.1500244140625,115165,825.6656775902732,836.3863742510691,37.20106171412975,23.030398305071937,910.0,110481.55,False,False,False,True,1,-0.11851645668784339
2020-10-16,806.75,813.9500122070312,803.0,806.9500122070312,51702,823.8832332680597,835.2320071120872,39.75606016609302,22.228226125636,891.2999877929688,110676.25,False,False,False,False,0,-0.09463702091459059
2020-10-19,807.0499877929688,813.0,802.0499877929688,804.25,68478,822.0134015282445,834.017026441025,38.79979561658568,21.42263941716423,890.0,109765.0,False,False,False,False,0,-0.09634831460674154
2020-10-20,804.0,811.3499755859375,801.6500244140625,804.4500122070312,64748,820.340697783367,832.8575356867508,38.91700718630447,20.58530454250071,885.0,106252.95,False,False,False,False,0,-0.09101693535928668
2020-10-21,805.0,834.5,805.0,825.3499755859375,282353,820.8177718598023,832.5631215651503,49.74751579277118,21.261353346105572,857.9000244140625,103506.2,False,False,False,True,1,-0.03794154085769652
2020-10-22,824.7999877929688,846.8499755859375,824.3499755859375,832.0499877929688,182940,821.88750671058,832.5429986721235,52.64618256344681,21.349828107098034,857.9000244140625,105324.75,False,False,True,True,2,-0.030131758812746323
2020-10-23,838.5999755859375,888.0,835.0999755859375,881.25,965153,827.5410775000487,834.4530771555696,67.48029703883806,23.821269828521835,857.9000244140625,108386.95,False,True,True,True,2,0.02721759519926037
2020-10-26,902.9000244140624,975.75,902.5,957.0499877929688,3608356,839.8752594327077,839.26079914135,78.60195165013037,28.86975055505599,888.0,151373.25,True,True,True,True,2,0.0777589952623523
2020-10-27,949.9500122070312,957.1500244140624,927.5499877929688,945.0499877929688,543537,849.8919002289231,843.4093947747468,74.27141870294787,28.921913845487254,975.75,326549.65,True,False,True,True,2,-0.03146298970743655
2020-10-28,944.5,962.0,931.0,937.4000244140624,281454,858.2260072941743,847.0953018194259,71.56454060067733,29.070348570809596,975.75,348592.75,True,False,True,False,1,-0.03930307515853204
2020-10-29,934.0,934.0,901.0499877929688,909.8499755859376,284243,863.1425757029136,849.5562694181127,62.701681109871316,29.59032628868703,975.75,357689.5,True,False,True,False,1,-0.06753781646329737
2020-10-30,924.9500122070312,934.0,910.0,920.7000122070312,102403,868.6242363223533,852.3462201157174,64.56302302543493,29.201733297642416,975.75,367514.9,True,False,True,False,1,-0.05641812738198182
2020-11-02,920.0,941.5,905.0,910.9000244140624,271978,872.650501854897,854.6424477352604,61.574104885403194,29.72303806209653,975.75,366726.5,True,False,True,False,1,-0.06646167111036394
2020-11-03,919.7999877929688,944.0,916.75,927.5999755859376,295208,877.8837850673771,857.5035272588165,64.5830589790562,29.964247885228037,975.75,375904.6,True,False,True,False,1,-0.04934668143895704
2020-11-04,933.2999877929688,950.0,924.75,942.1500244140624,192167,884.0043792908708,860.8229977354928,67.00713134058407,29.627515893426033,975.75,387265.2,True,False,True,False,1,-0.03443502494075079
2020-11-05,949.9500122070312,949.9500122070312,920.0,925.25,215739,887.9325336441212,863.3495468439048,61.722826065686526,29.650551344397833,975.75,392957.35,True,False,True,False,1,-0.051755060210094794
2020-11-06,925.0,943.0499877929688,922.0,927.4500122070312,184379,891.696103031065,865.8632905836353,62.141382541202866,29.036225376438615,975.75,396861.85,True,False,True,False,1,-0.04950037180934541
2020-11-09,927.4500122070312,945.0,921.0,926.2000122070312,218436,894.9821896192523,868.2294365296508,61.72836492200306,28.67649499240729,975.75,398969.85,True,False,True,False,1,-0.05078143765612986
2020-11-10,934.6500244140624,939.9500122070312,922.2000122070312,927.4000244140624,133211,898.0696024568533,870.5498517408041,61.9895515838987,27.896031064378196,975.75,405852.75,True,False,True,False,1,-0.049551601932808165
2020-11-11,930.8499755859376,932.7000122070312,924.0,929.7000122070312,125494,901.0820224330607,872.8694658767346,62.51754266180917,26.524886860281985,975.75,407796.3,True,False,True,False,1,-0.047194453285133275
2020-11-12,928.9500122070312,930.1500244140624,913.2999877929688,916.0499877929688,140836,902.5075429435282,874.5628196773712,57.41980066278892,25.833826128911387,975.75,409357.2,True,False,True,False,1,-0.06118371735283756
2020-11-13,916.0,930.0,916.0,919.4500122070312,258713,904.1211114448141,876.3231017373579,58.331223675827765,24.988552833989147,975.75,410640.75,True,False,True,False,1,-0.05769919322876638
2020-11-14,934.6500244140624,937.0,927.0,932.4500122070312,96070,906.8191019935967,878.5241570498941,61.706314514060246,24.457226759630547,975.75,420991.3,True,False,True,False,1,-0.044376108422207294
2020-11-17,932.0,934.9000244140624,925.0,928.0999755859376,119540,908.845851859534,880.4683067964057,59.956291633861866,23.417426592089964,975.75,422370.9,True,False,True,False,1,-0.04883425510024331
2020-11-18,928.9500122070312,931.0,922.5999755859376,926.9500122070312,125930,910.5700576069148,882.291118773293,59.47608048420637,22.34475500794514,975.75,425110.5,True,False,True,False,1,-0.050012798148059145
2020-11-19,932.7000122070312,947.0,925.5999755859376,936.5999755859376,832772,913.0490974144408,884.4208778639849,62.21126229268691,22.277274251239227,975.75,417289.35,True,False,True,True,2,-0.040123007342108497
2020-11-20,940.0,941.9500122070312,920.0999755859376,923.0,273668,913.9968024225893,885.9337846144169,56.430491680498506,22.246757277657398,975.75,449780.95,True,False,True,False,1,-0.05406097873430693
2020-11-23,926.0,935.5,925.0,930.4000244140624,171479,915.5590140408249,887.677558724207,58.68033965410426,21.550560329253297,975.75,415206.7,True,False,True,False,1,-0.04647704390052532
2020-11-24,934.9500122070312,939.9500122070312,927.0,933.9500122070312,413933,917.3105376757017,889.4921647431412,59.75401135130787,20.936235463380292,962.0,243362.85,True,False,True,True,2,-0.029157991468782507
2020-11-25,939.5,943.9500122070312,915.0,927.4000244140624,759259,918.2714411745931,890.9787474753341,56.82030502660857,21.508648087926787,962.0,236882.65,True,False,True,True,2,-0.035966710588292705
2020-11-26,935.0,972.7999877929688,925.8499755859376,944.3499755859376,1563661,920.7551111185306,893.0717368130049,62.017255291423034,23.325888382148527,950.0,260772.9,True,False,True,True,2,-0.005947394120065619
2020-11-27,950.0,975.5999755859376,946.0,958.4000244140624,742088,924.3403409562003,895.6336304444189,65.7021873099539,23.891896354852204,972.7999877929688,324743.8,True,False,True,True,2,-0.014802594119656787
2020-12-01,963.5,966.5,950.6500244140624,960.4500122070312,926604,927.7793572658032,898.1754493370705,66.21717543905899,23.317473442786877,975.5999755859376,356728.05,True,False,True,True,2,-0.015528868140661234
2020-12-02,965.0,984.0,957.6500244140624,966.8499755859376,841587,931.5003685343875,900.8685680134968,67.84066233345925,23.534080738726214,975.5999755859376,389459.35,True,False,True,True,2,-0.008968839912839144
2020-12-03,971.7999877929688,983.9500122070312,967.0,978.9500122070312,1590571,936.0193822174964,903.930585432851,70.70689906024407,23.074506158895318,984.0,416778.3,True,False,True,True,2,-0.005132101415618595
2020-12-04,983.0,1005.0,976.0,1000.5999755859376,1954683,942.1699149192527,907.7215419094426,75.0002449547865,23.497755718974226,984.0,486698.5,True,True,True,True,2,0.01686989388814797
2020-12-07,1005.0,1022.0,982.0,1019.3499755859376,1161957,949.5203968875085,912.099127543815,78.00666957466632,24.67648745333321,1005.0,573645.7,True,True,True,True,2,0.014278582672574647
2020-12-08,1025.0,1032.550048828125,1004.7000122070312,1026.199951171875,1137923,956.8232115812576,916.5736696468763,79.00024584635872,24.903169536744677,1022.0,622524.6,True,True,True,True,2,0.004109541264065486
2020-12-09,1030.0,1046.0,1020.0499877929688,1033.949951171875,1342048,964.1686153517926,921.1766610792291,80.09584411858208,24.97794401319372,1032.550048828125,668498.95,True,True,True,True,2,0.0013557719021357606
2020-12-10,1030.9000244140625,1041.5,1011.7999877929688,1035.25,587960,970.9382710325742,925.6501253506319,80.28168852570826,25.315234598467832,1046.0,728940.8,True,False,True,False,1,-0.010277246653919714
2020-12-11,1039.0,1042.5,1031.4000244140625,1039.050048828125,289067,977.4251070131029,930.0971811732787,80.8446894717153,24.299858954715667,1046.0,752064.1,True,False,True,False,1,-0.006644312783819273
2020-12-14,1045.0,1045.0,1031.5,1037.75,339888,983.170334916617,934.3188603429542,80.00309790153595,23.528440457950264,1046.0,759475.65,True,False,True,False,1,-0.007887189292543062
2020-12-15,1037.0,1040.0,1012.5999755859376,1016.9000244140624,217446,986.3826862973261,937.5573373653506,67.81094867302396,23.80498216910113,1046.0,763534.4,True,False,True,False,1,-0.027820244346020706
2020-12-16,1022.0,1060.0,1012.0,1044.5999755859375,707023,991.9271900390986,941.755087883805,73.5730255295731,25.53319772845105,1046.0,769603.2,True,False,True,False,1,-0.0013384554627748901
2020-12-17,1050.0,1069.800048828125,1031.300048828125,1049.800048828125,743277,997.4388908761488,945.9921451757391,74.49600947778815,26.459397890704548,1060.0,798977.35,True,False,True,False,1,-0.009622595445165083
2020-12-18,1049.800048828125,1055.0,1031.0999755859375,1041.25,205251,1001.6113774593726,949.7277473257102,70.15727349596659,26.276585499515832,1069.800048828125,829844.7,True,False,True,False,1,-0.02668727568240359
2020-12-21,1038.0,1060.0,853.7999877929688,997.4000244140624,562988,1001.2102962169622,951.5972483879985,53.0821407845938,39.128258835766935,1069.800048828125,798468.65,True,False,True,False,1,-0.06767622089134384
2020-12-22,1001.7999877929688,1026.0,960.0,998.7999877929688,416797,1000.9807430337247,953.4483362078013,53.47149287085984,41.04766891892644,1069.800048828125,812934.65,True,False,True,False,1,-0.0663675993592735
2020-12-23,1008.3499755859376,1039.449951171875,1005.0,1036.25,487110,1004.3397198876556,956.6954602780836,62.448833810585334,41.019261380353576,1069.800048828125,825200.55,True,False,True,False,1,-0.031361046267362025
2020-12-24,1040.0,1059.9000244140625,1038.5,1056.6500244140625,337559,1009.3216536520753,960.6152471069455,66.26693797463267,39.77860159704707,1069.800048828125,828859.4,True,False,True,False,1,-0.012292039459586124
2020-12-28,1064.800048828125,1064.800048828125,1042.0,1050.25,224101,1013.2195913994967,964.1303354556928,64.06609908580594,38.565847827838354,1069.800048828125,807774.4,True,False,True,False,1,-0.018274488629478447
2020-12-29,1054.949951171875,1055.0,1032.0,1043.8499755859375,113153,1016.1367708458245,967.2565958529574,61.85380699716256,37.45400155442133,1069.800048828125,740796.4,True,False,True,False,1,-0.02425693779937066
2020-12-30,1043.0,1043.8499755859375,1025.0,1032.949951171875,105024,1017.7380261149722,969.832805865464,58.169625825125685,36.125142556672486,1069.800048828125,709349.65,True,False,True,False,1,-0.03444578049572544
2020-12-31,1032.949951171875,1053.0,1023.5,1036.8499755859375,161162,1019.5582117788736,972.4609301682277,59.108129672238526,35.65191808833873,1069.800048828125,668270.65,True,False,True,False,1,-0.030800216618312448
2021-01-01,1038.800048828125,1048.199951171875,1031.0,1035.449951171875,108936,1021.0717107686831,974.9310878546453,58.59986039873276,34.33392045144847,1069.800048828125,634249.4,True,False,True,False,1,-0.032108895203246224
2021-01-04,1042.0,1062.0,1036.0999755859375,1059.800048828125,850274,1024.7601239172013,978.2592824026249,64.34290715471289,33.77792962121108,1069.800048828125,560167.65,True,False,True,True,2,-0.009347541169916873
2021-01-05,1056.0,1158.0,1051.050048828125,1144.6500244140625,2473634,1036.1782096788072,984.7844095403284,76.55012650432896,39.004502589115646,1069.800048828125,504947.2,True,True,True,True,2,0.0699663228356826
2021-01-06,1150.4000244140625,1204.949951171875,1145.0,1176.0999755859375,1614440,1049.504092146153,992.2869807578032,79.3693908848822,40.52560431545113,1158.0,570531.05,True,True,True,True,2,0.015630376153659364
2021-01-07,1190.300048828125,1300.0,1187.300048828125,1277.75,2335515,1071.2417976560432,1003.4816089633796,85.45576237705541,46.48092003678052,1204.949951171875,594356.9,True,True,True,True,2,0.06041748767849087
2021-01-08,1310.0,1310.0,1212.5999755859375,1248.5999755859375,1027680,1088.1330526969855,1013.0940939289701,78.32007793815662,50.11799892087209,1300.0,644030.25,True,False,True,True,2,-0.039538480318509595
2021-01-11,1254.0,1259.6500244140625,1215.0,1228.3499755859375,365753,1101.4870453530762,1021.5355010527728,73.71516011633476,49.72742931324283,1310.0,666016.25,True,False,True,False,1,-0.06232826291149807
2021-01-12,1228.3499755859375,1230.0,1208.25,1211.699951171875,442524,1111.9835125739141,1028.9929304692082,70.06729592696391,47.72904150515406,1310.0,669850.55,True,False,True,False,1,-0.0750382052123092
2021-01-13,1211.0,1263.0,1195.0,1221.0,602575,1122.3660351859223,1036.5226194704157,70.93255032330833,49.17696711192877,1310.0,674982.35,True,False,True,False,1,-0.06793893129770989
2021-01-14,1227.949951171875,1229.0,1205.1500244140625,1212.25,164810,1130.926412787263,1043.4138892951053,68.91412079958836,47.36789628864368,1310.0,694238.8,True,False,True,False,1,-0.07461832061068707
2021-01-15,1213.0,1225.0,1172.949951171875,1188.9000244140625,237799,1136.4477091326723,1049.1192279272213,63.704554612834286,47.70233575574949,1310.0,667128.15,True,False,True,False,1,-0.09244272945491416
2021-01-18,1190.0,1210.0,1145.199951171875,1194.25,457831,1141.9526892152749,1054.8106307536048,64.36916840787052,48.92360097520488,1310.0,641854.25,True,False,True,False,1,-0.0883587786259542
2021-01-19,1195.0,1219.0,1190.0,1203.1500244140625,277803,1147.7810068532547,1060.6278618775443,65.50091420219437,47.5004866198331,1310.0,654483.25,True,False,True,False,1,-0.08156486685949427
2021-01-20,1204.949951171875,1240.0,1196.199951171875,1216.5999755859375,399337,1154.3351943516054,1066.744415356305,67.19663935648975,47.236169634711096,1310.0,640224.0,True,False,True,False,1,-0.0712977285603531
2021-01-21,1250.0,1324.949951171875,1240.0,1280.9000244140625,2191059,1166.388987690887,1075.1426745350404,73.82139245127094,51.60144148837012,1310.0,639351.0,True,False,True,True,2,-0.022213721821326304
2021-01-22,1290.0,1304.25,1261.0,1278.800048828125,619649,1177.0948030372906,1083.1292382328086,73.30074068324693,51.004909953486546,1324.949951171875,724548.45,True,False,True,False,1,-0.03483143065361216
2021-01-25,1270.0,1270.0,1185.0,1211.449951171875,1161971,1180.366721907251,1088.1614230539485,58.94247061548453,54.0617055873893,1324.949951171875,738652.95,True,False,True,True,2,-0.08566361310448967
2021-01-27,1221.25,1221.25,1169.6500244140625,1182.699951171875,521005,1180.5889342181677,1091.868816313475,54.07323890893034,53.88586773014274,1324.949951171875,785546.45,True,False,True,False,1,-0.10736254593932737
2021-01-28,1181.0,1212.550048828125,1143.0,1197.800048828125,727445,1182.2280879905445,1096.0229822944416,56.123416577203265,55.00473780857004,1324.949951171875,805939.05,True,False,True,False,1,-0.09596581533611137
2021-01-29,1200.0,1239.9000244140625,1193.0,1222.9000244140625,537393,1186.1016057451652,1100.9985525736424,59.370167262721054,54.42582970896236,1324.949951171875,837060.1,True,False,True,False,1,-0.07702172196583934
2021-02-01,1238.3499755859375,1259.0,1202.5,1250.3499755859375,421178,1192.2204981109533,1106.8554711231443,62.62721801744189,54.57398472975076,1324.949951171875,855871.65,True,False,True,False,1,-0.05630399512068829
2021-02-02,1260.0,1277.949951171875,1231.550048828125,1270.449951171875,591972,1199.6709222119932,1113.2709409289769,64.84926164102839,53.99012170217928,1324.949951171875,871483.75,True,False,True,False,1,-0.041133629199953226
2021-02-03,1275.0,1313.0,1255.550048828125,1295.949951171875,786932,1208.840353541506,1120.4348236836004,67.49010169469713,54.23725237858612,1324.949951171875,858568.65,True,False,True,False,1,-0.021887619207314524
2021-02-04,1300.0,1327.0,1283.9000244140625,1319.800048828125,861383,1219.4079435688031,1128.2530678069152,69.77716169584623,53.441732607682646,1324.949951171875,774233.55,True,False,True,True,2,-0.0038868655674088037
2021-02-05,1330.300048828125,1330.3499755859375,1260.0,1285.4000244140625,252502,1225.6929036493038,1134.415693556215,62.90347321595108,54.64946424898656,1327.0,736580.7,True,False,True,False,1,-0.03134888891178411
2021-02-08,1296.949951171875,1325.0,1282.0,1317.1500244140625,251290,1234.4031056269,1141.581745746719,66.21181986706634,53.81735965977324,1330.3499755859375,632430.05,True,False,True,False,1,-0.009922164403439182
2021-02-09,1324.949951171875,1324.949951171875,1290.199951171875,1297.1500244140625,134094,1240.3790026542488,1147.682462557203,62.43458542890466,52.45540539836086,1330.3499755859375,593610.55,True,False,True,False,1,-0.024955802443828667
2021-02-10,1299.949951171875,1308.0,1270.0,1301.1500244140625,259528,1246.1667190123262,1153.7007983162955,62.890556755703784,51.422876441335085,1330.3499755859375,582027.6,True,False,True,False,1,-0.021949074835750815
2021-02-11,1302.9000244140625,1340.0,1290.0,1324.8499755859375,641855,1253.6603624955274,1160.4125307582424,65.55808360194159,51.32124240981115,1330.3499755859375,572877.8,True,False,True,True,2,-0.0041342504611071584
2021-02-12,1329.949951171875,1339.8499755859375,1315.0,1328.949951171875,353695,1260.8307995123223,1167.0218413626985,66.01323170158055,49.43043763667732,1340.0,574841.8,True,False,True,False,1,-0.008246305095615636
2021-02-15,1349.9000244140625,1349.9000244140625,1312.4000244140625,1320.1500244140625,509004,1266.4802495029642,1173.0268681490265,64.0565882246413,48.5782635197718,1340.0,584286.05,True,False,True,False,1,-0.014813414616371312
2021-02-16,1328.949951171875,1340.0,1311.0,1326.4000244140625,228193,1272.1868947325925,1179.0415017280475,64.85338909855139,47.179816125502384,1349.9000244140625,597846.3,True,False,True,False,1,-0.017408696625663356
2021-02-17,1328.0,1364.0,1321.050048828125,1353.6500244140625,482906,1279.9452880355896,1185.888894774558,68.16684614034023,46.877682914529004,1349.9000244140625,586364.4,True,True,True,False,1,0.002777983504095305
2021-02-18,1352.0,1360.800048828125,1336.0999755859375,1347.5999755859375,317284,1286.3885916118131,1192.2305057867688,66.66416312049952,45.29356793793318,1364.0,596619.55,True,False,True,False,1,-0.012023478309429958
2021-02-19,1358.4000244140625,1359.0,1301.0,1329.3499755859375,181098,1290.4801519903012,1197.6077398965401,62.209263621891324,46.20117022808081,1364.0,592516.9,True,False,True,False,1,-0.02540324370532443
2021-02-22,1317.0,1387.949951171875,1296.550048828125,1338.8499755859375,518096,1295.0868018565523,1203.146651100046,63.573859507731235,49.42965109348575,1364.0,492018.85,True,False,True,True,2,-0.018438434321160213
2021-02-23,1339.8499755859375,1360.0,1325.0,1346.4000244140625,120712,1299.973775433458,1208.7644304456937,64.66586300681794,48.398961729665345,1387.949951171875,486941.2,True,False,True,False,1,-0.02993618517925023
2021-02-24,1350.0,1376.800048828125,1321.800048828125,1351.199951171875,108632,1304.852458837117,1214.3501371408381,65.37650570996459,48.87046446326068,1387.949951171875,434878.25,True,False,True,False,1,-0.026477899991257714
2021-02-25,1357.0,1372.0,1347.5999755859375,1355.050048828125,484835,1309.6331816934035,1219.8677807364181,65.96775312340301,47.122575888317954,1387.949951171875,414259.6,True,False,True,True,2,-0.023703954394012516
2021-02-26,1340.0,1360.0,1315.5999755859375,1337.0999755859375,189651,1312.2490668260257,1224.465121710909,60.7583994256875,46.92810792587114,1387.949951171875,402129.1,True,False,True,False,1,-0.03663675015298917
2021-03-01,1360.0,1362.5,1339.8499755859375,1350.199951171875,89642,1315.8634367637255,1229.3958993368292,63.05157361432202,45.39038767502766,1387.949951171875,384742.0,True,False,True,False,1,-0.02719838706584976
2021-03-02,1356.0,1374.800048828125,1342.0,1365.800048828125,191834,1320.6193045793825,1234.7450816698213,65.62755252409832,44.49107775739176,1387.949951171875,368165.2,True,False,True,False,1,-0.015958718342148015
2021-03-03,1375.0,1375.0,1345.800048828125,1353.3499755859375,317651,1323.7365113419114,1239.3962539802571,61.91742759276513,43.39885442985484,1387.949951171875,348158.3,True,False,True,False,1,-0.024928835190868415
2021-03-04,1347.5,1361.5,1345.050048828125,1350.800048828125,138212,1326.3139911025032,1243.765030248801,61.15486790752142,41.47393276857057,1387.949951171875,324694.25,True,False,True,False,1,-0.026766024461028715
2021-03-05,1351.0,1357.0,1338.0,1350.25,140978,1328.593610997503,1247.9409114155146,60.98040245405848,39.868651856529816,1387.949951171875,288535.7,True,False,True,False,1,-0.02716232753208725
2021-03-08,1350.0,1358.0,1331.25,1352.3499755859375,82898,1330.856121910687,1252.0353845202371,61.432773196060324,38.931605295349115,1387.949951171875,282959.5,True,False,True,False,1,-0.02564932226546046
2021-03-09,1359.949951171875,1362.300048828125,1345.050048828125,1360.1500244140625,99124,1333.646017387199,1256.2751743199951,63.14204345222333,37.382919202824176,1387.949951171875,274539.9,True,False,True,False,1,-0.020029487903609478
2021-03-10,1360.0,1377.0,1352.0,1366.3499755859375,434354,1336.7606800727933,1260.5918331931694,64.48923091628065,36.49842497405102,1387.949951171875,272791.4,True,False,True,True,2,-0.015562503221171808
2021-03-12,1369.949951171875,1377.0,1346.0999755859375,1359.5999755859375,327169,1338.9358510740453,1264.474505443866,61.839142141745505,36.098539219766124,1387.949951171875,281532.7,True,False,True,True,2,-0.020425790974668123
2021-03-15,1363.5999755859375,1376.9000244140625,1335.550048828125,1357.0999755859375,214232,1340.6657676942255,1268.1068768219866,60.84190838339948,36.473641817349794,1387.949951171875,265798.4,True,False,True,False,1,-0.02222700866114824
2021-03-16,1363.800048828125,1375.9000244140625,1345.0,1355.199951171875,140179,1342.0499756444779,1271.5222915023744,60.04932402992516,36.075526288543564,1387.949951171875,258825.25,True,False,True,False,1,-0.023595951692889527
2021-03-17,1358.0,1359.949951171875,1340.0999755859375,1352.3499755859375,94211,1343.0309280198549,1274.6920046036907,58.81174379398064,34.91655838121456,1387.949951171875,240384.0,True,False,True,False,1,-0.02564932226546046
2021-03-18,1352.3499755859375,1379.0,1295.0,1312.3499755859375,532541,1340.108932549958,1276.1687877794652,44.842850778153064,38.42251849684209,1387.949951171875,233684.9,True,False,False,True,1,-0.05446880524914233
2021-03-19,1312.0,1370.0,1247.25,1353.0999755859375,360422,1341.3461747438607,1279.1856971052093,56.244816879134056,44.44591003278194,1387.949951171875,236166.65,True,False,True,True,2,-0.025108956959516426
2021-03-22,1355.0,1377.0,1345.0,1352.699951171875,326202,1342.427486784624,1282.0686090293923,56.12217015354489,43.5569164590118,1387.949951171875,238323.55,True,False,True,True,2,-0.025397169379369644
2021-03-23,1354.9000244140625,1375.0,1348.1500244140625,1373.3499755859375,220444,1345.3724857180825,1285.6482704629823,60.86616896377426,42.363563539506494,1387.949951171875,245578.75,True,False,True,False,1,-0.010519093699027482
2021-03-24,1378.0,1378.0,1126.0999755859375,1371.550048828125,234622,1347.865586966658,1289.0169676537723,60.25465136937876,57.33045360197478,1379.0,230696.15,True,False,True,True,2,-0.005402430146392301
2021-03-25,1365.0,1375.0,1338.0,1364.3499755859375,293099,1349.4355287399226,1291.9712032589553,57.7549453758804,55.87827834469088,1379.0,236391.65,True,False,True,True,2,-0.010623658023250493
2021-03-26,1370.0,1444.4000244140625,1360.050048828125,1390.699951171875,947833,1353.3654737334418,1295.8429188633836,63.691502102592665,57.91197100477993,1379.0,245615.0,True,True,True,True,2,0.008484373583665716
2021-03-30,1403.0,1409.800048828125,1365.0,1377.6500244140625,449575,1355.6782880839771,1299.0510406496846,59.250668113548436,56.97540513501887,1444.4000244140625,268764.9,True,False,True,True,2,-0.04621295961766403
2021-03-31,1384.9000244140625,1404.699951171875,1370.300048828125,1379.550048828125,233976,1357.9517891072294,1302.2078644998196,59.69134186054746,55.36286922135681,1444.4000244140625,281761.1,True,False,True,False,1,-0.0448975176473323
2021-04-01,1394.0,1402.0,1376.75,1396.25,154908,1361.599237763684,1305.8957913821796,63.434271157288734,53.2119499912599,1444.4000244140625,288977.8,True,False,True,False,1,-0.033335657435754396
2021-04-05,1395.0,1395.0,1341.300048828125,1373.0999755859375,242102,1362.6945461277082,1308.5312495862486,55.71140779774047,53.336092932732406,1444.4000244140625,287131.5,True,False,True,False,1,-0.049363090295604706
2021-04-06,1380.300048828125,1386.9000244140625,1356.0,1379.5999755859375,340155,1364.3045870284918,1311.3182584489814,57.28391423898984,51.73351660997027,1444.4000244140625,283354.05,True,False,True,True,2,-0.04486295190586964
2021-04-07,1379.0,1419.9000244140625,1368.1500244140625,1408.25,596094,1368.4898644543498,1315.1195032156882,63.4448350723412,51.734693994972396,1444.4000244140625,293451.2,True,False,True,True,2,-0.02502770963932044
2021-04-08,1420.0,1422.0,1391.5999755859375,1400.8499755859375,308467,1371.5717798002154,1318.4814825243252,60.99768625993973,50.210789024907406,1444.4000244140625,316207.0,True,False,True,False,1,-0.030150961016351063
2021-04-09,1400.0999755859375,1405.199951171875,1386.6500244140625,1398.75,185076,1374.1601817240044,1321.6292675233713,60.28703940148595,47.94929886297206,1444.4000244140625,327485.45,True,False,True,False,1,-0.03160483497816402
2021-04-12,1381.0,1385.0,1323.199951171875,1347.699951171875,419634,1371.6401597666586,1322.651647274293,46.19678509424663,49.920781003340124,1444.4000244140625,331783.05,True,False,False,True,1,-0.06694826336728632
2021-04-13,1345.25,1362.4000244140625,1330.050048828125,1355.75,276341,1370.1268112174532,1323.9496218909876,48.25071793899384,48.66572347352565,1444.4000244140625,331047.05,True,False,False,False,0,-0.061374981248719096
2021-04-15,1345.300048828125,1425.0,1342.050048828125,1413.800048828125,333770,1374.2861671803744,1327.4731680453851,60.08418008145096,51.11459688055061,1444.4000244140625,328505.65,True,False,True,True,2,-0.02118524997834359
2021-04-16,1410.0,1429.0,1388.0,1403.0,402841,1377.0208179251008,1330.4350045926249,57.45197181656935,50.39212567479699,1444.4000244140625,334482.55,True,False,True,True,2,-0.02866243680026026
2021-04-19,1375.0,1390.0,1324.050048828125,1366.199951171875,212200,1375.9902591866983,1331.8375515173013,49.49530024940118,52.43197035315971,1444.4000244140625,347615.65,True,False,False,False,0,-0.0541401771811173
2021-04-20,1370.9000244140625,1434.9000244140625,1370.9000244140625,1413.050048828125,307200,1379.5197629620723,1335.0223553334122,57.554702992744346,53.59397770237599,1444.4000244140625,353515.1,True,False,True,False,1,-0.02170449671562069
2021-04-22,1388.5,1442.0,1376.3499755859375,1431.6500244140625,288834,1384.4845497670237,1338.8116756895163,60.26566581855217,54.45512389606788,1444.4000244140625,342248.05,True,False,True,False,1,-0.008827194533711058
2021-04-23,1425.0,1514.4000244140625,1420.6500244140625,1485.300048828125,768870,1394.086025868081,1344.5563177733834,66.84377777093685,57.26190076063446,1444.4000244140625,338668.65,True,True,True,True,2,0.02831627230874223
2021-04-26,1494.0,1500.0,1469.3499755859375,1478.550048828125,283076,1402.130218530942,1349.810973893177,65.37728233363325,55.36105245016503,1514.4000244140625,360802.05,True,False,True,False,1,-0.023672725176961285
2021-04-27,1479.800048828125,1554.5,1479.75,1541.8499755859375,1054200,1415.4368620599892,1357.3419151360306,71.6571129939277,56.83168807314432,1514.4000244140625,363933.65,True,True,True,True,2,0.01812595795651517
2021-04-28,1555.0,1585.0,1525.199951171875,1561.0999755859375,664746,1429.309539538651,1365.3324273105368,73.24632706534264,57.043713841357224,1554.5,404912.55,True,True,True,True,2,0.004245722474067293
2021-04-29,1568.0,1572.0,1526.0,1539.5,251909,1439.8038691063987,1372.1625282003197,68.59839791599518,56.25487713840314,1585.0,423494.9,True,False,True,False,1,-0.028706624605678188
2021-04-30,1534.0,1551.0,1460.0,1467.050048828125,354788,1442.3987433656107,1375.8836074406258,55.80666848700542,58.7366716285172,1585.0,388698.7,True,False,True,False,1,-0.07441637297910098
2021-05-03,1460.0,1493.699951171875,1455.25,1479.9000244140625,140402,1445.9702939416538,1379.9626826160547,57.32659123916489,57.28762016732847,1585.0,383959.35,True,False,True,False,1,-0.06630913286179019
2021-05-04,1489.25,1510.0,1444.300048828125,1448.0999755859375,134353,1446.173120764919,1382.6347333207561,52.51327855787975,57.88850095336751,1585.0,379280.65,True,False,True,False,1,-0.08637225515082803
2021-05-05,1463.199951171875,1464.0,1425.449951171875,1440.25,123522,1445.609014025403,1384.8941555434717,51.36672321783866,56.50718294442162,1585.0,378252.9,True,False,True,False,1,-0.09132492113564672
2021-05-06,1441.0,1489.800048828125,1430.0,1477.6500244140625,215540,1448.6605388243229,1388.5316405972203,56.266013960982946,56.74238765040044,1585.0,372323.9,True,False,True,False,1,-0.06772869122141167
2021-05-07,1485.0,1485.0,1450.800048828125,1465.3499755859375,180246,1450.2500089920957,1391.544124322268,54.32762885353986,55.13221361622006,1585.0,366093.15,True,False,True,False,1,-0.07548897439373026
2021-05-10,1480.0,1513.5999755859375,1475.0,1492.050048828125,299722,1454.2309651669557,1395.4855331264196,57.73170267066182,54.64062692934719,1585.0,345300.75,True,False,True,False,1,-0.058643502316640395
2021-05-11,1477.0999755859375,1557.5999755859375,1468.0999755859375,1549.949951171875,334251,1463.347059072186,1401.542961285065,63.99813643524246,57.13058214867954,1585.0,344863.5,True,False,True,False,1,-0.022113595475157677
2021-05-12,1566.800048828125,1575.0,1530.0,1543.699951171875,531145,1470.9997154626326,1407.117745202195,62.913862744811915,56.26411199520243,1585.0,352322.25,True,False,True,True,2,-0.026056813140772905
2021-05-14,1595.0,1655.0,1563.75,1599.199951171875,1884747,1483.2092617206556,1414.6503807304177,68.08477482886568,60.195250340411185,1585.0,357897.8,True,True,True,True,2,0.008958959729889582
2021-05-17,1621.25,1689.0,1610.449951171875,1674.199951171875,861033,1501.3988511922003,1424.8287952575338,73.46837055184557,62.309878803819316,1655.0,438318.1,True,True,True,True,2,0.011601178955815694
2021-05-18,1684.0,1698.0,1645.300048828125,1674.199951171875,351822,1517.856098809312,1434.6080562737825,73.46837055184557,61.62345540153758,1689.0,464681.25,True,False,True,False,1,-0.008762610318605701
2021-05-19,1673.0,1673.0,1635.25,1642.9000244140625,243335,1529.7650441050027,1442.776368749872,67.92285551982073,60.003919385133116,1698.0,462130.3,True,False,True,False,1,-0.03244992672905622
2021-05-20,1649.0,1654.449951171875,1600.0,1613.0999755859375,260399,1537.7017042460443,1449.4557258806983,63.04373285329602,59.607207369900394,1698.0,463687.05,True,False,True,False,1,-0.05000001437812873
2021-05-21,1634.0,1652.9000244140625,1615.0,1626.6500244140625,301419,1546.1729728334744,1456.4045219016145,64.29949874554086,58.19241033120215,1698.0,461347.0,True,False,True,False,1,-0.0420200091789974
2021-05-24,1635.199951171875,1683.5,1635.0,1677.8499755859375,392381,1558.7136397622803,1465.0886573402156,68.63622741752316,58.09652213511182,1698.0,461976.25,True,False,True,False,1,-0.011866916616055656
2021-05-25,1690.0,1690.5,1660.050048828125,1685.5999755859375,274116,1570.7980526978668,1473.7361600165184,69.24522742278461,56.12176706630919,1698.0,443151.8,True,False,True,False,1,-0.0073027234476221725
2021-05-26,1682.0,1695.0,1673.0,1686.0999755859375,509168,1581.7791882110164,1482.0641527839466,69.28666258051656,53.684497990144244,1698.0,442703.8,True,False,True,True,2,-0.007008259372239367
2021-05-27,1690.0,1700.0,1673.199951171875,1698.699951171875,327306,1592.9144989691936,1490.5596742893556,70.37002109626745,51.76418019285716,1698.0,415452.2,True,True,True,False,1,0.00041222094927850783
2021-05-28,1698.25,1698.25,1671.5,1674.9000244140625,96998,1600.7226442496572,1497.7887076275795,65.65884811924798,50.009592405644156,1700.0,398580.2,True,False,True,False,1,-0.014764691521139683
2021-05-31,1675.0,1700.0,1665.0999755859375,1674.25,216760,1607.7252495592136,1504.708758308851,65.52980970804774,48.93033754910261,1700.0,390834.65,True,False,True,False,1,-0.015147058823529402
2021-06-01,1680.0,1692.5999755859375,1671.0,1678.1500244140625,141493,1614.432370973961,1511.510376587487,65.96203647347068,46.97816883744796,1700.0,383933.25,True,False,True,False,1,-0.012852926815257404
2021-06-02,1672.300048828125,1693.0,1672.300048828125,1676.25,153134,1620.3197642145362,1517.970753976213,65.53092378497314,45.10115328990704,1700.0,383987.8,True,False,True,False,1,-0.013970588235294068
2021-06-03,1683.699951171875,1709.8499755859375,1673.75,1678.8499755859375,292826,1625.8940700594314,1524.2797430589474,65.85974383958407,44.45821202533779,1700.0,384926.85,True,False,True,False,1,-0.012441190831801507
2021-06-04,1694.25,1725.0,1685.0,1709.449951171875,563053,1633.8517730225212,1531.5413198476897,69.54239737647208,44.579055767389555,1709.8499755859375,393392.05,True,False,True,True,2,-0.00023395293141170725
2021-06-07,1720.449951171875,1748.0,1712.0,1739.9000244140625,328880,1643.9516064883824,1539.7122494385278,72.69837899872687,44.148412414584946,1725.0,410767.7,True,True,True,False,1,0.008637695312500027
2021-06-08,1750.0,1756.449951171875,1730.050048828125,1742.0999755859375,208099,1653.2990702119591,1547.6490230129361,72.91672702969973,42.88066169523959,1748.0,418199.4,True,False,True,False,1,-0.003375300008044868
2021-06-09,1753.699951171875,1764.0,1735.0,1746.75,296556,1662.1991587632012,1555.4569044634093,73.40095926349488,41.88918585986533,1756.449951171875,413618.25,True,False,True,False,1,-0.005522475129680404
2021-06-10,1754.0,1775.5,1754.0,1773.5,287757,1672.7992388809917,1564.0076140922952,76.05342175178,40.950672584160664,1764.0,411733.5,True,True,True,False,1,0.005385487528344779
2021-06-11,1775.0,1825.5,1756.050048828125,1823.0,561136,1687.1040732732783,1574.1641782455386,80.02326897996554,42.986335340425974,1775.5,399564.1,True,True,True,True,2,0.026753027316248845
2021-06-14,1832.0,1844.8499755859373,1810.0,1815.9000244140625,361776,1699.3703543343054,1583.6440153501865,78.02524000607366,42.405166786533925,1825.5,333383.55,True,False,True,True,2,-0.00525881982248011
2021-06-15,1816.0,1878.5999755859373,1815.0,1864.6500244140625,536279,1715.1112752942822,1594.6638588428875,81.45001140695078,43.91908170077702,1844.8499755859373,308420.7,True,True,True,True,2,0.010732606493835117
2021-06-16,1870.0,1926.0,1855.4000244140625,1922.050048828125,710365,1734.8197299165531,1607.5025329599557,84.51094854526518,45.82485983543134,1878.5999755859373,317643.55,True,True,True,True,2,0.023128965084030506
2021-06-17,1920.0,1950.0,1891.25,1940.3499755859373,467101,1754.394039027923,1620.555373847249,85.34141984406293,46.74808413290053,1926.0,340995.05,True,True,True,True,2,0.007450662297994404
2021-06-18,1943.800048828125,1956.0,1901.4000244140625,1936.300048828125,266616,1771.7184209136565,1632.937517964146,84.26463814328719,47.30893352240317,1950.0,351330.15,True,False,True,False,1,-0.0070256159855769384
2021-06-21,1929.800048828125,1975.0,1912.0999755859373,1966.0,349651,1790.221428445689,1645.9987917694737,85.69052406322413,48.42258287180743,1956.0,349590.0,True,True,True,True,2,0.005112474437627856
2021-06-22,1975.0,2007.0,1930.8499755859373,1941.5999755859373,380553,1804.6384329352366,1657.5909950563937,79.33038221565809,50.403114410539956,1975.0,347453.5,True,False,True,True,2,-0.016911404766614013
2021-06-23,1957.0,2008.300048828125,1940.199951171875,1996.0999755859373,221760,1822.8728655686366,1670.8658570379446,82.46160993143623,51.667184642376384,2007.0,352775.35,True,False,True,False,1,-0.005431003694101988
2021-06-24,2000.0,2004.949951171875,1970.0,1977.4000244140625,140241,1837.5897378396294,1682.8868047781843,78.09033477304337,50.47309653734057,2008.300048828125,338404.95,True,False,True,False,1,-0.015386159270420308
2021-06-25,1988.0,1996.0,1950.0,1957.550048828125,117221,1849.0145293623432,1693.657912387986,73.62856788173895,50.15358964181624,2008.300048828125,329051.7,True,False,True,False,1,-0.025270128350399323
2021-06-28,1974.75,1981.8499755859373,1940.0,1948.550048828125,134196,1858.4941026447987,1703.653682444462,71.63021105501099,49.5604743521106,2008.300048828125,330062.85,True,False,True,False,1,-0.029751530422391315
2021-06-29,1957.0,1981.0,1940.0,1947.5999755859373,110313,1866.9803762582403,1713.2202037441277,71.40987568309745,48.94901189838842,2008.300048828125,325934.65,True,False,True,False,1,-0.030224603777511794
2021-06-30,1964.0,2000.5,1957.0999755859373,1975.050048828125,222906,1877.272726026801,1723.4880408062452,73.9072253781093,49.23122707807944,2008.300048828125,324375.65,True,False,True,False,1,-0.016556290988192668
2021-07-01,1980.0,2033.0,1971.300048828125,2014.050048828125,427322,1890.2991377221651,1734.8826293561228,76.98339552445348,50.12185022763627,2008.300048828125,327864.25,True,True,True,True,2,0.0028631179904392567
2021-07-02,2025.0,2026.0,1980.0,1989.5999755859373,225205,1899.7563603758576,1744.871544894547,71.30760715128507,49.827432354233686,2033.0,334589.05,True,False,True,False,1,-0.02134777393706966
2021-07-05,2004.300048828125,2012.0,1970.0,1980.3499755859373,152066,1907.4319427768176,1754.1059931569544,69.2281121926156,49.268330043217,2033.0,317696.65,True,False,True,False,1,-0.02589770015448245
2021-07-06,1991.949951171875,1998.949951171875,1950.0,1964.0999755859373,121393,1912.828898282448,1762.3410512914243,65.60837053209082,49.245588695264,2033.0,308855.95,True,False,True,False,1,-0.03389081377966685
2021-07-07,1970.0,2000.949951171875,1948.699951171875,1954.4000244140625,166752,1916.7880531521257,1769.8727757276063,63.47484614966503,49.46018950274514,2033.0,304520.65,True,False,True,False,1,-0.03866206374123837
2021-07-08,1966.9000244140625,1981.8499755859373,1951.0,1965.199951171875,213468,1921.3987101063876,1777.532664960715,64.84558335234914,48.130888508687434,2033.0,298030.45,True,False,True,False,1,-0.03334975348161584
2021-07-09,1970.0,1977.8499755859373,1938.0,1946.1500244140625,261879,1923.75597813569,1784.1451104294738,60.53045917660845,47.539394728491,2033.0,294316.0,True,False,True,False,1,-0.042720106043255046
2021-07-12,1951.0,1962.0,1930.0,1934.949951171875,131125,1924.822070805803,1790.0590257527053,58.083223242240436,46.42943796217021,2033.0,279353.15,True,False,True,False,1,-0.04822924192234379
2021-07-13,1947.0,1952.300048828125,1897.199951171875,1913.8499755859373,206502,1923.777109356292,1794.913572804989,53.68009886761274,47.04877079746163,2033.0,267820.6,True,False,True,False,1,-0.058607980528314174
2021-07-14,1918.9000244140625,1927.9000244140625,1896.0,1903.25,363840,1921.8221465604547,1799.16206014597,51.565270439942715,45.96671748436169,2033.0,251331.75,True,False,True,True,2,-0.0638219380226267
2021-07-15,1918.3499755859373,1918.3499755859373,1891.5,1899.25,220964,1919.6724183166018,1803.0870773951476,50.7527004157568,44.601235920188515,2033.0,234005.5,True,False,True,False,1,-0.06578947368421051
2021-07-16,1908.75,1984.0,1884.6500244140625,1936.0999755859373,554165,1921.236947580348,1808.3032694810609,57.4109934332863,48.51186018202773,2033.0,221698.65,True,False,True,True,2,-0.04766356341075395
2021-07-19,1938.0,1987.9000244140625,1937.050048828125,1953.8499755859373,333569,1924.342950247547,1814.010983445958,60.20216039489063,48.74673079960613,2033.0,236076.1,True,False,True,True,2,-0.03893262391247554
2021-07-20,1955.0,2002.0,1925.199951171875,1990.5999755859373,336679,1930.6531431369174,1820.9360419612512,65.2762547287335,50.75053923021462,2033.0,235272.0,True,False,True,True,2,-0.020855890021673762
2021-07-22,1905.0,1945.25,1877.050048828125,1911.949951171875,797341,1928.8718867592943,1824.5052148714717,50.451188479948605,55.236209767900164,2033.0,233078.3,True,False,True,True,2,-0.059542571976451075
2021-07-23,1929.8499755859373,1970.0,1885.0,1889.25,396771,1925.0983737345996,1827.0442260529826,47.12459458713819,57.362194784478724,2033.0,261857.35,True,False,False,True,1,-0.07070831283817014
2021-07-26,1890.9000244140625,1901.0,1845.800048828125,1858.5,381916,1918.7556714741615,1828.277785815611,42.989411309076196,57.20774881214989,2033.0,274683.85,True,False,False,True,1,-0.0858337432365962
2021-07-27,1860.0,1870.0,1796.75,1802.5,466123,1907.6837027623367,1827.2668922542146,36.67733180504944,58.353623896996325,2033.0,287918.6,True,False,False,True,1,-0.1133792424987703
2021-07-28,1809.0,1845.0,1775.0,1791.6500244140625,343448,1896.6328762529772,1825.8701523389145,35.58707532332332,59.185507904353734,2033.0,304514.95,True,False,False,True,1,-0.11871617097193188
2021-07-29,1800.0,1826.8499755859373,1762.0,1814.75,254104,1888.8345070860269,1825.434067933467,39.69703049630955,59.59011273875256,2033.0,316171.7,True,False,False,False,0,-0.1073536645351697
2021-07-30,1815.0,1861.9000244140625,1811.75,1850.6500244140625,255158,1885.197889688697,1826.422928971922,45.51545376036081,58.915820715560415,2033.0,317731.6,True,False,False,False,0,-0.08969501996356988
2021-08-02,1869.949951171875,1881.1500244140625,1836.5,1865.8499755859373,199500,1883.3552312027198,1827.9690876626676,47.81146419342661,57.89683526545342,2026.0,309123.4,True,False,False,False,0,-0.07904739605827382
2021-08-03,1872.0,1875.5,1845.050048828125,1872.8499755859373,146154,1882.354730667788,1829.729122483188,48.87986219080875,55.936343544483535,2012.0,307838.15,True,False,False,False,0,-0.06916005189565744
2021-08-04,1875.0,1875.25,1800.0,1815.0,324668,1875.939994413713,1829.1515098367886,41.34653403634743,57.315890434163286,2002.0,307542.55,True,False,False,True,1,-0.09340659340659341
2021-08-05,1826.0,1845.9000244140625,1800.0,1819.1500244140625,207130,1870.5314258423177,1828.759294722172,42.03668214922121,56.500471432727515,2002.0,317706.3,True,False,False,False,0,-0.09133365413882988
2021-08-06,1823.5,1843.0,1799.0999755859375,1811.300048828125,155490,1864.8903423171564,1828.0746184126017,41.05268790167395,55.60043950282287,2002.0,319725.2,True,False,False,False,0,-0.09525472086507247
2021-08-09,1822.0,1828.8499755859373,1800.0,1808.9000244140625,151628,1859.5579310882902,1827.322673549914,40.73870687512464,53.68969208018819,2002.0,316826.3,True,False,False,False,0,-0.09645353425871006
2021-08-10,1827.0,1858.800048828125,1802.6500244140625,1816.8499755859373,441811,1855.4905067547327,1826.9119795121112,42.31260359753518,53.86543010403635,2002.0,311313.75,True,False,False,True,1,-0.09248252967735404
2021-08-11,1828.9000244140625,1842.449951171875,1795.0,1806.75,286015,1850.8485537304723,1826.1213136488911,40.829011475894404,53.40718160888197,2002.0,326848.05,True,False,False,False,0,-0.09752747252747251
2021-08-12,1819.4000244140625,1836.5,1804.050048828125,1809.6500244140625,161242,1846.9248842717666,1825.4753807377215,41.46366444201569,51.91023657766719,2002.0,330823.7,True,False,False,False,0,-0.09607890888408466
2021-08-13,1822.0,1917.0,1815.1500244140625,1900.25,562355,1852.0034667220743,1828.407718748007,56.98577314558741,55.87021793540079,2002.0,320693.8,True,False,True,True,2,-0.050824175824175866
2021-08-16,1918.0,1956.0999755859373,1901.25,1921.1500244140625,548973,1858.5888531689302,1832.0446719113818,59.64425645793271,55.868772053296254,2002.0,337763.35,True,False,True,True,2,-0.04038460318977899
2021-08-17,1930.0,1945.300048828125,1912.0,1920.800048828125,183084,1864.5137289459965,1835.5252749277247,59.5778542814704,54.256720394355455,2002.0,337503.75,True,False,True,False,1,-0.04055941616976777
2021-08-18,1949.0,1949.0,1890.0,1904.8499755859373,166172,1868.3552762450386,1838.2438906398115,56.49109141752161,54.59552608047292,2002.0,329979.5,True,False,True,False,1,-0.04852648572131002
2021-08-20,1872.0,1905.199951171875,1865.5,1882.949951171875,196888,1869.7452452856896,1839.9970694842063,52.471271499093724,53.5315564441445,1970.0,321454.15,True,False,True,False,1,-0.04418784204473347
2021-08-23,1896.0,1914.699951171875,1810.699951171875,1830.25,247602,1865.9837933537192,1839.614831465218,44.30173107570606,57.136445269562756,1970.0,291431.5,True,False,False,False,0,-0.07093908629441625
2021-08-24,1830.0,1850.75,1812.449951171875,1826.949951171875,136045,1862.2662845744958,1839.11816949293,43.84141573973148,55.790988380888635,1956.0999755859373,283973.05,True,False,False,False,0,-0.06602424519502192
2021-08-25,1828.0,1891.6500244140625,1826.949951171875,1864.3499755859373,229701,1862.4647313374903,1840.1076520848128,50.16166848011829,56.42735158526713,1956.0999755859373,271679.5,True,False,True,False,1,-0.046904555567266915
2021-08-26,1880.75,1882.4000244140625,1832.050048828125,1857.25,187893,1861.9680902577293,1840.7799010226634,49.03348252915189,55.99325329960073,1956.0999755859373,259858.4,True,False,False,False,0,-0.0505342144162787
2021-08-27,1856.0,1910.0999755859373,1850.050048828125,1894.550048828125,336353,1865.0711339311003,1842.8885342699364,54.786715954510946,56.28301568947298,1956.0999755859373,252080.65,True,False,True,True,2,-0.0314656344389429
2021-08-30,1906.0,2048.0,1902.300048828125,2033.550048828125,1745651,1881.1167448736742,1850.3654564094732,68.88322777234649,63.22351108107313,1956.0999755859373,256193.1,True,True,True,True,2,0.03959412821882391
2021-08-31,2052.35009765625,2124.300048828125,2039.0,2067.5,1444108,1898.8675310761814,1858.880536550278,71.24163519199746,65.18968886099648,2048.0,330717.75,True,True,True,True,2,0.009521484375
2021-09-01,2086.050048828125,2164.0,2030.3499755859373,2126.64990234375,939984,1920.5610902445212,1869.3812959931595,74.82212849484398,70.07971282907265,2124.300048828125,392948.15,True,True,True,True,2,0.0011061777816749885
2021-09-02,2135.0,2222.0,2110.10009765625,2212.10009765625,873118,1948.3267099980192,1882.8212489995553,78.90764887093727,73.06686922297817,2164.0,432639.65,True,True,True,True,2,0.022227401874422403
2021-09-03,2220.0,2249.0,2201.0,2232.300048828125,573821,1975.3717898866007,1896.526299973225,79.74439836518611,71.27637856419402,2222.0,460062.15,True,True,True,True,2,0.0046354855212082935
2021-09-06,2246.0,2365.14990234375,2211.10009765625,2326.699951171875,1155548,2008.8316147709124,1913.3958549221916,83.11545297978482,77.18876614443016,2249.0,478396.7,True,True,True,True,2,0.03454866659487554
2021-09-07,2344.39990234375,2503.0,2332.449951171875,2405.39990234375,2044422,2046.6000231111827,1932.6901312916643,85.31037436823749,84.2681434789798,2365.14990234375,528399.6,True,True,True,True,2,0.017017948824348927
2021-09-08,2405.0,2450.0,2385.050048828125,2406.699951171875,696056,2080.895254355058,1951.2787516791236,85.34426713178159,82.88827259990089,2503.0,623039.3,True,False,True,True,2,-0.03847385091015776
2021-09-09,2410.0,2426.199951171875,2355.89990234375,2384.050048828125,500919,2109.7671395429693,1968.2501750967315,81.80301446302855,81.98911375905976,2503.0,635751.55,True,False,True,False,1,-0.04752295292523967
2021-09-13,2392.0,2482.0,2376.949951171875,2442.35009765625,1088121,2141.4417069823294,1986.842328922595,83.6801126340058,83.63632340685014,2503.0,646496.75,True,False,True,True,2,-0.024230883876847797
2021-09-14,2460.0,2489.800048828125,2438.10009765625,2462.949951171875,495313,2172.061539762286,2005.5132160696257,84.29651388095891,81.35515396149478,2503.0,692840.7,True,False,True,False,1,-0.016000818548991158
2021-09-15,2474.0,2488.300048828125,2423.0,2452.85009765625,341663,2198.803307180759,2023.0558388769446,82.64829131031584,80.20836073768265,2503.0,689488.6,True,False,True,False,1,-0.020035917836096706
2021-09-16,2451.0,2481.85009765625,2430.0,2442.300048828125,269835,2221.9934730519367,2039.496788286795,80.86953975841236,78.18277051758032,2503.0,679123.1,True,False,True,False,1,-0.02425087941345383
2021-09-17,2455.0,2573.75,2442.5,2505.75,2205385,2249.0179041898477,2057.781227961823,83.20996380216906,81.98756913574424,2503.0,683460.65,True,True,True,True,2,0.0010986815821014684
2021-09-20,2529.800048828125,2627.0,2462.699951171875,2482.64990234375,1756303,2271.2685706806956,2074.4427446042514,79.40137268447154,87.8670319709143,2573.75,785421.3,True,False,True,True,2,-0.03539586115832927
2021-09-21,2503.60009765625,2533.5,2352.0,2413.5,1181038,2284.8144210920577,2087.7391075609476,69.1918303356016,94.55510111584898,2627.0,863392.05,True,False,True,True,2,-0.0812714122573277
2021-09-22,2449.699951171875,2475.64990234375,2370.0,2401.949951171875,705246,2295.9701858615645,2100.061101428043,67.6276757981022,95.34758691784191,2627.0,910063.85,True,False,True,False,1,-0.0856680810156547
2021-09-23,2423.699951171875,2457.0,2413.35009765625,2426.64990234375,370665,2308.415873145582,2112.8685053855215,69.2296454974666,92.46919134000498,2627.0,938523.9,True,False,True,False,1,-0.07626573949609816
2021-09-24,2442.0,2447.699951171875,2383.0,2409.64990234375,336516,2318.057209259693,2124.506991540746,66.78021163616654,90.48567418513856,2627.0,945572.1,True,False,True,False,1,-0.08273699948848501
2021-09-27,2427.0,2427.0,2360.050048828125,2375.949951171875,309964,2323.57080372752,2134.367499761575,62.09032267897027,88.8045511127626,2627.0,953003.25,True,False,True,False,1,-0.09556530218048154
2021-09-28,2383.0,2404.10009765625,2321.0,2349.0,347504,2325.9926319439464,2142.7844605552386,58.549137290421385,88.39709015158311,2627.0,951683.8,True,False,True,False,1,-0.10582413399314805
2021-09-29,2339.89990234375,2355.0,2305.0,2338.050048828125,328673,2327.1409573614874,2150.441934605156,57.12359802411199,85.65444085504146,2627.0,881776.45,True,False,True,False,1,-0.10999236816592117
2021-09-30,2353.949951171875,2424.0,2332.0,2389.0,571923,2333.0322947556315,2159.797152855934,61.785882716868194,86.10769507968135,2627.0,826004.7,True,False,True,False,1,-0.09059763989341452
2021-10-01,2387.0,2387.0,2332.0,2346.75,313918,2334.338742874143,2167.128637057662,56.31712646198785,84.02857400256126,2627.0,807601.65,True,False,True,False,1,-0.10668062428625813
2021-10-04,2358.800048828125,2479.199951171875,2358.0,2435.60009765625,897779,2343.98268142482,2177.6569296301564,63.6113789086025,87.48724380036938,2627.0,779641.65,True,False,True,True,2,-0.07285873709316715
2021-10-05,2452.0,2469.64990234375,2410.25,2449.199951171875,440162,2354.0033737816825,2188.305675572969,64.58615239720918,85.48100512489657,2627.0,795839.55,True,False,True,False,1,-0.06768178486034448
2021-10-06,2459.800048828125,2519.0,2350.0,2375.75,943797,2356.07448104057,2195.6564333936367,55.87982296770116,91.44664761597538,2627.0,760070.25,True,False,True,True,2,-0.09564141606395127
2021-10-07,2414.0,2448.949951171875,2392.300048828125,2419.64990234375,303313,2362.129283069444,2204.4404909995233,59.402342309202375,90.1433121556825,2627.0,705039.0,True,False,True,False,1,-0.07893037596355157
2021-10-08,2446.199951171875,2609.89990234375,2441.35009765625,2529.800048828125,2240290,2378.0979274274137,2217.199689345743,66.60651470940147,97.29378985884803,2627.0,685401.85,True,False,True,True,2,-0.037000362075323534
2021-10-11,2540.0,2648.0,2490.0,2536.050048828125,1039290,2393.140986608434,2229.703625011719,66.9647271295718,101.62994772607317,2627.0,772370.4,True,False,True,True,2,-0.03462122237224019
2021-10-12,2532.0,2589.800048828125,2495.75,2554.550048828125,675128,2408.5132782484047,2242.4427004555,68.05699961094604,101.08852637621973,2648.0,769928.85,True,False,True,False,1,-0.035290767058865136
2021-10-13,2577.0,2578.89990234375,2506.0,2533.199951171875,437183,2420.388199479212,2253.844945581632,65.3707320773556,99.07505323104333,2648.0,778919.6,True,False,True,False,1,-0.043353492759865886
2021-10-14,2559.0,2610.0,2536.0,2563.14990234375,524489,2433.984552132977,2265.9745517291663,67.31944059157297,97.48398148797773,2648.0,783695.6,True,False,True,False,1,-0.032043088238765116
2021-10-18,2585.0,2619.449951171875,2466.0,2486.0,938163,2438.938404310789,2274.6030006809638,58.229327399429245,101.48155075111325,2648.0,796428.3,True,False,True,True,2,-0.061178247734138935
2021-10-19,2521.0,2521.0,2360.10009765625,2373.449951171875,966581,2432.70140877375,2278.4793516806076,48.03842691641706,105.72571872201587,2648.0,733067.2,True,False,False,True,1,-0.10368204260880853
2021-10-20,2389.89990234375,2399.85009765625,2260.050048828125,2294.14990234375,808017,2419.5060272089877,2279.093883079162,42.40697326890812,108.15959944388081,2648.0,693581.1,True,False,False,True,1,-0.13362919095779835
2021-10-21,2300.300048828125,2303.35009765625,2140.0,2221.10009765625,1340525,2400.610224394441,2276.819616984146,37.98902914411884,112.10177788762147,2648.0,674930.05,True,False,False,True,1,-0.1612159752053437
2021-10-22,2246.0,2319.14990234375,2121.10009765625,2258.949951171875,1953067,2387.1187698018157,2276.1188457758217,41.39578953416777,118.24092265904136,2648.0,706694.0,True,False,False,True,1,-0.14692222387769072
2021-10-25,2268.0,2399.75,2230.0,2337.60009765625,1601768,2382.402705787952,2278.529875261329,47.81180432588126,121.92014246910983,2648.0,785814.1,True,False,False,True,1,-0.11722050692739805
2021-10-26,2344.0,2373.800048828125,2292.10009765625,2298.699951171875,454181,2374.431014872135,2279.32085863037,45.177332801534895,119.04727166216449,2648.0,849076.7,True,False,False,False,0,-0.13191089457255478
2021-10-27,2319.949951171875,2320.0,2273.0,2288.10009765625,303551,2366.2090227563363,2279.665142513738,44.45846969513946,113.90103797200989,2648.0,856287.55,True,False,False,False,0,-0.13591386040171827
2021-10-28,2306.39990234375,2322.699951171875,2260.0,2269.050048828125,298481,2356.9557871441257,2279.2488643299885,43.13019487062959,110.24381748628596,2648.0,854089.9,True,False,False,False,0,-0.14310798760267185
2021-10-29,2240.0,2311.25,2196.39990234375,2261.39990234375,366948,2347.8552266869474,2278.548905036411,42.58002389718654,110.57283749842625,2648.0,852580.3,True,False,False,False,0,-0.14599701573121227
2021-11-01,2280.0,2345.0,2280.0,2332.300048828125,348745,2346.3737811765836,2280.6567930282426,49.0648178527947,108.6462132239851,2648.0,842331.55,True,False,False,False,0,-0.11922203594104042
2021-11-02,2346.0,2410.0,2345.050048828125,2370.85009765625,486594,2348.7048589365522,2284.193785366596,52.22421000203739,106.43576593454867,2648.0,844072.9,True,False,True,False,1,-0.10466386040171827
2021-11-03,2390.0,2390.0,2318.14990234375,2337.550048828125,245311,2347.6424960690833,2286.2861878552835,49.37516783410938,103.96536105752735,2648.0,823513.65,True,False,False,False,0,-0.11723940754224882
2021-11-04,2337.550048828125,2337.550048828125,2337.550048828125,2337.550048828125,0,2346.6813106175637,2288.2965353444147,49.37516783410938,96.53926383913254,2648.0,813771.1,True,False,False,False,0,-0.11723940754224882
2021-11-08,2409.0,2409.0,2318.199951171875,2378.0,672544,2349.6640429397003,2291.814318272085,52.988235136640526,96.12931990977486,2648.0,766581.25,True,False,True,False,1,-0.10196374622356497
2021-11-09,2370.0,2480.0,2366.5,2473.10009765625,798194,2361.41985767461,2298.9235645224444,60.18316879264014,97.37008277336238,2648.0,785042.8,True,False,True,True,2,-0.0660498120633497
2021-11-10,2470.0,2499.0,2448.0,2477.10009765625,324456,2372.437023387147,2305.9108795473,60.457294854254734,94.0579340038365,2648.0,712938.0,True,False,True,False,1,-0.06453923804522277
2021-11-11,2474.0,2515.949951171875,2459.0,2499.39990234375,434325,2384.5287261449184,2313.498684362847,62.026882726565574,91.40736380155353,2619.449951171875,677196.3,True,False,True,False,1,-0.04583025103206029
2021-11-12,2514.0,2523.0,2479.85009765625,2517.449951171875,252131,2397.1878904332,2321.4967732573186,63.296827593114934,87.96040226885329,2619.449951171875,665156.15,True,False,True,False,1,-0.03893947275242571
2021-11-15,2535.0,2535.0,2495.050048828125,2521.25,301253,2409.003329439562,2329.330233129581,63.5730298011649,84.53108433335484,2619.449951171875,655903.55,True,False,True,False,1,-0.03748876787202704
2021-11-16,2525.0,2540.75,2510.699951171875,2532.5,199472,2420.7649171119847,2337.297674967637,64.42651882044831,80.639581797267,2619.449951171875,644741.75,True,False,True,False,1,-0.033193973083156525
2021-11-17,2525.0,2543.85009765625,2483.35009765625,2502.050048828125,251932,2428.5063582278076,2343.758552373931,60.30775569544075,79.20104024031936,2540.75,607807.2,True,False,True,False,1,-0.015231703698465049
2021-11-18,2505.0,2508.800048828125,2465.050048828125,2494.050048828125,235301,2434.7486144754566,2349.652336548605,59.23629048544912,76.66882308029655,2543.85009765625,572074.75,True,False,True,False,1,-0.01957664442335172
2021-11-22,2490.0,2500.0,2337.0,2367.800048828125,407240,2428.372560604282,2350.364011539959,45.498228342309034,82.83533571741822,2543.85009765625,543438.95,True,False,False,False,0,-0.06920614111276713
2021-11-23,2360.0,2406.699951171875,2325.64990234375,2373.550048828125,252818,2423.1513690065526,2351.2732679042006,46.11122356029445,82.70781522532585,2543.85009765625,496774.7,True,False,False,False,0,-0.06694578779819971
2021-11-24,2373.550048828125,2410.0,2330.0,2346.75,264525,2415.875048148786,2351.095884849134,43.647144022238464,82.51439985208827,2543.85009765625,411762.25,True,False,False,False,0,-0.07748101896328174
2021-11-25,2334.0,2360.64990234375,2302.10009765625,2347.10009765625,293501,2409.3250528637823,2350.9391873121585,43.68947671947837,80.80264305461769,2543.85009765625,344900.1,True,False,False,False,0,-0.0773433938506336
2021-11-26,2339.0,2355.60009765625,2235.050048828125,2254.75,503119,2394.603619257708,2347.167062319525,36.005854982850344,83.64174346701107,2543.85009765625,336866.1,True,False,False,True,1,-0.11364667199636069
2021-11-29,2205.0,2310.0,2142.0,2214.39990234375,496336,2377.4413605039977,2341.9605070263574,33.2540035311158,89.66733321936742,2543.85009765625,346844.5,True,False,False,True,1,-0.12950849407991283
2021-11-30,2229.0,2329.85009765625,2226.300048828125,2305.949951171875,485919,2370.6326548533193,2340.5483283653975,43.757117999522755,91.50896622601975,2543.85009765625,356737.25,True,False,False,True,1,-0.09351971906818013
2021-12-01,2324.0,2339.949951171875,2271.0,2331.449951171875,279780,2366.90096878842,2340.1915292597696,46.29222515263282,89.89760800786657,2543.85009765625,362685.8,True,False,False,False,0,-0.08349554349922883
2021-12-02,2331.449951171875,2369.949951171875,2303.199951171875,2361.550048828125,174426,2366.39135736363,2341.02911826245,49.2028137150234,88.24420743587609,2543.85009765625,359237.55,True,False,False,False,0,-0.0716630468894709
2021-12-03,2361.550048828125,2385.35009765625,2348.0,2364.89990234375,117140,2366.249314028403,2341.965227442109,49.53061771086511,84.60891388018851,2543.85009765625,343629.15,True,False,False,False,0,-0.07034620297688687
2021-12-06,2360.050048828125,2408.0,2328.699951171875,2336.199951171875,248866,2363.387469946829,2341.7391381766097,46.747249430722064,84.22970923361255,2543.85009765625,337220.6,True,False,False,False,0,-0.08162829510893399
2021-12-07,2345.0,2366.75,2315.0,2330.699951171875,167033,2360.2743729206427,2341.3062288823066,46.21131522860498,81.90973000264023,2543.85009765625,349663.9,True,False,False,False,0,-0.08379037219243335
2021-12-08,2348.85009765625,2402.699951171875,2348.800048828125,2379.75,204513,2362.1291945472485,2342.8138277496673,51.546417421952704,81.20189214530879,2543.85009765625,324388.35,True,False,True,False,1,-0.06450855646228604
2021-12-09,2394.050048828125,2398.0,2357.0,2373.699951171875,94640,2363.2311713686413,2344.0250482760284,50.876116388775124,78.33032842064388,2543.85009765625,294704.3,True,False,True,False,1,-0.06688686044871162
2021-12-10,2384.89990234375,2489.89990234375,2362.699951171875,2471.64990234375,469117,2373.556764794842,2349.029944513978,59.95529446675106,81.82101576001753,2543.85009765625,283213.5,True,False,True,True,2,-0.02838225231078706
2021-12-13,2515.0,2609.25,2490.0,2545.300048828125,1479847,2389.913268036107,2356.726811349827,65.16824153660089,85.80523589546272,2543.85009765625,284953.1,True,True,True,True,2,0.0005699829456189409
2021-12-14,2535.0,2570.64990234375,2490.800048828125,2553.800048828125,296437,2405.5215328734425,2364.4551736038784,65.72283293088356,85.37985143976003,2609.25,346338.9,True,False,True,False,1,-0.021251298714908495
2021-12-15,2560.0,2571.0,2450.0,2465.050048828125,379146,2411.190915345317,2368.400070671496,55.743021194032025,87.92414776549145,2609.25,346098.1,True,False,True,True,2,-0.055264904157085404
2021-12-16,2470.0,2493.39990234375,2380.0,2423.75,462193,2412.3870186457634,2370.570656135359,51.80106622097001,89.74384452108136,2609.25,355081.8,True,False,True,True,2,-0.07109322602280344
2021-12-17,2430.0,2436.25,2315.449951171875,2325.85009765625,333021,2404.1454071229527,2368.8169087440215,43.8796831506005,91.96214482872733,2609.25,365594.85,True,False,False,False,0,-0.10861354885263963
2021-12-20,2280.0,2300.0,2207.199951171875,2281.85009765625,538244,2392.4982347927903,2365.4064455641087,40.85576024647623,93.86843066127359,2609.25,370480.85,True,False,False,True,1,-0.1254766321141132
2021-12-21,2325.0,2374.10009765625,2285.550048828125,2308.050048828125,262108,2384.455550415203,2363.157175103874,43.35882439074,93.75282847118262,2609.25,377031.05,True,False,False,False,0,-0.11543545124916166
2021-12-22,2320.199951171875,2366.0,2311.0,2354.89990234375,265518,2381.6407267893505,2362.83336048583,47.6271557230525,91.19548009266066,2609.25,377495.55,True,False,False,False,0,-0.09748015623502926
2021-12-23,2361.0,2425.0,2361.0,2390.300048828125,293296,2382.4654241263765,2363.910485518861,50.65314149052051,89.68866706148847,2609.25,377545.2,True,False,True,False,1,-0.08391298310697515
2021-12-24,2394.199951171875,2394.199951171875,2330.050048828125,2339.14990234375,163106,2378.340136337555,2362.939482257092,46.47479271906304,87.86446958165001,2609.25,377534.95,True,False,False,False,0,-0.10351637353885212
2021-12-27,2333.0,2378.75,2305.0,2367.85009765625,178939,2377.3410850345736,2363.1320554100002,49.01608232909287,86.85629318296073,2609.25,360534.3,True,False,False,False,0,-0.09251696937577847
2021-12-28,2384.949951171875,2405.10009765625,2365.800048828125,2396.35009765625,202744,2379.1514671890186,2364.4347237333823,51.47964958384874,83.45941858618674,2609.25,344664.45,True,False,True,False,1,-0.08159429044505129
2021-12-29,2396.0,2423.300048828125,2374.60009765625,2402.449951171875,184187,2381.3703704254813,2365.9255169662642,52.01409595080296,80.97659948516447,2609.25,330505.7,True,False,True,False,1,-0.0792565100423972
2021-12-30,2411.949951171875,2422.0,2390.050048828125,2410.75,192719,2384.1684303849593,2367.6833398303324,52.77632570917512,77.47469603421523,2609.25,325726.05,True,False,True,False,1,-0.07607550062278434
2021-12-31,2420.0,2478.60009765625,2405.0,2466.5,402745,2392.0095322530583,2371.558502974241,57.64314110103727,77.19793900721773,2609.25,326640.7,True,False,True,True,2,-0.05470920762671261
2022-01-03,2470.0,2489.199951171875,2450.5,2459.699951171875,187072,2398.456238816755,2375.0150303545406,56.87322256075538,74.44808273326468,2609.25,340920.95,True,False,True,False,1,-0.057315339207866245
2022-01-04,2470.0,2500.0,2452.0,2467.39990234375,258206,2405.022302009802,2378.6379665109803,57.56439773876331,72.55893396660292,2609.25,337831.25,True,False,True,False,1,-0.05436431835057964
2022-01-05,2463.0,2479.0,2455.14990234375,2461.949951171875,118766,2410.44398288238,2381.905103164349,56.86967550345245,69.0797313730063,2609.25,342389.9,True,False,True,False,1,-0.05645302245017725
2022-01-06,2452.0,2452.0,2418.0,2439.85009765625,312518,2413.2445652417964,2384.1774558895218,54.02250535098333,67.2847470729255,2609.25,338102.55,True,False,True,False,1,-0.0649228331297308
2022-01-07,2450.0,2535.0,2428.39990234375,2477.300048828125,713835,2419.345087488113,2387.8293222792713,57.87156419460092,70.09298640030582,2609.25,348996.45,True,False,True,True,2,-0.05057006847633416
2022-01-10,2485.35009765625,2531.800048828125,2480.39990234375,2521.64990234375,273120,2429.0884031886503,2393.0771881641526,61.93556895547735,68.97920165742683,2609.25,361232.35,True,False,True,False,1,-0.03357290319296735
2022-01-11,2525.0,2534.75,2461.39990234375,2476.39990234375,337933,2433.594260251041,2396.3447455829605,55.999806936644404,69.29140851448562,2571.0,300896.0,True,False,True,True,2,-0.03679505937621552
2022-01-12,2484.10009765625,2498.449951171875,2466.0,2480.800048828125,216977,2438.0900496393347,2399.6567182592416,56.43701405438566,66.6598758471563,2571.0,302970.8,True,False,True,False,1,-0.03508360605673866
2022-01-13,2491.5,2697.85009765625,2483.0,2685.14990234375,1933012,2461.6195594207074,2410.8525293998105,70.89910007499358,77.40203106008263,2535.0,294862.35,True,True,True,True,2,0.05923073070759366
2022-01-14,2685.14990234375,2759.89990234375,2652.14990234375,2693.89990234375,1636239,2483.74149684195,2421.9524263780045,71.33787329946277,79.5697431272196,2697.85009765625,368403.3,True,False,True,True,2,-0.0014642011859486992
2022-01-17,2700.0,2739.85009765625,2691.699951171875,2702.75,407860,2504.599449523669,2432.9640959318085,71.80099189938385,77.32548622415928,2759.89990234375,433564.2,True,False,True,False,1,-0.020707237351331953
2022-01-18,2723.0,2771.75,2643.39990234375,2658.699951171875,864192,2519.2756877758793,2441.816482411811,66.07799290355123,80.97010132645147,2759.89990234375,427045.0,True,False,True,True,2,-0.036667978822686464
2022-01-19,2658.0,2702.39990234375,2605.550048828125,2654.60009765625,480182,2532.163726812105,2450.1609379115935,65.55427086899478,82.10436933996387,2771.75,457149.2,True,False,True,True,2,-0.042265681372328
2022-01-20,2665.0,2711.0,2637.25,2681.199951171875,586436,2546.357652941607,2459.2212913727813,67.36172304545366,81.50762867282359,2771.75,467882.4,True,False,True,True,2,-0.032668909110895594
2022-01-21,2664.0,2698.0,2486.10009765625,2510.85009765625,1514400,2542.975981009668,2461.245950442721,49.4618790206313,90.8213625064612,2771.75,482539.4,True,False,False,True,1,-0.09412822308785063
2022-01-24,2509.949951171875,2509.949951171875,2377.300048828125,2463.39990234375,887506,2535.397306851009,2461.3304191447223,45.81030455470051,93.87341152943719,2771.75,550104.1,True,False,False,True,1,-0.11124744210561921
2022-01-25,2412.0,2516.550048828125,2390.0,2475.699951171875,585589,2529.711844405377,2461.8939302046106,46.90456388292878,96.20745705077204,2771.75,585532.45,True,False,False,True,1,-0.10680979483291242
2022-01-27,2460.0,2504.949951171875,2380.199951171875,2489.050048828125,581542,2525.839292445639,2462.9588760329834,48.12887420682924,98.24621011857403,2771.75,604674.7,True,False,False,False,0,-0.10199330790001804
2022-01-28,2498.0,2580.5,2492.35009765625,2514.050048828125,339531,2524.716507339209,2464.962451436714,50.433816460928846,97.76076305095266,2771.75,624542.45,True,False,True,False,1,-0.09297373542775322
2022-01-31,2539.050048828125,2552.949951171875,2490.0,2523.89990234375,248282,2524.6387354348794,2467.2737240213037,51.35105490625416,95.2742764881614,2771.75,631883.05,True,False,True,False,1,-0.08942007672273833
2022-02-01,2549.89990234375,2584.949951171875,2493.300048828125,2539.39990234375,299629,2526.044560854772,2470.1022016025763,52.830320988239855,95.01539262070345,2771.75,624159.9,True,False,True,False,1,-0.08382794178993414
2022-02-02,2500.0,2544.800048828125,2479.300048828125,2499.89990234375,417344,2523.554593377532,2471.270738886544,48.76122823728932,92.9071502906532,2771.75,629787.75,True,False,False,False,0,-0.09807886629611251
2022-02-03,2504.0,2522.800048828125,2481.0,2494.85009765625,255814,2520.820831880267,2472.195419622611,48.24958167426607,89.25664304332976,2771.75,637744.65,True,False,False,False,0,-0.09990074947010008
2022-02-04,2490.10009765625,2516.699951171875,2475.0,2497.199951171875,212422,2518.5712241937536,2473.1759894872885,48.520278092460025,85.85973648108299,2771.75,644597.05,True,False,False,False,0,-0.09905296250676465
2022-02-07,2497.199951171875,2506.10009765625,2387.0,2401.0,279580,2507.373964746729,2470.3455585270026,39.427669496037076,88.23404799359491,2771.75,639592.25,True,False,False,False,0,-0.13376025976368722
2022-02-08,2400.0,2435.0,2323.0,2368.75,342707,2494.171682389898,2466.361418976924,36.92919669041528,89.93161599405242,2771.75,617879.5,True,False,False,False,0,-0.1453955082529088
2022-02-09,2370.14990234375,2448.75,2370.14990234375,2440.800048828125,247301,2489.088669669729,2465.3590123044223,45.27300578895809,89.22221485162011,2771.75,621358.85,True,False,False,False,0,-0.11940108277148909
2022-02-10,2455.0,2458.0,2410.0,2416.64990234375,129427,2482.189739448207,2463.448851129494,43.2095919681073,86.27777093364725,2771.75,616827.25,True,False,False,False,0,-0.12811404262875437
2022-02-11,2410.0,2410.0,2350.0,2366.75,243601,2471.195478548378,2459.6567393204946,39.2309035787247,84.87578032008317,2771.75,612449.75,True,False,False,False,0,-0.14611707405068997
2022-02-14,2253.0,2345.050048828125,2253.0,2290.14990234375,456213,2453.953042719366,2453.00941238023,34.04807717112142,86.93822458293437,2771.75,527979.2,True,False,False,False,0,-0.17375307933841433
2022-02-15,2282.0,2413.199951171875,2264.550048828125,2394.75,333371,2448.3146576984736,2450.7247295417897,44.77678645575148,91.34620156584977,2771.75,468977.9,False,False,False,False,0,-0.13601515288175337
2022-02-16,2415.0,2432.35009765625,2364.0,2385.300048828125,289019,2442.313266377488,2448.1590557883123,44.079140167939585,89.70362271516407,2771.75,465253.45,False,False,False,False,0,-0.13942453365991703
2022-02-17,2401.949951171875,2417.0,2360.300048828125,2389.14990234375,213203,2437.2500888504655,2445.844971339506,44.458801994655005,87.34621760492915,2711.0,436494.8,False,False,False,False,0,-0.11872006553163039
2022-02-18,2363.199951171875,2430.949951171875,2352.0,2380.199951171875,185219,2431.816742404885,2443.2706568231283,43.71574501018353,86.74648428828243,2711.0,423145.85,False,False,False,False,0,-0.12202141233055142
2022-02-21,2374.0,2414.25,2338.0,2380.949951171875,338514,2426.9722860969796,2440.826707581903,43.80051107303972,85.99673541054797,2698.0,403085.0,False,False,False,False,0,-0.1175129906701724
2022-02-22,2302.0,2399.0,2280.050048828125,2373.60009765625,280218,2421.889220531196,2438.19036993776,43.115231299041035,88.35053653635705,2584.949951171875,344290.7,False,False,False,False,0,-0.08176168108005744
2022-02-23,2388.0,2417.39990234375,2379.35009765625,2384.64990234375,180733,2418.342618799058,2436.090743757603,44.52057101463527,85.16834140429583,2584.949951171875,313926.3,False,False,False,False,0,-0.07748701236452171
2022-02-24,2318.0,2358.89990234375,2262.60009765625,2282.64990234375,411460,2405.4195029461716,2430.0734558590207,35.742477077174016,87.80273163881043,2584.949951171875,293683.5,False,False,False,True,1,-0.11694619026998132
2022-02-25,2320.0,2414.0,2310.35009765625,2332.35009765625,411506,2398.460511966179,2426.2411673020492,41.76735965657551,90.91325778291326,2584.949951171875,285179.4,False,False,False,True,1,-0.09771943685064777
2022-02-28,2305.0,2387.89990234375,2290.14990234375,2374.85009765625,219676,2396.2119010795195,2424.2258312375084,46.39584192827337,91.40159651270518,2584.949951171875,288778.15,False,False,False,False,0,-0.08127811272337293
2022-03-02,2350.0,2389.0,2309.10009765625,2340.800048828125,239565,2390.9345818174816,2420.9542319273364,43.41829650775427,90.5800469292084,2584.949951171875,287347.85,False,False,False,False,0,-0.09445053364884914
2022-03-03,2394.25,2394.25,2295.0,2316.35009765625,352076,2383.8312976116504,2416.8521090147447,41.36542500397551,91.19932929140779,2544.800048828125,284344.65,False,False,False,True,1,-0.08977127742396729
2022-03-04,2295.300048828125,2322.0,2250.0,2255.25,321987,2371.5854597438743,2410.5147714063232,36.696067717308914,89.82794862773581,2522.800048828125,281081.25,False,False,False,True,1,-0.10605281577999237
2022-03-07,2220.0,2237.949951171875,2162.0,2202.14990234375,432285,2355.4487399914815,2402.343600070536,33.18967384370379,90.07238086861183,2516.699951171875,284389.9,False,False,False,True,1,-0.12498512136166973
2022-03-08,2200.0,2268.0,2175.0,2238.39990234375,261245,2344.3012316440786,2395.9144354537993,37.57495467995972,90.28149652085384,2506.10009765625,295383.05,False,False,False,False,0,-0.10681943453210752
2022-03-09,2249.89990234375,2252.949951171875,2189.550048828125,2246.199951171875,810023,2334.958252551488,2390.0432792074494,38.510211348221226,88.36138265106071,2458.0,294466.3,False,False,False,True,1,-0.08616763581290687
2022-03-10,2306.199951171875,2334.64990234375,2285.10009765625,2314.10009765625,270388,2332.9717616090843,2387.0651152250493,46.08299852469951,88.36770897397602,2458.0,317832.1,False,False,False,False,0,-0.05854349159631811
2022-03-11,2314.0,2354.85009765625,2301.0,2344.800048828125,181223,2334.098265153755,2385.407661640856,49.13326824059185,85.90216530842416,2458.0,318986.45,False,False,False,False,0,-0.046053682331926415
2022-03-14,2349.949951171875,2387.699951171875,2330.0,2340.14990234375,171285,2334.6746115528026,2383.6328475507735,48.68399315395316,83.8877214415278,2432.35009765625,321576.25,False,False,False,False,0,-0.037905807803466196
2022-03-15,2342.0,2414.0,2319.800048828125,2395.60009765625,296426,2340.47703880075,2384.1021514764784,54.07652319756321,84.62430927940974,2432.35009765625,317960.45,False,False,True,False,1,-0.015108844748710881
2022-03-16,2432.0,2440.25,2377.550048828125,2418.5,305418,2347.9077970102026,2385.451086712695,56.12698838167948,83.05828370030011,2432.35009765625,309971.1,False,False,True,False,1,-0.0056941217753133655
2022-03-17,2448.0,2472.0,2422.0,2437.85009765625,276468,2356.473730405064,2387.5059498869523,57.8399702347148,80.94697772170724,2440.25,308573.45,False,False,True,False,1,-0.0009834657693883475
2022-03-21,2450.0,2459.699951171875,2418.25,2438.39990234375,156630,2364.276222970653,2389.501791159768,57.89027946058455,78.12576153957637,2472.0,307945.9,False,False,True,False,1,-0.013592272514664216
2022-03-22,2430.0,2437.949951171875,2374.0,2425.89990234375,184847,2370.14514481571,2390.929168068944,56.246923085295585,77.14534302558877,2472.0,305117.25,False,False,True,False,1,-0.018648906818871325
2022-03-23,2450.0,2450.0,2410.0,2414.0,100890,2374.3217976904043,2391.8339065760442,54.65623905920722,74.49210423804672,2472.0,305098.65,False,False,True,False,1,-0.023462783171521062
2022-03-24,2400.0,2439.800048828125,2395.199951171875,2405.60009765625,171484,2377.3006834014373,2392.3737572066407,53.50596098543714,72.35696091077553,2472.0,293217.45,False,False,True,False,1,-0.02686080191899276
2022-03-25,2409.39990234375,2498.0,2409.39990234375,2446.89990234375,459704,2383.9291804435625,2394.5120374080957,58.167558309635226,73.78859958455942,2472.0,287780.75,False,False,True,True,2,-0.010153761187803423
2022-03-28,2454.0,2459.800048828125,2342.0,2352.14990234375,303521,2380.9025825292947,2392.850777209494,46.619243674811024,76.93227453052839,2498.0,301729.3,False,False,False,True,1,-0.05838674846126901
2022-03-29,2357.5,2394.89990234375,2336.25,2350.800048828125,238300,2378.0356745577546,2391.2017290376757,46.477672689798474,75.62639080290137,2498.0,296332.35,False,False,False,False,0,-0.058927122166483215
2022-03-30,2380.0,2390.0,2352.199951171875,2362.35009765625,182382,2376.5418100909446,2390.070292512914,47.934607234698404,73.02450225782806,2498.0,287672.05,False,False,False,False,0,-0.054303403660428295
2022-03-31,2380.0,2385.699951171875,2344.0,2364.39990234375,264676,2375.3854379245454,2389.063610545496,48.20407942512887,70.78703432311713,2498.0,285807.35,False,False,False,False,0,-0.053482825322758165
2022-04-01,2355.0,2443.699951171875,2355.0,2435.550048828125,214106,2381.1154008677436,2390.8866081252067,56.600554196158285,72.06652838374269,2498.0,287062.9,False,False,True,False,1,-0.02499998045311247
2022-04-04,2450.0,2480.0,2440.0,2469.199951171875,164413,2389.5044056586135,2393.9577196172327,59.910527323470504,70.09391572575215,2498.0,280164.4,False,False,True,False,1,-0.011529242925590433
2022-04-05,2482.0,2675.449951171875,2481.0,2654.449951171875,1161280,2414.7373147551143,2404.1731012468267,72.39335562101496,79.81935031676987,2498.0,272285.7,True,True,True,True,2,0.0626300845363792
2022-04-06,2630.0,2684.89990234375,2619.75,2653.89990234375,392461,2437.51470404927,2413.9663091329808,72.32134826287427,78.7715326044113,2675.449951171875,308735.45,True,False,True,True,2,-0.00805473816420521
2022-04-07,2647.0,2653.39990234375,2570.0,2610.35009765625,227637,2453.9752177261257,2421.667634173109,66.66728588217165,79.13784472864978,2684.89990234375,315296.25,True,False,True,False,1,-0.027766325523876256
2022-04-08,2620.0,2724.0,2603.14990234375,2689.25,853591,2476.3823398474474,2432.161060283968,71.07877932832957,82.11729136633551,2684.89990234375,286176.95,True,True,True,True,2,0.0016202085047760661
2022-04-11,2688.0,2730.0,2651.0,2664.25,310168,2494.2744979572144,2441.2625873316556,68.00749539421857,81.89462769731153,2724.0,315337.1,True,False,True,False,1,-0.021934654919236407
2022-04-12,2666.0,2674.0,2566.10009765625,2646.35009765625,278544,2508.7578884047416,2449.3052347953653,65.81469932024537,83.75214731491428,2730.0,321784.35,True,False,True,False,1,-0.030640989869505475
2022-04-13,2645.0,2660.0,2600.0,2617.85009765625,149796,2519.1476226191708,2455.914837260498,62.36665531601889,82.05556536384898,2730.0,327147.3,True,False,True,False,1,-0.04108055030906599
2022-04-18,2605.0,2641.800048828125,2537.89990234375,2568.449951171875,251049,2523.843082481333,2460.327978982513,56.8108240546183,83.6158925867437,2730.0,319815.8,True,False,True,False,1,-0.059175842061584216
2022-04-19,2590.0,2675.0,2541.10009765625,2604.10009765625,297642,2531.4866077360875,2465.966101283444,59.607337065283524,87.207607569387,2730.0,317097.35,True,False,True,False,1,-0.04611718034569601
2022-04-20,2617.800048828125,2678.10009765625,2592.050048828125,2617.89990234375,285429,2539.7164453177697,2471.924289560319,60.668968018949315,87.124924802154,2730.0,318156.05,True,False,True,False,1,-0.041062306833791196
2022-04-21,2620.199951171875,2755.10009765625,2620.199951171875,2743.89990234375,1237606,2559.1624888440533,2482.589999865552,68.74610612994316,90.70172983860729,2730.0,324596.0,True,True,True,True,2,0.005091539320055016
2022-04-22,2758.800048828125,2820.0,2476.25,2520.10009765625,2371341,2555.4422611118816,2484.060984092638,49.35741747671503,108.77660627870678,2755.10009765625,377233.95,True,False,False,True,1,-0.0852963564554019
2022-04-25,2500.0,2613.0,2485.10009765625,2550.85009765625,1166076,2555.004912211345,2486.6801650167017,51.38617537122548,110.14255599763844,2820.0,490756.5,True,False,True,True,2,-0.09544322778147163
2022-04-26,2586.949951171875,2612.75,2490.0,2518.050048828125,441997,2551.4854014129432,2487.9103565387186,49.1255138713879,111.04308771209284,2820.0,540486.1,True,False,False,False,0,-0.10707445077016842
2022-04-27,2524.0,2542.39990234375,2450.0,2505.25,311061,2547.0820298498056,2488.5903425568085,48.23372536822964,109.71143161435407,2820.0,539600.75,True,False,False,False,0,-0.11161347517730491
2022-04-28,2527.0,2540.0,2470.0,2520.699951171875,234509,2544.5694509280984,2489.849542894654,49.42708922885158,106.87490078475736,2820.0,539977.75,True,False,False,False,0,-0.10613476908798758
2022-04-29,2540.0,2549.10009765625,2466.5,2486.14990234375,210478,2539.0056843962557,2489.7044589514817,46.82733865091904,105.14098627557827,2820.0,539788.2,True,False,False,False,0,-0.11838655945257093
2022-05-02,2480.0,2505.0,2445.050048828125,2467.25,173852,2532.1718096918503,2488.8238919337764,45.41996624047848,101.91305519674232,2820.0,541193.0,True,False,False,False,0,-0.12508865248226952
2022-05-04,2475.0,2504.199951171875,2410.0,2428.300048828125,193279,2522.279261038162,2486.450407890418,42.579791085849536,101.36211919496608,2820.0,536651.8,True,False,False,False,0,-0.13890069190492016
2022-05-05,2472.699951171875,2539.0,2436.85009765625,2448.25,410414,2515.228855225004,2484.952352679029,44.49429195036061,102.02910719331672,2820.0,535610.45,True,False,False,False,0,-0.13182624113475172
2022-05-06,2411.949951171875,2447.300048828125,2375.050048828125,2418.449951171875,377674,2506.0118167437536,2482.344415365023,42.229310690929715,99.96988176321373,2820.0,547910.5,True,False,False,False,0,-0.14239363433621455
2022-05-09,2415.550048828125,2458.85009765625,2380.0,2437.89990234375,242815,2499.5249677532775,2480.6014932857574,44.22496976146835,98.46132575557348,2820.0,508730.2,True,False,False,False,0,-0.13549648853058516
2022-05-10,2435.0,2504.10009765625,2365.0,2393.550048828125,816343,2489.4321183318343,2477.187711150164,40.76681855311457,101.36409517705037,2820.0,501247.9,True,False,False,True,1,-0.15122338694038118
2022-05-11,2427.25,2451.550048828125,2367.050048828125,2428.39990234375,597024,2483.619526332969,2475.274463745991,44.4430931493906,100.15951695011822,2820.0,530683.2,True,False,False,True,1,-0.1388652828568262
2022-05-12,2424.949951171875,2450.10009765625,2382.800048828125,2431.699951171875,377134,2478.6748048890554,2473.5656593313197,44.79251090618317,97.81241208426157,2820.0,517854.85,True,False,False,False,0,-0.13769505277593086
2022-05-13,2465.89990234375,2566.25,2446.050048828125,2540.699951171875,586359,2484.5819616778954,2476.1983766584003,54.885387440062395,100.43652899453753,2820.0,521203.15,True,False,True,True,2,-0.09904257050642729
2022-05-16,2550.050048828125,2594.0,2525.0,2572.39990234375,326883,2492.9455750746433,2479.9709855088063,57.328649930009725,98.19106263778485,2820.0,536593.9,True,False,True,False,1,-0.0878014530695922
2022-05-17,2599.64990234375,2629.89990234375,2573.0,2603.10009765625,289065,2503.436481987177,2484.7995781420395,59.61001016789039,95.28455816365737,2820.0,545448.25,True,False,True,False,1,-0.07691485898714534
2022-05-18,2619.0,2627.25,2556.0,2560.89990234375,233556,2508.9091886878027,2487.783904581322,55.238258650331716,93.5678040091104,2820.0,547349.05,True,False,True,False,1,-0.09187946725398932
2022-05-19,2482.0,2550.0,2482.0,2517.800048828125,177771,2509.7559372725955,2488.961008277275,51.11508718237608,92.52009674729895,2820.0,544144.75,True,False,True,False,1,-0.10716310325243794
2022-05-20,2540.0,2569.5,2520.800048828125,2556.550048828125,159377,2514.212519325503,2491.6115588871126,54.409983564959376,89.60437206334011,2820.0,538761.85,True,False,True,False,1,-0.09342196850066486
2022-05-23,2579.0,2590.25,2533.199951171875,2543.199951171875,170159,2516.973227120395,2493.634633094358,53.08254010494444,87.27906326082474,2820.0,484850.4,True,False,True,False,1,-0.09815604568373226
2022-05-24,2543.199951171875,2569.699951171875,2510.0,2527.949951171875,98846,2518.0186294110126,2494.980331842496,51.53580277435469,85.30912668304262,2629.89990234375,374791.3,True,False,True,False,1,-0.038765715410315704
2022-05-25,2545.0,2545.0,2436.39990234375,2443.64990234375,168247,2510.935893499845,2492.9673738229376,43.91769555900542,86.97276746684315,2629.89990234375,321429.8,True,False,False,False,0,-0.07082018590670136
2022-05-26,2439.14990234375,2470.0,2365.0,2408.949951171875,230882,2501.222946611467,2489.672572934661,41.216856987416094,88.26042693349721,2629.89990234375,307742.3,True,False,False,False,0,-0.0840145858688256
2022-05-27,2425.0,2438.949951171875,2374.0,2399.25,213946,2491.5112374103746,2486.126589682321,40.46766589180927,86.5953929505242,2629.89990234375,303733.35,True,False,False,False,0,-0.08770292060857388
2022-05-30,2424.85009765625,2470.0,2400.0,2434.14990234375,317334,2486.048253118315,2484.088288218063,44.384649559890875,85.4635791683439,2629.89990234375,302705.2,True,False,False,True,1,-0.07443249069120417
2022-05-31,2439.0,2486.199951171875,2430.10009765625,2441.800048828125,398529,2481.834138424011,2482.429925889046,45.23525883199253,83.36617019314969,2629.89990234375,308048.0,False,False,False,True,1,-0.07152357903355622
2022-06-01,2449.949951171875,2511.75,2445.0,2493.699951171875,211318,2482.9642158285696,2482.871887664843,50.73970827003756,82.40786883448722,2629.89990234375,319281.85,True,False,True,False,1,-0.05178902476497094
2022-06-02,2497.0,2549.89990234375,2488.60009765625,2541.050048828125,440698,2488.4961999237657,2485.1533841810506,55.16710697327632,80.90014996684528,2629.89990234375,320183.8,True,False,True,True,2,-0.033784500100723425
2022-06-03,2570.0,2570.699951171875,2442.5,2453.85009765625,276607,2485.1965711363837,2483.925804317333,46.82118857104407,84.27870719577597,2629.89990234375,321698.0,True,False,False,False,0,-0.06694163702983735
2022-06-06,2456.14990234375,2476.89990234375,2429.300048828125,2455.35009765625,151375,2482.3540498525613,2482.80518836984,46.969808421989725,81.65878907576518,2629.89990234375,316644.65,False,False,False,False,0,-0.06637127311649482
2022-06-07,2449.89990234375,2449.89990234375,2401.0,2418.449951171875,170547,2476.2679452163056,2480.281453577763,43.731945158686486,79.70816826008554,2629.89990234375,312072.65,False,False,False,False,0,-0.08040228108432268
2022-06-08,2442.39990234375,2442.39990234375,2269.449951171875,2314.10009765625,789003,2460.823388305824,2473.7645376592723,36.14399736315765,86.36829561092765,2629.89990234375,279782.85,False,False,False,True,1,-0.12008054162291926
2022-06-09,2265.10009765625,2335.0,2265.10009765625,2320.10009765625,240954,2447.421170148722,2467.7384811885654,36.82277909779022,85.19198180612923,2629.89990234375,289381.8,False,False,False,False,0,-0.11779908596954902
2022-06-10,2308.0,2340.75,2295.0,2332.35009765625,125331,2436.4620203875343,2462.429132814749,38.26564138143934,82.37469739140572,2629.89990234375,282572.8,False,False,False,False,0,-0.1131411140105848
2022-06-13,2260.050048828125,2288.64990234375,2222.800048828125,2232.39990234375,318676,2417.0275329547926,2453.408378678632,31.870066664685467,84.31579392259995,2629.89990234375,259521.4,False,False,False,True,1,-0.15114643703577868
2022-06-14,2230.0,2238.64990234375,2133.5,2151.5,840356,2391.7391964829076,2441.5688344167247,27.817438567011152,85.80394452411068,2629.89990234375,259111.05,False,False,False,True,1,-0.1819080269623201
2022-06-15,2159.0,2228.0,2154.0,2218.60009765625,502633,2375.2497584994167,2432.8249623869024,35.17990428316095,85.13937705810277,2627.25,286675.6,False,False,False,True,1,-0.15554283084736897
2022-06-16,2264.0,2282.35009765625,2125.10009765625,2135.800048828125,502532,2352.445024245008,2421.1769265610683,30.98063746692401,90.29013583966686,2590.25,300129.45,False,False,False,True,1,-0.17544636663328828
2022-06-17,2121.0,2186.199951171875,2082.550048828125,2135.25,485919,2331.7597838407214,2409.9641059116143,30.95420402044826,91.2444048756728,2590.25,316367.5,False,False,False,True,1,-0.1756587202007528
2022-06-20,2110.0,2150.0,2043.8499755859373,2080.199951171875,319006,2307.8017045389265,2397.032178274762,28.347348110251204,92.3090919855578,2590.25,332694.6,False,False,False,False,0,-0.1969115138801757
2022-06-21,2094.0,2143.14990234375,2080.199951171875,2116.25,388709,2289.558685059029,2386.0211124600655,32.36438361748145,90.21201049886618,2570.699951171875,340136.95,False,False,False,True,1,-0.17678062776821157
2022-06-22,2116.0,2176.949951171875,2081.0,2125.449951171875,459617,2273.929281831681,2375.8026355468032,33.39067988951335,90.6218634040811,2570.699951171875,354630.1,False,False,False,True,1,-0.17320185492555407
2022-06-23,2130.550048828125,2192.64990234375,2130.550048828125,2185.25,308775,2265.4836359429496,2368.329983172419,39.78644182924819,88.94886967320924,2570.699951171875,369198.6,False,False,False,False,0,-0.14993968899255028
2022-06-24,2245.0,2245.0,2183.300048828125,2221.199951171875,470361,2261.2661421552284,2362.560177995927,43.31048699023033,87.00251835168537,2570.699951171875,373093.25,False,False,False,True,1,-0.13595518988541522
2022-06-27,2250.0,2287.64990234375,2222.0,2260.300048828125,269689,2261.174133266933,2358.5499768520917,46.94728364994143,85.53447783884178,2570.699951171875,385914.0,False,False,False,False,0,-0.12074528659101258
2022-06-28,2265.25,2287.35009765625,2227.449951171875,2238.0,223020,2258.9670729557965,2353.822526779461,45.16754814425121,83.70345417066558,2570.699951171875,383531.75,False,False,False,False,0,-0.12941998579811342
2022-06-29,2210.0,2244.25,2201.0,2219.949951171875,156190,2255.251156595423,2348.5726218536734,43.72274181884912,80.81392172990375,2570.699951171875,374756.3,False,False,False,False,0,-0.13644143877627868
2022-06-30,2215.0,2239.0,2186.75,2201.199951171875,150803,2250.103422745561,2342.793301434779,42.21221367833008,78.77364160633921,2570.699951171875,371999.9,False,False,False,False,0,-0.14373517213923015
2022-07-01,2202.5,2216.800048828125,2156.25,2176.89990234375,409500,2243.1316588977697,2336.287677941013,40.27044104650468,77.47195640789533,2570.699951171875,357505.15,False,False,False,True,1,-0.1531878695717126
2022-07-04,2182.14990234375,2198.050048828125,2133.550048828125,2150.35009765625,250242,2234.2953197319107,2328.996008125924,38.202713439244846,76.54538809304567,2476.89990234375,364149.8,False,False,False,False,0,-0.13183811117215694
2022-07-05,2170.0,2240.0,2160.0,2179.85009765625,445118,2229.1100604866097,2323.147148891819,41.77977324720315,77.48142482523885,2449.89990234375,369093.15,False,False,False,True,1,-0.11022891360955234
2022-07-06,2187.85009765625,2225.0,2180.10009765625,2215.35009765625,217597,2227.7995878360994,2318.919813549248,45.84240262829058,75.17203036227536,2442.39990234375,382821.7,False,False,False,False,0,-0.09296176456182337
2022-07-07,2242.300048828125,2264.300048828125,2211.800048828125,2250.550048828125,215276,2229.9662984067686,2316.2386463052826,49.598003600390555,73.55259962211284,2340.75,354251.4,False,False,False,False,0,-0.038534636835149016
2022-07-08,2234.050048828125,2253.75,2197.0,2204.050048828125,214749,2227.4980841611837,2311.839093463041,45.14432575008198,72.35241393481907,2340.75,352967.5,False,False,False,False,0,-0.05840006458266578
2022-07-11,2204.14990234375,2250.0,2200.050048828125,2246.550048828125,167208,2229.3125569866065,2309.2787387714757,49.59898554633784,70.75223802318021,2288.64990234375,357438.4,False,False,False,False,0,-0.018395060543122677
2022-07-12,2239.89990234375,2240.0,2205.10009765625,2214.35009765625,149416,2227.887560859906,2305.5560469630354,46.51683326092052,68.65921753380127,2287.64990234375,349865.0,False,False,False,False,0,-0.032041530748390556
2022-07-13,2238.14990234375,2248.699951171875,2202.14990234375,2212.199951171875,208050,2226.3935027943794,2301.8950235986763,46.309889393367555,67.07999119768154,2287.64990234375,315318.0,False,False,False,False,0,-0.032981423903445495
2022-07-14,2219.300048828125,2234.0,2133.449951171875,2145.199951171875,247937,2218.6607835922364,2295.7501187976254,40.29430857939305,69.47070959985608,2287.64990234375,300588.85,False,False,False,False,0,-0.062269122135310884
2022-07-15,2160.0,2166.0,2104.0,2156.550048828125,518757,2212.745475519464,2290.2912925243118,41.6764648256577,68.93708748558065,2287.64990234375,287859.1,False,False,False,True,1,-0.05730765594040865
2022-07-18,2184.0,2184.0,2134.0,2153.300048828125,337959,2207.0840063107653,2284.9190868891674,41.38106413293813,67.58443837946774,2287.64990234375,289501.0,False,False,False,True,1,-0.05872832786956628
2022-07-19,2159.550048828125,2260.0,2132.0,2250.800048828125,2189907,2211.247438931466,2283.5810853965777,52.30336867257187,71.89983563807719,2287.64990234375,290448.65,False,False,True,True,2,-0.016108169994836885
2022-07-20,2289.0,2290.0,2192.550048828125,2199.0,845808,2210.0810161760883,2280.264180086908,47.26461935097861,73.72484389049133,2287.64990234375,380508.55,False,False,False,True,1,-0.03875151624071771
2022-07-21,2200.0,2248.050048828125,2198.550048828125,2229.699951171875,727176,2211.949486175687,2278.2812691490635,50.31934759822603,71.99449789831338,2290.0,399818.1,False,False,True,True,2,-0.026331899051582952
2022-07-22,2235.0,2248.0,2198.0,2210.89990234375,257552,2211.8495258107405,2275.6388626076787,48.46782095243537,70.42346233414814,2290.0,420738.15,False,False,False,False,0,-0.034541527360807844
2022-07-25,2224.0,2237.0,2204.0,2222.25,281283,2212.8400471620985,2273.545181721103,49.67183448855029,67.750357881709,2290.0,410097.7,False,False,False,False,0,-0.029585152838427997
2022-07-26,2222.25,2239.0,2203.0,2207.550048828125,348502,2212.336237796958,2270.957137293927,48.10422787199997,65.48247517587264,2290.0,410677.4,False,False,False,False,0,-0.03600434548990172
2022-07-27,2207.550048828125,2235.0,2201.10009765625,2223.050048828125,379121,2213.3566007523073,2269.0784279423274,49.8996562418567,63.22657711643531,2290.0,416951.5,False,False,False,False,0,-0.02923578653793668
2022-07-28,2235.0,2300.0,2223.050048828125,2272.050048828125,673056,2218.946452950004,2269.1949620947116,55.17885613268975,64.20681812039528,2290.0,428098.05,False,False,True,True,2,-0.007838406625272909
2022-07-29,2294.0,2336.0,2287.199951171875,2317.449951171875,491549,2228.3277384949442,2271.087314607542,59.443043503398265,64.18847048121526,2300.0,454210.7,False,True,True,True,2,0.007586935292119623
2022-08-01,2336.0,2359.550048828125,2288.35009765625,2342.300048828125,515788,2239.182244240961,2273.879970851486,61.596715578561074,64.6892905305481,2336.0,458313.15,False,True,True,True,2,0.002696938710669894
2022-08-02,2343.0,2389.0,2331.0,2377.199951171875,384807,2252.326787758191,2277.931734785619,64.45176151629882,64.21148406408038,2359.550048828125,471590.45,False,True,True,False,1,0.007480198333794874
2022-08-03,2377.0,2387.300048828125,2338.14990234375,2355.75,200623,2262.176617495506,2280.983431460693,61.42899288667903,63.13567423695857,2389.0,468574.9,False,False,True,False,1,-0.013917957304311446
2022-08-04,2363.0,2399.0,2321.550048828125,2374.75,271601,2272.8978920197433,2284.6605517955677,63.08070913857315,64.1581225894526,2389.0,467726.2,False,False,True,False,1,-0.0059648388447048895
2022-08-05,2380.0,2405.0,2351.050048828125,2360.64990234375,169952,2281.2552263363154,2287.6405263268693,60.99328969671221,63.42896748819706,2399.0,470542.45,False,False,True,False,1,-0.015985868135160453
2022-08-08,2355.0,2382.0,2345.35009765625,2360.449951171875,132693,2288.797581082559,2290.4957978894186,60.962481781343016,61.51617712073656,2405.0,468302.6,False,False,True,False,1,-0.018523928826663205
2022-08-10,2377.0,2433.0,2350.60009765625,2421.14990234375,660830,2301.4025640598156,2295.6194882601767,66.49517598621662,63.00787177952323,2405.0,466576.85,True,True,True,True,2,0.006715136109667341
2022-08-11,2446.050048828125,2460.0,2412.0,2417.5,238979,2312.4594627207857,2300.3991161715426,65.89045566293953,61.93588093812872,2433.0,492147.55,True,False,True,False,1,-0.006370735717221576
2022-08-12,2415.10009765625,2440.0,2385.0,2409.449951171875,168815,2321.6966520970796,2304.6756195048893,64.49727403826316,61.44046087111953,2460.0,493694.0,True,False,True,False,1,-0.020548800336636197
2022-08-16,2425.0,2446.0,2405.699951171875,2439.89990234375,256715,2332.9541045015244,2309.978532557394,67.31265782592119,59.93043143947707,2460.0,489737.9,True,False,True,False,1,-0.008170771404979682
2022-08-17,2449.0,2478.800048828125,2440.0,2457.60009765625,258779,2344.8251514686413,2315.7676135416627,68.85858960361753,58.42826822839835,2460.0,476635.8,True,False,True,False,1,-0.0009755700584349603
2022-08-18,2452.89990234375,2468.85009765625,2435.0,2459.699951171875,172105,2355.765608583235,2321.4120189389264,69.04562695841496,56.67268461610204,2478.800048828125,472676.8,True,False,True,False,1,-0.007705380538974738
2022-08-19,2459.89990234375,2468.0,2403.550048828125,2419.89990234375,180353,2361.8736365604273,2325.2742888763705,61.50542796973941,57.22820365580011,2478.800048828125,371786.7,True,False,True,False,1,-0.023761556125602268
2022-08-22,2419.89990234375,2419.89990234375,2340.050048828125,2345.199951171875,175714,2360.2856665234226,2326.055687397763,50.38399756605652,58.844035788644746,2478.800048828125,338513.95,True,False,True,False,1,-0.053897085293108105
2022-08-23,2320.0,2406.35009765625,2310.0,2399.699951171875,225646,2364.0394079185135,2328.943697741846,56.5561466847817,61.52304020775941,2478.800048828125,310940.85,True,False,True,False,1,-0.03191064067214511
2022-08-24,2413.800048828125,2446.449951171875,2388.449951171875,2435.25,224219,2370.8213690691314,2333.112572340205,60.047449596275456,61.27139447863374,2478.800048828125,309345.55,True,False,True,False,1,-0.017569004344950567
2022-08-25,2453.0,2453.0,2393.0,2402.75,480148,2373.8621910625475,2335.8434518562754,55.64482349619288,61.18058058730276,2478.800048828125,306492.35,True,False,True,True,2,-0.030680186917084518
2022-08-26,2419.0,2453.949951171875,2401.199951171875,2408.35009765625,248300,2377.146753595281,2338.686849730784,56.240197020977845,60.57839625963828,2478.800048828125,313074.65,True,False,True,False,1,-0.028420989908072958
2022-08-29,2351.10009765625,2425.0,2343.14990234375,2417.85009765625,319794,2381.0232625534686,2341.7912908259004,57.287595445238196,62.097803502253406,2478.800048828125,306533.6,True,False,True,True,2,-0.024588490386987738
2022-08-30,2440.0,2502.949951171875,2430.10009765625,2470.14990234375,569354,2389.511513962067,2346.824961865816,62.59548343309262,63.74080707463709,2478.800048828125,288870.5,True,False,True,True,2,-0.0034896507640720387
2022-09-01,2462.949951171875,2489.25,2441.10009765625,2483.449951171875,367495,2398.4580317915725,2352.182804583701,63.82658830777723,62.62717102243087,2502.949951171875,292760.75,True,False,True,True,2,-0.0077908069999043095
2022-09-02,2490.0,2543.89990234375,2466.050048828125,2473.449951171875,343567,2405.6001193516013,2356.938378959708,62.16974462491821,63.71450548623045,2502.949951171875,285346.1,True,False,True,True,2,-0.01178609264088093
2022-09-05,2491.449951171875,2535.0,2475.0,2498.85009765625,242091,2414.48106966633,2362.503544398788,64.67786165547305,63.55990143922292,2543.89990234375,283284.1,True,False,True,False,1,-0.0177089533460002
2022-09-06,2515.0,2519.75,2486.35009765625,2494.25,116636,2422.078110650489,2367.670072069424,63.8522041535333,61.40561578954628,2543.89990234375,285357.5,True,False,True,False,1,-0.019517238983344565
2022-09-07,2491.800048828125,2528.800048828125,2468.050048828125,2515.60009765625,196702,2430.9849665558,2373.4712495434173,66.0203133216725,61.35878609029298,2543.89990234375,277609.25,True,False,True,False,1,-0.011124574776478768
2022-09-08,2525.0,2537.85009765625,2490.0,2501.199951171875,148298,2437.672107947807,2378.4802182347294,63.26412700650176,60.39387977357563,2543.89990234375,278946.75,True,False,True,False,1,-0.01678523244272878
2022-09-09,2519.0,2552.0,2504.050048828125,2528.699951171875,202663,2446.3414263500995,2384.3711881538334,66.1688099410978,59.708606134614875,2543.89990234375,279727.0,True,False,True,False,1,-0.005975058671872646
2022-09-12,2528.699951171875,2528.699951171875,2528.699951171875,2528.699951171875,0,2454.1850953807448,2390.031139644737,66.1688099410978,55.4437056964281,2552.0,256818.65,True,False,True,False,1,-0.009130113177164945
2022-09-13,2550.0,2659.0,2550.0,2638.5,555754,2471.738895820674,2399.775016521414,75.23593353145107,60.79058734869216,2552.0,244869.7,True,True,True,True,2,0.033894984326018784
2022-09-14,2610.0,2653.0,2605.0,2645.25,324717,2488.2637628853718,2409.40148646175,75.6676730733952,59.87697396664273,2659.0,264216.65,True,False,True,True,2,-0.0051711169612636
2022-09-15,2655.64990234375,2719.75,2646.199951171875,2652.699951171875,680793,2503.924352245991,2418.9426027248924,76.16165415695234,60.92147582616825,2659.0,267616.75,True,False,True,True,2,-0.0023693301346841
2022-09-16,2664.85009765625,2671.949951171875,2590.0,2599.300048828125,412572,2513.0077519204797,2426.0154437485485,65.84330915303318,62.42350977943302,2719.75,288717.45,True,False,True,True,2,-0.044287140793041635
2022-09-19,2581.0,2614.0,2571.300048828125,2585.0,172011,2519.8641564994814,2432.2501322289977,63.36747351601831,61.014684164607445,2719.75,300740.8,True,False,True,False,1,-0.04954499494438824
2022-09-20,2614.0,2669.699951171875,2600.75,2623.10009765625,231658,2529.696150895364,2439.7344445986937,66.9348868063643,62.70648895084084,2719.75,300323.7,True,False,True,False,1,-0.03553631853800898
2022-09-21,2624.0,2654.449951171875,2595.0,2604.449951171875,201665,2536.8155604455083,2446.1938762290147,63.66646476401417,62.47387910948614,2719.75,303120.9,True,False,True,False,1,-0.0423936203063241
2022-09-22,2589.449951171875,2637.949951171875,2585.0,2604.85009765625,165078,2543.295040179865,2452.4156888340044,63.707412036382536,61.79359854251392,2719.75,301921.85,True,False,True,False,1,-0.04224649410561632
2022-09-23,2609.0,2638.449951171875,2560.0,2580.800048828125,191261,2546.8669457654137,2457.4503696180877,59.37618219575603,62.98333801603972,2719.75,298964.8,True,False,True,False,1,-0.05108923657390385
2022-09-26,2549.949951171875,2571.0,2451.10009765625,2495.050048828125,375161,2541.9320031999578,2458.924866842011,47.08470744651979,67.74881038431366,2719.75,284520.45,True,False,False,True,1,-0.0826178697203328
2022-09-27,2507.0,2522.0,2470.0,2500.699951171875,172204,2538.0051411020454,2460.5631054431824,47.850712437435035,66.62389535686268,2719.75,290863.5,True,False,False,False,0,-0.0805405088071054
2022-09-28,2494.89990234375,2529.0,2468.949951171875,2514.39990234375,243415,2535.757023125065,2462.67435238046,49.750246538017805,66.15433489052427,2719.75,283484.0,True,False,False,False,0,-0.07550329907390385
2022-09-29,2526.949951171875,2607.0,2520.0,2586.60009765625,419989,2540.599220699464,2467.53418552853,58.35873112010366,68.04331794521896,2719.75,267187.05,True,False,True,True,2,-0.04895666967322365
2022-09-30,2594.0,2599.0,2528.10009765625,2560.75,226182,2542.51834253761,2471.1897076646665,54.74273652076244,68.24735968797118,2719.75,269811.75,True,False,True,False,1,-0.05846125563011306
2022-10-03,2550.0,2581.14990234375,2531.0,2542.85009765625,160643,2542.5499382631947,2473.9999190368853,52.32502471259925,66.95468416338396,2719.75,263942.5,True,False,True,False,1,-0.06504270699283021
2022-10-04,2574.0,2665.0,2560.199951171875,2633.85009765625,355302,2551.2451915387237,2480.2685534925467,61.60812022990109,70.89719974769582,2719.75,259870.1,True,False,True,True,2,-0.03158374936804853
2022-10-06,2650.0,2700.0,2630.0,2642.949951171875,282347,2559.9789781704526,2486.648216146638,62.39662950921004,70.83311405143183,2719.75,271803.4,True,False,True,True,2,-0.028237907465070267
2022-10-07,2654.0,2678.949951171875,2597.0,2604.89990234375,239419,2564.257161425053,2491.2855371739756,57.1143857068567,71.6271738457492,2719.75,276085.65,True,False,True,False,1,-0.04222818187563193
2022-10-10,2584.89990234375,2628.949951171875,2577.10009765625,2614.35009765625,155471,2569.0279172565956,2496.1115983693594,58.06393013085956,70.21450810788319,2719.75,280641.7,True,False,True,False,1,-0.03875352600193027
2022-10-11,2610.0,2644.0,2555.0,2584.949951171875,204428,2570.544301439003,2499.595455342007,54.05410247903985,71.55632895732012,2719.75,278282.1,True,False,True,False,1,-0.04956339694020595
2022-10-12,2580.0,2593.949951171875,2543.199951171875,2575.75,136019,2571.040082254336,2502.581908073693,52.824747182057806,70.07016260322582,2719.75,288503.5,True,False,True,False,1,-0.05294604283481941
2022-10-13,2581.10009765625,2598.0,2568.449951171875,2574.60009765625,136687,2571.379131340233,2505.4061508024206,52.66352721814672,67.1758687621472,2719.75,267516.75,True,False,True,False,1,-0.05336883990945862
2022-10-14,2600.0,2623.60009765625,2562.800048828125,2570.449951171875,151383,2571.2906379908654,2507.9568880718107,52.04614079496568,66.72045305257419,2719.75,258115.25,True,False,True,False,1,-0.054894769308989844
2022-10-17,2570.0,2624.85009765625,2551.25,2618.800048828125,223353,2575.8153437848905,2512.3036786897055,58.19499288461314,67.21185623855104,2700.0,231644.75,True,False,True,False,1,-0.030074055989583348
2022-10-18,2637.0,2770.0,2612.85009765625,2749.050048828125,1315807,2592.3138871223414,2521.5878500676827,69.52973746939287,73.63600238892239,2700.0,222183.8,True,True,True,True,2,0.018166684751157458
2022-10-19,2791.0,2862.5,2674.0,2706.64990234375,1293572,2603.2030314291424,2528.845185451058,63.49450647779487,81.8405736468565,2770.0,279373.6,True,False,True,True,2,-0.022870071356046906
2022-10-20,2698.0,2708.89990234375,2630.300048828125,2649.25,483384,2607.5884570073194,2533.5669428843503,56.362058195934736,81.60909363748281,2862.5,332469.3,True,False,True,True,2,-0.07449781659388643
2022-10-21,2650.0,2754.89990234375,2650.0,2698.10009765625,674894,2616.2086132595987,2540.0192234636406,60.43537763900155,83.32629425935905,2862.5,346555.25,True,False,True,True,2,-0.057432280294759774
2022-10-24,2698.10009765625,2698.10009765625,2698.10009765625,2698.10009765625,0,2624.007802249756,2546.218473431978,60.43537763900155,77.37441609797627,2862.5,372046.05,True,False,True,False,1,-0.057432280294759774
2022-10-25,2722.0,2789.89990234375,2694.64990234375,2765.39990234375,478836,2637.473716544422,2554.8138235853808,65.57031340439002,78.6512435195494,2862.5,362483.0,True,False,True,True,2,-0.0339214314956332
2022-10-27,2765.0,2802.85009765625,2758.10009765625,2775.14990234375,362667,2650.585734239596,2563.4544541249247,66.25364323351079,76.22972612529587,2862.5,367666.75,True,False,True,False,1,-0.030515317958515253
2022-10-28,2784.449951171875,2794.5,2743.050048828125,2752.800048828125,215373,2660.320430867075,2570.879771564266,63.15915816664275,74.45974220005154,2862.5,377189.9,True,False,True,False,1,-0.038323127046943184
2022-10-31,2767.300048828125,2790.0,2750.0,2777.449951171875,174844,2671.475623277056,2578.9805629214275,65.09551362274084,71.998332042905,2862.5,375787.8,True,False,True,False,1,-0.029711807450873318
2022-11-01,2782.300048828125,2792.550048828125,2757.85009765625,2773.75,134708,2681.2160401078127,2586.618580061764,64.54711313250242,69.33416198068858,2862.5,363530.55,True,False,True,False,1,-0.03100436681222707
2022-11-02,2772.949951171875,2838.75,2770.25,2810.14990234375,494169,2693.4954555588542,2595.384514268901,67.45218895198988,69.27457898206796,2862.5,358956.85,True,False,True,True,2,-0.01828824372270743
2022-11-03,2811.0,2846.39990234375,2729.64990234375,2750.75,369760,2698.9482693151535,2601.4772784152187,58.961471718014074,72.66568048334882,2862.5,375633.15,True,False,True,False,1,-0.03903930131004363
2022-11-04,2762.0,2780.0,2725.0,2729.10009765625,284880,2701.8198720143055,2606.4820948560437,56.185424246121286,71.40384616310962,2862.5,376356.05,True,False,True,False,1,-0.046602585971615706
2022-11-07,2754.449951171875,2765.0,2720.10009765625,2749.39990234375,162195,2706.3513034742527,2612.0867147575223,58.173927300002006,69.51070731886965,2862.5,376482.7,True,False,True,False,1,-0.03951095114628822
2022-11-09,2772.5,2772.5,2678.949951171875,2686.60009765625,181198,2704.470236253491,2615.0088082045313,50.53318671549151,71.22780314095932,2862.5,372621.5,True,False,True,False,1,-0.061449747543668165
2022-11-10,2682.89990234375,2736.75,2670.5,2710.10009765625,215103,2705.0064135299444,2618.7378783791087,53.01984315202044,70.87224577374795,2862.5,373907.85,True,False,True,False,1,-0.05324014055676851
2022-11-11,2736.0,2744.0,2694.449951171875,2705.949951171875,199706,2705.096274257747,2622.1579596650995,52.51774551897243,69.34923170620345,2862.5,374441.6,True,False,True,False,1,-0.05468997338973802
2022-11-14,2705.949951171875,2718.800048828125,2662.35009765625,2695.39990234375,111212,2704.1728102659376,2625.030192711321,51.190608526639025,68.42785452518,2862.5,377625.95,True,False,True,False,1,-0.05837557996724896
2022-11-15,2690.0,2696.949951171875,2616.14990234375,2624.949951171875,190072,2696.627776066503,2625.027045984284,43.3184550949504,69.31158268967607,2862.5,376352.2,True,False,False,False,0,-0.08298691662117907
2022-11-16,2609.0,2635.0,2572.25,2619.64990234375,311648,2689.296549997669,2624.816177606224,42.785387133318984,68.84289821184207,2862.5,378286.65,True,False,False,False,0,-0.0848384620633188
2022-11-17,2599.75,2614.39990234375,2561.300048828125,2570.10009765625,491921,2677.944506917534,2622.670448980735,38.06882215948799,68.09339501925514,2862.5,382701.4,True,False,False,True,1,-0.10214843750000002
2022-11-18,2566.0,2590.89990234375,2500.0,2527.5,2617672,2663.6164586396735,2618.938274510902,34.54312275267844,69.72243125671906,2862.5,341507.1,True,False,False,True,1,-0.1170305676855895
2022-11-21,2525.050048828125,2577.89990234375,2516.85009765625,2524.85009765625,575210,2650.4006147364903,2615.2485420852295,34.33013466828206,69.10295793034628,2846.39990234375,407712.1,True,False,False,True,1,-0.11296719214427076
2022-11-22,2537.5,2546.949951171875,2508.300048828125,2519.64990234375,210038,2637.948165937182,2611.499575820858,33.88854279155409,66.92773967416083,2846.39990234375,412303.4,True,False,False,False,0,-0.11479412985187054
2022-11-23,2537.949951171875,2542.0,2502.0,2526.300048828125,456732,2627.3150119267957,2608.158417899574,35.03932291288733,65.00432969743507,2846.39990234375,389060.6,True,False,False,True,1,-0.11245779387922694
2022-11-24,2524.800048828125,2546.300048828125,2510.0,2520.25,321974,2617.118344124244,2604.711028962336,34.45177993882773,62.95402392105578,2846.39990234375,411897.2,True,False,False,False,0,-0.11458330295584795
2022-11-25,2534.949951171875,2561.89990234375,2521.0,2550.10009765625,279414,2610.735653984435,2602.569423813078,39.81407187032242,61.43230095124822,2846.39990234375,404054.1,True,False,False,False,0,-0.10409633742733204
2022-11-28,2561.0,2574.5,2540.85009765625,2548.949951171875,213855,2604.85130133562,2600.4666993957762,39.679378414890984,59.44784390785549,2846.39990234375,399891.45,True,False,False,False,0,-0.10450040801608806
2022-11-29,2539.89990234375,2565.800048828125,2525.0,2528.199951171875,195124,2597.5511727485964,2597.6327092693487,37.23213342106455,58.1158585450176,2846.39990234375,399815.55,False,False,False,False,0,-0.11179031832802777
2022-11-30,2528.949951171875,2574.0,2522.0,2565.0,208781,2594.451061058254,2596.3529951803544,43.84671985810037,57.679011506087775,2846.39990234375,400829.55,False,False,False,False,0,-0.09886168915058036
2022-12-01,2573.89990234375,2612.75,2560.0,2606.75,323490,2595.6223885765153,2596.760720859556,50.25194242316736,57.32693925565294,2846.39990234375,404533.2,False,False,True,False,1,-0.08419403828197869
2022-12-02,2616.0,2709.0,2601.0,2674.300048828125,641932,2603.1154990766686,2599.8014788191076,58.50014858241972,60.94644359453488,2846.39990234375,395999.25,True,False,True,True,2,-0.06046228900370487
2022-12-05,2689.89990234375,2695.89990234375,2645.64990234375,2672.60009765625,238730,2609.7330798937714,2602.6563266166427,58.23845763043141,60.18241190921096,2780.0,409607.85,True,False,True,False,1,-0.03863305839703235
2022-12-06,2676.300048828125,2740.0,2660.300048828125,2706.800048828125,541602,2618.9775531256146,2606.740394154348,61.92829935164685,61.57652185654411,2772.5,407300.35,True,False,True,True,2,-0.0236970067346709
2022-12-07,2715.949951171875,2733.0,2687.64990234375,2706.64990234375,232833,2627.3273006701993,2610.6584140833443,61.90244025543508,60.41749155652311,2772.5,426270.7,True,False,True,False,1,-0.02375116236474306
2022-12-08,2706.64990234375,2739.949951171875,2696.10009765625,2732.449951171875,193532,2637.338981670359,2615.4345527926985,64.63510646539444,59.23408883931611,2744.0,428852.45,True,False,True,False,1,-0.004209201467975543
2022-12-09,2742.0,2765.0,2708.050048828125,2733.800048828125,325548,2646.5257499710983,2620.076336950951,64.77748324030188,59.070936148784604,2744.0,427773.9,True,False,True,False,1,-0.003717183371674593
2022-12-12,2719.35009765625,2829.0,2717.5,2818.800048828125,526556,2662.93282605272,2627.869423691232,72.33030989195848,62.81586928101428,2765.0,434066.0,True,True,True,True,2,0.01945752218015362
2022-12-13,2834.699951171875,2990.0,2821.85009765625,2942.0,2232195,2689.510652142937,2640.188269820988,79.26909798988764,70.55758941607576,2829.0,454833.2,True,True,True,True,2,0.03994344291268992
2022-12-14,2940.0,3009.0,2935.5,3000.10009765625,774214,2719.090599334681,2654.302459147861,81.61109439046632,70.76776160064178,2990.0,556939.35,True,True,True,True,2,0.0033779590823579397
2022-12-15,3005.85009765625,3025.0,2965.0,2981.449951171875,602308,2744.0772042715566,2667.1317725605677,78.54370115810791,69.99863577202451,3009.0,580067.65,True,False,True,True,2,-0.009155881963484491
2022-12-16,2950.10009765625,2965.10009765625,2741.0,2753.89990234375,1907772,2745.0126993260515,2670.5344443167714,52.57785471168546,82.17372972915669,3025.0,585587.0,True,False,True,True,2,-0.08961986699380164
2022-12-19,2765.0,2765.35009765625,2657.0,2730.0,811353,2743.5829184378563,2672.8664268925845,50.68265763140487,84.04347029537765,3025.0,550092.0,True,False,True,True,2,-0.09752066115702485
2022-12-20,2730.5,2734.949951171875,2671.35009765625,2713.449951171875,324378,2740.7131120315726,2674.4579376486354,49.355939167258654,82.58321195396674,3025.0,561899.15,True,False,False,False,0,-0.10299175167871899
2022-12-21,2717.0,2771.699951171875,2660.0,2669.300048828125,582721,2733.9118679169587,2674.255667498812,45.90383779044391,84.66297904096018,3025.0,567616.15,True,False,False,True,1,-0.11758676071797525
2022-12-22,2690.0,2699.0,2607.0,2617.050048828125,347177,2722.782170860879,2672.012309903883,42.14676509489747,85.18705196660588,3025.0,573915.6,True,False,False,False,0,-0.13485948799070246
2022-12-23,2590.0,2605.10009765625,2506.10009765625,2513.89990234375,448226,2702.888621478295,2665.8118233328973,35.89990059586587,87.02725905269654,3025.0,575175.75,True,False,False,False,0,-0.1689587099690083
2022-12-26,2515.0,2600.0,2500.25,2578.199951171875,291849,2691.013510020541,2662.3760636403085,41.700693546999034,87.93602626321821,3025.0,583616.35,True,False,False,False,0,-0.14770249548037195
2022-12-27,2601.800048828125,2615.0,2565.0,2601.5,207085,2682.4884138281086,2659.988767026963,43.68930422335385,85.22631010155976,3025.0,587516.05,True,False,False,False,0,-0.14
2022-12-28,2598.050048828125,2612.5,2580.0,2601.64990234375,181789,2674.789507972456,2657.7009684119353,43.70260910212434,81.46014509430549,3025.0,588114.1,True,False,False,False,0,-0.1399504455061984
2022-12-29,2601.64990234375,2604.75,2560.14990234375,2568.699951171875,294022,2664.685740658115,2654.2107324417366,41.387758486386176,78.82728456301581,3025.0,586764.5,True,False,False,False,0,-0.1508429913481405
2022-12-30,2589.800048828125,2595.0,2561.300048828125,2569.10009765625,127701,2655.5823460865086,2650.8730604893644,41.42833288610186,75.60390360650575,3025.0,585291.1,True,False,False,False,0,-0.15071071151859505
2023-01-02,2570.199951171875,2609.0,2546.050048828125,2580.0,194548,2648.3840274116033,2648.0937247838992,42.59409154950957,74.70004986117499,3025.0,559579.55,True,False,False,False,0,-0.14710743801652892
2023-01-03,2591.5,2608.89990234375,2578.0,2590.89990234375,132642,2642.9093488337126,2645.8508297862463,43.7987168511693,71.57146789564463,3025.0,557370.45,False,False,False,False,0,-0.1435041645144628
2023-01-04,2594.0,2609.0,2565.0,2596.60009765625,177544,2638.498943959669,2643.9194285262465,44.45515073787513,69.60207733167002,3025.0,536922.45,False,False,False,False,0,-0.1416198024276859
2023-01-05,2600.0,2655.949951171875,2592.25,2648.449951171875,336238,2639.44665893226,2644.097096080977,50.15789171393508,69.18049689168467,3025.0,534158.0,False,False,True,False,1,-0.12447935498450413
2023-01-06,2648.449951171875,2669.300048828125,2608.0,2620.35009765625,200467,2637.6279388107355,2643.1658412407915,47.322280258067636,68.61760774428755,3025.0,541293.3,False,False,False,False,0,-0.13376856275826443
2023-01-09,2646.0,2659.0,2615.0,2653.699951171875,155269,2639.158606654654,2643.57894359103,50.87212978181939,66.85920719112416,3025.0,535039.25,False,False,True,False,1,-0.12274381779442145
2023-01-10,2660.0,2686.800048828125,2630.800048828125,2680.800048828125,199227,2643.1244582902227,2645.038594776798,53.607953534438636,66.08354953461529,3025.0,516474.9,False,False,True,False,1,-0.11378510782541318
2023-01-11,2684.550048828125,2708.0,2662.050048828125,2671.10009765625,188157,2645.788804896511,2646.060614497561,52.48140728404991,64.64543536584813,3025.0,414826.5,False,False,True,False,1,-0.11699170325413222
2023-01-12,2675.0,2718.5,2667.800048828125,2677.050048828125,263295,2648.766066223331,2647.2758864320926,53.13202299016325,63.649329351992904,3025.0,385523.65,True,False,True,False,1,-0.11502477724690086
2023-01-13,2685.39990234375,2693.39990234375,2651.550048828125,2663.699951171875,115048,2650.188340980335,2647.9199674022802,51.430501433357264,62.09222393510948,2965.10009765625,368573.0,True,False,True,False,1,-0.1016492315799441
2023-01-16,2674.800048828125,2705.0,2665.0,2673.550048828125,151524,2652.4132655372678,2648.9250686346663,52.6357389631593,60.60706857032488,2771.699951171875,278936.8,True,False,True,False,1,-0.035411445709429
2023-01-17,2665.25,2733.550048828125,2655.25,2717.35009765625,163033,2658.597725739076,2651.6084031061014,57.666274880813155,61.870852874453455,2771.699951171875,245945.35,True,False,True,False,1,-0.01960885177800209
2023-01-18,2731.64990234375,2764.85009765625,2720.5,2753.60009765625,275059,2667.6455706835686,2655.6080774021857,61.327171962855545,60.84436338342107,2771.699951171875,237878.1,True,False,True,True,2,-0.006530235535766593
2023-01-19,2740.050048828125,2843.85009765625,2722.85009765625,2828.60009765625,633130,2682.9745732523957,2662.3920781964625,67.57487802109713,65.14119457031957,2764.85009765625,222495.0,True,True,True,True,2,0.023057307900359758
2023-01-20,2850.0,2851.199951171875,2751.35009765625,2761.199951171875,479592,2690.4246092447274,2666.266896744518,58.43806487653315,67.62038449498424,2843.85009765625,236792.65,True,False,True,True,2,-0.029062764789357542
2023-01-23,2762.0,2820.10009765625,2757.699951171875,2800.449951171875,354518,2700.9032132377893,2671.5289773102963,61.68684895908413,67.2475103513693,2851.199951171875,238360.95,True,False,True,True,2,-0.01779952331268142
2023-01-24,2811.949951171875,2849.0,2805.0,2817.35009765625,396428,2711.993392706214,2677.247452617981,63.02697475543439,65.91197738542328,2851.199951171875,241494.4,True,False,True,True,2,-0.011872142990782653
2023-01-25,2810.35009765625,2826.14990234375,2790.0,2817.699951171875,232210,2722.0606839886577,2682.7553937377415,63.0557835185561,63.786114882446626,2851.199951171875,250961.55,True,False,True,False,1,-0.01174943903398673
2023-01-27,2820.0,2841.949951171875,2737.699951171875,2777.300048828125,270275,2727.3215758781307,2686.4630272706977,57.485507084892156,66.6763923908433,2851.199951171875,253482.6,True,False,True,True,2,-0.0259188775285214
2023-01-30,2780.0,2868.0,2748.300048828125,2819.199951171875,426921,2736.0718973346775,2691.66839683545,61.303546157212935,70.46378944663128,2851.199951171875,252295.25,True,False,True,True,2,-0.011223344748882869
2023-01-31,2847.0,2934.64990234375,2835.14990234375,2921.25,545851,2753.707907112327,2700.6715969595502,68.6808575692126,73.67708671272013,2868.0,267256.25,True,True,True,True,2,0.018566945606694585
2023-02-01,2949.0,3045.0,2913.300048828125,2995.39990234375,936089,2776.7261923724627,2712.2295697197146,72.74651712406049,77.82157703123119,2934.64990234375,284821.4,True,True,True,True,2,0.02070093606446277
2023-02-02,3000.0,3088.60009765625,2981.10009765625,3001.5,716169,2798.133221670323,2723.5735081620787,73.05639300213386,79.94146438614325,3045.0,324993.75,True,False,True,True,2,-0.014285714285714235
2023-02-03,3030.0,3030.0,2925.0,2949.14990234375,378428,2812.51576268684,2732.4196412672427,66.10943610972733,81.73135978713302,3088.60009765625,351925.0,True,False,True,True,2,-0.04514996791534143
2023-02-06,2950.0,2998.0,2940.0,2965.64990234375,255641,2827.0999664636884,2741.565926015341,67.16910511098301,80.03626265948066,3088.60009765625,354034.5,True,False,True,False,1,-0.039807741832877386
2023-02-07,2980.5,2994.0,2959.449951171875,2987.39990234375,186102,2842.366627023694,2751.2064741066515,68.56442210635666,76.7872473858124,3088.60009765625,356793.2,True,False,True,False,1,-0.032765716542356715
2023-02-08,2983.5,3010.800048828125,2971.60009765625,2978.85009765625,278608,2855.3650527982236,2760.1336750301653,67.35263488181221,74.10244051338832,3088.60009765625,358334.85,True,False,True,False,1,-0.035533897730328556
2023-02-09,2970.0,3001.949951171875,2955.10009765625,2995.699951171875,172603,2868.730281214762,2769.3715682121933,68.53297679604523,72.15582715640522,3088.60009765625,362303.9,True,False,True,False,1,-0.03007839912809407
2023-02-10,2987.0,3004.0,2976.0,2985.0,136904,2879.8035877657367,2777.8275851450485,66.87940727745226,69.00183950237628,3088.60009765625,361526.2,True,False,True,False,1,-0.033542735990608086
2023-02-13,2988.0,2988.0,2904.75,2947.550048828125,196259,2886.2556316764403,2784.483368034581,61.30412685279831,70.01956525220655,3088.60009765625,355206.65,True,False,True,False,1,-0.04566795453226824
2023-02-14,2948.89990234375,2994.89990234375,2936.85009765625,2981.85009765625,204187,2895.3598665316604,2792.2232397844505,64.24414264211234,69.1645823547275,3088.60009765625,359267.2,True,False,True,False,1,-0.034562583897153276
2023-02-15,2967.949951171875,3030.10009765625,2952.0,3006.449951171875,216658,2905.9398745926333,2800.62428728984,66.2260757959451,69.8028334476934,3088.60009765625,361900.35,True,False,True,False,1,-0.026597857892549315
2023-02-16,3032.300048828125,3059.89990234375,3017.75,3046.10009765625,351094,2919.288467265359,2810.25078965715,69.19039455087596,68.6347704279921,3088.60009765625,364581.6,True,False,True,False,1,-0.013760279303316247
2023-02-17,3030.0,3143.39990234375,2991.0,3014.800048828125,1067039,2928.3848083665753,2818.2723292324827,64.38619498017397,74.61799413626052,3088.60009765625,368383.35,True,False,True,True,2,-0.023894336105256042
2023-02-20,3010.0,3037.5,2965.300048828125,3002.64990234375,218449,2935.4576744596397,2825.50282229567,62.56999959697357,74.44527678166155,3143.39990234375,390078.8,True,False,True,False,1,-0.044776358202166855
2023-02-21,3009.89990234375,3065.800048828125,2991.550048828125,3041.35009765625,211481,2945.5426671450314,2833.9674213294184,65.87213760664721,74.4313284401143,3143.39990234375,377021.65,True,False,True,False,1,-0.03246478585540791
2023-02-22,3041.35009765625,3065.5,2994.199951171875,3013.25,328540,2951.9909845597904,2840.998110689049,61.62119848925992,74.2076656106865,3143.39990234375,369869.8,True,False,True,False,1,-0.04140418221897535
2023-02-23,3008.0,3088.050048828125,3004.050048828125,3069.64990234375,364256,2963.1965957773104,2849.9648476166844,66.31927196619776,74.90711806706604,3143.39990234375,366475.4,True,False,True,False,1,-0.023461857317298773
2023-02-24,3097.5,3113.0,3040.39990234375,3072.85009765625,460091,2973.6397864324476,2858.7054456574515,66.5693388475948,74.74233089486489,3143.39990234375,373077.7,True,False,True,True,2,-0.0224437891707312
2023-02-27,3060.0,3060.0,2969.0,2995.949951171875,283462,2975.7645640266787,2864.0875831286057,55.84036220436216,76.82145709210668,3143.39990234375,382568.5,True,False,True,False,1,-0.04690779275711465
2023-02-28,2993.0,3099.949951171875,2975.0,3081.35009765625,362293,2985.820329134257,2872.607681737533,62.97669883228462,80.25920666923298,3143.39990234375,375395.55,True,False,True,False,1,-0.019739710700262814
2023-03-01,3084.0,3142.0,3067.25,3115.89990234375,556955,2998.2088599161134,2882.1485531338553,65.4119699462338,79.8656919071449,3143.39990234375,366217.65,True,False,True,True,2,-0.008748489169162266
2023-03-02,3115.89990234375,3128.699951171875,3051.0,3065.949951171875,212610,3004.660392416662,2889.3564510961305,59.33537835474147,79.71099614033992,3143.39990234375,347260.95,True,False,True,False,1,-0.024638911235610683
2023-03-03,3065.949951171875,3095.050048828125,3055.25,3069.199951171875,211402,3010.807017060016,2896.4091373736105,59.598365626781224,76.86021418946743,3143.39990234375,322083.0,True,False,True,False,1,-0.023604998879255157
2023-03-06,3075.0,3085.0,3056.300048828125,3065.550048828125,165157,3016.020639133169,2903.0421142933956,59.13582358725811,73.42019540249655,3143.39990234375,313731.7,True,False,True,False,1,-0.024766130920084173
2023-03-08,3060.0,3120.0,3000.0,3092.10009765625,336445,3023.266301849653,2910.4561528566446,61.47787212927742,76.74732430231822,3143.39990234375,309207.5,True,False,True,True,2,-0.01631984675231757
2023-03-09,3093.0,3116.949951171875,3077.0,3084.199951171875,191541,3029.069506547007,2917.2696351435166,60.369150024615614,74.11894050728655,3143.39990234375,316724.65,True,False,True,False,1,-0.01883309569607572
2023-03-10,3070.050048828125,3075.0,2921.0,2946.949951171875,468768,3021.24859651128,2918.433569105413,45.13864539079011,80.48186984047145,3143.39990234375,312371.3,True,False,False,True,1,-0.06249600982216741
2023-03-13,2960.0,2968.64990234375,2885.60009765625,2894.449951171875,293866,3009.172535050385,2917.4930350688037,40.88913594563768,80.66529375811635,3143.39990234375,327179.55,True,False,False,False,0,-0.07919767096329533
2023-03-14,2885.0,2912.25,2860.14990234375,2883.60009765625,163628,2997.213255298562,2916.1639002683114,40.04998159093451,78.62492260798304,3143.39990234375,335027.65,True,False,False,False,0,-0.08264930099851142
2023-03-15,2903.949951171875,2938.0,2872.85009765625,2928.25,363303,2990.6453262225086,2916.637864963672,45.04800942257096,77.66242116053782,3143.39990234375,333396.1,True,False,False,True,1,-0.06844496692365876
2023-03-16,2930.0,2936.199951171875,2869.0,2877.300048828125,376887,2979.850537899234,2915.0952055073762,40.86167903905967,76.91510187563334,3143.39990234375,341351.9,True,False,False,True,1,-0.08465351586898573
2023-03-17,2900.0,2916.14990234375,2835.0,2884.39990234375,289717,2970.760001179664,2913.891468128411,41.67507568658486,77.21758762335595,3143.39990234375,349363.35,True,False,False,False,0,-0.08239486162956455
2023-03-20,2908.699951171875,2908.699951171875,2836.0,2864.449951171875,143701,2960.6352345122555,2911.9525851105072,40.00983401687358,76.89489930539304,3143.39990234375,346294.5,True,False,False,False,0,-0.0887414773296542
2023-03-21,2880.050048828125,2899.0,2857.949951171875,2864.0,228098,2951.4318788444216,2910.072091576762,39.97104090987913,74.33455284273104,3142.0,300127.6,True,False,False,False,0,-0.08847867600254611
2023-03-22,2889.800048828125,2906.10009765625,2871.0,2878.5,264831,2944.4859856211433,2908.8339703384577,41.92521270496473,72.0320917579824,3142.0,300610.05,True,False,False,False,0,-0.0838637810311903
2023-03-23,2878.10009765625,2894.85009765625,2850.0,2860.699951171875,162906,2936.5063632926417,2906.94636174369,40.19533479398613,70.09052075071581,3142.0,303277.55,True,False,False,False,0,-0.08952897798476289
2023-03-24,2861.85009765625,2871.050048828125,2805.0,2818.60009765625,193270,2925.277195136795,2903.481802367712,36.37272401344034,69.8019156133879,3142.0,294995.85,True,False,False,False,0,-0.10292804021125079
2023-03-27,2825.0,2847.949951171875,2772.64990234375,2779.199951171875,378284,2911.3650766639453,2898.608004281601,33.191373043934206,70.19463941444056,3142.0,286446.55,True,False,False,True,1,-0.11546787040996975
2023-03-28,2781.050048828125,2808.0,2753.89990234375,2798.35009765625,296813,2900.601745329879,2894.6763216688423,36.116105131009114,69.04502928885552,3142.0,282356.2,True,False,False,True,1,-0.1093729797402132
2023-03-29,2785.0,2874.0,2783.449951171875,2856.449951171875,245686,2896.3968125529263,2893.1772483160203,44.110271203689784,70.58110211308906,3142.0,283023.75,True,False,False,False,0,-0.09088161961429819
2023-03-31,2856.75,2911.85009765625,2841.050048828125,2880.050048828125,203707,2894.8399779124693,2892.66245617924,47.01089756168109,70.59674116416305,3142.0,277193.4,True,False,False,False,0,-0.08337044913172342
2023-04-03,2903.39990234375,2965.64990234375,2900.0,2960.199951171875,303832,2901.064737270508,2895.3109853946376,55.464470233997396,71.66839204641033,3128.699951171875,259531.0,True,False,True,True,2,-0.05385623505919357
2023-04-05,2969.949951171875,2969.949951171875,2917.449951171875,2937.85009765625,190853,2904.568104926293,2896.979185875485,52.928747796279566,70.29922118595245,3120.0,264092.1,True,False,True,False,1,-0.05838137895633011
2023-04-06,2937.5,2953.300048828125,2905.0,2919.25,193484,2905.9663806475987,2897.85255113527,50.84539095950063,68.72785173182191,3120.0,263064.65,True,False,True,False,1,-0.06434294871794877
2023-04-10,2909.10009765625,2984.0,2905.800048828125,2975.0,352557,2912.5410110621133,2900.877941286828,56.38662019496598,69.40443026325428,3120.0,264481.0,True,False,True,True,2,-0.04647435897435892
2023-04-11,2990.0,3055.0,2985.0,3045.5,475618,2925.2037719133405,2906.5493945696976,62.19111780967431,70.16125667302182,3116.949951171875,265286.6,True,False,True,True,2,-0.02292303446996702
2023-04-12,3035.0,3064.64990234375,3016.10009765625,3051.050048828125,192138,2937.1891316195106,2912.216086893558,62.61296800407099,68.61758153119885,3075.0,279490.45,True,False,True,False,1,-0.007788602007113843
2023-04-13,3043.85009765625,3098.5,3042.35009765625,3084.25,250406,2951.194928608129,2918.9625148585164,65.12003414359341,67.72703301780965,3064.64990234375,265658.95,True,True,True,False,1,0.006395542160055667
2023-04-17,3064.949951171875,3128.89990234375,3060.0,3097.800048828125,383771,2965.1573210100332,2925.9757514847756,66.11863916515793,67.81080939823396,3098.5,263485.95,True,False,True,True,2,-0.0002259000070599093
2023-04-18,3106.10009765625,3114.60009765625,3080.300048828125,3095.75,165738,2977.594719009078,2932.6335651520394,65.81164616231933,65.41718364322617,3128.89990234375,274493.1,True,False,True,False,1,-0.010594746837033209
2023-04-19,3095.0,3159.89990234375,3083.14990234375,3138.85009765625,290136,2992.952374118332,2940.720487995342,69.06379450156174,66.22667052585287,3128.89990234375,264614.85,True,True,True,True,2,0.00318009384226281
2023-04-20,3149.89990234375,3157.5,3120.0,3129.199951171875,201430,3005.928333837717,2948.111839492461,67.5152127680184,64.17476548829195,3159.89990234375,260277.3,True,False,True,False,1,-0.009715482173693002
2023-04-21,3139.0,3139.0,3090.10009765625,3111.64990234375,139730,3015.9970546478157,2954.5250968591786,64.675010241626,63.08370383511039,3159.89990234375,255862.95,True,False,True,False,1,-0.01526947102476639
2023-04-24,3126.949951171875,3146.0,3110.10009765625,3142.449951171875,120666,3028.040187650107,2961.8946989890883,67.2767389269217,61.14200372858465,3159.89990234375,255664.4,True,False,True,False,1,-0.005522311374145716
2023-04-25,3148.10009765625,3183.800048828125,3120.050048828125,3151.699951171875,272892,3039.8173079855133,2969.3380422119426,68.03809467775194,61.32828917654289,3159.89990234375,250292.8,True,False,True,True,2,-0.00259500345748076
2023-04-26,3150.0,3180.0,3145.10009765625,3177.800048828125,128534,3052.9585213990954,2977.513022863558,70.14857453960414,59.44054725991483,3183.800048828125,250695.85,True,False,True,False,1,-0.0018845404573093472
2023-04-27,3185.0,3200.0,3170.0,3189.0,163208,3065.9148526944196,2985.8066298100853,71.0325051437865,57.33765102706378,3183.800048828125,248977.25,True,True,True,False,1,0.0016332530599052486
2023-04-28,3190.0,3213.0,3184.10009765625,3205.35009765625,192921,3079.1943998336415,2994.4161775687585,72.32102752125817,55.306383263969934,3200.0,247474.15,True,True,True,False,1,0.0016719055175782316
2023-05-02,3209.0,3259.0,3205.5,3249.949951171875,195103,3095.4568332944255,3004.4371098669203,75.51986776330797,55.188063198239945,3213.0,238206.0,True,True,True,False,1,0.011500140420751537
2023-05-03,3249.0,3317.0,3233.050048828125,3291.64990234375,331116,3114.141887489599,3015.7003566307176,78.07160646828291,57.2424837677853,3259.0,233120.5,True,True,True,True,2,0.010018380590288478
2023-05-04,3287.0,3295.949951171875,3253.60009765625,3269.050048828125,138245,3128.8950457123156,3025.635638677675,73.59425569419422,56.17872446405956,3317.0,237392.0,True,False,True,False,1,-0.01445581886399605
2023-05-05,3269.0,3335.550048828125,3249.050048828125,3314.75,210596,3146.5955175492377,3036.973456768747,76.52590284010248,58.344529859483885,3317.0,234118.9,True,False,True,False,1,-0.0006783237865540803
2023-05-08,3337.5,3358.0,3256.10009765625,3262.89990234375,307218,3157.6721256249057,3045.8333173795313,67.38488973141006,61.455627894074325,3335.550048828125,229457.1,True,False,True,True,2,-0.021780559554157808
2023-05-09,3263.0,3263.0,3207.0,3222.0,292954,3163.798589851105,3052.741814737197,61.17716315473199,61.065940187354734,3358.0,235275.35,True,False,True,True,2,-0.04050029779630737
2023-05-10,3225.0,3248.949951171875,3172.14990234375,3209.25,182938,3168.127295579571,3058.879390629856,59.341876402847035,62.189805090266894,3358.0,240248.85,True,False,True,False,1,-0.044297200714711105
2023-05-11,3209.25,3288.85009765625,3202.300048828125,3235.25,528871,3174.5199340958025,3065.79588511496,61.85492515126592,63.9298225001139,3358.0,231767.9,True,False,True,True,2,-0.036554496724240604
2023-05-12,3252.199951171875,3400.0,3235.449951171875,3388.949951171875,1549977,3194.941840484,3078.4685935877806,72.62631797434304,71.13126375010576,3358.0,234430.55,True,True,True,True,2,0.009216781170897859
2023-05-15,3400.0,3400.0,3295.35009765625,3381.199951171875,799715,3212.6807081685592,3090.340411532255,71.52950825856496,73.52545222108034,3400.0,302322.5,True,False,True,True,2,-0.005529426125919112
2023-05-16,3379.949951171875,3436.0,3336.10009765625,3426.300048828125,460036,3233.0254072789944,3103.515299269348,73.99111907527606,75.40934151555675,3400.0,329787.95,True,True,True,True,2,0.007735308478860281
2023-05-17,3427.75,3489.699951171875,3410.10009765625,3437.699951171875,429840,3252.518220983078,3116.6205797361135,74.58918808228104,75.7086638012759,3436.0,333601.2,True,True,True,True,2,0.0004947471396610226
2023-05-18,3454.64990234375,3468.5,3400.0,3405.39990234375,168884,3267.0783811126657,3127.9452590540604,69.69881748300597,75.19375924404191,3489.699951171875,346806.3,True,False,True,False,1,-0.02415681863989949
2023-05-19,3415.0,3448.0,3391.050048828125,3441.0,204182,3283.6423448162213,3140.2219155617445,71.88663650388187,73.89063009603,3489.699951171875,340743.7,True,False,True,False,1,-0.013955340531646931
2023-05-22,3454.5,3454.5,3412.050048828125,3431.35009765625,91735,3297.709749848605,3151.6387070164315,70.40275947870846,71.64486731573321,3489.699951171875,340881.3,True,False,True,False,1,-0.016720593269352713
2023-05-23,3426.89990234375,3443.800048828125,3365.0,3374.949951171875,241794,3305.0659594984404,3160.396010708802,62.30747861872256,72.15595170947547,3489.699951171875,338481.55,True,False,True,False,1,-0.032882483194999534
2023-05-24,3370.0,3415.0,3360.199951171875,3402.550048828125,0,3314.3501584822197,3169.892247497795,64.46106229770774,70.91624436080758,3489.699951171875,344537.95,True,False,True,False,1,-0.02497346578879489
2023-05-25,3400.0,3430.0,3392.35009765625,3413.699951171875,177428,3323.812043500282,3179.4533339163863,65.32303356179432,68.54007707387491,3489.699951171875,330893.35,True,False,True,False,1,-0.021778376669455035
2023-05-26,3425.0,3447.0,3396.60009765625,3408.64990234375,140093,3331.891839580612,3188.441434639028,64.55927483395385,67.24435030743741,3489.699951171875,333338.05,True,False,True,False,1,-0.02322550647969246
2023-05-29,3428.85009765625,3439.14990234375,3394.449951171875,3412.300048828125,84643,3339.5497642708515,3197.2202038229143,64.87891194942574,65.63403608346867,3489.699951171875,332182.3,True,False,True,False,1,-0.022179529308174017
2023-05-30,3412.0,3495.0,3379.5,3482.699951171875,340548,3353.183115404282,3208.415488032678,70.42004478946893,69.1958906489352,3489.699951171875,326768.4,True,False,True,True,2,-0.0020059031142919403
2023-05-31,3482.75,3516.0,3379.050048828125,3423.5,1802492,3359.879961556255,3216.850174776494,61.61642865413516,74.03546640057375,3495.0,334040.65,True,False,True,True,2,-0.020457796852646593
2023-06-01,3450.0,3488.949951171875,3409.0,3482.39990234375,346059,3371.54852734554,3227.2638895830532,66.15056093723544,74.45792959852385,3516.0,407609.45,True,False,True,False,1,-0.00955634176798914
2023-06-02,3499.949951171875,3563.949951171875,3487.300048828125,3551.75,428950,3388.7105723602504,3239.9888350896003,70.56018060474409,74.96450954349535,3516.0,418000.15,True,True,True,True,2,0.010167804323094387
2023-06-05,3582.949951171875,3618.0,3558.0,3594.699951171875,389947,3408.328608437548,3253.899074935964,72.9136094577635,74.34204457610284,3563.949951171875,428917.85,True,True,True,False,1,0.008628067290868957
2023-06-06,3594.699951171875,3604.89990234375,3544.5,3595.449951171875,196700,3426.1496886979603,3267.293226945216,72.95426763929194,73.34617727379192,3618.0,433054.3,True,False,True,False,1,-0.00623273875846464
2023-06-07,3595.0,3595.0,3523.050048828125,3538.050048828125,437956,3436.806865853214,3277.9111415288594,64.92224510913172,73.27858620736036,3618.0,428241.6,True,False,True,True,2,-0.022097830616880865
2023-06-08,3550.0,3554.39990234375,3490.0,3511.60009765625,297932,3443.930030786836,3287.075414318169,61.558958457692256,72.64439450281677,3618.0,440992.5,True,False,True,False,1,-0.029408485998825284
2023-06-09,3512.050048828125,3561.199951171875,3512.050048828125,3547.5,187230,3453.793837378566,3297.288143168437,64.26490012296466,70.9983558608745,3618.0,429445.55,True,False,True,False,1,-0.019485903814262073
2023-06-12,3548.0,3558.0,3510.39990234375,3534.10009765625,243029,3461.442052643107,3306.5748864816846,62.496533686488206,69.32705170340132,3618.0,361308.2,True,False,True,False,1,-0.02318958052618847
2023-06-13,3534.0,3590.0,3519.449951171875,3583.89990234375,249758,3473.104704995549,3317.450377299805,66.2170768034353,69.41440864088159,3618.0,333473.9,True,False,True,False,1,-0.009425123730306795
2023-06-14,3607.0,3607.0,3571.60009765625,3587.800048828125,153118,3484.028071074842,3328.0523252028765,66.49739511603826,66.98480104822933,3618.0,322960.0,True,False,True,False,1,-0.00834713962738387
2023-06-15,3575.0,3593.60009765625,3549.550048828125,3559.0,184254,3491.1682547819996,3337.109096763548,62.38111993600076,65.34660446107902,3618.0,309123.9,True,False,True,False,1,-0.016307352128247632
2023-06-16,3550.0,3586.949951171875,3538.199951171875,3574.699951171875,223482,3499.123654438178,3346.426385171718,63.70026624879695,64.1611327138591,3618.0,309892.4,True,False,True,False,1,-0.011967951583229719
2023-06-19,3585.0,3599.5,3514.25,3529.64990234375,169991,3502.0309161434707,3353.6116211392487,57.472544780912585,65.66748037715489,3618.0,310857.4,True,False,True,False,1,-0.024419595814331174
2023-06-20,3540.0,3569.800048828125,3515.64990234375,3542.449951171875,275988,3505.8803480509378,3361.017045846411,58.70780083266032,64.84481367052776,3618.0,314770.2,True,False,True,False,1,-0.02088171609400913
2023-06-21,3529.39990234375,3560.949951171875,3379.75,3418.35009765625,468855,3497.5441337276343,3363.265400819346,45.046477835717134,73.155894920624,3618.0,316479.9,True,False,False,True,1,-0.05518239423542015
2023-06-22,3450.0,3555.0,3441.10009765625,3483.949951171875,899667,3496.249449674705,3367.998128284151,51.47457691416798,77.691181165133,3618.0,339922.65,True,False,True,True,2,-0.037050870322864804
2023-06-23,3491.0,3511.14990234375,3415.25,3427.64990234375,272568,3489.7161594527092,3370.33741354139,46.45246507730902,78.9918041064628,3618.0,376034.6,True,False,False,False,0,-0.05261196729028472
2023-06-26,3435.0,3480.0,3416.0,3466.35009765625,204577,3487.490820233999,3374.102616840012,50.05938537417981,77.92096095600117,3618.0,382658.35,True,False,True,False,1,-0.04191539589379489
2023-06-27,3480.0,3554.949951171875,3462.0,3475.10009765625,346501,3486.3107514170706,3378.0633023622177,50.86525602600738,78.99446025713502,3618.0,388655.05,True,False,True,False,1,-0.0394969326544361
2023-06-28,3510.0,3636.64990234375,3506.35009765625,3614.050048828125,885684,3498.476398789552,3387.317684576567,61.49194690969958,84.89127057358967,3618.0,388952.7,True,False,True,True,2,-0.0010917499093076044
2023-06-30,3637.050048828125,3637.949951171875,3535.0,3551.14990234375,430346,3503.4929229375707,3393.742477430182,55.62689193637875,86.18117633061004,3636.64990234375,343112.3,True,False,True,True,2,-0.023510649167767572
2023-07-03,3579.89990234375,3585.800048828125,3519.0,3522.85009765625,223753,3505.3364633869687,3398.8055213606162,53.16972467769187,84.79681008043255,3637.949951171875,347326.65,True,False,True,False,1,-0.031638657777177115
2023-07-04,3539.949951171875,3543.60009765625,3505.39990234375,3509.550048828125,165447,3505.737757238507,3403.1484440064014,52.00702797397736,81.46848045415166,3637.949951171875,337066.8,True,False,True,False,1,-0.0352945763595206
2023-07-05,3517.0,3568.0,3512.199951171875,3552.699951171875,246209,3510.2103471369232,3409.0132089932827,55.413586351569414,79.8242997911319,3637.949951171875,325841.8,True,False,True,False,1,-0.023433527438314172
2023-07-06,3560.0,3585.0,3542.0,3560.75,180300,3515.0236474095973,3414.963671385703,56.04048091592458,77.19399266319391,3637.949951171875,328317.25,True,False,True,False,1,-0.021220729314048725
2023-07-07,3555.199951171875,3563.85009765625,3491.0,3508.199951171875,153939,3514.373771577433,3418.6199960832,50.999477595583464,76.8837144484122,3637.949951171875,315434.45,True,False,True,False,1,-0.03566569132107056
2023-07-10,3510.0,3566.75,3506.550048828125,3546.699951171875,284687,3517.4524553483325,3423.642739420011,54.246684693637505,75.6920170715167,3637.949951171875,308234.8,True,False,True,False,1,-0.025082807961831932
2023-07-11,3558.0,3799.949951171875,3554.0,3774.800048828125,1485223,3541.9617499654555,3437.4136142987604,67.84328605979749,88.37473013783693,3637.949951171875,313107.65,True,True,True,True,2,0.037617366784325146
2023-07-12,3784.0,3824.699951171875,3745.10009765625,3800.5,535242,3566.584440444936,3451.652296090966,68.96243266385437,87.74795323625037,3799.949951171875,375217.35,True,True,True,True,2,0.0001447515980981251
2023-07-13,3802.35009765625,3847.0,3783.300048828125,3815.14990234375,488118,3590.2573415781562,3465.907104179311,69.61167846088465,86.0302388030807,3824.699951171875,389491.55,True,False,True,True,2,-0.0024969406620246604
2023-07-14,3826.75,3886.949951171875,3824.10009765625,3874.35009765625,389985,3617.313794537975,3481.924476472524,72.14717924721057,85.01379666201244,3847.0,406241.55,True,True,True,False,1,0.007109461309136922
2023-07-17,3892.0,3948.949951171875,3887.050048828125,3914.64990234375,473022,3645.631519090906,3498.8941010164936,73.75266597553056,84.26994358012763,3886.949951171875,416528.1,True,True,True,True,2,0.007126397694810382
2023-07-18,3925.0,4148.64990234375,3910.800048828125,4128.14990234375,2882873,3691.5856508292723,3523.5707991077584,80.2483010088321,95.23993714694888,3948.949951171875,429005.1,True,True,True,True,2,0.04537913961626594
2023-07-19,4188.0,4325.14990234375,4176.39990234375,4308.85009765625,2988725,3750.37274100327,3554.3660657175033,83.88366655977983,102.50851306502396,4148.64990234375,564649.2,True,True,True,True,2,0.038615019122726135
2023-07-20,4307.89990234375,4924.0,4270.25,4717.35009765625,5530760,3842.4658225892686,3599.9732826562777,88.87059945341927,141.88290498895083,4325.14990234375,700286.05,True,True,True,True,2,0.09067898319546597
2023-07-21,4675.0,4693.0,4494.0498046875,4586.7998046875,3034596,3913.3547732652905,3638.67236195162,80.31706546192476,147.69843270179362,4924.0,953381.3,True,False,True,True,2,-0.06848094949482131
2023-07-24,4611.7998046875,4770.0,4586.7998046875,4698.4501953125,1450583,3988.125765841215,3680.23227698538,81.91978708396759,150.23427288827264,4924.0,1060127.75,True,False,True,True,2,-0.04580621541175878
2023-07-25,4740.0,4784.0,4650.10009765625,4693.39990234375,845678,4055.2947312224087,3719.964340724924,81.59613467573514,149.06753213509245,4924.0,1119028.5,True,False,True,False,1,-0.046831863861951706
2023-07-26,4698.9501953125,4747.0,4608.0,4673.85009765625,616591,4114.20476612087,3757.3716253104662,80.27400068770228,148.34842269687155,4924.0,1151083.55,True,False,True,False,1,-0.05080217350604188
2023-07-27,4650.0,4745.0,4648.2001953125,4701.0,693349,4170.09002649031,3794.3766596120167,80.7407207252615,144.66637855334503,4924.0,1164588.05,True,False,True,False,1,-0.04528838342810726
2023-07-28,4703.0,4775.0,4665.0,4745.75,530565,4224.914785872185,3831.6854180586042,81.51696801931206,142.19020865667753,4924.0,1154971.3,True,False,True,False,1,-0.03620024370430541
2023-07-31,4745.75,4876.9501953125,4735.0498046875,4816.7998046875,702383,4281.28478766412,3870.3173547891492,82.70860669404985,142.16950736870058,4924.0,1159982.25,True,False,True,False,1,-0.02177095761829817
2023-08-01,4844.9501953125,4873.9501953125,4616.2998046875,4630.2001953125,896053,4314.514826487775,3900.1166818684965,69.95277332993216,150.4181418870077,4924.0,1183913.75,True,False,True,False,1,-0.059666897783813955
2023-08-02,4630.2001953125,4702.35009765625,4561.75,4588.0498046875,879726,4340.565776792511,3927.0944513908107,67.4232237104531,149.71685301338215,4924.0,1220444.05,True,False,True,False,1,-0.06822709084331846
2023-08-03,4590.0,4636.2001953125,4512.0498046875,4614.89990234375,498305,4366.69283636882,3954.067214173279,68.21178128457493,147.8906771284977,4924.0,1252119.9,True,False,True,False,1,-0.06277418717633021
2023-08-04,4630.0,4663.7001953125,4589.5,4614.89990234375,375403,4390.331604556909,3979.982221552513,68.21178128457491,142.62707128449787,4924.0,1268020.15,True,False,True,False,1,-0.06277418717633021
2023-08-07,4655.0,4655.0,4559.10009765625,4599.35009765625,350693,4410.238127709227,4004.2711578703065,67.12051925246192,139.28941636015875,4924.0,1279093.35,True,False,True,False,1,-0.0659321491356113
2023-08-08,4634.89990234375,4679.9501953125,4601.25,4671.60009765625,421136,4435.129743894658,4030.4409202148536,69.55747645008897,135.0973221670224,4924.0,1282393.65,True,False,True,False,1,-0.05125911907874692
2023-08-09,4675.0,4717.0,4650.0,4683.89990234375,447877,4458.822139937428,4056.066762651281,69.96559564533673,130.23322772652082,4924.0,1229189.3,True,False,True,False,1,-0.04876118961337328
2023-08-10,4660.0,4689.2998046875,4575.5,4584.64990234375,327433,4470.805736357077,4076.795513227456,62.66514900178139,129.0594117951622,4924.0,1224821.05,True,False,True,False,1,-0.06891756654269898
2023-08-11,4581.0,4738.4501953125,4490.75,4659.4501953125,979085,4488.771875305212,4099.644716446477,65.58010438090233,137.53375347497206,4924.0,1216786.8,True,False,True,False,1,-0.05372660533864748
2023-08-14,4659.0,4750.0,4636.10009765625,4744.7001953125,448711,4513.146001020192,4124.941009735341,68.59006174315152,135.84562125131333,4924.0,1246241.8,True,False,True,False,1,-0.036413445306153536
2023-08-16,4739.9501953125,4870.0,4733.2998046875,4853.75,837609,4545.584477113507,4153.521754451603,71.967086325994,135.9066622556838,4924.0,1245026.25,True,False,True,False,1,-0.014266856214459778
2023-08-17,4868.0,4908.85009765625,4779.35009765625,4818.0,653948,4571.528812626507,4179.579724865265,69.33526059305366,135.44904352313497,4924.0,1142763.05,True,False,True,False,1,-0.021527213647441146
2023-08-18,4819.0,4864.39990234375,4753.0,4777.64990234375,330161,4591.159392599578,4203.033457315402,66.38444047728022,133.73124772460747,4924.0,1026024.2,True,False,True,False,1,-0.02972179075066006
2023-08-21,4784.9501953125,4860.0,4751.10009765625,4850.10009765625,329531,4615.8204121287845,4228.40861968171,68.94045505061516,131.9575801974034,4908.85009765625,765994.25,True,False,True,False,1,-0.011968179681846602
2023-08-22,4875.0,5008.39990234375,4858.25,4997.2001953125,929778,4652.142296241519,4258.5573089221325,73.3681911660421,133.83916766098173,4908.85009765625,630741.0,True,True,True,True,2,0.017998124998445775
2023-08-23,5020.64990234375,5156.0,5001.0,5135.0498046875,975669,4698.133487522089,4292.929563658029,76.71775836882249,135.62207030573305,5008.39990234375,604700.75,True,True,True,True,2,0.025287497966063555
2023-08-24,5165.0,5166.0,4985.7998046875,5026.85009765625,675077,4729.439831344391,4321.710761069724,69.3453312762641,138.8062220919307,5156.0,611200.3,True,False,True,True,2,-0.025048468259067147
2023-08-25,5020.0,5030.0,4930.0,5001.9501953125,479853,4755.3931993413535,4348.386817314538,67.73221344292992,136.03434908536423,5166.0,614124.6,True,False,True,False,1,-0.03175567260694934
2023-08-28,5011.9501953125,5113.35009765625,5001.89990234375,5093.4501953125,669023,4787.589103719558,4377.604989000733,70.45228827523002,134.27833810158822,5166.0,603449.8,True,False,True,True,2,-0.014043709773035262
2023-08-29,5115.0,5126.60009765625,5008.0,5020.5498046875,425772,4809.775837145076,4402.818511184529,65.70032945299363,133.15846378406405,5166.0,610372.7,True,False,True,False,1,-0.028155283645470375
2023-08-30,5045.75,5070.0,4990.0498046875,5040.7001953125,327971,4831.768633161021,4427.833479189547,66.37543631191643,129.35787317895233,5166.0,596542.15,True,False,True,False,1,-0.024254704740127808
2023-08-31,5069.9501953125,5139.89990234375,5040.14990234375,5123.0498046875,484299,4859.509697115924,4455.096864503193,69.05597529816058,127.24302509474145,5166.0,568138.05,True,False,True,False,1,-0.008314013804200493
2023-09-01,5139.75,5220.0,5094.89990234375,5208.25,448449,4892.723059295359,4484.632281581499,71.58031853872424,127.08995884913492,5166.0,548366.7,True,True,True,False,1,0.008178474641889366
2023-09-04,5235.0,5249.0498046875,5140.0,5218.5498046875,355134,4923.754177904135,4513.41336091899,71.87897766839018,125.80137640901815,5220.0,545873.9,True,False,True,False,1,-0.0002778151939655249
2023-09-05,5224.0,5311.0,5211.4501953125,5303.75,464679,4959.944256198979,4544.406954608441,74.28621485862396,123.92626414319543,5249.0498046875,544860.45,True,True,True,False,1,0.01042097090861116
2023-09-06,5308.7998046875,5333.0,5244.5,5293.75,374585,4991.735279418124,4573.792956388502,73.49103343371004,121.39581670439576,5311.0,550559.75,True,False,True,False,1,-0.0032479758990774377
2023-09-07,5303.0,5315.0,5172.2001953125,5185.39990234375,515569,5010.179529220565,4597.777542504394,65.33101077982045,122.9246729889032,5333.0,548232.2,True,False,True,False,1,-0.027676748107303584
2023-09-08,5187.0498046875,5209.4501953125,5165.0,5199.2998046875,372420,5028.19098402694,4621.3666508253,65.85479672150554,117.3193531548744,5333.0,551616.8,True,False,True,False,1,-0.02507035351818865
2023-09-11,5213.14990234375,5221.7001953125,5127.2001953125,5147.9501953125,398409,5039.596623196993,4642.016985903229,62.1209148070591,115.68939935809766,5333.0,553866.15,True,False,True,False,1,-0.03469900706684792
2023-09-12,5189.85009765625,5200.0,4933.25,4942.39990234375,693209,5030.339792639542,4653.796708116583,49.919526196191754,126.4794422610907,5333.0,524832.35,True,False,False,True,1,-0.07324209594154318
2023-09-13,4951.0,5053.4501953125,4849.4501953125,5043.39990234375,802559,5031.583612611372,4669.075264752943,54.634556957970155,132.01662495672707,5333.0,537057.25,True,False,True,True,2,-0.05430341227381397
2023-09-14,5067.9501953125,5178.35009765625,5045.25,5167.9501953125,513990,5044.570906201955,4688.638987519986,59.67633954112308,132.22616569642514,5333.0,535304.75,True,False,True,False,1,-0.030948772677198533
2023-09-15,5174.0,5197.4501953125,5116.35009765625,5166.7998046875,350026,5056.211753676769,4707.39039211479,59.61044240118295,128.5743036935555,5333.0,528306.85,True,False,True,False,1,-0.031164484401368875
2023-09-18,5182.0,5198.14990234375,5122.60009765625,5135.25,188335,5063.739205707553,4724.169200267152,57.72772617489187,124.78683947883724,5333.0,529300.1,True,False,True,False,1,-0.037080442527657964
2023-09-20,5140.0,5300.0,5118.25,5287.60009765625,886432,5085.059290655048,4746.264529576529,63.691268929722845,128.8556366589203,5333.0,522240.3,True,False,True,True,2,-0.00851301375281266
2023-09-21,5300.0,5358.5498046875,5184.0498046875,5221.85009765625,788735,5098.086986559925,4764.914944011028,59.772176536806214,132.11594832614028,5333.0,520073.0,True,False,True,True,2,-0.020841909308784934
2023-09-22,5225.0,5241.5498046875,5085.0,5130.0,660080,5101.126321173266,4779.232005030203,54.7078276244374,133.86122378052312,5358.5498046875,510726.3,True,False,True,True,2,-0.04265142865474003
2023-09-25,5151.0,5262.9501953125,5086.0498046875,5206.60009765625,702950,5111.171442743073,4795.991538074361,57.91063833477735,136.93544998370004,5358.5498046875,509976.45,True,False,True,True,2,-0.028356498039512235
2023-09-26,5212.0498046875,5227.9501953125,5119.2998046875,5139.0498046875,382174,5113.826524833019,4809.44480343174,54.26628238921633,134.91508860093575,5358.5498046875,521131.3,True,False,True,False,1,-0.040962575323642225
2023-09-27,5158.0,5375.5,5115.4501953125,5360.5498046875,883496,5137.3239800572555,4831.0567642652995,62.581599751383344,143.85328260711893,5358.5498046875,506788.85,True,True,True,True,2,0.00037323531046595804
2023-09-28,5360.5498046875,5398.0,5259.0498046875,5286.5,718228,5151.531220051803,4848.917283313719,58.73668574479283,143.50306208607472,5375.5,529675.05,True,False,True,True,2,-0.016556599386103654
2023-09-29,5275.0498046875,5381.89990234375,5254.14990234375,5343.0498046875,533039,5169.771085255203,4868.295029249946,60.721355874781175,142.3778433656408,5398.0,549187.9,True,False,True,False,1,-0.010179732366154104
2023-10-03,5325.0,5422.7001953125,5271.75,5373.25,630157,5189.150029516612,4888.097184965634,61.778644682141504,142.99015421898793,5398.0,551624.9,True,False,True,True,2,-0.004585031493145597
2023-10-04,5352.9501953125,5372.2998046875,5266.7998046875,5313.39990234375,553831,5200.983350738245,4904.775722902031,58.4223801145894,140.3801571542388,5422.7001953125,560710.3,True,False,True,False,1,-0.02015606414369575
2023-10-05,5336.9501953125,5359.0,5230.2001953125,5240.10009765625,286121,5204.708755206626,4917.925698382589,54.51608450786581,139.5529891209003,5422.7001953125,570645.15,True,False,True,False,1,-0.03367327919291818
2023-10-06,5272.7998046875,5335.0,5245.0,5259.25,384926,5209.903159472661,4931.310965112684,55.35592748234465,136.36348292253243,5422.7001953125,561717.25,True,False,True,False,1,-0.0301418462067643
2023-10-09,5202.10009765625,5238.0,5140.14990234375,5178.9501953125,280349,5206.955258124074,4941.022307473461,51.09547886385042,135.13038397494083,5422.7001953125,562234.3,True,False,True,False,1,-0.044949931071369686
2023-10-10,5200.39990234375,5255.0498046875,5179.0,5205.25,331263,5206.792852588448,4951.38417776862,52.38797881735134,130.91390007494508,5422.7001953125,550473.3,True,False,True,False,1,-0.04009998478257537
2023-10-11,5238.0,5300.0,5202.10009765625,5228.2998046875,400950,5208.841133740739,4962.243614118381,53.54674831538392,128.55575737985973,5422.7001953125,548415.45,True,False,True,False,1,-0.03584937090806606
2023-10-12,5250.0,5274.0,5213.4501953125,5241.10009765625,433492,5211.913416018407,4973.179162492415,54.21318397043413,123.69818933040546,5422.7001953125,548542.5,True,False,True,False,1,-0.03348886921929206
2023-10-13,5230.35009765625,5344.0,5214.2998046875,5323.2998046875,357812,5222.521643510701,4986.909383754967,58.345894273749686,124.12690404341221,5422.7001953125,535556.65,True,False,True,False,1,-0.018330423413583485
2023-10-16,5345.0,5449.0,5336.7998046875,5420.5,727018,5241.376725081111,5003.912937333204,62.6400904972568,124.2392819912042,5422.7001953125,513319.3,True,False,True,True,2,-0.0004057379595504562
2023-10-17,5464.9501953125,5485.0,5364.0498046875,5467.85009765625,741605,5262.945617707315,5022.10655146352,64.55696382085449,124.00434722843961,5449.0,523970.7,True,True,True,True,2,0.0034593682613781596
2023-10-18,5469.4501953125,5493.64990234375,5272.89990234375,5338.75,1211440,5270.165082687571,5034.523941602206,56.10462941287279,130.9147509978368,5485.0,543549.65,True,False,True,True,2,-0.02666362807657252
2023-10-19,5345.0,5420.64990234375,5160.0498046875,5297.0,1423792,5272.720789098279,5044.8171203629045,53.65792211472077,140.1779900448663,5493.64990234375,594704.9,True,False,True,True,2,-0.03579585627760029
2023-10-20,5309.0,5374.25,5195.0,5227.2998046875,705270,5268.3949810591575,5051.9733040619085,49.75672990732658,142.96884789880443,5493.64990234375,621572.9,True,False,False,True,1,-0.048483267479898395
2023-10-23,5244.85009765625,5244.85009765625,5138.0,5154.14990234375,644285,5257.514497371975,5055.980229484726,45.97854539178445,140.3889371671934,5493.64990234375,617399.65,True,False,False,True,1,-0.06179862314399753
2023-10-25,5179.89990234375,5187.5,5006.2001953125,5023.14990234375,694305,5235.19405975024,5054.692765675276,40.105333208560204,143.31114199007246,5493.64990234375,616609.9,True,False,False,True,1,-0.08564433634536328
2023-10-26,4976.0,4996.89990234375,4811.10009765625,4871.7998046875,841759,5200.585083077597,5047.520492695364,34.60536705555913,148.22104646846014,5493.64990234375,616177.65,True,False,False,True,1,-0.11319434414467344
2023-10-27,4900.0,5008.9501953125,4876.35009765625,4976.7001953125,652732,5179.262712814255,5044.743226131331,40.67769208763626,147.4302853367844,5493.64990234375,639156.9,True,False,False,True,1,-0.09409949964425368
2023-10-30,4999.0,5015.0,4891.2001953125,4937.4501953125,554716,5156.232949242659,5040.535656295298,39.21057963009058,145.74239386183552,5493.64990234375,627618.7,True,False,False,False,0,-0.10124411218741103
2023-10-31,4950.0,4979.35009765625,4893.0498046875,4922.10009765625,347116,5133.934582424906,5035.891124583963,38.62387554209985,141.49652951232943,5493.64990234375,619443.1,True,False,False,False,0,-0.10403826506011249
2023-11-01,4922.10009765625,4965.0,4890.7998046875,4900.64990234375,385779,5111.716993845748,5030.587547241209,37.77331401905082,136.6896484980559,5493.64990234375,610146.95,True,False,False,False,0,-0.10794280861381589
2023-11-02,4959.89990234375,5064.0,4926.0,5051.60009765625,624189,5105.991575161034,5031.411568826113,46.67316621284101,138.59396629506978,5493.64990234375,597928.05,True,False,False,True,1,-0.08046559437631962
2023-11-03,5098.7998046875,5098.7998046875,5019.0498046875,5036.5498046875,318145,5099.378073211174,5031.6130682716575,45.96725408836124,134.39082584542194,5493.64990234375,601445.95,True,False,False,False,0,-0.08320517429791763
2023-11-06,5068.0498046875,5171.0,5049.35009765625,5138.85009765625,613383,5103.137313634514,5035.818441973014,51.353113740807714,134.3950665216418,5493.64990234375,603047.15,True,False,True,True,2,-0.06458362127082984
2023-11-07,5159.9501953125,5159.9501953125,5110.0,5115.75,272225,5104.338521859798,5038.953012876033,50.137809615332586,128.3632900067031,5493.64990234375,614470.0,True,False,True,False,1,-0.06878849381765795
2023-11-08,5145.0,5164.75,5106.89990234375,5128.39990234375,183790,5106.630081905889,5042.460734031631,50.8241321578864,123.32663341024217,5493.64990234375,614063.8,True,False,True,False,1,-0.06648585302899879
2023-11-09,5128.39990234375,5152.39990234375,5115.0,5133.2998046875,155776,5109.170055504138,5046.02305052794,51.10487417389828,117.18900976263558,5493.64990234375,606690.15,True,False,True,False,1,-0.06559393191446627
2023-11-10,5133.25,5154.9501953125,5052.10009765625,5135.7998046875,283963,5111.70622209303,5049.543707553805,51.25777084709929,116.1648017550366,5493.64990234375,594431.45,True,False,True,False,1,-0.06513886105184474
2023-11-13,5148.0498046875,5149.4501953125,5073.0,5132.0498046875,337361,5113.643706149646,5052.779240774734,51.00015067296769,113.32804415199827,5493.64990234375,586955.0,True,False,True,False,1,-0.06582146734577698
2023-11-15,5200.0,5210.9501953125,5092.64990234375,5130.4501953125,601215,5115.244324165156,5055.825160560528,50.88267243507648,113.68320478176625,5493.64990234375,585932.45,True,False,True,True,2,-0.06611264159303243
2023-11-16,5138.5,5282.25,5113.60009765625,5268.9501953125,528615,5129.882978560141,5064.183005060606,59.56710288199376,117.6093974647651,5493.64990234375,579642.3,True,False,True,False,1,-0.0409017158038022
2023-11-17,5269.0,5318.0,5235.39990234375,5288.0498046875,289947,5144.946485810366,5072.962095242053,60.60163552990477,115.10873319272831,5493.64990234375,568992.8,True,False,True,False,1,-0.037425045518196365
2023-11-20,5307.89990234375,5320.9501953125,5261.0498046875,5312.89990234375,339009,5160.942049289735,5082.371421010746,61.96520939167703,111.16528015217628,5420.64990234375,522918.15,True,False,True,False,1,-0.019877690303041318
2023-11-21,5326.10009765625,5388.7998046875,5301.0,5314.39990234375,379315,5175.557082913927,5091.470577141453,62.050588842772065,109.49631761898512,5374.25,468679.0,True,False,True,False,1,-0.011136455813601898
2023-11-22,5371.0,5433.0,5282.5,5313.0498046875,569920,5188.651627844743,5100.159958613846,61.91586858468496,112.4251520747719,5388.7998046875,452381.25,True,False,True,True,2,-0.01405693340734393
2023-11-23,5333.0,5345.0498046875,5212.5498046875,5225.7998046875,449488,5192.189549448815,5105.087011401049,53.7883144679925,113.85906978371676,5433.0,448663.0,True,False,True,True,2,-0.038137344986655664
2023-11-24,5254.0,5311.4501953125,5204.5498046875,5280.2001953125,637746,5200.571515721547,5111.954195083851,57.53153749996842,113.36202127237985,5433.0,436422.15,True,False,True,True,2,-0.028124388862046712
2023-11-28,5309.0,5309.0,5160.0,5199.75,849883,5200.493276129018,5115.39716782566,50.95777352125866,115.90759118149558,5433.0,426221.5,True,False,True,True,2,-0.04293208172280505
2023-11-29,5230.0,5260.0,5150.14990234375,5162.9501953125,637793,5196.917744622684,5117.261992432987,48.24233756523038,115.47491307254947,5433.0,436079.05,True,False,False,True,1,-0.04970546745582549
2023-11-30,5200.0,5340.0,5156.2998046875,5267.89990234375,6818392,5203.677950119929,5123.169361449096,55.52176275754134,120.34814751826023,5433.0,440232.9,True,False,True,True,2,-0.030388385359147785
2023-12-01,5344.0,5344.0,5226.10009765625,5234.5498046875,433155,5206.618126745412,5127.537221968249,52.97217031568108,120.17327286293808,5433.0,763796.7,True,False,True,False,1,-0.036526816733388534
2023-12-04,5300.0,5355.7001953125,5268.0498046875,5341.60009765625,487407,5219.473552546444,5135.931844544249,59.414639610066004,120.24306698879964,5433.0,766165.5,True,False,True,False,1,-0.01682310000805265
2023-12-05,5350.0,5390.0,5270.0,5360.14990234375,325063,5232.871300146187,5144.724709555993,60.42631248364974,120.22570506102824,5433.0,759326.4,True,False,True,False,1,-0.013408816060417772
2023-12-06,5378.0,5418.0,5300.0498046875,5318.9501953125,393732,5241.069290162027,5151.557081546445,57.026264157540425,120.06316865041909,5433.0,759672.3,True,False,True,False,1,-0.020992049454721107
2023-12-07,5330.0,5443.0,5290.5498046875,5419.9501953125,338949,5258.1055668430245,5162.082301694134,62.58433853811888,122.37652769771059,5433.0,748689.75,True,False,True,False,1,-0.0024019519027240754
2023-12-08,5432.0,5520.7998046875,5392.5,5446.64990234375,419779,5276.062170224046,5173.2418154451,63.91308112137061,122.79961891126698,5443.0,752025.95,True,True,True,False,1,0.0006705681322340951
2023-12-11,5464.9501953125,5710.35009765625,5446.0,5691.9501953125,973960,5315.670553565804,5193.583320537939,73.29603258280494,132.91036739305147,5520.7998046875,763825.4,True,True,True,True,2,0.031001013744364148
2023-12-12,5700.0,5733.0,5580.0498046875,5609.89990234375,524434,5343.692396306561,5209.9094610009115,67.01900027343207,134.3417836730121,5710.35009765625,804734.6,True,False,True,False,1,-0.017590899611168997
2023-12-13,5639.0,5703.10009765625,5606.25,5678.14990234375,320345,5375.545492119627,5228.271831249651,69.36887166730969,131.66380610038624,5733.0,816758.15,True,False,True,False,1,-0.00956743374433111
2023-12-14,5714.89990234375,5719.10009765625,5630.0,5653.4501953125,351256,5402.012606709424,5244.945492585449,67.49463948803987,128.62354121151938,5733.0,815907.35,True,False,True,False,1,-0.013875772664835195
2023-12-15,5688.14990234375,5700.0,5621.25,5670.0,267973,5427.535215594241,5261.614296797784,68.11624376496594,125.06114541069657,5733.0,803409.4,True,False,True,False,1,-0.01098901098901095
2023-12-18,5686.0,5713.4501953125,5637.0,5678.75,310923,5451.460433156694,5277.972559668459,68.45966345625808,121.58893468939681,5733.0,790377.3,True,False,True,False,1,-0.00946275946275943
2023-12-19,5692.5498046875,5698.9501953125,5573.0498046875,5610.89990234375,306765,5466.645144507842,5291.02853389102,62.810130856608076,121.89689582765419,5733.0,791426.1,True,False,True,False,1,-0.021297766903235704
2023-12-20,5644.89990234375,5684.0,5461.0,5498.0,345075,5469.631321221381,5299.145061973725,54.718440699747475,129.1185461256789,5733.0,789813.9,True,False,True,False,1,-0.04099075527646956
2023-12-21,5489.0,5627.0,5415.25,5619.2998046875,242120,5483.8854625038675,5311.700149923286,60.59251557063565,135.02079283098755,5733.0,788101.9,True,False,True,False,1,-0.01983258247209141
2023-12-22,5633.0,5633.0,5305.64990234375,5359.2998046875,1898658,5472.020161759451,5313.566803051294,46.62956011978122,148.7586003185063,5733.0,771711.9,True,False,False,True,1,-0.06518405639499392
2023-12-26,5359.2998046875,5449.0,5309.0,5394.75,682407,5464.661098734741,5316.750457833597,48.376335906241536,148.13298601004158,5733.0,844170.4,True,False,False,False,0,-0.059000523286237616
2023-12-27,5420.0,5458.0,5385.0498046875,5436.64990234375,357111,5461.993365745123,5321.4523968339945,50.44094784523439,142.7627866745029,5733.0,846403.45,True,False,True,False,1,-0.0516919758688732
2023-12-28,5457.9501953125,5493.85009765625,5435.0,5458.9501953125,233728,5461.703539989636,5326.844467362564,51.55153306289533,136.76902317319914,5733.0,821764.85,True,False,True,False,1,-0.047802163734083414
2023-12-29,5470.0,5564.5498046875,5431.5498046875,5484.85009765625,347319,5463.907974053123,5333.040766589767,52.87245145635249,136.49980723225636,5733.0,801561.6,True,False,True,False,1,-0.04328447625043608
2024-01-01,5500.0,5530.4501953125,5449.9501953125,5464.7001953125,146403,5463.983423696874,5338.203881441639,51.69165274863997,132.4998210013809,5733.0,478007.95,True,False,True,False,1,-0.04679919844540381
2024-01-02,5464.7001953125,5470.0,5330.0,5346.60009765625,281635,5452.804059312052,5338.533144822604,45.305241693167375,133.03554807271084,5733.0,463670.35,True,False,False,False,0,-0.06739925036521022
2024-01-03,5340.0498046875,5426.60009765625,5309.0,5404.5498046875,250172,5448.208416014476,5341.122033444757,48.657222189019365,131.93301590010648,5733.0,453381.75,True,False,False,False,0,-0.05729115564495024
2024-01-04,5404.5498046875,5452.0,5337.14990234375,5394.60009765625,282732,5443.1028618851215,5343.219212433443,48.11202557640179,130.71280745411673,5733.0,449637.2,True,False,False,False,0,-0.05902667056405897
2024-01-05,5433.0,5441.85009765625,5358.0498046875,5401.2998046875,140560,5439.12161834249,5345.496882717916,48.53022966056747,127.36191356230482,5733.0,444087.2,True,False,False,False,0,-0.05785804906898662
2024-01-08,5400.0,5469.89990234375,5335.0,5344.25,346476,5430.086226119396,5345.44798535643,45.19021055788088,127.90034133240806,5733.0,434167.75,True,False,False,False,0,-0.06780917495203209
2024-01-09,5389.89990234375,5403.0,4850.0,4867.10009765625,4167413,5376.4684995990965,5326.689244662305,27.896905658635518,158.2646026658075,5733.0,430502.6,True,False,False,True,1,-0.15103783400379378
2024-01-10,4995.9501953125,5035.25,4863.35009765625,4911.85009765625,2695792,5332.2191279854915,5310.42104281893,30.580030832301702,159.2385526428034,5733.0,590175.25,True,False,False,True,1,-0.1432321476266789
2024-01-11,4420.7001953125,4420.7001953125,3801.0,3878.449951171875,18029446,5193.764920669909,5254.2653137347315,15.882118978885202,227.21080585804958,5719.10009765625,698743.15,False,False,False,True,1,-0.32184261772908884
2024-01-12,3910.0,4059.0,3905.0,3980.89990234375,6218177,5078.253966543609,5204.329415248811,19.98794969344189,223.8778946416264,5719.10009765625,1584198.2,False,False,False,True,1,-0.30392896882935017
2024-01-15,4094.949951171875,4254.39990234375,3975.0,4198.2001953125,3860786,4994.439321664455,5164.873367408171,28.01386896833455,227.8437523346352,5713.4501953125,1877544.25,False,False,False,True,1,-0.2652075275361917
2024-01-16,4290.0,4361.0,4255.0,4340.7998046875,2599390,4932.187939095221,5132.556757105401,32.77912517268254,223.19775607412558,5713.4501953125,2057184.9,False,False,False,True,1,-0.2402489465561749
2024-01-17,4340.0,4490.0,4328.10009765625,4439.2998046875,1928680,4885.246212008771,5105.370209951758,35.93389945554175,218.8193379505273,5698.9501953125,2171608.25,False,False,False,False,0,-0.22103200544919444
2024-01-18,4460.0,4549.0,3995.39990234375,4436.0498046875,3940479,4842.465601787698,5079.122350921787,35.87407528845091,242.73224935807895,5684.0,2252704.0,False,False,False,True,1,-0.21955492528369103
2024-01-19,4500.0,4537.0,4250.0,4422.7001953125,2042284,4802.487944028156,5053.380305603776,35.611812741885004,245.8942315467876,5633.0,2432474.2,False,False,False,False,0,-0.21485883271569328
2024-01-23,4350.0,4399.0,4050.0,4169.9501953125,1286472,4742.246253674283,5018.735987553138,30.99211035461596,254.95180038719562,5633.0,2522482.4,False,False,False,False,0,-0.25972835162213737
2024-01-24,4200.0,4400.0,4125.39990234375,4361.7001953125,1879874,4706.003771925542,4992.969878053506,37.60510081401966,256.3552501921281,5564.5498046875,2491873.1,False,False,False,False,0,-0.2161629694394569
2024-01-25,4350.0,4455.0,4283.14990234375,4343.85009765625,1295034,4671.512945804658,4967.514200390869,37.247265292956726,250.3191678681368,5564.5498046875,2551746.45,False,False,False,False,0,-0.2193707936629392
2024-01-29,4384.9501953125,4408.5,4293.10009765625,4346.2001953125,878902,4640.530779091119,4943.148945289757,37.33181533011144,240.68207747353776,5564.5498046875,2598642.6,False,False,False,False,0,-0.21894845982844457
2024-01-30,4375.0,4384.9501953125,4300.0,4314.0,432662,4609.43260965387,4918.476437631335,36.60408909845733,229.55837160489222,5564.5498046875,2630901.3,False,False,False,False,0,-0.22473512657466987
2024-01-31,4338.60009765625,4374.25,4291.0,4343.14990234375,522874,4584.072351814812,4895.914612718097,37.78641560519858,219.10777363311422,5530.4501953125,2635168.45,False,False,False,False,0,-0.21468420310069558
2024-02-01,4350.0,4366.85009765625,4236.0,4263.9501953125,651423,4553.58452738602,4871.131694388465,35.83114009338104,212.80365392048108,5470.0,2653992.0,False,False,False,False,0,-0.220484424988574
2024-02-02,4298.75,4437.89990234375,4269.10009765625,4383.7001953125,843638,4537.4050671885425,4852.016733640387,40.81769674681036,210.02837199982173,5469.89990234375,2672481.4,False,False,False,False,0,-0.19857762050925898
2024-02-05,4370.0,4430.0,4346.10009765625,4385.25,542583,4522.914108408681,4833.712155850568,40.88172686528383,201.01919559581663,5469.89990234375,2702154.7,False,False,False,False,0,-0.19829428722799802
2024-02-06,4399.0,4411.9501953125,4345.0,4396.14990234375,400247,4510.841326878688,4816.552851791477,41.36223437100623,191.4428384327226,5469.89990234375,2715147.25,False,False,False,False,0,-0.19630158123001817
2024-02-07,4415.0,4425.2001953125,4362.0,4388.14990234375,362267,4499.156429303932,4799.75273612686,41.098204327884446,182.282649638421,5469.89990234375,2728131.6,False,False,False,False,0,-0.19776413084570166
2024-02-08,4400.0,4420.35009765625,4297.85009765625,4319.60009765625,448325,4482.055826289867,4780.92322089272,38.81199376702791,178.01246037853377,5403.0,2728921.15,False,False,False,False,0,-0.20051821253817326
2024-02-09,4319.60009765625,4329.64990234375,4250.0,4307.35009765625,272191,4465.417185467618,4762.3517258638385,38.40089209461465,170.98656337604922,5035.25,2542966.75,False,False,False,False,0,-0.1445608266409314
2024-02-12,4309.0,4365.7001953125,4286.14990234375,4345.2001953125,761494,4453.967948309987,4745.992842312806,40.49804513218925,164.45540120409927,4549.0,2421786.7,False,False,False,False,0,-0.04480101224170152
2024-02-13,4340.0,4358.9501953125,4290.0,4330.2001953125,387834,4442.180543262608,4729.687248312794,39.91803735167003,157.63360078327077,4549.0,1558389.1,False,False,False,False,0,-0.0480984402478567
2024-02-14,4300.0,4386.2001953125,4278.0,4355.4501953125,261333,4433.9205101245025,4715.011285450038,41.4384692979499,154.10264324964427,4549.0,1266871.95,False,False,False,False,0,-0.04254776977082875
2024-02-15,4361.35009765625,4630.0,4340.64990234375,4564.9501953125,1011374,4446.399527761455,4709.1265368171935,52.23815868389745,163.763175707259,4549.0,1086899.3,False,True,True,False,1,0.0035063080484722953
2024-02-16,4650.0,4734.0,4515.10009765625,4670.0,1956433,4467.694810831793,4707.592162824362,56.56376439812188,167.70151332415122,4630.0,1007498.5,False,True,True,True,2,0.008639308855291628
2024-02-19,4709.9501953125,4824.89990234375,4643.89990234375,4768.60009765625,1125013,4496.352457196027,4709.984630856985,60.20663168433424,168.65140522956898,4734.0,1008886.15,False,True,True,True,2,0.007308850370986386
2024-02-20,4776.9501953125,4819.7998046875,4696.35009765625,4732.14990234375,735136,4518.809356733906,4710.8538571898,58.26136554534178,165.42271250111764,4824.89990234375,868112.85,False,False,True,False,1,-0.01922319672475392
2024-02-21,4759.89990234375,4765.89990234375,4685.10009765625,4716.60009765625,658619,4537.6465701550815,4711.07919995319,57.40919616692901,159.37821908585926,4824.89990234375,802755.45,False,False,True,False,1,-0.02244602103245541
2024-02-22,4731.85009765625,4741.39990234375,4652.35009765625,4716.60009765625,425946,4554.6897632504315,4711.295705745467,57.40919616692901,154.35476091454788,4824.89990234375,771362.8,False,False,True,False,1,-0.02244602103245541
2024-02-23,4739.0,4830.0,4721.10009765625,4801.7998046875,506542,4578.224052911105,4714.844886096135,61.03116887677822,151.4294138737766,4824.89990234375,698666.4,False,False,True,False,1,-0.004787684329995878
2024-02-26,4805.0,4867.60009765625,4709.0,4788.39990234375,1005726,4598.240800476119,4717.729396537219,60.16456951296622,151.9416055725247,4830.0,659241.8,False,False,True,True,2,-0.008612856657608692
2024-02-27,4800.0,4800.0,4726.0,4766.89990234375,525966,4614.30357208256,4719.657651666887,58.72377464939525,146.3743480316301,4867.60009765625,665583.0,False,False,True,False,1,-0.02068785300604037
2024-02-28,4785.0,4788.0,4666.0,4709.89990234375,309601,4623.407984488387,4719.2749948306855,54.965628904317,144.63332317222796,4867.60009765625,670248.2,False,False,True,False,1,-0.03239793576888794
2024-02-29,4709.10009765625,4797.9501953125,4663.2998046875,4749.85009765625,629330,4635.450090504374,4720.4740184709035,57.0407574518224,143.92025656171168,4867.60009765625,659584.55,False,False,True,False,1,-0.024190565707461587
2024-03-01,4780.0,4829.0,4751.10009765625,4807.4501953125,366189,4651.831052867053,4723.88484893528,59.90912890573754,139.29380268900013,4867.60009765625,658479.9,False,False,True,False,1,-0.012357198853026552
2024-03-04,4777.0,4811.2998046875,4730.9501953125,4792.2001953125,417409,4665.199542623763,4726.563882126544,58.78991545882396,135.08350316657155,4867.60009765625,634607.45,False,False,True,False,1,-0.015490159592209563
2024-03-05,4791.9501953125,4954.0,4752.0,4913.2998046875,735203,4688.828139010786,4733.886859481875,64.46681978436015,139.86325294038787,4867.60009765625,628348.75,False,True,True,True,2,0.009388550027610965
2024-03-06,4930.9501953125,4938.7998046875,4805.0,4880.2998046875,483453,4707.063535741901,4739.628543607586,61.96192852701159,139.43014949375302,4954.0,645096.55,False,False,True,False,1,-0.014876906603249918
2024-03-07,4880.0,4938.2998046875,4863.0498046875,4891.0,270473,4724.581294242673,4745.564679152387,62.47111949139611,134.8458531013421,4954.0,651155.85,False,False,True,False,1,-0.01271699636657242
2024-03-11,4910.0,4992.0,4885.2001953125,4933.89990234375,542531,4744.516399776109,4752.950374179499,64.52168864924137,132.84256392892482,4954.0,642263.25,False,False,True,False,1,-0.004057347124798105
2024-03-12,4933.89990234375,4965.0,4835.0,4854.85009765625,264101,4755.024371002789,4756.946441766822,58.21013079381411,132.63952364828734,4992.0,655780.25,False,False,True,False,1,-0.0274739387707833
2024-03-13,4835.14990234375,4929.14990234375,4730.25,4778.89990234375,633146,4757.2982311305,4757.807361789447,52.85992863733057,137.3724078408204,4992.0,630910.6,False,False,True,True,2,-0.04268832084460139
2024-03-14,4760.0,4927.9501953125,4752.39990234375,4890.14990234375,379033,4769.950771246048,4762.997265340597,58.82914488358899,140.0993996356725,4992.0,643176.2,True,False,True,False,1,-0.020402663793319342
2024-03-15,4860.0498046875,4918.0498046875,4775.0,4894.5,345532,4781.812602555948,4768.15423532724,59.04751390034173,140.31014285366018,4992.0,649061.2,True,False,True,False,1,-0.01953125
2024-03-18,4885.0,4915.0,4778.0,4795.39990234375,433656,4783.106631107167,4769.222692857299,52.248655312138325,140.07370407839875,4992.0,615769.1,True,False,True,False,1,-0.039383032383062955
2024-03-19,4810.0,4819.39990234375,4670.5498046875,4680.25,272824,4773.310761477914,4765.733567647209,45.66864343737735,140.70058933395956,4992.0,539630.25,True,False,False,False,0,-0.06244991987179482
2024-03-20,4700.0,4838.9501953125,4635.0498046875,4744.35009765625,445608,4770.5526030187075,4764.895000196584,49.4825723031858,145.21486085474814,4992.0,497020.8,True,False,False,False,0,-0.04960935543744993
2024-03-21,4799.0,5025.5,4770.0,4986.5498046875,712776,4791.123765082401,4773.587345470738,60.70644974104579,154.92450667539111,4992.0,482544.4,True,False,True,True,2,-0.0010917859199719437
2024-03-22,4996.9501953125,5037.64990234375,4850.0,4909.89990234375,594108,4802.435778154911,4778.932935936346,56.43319300096527,157.26203493741676,5025.5,485252.25,True,False,True,True,2,-0.02300270573201668
2024-03-26,4929.89990234375,5094.0,4886.5,5018.14990234375,497218,4822.979980458609,4788.313993442519,60.646371991927204,160.85046101331557,5037.64990234375,493660.35,True,False,True,True,2,-0.0038708525558569518
2024-03-27,5058.0,5136.2998046875,5026.85009765625,5038.2001953125,407426,4843.477143778027,4798.113452339381,61.391136037370856,157.8004211083466,5094.0,493194.15,True,False,True,False,1,-0.010954025262563838
2024-03-28,5042.0,5116.0,5004.0,5065.0,359484,4864.574558656311,4808.579591463327,62.415004161092185,154.52896245775042,5136.2998046875,463279.15,True,False,True,False,1,-0.013881550415423605
2024-04-01,5073.0,5151.0,5073.0,5133.0,271256,4890.138886403329,4821.30196042555,64.95452028970433,149.6340365679111,5136.2998046875,454955.05,True,False,True,False,1,-0.0006424478346237494
2024-04-02,5151.25,5214.5498046875,5100.0,5205.7998046875,392786,4920.201831001821,4836.380307259352,67.48728956869923,147.12802000502458,5151.0,453037.8,True,True,True,False,1,0.01063867301252186
2024-04-03,5180.0,5289.0,5160.0,5261.5498046875,338866,4952.711161829028,4853.053620883985,69.31611919569461,145.83316143323714,5214.5498046875,441210.6,True,True,True,False,1,0.009013242132187571
2024-04-04,5300.0,5304.89990234375,5204.7001953125,5224.9501953125,226936,4978.638688827454,4867.637800273339,66.6649708586302,142.57362897595235,5289.0,439844.45,True,False,True,False,1,-0.012110002776989925
2024-04-05,5226.0,5323.2998046875,5220.0,5316.60009765625,296298,5010.825489668291,4885.244164876591,69.7817715272166,139.76835581249148,5304.89990234375,430320.8,True,True,True,False,1,0.0022055449731164245
2024-04-08,5349.85009765625,5390.0,5216.35009765625,5281.39990234375,484823,5036.594481351668,4900.779683992951,67.18359198385315,142.18846627900996,5323.2998046875,408375.55,True,False,True,True,2,-0.007871039370515032
2024-04-09,5336.7998046875,5336.7998046875,5242.7998046875,5261.39990234375,197608,5058.0045214461525,4914.92165334004,65.68709168433381,138.7464329733664,5390.0,408444.05,True,False,True,False,1,-0.023859016262755106
2024-04-10,5260.0,5283.0,5196.89990234375,5248.39990234375,282041,5076.137414864971,4927.999231732343,64.67860018831058,134.98598045071523,5390.0,404800.8,True,False,True,False,1,-0.026270890103200384
2024-04-12,5247.9501953125,5363.89990234375,5230.10009765625,5302.35009765625,338176,5097.681479892712,4942.679657847007,66.94659845646926,134.90125361048558,5390.0,391776.3,True,False,True,False,1,-0.01626157742926715
2024-04-15,5226.10009765625,5394.7001953125,5226.10009765625,5313.85009765625,550150,5118.268967298763,4957.235361368937,67.42672502601494,137.30831389946877,5390.0,395480.05,True,False,True,True,2,-0.014127996724257907
2024-04-16,5302.5,5387.0,5241.10009765625,5267.5498046875,342974,5132.486189907213,4969.404555224568,63.43172588345677,137.921998788346,5394.7001953125,391330.25,True,False,True,False,1,-0.023569500810347588
2024-04-18,5315.5498046875,5434.14990234375,5298.89990234375,5329.89990234375,440369,5151.287495853549,4983.541627660615,66.3252498801096,139.97043442176772,5394.7001953125,389527.3,True,False,True,True,2,-0.012011843220695706
2024-04-19,5290.0,5353.0,5230.0,5290.0498046875,334073,5164.502953837736,4995.561556171473,62.8995665625236,138.7582605344986,5434.14990234375,394269.15,True,False,True,False,1,-0.02651750508282802
2024-04-22,5331.0,5454.7001953125,5315.89990234375,5433.64990234375,397202,5190.135996552594,5012.7414913154835,69.09423236558813,140.60769839810584,5434.14990234375,389290.0,True,False,True,True,2,-9.20107117001745e-05
2024-04-23,5430.0,5525.0,5380.9501953125,5497.25,406322,5219.384949261871,5031.741824989386,71.37398401295103,140.85356313306258,5454.7001953125,395508.9,True,True,True,True,2,0.007800576230397649
2024-04-24,5497.25,5618.10009765625,5494.7998046875,5593.7998046875,305918,5255.043506921455,5053.783314389312,74.45460915428336,139.59975812132598,5525.0,393544.6,True,True,True,False,1,0.012452453337103986
2024-04-25,5610.0,5689.89990234375,5590.0,5633.10009765625,425165,5291.048896515245,5076.501619615467,75.60541093262854,136.7640541372134,5618.10009765625,373201.7,True,True,True,True,2,0.0026699417488587063
2024-04-26,5582.0,5651.85009765625,5547.0498046875,5593.64990234375,510332,5319.868039927484,5096.7819444283405,72.09443564820407,134.48092833946603,5689.89990234375,364754.55,True,False,True,True,2,-0.01691593905902511
2024-04-29,5600.0,5697.0,5573.0,5639.9501953125,350075,5350.352054726056,5118.082660149288,73.64152177587272,133.73229060093274,5689.89990234375,365410.25,True,False,True,False,1,-0.008778661819810796
2024-04-30,5630.0498046875,5789.0,5630.0498046875,5666.5498046875,474928,5380.4661261509555,5139.5911756213745,74.5156466978604,135.53356950890185,5697.0,362542.7,True,False,True,True,2,-0.005344952661488489
2024-05-02,5700.0,5804.0,5691.0,5792.5,286240,5419.707447469912,5165.195443244066,78.20186301035379,135.67047135201602,5789.0,368314.9,True,True,True,False,1,0.0006045949214026347
2024-05-03,5840.0,5869.89990234375,5751.0,5832.14990234375,312177,5458.987681267421,5191.350520071505,79.2208372482113,134.47257356571131,5804.0,369064.1,True,True,True,False,1,0.004850086551300814
2024-05-06,5863.0,5939.7998046875,5800.0,5901.5498046875,449452,5501.136454926476,5219.201472409387,80.90350691983616,134.85309007441052,5869.89990234375,365033.65,True,True,True,True,2,0.005391898136305917
2024-05-07,5902.0,5948.85009765625,5680.0,5808.7998046875,481713,5530.437726332288,5242.32297563598,72.45850184249139,144.42430490168476,5939.7998046875,370562.95,True,False,True,True,2,-0.022054615358689245
2024-05-08,5808.7998046875,5947.9501953125,5785.10009765625,5921.5498046875,306101,5567.6864956994505,5268.959321873294,75.76965641921511,145.74043295558226,5948.85009765625,383301.8,True,False,True,False,1,-0.004589171439957074
2024-05-09,5919.0,5949.0,5786.0,5803.5,271663,5590.144924680455,5289.921701407676,66.72460000775806,146.97325917304067,5948.85009765625,383791.95,True,False,True,False,1,-0.024433309844790974
2024-05-10,5844.0,6362.9501953125,5762.0,6155.64990234375,3423107,5644.002541600768,5323.871826934581,75.94835455942321,179.40018318300207,5949.0,373133.95,True,True,True,True,2,0.03473691416099345
2024-05-13,6269.0,6468.89990234375,6222.25,6430.89990234375,1788362,5718.945147385814,5367.284692636901,80.49859880132117,188.9608843842162,6362.9501953125,534408.9,True,True,True,True,2,0.010678962579544926
2024-05-14,6430.0,6480.0,6250.89990234375,6323.5498046875,507179,5776.526543319309,5404.785285266336,74.57301155020127,191.82797104650433,6468.89990234375,609724.95,True,False,True,False,1,-0.022469059631543886
2024-05-15,6397.85009765625,6534.7001953125,6284.35009765625,6466.89990234375,671424,5842.276387035923,5446.436838877215,77.00700220634658,196.00812294720043,6480.0,618175.1,True,False,True,True,2,-0.002021620008680558
2024-05-16,6482.14990234375,6531.75,6420.0,6470.2998046875,343819,5902.088141097978,5486.588327732521,77.06308274313353,189.989685593829,6534.7001953125,624238.8,True,False,True,False,1,-0.009855140817507713
2024-05-17,6510.9501953125,6542.89990234375,6451.10009765625,6490.9501953125,305803,5958.1702414993615,5525.975067637619,77.42326654807552,182.97612267194836,6534.7001953125,624281.05,True,False,True,False,1,-0.006695027880756155
2024-05-21,6500.5,6843.9501953125,6500.5,6693.5498046875,957271,6028.206390374422,5571.762312227811,80.63602873089609,195.12068533823776,6542.89990234375,617552.75,True,True,True,True,2,0.023024943769930806
2024-05-22,6778.0,6778.0,6530.0,6561.7998046875,426788,6079.024810785191,5610.587311932113,73.3282483384097,198.89777924264936,6843.9501953125,648712.65,True,False,True,False,1,-0.04122624837601074
2024-05-23,6602.39990234375,6740.0,6592.14990234375,6642.14990234375,476201,6132.655771886007,5651.040746850217,74.82661611282263,197.41938039049583,6843.9501953125,650191.95,True,False,True,False,1,-0.029485938268072887
2024-05-24,6647.85009765625,6741.4501953125,6635.0498046875,6684.14990234375,239053,6185.179022405792,5691.554831379375,75.5982915625633,190.9180239786747,6843.9501953125,653685.9,True,False,True,False,1,-0.023349131482312546
2024-05-27,6722.0,6900.0,6701.5,6839.4501953125,756028,6247.490562682621,5736.570335847341,78.2529089015035,192.69888638421583,6843.9501953125,650342.65,True,False,True,True,2,-0.0006575150127600127
2024-05-28,6870.0,6899.85009765625,6685.0,6706.60009765625,298627,6291.215280299157,5774.610718663376,71.12475955047881,194.2811157607897,6900.0,666885.8,True,False,True,False,1,-0.02802897135416671
2024-05-29,6700.0,6778.9501953125,6650.0498046875,6747.75,240288,6334.694777413522,5812.7730434216755,71.97627736870567,189.61106396537616,6900.0,656300.55,True,False,True,False,1,-0.022065217391304293
2024-05-30,6747.75,6767.0,6698.0,6714.10009765625,232385,6370.828617436639,5848.119202411267,70.15438533334849,180.9959879678493,6900.0,650811.2,True,False,True,False,1,-0.02694201483242753
2024-05-31,6741.89990234375,6852.0,6621.5498046875,6741.64990234375,1118735,6406.144930284935,5883.159622016463,70.80593455885122,184.52843134961006,6900.0,638684.05,True,False,True,True,2,-0.02294928951539854
2024-06-03,7000.0,7116.2001953125,6845.39990234375,6929.14990234375,571071,6455.9549276238695,5924.178848695965,74.83281533970907,198.10142146526292,6900.0,680308.8,True,True,True,False,1,0.0042246235280796185
2024-06-04,7000.0,7025.5498046875,6211.35009765625,6456.2001953125,1324429,6455.978286451358,5945.042430916222,54.43612270524611,242.10844186283344,7116.2001953125,693253.5,True,False,True,True,2,-0.09274612600622834
2024-06-05,6598.0,6820.0,6137.0,6788.4501953125,700772,6487.642277771467,5978.117245206272,62.22547566441757,273.6006960154882,7116.2001953125,737002.35,True,False,True,False,1,-0.046056883028092965
2024-06-06,6900.0,6980.0,6808.2001953125,6858.75,237858,6522.9858703646605,6012.65186304132,63.6417817283629,267.7399180634891,7116.2001953125,747955.3,True,False,True,False,1,-0.03617804281027459
2024-06-07,6862.25,6886.25,6810.0,6846.4501953125,180893,6553.791996550169,6045.349836855876,63.19533268685185,254.06206677323988,7116.2001953125,744543.15,True,False,True,False,1,-0.037906465894212316
2024-06-10,6887.60009765625,6950.0,6730.0,6798.89990234375,636790,6577.135606625749,6074.900819816185,61.4020365767835,251.62906200372277,7116.2001953125,740004.65,True,False,True,False,1,-0.04458844386892857
2024-06-11,6850.7998046875,7039.89990234375,6778.0,6997.89990234375,435671,6617.20839669413,6111.096862268246,65.77874394781105,252.36269345658184,7116.2001953125,600688.8,True,False,True,False,1,-0.016624081633717314
2024-06-12,7010.0,7094.2998046875,6960.0,7002.0,297295,6653.855216056594,6146.0342402185115,65.86462820533323,243.929629973076,7116.2001953125,533054.25,True,False,True,False,1,-0.01604791773392278
2024-06-13,7050.0,7067.39990234375,6942.0,7047.2001953125,378833,6691.316642652395,6181.374081594747,66.85227606488928,235.46322085669556,7116.2001953125,522560.05,True,False,True,False,1,-0.009696185900651133
2024-06-14,7050.0,7140.0,7000.25,7079.89990234375,409053,6728.32457214681,6216.6103882907855,67.58300857455512,228.62656222407446,7116.2001953125,507930.5,True,False,True,False,1,-0.005101078099610135
2024-06-18,7120.0,7147.39990234375,7061.39990234375,7110.25,194223,6764.698422418543,6251.655078946049,68.28190485316365,218.43895063664058,7140.0,511192.2,True,False,True,False,1,-0.004166666666666652
2024-06-19,7144.0,7174.75,6980.0,7002.7001953125,319124,6787.3652579322525,6281.107828607478,63.09101567123311,216.7468827340234,7147.39990234375,505613.2,True,False,True,False,1,-0.02024508338812836
2024-06-20,7002.7001953125,7025.5,6905.0,6956.4501953125,224893,6803.4685853018,6307.591842988068,60.94534309749311,209.87210539587886,7174.75,473705.85,True,False,True,False,1,-0.03042612003031464
2024-06-21,7010.0,7215.0,6947.14990234375,7091.5498046875,776401,6830.904891909962,6338.335292466477,64.71979637475062,214.01339055733393,7174.75,463611.1,True,False,True,True,2,-0.01159625008711107
2024-06-24,7000.0,7293.2998046875,6985.0,7260.60009765625,631243,6871.82824483818,6374.502539728821,68.78507271376807,220.7481344237744,7215.0,478621.1,True,True,True,True,2,0.006320179855336061
2024-06-25,7309.9501953125,7331.4501953125,7191.14990234375,7227.60009765625,292396,6905.7112784399005,6407.957345922054,67.15824697118745,215.0018600341298,7293.2998046875,498230.6,True,False,True,False,1,-0.009008227933948953
2024-06-26,7211.85009765625,7323.9501953125,7164.0498046875,7180.35009765625,298420,6931.867356460505,6438.247257754767,64.79525316820185,211.06604079062052,7331.4501953125,475049.0,True,False,True,False,1,-0.02060985120690839
2024-06-27,7250.0,7319.89990234375,6960.0,6989.25,1135404,6937.332370130933,6459.855208431051,56.1848027294768,221.69703090155832,7331.4501953125,475038.65,True,False,True,True,2,-0.0466756489093102
2024-06-28,6768.0,6823.2998046875,6616.0,6739.5,8853879,6918.491192023225,6470.82167084552,47.332240058373436,232.52224298001843,7331.4501953125,519794.45,True,False,False,True,1,-0.08074121484054742
2024-07-01,6750.0,6780.0,6704.0,6735.9501953125,488374,6901.106335193632,6481.218867883441,47.218360781472875,221.34208276715998,7331.4501953125,950869.15,True,False,False,False,0,-0.08122540345165874
2024-07-02,6759.7998046875,6786.0,6544.10009765625,6628.10009765625,818252,6875.105741142452,6486.978916109825,43.772558592332295,222.81049845120214,7331.4501953125,919351.1,True,False,False,False,0,-0.0959360125103148
2024-07-03,6628.35009765625,6734.0,6606.9501953125,6711.7001953125,656496,6859.543308206266,6495.791515294244,47.0011760764476,215.970448896652,7331.4501953125,931710.15,True,False,False,False,0,-0.08453307101455165
2024-07-04,6775.0,6775.0,6651.2998046875,6661.4501953125,348211,6840.677297454479,6502.28793411849,45.316790995724375,209.379716497784,7331.4501953125,898313.5,True,False,False,False,0,-0.09138710379951531
2024-07-05,6675.0,6699.0,6600.14990234375,6634.10009765625,222128,6821.003278426077,6507.457038570951,44.384457945207245,201.48474372338873,7331.4501953125,880685.45,True,False,False,False,0,-0.09511762053599082
2024-07-08,6639.0,6675.0,6535.0,6546.60009765625,560888,6794.8696421622835,6508.992060495865,41.44657534161596,197.09297631457525,7331.4501953125,879898.95,True,False,False,False,0,-0.10705250349488271
2024-07-09,6577.4501953125,6592.0,6415.7001953125,6454.14990234375,547696,6762.420143131947,6506.841387627154,38.54361921182495,195.60774976978416,7331.4501953125,898898.7,True,False,False,False,0,-0.11966258647295569
2024-07-10,6456.75,6477.2998046875,6311.10009765625,6358.2998046875,381571,6723.932491851524,6501.016227511874,35.74803006405601,193.5071752884603,7331.4501953125,894444.0,True,False,False,False,0,-0.1327364115829638
2024-07-11,6388.89990234375,6639.9501953125,6384.10009765625,6619.0,973579,6713.938921198998,6505.643042119252,47.00644794525207,199.8031192410703,7331.4501953125,891739.0,True,False,False,True,1,-0.0971772536582215
2024-07-12,6643.9501953125,6645.10009765625,6511.0,6581.0,499047,6701.278071560998,6508.598216938105,45.74812775344169,195.110046270726,7331.4501953125,925553.2,True,False,False,False,0,-0.10236040282894021
2024-07-15,6591.0,6693.0,6516.0,6667.85009765625,423404,6698.094454998641,6514.843388730973,49.10170535344992,193.81647153710273,7331.4501953125,931563.9,True,False,False,False,0,-0.09051416568041815
2024-07-16,6694.7998046875,6717.85009765625,6608.85009765625,6629.2001953125,232566,6691.5330969332945,6519.327969381228,47.68892724702094,187.7581521415954,7331.4501953125,932281.45,True,False,False,False,0,-0.09578596066150691
2024-07-18,6600.0,6713.35009765625,6494.5498046875,6552.25,1507949,6678.268040082504,6520.619029405493,44.91788775841959,189.97544791496358,7331.4501953125,934198.6,True,False,False,True,1,-0.10628186437257614
2024-07-19,6500.0,6524.85009765625,6257.5,6349.85009765625,1038301,6646.990140803813,6513.922208552582,38.569613210582084,197.4593444924662,7331.4501953125,993639.85,True,False,False,True,1,-0.1338889403195911
2024-07-22,6330.0,6423.4501953125,6238.9501953125,6289.0,689230,6612.89584167964,6505.101729785814,36.88194951375166,196.53367702871859,7331.4501953125,1034310.25,True,False,False,False,0,-0.1421888122460424
2024-07-23,6301.60009765625,6322.14990234375,5930.0498046875,6206.64990234375,618868,6574.205752219079,6493.397736552793,34.67092491377636,210.50270707354227,7331.4501953125,1029951.7,True,False,False,False,0,-0.15342125541382146
2024-07-24,6204.0498046875,6375.5,6186.7001953125,6322.25,628120,6550.209966293452,6486.686060609545,40.09953518223302,208.95249976025352,7331.4501953125,1029332.95,True,False,False,False,0,-0.13765355672166346
2024-07-25,6310.0,6457.60009765625,6239.25,6427.4501953125,589561,6538.518559533361,6484.363085499857,44.61033852552978,209.6237567528247,7323.9501953125,1046119.15,True,False,False,False,0,-0.12240662157612447
2024-07-26,6440.0,6564.75,6408.5498046875,6548.5,477709,6539.469172911137,6486.87825861751,49.33791926031222,205.8077880785158,7319.89990234375,1060676.2,True,False,False,False,0,-0.105383941397444
2024-07-29,6584.9501953125,6639.75,6540.0,6583.5498046875,386209,6543.66732831841,6490.669299639862,50.651304445620596,198.23223178719326,6823.2998046875,1027791.45,True,False,True,False,1,-0.035136958196574586
2024-07-30,6583.0,6701.0,6554.64990234375,6681.75,531991,6556.818058954752,6498.1626604383,54.23135055773297,194.52636506355446,6786.0,604407.95,True,False,True,False,1,-0.015362511052166239
2024-07-31,6681.75,6882.0,6681.75,6858.2001953125,806650,6585.521119560252,6512.281779452975,59.86546488282462,194.93519613044342,6786.0,606588.8,True,True,True,True,2,0.010639580800545279
2024-08-01,6900.0,6906.0,6760.0,6775.0498046875,248158,6603.571470524753,6522.586407893545,56.34545958361262,191.4398249782689,6882.0,606008.7,True,False,True,False,1,-0.015540568920735298
2024-08-02,6678.5498046875,6839.9501953125,6674.7998046875,6751.5,285579,6617.659901903347,6531.563411505563,55.35276876198214,189.56200823874968,6906.0,585591.8,True,False,True,False,1,-0.022371850564726348
2024-08-05,6525.0,6617.9501953125,6432.0,6457.7998046875,361050,6602.435130739933,6528.67072104211,44.761237059224634,198.8432933645533,6906.0,582460.2,True,False,False,False,0,-0.0649001151625398
2024-08-06,6521.2998046875,6611.14990234375,6386.4501953125,6413.14990234375,366504,6584.407966130773,6524.140492857861,43.40159050115467,200.69018005503165,6906.0,589406.3,True,False,False,False,0,-0.07136549343415144
2024-08-07,6489.7001953125,6750.0,6480.60009765625,6707.39990234375,348385,6596.121483865342,6531.327136367112,53.43909972900861,210.41588845511868,6906.0,579687.1,True,False,True,False,1,-0.028757616225926763
2024-08-08,6700.0,6708.0,6615.10009765625,6632.39990234375,211234,6599.576571339477,6535.2907742485495,50.958439271277655,202.02188944716377,6906.0,569721.55,True,False,True,False,1,-0.039617737859289015
2024-08-09,6708.0498046875,6729.9501953125,6608.0,6650.7001953125,118749,6604.445487908337,6539.816633898116,51.54944058872754,196.30248272325923,6906.0,561204.7,True,False,True,False,1,-0.03696782575839852
2024-08-12,6632.0,6656.0498046875,6548.35009765625,6585.14990234375,400058,6602.607813092662,6541.5944091312795,49.259544195780784,189.97371303097287,6906.0,518463.2,True,False,False,False,0,-0.046459614488307266
2024-08-13,6585.5498046875,6607.85009765625,6381.5,6413.7998046875,198328,6584.626098006455,6536.582856015837,43.78428659492238,192.57202621849268,6906.0,513513.75,True,False,False,False,0,-0.07127138652077902
2024-08-14,6433.85009765625,6439.9501953125,6308.75,6413.35009765625,258704,6568.314097973102,6531.750198825265,43.770535856006326,188.18832401092178,6906.0,502259.95,True,False,False,False,0,-0.07133650482822906
2024-08-16,6460.0,6709.0,6415.0498046875,6674.35009765625,479575,6578.412764609593,6537.342351720597,52.99688547159015,195.86415103469523,6906.0,503566.85,True,False,True,False,1,-0.033543281544128334
2024-08-19,6700.0,6700.0,6495.0498046875,6616.89990234375,567049,6582.07820629856,6540.462255666604,51.01271014446387,196.51315419739558,6906.0,452148.15,True,False,True,True,2,-0.04186216299685053
2024-08-20,6770.0,6884.0,6673.25,6786.0,1067336,6601.49932950822,6550.091186816933,56.20962277846848,201.55507873017092,6906.0,428585.55,True,False,True,True,2,-0.017376194613379692
2024-08-21,6800.0,6844.0,6736.0498046875,6787.7001953125,357548,6619.232745299104,6559.409187150093,56.25986649377952,194.86901562890873,6906.0,447490.85,True,False,True,False,1,-0.017130003574789998
2024-08-22,6824.0,6870.0,6768.7998046875,6832.0,352837,6639.496293365856,6570.0990229481295,57.62416379932575,188.1783856063081,6906.0,434424.85,True,False,True,False,1,-0.01071532001158415
2024-08-23,6790.0,6850.85009765625,6736.0,6754.14990234375,191477,6650.415684697084,6577.316704493056,54.4122237822757,182.94065075273252,6906.0,420660.7,True,False,True,False,1,-0.02198814040779762
2024-08-26,6804.89990234375,6804.89990234375,6722.2998046875,6766.5,230388,6661.471333773552,6584.735657258034,54.842246139414925,175.77346838869806,6906.0,400756.5,True,False,True,False,1,-0.02019982623805383
2024-08-27,6788.9501953125,6812.85009765625,6730.0,6769.5498046875,200927,6671.764521479642,6591.983270882719,54.95524476945579,169.1360847649518,6906.0,388390.45,True,False,True,False,1,-0.019758209573197183
2024-08-28,6806.0,6825.0,6751.0,6788.25,206801,6682.858376576819,6599.680005357907,55.68743931913472,162.3406501388838,6906.0,379126.35,True,False,True,False,1,-0.01705039096437877
2024-08-29,6820.0,6855.0,6706.2001953125,6743.5,352648,6688.633769283789,6605.320005147793,53.44846516947353,161.3734468923564,6906.0,362866.85,True,False,True,False,1,-0.0235302635389516
2024-08-30,6770.0,6862.2998046875,6750.0498046875,6813.39990234375,414118,6700.516258146643,6613.480001116262,56.39744614702666,158.33247244915236,6906.0,340166.75,True,False,True,True,2,-0.013408644317441376
2024-09-02,6839.9501953125,6840.7998046875,6698.4501953125,6718.0,159217,6702.181376418392,6617.578824601899,51.59359237347773,157.19083937242718,6884.0,348464.75,True,False,True,False,1,-0.024113887274840207
2024-09-03,6718.0,6790.0,6698.7998046875,6767.14990234375,176221,6708.36885507795,6623.444357062364,53.77802306628298,152.47722193957526,6884.0,342146.65,True,False,True,False,1,-0.01697415712612582
2024-09-04,6710.0,6752.9501953125,6676.75,6717.0498046875,183073,6709.195612183621,6627.115158930016,51.23972397392681,148.04312768273059,6884.0,332905.2,True,False,True,False,1,-0.024251916808904705
2024-09-05,6723.75,6739.64990234375,6476.2998046875,6648.7998046875,700511,6703.443630517324,6627.965537195016,47.92141828897476,156.27933982369626,6884.0,323733.65,True,False,False,True,1,-0.034166210824012166
2024-09-06,6649.0,6692.9501953125,6585.0,6620.7001953125,222473,6695.56330335496,6627.680621827074,46.583816065177324,152.82725807289654,6884.0,341339.95,True,False,False,False,0,-0.038248083191095295
2024-09-09,6580.0,6701.64990234375,6575.0,6664.0,527457,6692.557274464012,6629.104911167188,48.94851594180574,150.95744694938608,6884.0,341901.9,True,False,False,True,1,-0.03195816385822192
2024-09-10,6679.2001953125,6735.10009765625,6650.0,6687.39990234375,147853,6692.0660961668445,6631.3909892525435,50.23077806044431,146.25335057130494,6884.0,362337.3,True,False,True,False,1,-0.028558991524731292
2024-09-11,6715.0,6844.4501953125,6672.0,6811.0,581267,6703.393134627146,6638.434479870091,56.45263191041116,148.1245537671046,6884.0,349727.05,True,False,True,True,2,-0.010604299825682784
2024-09-12,6849.9501953125,6890.0,6805.0,6848.2001953125,263580,6717.184283263847,6646.660586358029,58.14845873260086,143.6156570694543,6884.0,368874.0,True,False,True,False,1,-0.0052004364740703135
2024-09-13,6860.0,6924.5,6745.0,6752.85009765625,395742,6720.581027491695,6650.824880918744,52.504583422855774,146.17882442163616,6890.0,369117.8,True,False,True,True,2,-0.01990564620373725
2024-09-16,6800.0,6828.0,6710.0498046875,6724.4501953125,337211,6720.949519665105,6653.7121481498725,50.9193173579399,144.1624937709836,6924.5,364926.15,True,False,True,False,1,-0.028890144369629556
2024-09-17,6750.0,6752.7998046875,6680.7998046875,6691.39990234375,106032,6718.135270396405,6655.19009929473,49.062794185427414,139.00802993019906,6924.5,353434.25,True,False,False,False,0,-0.0336630944698173
2024-09-18,6700.0,6729.9501953125,6648.0,6667.2001953125,282119,6713.284310864605,6655.66108345229,47.69166073664209,134.93247031464912,6924.5,305369.05,True,False,False,False,0,-0.037157889333164884
2024-09-19,6690.0,6739.0498046875,6425.5498046875,6475.85009765625,391188,6690.671528654286,6648.609672244603,38.52393943849029,147.68729386360278,6924.5,301597.6,True,False,False,True,1,-0.06479166760686694
2024-09-20,6499.89990234375,6583.35009765625,6460.0498046875,6559.35009765625,309437,6678.164725702092,6645.10929677055,43.617330922463566,145.94536522825615,6924.5,303515.15,True,False,False,True,1,-0.05273303521463646
2024-09-23,6600.0,6633.9501953125,6525.0,6609.0498046875,265590,6671.582352272131,6643.695199041803,46.460653480991574,143.30285309141644,6924.5,309413.15,True,False,False,False,0,-0.04555566399198496
2024-09-24,6635.0,6705.7998046875,6530.0,6657.75,416396,6670.264985389071,6644.246367706831,49.16584292429706,145.62406391970814,6924.5,311173.25,True,False,False,True,1,-0.03852263701350278
2024-09-25,6659.89990234375,6705.0,6583.35009765625,6685.9501953125,289831,6671.758814905587,6645.881811926661,50.71863547466423,143.9116238071397,6924.5,321946.7,True,False,True,False,1,-0.0344501125983826
2024-09-26,6700.0,6774.64990234375,6664.0,6747.39990234375,536672,6678.962727994936,6649.862913511644,54.0149373576005,141.53578655975474,6924.5,326098.2,True,False,True,True,2,-0.02557586795526756
2024-09-27,6753.7001953125,7119.0,6735.89990234375,7054.7998046875,1291485,6714.75673529899,6665.742791596972,66.19591263203398,158.7903802095044,6924.5,335299.4,True,True,True,True,2,0.018817214916239333
2024-09-30,7065.0,7068.89990234375,6909.0,6955.2001953125,303374,6737.656112443135,6677.094062330914,60.595214097219454,158.86963179052194,7119.0,379167.75,True,False,True,False,1,-0.02300882212213795
2024-10-01,6987.9501953125,7353.5498046875,6902.39990234375,7326.5498046875,1221518,6793.741225990217,6702.562914972349,70.58729616372806,179.74679397289538,7119.0,386375.6,True,True,True,True,2,0.02915434817916851
2024-10-03,7202.2998046875,7430.0,7200.0,7332.2001953125,885592,6845.0230325923385,6727.254573024904,70.70900478217942,183.33630868911712,7353.5498046875,438640.45,True,False,True,True,2,-0.0029033065583360385
2024-10-04,7329.0,7393.4501953125,7170.0,7184.9501953125,467877,6877.397048089497,6745.203420957751,63.351890895593954,186.20158630507305,7430.0,473766.4,True,False,True,False,1,-0.03298113118270529
2024-10-07,7187.0,7245.5,6980.10009765625,7076.89990234375,438613,6896.397319923235,6758.211126110144,58.53871976502592,191.85860887926427,7430.0,462134.7,True,False,True,False,1,-0.047523566306359344
2024-10-08,7077.0,7297.89990234375,7036.0,7262.75,410534,6931.288051359117,6777.996964301902,63.65379804804317,196.8615584124418,7430.0,472941.7,True,False,True,False,1,-0.022510094212651377
2024-10-09,7300.0,7438.0,7250.0,7396.64990234375,369028,6975.608227643367,6802.257863832955,66.82899291448047,196.22858995441024,7430.0,467095.55,True,False,True,False,1,-0.004488573035834498
2024-10-10,7425.0,7585.5,7381.7001953125,7452.85009765625,470788,7021.059834311261,6827.771284767202,68.08905867793622,196.7693910067738,7438.0,478154.3,True,True,True,False,1,0.001996517566045908
2024-10-11,7493.14990234375,7493.14990234375,7365.0,7446.85009765625,177393,7061.611287963165,6852.048885272655,67.79297303869988,191.86799895941496,7585.5,472630.35,True,False,True,False,1,-0.018278281239700767
2024-10-14,7385.0,7509.9501953125,7338.0,7483.39990234375,311238,7101.781632189887,6876.807748687208,68.68626490645735,190.44529869892105,7585.5,468321.0,True,False,True,False,1,-0.013459903454782096
2024-10-15,7508.9501953125,7605.0,7393.5,7489.2998046875,209845,7138.6881248087075,6900.827045000945,68.83652135499187,191.9492059347124,7585.5,464095.8,True,False,True,False,1,-0.01268211657932894
2024-10-16,7480.0,7520.89990234375,7160.25,7181.5,482049,7142.765446255497,6911.833827549928,54.219418525070594,203.9992556782151,7605.0,457727.5,True,False,True,True,2,-0.055687047994740335
2024-10-17,7156.2001953125,7307.7998046875,7013.5498046875,7120.5498046875,734999,7140.649670868069,6920.0187678298325,51.87057081715447,210.44573741548544,7605.0,476528.35,True,False,True,True,2,-0.06370153784516763
2024-10-18,6699.9501953125,7170.0,6612.0,7120.39990234375,1967388,7138.721121484801,6927.876851536261,51.86461982733356,235.27104188580793,7605.0,499172.35,True,False,True,True,2,-0.06372124886998687
2024-10-21,7155.0,7243.9501953125,6795.75,6849.75,842387,7111.200062295773,6924.813053436799,42.40507658284191,250.48026713057163,7605.0,577982.35,True,False,False,True,1,-0.09930966469428004
2024-10-22,6840.0,6840.0,6590.0498046875,6651.4501953125,720095,7067.414360678319,6914.092941353494,37.07021486820591,251.13883342928082,7605.0,604629.85,True,False,False,True,1,-0.12538458970249833
2024-10-23,6620.0,6765.0,6592.0,6661.7001953125,461038,7028.774916357765,6904.195186606789,37.507854868504815,245.55748818433221,7605.0,627355.1,True,False,False,False,0,-0.12403679220085473
2024-10-24,6650.0,6650.0,6490.0,6502.35009765625,313821,6978.639219338573,6888.436555667553,33.596171429576756,240.28196726491564,7605.0,629587.2,True,False,False,False,0,-0.14499012522600263
2024-10-25,6510.0,6541.7998046875,6382.0,6455.39990234375,324913,6928.806903434303,6871.454726125443,32.52004723718366,234.5332413665288,7605.0,630786.7,True,False,False,False,0,-0.15116372092784347
2024-10-28,6500.0,6524.5498046875,6344.0,6369.25,318609,6875.515769773894,6851.760423140131,30.584196990688156,230.67728160374105,7605.0,620198.75,True,False,False,False,0,-0.16249178172255097
2024-10-29,6404.9501953125,6439.7998046875,6308.0,6398.0,208968,6830.038077414475,6833.965896742479,32.03816034111749,223.61460468115243,7605.0,571554.95,False,False,False,False,0,-0.15871137409598945
2024-10-30,6430.0,6479.9501953125,6335.0,6394.35009765625,275703,6788.543984104168,6816.726061484196,31.946675559059358,217.99571829767726,7605.0,566834.65,False,False,False,False,0,-0.15919130865795528
2024-10-31,6394.7001953125,6500.75,6342.0,6480.39990234375,259567,6759.196928698414,6803.536800341434,36.54698333956475,213.76388127641462,7605.0,519543.9,False,False,False,False,0,-0.14787640994822482
2024-11-01,6500.0,6531.39990234375,6450.0,6501.7998046875,26757,6734.68291688785,6791.703976982456,37.67533400396954,204.30931135265286,7605.0,488242.65,False,False,False,False,0,-0.1450624845907298
2024-11-04,6505.0,6553.14990234375,6383.2001953125,6522.9501953125,285465,6714.517895785436,6781.1646129954,38.833044483019535,201.85505390112408,7605.0,466186.65,False,False,False,False,0,-0.14228136813773828
2024-11-05,6577.0498046875,6655.4501953125,6371.39990234375,6632.5498046875,532984,6706.711410918966,6775.3365812970505,44.57812975010353,207.7261424059545,7605.0,458529.25,False,False,False,True,1,-0.12786984816732416
2024-11-06,6700.0,6935.0,6700.0,6883.9501953125,667866,6723.591295146922,6779.595938709422,55.01536437421546,214.49214618499346,7605.0,464651.75,False,False,True,True,2,-0.09481259759204475
2024-11-07,6950.0,6950.0,6802.75,6816.75,240697,6732.463552751977,6781.052960720817,52.18625540859002,209.68913574320823,7605.0,479593.65,False,False,True,False,1,-0.10364891518737673
2024-11-08,6839.85009765625,6839.89990234375,6685.0,6725.7998046875,164756,6731.82891007917,6778.886170288138,48.5475197051688,205.77561907181834,7605.0,468089.1,False,False,False,False,0,-0.11560817821334646
2024-11-11,6725.7998046875,6798.75,6626.4501953125,6708.39990234375,175932,6729.5975760091305,6776.12200291777,47.85998473819784,203.38448947293847,7605.0,467457.25,False,False,False,False,0,-0.11789613381410258
2024-11-12,6720.0,6756.0,6486.10009765625,6502.75,199839,6707.993044960642,6765.401532215114,40.550449033985885,208.13559039228215,7605.0,460691.95,False,False,False,False,0,-0.14493754109138723
2024-11-13,6465.0,6479.9501953125,6264.14990234375,6328.25,232394,6671.827040678676,6748.258334873345,35.584224524907484,210.31162662542272,7520.89990234375,460191.65,False,False,False,False,0,-0.15857808478106228
2024-11-14,6334.9501953125,6400.0,6277.4501953125,6301.89990234375,191359,6636.595884646778,6730.754082617283,34.88936780413063,204.04292505842827,7307.7998046875,447708.9,False,False,False,False,0,-0.1376474355110997
2024-11-18,6295.89990234375,6485.7001953125,6257.5,6444.64990234375,455631,6618.315314903633,6719.53431084185,41.54842225461619,205.76844436229055,7243.9501953125,420526.9,False,False,False,True,1,-0.11034039045243171
2024-11-19,6493.0,6610.39990234375,6460.0,6517.0498046875,197471,6608.670980597335,6711.593741973053,44.64083012502005,202.9099840506984,7243.9501953125,344939.05,False,False,False,False,0,-0.10034585702913468
2024-11-21,6525.0,6532.0,6390.0498046875,6408.35009765625,199200,6589.592801269613,6699.701834352786,41.12310793901003,198.5557134265414,6950.0,312693.25,False,False,False,False,0,-0.07793523774730216
2024-11-22,6415.0,6645.5,6408.35009765625,6620.5,191475,6592.53634400584,6696.595880064442,49.48903522624269,201.31244120634202,6950.0,286648.5,False,False,False,False,0,-0.047410071942446064
2024-11-25,6810.0,6821.0,6701.2001953125,6766.14990234375,369729,6609.070968609451,6699.323488781279,54.29104006327066,201.2544096916033,6950.0,273170.35,False,False,True,True,2,-0.02645325146133093
2024-11-26,6800.0,6885.0,6740.0,6872.64990234375,218029,6634.173724203193,6706.120603038631,57.47457544472977,197.2362375707745,6950.0,275965.75,False,False,True,False,1,-0.011129510454136682
2024-11-27,6870.5,7087.4501953125,6828.14990234375,7044.0,497850,6673.204798088604,6719.370775468488,62.0538387998005,201.66938438491562,6950.0,270621.55,False,True,True,True,2,0.013525179856115122
2024-11-28,7100.0,7165.25,7039.2998046875,7149.2001953125,620605,6718.537693062308,6736.226831148646,64.57593816628693,196.26087087974307,7087.4501953125,279583.6,False,True,True,True,2,0.008712583270192198
2024-11-29,7175.5,7320.0,7110.0,7297.89990234375,500991,6773.715046327207,6758.253226097474,67.83066591660247,197.2422372454757,7165.25,300165.45,True,True,True,True,2,0.018512948235406945
2024-12-02,7308.0,7393.0,7290.14990234375,7351.9501953125,229302,6828.785060516283,6781.535460184337,68.94749216469637,190.49994156053103,7320.0,311429.85,True,True,True,False,1,0.004364780780396149
2024-12-03,7352.0,7429.14990234375,7302.0,7412.5,270695,6884.376959514732,6806.279167628089,70.19579639057841,185.9749387593324,7393.0,309916.6,True,True,True,False,1,0.002637630190720941
2024-12-04,7420.9501953125,7479.0,7272.0,7300.10009765625,213014,6923.969639337734,6825.644694295861,64.97420809275692,187.4767288479515,7429.14990234375,322113.5,True,False,True,False,1,-0.017370736407780307
2024-12-05,7325.2998046875,7386.85009765625,7273.64990234375,7341.60009765625,299865,6963.743968701403,6845.87823952568,65.98041518927974,182.17126216684784,7479.0,318490.95,True,False,True,False,1,-0.018371426974695848
2024-12-06,7362.39990234375,7362.39990234375,7281.9501953125,7317.9501953125,106871,6997.4778950453165,6864.390865242811,64.83729928332123,174.90543680001943,7479.0,306835.0,True,False,True,False,1,-0.021533601375518074
2024-12-09,7317.9501953125,7451.0,7295.10009765625,7438.39990234375,228256,7039.470467168977,6886.901023560495,67.8886675809616,173.54789862457162,7479.0,278785.25,True,False,True,False,1,-0.005428546283761215
2024-12-10,7450.0,7470.0,7373.64990234375,7442.85009765625,233072,7077.887574834432,6908.702948034838,67.99915982492192,168.0337699839772,7479.0,278163.2,True,False,True,False,1,-0.004833520837511651
2024-12-11,7458.4501953125,7458.4501953125,7385.0,7401.25,96608,7108.683996278772,6928.018518700139,65.72255390887432,161.27780036458597,7479.0,281579.0,True,False,True,False,1,-0.010395774836208016
2024-12-12,7401.25,7524.7998046875,7385.0,7486.39990234375,206603,7144.656939713532,6949.915827862634,68.078382509824,159.74365781622268,7479.0,277612.8,True,True,True,False,1,0.000989424033126074
2024-12-13,7459.9501953125,7565.0,7402.4501953125,7522.14990234375,320336,7180.608650440219,6972.35637980307,69.04045195297192,159.94409687845678,7524.7998046875,277951.0,True,False,True,True,2,-0.0003521558596282226
2024-12-16,7529.35009765625,7595.0,7505.0,7541.35009765625,150287,7214.964978746508,6994.669858934567,69.57087847374338,154.948089958567,7565.0,282348.1,True,False,True,False,1,-0.003126226350793071
2024-12-17,7550.0,7550.0,7451.0,7483.0498046875,199765,7240.496866931364,7013.822013669976,65.87996590386811,150.95179781866938,7595.0,280294.5,True,False,True,False,1,-0.014739986216260714
2024-12-18,7483.0498046875,7495.14990234375,7372.10009765625,7413.35009765625,167097,7256.959079381353,7029.489781669437,61.66776226606457,148.95879830930014,7595.0,267501.2,True,False,True,False,1,-0.023917037833278476
2024-12-19,7350.0,7512.10009765625,7300.0,7493.5,240206,7279.486786106939,7047.686260819656,64.48020190231819,153.46889111979655,7595.0,265982.5,True,False,True,False,1,-0.013364055299539213
2024-12-20,7510.0,7593.5,7150.10009765625,7178.25,340963,7269.845187430087,7052.80640745418,49.19216412910728,174.17824906436465,7595.0,268032.8,True,False,False,True,1,-0.0548716260697828
2024-12-23,7180.0,7268.4501953125,7081.64990234375,7118.35009765625,245937,7255.4170836421035,7055.376748246418,46.91600767953244,175.0798236289636,7595.0,275507.2,True,False,False,False,0,-0.06275838082208685
2024-12-24,7118.35009765625,7149.0,7022.0,7091.85009765625,122770,7239.839275452974,7056.807075674255,45.90405164851259,171.64555051260908,7595.0,269317.6,True,False,False,False,0,-0.06624751841260701
2024-12-26,7091.85009765625,7160.5,7050.0,7144.60009765625,153820,7230.768877567572,7060.2499392813925,48.29481170769171,167.27801119027987,7595.0,264554.65,True,False,False,False,0,-0.05930215962393026
2024-12-27,7144.60009765625,7200.0,7086.0,7149.25,147479,7223.005174942089,7063.740137740946,48.51083132102323,163.47243896240275,7595.0,247353.15,True,False,False,False,0,-0.05868992758393676
2024-12-30,7185.0,7328.0,7145.2001953125,7283.64990234375,378267,7228.780863266056,7072.364050078311,54.43624134262104,164.852965085624,7595.0,223696.85,True,False,True,True,2,-0.04099408790734038
2024-12-31,7290.0,7362.7001953125,7182.0498046875,7272.35009765625,164893,7232.9303141603605,7080.206640179407,53.874876151395966,165.98135262415084,7595.0,217560.65,True,False,True,False,1,-0.042481883126234354
2025-01-01,7285.0,7365.7998046875,7202.7998046875,7341.39990234375,113918,7243.260751130207,7090.449513205461,56.80614413480949,165.76839886528293,7595.0,214340.2,True,False,True,False,1,-0.0333904012713957
2025-01-02,7341.39990234375,7440.0,7280.0498046875,7390.64990234375,162726,7257.297813150544,7102.222077485394,58.81648567448736,165.352812897227,7595.0,206501.35,True,False,True,False,1,-0.026905871975806406
2025-01-03,7400.0,7438.0,7169.7001953125,7208.0,209835,7252.6027833266835,7106.370231309496,49.59709883548327,172.7061694536751,7595.0,203986.95,True,False,False,True,1,-0.050954575378538536
2025-01-06,7215.0,7235.5498046875,6925.60009765625,6948.35009765625,268937,7223.626337072357,7100.173363323094,39.998638440584074,182.50927928064473,7595.0,199485.45,True,False,False,True,1,-0.0851415276291968
2025-01-07,7009.89990234375,7190.0,6968.89990234375,7162.85009765625,262756,7217.838123794632,7102.631274473415,48.81192546057196,186.733609499438,7595.0,207588.75,True,False,False,True,1,-0.05689926298140224
2025-01-08,7150.0,7150.0,6820.0498046875,6904.60009765625,271536,7188.005930829072,7094.865345970781,41.00301689769134,197.88122974724598,7595.0,209313.75,True,False,False,True,1,-0.09090189629279133
2025-01-09,7000.0,7000.0,6734.9501953125,6749.2998046875,174394,7146.224395006065,7081.313756116535,37.15370457602894,202.67898510012128,7595.0,211236.95,True,False,False,False,0,-0.11134959780283082
2025-01-10,6750.60009765625,6760.0,6500.0,6538.9501953125,177818,7088.38875694001,7060.0445968693175,32.67876576445177,206.77334330725546,7595.0,215126.25,True,False,False,False,0,-0.13904539890552992
2025-01-13,6451.0498046875,6537.2998046875,6228.14990234375,6251.7998046875,282470,7008.713618630247,7028.348722666109,27.76287907214494,214.20383971164793,7595.0,213687.0,False,False,False,True,1,-0.1768532186059908
2025-01-14,6259.89990234375,6508.35009765625,6185.5498046875,6474.7001953125,566958,6957.85519736189,7006.637015711065,35.832240959670685,221.96072923001236,7595.0,211793.7,False,False,False,True,1,-0.14750491174292302
2025-01-15,6500.0,6599.0,6390.14990234375,6450.7998046875,325741,6909.564207583377,6984.839478023866,35.37592524570725,221.0242555461722,7593.5,232627.25,False,False,False,True,1,-0.15048399227135045
2025-01-16,6522.2998046875,6710.0,6522.2998046875,6665.35009765625,213590,6886.30572092365,6972.310482715332,42.45981080443257,223.7511083866242,7593.5,238926.05,False,False,False,False,0,-0.12222952556051225
2025-01-17,6592.0,6824.0,6592.0,6779.7001953125,358371,6876.152813722589,6964.757138111299,45.86578352228066,224.34031493043676,7593.5,241250.7,False,False,False,True,1,-0.10717058071870678
2025-01-20,6790.0,6825.0,6700.0,6807.5498046875,138197,6869.619193814485,6958.5921446437,46.69337933103949,217.24457814969128,7593.5,247158.95,False,False,False,False,0,-0.10350302170441827
2025-01-21,6820.0,6821.60009765625,6526.35009765625,6559.64990234375,380639,6840.09830891251,6942.947350828015,40.7250835000045,222.81639399614193,7440.0,237020.65,False,False,False,True,1,-0.11832662602906585
2025-01-22,6597.89990234375,6605.9501953125,5982.0,6164.35009765625,1654348,6775.741336411914,6912.414125213436,33.39496555313657,251.4688083758818,7440.0,243755.75,False,False,False,True,1,-0.1714583202074933
2025-01-23,6179.9501953125,6464.0,6143.5498046875,6250.89990234375,1215099,6725.756437929231,6886.472390983253,36.10658809282694,256.39605029992595,7440.0,320334.65,False,False,False,True,1,-0.15982528194304435
2025-01-24,6293.89990234375,6407.85009765625,5891.2001953125,5915.7998046875,1354910,6648.617710953828,6848.406799363811,30.86687005442296,274.98561116019914,7440.0,373398.6,False,False,False,True,1,-0.2048656176495296
2025-01-27,5879.14990234375,5879.14990234375,5590.0498046875,5643.5,835702,6552.892214672511,6801.155552329936,27.388703326957724,278.61163893447065,7440.0,433770.15,False,False,False,True,1,-0.24146505376344085
2025-01-28,5650.9501953125,5760.0,5485.9501953125,5674.64990234375,640961,6469.25008968882,6756.978860173615,28.38289158096366,278.2857936311156,7440.0,456641.9,False,False,False,True,1,-0.23727823893229172
2025-01-29,5705.5,5906.0,5690.25,5830.25,430356,6408.392938289884,6720.636551931513,33.29597707641973,274.93324391862524,7440.0,480445.3,False,False,False,False,0,-0.2163642473118279
2025-01-30,5870.0,5889.89990234375,5729.2998046875,5788.4501953125,475573,6349.3507722920385,6684.080224220964,32.648024065905815,266.7665906141699,7440.0,496267.2,False,False,False,False,0,-0.22198250063004032
2025-01-31,5809.9501953125,6053.60009765625,5718.60009765625,6037.9501953125,680372,6319.693574484463,6658.7417917147495,40.13652138569224,271.64040557030063,7438.0,511909.55,False,False,False,True,1,-0.1882293364731783
2025-02-01,6080.9501953125,6080.9501953125,5670.0,5845.7001953125,407366,6274.551347896657,6626.857807542113,36.74622583966177,281.5911048376006,7235.5498046875,535436.4,False,False,False,False,0,-0.19208624733321522
2025-02-03,5834.4501953125,5919.7998046875,5745.0498046875,5857.75,405813,6234.855981430309,6596.696717050265,37.10482847576065,273.9595973492005,7190.0,542357.85,False,False,False,False,0,-0.18529207232267042
2025-02-04,5866.7001953125,5987.0,5860.0498046875,5963.89990234375,326464,6209.050640564922,6571.881155689225,40.314917714935156,263.62319753854337,7150.0,549510.7,False,False,False,False,0,-0.1658881255463287
2025-02-05,6039.0,6092.25,5964.5498046875,6037.2998046875,341372,6192.693418100405,6550.9171811401375,42.50029285890698,253.96083326123673,7000.0,552257.1,False,False,False,False,0,-0.1375285993303571
2025-02-06,6058.39990234375,6062.60009765625,5850.0,5859.0,191057,6160.913092567033,6523.783174036603,38.785226286255444,251.00649500373768,6825.0,560606.0,False,False,False,False,0,-0.1415384615384615
2025-02-07,5889.89990234375,5950.0,5828.0498046875,5869.7001953125,158629,6133.178530923744,6498.132861145462,39.12910861601811,241.788187882935,6825.0,561267.95,False,False,False,False,0,-0.13997066735347985
2025-02-10,5910.85009765625,5910.85009765625,5616.9501953125,5647.2001953125,540742,6086.8948799131485,6464.762952681424,34.75675008378401,245.51045320156467,6825.0,555075.9,False,False,False,False,0,-0.17257139995421245
2025-02-11,5655.0,5667.0,5392.14990234375,5508.0498046875,515222,6031.766777510706,6427.244790014996,32.324091102645866,247.60614209118506,6825.0,553765.1,False,False,False,False,0,-0.19295973557692303
2025-02-12,5500.0498046875,5706.0,5374.0,5641.2998046875,695730,5994.579446765639,6396.42341804137,36.88001469050652,253.63427479895756,6825.0,563239.15,False,False,False,True,1,-0.17343592605311353
2025-02-13,5670.0,5704.75,5528.64990234375,5550.9501953125,191040,5952.32904186534,6363.267605385336,35.15204289775163,248.09611928876419,6825.0,587346.15,False,False,False,False,0,-0.1866739640567766
2025-02-14,5582.2001953125,5597.9501953125,5354.0498046875,5416.25,401884,5901.273895021021,6326.129660076107,32.69267947515327,247.7964243842096,6825.0,578979.6,False,False,False,False,0,-0.20641025641025645
2025-02-17,5379.4501953125,5431.2001953125,5269.25,5414.2001953125,333358,5854.88592362021,6290.367720281456,32.655237915423925,241.66455087908747,6821.60009765625,592163.95,False,False,False,False,0,-0.20631521669341202
2025-02-18,5400.0,5465.0,5290.0,5436.89990234375,272045,5815.07773111769,6256.898394087821,33.56265744458706,236.90279724486695,6605.9501953125,589799.9,False,False,False,False,0,-0.17696928653780852
2025-02-19,5420.0,5624.35009765625,5355.0498046875,5600.10009765625,348483,5794.6036707880285,6231.141598149328,39.83897136520989,239.21690408228716,6464.0,520684.75,False,False,False,False,0,-0.13364788093189206
2025-02-20,5574.0,5783.85009765625,5550.39990234375,5756.25,288846,5790.950940236788,6212.518398221903,45.175656395749705,238.80499631301666,6407.85009765625,477353.95,False,False,False,False,0,-0.10168778728057026
2025-02-21,5756.25,5869.14990234375,5751.0,5840.10009765625,603944,5795.631812371975,6197.913758984035,47.85081996653664,230.1867753152119,6092.25,424050.75,False,False,False,True,1,-0.04138863348413968
2025-02-24,5771.0,5852.0,5714.0,5841.2998046875,450544,5799.981144973453,6183.92889803123,47.88999905224025,223.6020056498396,6092.25,412462.85,False,False,False,True,1,-0.04119171001066935
2025-02-25,5823.25,5837.0498046875,5731.0,5765.60009765625,141031,5796.706759514672,6167.523847036133,45.56388381363722,215.5089912953868,6092.25,402942.0,False,False,False,False,0,-0.053617284639295826
2025-02-27,5400.0,5400.0,4656.0,4679.5498046875,5050980,5690.310859054942,6109.171923806774,26.029681693981587,279.37264174973416,6092.25,388475.75,False,False,False,True,1,-0.23188480369526854
2025-02-28,4650.0,4907.0,4555.0,4713.39990234375,6042777,5597.271720320543,6054.435766102342,27.079035680417746,284.5603101961818,6092.25,617246.1,False,False,False,True,1,-0.22632854818109072
2025-03-03,4830.75,4937.7998046875,4581.0498046875,4870.85009765625,4415862,5528.08870863823,6008.0206418495545,31.917088546663095,289.7167166107402,6092.25,885366.35,False,False,False,True,1,-0.20048420572756376
2025-03-04,4840.0,4964.0,4795.89990234375,4905.14990234375,1108919,5468.761203276851,5964.7708089277585,32.96056269384884,281.02981525684805,6092.25,1085791.15,False,False,False,True,1,-0.19485413396630968
2025-03-05,4900.0,5085.0,4900.0,5071.2998046875,1164455,5430.907736744532,5929.732730330101,37.92376596840334,274.1705427385018,6092.25,1120946.45,False,False,False,True,1,-0.16758179577537036
2025-03-06,5144.2001953125,5155.0,5035.5498046875,5076.60009765625,535365,5397.164152069457,5896.276548656616,38.08125066079023,263.11908935093027,6092.25,1162846.0,False,False,False,False,0,-0.1667117899534244
2025-03-07,5075.0,5105.89990234375,4998.7001953125,5063.4501953125,370527,5365.381870473556,5863.61669166273,37.82486266934491,251.98199061381027,6062.60009765625,1172545.65,False,False,False,False,0,-0.16480551021829937
2025-03-10,5079.0,5109.9501953125,4912.5498046875,4940.4501953125,372497,5324.912187124884,5827.414083962722,35.42252909982973,248.08330490032384,5950.0,1181519.15,False,False,False,False,0,-0.16967223608193283
2025-03-11,4870.2998046875,4935.0,4810.0,4907.85009765625,302464,5285.191988127872,5791.35275116639,34.79181647125306,239.680939929765,5910.85009765625,1192212.55,False,False,False,False,0,-0.16968794393850495
2025-03-12,4947.2998046875,5020.0,4900.0,5008.75,377661,5258.864179734741,5760.662447199081,38.445002653057415,231.13230136335324,5869.14990234375,1180298.65,False,False,False,False,0,-0.1465970228499639
2025-03-13,5100.0,5114.0,4960.0,5003.10009765625,449569,5234.505695727265,5730.954119766028,38.31555930067058,225.62285126597087,5869.14990234375,1173420.6,False,False,False,False,0,-0.1475596669189957
2025-03-17,5003.10009765625,5074.85009765625,4894.2001953125,5019.60009765625,518771,5214.038495910978,5703.057883604861,38.96191037595359,222.41049777152654,5869.14990234375,1161112.55,False,False,False,False,0,-0.14474835688695664
2025-03-18,5019.60009765625,5019.60009765625,5019.60009765625,5019.60009765625,0,5195.520553220051,5676.255617489229,38.961910375953586,206.52403364498895,5869.14990234375,1177499.1,False,False,False,False,0,-0.14474835688695664
2025-03-19,5210.0,5456.10009765625,5165.0,5438.39990234375,644101,5218.65191980326,5666.927942385485,53.35084194484745,222.95088838463258,5869.14990234375,1157404.9,False,False,True,False,1,-0.07339223007883766
2025-03-20,5225.0,5242.0498046875,4913.64990234375,5083.39990234375,4100652,5205.770775283307,5644.044489834829,43.903075922557825,244.50796778573027,5869.14990234375,1172942.05,False,False,False,True,1,-0.1338779913742233
2025-03-21,5100.0,5139.0,4980.0,4992.2998046875,1428921,5185.440206655135,5618.485874731012,41.85471081115317,238.40025580103526,5869.14990234375,1364372.4,False,False,False,True,1,-0.1493998470385114
2025-03-24,5020.0,5061.7001953125,4977.0498046875,5025.4501953125,1060661,5170.203062717741,5595.229573577345,42.89873991327873,227.41812257417558,5869.14990234375,1418394.3,False,False,False,False,0,-0.14375160305487034
2025-03-25,5069.7998046875,5198.7998046875,5060.0,5152.14990234375,1184080,5168.483714110694,5577.853900195635,46.82835329545553,223.55608591709162,5869.14990234375,1456985.05,False,False,False,False,0,-0.12216419957406055
2025-03-26,5168.0,5221.0,5112.89990234375,5150.85009765625,475269,5166.8043220674135,5561.108653037229,46.79277623053674,215.3092296127458,5852.0,1485991.85,False,False,False,False,0,-0.1198137222050154
2025-03-27,5138.0498046875,5255.0,4990.0,5216.5498046875,633018,5171.541987078851,5547.59654133724,48.905792845455316,218.85857035469255,5837.0498046875,1487228.1,False,False,False,False,0,-0.10630370148661428
2025-03-28,5235.64990234375,5258.0,5107.5498046875,5147.9501953125,449930,5169.29514976777,5531.92413561078,46.815233963517436,213.9722578516788,5456.10009765625,1511827.45,False,False,False,False,0,-0.05647805150717822
2025-04-01,5091.0,5159.7001953125,5062.4501953125,5102.60009765625,281666,5162.943240042864,5515.087898828248,45.432588451392334,205.63495371941605,5456.10009765625,1281774.95,False,False,False,False,0,-0.06478986706124601
2025-04-02,5112.0,5305.0,4985.0,5285.75,661417,5174.639121943544,5506.094255736945,51.643960229457655,213.80388559660062,5456.10009765625,993719.4,False,False,True,False,1,-0.031221952421552235
2025-04-03,5200.0,5264.89990234375,5164.60009765625,5203.75,320013,5177.411586520349,5494.237618257066,48.95700249596469,207.18574393568272,5456.10009765625,805997.15,False,False,False,False,0,-0.04625100220662204
2025-04-04,5203.0,5203.0,4981.0,5040.75,421875,5164.396197327935,5476.453790090122,44.05071803820661,208.29747651170538,5456.10009765625,766551.85,False,False,False,False,0,-0.07612582068182183
2025-04-07,4650.0,4964.0,4567.0,4934.60009765625,497046,5142.51085450206,5455.204625680951,41.15798293578139,227.2583710465836,5456.10009765625,729422.85,False,False,False,False,0,-0.0955810910111452
2025-04-08,4990.0,5100.0,4925.0,4986.14990234375,283588,5127.619335248887,5436.810322804982,43.111739441167394,223.5256302575419,5456.10009765625,727506.9,False,False,False,False,0,-0.0861329863640834
2025-04-09,4985.60009765625,5028.2998046875,4890.0,5005.0,195312,5115.941303320422,5419.876584655767,43.84597437707005,217.4380712882532,5456.10009765625,723159.95,False,False,False,False,0,-0.08267811982592232
2025-04-11,5090.0,5178.7001953125,5045.0,5093.25,338270,5113.780226813715,5407.067698982992,47.27680964097393,214.31393728998515,5456.10009765625,714300.7,False,False,False,False,0,-0.0665035631974783
2025-04-15,5180.0,5261.5,5124.0,5249.5,383428,5126.705919498123,5400.8885735326785,52.77796220324898,211.02365605498622,5456.10009765625,716091.0,False,False,True,False,1,-0.037865892113122745
2025-04-16,5258.0,5335.0,5222.5,5299.5,301161,5143.16249859354,5396.912551041201,54.4170022025796,203.98625205105864,5456.10009765625,716379.35,False,False,True,False,1,-0.02870183736612897
2025-04-17,5288.0,5336.5,5245.5,5293.0,259527,5157.432736822726,5392.8375490395865,54.153852899360764,195.91580547598303,5456.10009765625,708958.95,False,False,True,False,1,-0.0298931644832382
2025-04-21,5301.0,5438.0,5280.0,5412.5,224054,5181.724857125324,5393.608625547838,58.15976115170676,193.20753365626996,5456.10009765625,695996.75,False,False,True,False,1,-0.007991073637922952
2025-04-22,5450.5,5569.0,5436.5,5506.0,633870,5212.608204065769,5398.016130428315,61.02900856228623,190.5855669665364,5456.10009765625,707199.45,False,True,True,False,1,0.00914570873895526
2025-04-23,5585.0,5625.5,5462.0,5614.5,374348,5250.8836132023625,5406.50569394093,64.10516628918833,188.6508836117838,5569.0,706687.9,False,True,True,False,1,0.008170228048123507
2025-04-24,5614.5,5630.0,5490.0,5512.5,264678,5275.799459564042,5410.662333394226,59.3613685178962,185.1758204966564,5625.5,520372.7,False,False,True,False,1,-0.020087103368589432
2025-04-25,5540.0,5585.0,5386.0,5507.0,669725,5297.818558653182,5414.440281104256,59.107375363408224,186.1632618897524,5630.0,462160.55,False,False,True,True,2,-0.02184724689165185
2025-04-28,5483.5,5617.5,5455.5,5598.0,278907,5326.407267352878,5421.63870145311,62.00416827474557,184.43731461191294,5630.0,442613.75,False,False,True,False,1,-0.005683836589698066
2025-04-29,5598.0,5694.0,5553.5,5570.5,264199,5349.654194271651,5427.476399435341,60.6069291830609,181.2989349967763,5630.0,397355.1,False,False,True,False,1,-0.010568383658969838
2025-04-30,5570.5,5604.0,5464.0,5520.0,248922,5365.877604341017,5431.104775928072,58.021217790019264,178.34901106843515,5694.0,386801.6,False,False,True,False,1,-0.030558482613277094
2025-05-02,5499.0,5584.0,5445.5,5460.0,163134,5374.841642022825,5432.237921970108,55.01786691241154,175.5026531349755,5694.0,367596.8,False,False,True,False,1,-0.04109589041095896
2025-05-05,5535.5,5809.0,5535.5,5795.0,669348,5414.856723734936,5446.463885814417,65.69500451773735,187.89532076819154,5694.0,353257.0,False,True,True,True,2,0.017737969792764208
2025-05-06,5829.5,6077.5,5725.0,5906.0,2645488,5461.632273855419,5464.484909900127,68.37371529530711,199.65279785617784,5809.0,372641.1,False,True,True,True,2,0.016698226889309664
2025-05-07,5899.5,6058.0,5826.0,5886.5,807608,5502.09586682157,5481.034521276592,67.37834401121717,201.96331229502226,6077.5,471844.65,True,False,True,True,2,-0.031427396133278496
2025-05-08,5938.0,5948.0,5725.0,5765.0,394295,5527.134355695706,5492.170422403001,61.38229215602242,203.4659328453778,6077.5,496224.4,True,False,True,False,1,-0.0514191690662279
2025-05-09,5600.0,5788.5,5600.0,5766.5,356853,5549.931083724687,5502.9284450538635,61.42792921685047,202.39693764213655,6077.5,494845.4,True,False,True,False,1,-0.051172357054710016
2025-05-12,5964.5,6017.5,5881.5,5992.5,305557,5592.080504322335,5522.127329561556,67.63406406368321,205.8685849534125,6077.5,487835.75,True,False,True,False,1,-0.013986013986013957
2025-05-13,5992.5,6054.5,5952.5,6007.5,222006,5631.6442658154465,5541.161551931691,68.00205560434776,198.44940031388302,6077.5,488934.2,True,False,True,False,1,-0.011517893870835016
2025-05-14,6008.0,6035.0,5911.5,5981.0,272460,5664.91624049969,5558.410118522605,66.56220749648261,193.09587172003424,6077.5,490268.9,True,False,True,False,1,-0.015878239407651207
2025-05-15,6009.0,6070.0,5987.0,6042.0,252483,5700.828979499719,5577.374427600151,68.22977554989423,185.66045231146038,6077.5,486978.4,True,False,True,False,1,-0.005841217605923488
2025-05-16,6069.0,6116.0,6016.5,6094.5,233003,5738.3214576426035,5597.653861811909,69.6334165701636,179.5061342892132,6077.5,480431.15,True,True,True,False,1,0.002797202797202747
2025-05-19,6100.0,6167.0,6061.5,6102.5,186495,5773.005128343308,5617.451749583991,69.85199620536677,174.2199818399837,6116.0,477023.25,True,False,True,False,1,-0.002207325049051634
2025-05-20,6157.0,6157.0,5992.0,6013.5,204127,5795.909401834421,5632.983053521874,64.30634802016348,173.56141170855628,6167.0,473371.65,True,False,True,False,1,-0.024890546456948326
2025-05-21,6029.0,6075.5,5980.5,6055.0,124116,5820.58469689781,5649.5327376974865,65.67479933458134,167.94988230080224,6167.0,472375.3,True,False,True,False,1,-0.018161180476730987
2025-05-22,6055.0,6055.0,5892.0,5948.0,356912,5832.7194876694475,5661.237336219154,59.35614736782913,167.59631927931636,6167.0,446887.6,True,False,True,False,1,-0.03551159396789361
2025-05-23,5980.0,5990.0,5866.0,5883.5,323816,5837.555726939024,5669.953519112521,55.86683107427174,164.4822964736509,6167.0,446015.8,True,False,True,False,1,-0.045970488081725325
2025-05-26,5940.0,5968.0,5908.5,5949.5,120578,5848.217086278164,5680.916126206147,58.55185776908496,158.76927529696155,6167.0,448972.7,True,False,True,False,1,-0.035268363872223096
2025-05-27,5930.0,6023.0,5911.0,5964.0,219023,5859.244030442149,5692.01745459022,59.14001100493051,155.42861277575003,6167.0,421515.35,True,False,True,False,1,-0.03291713961407494
2025-05-28,5999.0,6090.0,5943.0,6057.5,286060,5878.125551352421,5706.35010342982,62.80519667396768,154.8265690060536,6167.0,418521.15,True,False,True,False,1,-0.017755796983946803
2025-05-29,6090.0,6099.5,5961.5,6002.5,215817,5889.970736937905,5717.963824863944,59.42823355230814,153.62467121990693,6167.0,419614.2,True,False,True,False,1,-0.026674233825198623
2025-05-30,6014.0,6045.0,5958.5,5991.0,286739,5899.592571515247,5728.671125849672,58.71731999358898,148.83005184705644,6167.0,417958.95,True,False,True,False,1,-0.02853899789200587
2025-06-02,5982.0,6012.0,5910.0,5926.5,170390,5902.15518375189,5736.42912091439,54.760570992606524,145.48504814369525,6167.0,424139.2,True,False,True,False,1,-0.038997892005837476
2025-06-03,5963.0,5980.0,5852.5,5871.0,137818,5899.188023394567,5741.706410290297,51.54208090103977,144.20040184771702,6167.0,399191.3,True,False,True,False,1,-0.04799740554564613
2025-06-04,5900.0,5909.5,5830.0,5897.0,150898,5898.979640214132,5747.796354984795,52.93756112492567,139.5789445728801,6167.0,273807.8,True,False,True,False,1,-0.04378141722069073
2025-06-05,5900.0,6020.0,5872.0,5980.5,218509,5906.743484003262,5756.921988122646,57.20037794337711,140.1804485319601,6167.0,240972.3,True,False,True,False,1,-0.03024160856169933
2025-06-06,6000.0,6119.0,5957.5,6108.5,319429,5925.958390288665,5770.709361137445,62.7677439262991,141.7032736368201,6167.0,232183.0,True,False,True,True,2,-0.009485973731149677
2025-06-09,6158.0,6260.0,6134.0,6144.0,287704,5946.724257880221,5785.3482097202905,64.16019067298589,142.40303980561868,6167.0,230311.8,True,False,True,True,2,-0.0037295281336143793
2025-06-10,6190.0,6190.0,6103.0,6138.0,142972,5964.940995224962,5799.177691692044,63.726394049521154,138.44567981950306,6260.0,229419.15,True,False,True,False,1,-0.0194888178913738
2025-06-11,6120.5,6218.5,6120.5,6166.5,158096,5984.137090917822,5813.582488096278,64.93900922461467,135.55670268953855,6260.0,225467.45,True,False,True,False,1,-0.014936102236421722
2025-06-12,6167.0,6167.0,6010.0,6050.0,244951,5990.409748925648,5822.853763072894,56.60836431951524,137.08836678314296,6260.0,219749.25,True,False,True,True,2,-0.033546325878594296
2025-06-13,5760.0,6049.5,5760.0,6030.5,199145,5994.227868075586,5830.996752756309,55.32892824484579,148.01062629863276,6260.0,219372.65,True,False,True,False,1,-0.036661341853035156
2025-06-16,6005.0,6133.0,5975.0,6107.0,192518,6004.968071116006,5841.820409510965,59.22267928202015,148.72415299158754,6260.0,217679.75,True,False,True,False,1,-0.02444089456869014
2025-06-17,6114.0,6124.5,5970.0,6041.5,327846,6008.447302438291,5849.650981687006,54.81691792533369,149.13671349218842,6260.0,217980.9,True,False,True,True,2,-0.034904153354632594
2025-06-18,6200.5,6229.5,5980.0,5989.0,646632,6006.595178396549,5855.1156490718295,51.509257662483954,156.30551967131782,6260.0,224166.85,True,False,True,True,2,-0.04329073482428114
2025-06-19,5992.0,6015.0,5787.0,5822.0,466216,5989.014685215926,5853.816996167052,42.6859220264449,161.4265539805094,6260.0,250292.65,True,False,False,True,1,-0.06996805111821092
2025-06-20,5825.0,6015.5,5800.0,6000.5,659919,5990.108524719171,5859.569270827167,52.12560193761624,165.28894298190158,6260.0,255757.85,True,False,True,True,2,-0.04145367412140577
2025-06-23,6000.5,6334.0,5975.0,6289.5,935253,6018.621998555441,5876.4292994221805,62.80649124624272,179.1254470546229,6260.0,272563.0,True,True,True,True,2,0.004712460063897694
2025-06-24,6309.0,6426.5,6259.0,6343.5,608610,6049.56276059778,5894.745797484056,64.40450222529208,178.2950579792927,6334.0,313296.75,True,True,True,True,2,0.0014998421218819225
2025-06-25,6358.5,6495.0,6346.0,6441.0,480549,6086.842497683706,5916.167530916055,67.148964182358,176.3811252664861,6426.5,332776.1,True,True,True,True,2,0.0022562825799423702
2025-06-26,6450.0,6496.5,6390.0,6468.5,294479,6123.190831237639,5937.827627742877,67.90070883611361,171.38961631887994,6495.0,342500.55,True,False,True,False,1,-0.004080061585835293
2025-06-27,6480.0,6586.0,6470.0,6486.0,417426,6157.744085405483,5959.324583517666,68.39632886939333,167.54035801038853,6496.5,346433.65,True,False,True,True,2,-0.0016162549064880904
2025-06-30,6486.0,6565.5,6468.5,6551.0,180007,6195.19702965258,5982.527541026777,70.23466202420666,162.5017610096465,6586.0,352968.0,True,False,True,False,1,-0.005314303067112003
2025-07-01,6560.5,6689.0,6560.0,6664.0,317256,6239.84493159043,6009.251951182589,73.1578318609611,160.75163522324317,6586.0,353448.85,True,True,True,False,1,0.011843303978135378
2025-07-02,6680.0,6778.0,6638.0,6768.0,407342,6290.145414296103,6039.006776626409,75.53883489430162,159.26937556444008,6689.0,362420.75,True,True,True,True,2,0.01181043504260737
2025-07-03,6775.0,6869.5,6743.0,6807.5,349404,6339.417279601235,6069.143765778315,76.39526119341949,156.92870588126578,6778.0,375242.95,True,True,True,False,1,0.004352316317497884
2025-07-04,6828.0,6871.0,6661.5,6717.5,457714,6375.425157734451,6094.569500453676,70.35138441456267,160.68379831831825,6869.5,381787.7,True,False,True,True,2,-0.02212679234296533
2025-07-07,6700.0,6739.5,6605.0,6700.0,183853,6406.337047474028,6118.311872984905,69.20490494912859,158.81352700986696,6871.0,388701.95,True,False,True,False,1,-0.02488720710231407
2025-07-08,6670.0,6760.5,6625.0,6748.5,159641,6438.923995333644,6143.0251328678505,70.63326492088453,157.14827508059074,6871.0,383509.4,True,False,True,False,1,-0.01782855479551737
2025-07-09,6748.5,6796.0,6670.0,6716.0,303920,6465.312186254249,6165.494735500483,68.34559706595232,154.92339828911997,6871.0,384342.85,True,False,True,False,1,-0.02255857953718532
2025-07-10,6740.0,6809.0,6690.5,6781.0,249936,6495.3776923252735,6189.632196853406,70.40977279525087,152.32172698275429,6871.0,391634.05,True,False,True,False,1,-0.013098530053849533
2025-07-11,6770.5,6794.0,6645.5,6705.5,310579,6515.389340675248,6209.862306780723,65.09959450548126,152.04874648398612,6871.0,391883.3,True,False,True,False,1,-0.024086741376801002
2025-07-14,6782.5,6880.0,6722.5,6796.5,407039,6542.161784420463,6232.867706514813,68.21149295100285,153.6524074494157,6871.0,397455.0,True,False,True,True,2,-0.010842672100131012
2025-07-15,6803.5,6955.5,6800.0,6944.5,418898,6580.4797097137525,6260.774855278938,72.50535481451529,154.034378345886,6880.0,408181.05,True,True,True,True,2,0.009374999999999911
2025-07-16,6930.0,7009.5,6929.0,6948.0,289082,6615.481642121967,6287.724860954274,72.59961442128808,148.7819227497513,6955.5,412733.65,True,False,True,False,1,-0.0010782833728704144
2025-07-17,6969.0,6976.5,6815.0,6886.0,907510,6641.245295253208,6311.18663111293,68.142980535621,149.69035683905477,7009.5,394856.15,True,False,True,True,2,-0.017618945716527556
2025-07-18,6992.0,7080.0,6896.0,6926.0,1599277,6668.3647909433785,6335.29695930458,69.44612316718815,152.85533135055087,7009.5,416920.85,True,False,True,True,2,-0.011912404593765635
2025-07-21,6955.0,7061.0,6822.5,7042.0,356365,6703.949096567819,6363.010804037734,72.9072858170548,158.97280768265438,7080.0,463888.75,True,False,True,False,1,-0.005367231638418124
2025-07-22,7042.0,7079.5,6945.0,6960.5,267070,6728.382515942312,6386.441752898999,67.15160886882437,157.22474999103622,7080.0,434944.35,True,False,True,False,1,-0.01687853107344628
2025-07-23,6994.0,6995.0,6850.0,6885.0,297076,6743.2984668049485,6405.993056706881,62.24895146288918,156.35155356310506,7080.0,417867.35,True,False,True,False,1,-0.02754237288135597
2025-07-24,6925.0,6930.0,6803.0,6841.0,240792,6752.603374728286,6423.052152522298,59.521605874528575,154.25501402288327,7080.0,408693.7,True,False,True,False,1,-0.03375706214689267
2025-07-25,6840.0,6840.0,6714.5,6734.5,183817,6750.879243801783,6435.265793599855,53.42063701140216,152.27251302124876,7080.0,406009.35,True,False,True,False,1,-0.04879943502824857
2025-07-28,6749.5,6851.0,6725.0,6837.5,253763,6759.128839630184,6451.039684046919,57.9136505374644,150.39590494830242,7080.0,394328.9,True,False,True,False,1,-0.03425141242937857
2025-07-29,6833.0,6977.0,6790.0,6962.5,258467,6778.497521570167,6471.096951339197,62.62536162024347,153.01048316628084,7080.0,398016.7,True,False,True,False,1,-0.01659604519774016
2025-07-30,6980.0,6986.0,6871.0,6931.0,218429,6793.021567134912,6489.13236501217,60.77875487319589,150.29544865440366,7080.0,395077.25,True,False,True,False,1,-0.021045197740113042
2025-07-31,6848.0,6885.0,6701.0,6821.0,677598,6795.68617978873,6502.146782070517,54.71178459954795,155.98863089337482,7080.0,385631.6,True,False,True,True,2,-0.036581920903954845
2025-08-01,6820.5,6859.5,6680.0,6698.0,246544,6786.382734094565,6509.827300420693,48.840932675720985,157.66801440099093,7080.0,402041.3,True,False,False,False,0,-0.053954802259887025
2025-08-04,6744.5,6938.0,6683.0,6919.5,367819,6799.060568942702,6525.892896482626,57.653308884309276,164.62029908663445,7080.0,391482.8,True,False,True,False,1,-0.022669491525423746
2025-08-05,6931.5,6953.5,6884.5,6925.5,208115,6811.102419519588,6541.563763287229,57.86503539856778,157.7902777233034,7080.0,400681.1,True,False,True,False,1,-0.02182203389830506
2025-08-06,6950.0,6950.0,6680.0,6825.0,444662,6812.42599861296,6552.678909824986,53.077967924793974,165.8052578859246,7080.0,403104.8,True,False,True,True,2,-0.03601694915254239
2025-08-07,6790.0,6903.5,6746.0,6881.0,193378,6818.956855887916,6565.554246694594,55.29716095687395,165.21202517978713,7080.0,410141.9,True,False,True,False,1,-0.028107344632768316
2025-08-08,6852.5,6905.0,6718.5,6741.0,148921,6811.532393422401,6572.434472314414,49.0512850724061,166.73259480980235,7080.0,407314.0,True,False,False,False,0,-0.04788135593220344
2025-08-11,6759.5,6810.0,6675.5,6757.5,140792,6806.386451191695,6579.691943988359,49.77136790678807,164.4302666091022,7080.0,399231.1,True,False,False,False,0,-0.045550847457627164
2025-08-12,6764.0,6823.0,6620.0,6803.5,522463,6806.1115510782,6588.468730498619,51.815979548019314,167.18524756559492,7080.0,385918.75,True,False,True,True,2,-0.039053672316384236
2025-08-13,6827.0,6980.5,6820.0,6966.0,255672,6821.339022404086,6603.273878322203,58.27718173549185,167.88630131090957,7080.0,391097.0,True,False,True,False,1,-0.01610169491525426
2025-08-14,6975.0,6983.0,6904.5,6970.0,143368,6835.497210746554,6617.655294858587,58.42496804291831,161.50156550298746,7080.0,389426.5,True,False,True,False,1,-0.015536723163841804
2025-08-18,7025.0,7185.0,7009.0,7087.0,459379,6859.44985734212,6636.060969570015,62.59812301842423,165.3228822527741,7080.0,351219.4,True,True,True,True,2,0.0009887005649718006
2025-08-19,7094.0,7135.0,7024.0,7117.0,187122,6883.978442357156,6654.921323704524,63.60684549718981,161.44267637757594,7185.0,294224.5,True,False,True,False,1,-0.009464161447459984
2025-08-20,7129.0,7208.0,7120.0,7158.0,217222,6910.075733561236,6674.649899245524,64.99628525840458,156.41105663632052,7185.0,285762.35,True,False,True,False,1,-0.003757828810020847
2025-08-21,7158.0,7177.0,7067.0,7084.5,139514,6926.6875684601655,6690.722452216288,60.53447624470857,153.09598116229765,7208.0,283269.95,True,False,True,False,1,-0.01713374028856829
2025-08-22,7100.0,7164.0,7059.5,7100.5,172189,6943.241133368721,6706.792159972511,61.15953973844795,149.62483965070498,7208.0,275391.85,True,False,True,False,1,-0.014913984461709218
2025-08-25,7148.5,7155.5,7057.5,7071.5,116097,6955.456263524082,6721.094428208883,59.32549332819822,145.93735110422605,7208.0,271961.7,True,False,True,False,1,-0.018937291897891284
2025-08-26,7027.5,7096.0,6985.0,7064.0,187129,6965.793762236074,6734.541705534025,58.83410682193953,143.44182602535275,7208.0,268575.7,True,False,True,False,1,-0.019977802441731418
2025-08-28,7099.0,7170.0,6985.0,7106.5,275286,6979.194356308829,6749.128305317005,60.814796006026924,146.41026702354185,7208.0,265244.0,True,False,True,True,2,-0.014081576026637066
2025-08-29,7114.5,7180.0,7070.0,7091.0,260270,6989.842512850845,6762.535038441828,59.68685869871721,143.80953366471743,7208.0,266084.95,True,False,True,False,1,-0.016231964483906736
2025-09-01,7126.5,7159.5,7059.0,7144.5,150419,7004.571797341241,6777.514056542149,62.2868689743487,140.71599554580905,7208.0,268177.0,True,False,True,False,1,-0.008809655937846883
2025-09-02,7149.0,7199.0,7113.0,7178.5,130949,7021.136388070647,6793.23899550128,63.88117559094418,136.80771014967982,7208.0,241818.05,True,False,True,False,1,-0.004092674805771357
2025-09-03,7175.0,7245.0,7157.5,7235.0,265000,7041.504351111538,6810.562956462015,66.42153036073898,133.28573085327412,7208.0,236038.3,True,True,True,True,2,0.0037458379578245715
2025-09-04,7250.0,7325.0,7236.0,7257.0,197453,7062.0277462437725,6828.0702915027205,67.38349068837238,130.1938929351831,7245.0,230897.35,True,True,True,False,1,0.0016563146997929934
2025-09-05,7288.0,7315.5,7218.5,7228.0,143952,7077.83462755389,6843.753809483006,64.75020830949292,127.82290058267003,7325.0,230364.25,True,False,True,False,1,-0.013242320819112585
2025-09-08,7230.0,7384.5,7230.0,7324.5,234488,7101.326567786852,6862.606601267987,69.08026593986423,129.871264826765,7325.0,215328.75,True,False,True,True,2,-6.825938566557e-05
2025-09-09,7360.0,7371.5,7174.5,7193.0,160736,7110.057370854771,6875.563205139831,58.52927213837076,134.66617448199608,7384.5,217384.25,True,False,True,False,1,-0.02593269686505517
2025-09-10,7254.0,7271.0,7196.5,7209.0,133081,7119.480478392412,6888.6391578794455,59.34295302001118,130.61859059042493,7384.5,217975.0,True,False,True,False,1,-0.02376599634369292
2025-09-11,7240.0,7284.5,7148.5,7233.5,178711,7130.339480450277,6902.163112472409,60.617189245813485,131.00297697682316,7384.5,217589.45,True,False,True,False,1,-0.020448236170356848
2025-09-12,7250.5,7310.0,7235.5,7254.5,218090,7142.164291835964,6915.9802453166285,61.724508337717054,127.10990719276437,7384.5,200401.85,True,False,True,True,2,-0.017604441736068788
2025-09-15,7260.0,7280.0,7130.0,7250.0,161143,7152.434359280158,6929.07905922578,61.32659105147614,128.74491382185263,7384.5,198522.75,True,False,True,False,1,-0.01821382625770196
2025-09-16,7250.5,7401.0,7241.5,7395.0,209209,7175.535848872523,6947.350468667906,68.39645610213812,130.9417056917203,7384.5,199411.5,True,True,True,True,2,0.0014218972171440303
2025-09-17,7439.0,7439.0,7302.0,7359.0,269888,7193.008625170379,6963.493587543675,65.20913169954135,131.37444099945458,7401.0,186903.0,True,False,True,True,2,-0.0056749087961086575
2025-09-18,7359.5,7452.0,7350.0,7440.5,184784,7216.579232297009,6982.199721365492,68.75859739330649,129.2762666423507,7439.0,191041.3,True,True,True,False,1,0.00020164000537703508
2025-09-19,7440.5,7568.0,7424.0,7549.0,370166,7248.238353030627,7004.427183272728,72.74515660409814,130.3279618821828,7452.0,189419.4,True,True,True,True,2,0.013016639828234089
2025-09-22,7549.0,7714.0,7505.0,7657.0,415876,7287.168033694377,7030.018274124778,76.02468049745906,135.9473931763126,7568.0,200952.0,True,True,True,True,2,0.011760042283298189
2025-09-23,7650.0,7697.0,7561.5,7620.0,317133,7318.866316199675,7053.154812394395,72.7930643999611,135.9154365208617,7714.0,213136.35,True,False,True,True,2,-0.012185636505055775
2025-09-24,7590.0,7623.5,7505.0,7532.5,352940,7339.212381323515,7071.952662888732,65.68247382431423,134.6714767693716,7714.0,223188.15,True,False,True,True,2,-0.023528649209229924
2025-09-25,7580.0,7600.0,7381.5,7407.5,464674,7345.715964054609,7085.111381991135,57.1012723403973,140.6592284287022,7714.0,231478.7,True,False,True,True,2,-0.03973295307233604
2025-09-26,7425.0,7506.0,7272.0,7322.5,244407,7343.504919858931,7094.420739560111,52.11522066900872,147.32642639808063,7714.0,240948.1,True,False,True,True,2,-0.050751879699248104
2025-09-29,7325.0,7369.5,7259.5,7278.0,248137,7337.2663560628425,7101.619926244028,49.66993099043589,144.66025308393202,7714.0,240154.95,True,False,False,True,1,-0.05652061187451385
2025-09-30,7285.0,7317.0,7205.0,7286.0,183924,7332.383845961619,7108.850517371713,50.12301691370688,142.32737786365118,7714.0,245040.85,True,False,True,False,1,-0.055483536427275104
2025-10-01,7334.0,7373.0,7275.0,7351.0,112742,7334.156813012893,7118.346575513999,53.764953623014925,139.1611365876761,7714.0,247689.6,True,False,True,False,1,-0.04705729841845996
2025-10-03,7390.0,7415.0,7309.5,7393.0,140544,7339.7609260592835,7129.117298042862,56.00058275131188,136.75676968855637,7714.0,240076.7,True,False,True,False,1,-0.0416126523204563
2025-10-06,7407.5,7644.0,7400.5,7615.5,213779,7366.0217902441145,7148.191129492162,65.51400256072242,144.91700042508805,7714.0,237231.25,True,False,True,False,1,-0.012768991444127575
2025-10-07,7625.0,7638.5,7555.0,7595.5,110181,7387.876857839913,7165.732653825803,64.17088983937651,140.53007182329605,7714.0,240722.6,True,False,True,False,1,-0.015361680062224492
2025-10-08,7600.0,7675.0,7523.5,7588.0,150765,7406.936204712302,7182.2921575973405,63.64396158647458,141.31363812163207,7714.0,234507.25,True,False,True,False,1,-0.016333938294010864
2025-10-09,7588.0,7641.0,7546.5,7631.0,96611,7428.275613787321,7199.888543573916,65.39825910460345,137.96980682722977,7714.0,234008.7,True,False,True,False,1,-0.01075965776510246
2025-10-10,7645.0,7794.5,7645.0,7730.0,236521,7457.0112696171,7220.677228139644,69.09566797499521,139.79339205385622,7714.0,232185.2,True,True,True,True,2,0.002074150894477489
2025-10-13,7700.0,7748.0,7608.0,7685.5,129001,7478.772101082138,7238.905572134168,65.69740306084574,139.80814976429508,7794.5,235075.7,True,False,True,False,1,-0.013984219642055318
2025-10-14,7700.0,7724.5,7570.5,7608.0,163491,7491.079520026696,7253.379863423024,60.14907958880388,140.8218533525597,7794.5,230621.25,True,False,True,False,1,-0.023927128103149675
2025-10-15,7608.0,7723.5,7593.5,7658.5,115511,7507.024327643201,7269.2669276025135,62.378655392191746,140.04886382737686,7794.5,230738.65,True,False,True,False,1,-0.017448200654307522
2025-10-16,7700.0,7705.0,7470.0,7578.0,186760,7513.783915486705,7281.374106912219,56.912514224337784,146.8310878397071,7794.5,226053.75,True,False,True,False,1,-0.02777599589454105
2025-10-17,7593.0,7619.5,7239.5,7439.5,1113487,7506.709256868923,7287.5751223274265,48.96282929977852,163.48601013687087,7794.5,221897.35,True,False,False,True,1,-0.04554493553146455
2025-10-20,7530.0,7700.0,7511.0,7673.5,526263,7522.5940895480735,7302.709431255763,59.30542273881423,170.41558084138012,7794.5,268332.5,True,False,True,True,2,-0.01552376675861189
2025-10-21,7694.0,7697.5,7572.5,7605.0,65121,7530.442271495876,7314.56396336338,55.74417834730465,167.17161078128154,7794.5,276137.35,True,False,True,False,1,-0.024312014882288846
2025-10-23,7660.0,7689.5,7500.0,7518.5,250081,7529.304912305794,7322.561454996189,51.53569396213559,168.76649572547572,7794.5,258599.6,True,False,True,False,1,-0.035409583680800605
2025-10-24,7550.0,7605.0,7466.5,7513.0,202587,7527.752063514766,7330.029633231633,51.27064491492322,166.60460317365602,7794.5,255247.0,True,False,True,False,1,-0.03611520944255564
2025-10-27,7514.5,7702.0,7483.5,7666.5,276608,7540.966152703835,7343.224549575491,57.7946722206098,170.31141723268058,7794.5,247729.35,True,False,True,True,2,-0.01642183590993651
2025-10-28,7667.0,7719.0,7478.0,7510.0,761477,7538.01699530347,7349.764763317629,50.3877063799597,175.36060171606056,7794.5,238326.05,True,False,True,True,2,-0.03650009622169481
2025-10-29,7520.0,7758.0,7514.5,7735.5,211944,7556.824900512663,7364.891635344389,58.61745580140886,180.54913016491338,7794.5,264179.55,True,False,True,False,1,-0.0075694399897363596
2025-10-30,7735.0,7868.5,7698.0,7845.0,345825,7584.2701480828855,7383.719414350492,61.920684871551,179.83133515313384,7794.5,262369.9,True,True,True,True,2,0.006478927448842153
2025-10-31,7865.0,7903.0,7684.5,7704.0,324713,7595.67299112261,7396.27943731714,55.749709797489786,182.5933826421957,7868.5,270464.95,True,False,True,True,2,-0.020906144754400446
2025-11-03,7704.0,7775.0,7584.5,7626.5,240686,7598.60889672998,7405.307694677253,52.64418014202088,183.15814102489603,7903.0,281063.5,True,False,True,False,1,-0.03498671390611163
2025-11-04,7617.0,7667.5,7548.5,7560.0,162179,7594.931858946173,7411.37405959187,50.06697466546617,178.5754166659749,7903.0,286070.6,True,False,True,False,1,-0.043401240035429556
2025-11-06,7585.0,7670.0,7572.5,7591.5,201409,7594.6050152370135,7418.437821960817,51.28357431641848,173.67717261840528,7903.0,283490.6,True,False,True,False,1,-0.03941541186891051
2025-11-07,7585.0,7589.5,7451.5,7542.0,127993,7589.595013785869,7423.283397570197,49.25276228069805,171.2716602885192,7903.0,288052.0,True,False,False,False,0,-0.04567885613058331
2025-11-10,7560.0,7662.5,7500.5,7608.0,112624,7591.347869615786,7430.527185900777,51.98305604869396,170.60939883933926,7903.0,286913.4,True,False,True,False,1,-0.03732759711501965
2025-11-11,7620.0,7690.0,7549.0,7659.5,105930,7597.838548699998,7439.506511943884,54.060051068066215,168.49444177938648,7903.0,287714.05,True,False,True,False,1,-0.030811084398329802
2025-11-12,7688.0,7745.5,7634.5,7680.0,129351,7605.663448823808,7448.937629122555,54.8963923522141,164.3876959380017,7903.0,281184.5,True,False,True,False,1,-0.028217132734404626
2025-11-13,7662.5,7816.0,7637.5,7721.0,182942,7616.647882269159,7459.606741705985,56.59821876538603,165.39571765671587,7903.0,281202.0,True,False,True,False,1,-0.023029229406554497
2025-11-14,7740.0,7747.5,7602.5,7632.0,127917,7618.109988719715,7466.367261639083,52.010606253138356,163.93888068123618,7903.0,282174.55,True,False,True,False,1,-0.03429077565481464
2025-11-17,7630.0,7708.5,7580.5,7683.0,146747,7624.289989794028,7474.862663143433,54.29671173860953,161.3718177754336,7903.0,282794.85,True,False,True,False,1,-0.027837530051879056
2025-11-18,7679.5,7730.0,7650.0,7661.0,255512,7627.786181242216,7482.162166549572,53.12112294496791,155.55954507718837,7903.0,280794.2,True,False,True,False,1,-0.030621283057066906
2025-11-19,7663.0,7704.0,7641.0,7688.0,138316,7633.52083064772,7490.23423844959,54.42528522321615,148.94814900024636,7903.0,237895.45,True,False,True,False,1,-0.027204858914336327
2025-11-20,7700.0,7740.0,7630.5,7648.5,220950,7634.94741820508,7496.440738902547,52.139984550447764,146.13042407165736,7903.0,218498.1,True,False,True,True,2,-0.03220296090092367
2025-11-21,7648.0,7648.0,7506.0,7521.0,169885,7624.095283137929,7497.403847180879,45.49886938966293,145.87110806653897,7903.0,226289.55,True,False,False,False,0,-0.04833607490826264
2025-11-24,7550.0,7550.0,7390.5,7427.0,305698,7605.324303791459,7494.642911997315,41.32022736339185,146.84460034750046,7903.0,222279.75,True,False,False,True,1,-0.06023029229406551
2025-11-25,7420.0,7520.0,7384.0,7439.0,130117,7589.4838939065585,7492.460837017029,42.051891724992046,146.06998603696474,7903.0,227435.3,True,False,False,False,0,-0.05871188156396301
2025-11-26,7429.5,7568.5,7416.0,7539.0,132131,7584.675904010695,7494.285902232048,47.88366683835563,146.5292727486101,7903.0,220110.75,True,False,False,False,0,-0.04605845881310899
2025-11-27,7560.0,7560.0,7425.0,7479.0,170964,7574.611532200153,7493.6864550856935,44.960026169615304,145.70575326656655,7903.0,188643.45,True,False,False,False,0,-0.0536505124636214
2025-11-28,7489.0,7520.0,7451.5,7470.0,223708,7564.648529133472,7492.757574494098,44.52091286389135,140.19105660466894,7903.0,186594.45,True,False,False,True,1,-0.054789320511198225
2025-12-01,7478.0,7530.0,7382.5,7401.0,199441,7549.062954930285,7489.159238239427,41.19871866575514,140.71312399004972,7903.0,180488.6,True,False,False,True,1,-0.06352018220928757
2025-12-02,7409.5,7462.5,7281.0,7347.0,185659,7529.818863984543,7483.584366151606,38.760991035657824,143.62647227647474,7816.0,174225.0,True,False,False,True,1,-0.06000511770726713
2025-12-03,7370.0,7370.0,7206.5,7227.0,278984,7500.978972176492,7473.522234145661,33.953114968467844,145.04600997101227,7816.0,171473.65,True,False,False,True,1,-0.07535823950870013
2025-12-04,7250.0,7382.5,7233.0,7348.5,179869,7486.4571653025405,7468.619401434066,41.821739763190116,145.7927235445114,7816.0,177313.9,True,False,False,True,1,-0.05981320368474918
2025-12-05,7321.0,7336.0,7171.0,7257.0,191949,7464.604101940394,7460.320601377829,38.136878509130476,148.05752900561774,7816.0,176236.9,True,False,False,True,1,-0.07151995905834185
2025-12-08,7257.0,7265.5,7007.5,7025.0,217567,7422.737044612738,7443.249205245365,30.74101590417095,155.9105626480736,7816.0,179434.7,False,False,False,True,1,-0.10120266120777888
2025-12-09,7025.0,7214.5,6932.0,7194.0,222653,7400.952564173429,7433.474726608292,39.8863612782849,164.95266531606833,7816.0,184681.85,False,False,False,True,1,-0.07958034800409419
2025-12-10,7219.0,7268.5,7110.0,7139.0,126487,7376.0047009188165,7421.92669811385,38.122105527351344,164.4917606506349,7816.0,190518.0,False,False,False,False,0,-0.08661719549641755
2025-12-11,7120.0,7307.0,7120.0,7218.5,295740,7361.004253212263,7413.949180540758,42.10816317224596,166.0994920327324,7816.0,190374.8,False,False,False,True,1,-0.07644575230296824
2025-12-12,7230.0,7298.0,7193.5,7276.5,158727,7352.95622909681,7408.559016597983,44.89703505344681,161.69952831610868,7747.5,196014.7,False,False,False,False,0,-0.06079380445304938
2025-12-15,7250.5,7355.0,7223.5,7339.5,121874,7351.674683468542,7405.85081986865,47.8365442834814,159.54241915067234,7740.0,197555.2,False,False,False,False,0,-0.05174418604651165
2025-12-16,7323.0,7402.5,7264.5,7361.5,267325,7352.61042790011,7404.111572030664,48.86244801439126,158.00367492562432,7740.0,196311.55,False,False,False,True,1,-0.04890180878552974
2025-12-17,7341.0,7341.0,7031.0,7079.5,1779522,7326.599910957243,7391.381706460835,38.42932890078742,170.32484100236545,7740.0,196902.2,False,False,False,True,1,-0.08533591731266155
2025-12-18,7079.5,7145.0,7022.5,7099.0,194054,7304.923728961316,7379.91575718786,39.39300673494333,166.90878093076793,7740.0,278962.5,False,False,False,False,0,-0.08281653746770024
2025-12-19,7090.0,7455.0,7087.0,7439.0,630329,7317.692897631667,7382.232786317749,53.159136623727925,181.27243943571307,7648.0,277617.7,False,False,True,True,2,-0.027327405857740628
2025-12-22,7450.0,7648.0,7450.0,7603.0,390893,7344.865002619126,7390.890324109209,58.102543904176635,183.25297947601928,7568.5,300639.9,False,True,True,True,2,0.004558366915505152
2025-12-23,7605.0,7680.5,7580.0,7645.0,256703,7373.449288083972,7400.855409438261,59.28754544203491,177.34205237058933,7648.0,304899.65,False,False,True,False,1,-0.00039225941422593724
2025-12-24,7644.5,7678.0,7611.0,7630.5,94994,7397.93030826645,7409.861079656368,58.67058815727091,169.4604772012615,7680.5,311228.95,False,False,True,False,1,-0.006509992839007883
2025-12-26,7610.0,7672.5,7531.5,7556.5,134764,7413.032183669646,7415.6116255521965,55.496592383376985,167.42758597259999,7680.5,309372.1,False,False,True,False,1,-0.016144782240739564
2025-12-29,7547.5,7611.5,7462.0,7493.5,206255,7420.695785224918,7418.666071608974,52.874053008461594,166.14704411741425,7680.5,307562.1,True,False,True,False,1,-0.02434737321788949
2025-12-30,7475.0,7596.5,7470.0,7497.0,370086,7427.962853298735,7421.737990369406,53.006915328524464,163.31511239474182,7680.5,306689.45,True,False,True,True,2,-0.0238916737191589
2025-12-31,7498.0,7659.5,7498.0,7619.0,235002,7446.156867270284,7429.473755452959,57.50432962274148,163.2568900808317,7680.5,315221.7,True,False,True,False,1,-0.008007291191979737
2026-01-01,7615.0,7695.0,7520.0,7673.0,139174,7467.760975149305,7439.023804258726,59.35836789609521,164.0956836464866,7680.5,317688.85,True,False,True,False,1,-0.0009764989258511658
2026-01-02,7676.5,7821.0,7664.5,7798.0,192881,7499.2123108493715,7453.101302130934,63.34501664994775,163.5531348145947,7695.0,310698.35,True,True,True,False,1,0.013385315139701204
2026-01-05,7840.5,7840.5,7584.5,7762.0,1133200,7524.239709816098,7465.214976557171,61.47471971640498,170.15648232783792,7821.0,311348.95,True,False,True,True,2,-0.007543792353918888
2026-01-06,7752.0,7868.5,7737.0,7795.5,365681,7550.074023166946,7478.167330417675,62.58187148734866,167.39530501870664,7840.5,358411.5,True,False,True,True,2,-0.0057394298832982305
2026-01-07,7764.0,7935.0,7764.0,7897.0,365640,7583.114592389142,7494.592140989531,65.78978785853441,167.65278323165617,7868.5,365817.2,True,True,True,False,1,0.003622037237084541
2026-01-08,7871.5,7948.0,7723.0,7750.5,327505,7599.056059780652,7504.627743303668,58.05360958043118,171.7490130008236,7935.0,372966.55,True,False,True,False,1,-0.023251417769376226
2026-01-09,7740.0,7775.5,7629.0,7685.0,309566,7607.241196944398,7511.701165134896,54.94284269117189,169.94551207219334,7948.0,383017.45,True,False,True,False,1,-0.0330900855561147
2026-01-12,7700.0,7710.0,7576.5,7629.0,265168,7609.313463902075,7516.301119443331,52.3595956862699,167.34226120989382,7948.0,383708.75,True,False,True,False,1,-0.04013588324106698
2026-01-13,7640.0,7663.5,7402.0,7555.0,436635,7604.140753054257,7517.8187226024165,49.07598110489997,174.06781398061568,7948.0,389030.8,True,False,False,True,1,-0.049446401610468094
2026-01-14,7328.0,7538.0,7303.5,7323.5,1655893,7577.413062287185,7510.198380539577,40.515778587769496,179.5986844105717,7948.0,404768.85,True,False,False,True,1,-0.07857322596879723
2026-01-15,7323.5,7323.5,7323.5,7323.5,0,7553.2308658788825,7502.8768754203775,40.515778587769496,166.77020695267373,7948.0,474197.25,True,False,False,False,0,-0.07857322596879723
2026-01-16,7301.0,7359.0,7019.5,7121.5,819635,7512.113640557084,7487.920919521539,34.437074055628884,179.10804931319703,7948.0,385221.15,True,False,False,True,1,-0.10398842476094616
2026-01-19,7182.5,7440.5,7157.0,7418.0,1189009,7503.1504366945055,7485.178922677557,47.00537754436839,189.1003315051115,7948.0,416500.2,True,False,False,True,1,-0.06668344237544033
2026-01-20,7420.0,7427.5,7050.0,7074.5,569182,7462.326585580743,7469.0738668862805,37.93298086236712,202.55745068331785,7948.0,444434.2,False,False,False,True,1,-0.10990186210367392
2026-01-21,7000.0,7044.5,6808.0,6975.0,773107,7415.914529811149,7449.698421126035,35.778804137128205,207.12477563450943,7948.0,453348.65,False,False,False,True,1,-0.12242073477604432
2026-01-22,7050.0,7098.0,6980.5,6999.0,435717,7376.208384114849,7432.023973238739,36.712393453589996,201.11586308918734,7948.0,479168.85,False,False,False,False,0,-0.1194011071967791
2026-01-23,7050.0,7050.0,6705.5,6722.0,368113,7313.902823722959,7404.179895856828,31.094053245552985,211.3575871542454,7948.0,496205.0,False,False,False,False,0,-0.15425264217413182
2026-01-27,6805.5,6810.0,6663.0,6766.0,479067,7261.72160241601,7379.153233274207,32.85192225516266,206.76061664322788,7948.0,507872.45,False,False,False,False,0,-0.1487166582788123
2026-01-28,6829.0,6938.5,6802.5,6928.0,351390,7229.938592662104,7361.460949616396,39.02018583495622,204.31342974014018,7948.0,521513.05,False,False,False,False,0,-0.12833417211877207
2026-01-29,6900.0,7034.0,6850.0,7017.5,339387,7209.7063457419035,7347.972284925557,42.18026622424042,202.86247047298733,7948.0,520578.25,False,False,False,False,0,-0.11707347760442877
2026-01-30,7029.5,7037.5,6915.0,7013.5,396287,7191.0200270998175,7334.855724732398,42.07532137801794,197.1222940106311,7948.0,525797.5,False,False,False,False,0,-0.11757674886763969
2026-02-02,6800.5,7070.0,6800.0,7036.5,292881,7176.303834042692,7323.155500233089,42.95419820892278,202.32784443844315,7948.0,538653.15,False,False,False,False,0,-0.11468293910417715
2026-02-03,7400.0,7699.5,7360.0,7505.0,916405,7207.608230800531,7330.286657086693,57.19969721422228,235.2329984071258,7948.0,543653.15,False,False,True,True,2,-0.05573729240060388
2026-02-04,7504.0,7666.0,7420.0,7630.0,354745,7247.836018343338,7342.040121514666,60.06513694778675,236.00206994947393,7948.0,532813.4,False,False,True,False,1,-0.040010065425264196
2026-02-05,7600.0,7613.0,7503.0,7536.5,194719,7275.327826120163,7349.665999102326,56.99157898224433,228.21620781022582,7948.0,532266.6,False,False,True,False,1,-0.051774031202818316
2026-02-06,7536.5,7643.5,7524.0,7623.5,142827,7308.487080775386,7360.404587372824,59.08930203340747,220.4507643952097,7948.0,523720.55,False,False,True,False,1,-0.040827881227981866
2026-02-09,7679.0,7844.5,7645.5,7788.0,262430,7354.154977844397,7377.17303492683,62.78536800086519,220.48999550983757,7775.5,514486.65,False,True,True,False,1,0.001607613658285656
2026-02-10,7790.0,7794.0,7706.0,7742.5,131347,7391.1402180496925,7391.499582576759,61.14001700687055,211.02642440199202,7844.5,512129.85,False,False,True,False,1,-0.0130027407737906
2026-02-11,7789.5,7825.0,7756.0,7814.0,119349,7431.412578235436,7408.0682263972785,62.79021699510879,201.84596551613544,7844.5,505438.8,True,False,True,False,1,-0.0038880744470648487
2026-02-12,7781.0,7799.0,7730.0,7768.0,145735,7463.468523165395,7422.183197911111,60.99561132695889,193.4283965506972,7844.5,489574.5,True,False,True,False,1,-0.009752055580342867
2026-02-13,7760.5,7764.0,7565.0,7587.5,160046,7475.281044768691,7428.666209757735,54.42265382014788,194.11208251136168,7844.5,414066.6,True,False,True,False,1,-0.03276180763592329
2026-02-16,7617.5,7674.0,7536.0,7636.0,107865,7490.587611933577,7436.79694662998,55.80089409343581,190.104076617693,7844.5,422068.9,True,False,True,False,1,-0.026579131875836604
2026-02-17,7650.0,7754.5,7616.0,7742.0,90445,7514.531648892284,7448.765693820962,58.737718304666345,186.41807114500065,7844.5,386480.4,True,False,True,False,1,-0.013066479699152311
2026-02-18,7777.0,7838.5,7753.5,7830.0,162110,7544.576253759685,7463.71605876916,61.051471403305406,179.99535177750062,7844.5,331552.2,True,False,True,False,1,-0.001848428835489857
2026-02-19,7830.0,7898.5,7720.0,7778.0,264268,7566.8070867349525,7476.040919209585,58.94799255827541,179.88854093625056,7844.5,311198.6,True,False,True,False,1,-0.008477277073108525
2026-02-20,7780.0,7932.0,7710.0,7869.0,393536,7595.5873641887665,7491.451079240582,61.451085083173,182.89650229794697,7898.5,285756.65,True,False,True,True,2,-0.0037348863708298596
2026-02-23,7939.0,8005.0,7830.0,7974.0,328097,7631.626662837456,7510.374566329187,64.1660822861195,182.33246641952218,7932.0,283647.6,True,True,True,True,2,0.005295007564296572
2026-02-24,7969.0,8147.5,7911.0,8120.5,858763,7678.186028281508,7534.30105392412,67.59532273703533,186.20157596098488,8005.0,281646.8,True,True,True,True,2,0.014428482198625803
2026-02-25,8120.5,8407.5,8119.5,8348.5,886874,7742.025454159459,7566.230424358469,72.07439565016021,193.4728919637717,8147.5,300631.6,True,True,True,True,2,0.024670144216017098
2026-02-26,8348.5,8539.5,8345.0,8506.0,629664,7814.784934715701,7603.084133207157,74.6781839753943,193.5462568235023,8407.5,327405.8,True,True,True,True,2,0.011715730002973546
2026-02-27,8502.0,8722.0,8469.5,8610.5,926904,7890.567321885635,7642.590637787269,76.25982331085372,197.7572384789664,8539.5,341919.65,True,True,True,True,2,0.00831430411616596
2026-03-02,8400.0,8696.5,8400.0,8548.5,653618,7953.227576944146,7678.116495128945,73.33315788051848,204.81029287332595,8722.0,368450.5,True,False,True,True,2,-0.019892226553542725
2026-03-04,8420.0,8475.0,8266.5,8284.0,485905,7984.729712473275,7701.876632574868,62.341284872331116,210.3238433823741,8722.0,386487.35,True,False,True,True,2,-0.05021783994496676
2026-03-05,8331.0,8586.0,8272.0,8564.0,504469,8039.898311285344,7735.685392081737,67.83722362950826,217.72928314077595,8722.0,364962.35,True,False,True,True,2,-0.01811511121302456
2026-03-06,8562.0,8630.0,8480.0,8552.0,287941,8088.66990068674,7767.697729647159,67.38334799419435,212.8914772021491,8722.0,372448.55,True,False,True,False,1,-0.019490942444393533
2026-03-09,8450.0,8455.0,8180.0,8228.5,498043,8101.987053002289,7785.768406915898,56.42345734828105,224.25637168770987,8722.0,377109.65,True,False,True,True,2,-0.056581059390048205
2026-03-10,8363.0,8363.0,7684.0,7723.0,1056999,8065.8930479544515,7783.3069007623335,44.298631625444344,256.73805942430204,8722.0,394870.45,True,False,False,True,1,-0.11453795001146527
2026-03-11,7690.0,7707.5,7383.0,7429.5,1095711,8005.284186244504,7769.4321203402815,39.05146590246261,262.68534089399475,8722.0,434598.9,True,False,False,True,1,-0.1481884888786975
2026-03-12,7400.0,7538.0,7282.0,7455.0,498945,7952.876168506932,7757.101448954388,39.71954479558536,262.20781654442374,8722.0,482817.1,True,False,False,True,1,-0.1452648475120385
2026-03-13,7429.5,7429.5,7118.0,7193.5,629203,7880.55462864913,7734.999431348333,35.430523065714866,267.5501153626792,8722.0,501796.9,True,False,False,True,1,-0.1752465030956203
2026-03-16,7203.0,7224.5,7008.0,7127.0,459070,7808.787521158736,7711.156316393497,34.41284776850313,263.9036785510593,8722.0,525970.3,True,False,False,False,0,-0.1828709011694566
2026-03-17,7150.0,7194.5,7050.0,7166.5,353172,7747.61728104838,7689.79724516238,35.59617126712264,255.37484436884077,8722.0,540921.5,True,False,False,False,0,-0.17834212336620037
2026-03-18,7200.0,7409.0,7176.5,7374.5,683932,7712.082301900915,7677.432647312875,41.57397906421069,254.45521262820927,8722.0,553186.85,True,False,False,True,1,-0.1544943820224719
2026-03-19,7277.0,7288.0,7101.5,7180.0,642482,7661.40779695797,7657.925484673155,38.02023601484722,255.7798402976229,8722.0,582861.2,True,False,False,True,1,-0.17679431323091033
2026-03-20,7205.0,7346.5,7126.0,7171.0,450944,7614.702292485783,7638.830367627149,37.858970755129974,253.25985170493556,8722.0,606879.8,False,False,False,False,0,-0.17782618665443706
2026-03-23,7100.0,7100.0,6750.0,6795.0,652615,7536.635407487137,7605.738980661378,31.791976784222754,265.24129086886876,8722.0,616213.6,False,False,False,True,1,-0.22093556523733093
2026-03-24,7001.5,7141.0,6774.5,7064.5,902790,7491.6701305836,7584.513922596227,39.30036082376101,272.4740558068067,8722.0,629167.55,False,False,False,True,1,-0.19003668883283653
2026-03-25,7120.0,7271.0,7104.0,7145.0,491517,7458.653927670877,7567.278082494414,41.37626034123258,267.76162324917766,8722.0,657902.2,False,False,False,False,0,-0.18080715432240313
2026-03-27,7046.0,7109.5,6935.0,7067.0,580456,7421.353553606985,7547.6593341613,39.95056557235537,263.63579301709353,8722.0,639539.9,False,False,False,False,0,-0.18975005732630135
2026-03-30,6941.5,7017.5,6800.0,6843.5,550269,7366.319881834891,7520.045242625562,36.11099716476503,263.8760935158726,8722.0,624219.0,False,False,False,False,0,-0.2153749140105481
2026-04-01,7148.5,7188.0,6882.0,6925.0,424350,7324.289416898235,7496.710135071619,38.434595102548464,269.6349439790245,8722.0,620249.25,False,False,False,False,0,-0.20603072689750057
2026-04-02,6860.0,6906.0,6690.5,6878.0,387042,7281.785662907927,7472.446992519792,37.58564567388393,267.1253051233799,8696.5,595121.55,False,False,False,False,0,-0.2091071120565745
2026-04-06,6925.0,7075.0,6817.0,7047.0,345105,7259.425123583363,7455.762796734702,42.50348736301747,266.47349761456707,8630.0,581792.75,False,False,False,False,0,-0.18342989571263035
2026-04-07,7035.5,7239.5,6942.5,7227.0,344147,7256.337016575424,7446.791706666674,47.26917035664245,268.6539620706694,8630.0,574752.75,False,False,False,False,0,-0.16257242178447273
2026-04-08,7450.0,7648.5,7442.0,7600.5,713512,7289.114443568241,7452.819482875824,55.509646192300636,279.57153620847873,8630.0,566736.65,False,False,True,True,2,-0.11929316338354579
2026-04-09,7599.0,7663.5,7515.5,7607.0,419514,7319.389258466504,7458.865777665007,55.63957063442997,270.17356933644453,8455.0,588015.2,False,False,True,False,1,-0.10029568302779424
2026-04-10,7632.5,7804.0,7632.5,7728.0,490409,7358.304567183979,7469.420060893831,58.0929717751675,264.9468858124128,8363.0,584088.75,False,False,True,False,1,-0.07592969030252306
2026-04-13,7511.5,7604.0,7435.5,7548.0,493179,7376.370798880744,7472.501627133289,53.36473719417064,266.91496539724045,7804.0,555759.25,False,False,True,False,1,-0.03280369041517173
2026-04-15,7675.0,7855.0,7675.0,7791.0,494604,7415.8592942254345,7484.991759402572,58.299183542755074,269.7781821545804,7804.0,525632.65,False,False,True,False,1,-0.0016658124038954059
2026-04-16,7845.0,7930.0,7772.5,7903.5,272451,7462.301266203965,7501.403847269138,60.388829042291,261.7583120006818,7855.0,525415.6,False,True,True,False,1,0.006174411203055286
2026-04-17,7950.0,8224.5,7910.0,8182.5,683294,7530.8916218035865,7528.113500317408,65.06438078320407,265.98986114349026,7930.0,507578.0,True,True,True,True,2,0.031841109709962234
2026-04-20,8182.5,8285.0,8049.0,8198.5,403635,7594.4733721080065,7554.403166971628,65.31721139645131,263.8477282046695,8224.5,518789.2,True,False,True,False,1,-0.0031612864003890406
2026-04-21,8200.0,8305.0,7925.5,7955.5,443095,7628.856860478673,7570.132454541368,58.404071990581954,272.10860476147883,8285.0,521312.35,True,False,True,False,1,-0.03977066988533495
2026-04-22,7945.0,8103.0,7897.0,8038.0,468978,7667.8228737664185,7588.480201422099,59.95375144954097,267.38656156423036,8305.0,509270.5,True,False,True,False,1,-0.03214930764599644
2026-04-23,8000.0,8125.0,7950.0,7963.5,482518,7695.982600074379,7603.1868601898595,57.85752629786089,260.7875214524996,8305.0,500595.3,True,False,True,False,1,-0.04111980734497289
2026-04-24,8000.0,8088.0,7901.0,8033.0,616686,7728.079495305391,7620.042277437316,59.28760974731962,255.51698420589253,8305.0,502174.0,True,False,True,True,2,-0.032751354605659255
2026-04-27,8087.5,8147.0,8020.0,8065.5,291146,7760.214781466782,7637.511207733893,59.97166645494555,246.33719961975737,8305.0,500377.55,True,False,True,False,1,-0.028838049367850727
2026-04-28,8040.0,8290.0,8040.0,8254.0,363780,7807.241945136613,7661.6872388031525,63.7735907982103,246.59882821834614,8305.0,469795.35,True,False,True,False,1,-0.006140878988561083
2026-04-29,8300.0,8338.5,8119.0,8148.5,263510,7839.742712266459,7680.777935320676,60.320359488387254,244.66319763132142,8305.0,463408.5,True,False,True,False,1,-0.018844069837447353
2026-04-30,8132.5,8163.5,7970.5,8110.5,415486,7865.5291206220345,7697.629780994375,59.079458513786264,240.97296922908419,8338.5,447561.2,True,False,True,False,1,-0.02734304731066739
2026-05-01,8110.5,8110.5,8110.5,8110.5,0,7888.859680562793,7713.820769974988,59.079458513786264,223.7606142841496,8338.5,440822.05,True,False,True,False,1,-0.02734304731066739
2026-05-04,8110.5,8363.0,8062.5,8344.5,435059,7932.253996699669,7738.553288799499,64.3212996872617,229.24199897813892,8338.5,419604.55,True,True,True,True,2,0.0007195538765965015
2026-05-05,8347.5,8374.0,8154.0,8337.0,462166,7970.801235109225,7762.02178727795,64.03815307284732,228.58185619398617,8363.0,422005.4,True,False,True,True,2,-0.0031089322013631016
2026-05-06,8400.0,8525.0,8355.5,8415.5,1084637,8013.153498432156,7787.648383855286,65.73819591489448,225.68315218013,8374.0,427858.45,True,True,True,True,2,0.004955815619775539
2026-05-07,8499.0,9050.0,8450.0,9003.0,1837111,8107.42459381957,7835.309231547236,75.19083258395038,254.88435559583502,8525.0,464882.95,True,True,True,True,2,0.05607038123167163
2026-05-08,9030.0,9159.0,8952.5,9083.0,613457,8200.336537265324,7884.238281290482,76.15554301385139,251.42833019613252,9050.0,521062.9,True,True,True,True,2,0.0036464088397789585
2026-05-11,9004.5,9136.0,8963.0,9065.5,261216,8282.73305752577,7930.562270259483,75.46425532912404,245.8263066106945,9159.0,530760.05,True,False,True,False,1,-0.010208538050005433
2026-05-12,9115.0,9220.0,8979.0,9021.5,617924,8353.091813951887,7973.344142014013,73.65394664431457,245.48157042421633,9159.0,519300.4,True,False,True,True,2,-0.01501255595589035
2026-05-13,8991.0,9072.5,8865.0,8887.5,423358,8403.987831670755,8009.193391346798,68.28173977947161,242.7686011082009,9220.0,525537.65,True,False,True,False,1,-0.036062906724511956
2026-05-14,8948.0,9239.0,8925.5,9217.5,360127,8481.465181035444,8056.577964235159,73.42287005850082,250.53512960047226,9220.0,521975.35,True,False,True,False,1,-0.00027114967462038564
2026-05-15,9262.5,9267.5,9100.0,9152.5,202982,8545.373259032069,8099.555298971036,70.982342701057,244.60404891472425,9239.0,526359.15,True,False,True,False,1,-0.00936248511743698
2026-05-18,9100.0,9170.0,8943.5,9151.0,295160,8603.05199626711,8140.788424501584,70.92375497664642,243.3109025636725,9267.5,502343.55,True,False,True,False,1,-0.012570811977340113
2026-05-19,9171.0,9293.5,9090.0,9162.5,337327,8656.332758527384,8180.855545109365,71.1205600694001,240.4672666662673,9267.5,496919.8,True,False,True,False,1,-0.011329916374426707
2026-05-20,9068.0,9238.0,9016.5,9199.0,320359,8708.015352953347,8220.782778634488,71.77359040953107,239.1124619043911,9293.5,491631.4,True,False,True,False,1,-0.010168397266906992
2026-05-21,9235.0,9309.5,9176.0,9193.5,231631,8754.251986005409,8258.92855202137,71.51118482419997,231.568714625506,9293.5,484200.45,True,False,True,False,1,-0.010760208748049727
2026-05-22,9227.5,9316.5,9194.0,9263.5,177024,8802.751796862036,8298.323510765631,72.87064921928402,223.81380643796987,9309.5,471656.1,True,False,True,False,1,-0.004941189107900534
2026-05-25,9320.0,9424.0,9296.0,9398.5,252126,8859.489720970414,8341.467686814038,75.31696450822518,219.29139169240062,9316.5,449673.0,True,True,True,False,1,0.008801588579402164
2026-05-26,9369.5,9669.5,9358.0,9613.5,424144,8931.300223735137,8391.351306938977,78.62301087157515,225.87772085722915,9424.0,447722.0,True,True,True,False,1,0.020108234295415972
2026-05-27,9613.5,9696.0,9561.0,9664.0,219320,9001.081154807982,8441.259098823724,79.32353681879039,219.3864550817128,9669.5,450740.2,True,False,True,False,1,-0.0005687988003516553
2026-05-28,9664.0,9664.0,9664.0,9664.0,0,9064.216282921509,8489.209722399264,79.32353681879039,203.7159940044476,9696.0,448530.7,True,False,True,False,1,-0.0033003300330033403
2026-05-29,9700.0,9747.0,9426.0,9477.5,496089,9103.576636928985,8527.966203873802,69.56025787132396,212.0934230041299,9696.0,427756.4,True,False,True,True,2,-0.022535066006600712
2026-06-01,9501.0,9599.0,9383.0,9480.5,216109,9139.474100078605,8565.320470388555,69.62502232362804,212.37246421812063,9747.0,452560.85,True,False,True,False,1,-0.02734174617831131
2026-06-02,9420.0,9555.5,9320.5,9531.5,256995,9176.809900071119,8603.20986370665,70.76382855007529,213.98871677396914,9747.0,441613.35,True,False,True,False,1,-0.02210936698471322
2026-06-03,9525.0,9640.0,9479.5,9571.5,162922,9214.39943339768,8641.182025914233,71.6612351950454,210.16809414725708,9747.0,431354.8,True,False,True,False,1,-0.018005540166205036
2026-06-04,9565.0,9774.5,9532.5,9717.5,259390,9262.313773074093,8683.390573917597,74.71232650019157,212.44180170816728,9747.0,385269.05,True,False,True,False,1,-0.003026572278649886
2026-06-05,9755.0,9833.0,9656.0,9699.0,256030,9303.902937543227,8723.21839454828,73.63055406245823,209.91024444329818,9774.5,306383.0,True,False,True,False,1,-0.007724180264975233
2026-06-08,9590.5,9699.0,9432.5,9495.0,199100,9322.102657777205,8753.484339860112,62.82771217919738,213.95236984020545,9833.0,288511.65,True,False,True,False,1,-0.03437404657785015
2026-06-09,9502.0,9698.0,9423.5,9615.5,232863,9350.045261798423,8787.288875551872,66.00085426327752,218.27720056590508,9833.0,285405.85,True,False,True,False,1,-0.02211939387775852
2026-06-10,9621.0,9684.5,9478.5,9523.5,391667,9366.564760674764,8816.159900040035,61.672272334051286,217.40025766834043,9833.0,266152.8,True,False,True,True,2,-0.0314756432421438
2026-06-11,9480.0,9525.0,9352.5,9372.0,187312,9367.082402515263,8837.957551018857,55.24669868678699,214.19309640631613,9833.0,264568.25,True,False,True,False,1,-0.04688294518458258
2026-06-12,9480.0,9576.0,9383.0,9554.0,162406,9384.88407846619,8866.037647057332,60.56256504354628,213.46501809157928,9833.0,255927.5,True,False,True,False,1,-0.02837384318112479
2026-06-15,9679.5,9681.0,9540.0,9556.0,197986,9401.180832897982,8893.094994231555,60.61792437917375,208.2889453707522,9833.0,253898.7,True,False,True,False,1,-0.028170446455812015
2026-06-16,9600.0,9671.0,9475.0,9591.5,339718,9419.30646786008,8920.483425830318,61.64703992400371,207.41116355855561,9833.0,249040.0,True,False,True,True,2,-0.024560154581511284
2026-06-17,9600.0,9987.5,9600.0,9926.5,591839,9467.610613778168,8959.935056189914,69.69492896814523,220.88179473294448,9833.0,249159.55,True,True,True,True,2,0.00950879690836981
2026-06-18,9949.0,10014.0,9905.0,9952.5,264707,9513.790555323105,8998.859171633447,70.21727789324916,212.8902379663056,9987.5,262733.55,True,False,True,True,2,-0.0035043804755945374
2026-06-19,9900.0,10120.0,9831.0,10083.0,470348,9568.000978625665,9041.374498236057,72.75558803398928,218.32664954014092,10014.0,264387.35,True,True,True,True,2,0.006890353505092817
2026-06-22,10090.0,10126.0,9992.0,10022.5,157543,9611.286599708936,9079.850008109153,69.78611842397471,212.30331743013087,10120.0,279053.55,True,False,True,False,1,-0.009634387351778684
2026-06-23,10022.5,10075.0,9891.5,9920.5,260444,9640.735494974751,9112.816674457814,64.9714687228382,210.24593761369297,10126.0,274324.4,True,False,True,False,1,-0.020294291921785557
2026-06-24,9900.0,9939.5,9675.0,9692.5,338045,9645.665447834299,9135.549353890841,55.71789095283282,214.12122778414349,10126.0,266139.4,True,False,True,True,2,-0.04281058660873005
2026-06-25,9700.0,9753.5,9516.5,9531.0,407574,9634.744928992937,9151.057222365711,50.25765309021758,215.7554257995618,10126.0,272075.65,True,False,True,True,2,-0.058759628678649034
2026-06-26,9531.0,9531.0,9531.0,9531.0,0,9624.864459565038,9165.956939135684,50.25765309021758,200.34432395673596,10126.0,292454.35,True,False,True,False,1,-0.058759628678649034
2026-06-29,9664.0,9972.0,9420.5,9779.0,1261915,9639.544034844559,9189.997843483305,57.64907965710188,225.42687224554055,10126.0,267649.9,True,False,True,True,2,-0.0342682204226743
2026-06-30,9710.0,10008.0,9597.0,9961.0,452560,9670.158888668886,9220.233222170233,62.09996123387712,238.68209565657338,10126.0,319940.2,True,False,True,True,2,-0.016294686944499315
2026-07-01,9979.5,9979.5,9671.0,9713.5,344920,9674.286613557564,9239.577017379244,53.816908412736645,243.669088823961,10126.0,329718.45,True,False,True,True,2,-0.04073671736124829
2026-07-02,9749.0,9754.0,9570.0,9635.0,305059,9670.545031313986,9255.083801011431,51.471879170379715,239.40701105082093,10126.0,338818.35,True,False,True,False,1,-0.04848903811969185
2026-07-03,9688.0,9698.5,9531.0,9548.5,229401,9658.92169499837,9266.590318618826,48.94121011422754,234.2707959757623,10126.0,341101.8,True,False,False,False,0,-0.0570314043057476
2026-07-06,9600.0,9612.0,9495.0,9584.0,189331,9651.786295474714,9279.037757104363,50.027126979372504,225.89431054892214,10126.0,339770.35,True,False,True,False,1,-0.053525577720718975
2026-07-07,9589.5,9595.5,9355.0,9401.0,178259,9627.901886381886,9283.820590159094,44.74424765146868,226.93757408114197,10126.0,339281.9,True,False,False,False,0,-0.07159786687734548
2026-07-08,9348.0,9412.0,9181.0,9234.0,273126,9590.387421012181,9281.866841525403,40.53727451402196,227.2277473610604,10126.0,336551.7,True,False,False,False,0,-0.08809006517874773
2026-07-09,9280.0,9329.0,9001.0,9074.0,487544,9541.207666630067,9273.71520068127,36.95247963818486,234.42576540669896,10126.0,330624.65,True,False,False,True,1,-0.10389097373098954
2026-07-10,9149.0,9232.0,9085.0,9210.5,396730,9509.711698379586,9271.236173203573,41.68999059825784,228.96678216336332,10126.0,345636.25,True,False,False,True,1,-0.0904108236223583
2026-07-13,9190.0,9427.0,9153.0,9306.5,378532,9490.358203295817,9272.619068372062,44.829846206628396,232.18344058026594,10126.0,357352.45,True,False,False,True,1,-0.0809302784910132
2026-07-14,9304.5,9564.0,9228.0,9532.5,464552,9494.371707743834,9282.81047745551,51.45683912735364,239.59890911024695,10126.0,366379.75,True,False,True,True,2,-0.05861149516097175
2026-07-15,9514.0,9632.5,9292.0,9324.5,414572,9478.19344986347,9284.445360692549,45.98235612258395,246.80612988808645,10126.0,372621.45,True,False,False,True,1,-0.079152676278886
2026-07-16,9301.5,9415.0,9071.5,9215.0,806800,9453.127407019329,9281.72201321441,43.36663636481087,253.71283489608027,10126.0,363758.1,True,False,False,True,1,-0.08996642306932645
2026-07-17,9169.5,9170.0,8826.0,8862.0,727314,9396.829558731773,9265.262326421689,36.214610445266715,263.37620383207457,10126.0,390862.75,True,False,False,True,1,-0.12482717756270989
2026-07-20,8847.0,8937.5,8791.0,8885.0,262460,9348.083886471606,9250.35007832672,36.94429564349865,255.02790355835498,10126.0,403711.05,True,False,False,False,0,-0.12255579695832508
2026-07-21,8913.5,8952.0,8831.0,8903.5,240641,9305.742563950502,9236.74811447077,37.56300247402779,245.45448187561533,10075.0,408956.9,True,False,False,False,0,-0.11627791563275436
2026-07-22,8901.0,9199.5,8885.0,9090.5,588610,9285.243272145692,9231.012894295447,43.58837247118481,250.38630459878567,10008.0,407966.75,True,False,False,True,1,-0.09167665867306152
2026-07-23,9088.0,9162.0,8908.0,8935.0,361089,9251.886770036579,9219.404545499547,40.121099703413435,250.64442569887242,10008.0,420495.0,True,False,False,False,0,-0.10721422861710628
2026-07-24,8900.0,8970.0,8841.0,8907.5,189569,9219.088030033095,9207.172994695642,39.52234757220858,241.95553814895297,10008.0,418170.75,True,False,False,False,0,-0.1099620303756994
2026-07-27,8956.0,9050.0,8956.0,9010.0,232047,9199.174884315658,9199.440720393854,42.940400756020466,234.85157113831346,10008.0,427649.2,False,False,False,False,0,-0.09972022382094325
2026-07-28,9061.0,9143.5,9001.0,9121.5,442150,9191.777276285597,9196.38422155488,46.48368335375282,228.25503034271964,10008.0,376155.8,False,False,False,True,1,-0.08857913669064743
2026-07-29,9155.0,9169.5,8975.0,9047.0,233061,9177.988964258397,9190.52601678802,44.495487638097174,225.8439567468111,9979.5,375635.3,False,False,False,False,0,-0.09344155518813568
2026-07-30,9047.0,9065.0,8855.0,8896.0,366876,9151.132872424263,9178.97597691398,40.69607484473039,224.7122455506103,9754.0,370042.35,False,False,False,False,0,-0.08796391224113187
2026-07-31,8924.0,9135.5,8924.0,9106.5,283259,9146.88212266957,9176.133781740882,47.43453764307278,225.76851372556672,9698.5,373133.2,False,False,False,False,0,-0.061040367067072276
2026-08-03,9120.0,9150.0,9001.0,9034.0,154112,9136.131444320088,9170.559907947121,45.51624690289681,220.28504845945483,9632.5,375826.1,False,False,False,False,0,-0.06213340254347266
2026-08-04,9084.0,9215.0,9070.0,9176.0,318448,9139.928449622936,9170.773244890372,49.79849220099805,217.47897356949377,9632.5,374065.15,False,False,False,False,0,-0.04739164287568132
2026-08-05,9200.0,9305.0,9179.0,9200.0,208166,9145.649549658847,9171.919392149572,50.506535731275626,211.15904688595853,9632.5,381074.6,False,False,True,False,1,-0.044900077861406706
2026-08-06,9200.0,9315.0,9170.5,9315.0,221520,9161.778163977051,9177.530396379001,53.86431002166066,206.39768639410437,9632.5,377826.6,False,False,True,False,1,-0.032961328834674286
2026-08-07,9315.0,9315.0,9182.0,9218.0,197996,9167.132624550664,9179.117439658257,50.737569222539086,201.1549945088112,9632.5,364525.4,False,False,True,False,1,-0.04303140410070072
2026-08-10,9224.5,9320.0,9224.5,9275.0,174445,9177.405707926791,9182.877540063817,52.4830967939341,194.07249490103897,9632.5,354588.7,False,False,True,False,1,-0.03711393719179856
2026-08-11,9275.0,9319.5,9025.0,9125.0,357090,9172.41468812424,9180.607832610334,47.69377858213265,201.24588812239332,9632.5,344384.35,False,False,False,True,1,-0.05268621853101474
2026-08-12,9125.0,9289.0,9090.5,9289.0,293852,9183.518051160027,9184.858505841301,52.76861654012823,201.04975325650807,9632.5,339011.25,False,False,True,False,1,-0.035660524266805105
2026-08-13,9316.0,9385.0,9280.5,9297.0,210485,9194.325855811452,9189.256211494583,53.0081258613704,194.15334230961466,9415.0,332975.25,True,False,True,False,1,-0.012533191715347836
2026-08-14,9297.0,9329.0,9225.0,9240.0,128223,9198.6757743056,9191.246163984992,51.022827310163144,187.71381785892788,9385.0,303159.5,True,False,True,False,1,-0.015450186467767746
2026-08-17,9250.0,9395.0,9231.0,9370.0,239095,9214.992367228877,9198.256118338522,55.14866318548539,186.01997372614733,9385.0,273204.95,True,False,True,False,1,-0.0015982951518380695
2026-08-18,9349.5,9349.5,9049.0,9139.0,256413,9207.754998921364,9195.932348991913,47.49272168284189,195.66140417427965,9395.0,272036.7,True,False,False,False,0,-0.027248536455561467
2026-08-19,9105.0,9150.0,8963.5,9140.0,333641,9201.302141881235,9193.73892354125,47.526682242982076,195.00701816183113,9395.0,272825.3,True,False,False,True,1,-0.027142096860031883
2026-08-20,9169.0,9180.0,9076.5,9125.0,270245,9194.03527122588,9191.04327948081,47.035259978742694,188.4708025788432,9395.0,260076.85,True,False,False,True,1,-0.028738690792974975
2026-08-21,9145.0,9175.0,8956.0,8966.0,317848,9172.317626347223,9182.218052834503,42.06960732362116,190.65145953749726,9395.0,255534.65,False,False,False,True,1,-0.04566258648217136
2026-08-24,8989.0,9054.0,8950.5,9054.0,142765,9161.04928098082,9177.189893899818,45.499076332382586,184.4263552848189,9395.0,261948.6,False,False,False,False,0,-0.036295902075572095
2026-08-25,9029.5,9119.5,8990.5,9098.0,321426,9155.044587554075,9174.084407864531,47.182723564414225,180.46732990733184,9395.0,257484.5,False,False,False,True,1,-0.031612559872272517
2026-08-26,9130.0,9159.0,8984.0,9060.0,239534,9145.992722072735,9169.610509516904,45.86494122530981,180.07680634252245,9395.0,251448.3,False,False,False,False,0,-0.035657264502394925
2026-08-27,9148.0,9188.0,8906.0,9079.0,477929,9139.612462827712,9166.057156202516,46.667009430789,187.3570344609137,9395.0,251771.95,False,False,False,True,1,-0.03363491218733372
2026-08-28,9079.0,9103.0,9013.5,9088.0,252548,9134.696990177454,9162.996091253397,47.06707591152309,180.36724628513414,9395.0,257324.6,False,False,False,False,0,-0.03267695582756791
2026-08-31,9105.0,9445.0,8990.0,9445.0,387155,9164.249657779601,9174.05506806699,59.91266005053861,199.98387155048172,9395.0,255789.05,False,True,True,True,2,0.0053219797764767485
2026-09-01,9200.0,9209.0,8871.0,8895.5,653035,9138.654452276784,9163.1313399075,42.72563633961428,226.6993092968759,9445.0,267441.2,False,False,False,True,1,-0.058178930651138216
2026-09-02,8876.5,8933.0,8732.0,8804.0,434543,9106.782599678994,9149.047757950344,40.635265875981176,224.86364434709907,9445.0,284170.55,False,False,False,True,1,-0.06786659608258339
2026-09-03,8879.5,8930.0,8787.0,8807.5,202650,9078.279494947661,9135.653728226802,40.754670315626186,219.01624117944914,9445.0,295489.4,False,False,False,False,0,-0.06749602964531498
2026-09-04,8500.0,8500.0,8250.0,8300.0,1559741,9004.15763828598,9102.882993786536,31.013768357860002,243.19365252377423,9445.0,294545.9,False,False,False,True,1,-0.12122816304923245
2026-09-07,8310.0,8361.5,8175.0,8261.0,568946,8933.380720353982,9069.867974422357,30.412202872701087,239.14410591493325,9445.0,362633.15,False,False,False,True,1,-0.12535733192165166
2026-09-08,8301.0,8433.0,8301.0,8373.5,604579,8880.058746986935,9042.559426405795,34.36699155169045,234.34809834958088,9445.0,382358.2,False,False,False,True,1,-0.11344626786659606
2026-09-09,8373.5,8407.0,8302.0,8354.0,198567,8829.95791394056,9015.55709595851,34.00623393925483,225.10894846746797,9445.0,394732.65,False,False,False,False,0,-0.11551085230280567
2026-09-10,8330.5,8387.5,8272.5,8358.0,259270,8785.009541184316,8989.770543175822,34.15891354851216,217.24402357693455,9445.0,389968.4,False,False,False,False,0,-0.1150873478030704
2026-09-11,8319.0,8319.0,8118.0,8241.0,400369,8733.199108690571,8960.406992463046,31.83862008071162,218.86945046429636,9445.0,392407.65,False,False,False,True,1,-0.12747485442032824
2026-09-15,8258.5,8294.5,8115.0,8143.5,301764,8677.03728881528,8928.37142413116,30.00926637657075,216.05734685970378,9445.0,406014.95,False,False,False,False,0,-0.13779777660137638
2026-09-16,8129.5,8244.0,8072.0,8121.5,246715,8624.128975594776,8896.729407498568,29.59604772621394,212.9103935125821,9445.0,409148.4,False,False,False,False,0,-0.14012705134992054
2026-09-17,8130.0,8266.0,8112.5,8208.5,261051,8584.54526363337,8869.74001896921,33.4959513672441,208.66679397596909,9445.0,408663.5,False,False,False,False,0,-0.13091582848067762
