Date,Open,High,Low,Close,Volume,EMA20,EMA50,RSI14,ATR14,Prev20High,AvgVolume20,TrendPass,BreakoutPass,RSIPass,VolumePass,ConfirmationScore,BreakoutStrength
2020-01-01,332.95001220703125,336.0,330.0,333.8999938964844,147701,333.8999938964844,333.8999938964844,,6.0,,,False,False,False,False,0,
2020-01-02,335.0,366.3999938964844,332.6000061035156,356.6499938964844,1195881,336.06666056315106,334.7921507592295,,7.985713413783482,,,True,False,False,False,0,
2020-01-03,354.6499938964844,356.1000061035156,343.0,346.54998779296875,355922,337.06507268027656,335.2532424076115,96.69772571457878,8.390304876833547,,,True,False,True,False,1,
2020-01-06,345.70001220703125,345.70001220703125,321.70001220703125,324.04998779296875,380525,335.82554078624725,334.8138990893902,89.59928057018261,9.565995641769543,,,True,False,True,False,1,
2020-01-07,328.0,344.0,327.6499938964844,332.04998779296875,397234,335.4659643106969,334.70551041109917,89.88363730224945,10.30771111071681,,,True,False,True,False,1,
2020-01-08,325.04998779296875,335.0,322.0,332.20001220703125,249746,335.154921253205,334.6072555795671,89.88921996549469,10.500017459951323,,,True,False,True,False,1,
2020-01-09,336.6000061035156,344.0,331.6499938964844,333.8500061035156,269745,335.03064361990124,334.57755952168276,89.9548764168207,10.632159505920201,,,True,False,True,False,1,
2020-01-10,335.25,335.95001220703125,326.0,329.75,167427,334.52772517991065,334.3882434620089,88.41841270812533,10.583434698856705,,,True,False,True,False,1,
2020-01-13,331.95001220703125,339.0,328.5,334.1499938964844,196364,334.49175077196526,334.37890034179225,88.64260900092397,10.577475077509797,,,True,False,True,False,1,
2020-01-14,335.3999938964844,337.5,331.3999938964844,333.04998779296875,68981,334.3544400120608,334.3267861241913,88.1830164332607,10.257655865081643,,,True,False,True,False,1,
2020-01-15,333.0,336.45001220703125,330.1000061035156,334.04998779296875,84451,334.3254445626235,334.31593128767275,88.24269629275588,9.978538024969785,,,True,False,True,False,1,
2020-01-16,332.54998779296875,343.0,332.54998779296875,339.8999938964844,257554,334.85635402299124,334.53491413507714,88.60524564231761,10.01221475225989,,,True,False,True,False,1,
2020-01-17,335.25,347.0,335.25,340.75,181247,335.4176536398492,334.77864299252514,88.6599628942341,10.136342269955612,,,True,False,True,False,1,
2020-01-20,342.70001220703125,345.3999938964844,337.1499938964844,339.04998779296875,93144,335.7635902258606,334.94614671018957,87.75236636605642,10.001603536387353,,,True,False,True,False,1,
2020-01-21,338.0,345.3999938964844,330.0,332.70001220703125,108524,335.471820890734,334.85806300418335,84.28177368652253,10.387202847822856,,,True,False,True,False,1,
2020-01-22,335.6499938964844,339.0,329.54998779296875,332.6000061035156,96354,335.1983147205228,334.7695117531768,84.22527655612859,10.320260659194885,,,True,False,True,False,1,
2020-01-23,332.6000061035156,337.5,330.0,332.8999938964844,95177,334.9794270229953,334.6961973274242,84.25936261557533,10.118813469252395,,,True,False,True,False,1,
2020-01-24,331.0,334.8999938964844,326.5,333.29998779296875,122135,334.81948042965945,334.64144401234756,84.30805111532362,9.996040642626108,,,True,False,True,False,1,
2020-01-27,331.0,334.54998779296875,328.3999938964844,330.04998779296875,92228,334.36524303568893,334.4613869057053,82.08632972611952,9.721323017901698,,,False,False,True,False,1,
2020-01-28,330.0,332.45001220703125,321.0,324.6499938964844,110037,333.4399812129076,334.07662639553973,78.38995857347277,9.844800817125238,,,False,False,True,False,1,
2020-01-29,327.79998779296875,329.04998779296875,321.0,323.8999938964844,93414,332.53141099229583,333.6775427681258,77.86551043624019,9.716599886828346,366.3999938964844,233518.85,False,False,True,False,1,-0.11599345171388609
2020-01-30,326.45001220703125,326.45001220703125,316.6000061035156,320.79998779296875,65326,331.4141325923599,333.1725406122373,75.61371639681732,9.726128902306009,366.3999938964844,230804.5,False,False,True,False,1,-0.12445416720284819
2020-01-31,323.70001220703125,335.0,319.45001220703125,332.1000061035156,451856,331.4794538791366,333.1304804354247,78.09988823748634,10.142118823067634,356.1000061035156,174276.75,False,False,True,True,2,-0.0673967974968902
2020-02-03,334.6499938964844,338.8500061035156,321.54998779296875,332.04998779296875,118451,331.5337904423587,333.0881081749363,78.06195154343072,10.65339735788758,347.0,179073.45,False,False,True,False,1,-0.04308360866579608
2020-02-04,333.0,338.0,327.8999938964844,333.8999938964844,150439,331.7591431522754,333.11994683068326,78.4783540906655,10.613869411146727,347.0,165969.75,False,False,True,False,1,-0.03775217897266747
2020-02-05,335.6000061035156,340.0,334.04998779296875,338.75,138145,332.42493904253485,333.34073322948,79.5730002962925,10.291450603458792,347.0,153630.0,False,False,True,False,1,-0.02377521613832856
2020-02-06,340.8999938964844,343.75,335.6499938964844,338.6499938964844,99932,333.01780140957766,333.54893953014687,79.48322792541713,10.134918853462851,347.0,148049.95,False,False,True,False,1,-0.024063418165751083
2020-02-07,340.0,346.8999938964844,325.20001220703125,329.75,526919,332.70658222771317,333.3999615093568,71.72769377193401,10.960994770319301,347.0,139559.3,False,False,True,True,2,-0.049711815561959694
2020-02-10,332.1499938964844,336.0,327.95001220703125,331.95001220703125,88192,332.63452794002916,333.34310075240285,72.4434756899206,10.753065700508548,347.0,157533.9,False,False,True,False,1,-0.04337172274630763
2020-02-11,332.5,340.0,331.0,337.3500061035156,168229,333.08362109845643,333.50023429558377,74.17195387213694,10.627846721900795,347.0,152125.3,False,False,True,True,2,-0.027809780681511187
2020-02-12,337.45001220703125,342.0,333.1499938964844,335.6000061035156,126766,333.32327681322397,333.5825782880517,72.58302667109452,10.500858106301854,347.0,157087.7,False,False,True,False,1,-0.03285300834721727
2020-02-13,336.8999938964844,346.79998779296875,330.6000061035156,338.70001220703125,558374,333.8353468507294,333.78326197114893,73.6594861986975,10.90793836224123,347.0,159203.45,True,False,True,True,2,-0.023919273178584333
2020-02-14,341.5,344.6499938964844,323.95001220703125,328.45001220703125,259548,333.3224578370439,333.5741149215757,64.62461135942357,11.607370028470651,347.0,174244.45,False,False,True,True,2,-0.05345817807771969
2020-02-17,330.0,331.8999938964844,310.6499938964844,314.6499938964844,173660,331.544127937943,332.83199252843485,54.866968824779,12.296129312151319,346.8999938964844,178159.5,False,False,True,False,1,-0.0929662743367573
2020-02-18,313.0,313.0,296.95001220703125,301.20001220703125,147376,328.65421215404666,331.5915227119092,47.36118229276737,12.682118767672877,346.8999938964844,182185.3,False,False,False,False,0,-0.13173820263337932
2020-02-19,305.29998779296875,314.29998779296875,305.29998779296875,310.45001220703125,168739,326.92047882575946,330.76244386858065,52.203831871596904,12.711965683263209,346.8999938964844,184127.9,False,False,True,False,1,-0.10507345728097606
2020-02-20,309.0,332.0,307.95001220703125,325.29998779296875,261547,326.7661463464461,330.5482299048312,58.76279031272917,13.521824405385033,346.8999938964844,187747.15,False,False,True,True,2,-0.062265801336281124
2020-02-24,324.70001220703125,324.70001220703125,300.75,302.20001220703125,229525,324.42651452364464,329.43653509315277,47.77905992058406,14.309550361641014,346.8999938964844,196065.65,False,False,False,True,1,-0.1288555274601466
2020-02-25,303.20001220703125,308.6499938964844,288.1000061035156,288.8999938964844,153226,321.043036368677,327.84686681093046,42.816722658473765,14.755295892450137,346.8999938964844,201435.15,False,False,False,False,0,-0.16719516004750146
2020-02-26,285.0,286.0,261.25,263.95001220703125,354124,315.60560549613933,325.341107806856,35.39092280518315,15.676345749881154,346.8999938964844,204485.05,False,False,False,True,1,-0.2391178528363006
2020-02-27,261.29998779296875,262.8999938964844,250.3999938964844,253.4499969482422,241966,309.6860237296729,322.5218485574986,32.81184275729234,15.524465218500131,346.8999938964844,216689.4,False,False,False,True,1,-0.2693859861413772
2020-02-28,240.1000061035156,254.8000030517578,225.0,251.8999938964844,603405,304.1825923169883,319.7523640609882,32.43606728106165,16.54414649230425,346.8999938964844,224117.0,False,False,False,True,1,-0.2738541414571144
2020-03-02,259.0,274.04998779296875,248.1499938964844,254.3999938964844,295171,299.4413924674165,317.1895260153214,33.75387019125773,17.212421306888544,346.8999938964844,251020.95,False,False,False,True,1,-0.2666474535240325
2020-03-03,262.5,262.5,252.8000030517578,256.3999938964844,191427,295.3422116511373,314.8056227949749,34.84866698738557,16.675819566985233,346.8999938964844,243186.7,False,False,False,False,0,-0.260882103177567
2020-03-04,258.5,258.5,248.1000061035156,249.9499969482422,168073,291.0191435841949,312.26226491863247,32.95704040724992,16.2275463048066,346.8999938964844,246835.5,False,False,False,False,0,-0.279475349247692
2020-03-05,249.3500061035156,255.0500030517578,247.0,250.3500061035156,90096,287.1458923955588,309.83433320039256,33.19921351714393,15.643436072445974,346.8999938964844,247717.2,False,False,False,False,0,-0.2783222527867195
2020-03-06,240.0,243.5500030517578,232.3999938964844,235.8500061035156,147908,282.2605698915547,306.93298703973073,29.0962925626921,15.808191510630632,346.8999938964844,245314.75,False,False,False,False,0,-0.3201210427985949
2020-03-09,204.0,222.9499969482422,202.0,205.3000030517578,411554,274.93099209728837,302.94737982451613,22.724202053765396,17.096892552979558,346.8999938964844,247713.55,False,False,False,True,1,-0.4081867781380828
2020-03-11,206.3500061035156,217.1999969482422,202.1000061035156,204.6499938964844,149029,268.23756369721184,299.092580376358,22.61073965797864,16.954256716675776,346.79998779296875,241945.3,False,False,False,False,0,-0.4098904235871671
2020-03-12,186.9499969482422,187.0,163.75,163.85000610351562,385410,258.29589154543123,293.7889500127171,16.905080804462003,18.664666515233534,346.79998779296875,244987.15,False,False,False,True,1,-0.5275374513527085
2020-03-13,150.0,180.1999969482422,147.5,177.39999389648438,365937,250.59152034076962,289.2246772238453,23.78371714617029,19.667190117591293,346.79998779296875,255846.2,False,False,False,True,1,-0.4884659742191574
2020-03-16,170.0,194.6999969482422,164.0,171.10000610351562,305731,243.0208999372216,284.5923371799108,22.837141952868635,20.455247748352072,346.79998779296875,267804.75,False,False,False,True,1,-0.5066320296249311
2020-03-17,178.0,182.3000030517578,162.0,177.39999389648438,430396,236.77128983810377,280.38871587467844,26.008476373628426,20.444158841452484,344.6499938964844,255172.6,False,False,False,True,1,-0.4852749251759265
2020-03-18,187.0,195.1000061035156,172.0,192.1499938964844,648725,232.52164260556862,276.92837383631786,32.956008942040555,20.633862217314135,332.0,263715.0,False,False,False,True,1,-0.4212349581431193
2020-03-19,192.1499938964844,211.3500061035156,175.5500030517578,205.8999938964844,1114006,229.98624749041775,274.1429471720107,38.7314065965853,21.717157991202967,332.0,287468.25,False,False,False,True,1,-0.3798192954925168
2020-03-20,209.0,214.0,195.6499938964844,195.6499938964844,1555108,226.71612810051934,271.06479214159793,36.22616160031381,21.476647142082438,332.0,335799.75,False,False,False,True,1,-0.41069278946842047
2020-03-23,185.8999938964844,185.8999938964844,185.8999938964844,185.8999938964844,61903,222.8288772239446,267.7249961319856,33.97497491039536,20.639029489076552,332.0,405118.2,False,False,False,False,0,-0.4400602593479386
2020-03-24,176.64999389648438,189.8999938964844,176.64999389648438,186.25,455485,219.34517463118797,264.5298982444568,34.13321311833049,20.111241668428228,324.70001220703125,395136.0,False,False,False,True,1,-0.42639361565146616
2020-03-25,177.0,195.5500030517578,176.9499969482422,190.3999938964844,623092,216.5884907516924,261.62284317198726,36.08905850438797,20.00329627093447,308.6499938964844,406434.0,False,False,False,True,1,-0.38312004645514064
2020-03-26,197.6000061035156,197.6000061035156,186.4499969482422,195.8000030517578,319678,214.60863478027005,259.0415553241351,38.642169853037274,19.370918619815825,286.0,429927.3,False,False,False,False,0,-0.31538460471413354
2020-03-27,195.0,202.0500030517578,186.0500030517578,186.6499938964844,185779,211.94590707705237,256.20267056226646,36.01668231204591,19.13013871840041,274.04998779296875,428205.0,False,False,False,False,0,-0.31891989706093593
2020-03-30,186.0,186.0,177.35000610351562,184.6999969482422,336370,209.35105849335616,253.39864414603025,35.463676996522906,18.42798508086958,274.04998779296875,425395.65,False,False,False,False,0,-0.3260353761162218
2020-03-31,190.0,190.0,178.0,189.0500030517578,292625,207.41762464177538,250.87516802468622,37.75950452930019,17.968843289378896,274.04998779296875,412043.9,False,False,False,False,0,-0.3101623372646316
2020-04-01,190.1000061035156,193.8999938964844,185.0,189.3999938964844,34480,205.70165980889053,248.4643768824038,37.95076401415238,17.321068332743575,262.5,411916.6,False,False,False,False,0,-0.2784762137276785
2020-04-03,182.1999969482422,195.0,180.0,193.9499969482422,177468,204.5824538221621,246.3265580614563,40.51013143429646,17.155277737547607,258.5,404069.25,False,False,False,False,0,-0.24970987640912112
2020-04-07,191.0,201.1999969482422,191.0,198.3000030517578,208449,203.9841251773617,244.44316374735047,42.93361148650567,16.658471966882935,255.0500030517578,404539.0,False,False,False,False,0,-0.22250538843743362
2020-04-08,196.6499938964844,202.0,190.0,193.6499938964844,306320,202.99992219823054,242.45127473359102,41.01034912931056,16.32572396924844,243.5500030517578,410456.65,False,False,False,False,0,-0.2048860953808691
2020-04-09,198.8999938964844,200.5,194.9499969482422,197.4499969482422,94160,202.47135788870781,240.68651874200873,43.247726268100294,15.648886978838952,222.9499969482422,418377.25,False,False,False,False,0,-0.11437542206344964
2020-04-13,200.0,206.0,195.0,203.5500030517578,174199,202.57408599947448,239.23018479337145,46.73990388023901,15.3168236232076,217.1999969482422,402507.55,False,False,False,False,0,-0.06284527664950712
2020-04-15,205.8999938964844,208.9499969482422,200.0,203.8000030517578,95214,202.69084000445383,237.84076590154348,46.884159101690294,14.8620502892815,214.0,403766.05,False,False,False,False,0,-0.04766353714131866
2020-04-16,200.0,202.6999969482422,196.3999938964844,200.1999969482422,145912,202.45361685624317,236.3646573151395,44.99427669372397,14.329047351138065,214.0,389256.25,False,False,False,False,0,-0.06448599556896173
2020-04-17,205.8999938964844,208.8500061035156,200.6499938964844,207.6999969482422,88406,202.9532721031002,235.2405529870259,49.55630766373399,13.923401765719161,214.0,378255.0,False,False,False,False,0,-0.029439266596999136
2020-04-20,209.9499969482422,213.0,202.5,205.5500030517578,278860,203.2005798124962,234.07621769544676,48.3191354666395,13.678873068167793,214.0,367388.75,False,False,False,False,0,-0.03948596704786067
2020-04-21,204.6999969482422,204.6999969482422,195.3000030517578,196.3999938964844,130364,202.5529049633522,232.59871872293843,43.35811940562043,13.433953563298665,214.0,359811.95,False,False,False,False,0,-0.08224301917530652
2020-04-22,199.0,201.0,190.0,199.1999969482422,139976,202.2335803904846,231.2889649278523,45.2119043164264,13.260099737348762,214.0,333893.9,False,False,False,False,0,-0.06915889276522347
2020-04-23,199.0,202.0500030517578,197.1000061035156,200.1499938964844,224514,202.03514358153222,230.06782880897515,45.85933555296975,12.666520966698295,214.0,285192.4,False,False,False,False,0,-0.06471965468932517
2020-04-24,199.5,200.0,195.0500030517578,196.0500030517578,37049,201.46513019774417,228.73379642633918,43.471744868458295,12.126054529414601,213.0,218662.7,False,False,False,False,0,-0.07957745046123088
2020-04-27,200.0,200.0,193.0,199.6000061035156,169473,201.28749933162717,227.591294845052,46.08896533318651,11.759907777313558,213.0,217420.0,False,False,False,False,0,-0.06291076946706298
2020-04-28,199.8500061035156,202.5,194.3000030517578,200.9499969482422,281728,201.25535624749526,226.54653806478495,47.09215166741806,11.505628432379888,213.0,203119.4,False,False,False,True,1,-0.05657278428055312
2020-04-29,201.8999938964844,208.0,198.1999969482422,204.6999969482422,201676,201.58341726661402,225.68981096217544,49.88201342509941,11.38379804804974,213.0,186051.2,False,False,False,True,1,-0.038967150477736245
2020-04-30,208.0,211.0,205.3000030517578,206.8500061035156,204612,202.08499715584276,224.95099508536526,51.462298770866674,11.02066983402889,213.0,180151.1,False,False,True,True,2,-0.028873210781616865
2020-05-04,198.0,202.0,197.0,198.8500061035156,114121,201.77690276990683,223.92742688999863,45.68942630233253,10.937050996135083,213.0,181092.75,False,False,False,False,0,-0.06643189622762635
2020-05-05,201.1499938964844,203.5,195.3000030517578,197.9499969482422,96209,201.4124355487959,222.90870414718466,45.07679743312251,10.741547135571306,213.0,169980.3,False,False,False,False,0,-0.07065729132280663
2020-05-06,195.0,200.75,191.0,195.9499969482422,139448,200.8922033011241,221.8514999433046,43.67532158872466,10.670722340173356,213.0,160159.5,False,False,False,False,0,-0.080046962684309
2020-05-07,198.8999938964844,199.0,192.0,193.1000061035156,79579,200.15008928230426,220.72399038095995,41.686367453458274,10.40852788730383,213.0,165407.9,False,False,False,False,0,-0.0934272013919456
2020-05-08,197.4499969482422,199.8000030517578,193.5,196.3000030517578,128150,199.78341440320457,219.76618695628537,44.729845133927334,10.143632820228,213.0,160513.45,False,False,False,False,0,-0.07840374154104313
2020-05-11,193.0,198.8999938964844,192.1499938964844,197.1000061035156,82228,199.5278517079961,218.87731711892187,45.49571926579282,9.901230475926,213.0,156498.5,False,False,False,False,0,-0.07464785866894086
2020-05-12,196.8000030517578,196.8000030517578,190.9499969482422,193.25,45189,198.92996106913932,217.87232429072884,42.44732259151941,9.633286095879386,213.0,145293.9,False,False,False,False,0,-0.09272300469483563
2020-05-13,199.8500061035156,201.25,193.8000030517578,200.1999969482422,128496,199.0509168671491,217.17929184592546,49.080112730936094,9.516622803316572,213.0,142845.35,False,False,False,False,0,-0.0600939110411165
2020-05-14,203.0,207.8000030517578,196.0,197.1000061035156,223671,198.86511584204115,216.39186887563488,46.505592062651715,9.679721392490947,213.0,140560.2,False,False,False,True,1,-0.07464785866894086
2020-05-15,195.0,196.0500030517578,191.0,195.1000061035156,125023,198.50653396218155,215.55689386496354,44.87026823512255,9.424027443278423,213.0,146983.05,False,False,False,False,0,-0.08403753003044323
2020-05-18,195.25,196.3999938964844,185.3500061035156,185.8000030517578,185012,197.29638816118882,214.38995697032803,38.1520481991293,9.540167468256307,213.0,145938.6,False,False,False,True,1,-0.1276995161889305
2020-05-19,186.1000061035156,193.4499969482422,181.4499969482422,185.0,663796,196.12530357440892,213.2374096381583,37.63010383709339,9.715869791952287,213.0,150768.9,False,False,False,True,1,-0.13145539906103287
2020-05-20,186.0,188.5500030517578,180.1999969482422,184.3500061035156,265420,195.00384667241906,212.1045702838586,37.18498468816781,9.618308099921098,211.0,170015.7,False,False,False,True,1,-0.1263032886089308
2020-05-21,182.8999938964844,183.1499938964844,178.1999969482422,178.8000030517578,461987,193.4606234704513,210.79850882377625,33.53714626971515,9.37057246101769,211.0,176768.5,False,False,False,True,1,-0.15260662060778285
2020-05-22,178.39999389648438,182.25,170.39999389648438,180.8500061035156,575536,192.25961229264792,209.6240577367072,36.03328104072913,9.547674864053258,211.0,192869.05,False,False,False,True,1,-0.1428909663340493
2020-05-26,180.8500061035156,184.3999938964844,176.0500030517578,178.3000030517578,246971,190.93012569827744,208.39566343533662,34.307260493669304,9.462126005529925,211.0,210420.15,False,False,False,True,1,-0.15497628885422843
2020-05-27,177.0,187.1999969482422,175.0,181.75,517355,190.0558280127272,207.35073545748028,38.59297192801936,9.657688215723658,211.0,220916.25,False,False,False,True,1,-0.13862559241706163
2020-05-28,183.9499969482422,183.9499969482422,179.0,182.1000061035156,446483,189.2981306880404,206.36051077693264,39.02756289703471,9.321424553760696,211.0,238310.35,False,False,False,True,1,-0.13696679571793557
2020-05-29,181.9499969482422,181.9499969482422,173.0,173.89999389648438,3213915,187.83164146979698,205.08754933064057,33.11459373776992,9.305608950171761,211.0,246548.1,False,False,False,True,1,-0.17582941281287023
2020-06-01,172.0,182.5500030517578,167.0,180.3000030517578,2042088,187.11434257284085,204.115488692253,40.67002295923993,9.75163710028505,211.0,397160.05,False,False,False,True,1,-0.14549761586844634
2020-06-02,182.3999938964844,189.3000030517578,182.3000030517578,187.3999938964844,6020771,187.14154746080692,203.45997909241893,47.724829472948876,9.697948735978976,207.8000030517578,489033.85,False,False,False,True,1,-0.09817136119190661
2020-06-03,190.1000061035156,192.8000030517578,180.0,183.8000030517578,2486606,186.8233051361356,202.68899963984398,44.815030953089,9.919524044248893,207.8000030517578,784366.35,False,False,False,True,1,-0.11549566721624249
2020-06-04,185.0,185.1000061035156,178.6999969482422,180.8500061035156,822853,186.2544195139813,201.83256852077227,42.526868817501864,9.668130123607789,207.8000030517578,903886.2,False,False,False,False,0,-0.1296919949588723
2020-06-05,182.5,183.9499969482422,180.25,182.3500061035156,665738,185.88257061774647,201.06854646519358,44.0900403889553,9.241834896795961,207.8000030517578,938056.45,False,False,False,False,0,-0.12247351575785714
2020-06-08,186.0,186.6999969482422,177.10000610351562,179.6999969482422,930658,185.2937540777937,200.23056413119548,41.920778779178015,9.26741746450529,207.8000030517578,967364.4,False,False,False,False,0,-0.13522620640441763
2020-06-09,181.0,188.6499938964844,177.0,188.4499969482422,2770502,185.59434863688404,199.768581104413,50.56882038476121,9.43760149536094,207.8000030517578,1007489.8,False,False,True,True,2,-0.09311841106516261
2020-06-10,190.3999938964844,197.8500061035156,188.5500030517578,197.8000030517578,5470448,186.75679191449106,199.69138196509317,57.7998409763592,9.43491632821183,207.8000030517578,1141903.5,False,False,True,True,2,-0.0481231946734344
2020-06-11,199.6499938964844,207.6499938964844,197.8500061035156,199.8000030517578,4767679,187.99900249899264,199.6956416155506,59.17553518355293,9.464564507962885,207.8000030517578,1413166.45,False,False,True,True,2,-0.0384985557387475
2020-06-12,189.8500061035156,205.0,189.8500061035156,202.75,2062710,189.4038594038505,199.8154203757251,61.18545430882139,9.870666607142994,207.8000030517578,1645125.6,False,False,True,True,2,-0.02430222799611792
2020-06-15,206.0,211.1999969482422,202.8000030517578,209.75,1764903,191.34158707967427,200.2050117335398,65.5230412127068,9.769190202935793,207.6499938964844,1737077.55,False,True,True,True,2,0.010113200892086116
2020-06-16,215.1999969482422,219.8000030517578,200.8500061035156,211.3000030517578,2378906,193.24238860082508,200.64010943229346,66.41795262872769,10.424962113314823,211.1999969482422,1819071.55,False,True,True,True,2,0.00047351375454862676
2020-06-17,210.0,221.8500061035156,209.0,217.1000061035156,1926538,195.51454264870037,201.28559557626295,69.59800010560005,10.598179541186308,219.8000030517578,1928766.25,False,False,True,False,1,-0.012283880394698743
2020-06-18,218.0,224.6999969482422,218.0,220.8500061035156,1706150,197.92744393011134,202.05282736164543,71.47855366934076,10.3840232057249,221.8500061035156,1991903.35,False,False,True,False,1,-0.0045075500224841525
2020-06-19,222.0,229.8000030517578,216.5,221.25,1948904,200.14863974629122,202.80565766118875,71.6797809890113,10.592307480441537,224.6999969482422,2063939.85,False,False,True,False,1,-0.015353791700481678
2020-06-22,223.0,232.3000030517578,222.1999969482422,231.0,3129957,203.08686453235873,203.91131814506372,76.10520287815775,10.625000021249843,229.8000030517578,2138285.7,False,True,True,True,2,0.005221918765474953
2020-06-23,234.1999969482422,242.5500030517578,233.8000030517578,242.5500030517578,2123696,206.8452586770634,205.42656069042428,80.07690786414449,10.691071666286128,232.3000030517578,2266006.75,True,True,True,False,1,0.04412397703548998
2020-06-24,253.0,254.6499938964844,242.5500030517578,254.6499938964844,2481396,211.39809060272256,207.35689140438743,83.22302518224753,10.791708750460446,242.5500030517578,2359843.0,True,True,True,True,2,0.04988658294159887
2020-06-25,252.0,267.3500061035156,249.8000030517578,267.3500061035156,1044879,216.72684445994096,209.70956256905913,85.7640475039442,11.274444057695973,254.6499938964844,2458045.05,True,True,True,False,1,0.04987242297831673
2020-06-26,280.70001220703125,280.70001220703125,256.6000061035156,276.8500061035156,4112789,222.45285985456712,212.3425211390378,87.31210966058629,12.190555632397377,267.3500061035156,2487964.85,True,True,True,True,2,0.035533943456585115
2020-06-29,271.1000061035156,279.8999938964844,266.20001220703125,270.45001220703125,665484,227.02401722146845,214.62124627895912,80.92744173928021,12.298371779329932,280.70001220703125,2532908.55,True,False,True,False,1,-0.03651585163608784
2020-06-30,271.8999938964844,274.8999938964844,257.54998779296875,260.20001220703125,844725,230.18363579152205,216.40864886437373,71.86379503243701,12.659202802486053,280.70001220703125,2464078.35,True,False,True,False,1,-0.07303170327217567
2020-07-01,259.95001220703125,269.8999938964844,259.0,264.0,343740,233.4042419066152,218.27497635988848,73.06804875120832,12.533545023485933,280.70001220703125,2205276.05,True,False,True,False,1,-0.059494162738810585
2020-07-02,265.29998779296875,271.8999938964844,264.04998779296875,265.54998779296875,288786,236.46574151483935,220.12889837687203,73.56505477402726,12.202577085842965,280.70001220703125,2098132.75,True,False,True,False,1,-0.053972296954830745
2020-07-03,268.0,268.45001220703125,259.0,261.5,247828,238.84995660866417,221.7512945189555,69.93352689253373,12.005965308784985,280.70001220703125,2071429.4,True,False,True,False,1,-0.06840046801590527
2020-07-06,266.3999938964844,269.29998779296875,260.20001220703125,262.6499938964844,353683,241.11662682655182,223.35516508278016,70.3806426301071,11.798394614295878,280.70001220703125,2050533.9,True,False,True,False,1,-0.06430358933235114
2020-07-07,265.8500061035156,265.8500061035156,252.0,254.8000030517578,485606,242.41980551466668,224.58829598352438,63.4449069703794,11.944938292097289,280.70001220703125,2021685.15,True,False,True,False,1,-0.0922693552865641
2020-07-08,255.0,255.0,248.0,249.75,324913,243.11791927517461,225.57502947436654,59.39018433433876,11.59172841409034,280.70001220703125,1907440.35,True,False,True,False,1,-0.11026010281824983
2020-07-09,251.1999969482422,251.1999969482422,240.0,244.8000030517578,431819,243.27811773008727,226.32895000681324,55.6367881240943,11.563747595101187,280.70001220703125,1650163.6,True,False,True,False,1,-0.1278945763949425
2020-07-10,238.0500030517578,244.9499969482422,235.8000030517578,241.1000061035156,247060,243.07067852755665,226.90820710864472,52.9433779095763,11.391336616628557,280.70001220703125,1433370.6,True,False,True,False,1,-0.1410758973330879
2020-07-13,243.9499969482422,253.1499938964844,240.1000061035156,251.1499938964844,442977,243.8401371341212,227.8588654140502,58.78042048717059,11.509811700652861,280.70001220703125,1342588.1,True,False,True,False,1,-0.10527259360698615
2020-07-14,252.8999938964844,254.8999938964844,246.0,247.1000061035156,230692,244.15060084549208,228.613419950892,55.777761205515624,11.323396143212257,280.70001220703125,1276491.8,True,False,True,False,1,-0.11970076466806079
2020-07-15,249.3000030517578,252.5500030517578,245.6999969482422,246.5,116223,244.37435314592142,229.31485446262172,55.32684493285003,11.003868283233926,280.70001220703125,1169081.1,True,False,True,False,1,-0.12183829967847282
2020-07-16,246.8500061035156,247.8999938964844,236.0,242.0500030517578,114056,244.15298647028678,229.81427205435256,51.97112522972976,11.06787725560896,280.70001220703125,1078565.35,True,False,True,False,1,-0.1376915121997465
2020-07-17,242.5,249.1000061035156,239.0,241.6999969482422,257246,243.91936842056825,230.28037891293647,51.70548918054928,10.998743601888005,280.70001220703125,998960.65,True,False,True,False,1,-0.1389384166824491
2020-07-20,242.1000061035156,247.1999969482422,239.1000061035156,240.6499938964844,229643,243.60799941827455,230.68703048091874,50.86554919335198,10.791689833519333,280.70001220703125,914377.75,True,False,True,False,1,-0.14267907577078343
2020-07-21,242.5,248.3999938964844,240.6499938964844,243.5500030517578,200839,243.60247595479677,231.1914607778144,53.130184833740316,10.574426273982239,280.70001220703125,769362.05,True,False,True,False,1,-0.1323477290334898
2020-07-22,244.8500061035156,247.75,240.0,241.3999938964844,263308,243.39271575876703,231.5917954099191,51.244432962831574,10.372681540126365,280.70001220703125,673219.2,True,False,True,False,1,-0.140007184187655
2020-07-23,242.0,244.0500030517578,238.1000061035156,239.5500030517578,164571,243.02674312000426,231.90388198410886,49.612696545863116,10.056775497848925,280.70001220703125,562314.8,True,False,False,False,0,-0.14659781747684109
2020-07-24,238.1000061035156,238.1000061035156,231.5,233.0500030517578,285904,242.07657739921888,231.9488279083304,44.27788981585629,9.913434608842417,280.70001220703125,518299.4,True,False,False,False,0,-0.16975421119728706
2020-07-27,237.0,237.5,223.1999969482422,225.1000061035156,375005,240.45976108534236,231.68024666108278,38.78470025564954,10.226760926193517,279.8999938964844,326955.15,True,False,False,True,1,-0.19578416930311004
2020-07-28,227.0,236.3500061035156,221.5,235.8999938964844,407131,240.02549754354638,231.84572694482404,48.18852658197154,10.556992724573666,274.8999938964844,312431.2,True,False,False,True,1,-0.14186977397564338
2020-07-29,237.6000061035156,247.6499938964844,237.6000061035156,243.6000061035156,760153,240.3659269302101,232.3066790686943,53.65492228807787,10.642207529961262,271.8999938964844,290551.5,True,False,True,True,2,-0.10408234067023525
2020-07-30,247.0,247.0,238.0,244.3999938964844,295060,240.75012378414098,232.7809267089998,54.19562520576041,10.524906992106885,271.8999938964844,311372.15,True,False,True,False,1,-0.10114012731633071
2020-07-31,244.6000061035156,245.0,232.8000030517578,235.8500061035156,539910,240.28344590979572,232.90128276368668,47.77962130221244,10.644556274687977,269.29998779296875,311685.85,True,False,False,True,1,-0.12421085482992555
2020-08-03,235.0,235.0,228.0,229.4499969482422,233502,239.25168886583825,232.76593822190455,43.61709570723976,10.444945548175665,269.29998779296875,326289.95,True,False,False,False,0,-0.1479762073935268
2020-08-04,229.0,234.0,226.6999969482422,230.8000030517578,319736,238.4467664073544,232.68884272503607,44.71128023062463,10.220306798431533,265.8500061035156,320280.9,True,False,False,False,0,-0.1318412723229737
2020-08-05,232.1999969482422,235.0,230.0,230.75,227890,237.7137410352254,232.61280967699545,44.67669667504042,9.84742774140071,255.0,311987.4,True,False,False,False,0,-0.09509803921568627
2020-08-06,232.8000030517578,232.8000030517578,230.0,231.1000061035156,149175,237.08386151791973,232.5534840466629,44.99739712460365,9.344040263569076,254.8999938964844,307136.25,True,False,False,False,0,-0.0933699033458355
2020-08-07,234.0,253.3000030517578,234.0,249.6999969482422,1545975,238.28539822556948,233.22589631731307,58.6990580960272,10.262322883902872,254.8999938964844,293004.05,True,False,True,True,2,-0.020400145440387707
2020-08-10,254.9499969482422,261.95001220703125,250.1000061035156,254.75,738391,239.85345553742002,234.06997881467336,61.503068875459675,10.404300910680458,254.8999938964844,357949.8,True,False,True,True,2,-0.0005884421344682922
2020-08-11,255.8500061035156,257.6499938964844,247.3999938964844,249.3999938964844,223525,240.7626496668547,234.6711558767052,57.08163204462533,10.393279417060425,261.95001220703125,372720.5,True,False,True,False,1,-0.04790997413898945
2020-08-12,249.9499969482422,251.8500061035156,244.8000030517578,246.8999938964844,159840,241.34715864110515,235.15071815199065,55.08866861789271,10.15447396239595,261.95001220703125,372362.15,True,False,True,False,1,-0.05745377976410293
2020-08-13,248.6000061035156,250.4499969482422,240.0,240.9499969482422,230166,241.30933371797533,235.37814084988287,50.563818207882605,10.175582747099252,261.95001220703125,374543.0,True,False,True,False,1,-0.08016802550171964
2020-08-14,242.8000030517578,245.0,235.3000030517578,238.6499938964844,243130,241.0560632587857,235.5064488124947,48.892048185146656,10.141612332895177,261.95001220703125,380348.5,True,False,False,False,0,-0.08894833832697724
2020-08-17,241.8000030517578,243.9499969482422,230.1000061035156,233.8000030517578,333221,240.36500990573543,235.4395293708972,45.477520485035036,10.406496512311707,261.95001220703125,379642.7,True,False,False,False,0,-0.1074632862892374
2020-08-18,235.6000061035156,244.8999938964844,234.0500030517578,237.3500061035156,436275,240.0778666864764,235.5144500270783,48.32242084971141,10.456031821769912,261.95001220703125,384821.6,True,False,False,True,1,-0.09391107065142312
2020-08-19,239.8999938964844,248.3999938964844,237.6999969482422,245.1499938964844,728423,240.56092642076288,235.8923144925452,54.00158253710699,10.498457248284119,261.95001220703125,396593.4,True,False,True,True,2,-0.06413444370168231
2020-08-20,242.0,269.6499938964844,241.0,269.6499938964844,1845048,243.331313799403,237.21614505740558,66.46709413286081,11.794995580298423,261.95001220703125,419849.15,True,True,True,True,2,0.029394851424429325
2020-08-21,277.0,284.29998779296875,270.0,272.1000061035156,1972332,246.07118925693754,238.58413960823344,67.41798782292061,11.998924031454562,269.6499938964844,503873.0,True,True,True,True,2,0.009085897505978657
2020-08-24,276.0,295.6499938964844,273.0,287.20001220703125,1670613,249.98822001408934,240.49064441602943,72.57902739079958,12.824000014419862,284.29998779296875,588194.4,True,True,True,True,2,0.010200578749846256
2020-08-25,288.8999938964844,303.0,276.0,296.20001220703125,2434246,254.38934308008382,242.67532550587265,75.10971863754696,13.836571441961302,295.6499938964844,652974.8,True,True,True,True,2,0.0018603697679744347
2020-08-26,294.0,294.70001220703125,280.95001220703125,283.1000061035156,1005058,257.1236919394583,244.26060709793708,65.61708130976407,13.937530624678352,303.0,754330.55,True,False,True,True,2,-0.06567654751314977
2020-08-27,285.0,286.3999938964844,276.0,278.04998779296875,646974,259.11667249693545,245.58568085068345,62.345898753224446,13.684849429807354,303.0,766575.8,True,False,True,False,1,-0.08234327461066415
2020-08-28,280.79998779296875,287.6000061035156,272.0,275.6499938964844,673076,260.69127453498777,246.7646735191462,60.794741747464386,13.82164633507223,303.0,784171.5,True,False,True,False,1,-0.0902640465462562
2020-08-31,276.20001220703125,280.8500061035156,249.75,253.3000030517578,945583,259.98734391753726,247.02096095179766,48.654601938550044,15.055814889961045,303.0,790829.8,True,False,False,True,1,-0.16402639256845608
2020-09-01,259.0,266.8999938964844,248.1000061035156,263.5,803330,260.32188259205753,247.66719777721738,53.2434868158604,15.323255811604454,303.0,826433.85,True,False,True,False,1,-0.13036303630363033
2020-09-02,267.70001220703125,280.0,256.29998779296875,275.25,1190520,261.7436080594806,248.74887629575787,57.91014097259455,15.92159555413494,303.0,850613.55,True,False,True,True,2,-0.09158415841584155
2020-09-03,276.0,282.3999938964844,272.45001220703125,276.0,564150,263.1013596728634,249.81754781357128,58.196941298304885,15.495051706657668,303.0,898745.05,True,False,True,False,1,-0.08910891089108908
2020-09-04,264.25,274.8999938964844,263.0,265.3999938964844,467628,263.32027721797016,250.4286241305483,52.72834522324713,15.316833727610693,303.0,919493.8,True,False,True,False,1,-0.12409242938454002
2020-09-07,268.70001220703125,274.3999938964844,262.6499938964844,271.8999938964844,353589,264.1373930921144,251.27063863117326,55.49033422308214,15.062059889924214,303.0,865576.45,True,False,True,False,1,-0.10264028417001858
2020-09-08,272.6000061035156,273.0,260.3500061035156,262.6000061035156,262710,263.99097528367645,251.71492755165727,50.907282497149374,14.889769461821368,303.0,846336.35,True,False,True,False,1,-0.13333331318971742
2020-09-09,260.0,263.70001220703125,255.0500030517578,261.70001220703125,327102,263.77278832399594,252.10649949892684,50.472835310499036,14.444072297067944,303.0,848295.6,True,False,True,False,1,-0.1363035900758045
2020-09-10,265.6499938964844,279.04998779296875,265.0,272.1000061035156,921902,264.5658566839502,252.89055858145974,55.2277645404023,14.651636817701485,303.0,856658.7,True,False,True,True,2,-0.10198017787618607
2020-09-11,272.70001220703125,274.8999938964844,267.3500061035156,271.79998779296875,339682,265.25482155147574,253.63210482504834,55.06353018802531,14.144376173077719,303.0,891245.5,True,False,True,False,1,-0.10297033731693483
2020-09-14,276.8999938964844,277.79998779296875,265.1000061035156,268.1000061035156,458042,265.52579150881286,254.1994735026353,52.97141955723547,14.041205138533105,303.0,896073.1,True,False,True,False,1,-0.11518149800819921
2020-09-15,269.79998779296875,275.25,267.79998779296875,269.1499938964844,328834,265.87095364097206,254.78576842004114,53.511225979405204,13.570405643425831,303.0,902314.15,True,False,True,False,1,-0.11171619176077763
2020-09-16,267.0,272.8999938964844,265.3500061035156,267.70001220703125,391601,266.04514969488247,255.2922093528643,52.61310861905632,13.140375796964612,303.0,896942.1,True,False,True,False,1,-0.11650160987778468
2020-09-17,265.1000061035156,269.54998779296875,261.0,262.1000061035156,342094,265.6694217337999,255.55918177445847,49.18000121030078,12.812490939536337,303.0,880101.0,True,False,False,False,0,-0.13498347820621903
2020-09-18,264.0,265.45001220703125,256.0,257.95001220703125,238373,264.9342398741076,255.65293983063782,46.74567644071062,12.572313887214547,303.0,804953.3,True,False,False,False,0,-0.14867982769956678
2020-09-21,259.75,259.75,244.1499938964844,245.6000061035156,269836,263.09288427690836,255.25870713545658,40.345531342108146,12.788577616950336,303.0,718255.35,True,False,False,False,0,-0.18943892375077365
2020-09-22,245.6000061035156,252.1000061035156,231.6499938964844,246.6999969482422,406313,261.5316569122735,254.92307144184034,41.11880210479821,13.335822944813255,303.0,648216.5,True,False,False,False,0,-0.18580859092989377
2020-09-23,248.1000061035156,251.8999938964844,239.8999938964844,241.75,257617,259.6476895872951,254.4064804049054,38.68844323499728,13.240407020183738,294.70001220703125,546819.85,True,False,False,False,0,-0.17967427897435262
2020-09-24,237.1999969482422,244.1499938964844,233.5500030517578,234.8000030517578,603132,257.28124325057723,253.6375989400761,35.51449417506272,13.051805864793943,287.6000061035156,509447.8,True,False,False,True,1,-0.18358832382205703
2020-09-25,238.8999938964844,249.6000061035156,236.0,247.5500030517578,301204,256.35445846973727,253.3988696895538,44.508540129373294,13.176677092434216,287.6000061035156,507255.7,True,False,False,False,0,-0.13925591864327935
2020-09-28,249.6999969482422,254.8500061035156,249.0500030517578,251.1999969482422,274408,255.86355737245202,253.31263938597297,46.79625467845165,12.75691466095733,282.3999938964844,488662.1,True,False,False,False,0,-0.11048157798359848
2020-09-29,254.3999938964844,257.0,246.5,249.1499938964844,215649,255.22417037474082,253.14939838638517,45.65774380349345,12.595706470888949,282.3999938964844,455103.35,True,False,False,False,0,-0.11774079574586671
2020-09-30,249.5,250.8000030517578,240.0,241.8000030517578,240219,253.94567824874244,252.70432405953704,41.73703444654627,12.467441940951012,282.3999938964844,425719.3,True,False,False,False,0,-0.14376767607016583
2020-10-01,244.6499938964844,248.0,244.0,247.1999969482422,133130,253.30323241059955,252.48846809438822,45.443722883114624,12.019767298614669,282.3999938964844,378204.25,True,False,False,False,0,-0.12464588423874046
2020-10-05,249.5,259.3999938964844,248.0,257.3999938964844,330523,253.69340017116,252.68107694937237,51.695105632466785,12.032640845016633,279.04998779296875,356653.25,True,False,True,False,1,-0.07758464376836605
2020-10-06,260.0,263.79998779296875,258.20001220703125,259.8999938964844,332944,254.2845043354766,252.96417173161208,53.113204674291715,11.630308920121472,279.04998779296875,349798.0,True,False,True,False,1,-0.06862567544956155
2020-10-07,259.79998779296875,274.79998779296875,258.25,272.04998779296875,1002879,255.97645514095205,253.71263510656723,59.35791305090957,11.981714553896278,279.04998779296875,348765.75,True,False,True,True,2,-0.025085111292652673
2020-10-08,275.0,284.0,274.5,281.6000061035156,1200862,258.4167933278629,254.80625749860442,63.475635822797905,11.979450100548776,279.04998779296875,385774.2,True,True,True,True,2,0.00913821330262432
2020-10-09,283.79998779296875,291.8999938964844,280.20001220703125,290.0,888800,261.42471777282833,256.18640426336503,66.67397198290774,11.9594880711848,284.0,429462.2,True,True,True,True,2,0.021126760563380254
2020-10-12,294.95001220703125,295.0,282.3500061035156,293.25,1151262,264.455697032559,257.6398786059782,67.84711370980563,12.008809915849055,291.8999938964844,427807.1,True,True,True,True,2,0.004624892537662628
2020-10-13,293.0,299.5,290.20001220703125,296.70001220703125,599490,267.52658419203254,259.1716485511175,69.09098115256907,11.815322621357605,295.0,468386.1,True,True,True,True,2,0.005762753244173746
2020-10-14,298.5,299.29998779296875,291.1499938964844,294.6000061035156,499968,270.1050053264595,260.56099590611353,67.38220964749439,11.553513426723804,299.5,475458.5,True,False,True,True,2,-0.016360580622652332
2020-10-15,293.1499938964844,297.6000061035156,286.8999938964844,288.1000061035156,758273,271.81881492427436,261.6409570903254,62.25027201640413,11.49254905388862,299.5,484015.2,True,False,True,True,2,-0.03806341868609142
2020-10-16,289.25,292.70001220703125,285.8500061035156,290.3500061035156,213792,273.5836902746783,262.7668021496662,63.29245809874578,11.160938843147692,299.5,502348.8,True,False,True,False,1,-0.03055089781797793
2020-10-19,291.5,294.1000061035156,287.1000061035156,289.1000061035156,225685,275.0614346393295,263.7994768145231,62.264013894079056,10.86372892578,299.5,495933.7,True,False,True,False,1,-0.034724520522485425
2020-10-20,286.29998779296875,292.0,286.0,289.6499938964844,263102,276.450821235249,264.81322258244313,62.55233816305384,10.516319716795715,299.5,495299.3,True,False,True,False,1,-0.03288816729053634
2020-10-21,291.45001220703125,298.3999938964844,288.0,294.04998779296875,413938,278.12693233598424,265.9597623946206,64.86518500424711,10.50801072963062,299.5,494962.6,True,False,True,False,1,-0.018197035749687007
2020-10-22,292.5,294.3999938964844,289.5,293.54998779296875,148911,279.59579476045894,267.04173201808527,64.3785915606939,10.107438098691603,299.5,495343.85,True,False,True,False,1,-0.019866484831490006
2020-10-23,294.04998779296875,295.8999938964844,290.6499938964844,293.3500061035156,222696,280.90571965027385,268.0734290410433,64.17124350900943,9.760478234499345,299.5,489908.55,True,False,True,False,1,-0.020534203327159828
2020-10-26,293.3500061035156,293.3500061035156,284.0,287.54998779296875,131193,281.5385070924353,268.8372156587659,58.305883383336806,9.731158796571938,299.5,470886.75,True,False,True,False,1,-0.0398998738131261
2020-10-27,284.0,291.75,284.0,288.8999938964844,105493,282.2396010737733,269.62399127593136,59.239744253394605,9.589647453959657,299.5,462386.2,True,False,True,False,1,-0.03539234091324084
2020-10-28,288.0,290.75,284.6499938964844,286.04998779296875,168394,282.60249504703,270.2681480020897,56.3693272456176,9.340387357499369,299.5,453940.45,True,False,True,False,1,-0.04490822105853509
2020-10-29,286.0,290.0,280.25,288.70001220703125,121739,283.18321096703016,270.99096620620503,58.388324778125224,9.369645403392271,299.5,451577.7,True,False,True,False,1,-0.03606005940891066
2020-10-30,290.0,298.6499938964844,287.3500061035156,290.1499938964844,600428,283.84671410316867,271.7423006254317,59.492843205720746,9.507527002647734,299.5,445653.7,True,False,True,True,2,-0.031218718208733343
2020-11-02,291.79998779296875,296.8500061035156,286.0,287.20001220703125,217259,284.16607582734605,272.3484853933376,56.22309720126995,9.60341836699544,299.5,469018.6,True,False,True,False,1,-0.041068406654319656
2020-11-03,289.8999938964844,292.5,286.0,291.1000061035156,356483,284.8264501393622,273.083839146678,59.40000467986748,9.381745626495766,299.5,463355.4,True,False,True,False,1,-0.02804672419527332
2020-11-04,292.5,297.70001220703125,284.04998779296875,295.1499938964844,564069,285.8096447828976,273.94917854863115,62.44769350096944,9.686622682750533,299.5,464532.35,True,False,True,True,2,-0.014524227390703248
2020-11-05,298.20001220703125,304.8999938964844,293.5,299.29998779296875,886645,287.0944393552853,274.94332793076205,65.3204359701924,9.80900634087438,299.5,442591.85,True,False,True,True,2,-0.0006678203907554137
2020-11-06,299.70001220703125,299.8999938964844,289.3999938964844,291.8500061035156,598578,287.5473504741644,275.60633491792885,56.904555748529475,9.858363030811924,304.8999938964844,426881.0,True,False,True,True,2,-0.04280087915449193
2020-11-09,298.5,313.79998779296875,289.5,308.45001220703125,1226000,289.5380801630089,276.89432226259953,67.08169401097732,10.88990765668027,304.8999938964844,412369.9,True,True,True,True,2,0.011643221979703133
2020-11-10,312.0,318.6499938964844,308.45001220703125,314.79998779296875,859782,291.943976127767,278.380818950065,70.00020351803227,10.84062723044976,313.79998779296875,416106.8,True,True,True,True,2,0.003186743272468595
2020-11-11,315.20001220703125,324.5,311.29998779296875,319.20001220703125,625893,294.53978908769693,279.98157162680883,71.86180848803394,11.009154728777009,318.6499938964844,429121.4,True,True,True,True,2,0.0017260891921608845
2020-11-12,323.0,329.95001220703125,320.0,325.45001220703125,568197,297.4836198609669,281.76464772799403,74.30125218207249,10.990643676721508,324.5,435417.65,True,True,True,True,2,0.0029276185116524633
2020-11-13,327.1000061035156,333.79998779296875,323.1000061035156,331.79998779296875,424648,300.7518453783004,283.7268179266205,76.52776773330254,10.969882106202338,329.95001220703125,425913.85,True,True,True,False,1,0.005606835937247201
2020-11-14,334.8999938964844,344.3999938964844,332.79998779296875,340.3500061035156,348405,304.5230987807019,285.9473351100282,79.1474714019019,11.086319534581857,333.79998779296875,436456.65,True,True,True,False,1,0.019622584032595425
2020-11-17,339.29998779296875,373.3999938964844,339.29998779296875,368.6499938964844,2679615,310.6304221250621,289.19057663106565,85.08225453475413,12.730154289505698,344.3999938964844,442592.65,True,True,True,True,2,0.07041231251382873
2020-11-18,370.8999938964844,407.7000122070313,370.0,387.0499877929688,3577670,317.9084759981961,293.0282005981991,87.56107508844445,14.610144576722929,373.3999938964844,563418.3,True,True,True,True,2,0.03655595639958298
2020-11-19,380.0,385.0,370.2000122070313,375.7000122070313,819897,323.41243182760894,296.2702324259964,78.85661283556388,14.77013250595254,407.7000122070313,721604.9,True,False,True,True,2,-0.07848908276154354
2020-11-20,375.7000122070313,395.3999938964844,375.0,384.0,899668,329.1826764154557,299.7106154681142,80.39171630232681,15.1722654624191,407.7000122070313,755154.2,True,False,True,True,2,-0.05813100686147732
2020-11-23,385.6000061035156,389.6000061035156,375.0,379.6499938964844,806504,333.98908760412513,302.8454930535405,77.22703803707026,15.131389793925996,407.7000122070313,789002.8,True,False,True,True,2,-0.06880063151997906
2020-11-24,381.6000061035156,388.0,378.7000122070313,380.25,533615,338.39488878468467,305.880963914186,77.3594283283141,14.714861079571902,407.7000122070313,822768.35,True,False,True,False,1,-0.06732894624759567
2020-11-25,382.75,383.5,344.54998779296875,367.1499938964844,899730,341.1334702239037,308.28367097231535,68.05674374777138,16.445943302961854,407.7000122070313,844174.45,True,False,True,True,2,-0.09946042947370703
2020-11-26,369.0,369.0,357.1000061035156,364.25,275609,343.3350444882939,310.47842897340104,66.16003333368536,16.121232631070605,407.7000122070313,880741.25,True,False,True,False,1,-0.10657348762836749
2020-11-27,366.1000061035156,390.8999938964844,365.0499877929688,376.2999877929688,1160308,346.4745628982629,313.05966657416843,69.91229511550016,16.873287007171587,407.7000122070313,888434.75,True,False,True,True,2,-0.07701747234218248
2020-12-01,379.8500061035156,383.0,372.0499877929688,378.9500122070313,533772,349.56746283243126,315.6436016970258,70.68220942774019,16.450195950018703,407.7000122070313,916428.75,True,False,True,False,1,-0.0705175352935743
2020-12-02,380.0,433.8999938964844,375.6000061035156,419.2000122070313,4614719,356.1991342014408,319.7046374033006,79.33265832299908,19.439466795943705,407.7000122070313,932254.4,True,True,True,True,2,0.028207014117429763
2020-12-03,423.0,438.3500061035156,420.0,427.7999877929688,2475560,363.01826311491965,323.943670751915,80.64661305538868,19.418790160268035,433.8999938964844,1145166.2,True,False,True,True,2,-0.014058553098230342
2020-12-04,428.4500122070313,445.0,428.4500122070313,436.5499877929688,1430614,370.0212845128291,328.35960475352493,81.90699454461716,19.26030602075112,438.3500061035156,1240740.75,True,False,True,True,2,-0.004106349459298886
2020-12-07,439.5,444.8500061035156,426.6000061035156,440.0499877929688,803604,376.69068482522334,332.7396197746796,82.40071899691011,19.188141304983183,445.0,1267939.2,True,False,True,False,1,-0.011123622937148747
2020-12-08,435.9500122070313,439.7000122070313,415.1000061035156,431.8999938964844,956906,381.9487142605815,336.62826189710336,77.12316495930664,19.599701332445328,445.0,1278190.5,True,False,True,False,1,-0.029438215962956482
2020-12-09,432.6499938964844,435.0,425.1000061035156,426.5499877929688,336825,386.1964545969993,340.1546040890981,73.78247196414253,18.906865087019547,445.0,1264735.8,True,False,True,False,1,-0.04146070158883419
2020-12-10,425.0,435.9500122070313,415.0,430.25,550671,390.392030349666,343.6877568699178,74.60185557667424,19.052804167020387,445.0,1238587.95,True,False,True,False,1,-0.03314606741573034
2020-12-11,432.3999938964844,432.3999938964844,416.0,425.0499877929688,391528,393.69278820140914,346.87843259239037,71.23240544804342,18.863317719124957,445.0,1234826.85,True,False,True,False,1,-0.044831488105688044
2020-12-14,426.5,432.7999877929688,418.7000122070313,425.25,281810,396.6982369441321,349.9518273926888,71.28612569742674,18.523078995325854,445.0,1225993.4,True,False,True,False,1,-0.04438202247191014
2020-12-15,425.0,432.5,416.0,431.1000061035156,603323,399.9745959116924,353.13410891076046,72.88122955836113,18.378573352802576,445.0,1218851.5,True,False,True,False,1,-0.031235941340414297
2020-12-16,434.8999938964844,435.1499938964844,425.2999877929688,431.6499938964844,342088,402.99130048167257,356.21316322392613,73.03290412581171,17.769389977853503,445.0,1231597.4,True,False,True,False,1,-0.03000001371576544
2020-12-17,432.0,441.8999938964844,424.1499938964844,429.3500061035156,709430,405.50165339803857,359.08127470940025,71.23852240203033,17.768004979435396,445.0,1114721.05,True,False,True,False,1,-0.03516852561007722
2020-12-18,427.0,429.0,420.75,424.8500061035156,288795,407.34435365570306,361.6604406464244,67.73211349996981,17.113147916869696,445.0,971309.05,True,False,True,False,1,-0.045280885160638995
2020-12-21,425.0,434.8500061035156,381.5499877929688,395.75,710255,406.2401294980171,362.99728611127045,50.44178176465874,19.69792437356092,445.0,944753.95,True,False,True,False,1,-0.11067415730337082
2020-12-22,395.1000061035156,411.8999938964844,381.8999938964844,408.2999877929688,605872,406.4363064784887,364.7738626478077,55.69468535683572,20.43378691830657,445.0,935283.3,True,False,True,False,1,-0.08247193754389037
2020-12-23,411.2999877929688,429.8999938964844,406.0,427.9500122070313,532916,408.485230833588,367.2513587089537,62.41254783392755,20.681373131033556,445.0,925251.7,True,False,True,False,1,-0.03831457931004201
2020-12-24,430.0,435.0,425.6499938964844,428.1000061035156,401346,410.3533046688192,369.63758017540715,62.459339915432835,19.871989771925133,445.0,925216.75,True,False,True,False,1,-0.03797751437412222
2020-12-28,430.7000122070313,455.1499938964844,430.1000061035156,433.6499938964844,1752252,412.5720369762159,372.1478709095671,64.23356320791052,20.38470391628539,445.0,900297.55,True,False,True,True,2,-0.025505631693293562
2020-12-29,437.7999877929688,440.9500122070313,422.2999877929688,429.1499938964844,613612,414.1508900162414,374.3832482816031,61.6878404335864,20.260798237555186,455.1499938964844,974129.7,True,False,True,False,1,-0.05712402581271536
2020-12-30,432.6499938964844,447.3999938964844,425.0,436.2000122070313,1324653,416.25080641536425,376.8074351022081,64.08909320938285,20.413597927478698,455.1499938964844,946794.9,True,False,True,True,2,-0.04163458627610772
2020-12-31,439.3999938964844,442.5,432.0499877929688,437.5,404280,418.2745391377105,379.18753568643524,64.5305512171565,19.70191323316102,455.1499938964844,986338.95,True,False,True,False,1,-0.03877841180527086
2021-01-01,438.8999938964844,440.9500122070313,431.0,434.25,244567,419.7960116007857,381.3468480124574,62.46319187741136,19.005348874151753,455.1499938964844,775817.0,True,False,True,False,1,-0.0459189150318603
2021-01-04,437.25,445.4500122070313,435.1000061035156,441.2000122070313,454470,421.8344878489995,383.6940309220485,65.04235965994826,18.447824826500295,455.1499938964844,664267.35,True,False,True,False,1,-0.030649196696739378
2021-01-05,441.0,443.8999938964844,436.0,437.9500122070313,399092,423.3692996926216,385.82171646263606,62.867017441087924,17.694408331499158,455.1499938964844,615460.15,True,False,True,False,1,-0.03778969992332881
2021-01-06,441.0,459.7999877929688,437.7000122070313,454.25,1594908,426.31031876951477,388.50517856214054,68.54849542059279,18.009091706816186,455.1499938964844,595234.55,True,False,True,True,2,-0.001977356714386924
2021-01-07,457.0,462.2999877929688,451.6000061035156,454.6499938964844,1368304,429.00933544827376,391.09909288897757,68.67515591556622,17.48701241986169,459.7999877929688,627134.65,True,False,True,True,2,-0.011200508989146152
2021-01-08,456.7000122070313,460.0,452.5,454.75,354700,431.4608273103429,393.59520689333135,68.70908528894029,16.773654389871567,462.2999877929688,678708.6,True,False,True,False,1,-0.01633136057176343
2021-01-11,458.6000061035156,464.3999938964844,441.0,448.2999877929688,528940,433.0645568801168,395.7404924188074,63.90160614781037,17.246964354629625,462.2999877929688,668910.05,True,False,True,False,1,-0.030283366579428983
2021-01-12,449.7000122070313,457.8999938964844,447.1499938964844,450.0,322823,434.67745622486757,397.8683162455208,64.6045598866027,16.78289547215608,464.3999938964844,675780.65,True,False,True,False,1,-0.03100773920271449
2021-01-13,450.0,454.1499938964844,441.5,446.8500061035156,290357,435.8367466895007,399.7891668281873,62.18805222431663,16.48768821675096,464.3999938964844,677831.3,True,False,True,False,1,-0.037790671885496785
2021-01-14,449.1000061035156,455.0,432.9500122070313,443.4500122070313,426825,436.5618195959322,401.501356843044,59.59684936729549,16.88499532933794,464.3999938964844,662183.0,True,False,True,False,1,-0.04511193360205523
2021-01-15,445.9500122070313,447.8999938964844,428.0,432.8500061035156,265713,436.2083135490354,402.7307156375723,52.28268075057344,17.100352369848398,464.3999938964844,666419.85,True,False,True,False,1,-0.06793709777696788
2021-01-18,433.3999938964844,433.3999938964844,397.1499938964844,406.1000061035156,526937,433.3408556970811,402.86284467545244,39.20602176908354,18.468184343430657,464.3999938964844,644234.0,True,False,False,False,0,-0.12553830439102875
2021-01-19,410.0,423.3999938964844,406.0,418.1000061035156,435407,431.8893462119796,403.4603804177295,45.75994318130954,18.391885025791638,464.3999938964844,656141.1,True,False,False,False,0,-0.09969851076976777
2021-01-20,421.7000122070313,458.0,418.1000061035156,455.2000122070313,2495792,434.1094096400798,405.4893855859374,60.08640460655884,19.928178516555406,464.3999938964844,642398.7,True,False,True,True,2,-0.01981046901457062
2021-01-21,458.3500061035156,478.0,448.0,471.6499938964844,1905251,437.684703378785,408.08391924517457,64.55663463700631,20.647594336801447,464.3999938964844,736894.7,True,True,True,True,2,0.015611541979511756
2021-01-22,475.1000061035156,486.0,462.6499938964844,477.2000122070313,1428525,441.4480661243323,410.7943542632866,65.9425442363437,20.840623748709604,478.0,805511.45,True,False,True,True,2,-0.001673614629641662
2021-01-25,486.0,489.3999938964844,465.0,471.6000061035156,732208,444.3196794556831,413.1788896295701,63.25489339931302,21.094864473550658,486.0,856870.4,True,False,True,False,1,-0.02962961707095546
2021-01-27,468.3500061035156,487.4500122070313,461.0,464.0499877929688,600672,446.1987564401865,415.1738346555858,59.72080822358023,21.47737502594213,489.3999938964844,805868.2,True,False,True,False,1,-0.05179813326454086
2021-01-28,458.0,475.8500061035156,448.3500061035156,459.2999877929688,522871,447.4464927594991,416.9042720335224,57.542584245593815,21.907562524089123,489.3999938964844,805221.2,True,False,True,False,1,-0.06150389554332969
2021-01-29,463.8999938964844,473.1000061035156,453.0,460.1499938964844,336323,448.65635001064055,418.600182694815,57.838931958532804,21.778451351191016,489.3999938964844,765132.1,True,False,True,False,1,-0.059767062453594644
2021-02-01,465.5499877929688,492.0,456.8999938964844,481.5,633491,451.7843166762938,421.0668421969791,64.53485438225708,22.72999097635706,489.3999938964844,761734.25,True,False,True,False,1,-0.016142202686981078
2021-02-02,488.2999877929688,498.7000122070313,472.5,491.3500061035156,790371,455.55247757412445,423.82304470311783,67.1286709095294,22.977849635690934,492.0,781180.45,True,False,True,True,2,-0.001321125805862522
2021-02-03,494.5,511.7000122070313,482.25,504.7000122070313,721495,460.2331951582108,426.99469048758505,70.29922347503934,23.44014696221525,498.7000122070313,797975.5,True,True,True,False,1,0.012031281036963604
2021-02-04,505.8999938964844,525.0,503.1499938964844,516.2000122070312,854581,465.56336821047944,430.4929383981516,72.7385384848184,23.326565472308133,511.7000122070313,814095.65,True,True,True,True,2,0.008794215150769391
2021-02-05,531.0,544.9500122070312,517.5499877929688,529.25,1328135,471.62876171424335,434.3657643433221,75.22515065430615,23.71395365285755,525.0,777079.3,True,True,True,True,2,0.008095238095238155
2021-02-08,530.25,590.0,530.25,571.5499877929688,1235134,481.1450689598363,439.7455378119357,81.20840414938712,26.3593855347963,544.9500122070312,775070.85,True,True,True,True,2,0.048811771703992424
2021-02-09,570.0,583.75,561.0,567.2000122070312,705297,489.3407778405215,444.7437524940963,79.0929889060024,26.10157228231085,590.0,819092.55,True,False,True,False,1,-0.03864404710672664
2021-02-10,565.6500244140625,572.7999877929688,556.0999755859375,564.4500122070312,380597,496.4940382563796,449.4381156200938,77.71473702823373,25.43003227693374,590.0,827910.4,True,False,True,False,1,-0.043305064055879194
2021-02-11,564.0,592.9000244140625,559.2999877929688,589.0499877929688,682583,505.3088905931976,454.91309099942225,80.91805411704495,26.01360401580231,590.0,830799.1,True,False,True,False,1,-0.0016101901814088437
2021-02-12,593.5,632.9000244140625,589.1500244140625,627.5499877929688,2414639,516.9508998503186,461.6831653834829,84.6394072179631,27.28763491618027,592.9000244140625,850410.4,True,True,True,True,2,0.058441494269036776
2021-02-15,629.0999755859375,706.0,629.0999755859375,682.8499755859375,5279347,532.7508118251394,470.3563736267164,88.19928779166989,30.94209043695534,632.9000244140625,949801.1,True,True,True,True,2,0.07892234040932222
2021-02-16,690.0,787.7000122070312,689.0,763.5499877929688,4652336,554.7316857268374,481.85416241754984,91.34983021989834,36.22122945010808,706.0,1200482.8,True,True,True,True,2,0.08151556344613131
2021-02-17,767.0,820.0,712.0,756.25,5757036,573.9239061338053,492.6147834992146,89.03421048430705,41.34828448938608,787.7000122070312,1406752.75,True,False,True,True,2,-0.03992638278487837
2021-02-18,768.0,798.9000244140625,720.0,786.2000122070312,2664007,594.1406781407792,504.12792972305056,90.13868084488708,44.03055162686297,820.0,1672834.2,True,False,True,True,2,-0.0412194973084985
2021-02-19,790.0,792.0,720.0,770.1500244140625,1763347,610.9034730239491,514.5601687305412,85.18702989674352,46.02836936780133,820.0,1681244.95,True,False,True,True,2,-0.06079265315358229
2021-02-22,770.0,776.4500122070312,745.0,759.5,952152,625.0555232121445,524.1656523097357,81.96929254465725,44.98705814203204,820.0,1674149.75,True,False,True,False,1,-0.073780487804878
2021-02-23,762.0,766.9500122070312,721.0,734.5,812740,635.4788067157498,532.4140581015108,74.82441884028889,45.05584057524627,820.0,1650331.1,True,False,True,False,1,-0.10426829268292681
2021-02-24,740.0,758.9000244140625,687.0,743.75,727244,645.7903489332974,540.70174209753,75.66946688661011,46.97328227801886,820.0,1654357.7,True,False,True,False,1,-0.09298780487804881
2021-02-25,749.9000244140625,758.0,735.5,739.5999755859375,505499,654.7245990906918,548.5016728225656,74.46184960515563,45.22519068673179,820.0,1660686.3,True,False,True,False,1,-0.09804881026105183
2021-02-26,734.0,769.8499755859375,721.0,750.0,825368,663.7984467963402,556.4035680059944,75.51636501791698,45.48410389381791,820.0,1659817.7,True,False,True,False,1,-0.08536585365853655
2021-03-01,757.7000122070312,768.0,736.9000244140625,758.0499877929688,391954,672.7747840341143,564.3112707427385,76.33104695255633,44.45666615754074,820.0,1684269.95,True,False,True,False,1,-0.07554879537442838
2021-03-02,763.0,797.4000244140625,753.5499877929688,781.0499877929688,762353,683.0867082016243,572.8108282741201,78.52929085084175,44.41333547636596,820.0,1672193.1,True,False,True,False,1,-0.047500014886623476
2021-03-03,788.8499755859375,852.5499877929688,782.25,828.0,1454549,696.8879740871839,582.8182467731743,82.16968495206143,46.3480972280541,820.0,1670792.2,True,True,True,False,1,0.009756097560975618
2021-03-04,823.9000244140625,854.9500122070312,805.4000244140625,834.25,893475,709.9700717931664,592.6783155271676,82.59280138140373,46.576803696976576,852.5499877929688,1707444.9,True,False,True,False,1,-0.021465002703645153
2021-03-05,837.0,853.0,755.0,813.6500244140625,863616,719.8443529951566,601.3438727384184,76.17638412788202,50.24988914719253,854.9500122070312,1709389.6,True,False,True,False,1,-0.048306903565453974
2021-03-08,816.0,827.4000244140625,776.0999755859375,793.9000244140625,774750,726.8972740826714,608.8950943727575,70.51989284014006,50.324900552973425,854.9500122070312,1686163.65,True,False,True,False,1,-0.07140766936229381
2021-03-09,801.0999755859375,801.0999755859375,740.2999877929688,757.6500244140625,1296110,729.8261074475657,614.728621041044,61.49409182433336,51.07312107011595,854.9500122070312,1663144.45,True,False,True,False,1,-0.1138078091159872
2021-03-10,740.0,765.0,730.5499877929688,733.0499877929688,662901,730.1331436709374,619.3686746391587,56.23408652213638,49.88575615132419,854.9500122070312,1692685.1,True,False,True,False,1,-0.14258146403130723
2021-03-12,737.0,785.5,734.5,773.7000122070312,1537523,734.2823692458035,625.420883955546,62.015903395933464,50.06891729816041,854.9500122070312,1706800.3,True,False,True,False,1,-0.09503479599965758
2021-03-15,780.9000244140625,791.5999755859375,761.1500244140625,778.4000244140625,722373,738.4840506903995,631.4200659343113,62.63060905730989,48.66756257485431,854.9500122070312,1749547.3,True,False,True,False,1,-0.0895373842914593
2021-03-16,782.2999877929688,792.7999877929688,762.0,780.2999877929688,469636,742.4665208906442,637.2584942424941,62.89204384338148,47.39130723329105,854.9500122070312,1664934.0,True,False,True,False,1,-0.0873150749730448
2021-03-17,780.2999877929688,789.9500122070312,736.0999755859375,742.7999877929688,505377,742.4982796432466,641.3973763425128,54.75050981535764,47.852645046705526,854.9500122070312,1424448.45,True,False,True,False,1,-0.13117728851134836
2021-03-18,750.25,785.0,745.0,771.2000122070312,901859,745.2317779826548,646.4876757881801,59.071726892142,47.448885558157365,854.9500122070312,1217100.5,True,False,True,False,1,-0.0979589435688778
2021-03-19,771.0,772.0,714.0,767.7999877929688,819318,747.3811312979227,651.2450213569954,58.353262022728956,48.20253658971755,854.9500122070312,974341.65,True,False,True,False,1,-0.10193581281914599
2021-03-22,767.7999877929688,807.0,758.1500244140625,792.1500244140625,1802300,751.6448354042218,656.7707077513902,61.924913212537184,48.24878223230469,854.9500122070312,882107.2,True,False,True,True,2,-0.07345457266074795
2021-03-23,799.2999877929688,860.0,790.0,847.5,3050761,760.7738986990578,664.250287839571,68.53136728498895,49.80244064428293,854.9500122070312,884054.85,True,False,True,True,2,-0.0087139740343406
2021-03-24,859.4000244140625,889.75,853.0,864.5499877929688,2795118,770.6573357556208,672.1051780338219,70.24410871694529,49.26298059826273,860.0,988985.3,True,True,True,True,2,0.005290683480196234
2021-03-25,875.0,883.7000122070312,821.0499877929688,834.7000122070312,1218113,776.7566382748028,678.4814460406144,63.70672740312832,50.219198013676994,889.75,1088104.2,True,False,True,True,2,-0.06187129844671957
2021-03-26,850.5,884.0,844.0,870.5999755859375,1472044,785.6940989711013,686.015506022784,67.61088789508963,50.153540140769266,889.75,1112647.65,True,False,True,True,2,-0.021522927130163017
2021-03-30,896.0,918.0,845.3499755859375,877.5499877929688,1514204,794.4422788588982,693.5266621706345,68.32135563891818,51.76043187457593,889.75,1160974.9,True,False,True,True,2,-0.013711730493994101
2021-03-31,887.0,920.0,870.0999755859375,908.4000244140624,1219884,805.2953974831996,701.9530685331218,71.32784992959246,51.6275456273964,918.0,1195416.7,True,False,True,True,2,-0.010457489745030135
2021-04-01,923.0,999.2000122070312,917.0499877929688,999.2000122070312,2213099,823.762503647374,713.6098114222948,77.95842514610074,54.42557721065158,920.0,1236813.2,True,True,True,True,2,0.08608696979025132
2021-04-05,1008.0,1099.0999755859375,1000.0,1095.1500244140625,3267413,849.6089341965825,728.5721727160897,82.55057450766826,57.6737476512412,999.2000122070312,1309350.5,True,True,True,True,2,0.09602683250082933
2021-04-06,1110.0,1144.699951171875,1100.0,1110.6500244140625,1910242,874.4699904077711,743.5556178807161,83.1609028439619,57.09347473028201,1099.0999755859375,1399993.7,True,True,True,True,2,0.010508642602750973
2021-04-07,1114.5,1120.699951171875,1055.1500244140625,1055.1500244140625,1964534,891.6776126940846,755.7750063722199,73.27765007116568,57.697507017962764,1144.699951171875,1450832.05,True,False,True,True,2,-0.07823004331059569
2021-04-08,1063.0,1075.0,1002.4000244140624,1002.4000244140624,735982,902.2226042864635,765.4465757071941,65.330509145635,58.7619690585324,1144.699951171875,1505877.95,True,False,True,False,1,-0.12431198814338595
2021-04-09,965.5999755859376,1024.0,952.5499877929688,973.5499877929688,2893544,909.0156884299402,773.607493828205,61.407923956229,59.66825785485375,1144.699951171875,1503939.55,True,False,True,True,2,-0.1495151311954659
2021-04-12,949.2000122070312,949.2000122070312,924.9000244140624,924.9000244140624,451486,910.5284823331899,779.5405342433367,55.37045054638264,58.88123682085751,1144.699951171875,1583811.25,True,False,True,False,1,-0.19201531941430994
2021-04-13,897.0999755859375,913.7000122070312,878.7000122070312,899.25,2133962,909.4543411586004,784.2350230965392,52.44288045394342,57.97543506272706,1144.699951171875,1573240.5,True,False,True,True,2,-0.21442295941447198
2021-04-15,889.9000244140625,944.2000122070312,860.0999755859375,944.1500244140624,1477107,912.7586919448349,790.5061996187951,56.7533555289032,59.84147803118182,1144.699951171875,1603062.45,True,False,True,False,1,-0.17519868551798368
2021-04-16,960.0,991.3499755859376,954.5,991.3499755859376,1065010,920.2435761011304,798.3824261273106,60.77792826772102,58.93851182694564,1144.699951171875,1640799.15,True,False,True,False,1,-0.1339652154513914
2021-04-19,954.9000244140624,1038.0,942.2000122070312,1012.5999755859376,1713716,929.0394236711121,806.7831143413745,62.471227804718346,61.5714743959473,1144.699951171875,1670567.85,True,False,True,True,2,-0.1154013988125896
2021-04-20,1035.0,1052.699951171875,1015.0999755859376,1020.7000122070312,725372,937.7690035316758,815.1720122968904,63.12473613513529,60.03779590951802,1144.699951171875,1730984.8,True,False,True,False,1,-0.10832527671369263
2021-04-22,1024.6500244140625,1061.5,981.2000122070312,1050.699951171875,805754,948.5243318783614,824.4084020566938,65.51958096438543,61.4850953297645,1144.699951171875,1722160.45,True,False,True,False,1,-0.08211758889634657
2021-04-23,1060.0,1082.0,1052.1500244140625,1065.449951171875,903003,959.6601051444103,833.8610118259166,66.6658535710674,59.32902057964739,1144.699951171875,1721482.25,True,False,True,False,1,-0.06923211617059
2021-04-26,1070.0,1078.949951171875,1042.199951171875,1055.199951171875,520738,968.759138099407,842.5409702316405,65.04753960747279,57.716233395386865,1144.699951171875,1676517.4,True,False,True,False,1,-0.07818642772577677
2021-04-27,1054.0,1064.800048828125,1035.0,1044.0999755859375,392365,975.934455955267,850.4452449514168,63.25673200109001,55.722220212011024,1144.699951171875,1550016.25,True,False,True,False,1,-0.08788327061860124
2021-04-28,1049.0,1065.0,1046.25,1056.550048828125,942307,983.6121314669678,858.5277862799152,64.43929156982492,53.23492051215756,1144.699951171875,1429878.6,True,False,True,False,1,-0.07700699406294853
2021-04-29,1065.4000244140625,1065.449951171875,1033.300048828125,1050.1500244140625,335442,989.9490736524053,866.0423838538034,63.311261642576994,51.72884778584274,1144.699951171875,1416088.3,True,False,True,False,1,-0.08259800016678431
2021-04-30,1048.0,1060.0,1035.199951171875,1049.9000244140625,439220,995.6586880106584,873.2524874051861,63.26467362851153,49.805362146005756,1144.699951171875,1359258.2,True,False,True,False,1,-0.08281639800959373
2021-05-03,1020.0,1095.0,1017.0,1066.0,1266237,1002.3578605810718,880.8112133892964,65.04840762141062,51.819264849862485,1144.699951171875,1305509.0,True,False,True,False,1,-0.06875159826058064
2021-05-04,1090.0,1095.0,1053.050048828125,1065.3499755859375,754879,1008.3571096291543,888.0480275930863,64.9113648724686,51.11431387286338,1144.699951171875,1307826.65,True,False,True,False,1,-0.06931945397979944
2021-05-05,1082.199951171875,1104.949951171875,1065.800048828125,1088.199951171875,481259,1015.96118977608,895.8971226353917,67.50316337348906,50.29186113808296,1144.699951171875,1234915.65,True,False,True,False,1,-0.04935791247493171
2021-05-06,1097.0,1139.0,1096.800048828125,1126.5,1166956,1026.4886955116915,904.9403727281215,71.32627629451568,50.32816025880025,1144.699951171875,1095607.95,True,False,True,True,2,-0.01589932030069796
2021-05-07,1163.0,1182.800048828125,1133.0,1176.4000244140625,1461933,1040.7659649309649,915.5858492648251,75.38879224391555,50.75472372803774,1139.0,1058443.65,True,True,True,True,2,0.03283584233016912
2021-05-10,1199.0,1199.0,1140.75,1163.550048828125,687558,1052.4596872068848,925.3099355222095,72.53864908892228,51.29010060460647,1182.800048828125,1033313.6,True,False,True,False,1,-0.016274940146538075
2021-05-11,1166.75,1216.0,1145.0,1197.300048828125,1018401,1066.2540073612886,935.9762144753827,75.1915204670214,52.69795056142029,1199.0,1030892.4,True,False,True,False,1,-0.0014178074827981835
2021-05-12,1210.0,1222.0,1167.199951171875,1203.550048828125,949524,1079.3298208343206,946.4693060186275,75.66043959655076,52.84810043761349,1216.0,937135.25,True,False,True,True,2,-0.010238446687397151
2021-05-14,1225.0,1230.0,1143.4000244140625,1143.4000244140625,548122,1085.4317449847722,954.1920792890368,63.26643532582454,55.25894866249378,1222.0,962037.15,True,False,True,False,1,-0.06432076561860678
2021-05-17,1096.0,1200.550048828125,1096.0,1200.3499755859375,2138578,1096.3763383753594,963.8453301242093,68.52379176564278,58.77974153146744,1230.0,882745.15,True,False,True,True,2,-0.024105710905741873
2021-05-18,1210.0,1260.3499755859375,1210.0,1260.3499755859375,1736873,1111.9928752525573,975.4729632795712,72.9210219062197,58.86690285064834,1230.0,915818.7,True,True,True,True,2,0.02467477689913622
2021-05-19,1269.949951171875,1323.3499755859375,1260.0,1323.3499755859375,2406352,1132.1221229033554,989.1151990562915,76.61510156913215,59.187122331740426,1260.3499755859375,949411.85,True,True,True,True,2,0.04998611593633839
2021-05-20,1338.0,1389.5,1326.050048828125,1385.75,1916946,1156.2771588173214,1004.6695049756527,79.58566073837305,59.684472480477716,1323.3499755859375,984043.65,True,True,True,True,2,0.04715307784430478
2021-05-21,1444.0,1455.0,1415.050048828125,1453.8499755859375,4156347,1184.617427080999,1022.2844253917424,82.23753450243416,60.36772444615788,1389.5,1043622.35,True,True,True,True,2,0.04631160531553613
2021-05-24,1464.0,1526.5,1453.949951171875,1526.5,3473556,1217.177672120904,1042.0575851803014,84.54419020301964,61.2450315867225,1455.0,1211152.0,True,True,True,True,2,0.049140893470790425
2021-05-25,1569.9000244140625,1590.0,1450.199951171875,1450.199951171875,2005421,1239.3702701257582,1058.0631681603631,73.71688807162221,66.85610424682267,1526.5,1339679.65,True,False,True,True,2,-0.049983654653209975
2021-05-26,1415.0,1421.199951171875,1377.699951171875,1392.550048828125,2040422,1253.9588204783645,1071.1803007355695,66.76005451094188,67.2592396577639,1590.0,1413913.8,True,False,True,True,2,-0.12418235922759435
2021-05-27,1430.0,1462.1500244140625,1360.0,1439.800048828125,30440408,1271.6579850831035,1085.635977131356,69.31596157338618,69.75143856892808,1590.0,1496316.65,True,False,True,True,2,-0.09446537809551891
2021-05-28,1421.9000244140625,1469.949951171875,1413.25,1444.9000244140625,822133,1288.1572269241474,1099.7247632993053,69.58778307190047,68.81918946913858,1590.0,2971221.7,True,False,True,False,1,-0.09125784628046385
2021-05-31,1454.0,1493.0,1440.4000244140625,1473.5999755859375,464776,1305.818441082413,1114.3865363301536,71.13733270566567,67.66067419176707,1590.0,2995556.25,True,False,True,False,1,-0.07320756252456762
2021-06-01,1489.9000244140625,1515.0,1475.0,1499.449951171875,1543382,1324.2595372814094,1129.4870624023781,72.49660773235367,65.7849134933596,1590.0,2996834.05,True,False,True,False,1,-0.05694971624410372
2021-06-02,1501.0,1574.0,1500.949951171875,1558.25,1602906,1346.5443432546085,1146.3012952493436,75.34134693589837,66.41099458869998,1590.0,3010691.3,True,False,True,False,1,-0.01996855345911952
2021-06-03,1581.300048828125,1630.0,1540.0,1577.9000244140625,1519353,1368.5782176507469,1163.2267356087445,76.22630555287452,68.09592354664998,1590.0,3053092.65,True,False,True,False,1,-0.007610047538325504
2021-06-04,1624.0,1625.0,1586.050048828125,1602.050048828125,923526,1390.8136301438306,1180.4354929898968,77.30434699932312,66.59621297802767,1630.0,3104997.35,True,False,True,False,1,-0.017147209307898814
2021-06-07,1616.9000244140625,1644.949951171875,1552.5999755859375,1589.449951171875,632473,1409.7313750036444,1196.4752756637,75.38365816970045,68.43576745002123,1630.0,3092825.85,True,False,True,False,1,-0.02487733056940189
2021-06-08,1595.0,1609.0,1574.0,1592.5999755859375,790597,1427.147432201958,1212.0095776214348,75.54722900343766,66.0474983464483,1644.949951171875,3051352.85,True,False,True,False,1,-0.031824661624898054
2021-06-09,1585.0,1635.0,1513.0,1571.5,227588,1440.8952958017717,1226.1072412441235,72.09165600786773,70.04410560741627,1644.949951171875,3056504.8,True,False,True,False,1,-0.0446517847667941
2021-06-10,1597.0999755859375,1609.800048828125,1570.0,1589.9000244140625,143589,1455.0862223362756,1240.3736248978469,73.24110787622772,67.8838158374669,1644.949951171875,3016964.15,True,False,True,False,1,-0.03346601926617554
2021-06-11,1575.0,1640.0,1540.0,1602.5999755859375,184010,1469.135151217196,1254.5785798267916,74.03597951514851,70.17782899193355,1644.949951171875,2976667.4,True,False,True,False,1,-0.025745449310337398
2021-06-14,1522.5,1522.5,1522.5,1522.5,89006,1474.2175177679392,1265.0853021865253,61.606083656682124,70.88655374864811,1644.949951171875,2958461.8,True,False,True,False,1,-0.07443992510814124
2021-06-15,1446.4000244140625,1466.5,1446.4000244140625,1446.4000244140625,179102,1471.5682326866176,1272.1956834503503,52.57498408813439,71.25894102274022,1644.949951171875,2855983.2,True,False,True,False,1,-0.12070271598012083
2021-06-16,1374.0999755859375,1374.0999755859375,1374.0999755859375,1374.0999755859375,70308,1462.285541534172,1276.1919302007655,45.71786452466559,71.333305865982,1644.949951171875,2778094.65,True,False,False,False,0,-0.1646554506980482
2021-06-17,1305.4000244140625,1305.4000244140625,1305.4000244140625,1305.4000244140625,34906,1447.344063713209,1277.3373456601105,40.33463142041675,71.1452091021172,1644.949951171875,2661292.45,True,False,False,False,0,-0.20641960961542605
2021-06-18,1240.1500244140625,1240.1500244140625,1240.1500244140625,1240.1500244140625,184482,1427.6112980656712,1275.879019336736,35.99896344608436,70.72412273768028,1644.949951171875,2567190.45,True,False,False,False,0,-0.24608646996793426
2021-06-21,1178.1500244140625,1302.1500244140625,1178.1500244140625,1302.1500244140625,850411,1415.6626053369464,1276.9092548299645,42.34115979230203,74.5295425421317,1644.949951171875,2368597.2,True,False,False,False,0,-0.20839535361765826
2021-06-22,1261.0,1367.25,1261.0,1367.25,307614,1411.051881019142,1280.452029150358,48.15103238003358,76.795289503408,1644.949951171875,2237439.95,True,False,False,False,0,-0.16881969629169535
2021-06-23,1403.0,1409.0,1298.9000244140625,1321.449951171875,343449,1402.5183638908309,1282.0597907982606,44.735760157452454,79.17419565216011,1644.949951171875,2152549.6,True,False,False,False,0,-0.196662518376037
2021-06-24,1291.0,1295.050048828125,1255.4000244140625,1255.6500244140625,304737,1388.5309029882815,1281.0241136851548,40.31193897944329,78.23674787399243,1644.949951171875,2067700.95,True,False,False,False,0,-0.2366636908803652
2021-06-25,1231.6500244140625,1237.9000244140625,1192.9000244140625,1192.9000244140625,284591,1369.899390743118,1277.5682670470728,36.59537240733876,77.1305515972787,1644.949951171875,560917.4,True,False,False,False,0,-0.27481074815423334
2021-06-28,1134.0,1200.0,1133.300048828125,1159.0,202876,1349.8137344818686,1272.9185310844425,34.732369204365014,76.38550870974986,1644.949951171875,534040.3,True,False,False,False,0,-0.29541929274242085
2021-06-29,1164.0999755859375,1199.800048828125,1101.050048828125,1115.199951171875,334173,1327.4695646428215,1266.73348873493,32.43485276091309,77.98297237333915,1644.949951171875,520945.3,True,False,False,False,0,-0.3220462723638503
2021-06-30,1069.0,1120.0,1059.449951171875,1059.449951171875,209198,1301.943887169398,1258.6047225559869,29.738377444214564,76.73776354868099,1644.949951171875,460484.85,True,False,False,False,0,-0.355937881017526
2021-07-01,1006.5,1006.5,1006.5,1006.5,50565,1273.806374105646,1248.718262847909,27.4077973711572,75.03863409319484,1644.949951171875,390799.45,True,False,False,False,0,-0.38812728053947076
2021-07-02,956.2000122070312,956.2000122070312,956.2000122070312,956.2000122070312,75189,1243.558149162921,1237.246958901208,25.373501308231127,73.27158792889297,1644.949951171875,317360.05,True,False,False,False,0,-0.41870571106079735
2021-07-05,908.4000244140624,908.4000244140624,908.4000244140624,908.4000244140624,51017,1211.6383277582677,1224.3510006860258,23.58219889457763,71.45218791918411,1644.949951171875,274943.2,False,False,False,False,0,-0.44776433850348385
2021-07-06,863.0,953.7999877929688,863.0,953.7999877929688,354633,1187.08229538062,1213.741157043161,28.728738919217534,72.83417362445445,1640.0,245870.4,False,False,False,True,1,-0.41841464158965325
2021-07-07,940.0,957.0,906.1500244140624,939.7000122070312,393384,1163.5220779355163,1202.99444548096,28.09587416646751,71.2638737645604,1640.0,224072.2,False,False,False,True,1,-0.42701218767863947
2021-07-08,939.0,986.6500244140624,925.0,986.6500244140624,226664,1146.6771204572826,1194.51035053716,33.360057341415825,70.57717023952483,1640.0,232362.0,False,False,False,False,0,-0.39838413145484
2021-07-09,1000.0,1018.7000122070312,990.4000244140624,1000.5,140193,1132.7554899375414,1186.9021014964871,34.87475015916887,67.82522863619941,1640.0,236515.75,False,False,False,False,0,-0.38993902439024386
2021-07-12,1010.0,1018.0,984.2000122070312,1000.4000244140624,281915,1120.1502075067338,1179.5882945520784,34.86858912013895,65.39485429025437,1522.5,234324.9,False,False,False,True,1,-0.3429228082666257
2021-07-13,986.1500244140624,1000.0,951.0,986.9000244140624,200485,1107.4597138788602,1172.031891801568,33.99524475784929,64.25236644195495,1466.5,243970.35,False,False,False,False,0,-0.32703714666616956
2021-07-14,986.9000244140624,999.0,960.0,974.1500244140624,348684,1094.763552977451,1164.2718185706854,33.15073360516193,62.44862598181531,1409.0,245039.5,False,False,False,True,1,-0.3086231196493524
2021-07-15,989.9500122070312,990.0,960.0,980.2000122070312,173695,1083.8527395707442,1157.0533163603461,33.988715046699355,60.130866983114224,1409.0,258958.3,False,False,False,False,0,-0.3043293029048749
2021-07-16,980.0,1029.199951171875,965.0,1016.5499877929688,171071,1077.4429536871467,1151.5433819067234,38.941170080244575,60.42151585373999,1409.0,265897.75,False,False,False,False,0,-0.2785308816231592
2021-07-19,1008.0,1023.5999755859376,965.75,968.0499877929688,148182,1067.0245759829393,1144.3475625297135,35.151759045615805,60.23783440603982,1409.0,265227.2,False,False,False,False,0,-0.3129524572086808
2021-07-20,919.6500244140624,960.0,919.6500244140624,919.6500244140624,60558,1052.988904404951,1135.5358943683154,31.823628227225655,59.392272189816005,1409.0,230115.75,False,False,False,False,0,-0.3473030344825675
2021-07-22,875.0,965.5999755859376,873.7000122070312,964.5499877929688,245402,1044.566150441905,1128.830564698694,37.715074388908256,61.71425013189389,1409.0,217762.95,False,False,False,True,1,-0.31543648843650196
2021-07-23,950.0,990.0,922.5999755859376,963.5999755859376,82138,1036.855086169908,1122.3509337530957,37.640957603639194,62.120376866334496,1295.050048828125,212860.6,False,False,False,False,0,-0.2559361111503856
2021-07-26,963.5999755859376,965.0,930.0,939.7000122070312,56957,1027.6022219829674,1115.1881525159952,35.73818524377883,60.18320709016775,1237.9000244140625,201730.65,False,False,False,False,0,-0.24089183805305991
2021-07-27,920.0,945.0,899.9000244140625,901.0999755859376,74722,1015.5543889927742,1106.7925377344243,32.84992869726089,59.105833411294164,1200.0,190348.95,False,False,False,False,0,-0.2490833536783853
2021-07-28,900.0999755859375,946.1500244140624,871.0,940.75,89316,1008.4301614696528,1100.2810656664078,38.36057195162905,60.25184705434904,1199.800048828125,183941.25,False,False,False,False,0,-0.2159110170741747
2021-07-29,958.0,960.0,894.0,937.9000244140624,83398,1001.7130055595967,1093.9131816957276,38.118428255333626,60.66242940760983,1120.0,171698.4,False,False,False,False,0,-0.1625892639160157
2021-07-30,945.0,950.0,891.0499877929688,893.4500122070312,166571,991.4022442879237,1086.0518809314651,34.46438217719704,60.540113893282786,1029.199951171875,165408.4,False,False,False,True,1,-0.13189850894403476
2021-08-02,911.3499755859376,927.6500244140624,885.0,908.7999877929688,76338,983.5353627169757,1079.100826298583,36.7203033035079,59.262250359052764,1029.199951171875,171208.7,False,False,False,False,0,-0.1169840352613849
2021-08-03,910.0,925.0,900.0,911.5,163956,976.6748519820256,1072.528244875109,37.13025335521138,56.814946761977566,1029.199951171875,171266.15,False,False,False,False,0,-0.11436062646316558
2021-08-04,925.5,939.0,894.0,932.2000122070312,86138,972.4391529558357,1067.0251769273414,40.32229275701126,55.971021993264884,1029.199951171875,176913.1,False,False,False,False,0,-0.09424790474814637
2021-08-05,915.25,949.7999877929688,900.0,947.0499877929688,75534,970.0211372260387,1062.3202675495227,42.57481335087511,55.53023383610088,1029.199951171875,163488.35,False,False,False,False,0,-0.0798192453131853
2021-08-06,945.0,974.9500122070312,930.0,964.3499755859376,124924,969.4810265936482,1058.4782953156566,45.171204307461366,54.77450371973876,1029.199951171875,147595.85,False,False,False,False,0,-0.06301008420384924
2021-08-09,964.0,965.0,940.0,958.7999877929688,50534,968.4637848031073,1054.5693420794728,44.47645400948633,52.647753454043134,1029.199951171875,142508.85,False,False,False,False,0,-0.06840261049249652
2021-08-10,964.0,964.7000122070312,925.0,948.4000244140624,66947,966.552950480341,1050.4058394259273,43.13755726189439,51.72291479354229,1029.199951171875,138025.9,False,False,False,False,0,-0.07850751126232725
2021-08-11,919.25,949.0,901.0,946.7000122070312,119901,964.6621944543115,1046.3389442408727,42.91016169383524,51.45699230828927,1029.199951171875,127277.5,False,False,False,False,0,-0.08015929156516877
2021-08-12,950.0,959.0,918.0,955.0499877929688,58601,963.7467462008502,1042.7589851644843,44.45883315708712,50.71006428626861,1029.199951171875,123248.3,False,False,False,False,0,-0.07204621735016314
2021-08-13,929.0,977.0,926.0,971.1500244140624,84006,964.4518203163942,1039.9507906252522,47.420545663197416,50.73077398010657,1029.199951171875,108744.15,False,False,False,False,0,-0.05640296299248304
2021-08-16,952.5,980.0,925.0,977.75,51810,965.7183136195947,1037.511543934066,48.629858900951625,51.035718695813244,1029.199951171875,104259.7,False,False,False,False,0,-0.04999023864438845
2021-08-17,959.0,1026.5999755859375,959.0,1024.0,151970,971.2689504177285,1036.9816794660635,56.227491065909454,52.21887990225069,1023.5999755859376,98296.65,False,True,True,True,2,0.0003908015080142935
2021-08-18,1010.0,1075.199951171875,1010.0,1075.199951171875,112115,981.1671409657425,1038.4804352192327,62.78871249834985,53.14609927865243,1026.5999755859375,98486.05,False,True,True,True,2,0.04734071375581195
2021-08-20,1099.0,1128.949951171875,1075.0,1123.449951171875,230830,994.717884794898,1041.8125730997285,67.70199176738001,53.203517271025476,1075.199951171875,101063.9,False,True,True,True,2,0.044875374061737805
2021-08-23,1157.0,1179.5999755859375,1150.0,1179.5999755859375,160423,1012.3257029654733,1047.2160006482072,72.28770200250766,53.41398206695669,1128.949951171875,100335.3,False,True,True,True,2,0.044864720850987805
2021-08-24,1238.550048828125,1238.550048828125,1238.550048828125,1238.550048828125,56395,1033.8708787619162,1054.719296655263,76.12095059529821,53.80941715090175,1179.5999755859375,104249.55,False,True,True,False,1,0.04997463077506881
2021-08-25,1300.449951171875,1300.449951171875,1300.449951171875,1300.449951171875,84516,1059.259361848579,1064.3557929108165,79.35083665759399,54.38730895039092,1238.550048828125,104221.45,False,True,True,False,1,0.049977715799468525
2021-08-26,1365.449951171875,1365.449951171875,1365.449951171875,1365.449951171875,799750,1088.4203703555595,1076.1634069602699,82.09030581167318,55.14535831107729,1300.449951171875,104711.15,True,True,True,True,2,0.049982700173448746
2021-08-27,1433.699951171875,1433.699951171875,1297.199951171875,1433.699951171875,744032,1121.3041399571134,1090.1844479097444,84.42657121935301,60.95640414600034,1365.449951171875,140232.85,True,True,True,True,2,0.04998352370324932
2021-08-30,1460.199951171875,1505.3499755859375,1450.0,1505.3499755859375,401671,1157.8799338265253,1106.4654489950854,86.42814494515603,61.72023416514764,1433.699951171875,173264.55,True,True,True,True,2,0.04997560637112208
2021-08-31,1521.0,1580.5999755859375,1520.300048828125,1580.5999755859375,545234,1198.13898542266,1125.0589598417855,88.15063690319107,62.686646010494236,1505.3499755859375,185019.55,True,True,True,True,2,0.04998837560728031
2021-09-01,1659.5999755859375,1659.5999755859375,1659.5999755859375,1659.5999755859375,792279,1242.087651152496,1146.021352616066,89.63755036475911,63.85188558117322,1580.5999755859375,208464.35,True,True,True,True,2,0.04998102063788412
2021-09-02,1638.0,1698.800048828125,1576.6500244140625,1672.1500244140625,690664,1283.0459724155023,1166.653849549321,89.85533704548311,68.01603835495104,1659.5999755859375,239880.5,True,True,True,True,2,0.007562092680613697
2021-09-03,1740.0,1755.75,1590.300048828125,1750.5,677648,1327.565403614026,1189.5497770179752,91.11132137476237,74.9756035561599,1698.800048828125,270106.8,True,True,True,True,2,0.03043321738043203
2021-09-06,1784.0,1789.0,1700.0,1724.550048828125,499867,1365.3734650629879,1210.5301798340595,87.25800863320686,75.97734615929134,1755.75,300212.5,True,False,True,True,2,-0.017770155871778437
2021-09-07,1750.0,1750.0,1638.3499755859375,1694.25,285003,1396.6950398188937,1229.4995845464493,82.85189372056819,78.52539460606071,1789.0,318959.65,True,False,True,False,1,-0.052962548910005625
2021-09-08,1689.0,1748.9000244140625,1638.949951171875,1733.5,452814,1428.7717026932849,1249.2643067210984,83.98034957239949,80.7700145086412,1789.0,330683.1,True,False,True,True,2,-0.0310229178311906
2021-09-09,1768.1500244140625,1820.1500244140625,1710.550048828125,1806.75,621789,1464.7696357701147,1271.1264907712514,85.85158658525799,82.82929744273379,1789.0,349976.45,True,True,True,True,2,0.009921743991056386
2021-09-13,1781.0,1875.0,1773.949951171875,1871.4000244140625,1980397,1503.4963394504907,1294.6666293454794,87.26544313744535,84.13077968454745,1820.1500244140625,375070.85,True,True,True,True,2,0.028157019648145987
2021-09-14,1950.0,1954.1500244140625,1891.449951171875,1942.699951171875,1952043,1545.3252548525272,1320.0797007896517,88.6165135302917,84.03215256422264,1875.0,471160.65,True,True,True,True,2,0.03610664062499991
2021-09-15,1990.0,1990.0,1922.9000244140625,1944.050048828125,1338240,1583.2990447549653,1344.5491262029252,88.64108842364492,82.822711351488,1954.1500244140625,564562.5,True,False,True,True,2,-0.005168475019703744
2021-09-16,1940.0,1981.050048828125,1868.9000244140625,1916.1500244140625,314449,1614.9991380558317,1366.9648477014014,84.5776289258641,84.91751942738617,1990.0,628884.0,True,False,True,False,1,-0.03711054049544593
2021-09-17,1820.3499755859373,1820.3499755859373,1820.3499755859373,1820.3499755859373,8091432,1634.5563606777466,1384.7446566380497,72.3185848897537,85.69484295601039,1990.0,637007.95,True,False,True,True,2,-0.08525126854978027
2021-09-20,1729.3499755859375,1729.3499755859375,1729.3499755859375,1729.3499755859375,677675,1643.5843240023362,1398.2585907144376,62.98031778192,86.07378274486678,1990.0,1035973.8,True,False,True,False,1,-0.13097991176586055
2021-09-21,1642.9000244140625,1642.9000244140625,1642.9000244140625,1642.9000244140625,319006,1643.519152612977,1407.8523724281483,55.631085854724596,86.10065191822451,1990.0,1058316.05,True,False,True,False,1,-0.1744220982843907
2021-09-22,1560.800048828125,1725.0,1560.800048828125,1560.800048828125,835775,1635.6411427287055,1413.850320522265,49.69972861752769,91.67917329348526,1990.0,1066245.2,True,False,False,False,0,-0.2156783674230528
2021-09-23,1482.800048828125,1599.949951171875,1482.800048828125,1547.5999755859375,725520,1627.2562696674895,1419.0954050345658,48.79885437974973,93.49851108278989,1990.0,1105214.2,True,False,False,False,0,-0.22231157005731783
2021-09-24,1520.0,1550.0,1501.0999755859375,1542.1500244140625,178331,1619.1509129766869,1423.9210763827814,48.408701748978196,90.3129048921665,1990.0,1137264.4,True,False,False,False,0,-0.22505023898790832
2021-09-27,1512.0,1593.0,1495.050048828125,1578.4000244140625,231569,1615.2698759707225,1429.9790743447925,51.20327605696539,90.85840819785997,1990.0,1106193.45,True,False,True,False,1,-0.20683415858589826
2021-09-28,1590.0,1590.0,1539.949951171875,1549.9000244140625,294035,1609.0441758224692,1434.68185670045,48.95792752781437,87.94352538573604,1990.0,1080570.3,True,False,False,False,0,-0.22115576662609926
2021-09-29,1543.0,1588.0,1502.0999755859375,1530.5999755859375,243398,1601.5732996094662,1438.4433515587045,47.44075206389871,87.79756103061649,1990.0,1075188.5,True,False,False,False,0,-0.23085428362515703
2021-09-30,1540.0,1564.0,1511.0,1558.5,156084,1597.4710805990408,1443.1514554191474,49.8597215278488,85.31202095700104,1990.0,1060096.7,True,False,False,False,0,-0.21683417085427137
2021-10-01,1558.5,1590.0999755859375,1525.0,1577.8499755859375,115660,1595.6024039311262,1448.433750327649,51.52601127727561,83.8683034304965,1990.0,1028286.95,True,False,True,False,1,-0.20711056503219216
2021-10-04,1577.8499755859375,1656.699951171875,1552.0,1636.0,98132,1599.4497940329238,1455.7892895304865,56.23321104113939,85.35627826916638,1990.0,999536.75,True,False,True,False,1,-0.17788944723618094
2021-10-05,1674.800048828125,1717.800048828125,1656.699951171875,1717.800048828125,104466,1610.721246870562,1466.064221267649,61.84604032297813,85.10226188052057,1990.0,970560.95,True,False,True,False,1,-0.13678389506124367
2021-10-06,1749.0,1797.699951171875,1748.0,1764.5,151949,1625.3668424066989,1477.7675851395059,64.63450076763473,84.73066477075125,1990.0,950790.9,True,False,True,False,1,-0.11331658291457292
2021-10-07,1797.0,1799.0,1729.25,1764.300048828125,103320,1638.5985763515966,1489.0041523429811,64.61272692133315,83.66061728712616,1990.0,944138.2,True,False,True,False,1,-0.1134170608903895
2021-10-08,1730.1500244140625,1750.0,1676.0999755859375,1678.699951171875,119791,1642.4177549059089,1496.4432032774475,55.9266347849895,83.9848641410591,1990.0,926663.5,True,False,True,False,1,-0.1564321853407663
2021-10-11,1682.0,1707.0,1635.0,1696.699951171875,70249,1647.5874878836198,1504.296409077229,57.22872619599221,83.12880241669774,1990.0,901563.6,True,False,True,False,1,-0.14738695921011302
2021-10-12,1696.0,1715.0,1631.6500244140625,1688.800048828125,63319,1651.5124936878585,1511.5318459302055,56.44060890952314,83.14460050021486,1990.0,806056.2,True,False,True,False,1,-0.15135675938285176
2021-10-13,1664.0,1718.0,1662.699951171875,1702.75,225360,1656.3922561937768,1519.0305970701975,57.55225624913884,81.15570395220844,1990.0,711620.0,True,False,True,False,1,-0.14434673366834172
2021-10-14,1665.0,1709.800048828125,1665.0,1687.300048828125,79969,1659.3358554922863,1525.6293990999202,55.852194934415785,78.55887144334534,1981.050048828125,655976.0,True,False,True,False,1,-0.14827994889567053
2021-10-18,1699.0,1755.0,1690.0,1748.199951171875,106547,1667.7991026998661,1534.3576560439185,60.771241795594904,77.78323428109746,1820.3499755859373,644252.0,True,False,True,False,1,-0.03963524892560211
2021-10-19,1760.0,1772.0,1717.0,1745.050048828125,89220,1675.1563356644622,1542.6201028197697,60.39639994552568,76.15586040387622,1799.0,245007.75,True,False,True,False,1,-0.02998885557080322
2021-10-20,1700.0,1750.0,1680.0,1710.199951171875,70059,1678.4938228556443,1549.191861578676,56.26160769854098,75.71615608931363,1799.0,215585.0,True,False,True,False,1,-0.04936078311735681
2021-10-21,1727.300048828125,1795.699951171875,1624.699951171875,1789.5999755859375,208668,1689.0753612109102,1558.6196307554312,62.551936231706705,82.52214494007694,1799.0,203137.65,True,False,True,True,2,-0.0052251386403905364
2021-10-22,1774.0,1827.0,1740.0,1809.0,141854,1700.4967553812996,1568.4384687650222,63.917383276950574,82.84199173007144,1799.0,171782.3,True,True,True,False,1,0.005558643690939391
2021-10-25,1828.0,1890.0,1800.0,1869.9000244140625,170443,1716.6304000510866,1580.2604905551807,67.87706749934179,83.35327803506634,1827.0,142599.0,True,True,True,True,2,0.023481129947489077
2021-10-26,1864.0,1899.949951171875,1800.0,1854.8499755859373,62879,1729.7941691496437,1591.0287056544262,65.9509244362005,84.53875468769553,1890.0,142204.6,True,False,True,False,1,-0.018597896515377133
2021-10-27,1832.0,1896.0,1800.0,1874.25,65583,1743.5518673258682,1602.1354230797428,67.241371608094,85.35741506714585,1899.949951171875,133770.1,True,False,True,False,1,-0.01352664640246104
2021-10-28,1836.800048828125,1874.449951171875,1780.550048828125,1793.0,77690,1748.2612132948332,1609.6203084491647,57.425179622178355,85.96759272976044,1899.949951171875,122347.5,True,False,True,False,1,-0.05629093077210223
2021-10-29,1765.0,1828.9000244140625,1703.3499755859375,1767.4000244140625,103463,1750.08395721095,1615.8077482909252,54.714906808531516,88.79491102250077,1899.949951171875,114062.1,True,False,True,False,1,-0.0697649570590303
2021-11-01,1783.9000244140625,1799.0,1705.0,1760.550048828125,87991,1751.080727841157,1621.483916939443,53.98075852924951,89.16670309232214,1899.949951171875,111431.05,True,False,True,False,1,-0.07337030233757957
2021-11-02,1758.9000244140625,1790.0,1715.0,1758.300048828125,37465,1751.7682822208683,1626.8492554448815,53.72575930379682,88.15479572858484,1899.949951171875,110047.6,True,False,True,False,1,-0.07455454405858497
2021-11-03,1740.0,1846.199951171875,1740.0,1843.3499755859373,128939,1760.4903482556367,1635.3394797641386,61.189048604569926,89.44373540310556,1899.949951171875,107014.25,True,False,True,True,2,-0.02979024555411436
2021-11-04,1850.0,1885.0,1790.3499755859375,1817.5,13649,1765.919838897957,1642.4830295773097,58.1207806053033,89.81561318960249,1899.949951171875,108237.9,True,False,True,False,1,-0.04339585425448733
2021-11-08,1850.0,1875.0,1801.0,1844.5,148371,1773.4036637648185,1650.4052637115328,60.356805056529225,88.68592653320232,1899.949951171875,101322.9,True,False,True,True,2,-0.029184953602421904
2021-11-09,1816.0,1888.0,1809.0,1859.800048828125,65202,1781.6318909137049,1658.6168239121835,61.60774184135217,87.99407463797358,1899.949951171875,103575.45,True,False,True,False,1,-0.021132084199894763
2021-11-10,1830.050048828125,1880.0,1823.0,1872.8499755859373,58596,1790.3193275491556,1667.0181239778208,62.68917942021379,85.78021216383262,1899.949951171875,100846.0,True,False,True,False,1,-0.014263520767598514
2021-11-11,1840.050048828125,1942.0,1840.050048828125,1893.699951171875,109785,1800.1651012275097,1675.9076073971955,64.41390609376137,86.93519352154993,1899.949951171875,100263.35,True,False,True,True,2,-0.0032895603361262626
2021-11-12,1929.75,1988.3499755859373,1900.0,1988.3499755859373,206635,1818.0874702140268,1688.1602492869501,70.97353770497469,87.4862528710151,1942.0,102586.65,True,True,True,True,2,0.023867134699246728
2021-11-15,1999.0,2007.699951171875,1912.0,1935.8499755859373,62255,1829.3029469161136,1697.8735718869104,63.93385218298306,88.07294560679081,1988.3499755859373,101650.4,True,False,True,False,1,-0.026403802471709703
2021-11-16,1919.0,1930.0,1850.0,1877.9000244140625,79160,1833.9312400111564,1704.9334327703282,57.19073179560135,87.9141620338727,2007.699951171875,100764.7,True,False,True,False,1,-0.06465105838252849
2021-11-17,1898.0,1924.699951171875,1830.0,1857.5,81541,1836.1758838196179,1710.916435406786,54.99190460714409,88.39886125801573,2007.699951171875,99395.35,True,False,True,False,1,-0.07481195139951302
2021-11-18,1880.0,1929.5,1789.9000244140625,1913.300048828125,79598,1843.5210423918566,1718.853047697819,59.57069057340462,92.05608371001014,2007.699951171875,99011.4,True,False,True,False,1,-0.047018929441448476
2021-11-22,1930.0,1935.050048828125,1817.6500244140625,1913.449951171875,79041,1850.1809384661442,1726.4842988144487,59.58258618447136,93.86636518887103,2007.699951171875,99488.35,True,False,True,False,1,-0.046944265723066425
2021-11-23,1883.0,1965.0,1855.0,1954.550048828125,73085,1860.1208537387138,1735.428053716946,62.813291090967766,95.01876767538025,2007.699951171875,93007.0,True,False,True,False,1,-0.026473030650186025
2021-11-24,1916.050048828125,1985.0,1904.0,1937.0,79162,1867.4426771921694,1743.3328359241245,60.586275861487266,94.0174271271388,2007.699951171875,89568.55,True,False,True,False,1,-0.03521440100180717
2021-11-25,1949.0,2033.8499755859373,1910.3499755859373,2029.5999755859373,139622,1882.8862294201472,1754.5589982638035,67.19514290483917,96.12332518948602,2007.699951171875,85004.5,True,True,True,True,2,0.010908016609394
2021-11-26,1945.0,2045.0,1940.5,1993.8499755859373,125504,1893.4542052454606,1763.942958158789,62.815900460577616,96.72165910452273,2033.8499755859373,88841.65,True,False,True,True,2,-0.019667133997175124
2021-11-29,1924.5999755859373,1950.0,1894.199951171875,1894.199951171875,110799,1893.5252286670238,1769.0510755318514,52.53767769779502,96.93082805520413,2045.0,91837.7,True,False,True,True,2,-0.07374085517267726
2021-11-30,1802.0,1865.5,1799.5,1799.5,966317,1884.57044498445,1770.2451510011906,45.001777571741655,96.77147970639491,2045.0,93493.15,True,False,False,True,1,-0.12004889975550126
2021-12-01,1709.550048828125,1875.25,1709.550048828125,1797.1500244140625,233863,1876.2446906444131,1771.3002440762052,44.82993504477138,101.6949419539292,2045.0,136635.85,True,False,False,True,1,-0.12119803207136304
2021-12-02,1795.0999755859375,1887.0,1760.0,1885.199951171875,162346,1877.0975725994094,1775.7668992564275,52.19570618233023,103.50244610007712,2045.0,143929.45,True,False,True,True,2,-0.07814183316778733
2021-12-03,1875.4000244140625,1900.449951171875,1840.0,1868.300048828125,457542,1876.2597131926204,1779.3956502200235,50.79396849475964,100.42726789091984,2045.0,150173.5,True,False,True,True,2,-0.08640584409382646
2021-12-06,1868.9000244140625,1900.0,1840.0999755859373,1874.1500244140625,104084,1876.0587904518054,1783.1115080315544,51.281697586854776,97.53246478543005,2045.0,166603.65,True,False,True,False,1,-0.08354522033542178
2021-12-07,1875.0,1915.0,1850.3499755859373,1892.449951171875,519320,1877.6198533775264,1787.3992901154886,52.85592482577441,95.1837190446181,2045.0,171125.4,True,False,True,True,2,-0.0745966008939487
2021-12-08,1855.0,1913.9000244140625,1853.0,1882.699951171875,479596,1878.1036722150834,1791.1365709412294,51.893801574443145,92.73488371386414,2045.0,189672.85,True,False,True,True,2,-0.07936432705531782
2021-12-09,1857.0999755859373,1900.0,1856.300048828125,1880.550048828125,56535,1878.3366604639446,1794.6429818387546,51.67045560172078,89.23238853229348,2045.0,210392.55,True,False,True,False,1,-0.08041562404492664
2021-12-10,1860.0,1900.0,1860.0,1874.199951171875,393987,1877.942688150414,1797.7628629890733,50.97263136817822,85.71578935141538,2045.0,210289.5,True,False,True,True,2,-0.0835208062729218
2021-12-13,1855.0,1887.0,1781.0,1812.5999755859373,402452,1871.719572668083,1798.3447105418916,44.67022101710025,87.1646615406,2045.0,224499.6,True,False,False,True,1,-0.11364304372325806
2021-12-14,1848.800048828125,1885.0,1820.0,1872.699951171875,410771,1871.8129420493965,1801.2606023313026,51.03176471934204,86.11004460299019,2045.0,234290.45,True,False,True,True,2,-0.08425430260544009
2021-12-15,1872.699951171875,1895.0,1842.0,1859.8499755859373,331803,1870.6736119100196,1803.5582248118765,49.715603808623946,83.74504141706232,2045.0,251716.25,True,False,False,True,1,-0.09053790924893046
2021-12-16,1872.0,1888.800048828125,1820.0,1839.8499755859373,376249,1867.7380274982024,1804.9814307245847,47.65547861313781,82.67754194642394,2045.0,264348.4,True,False,False,True,1,-0.10031786034917489
2021-12-17,1803.050048828125,1872.0999755859373,1750.0,1777.199951171875,539171,1859.1153535623616,1803.891960938204,41.81074486394968,85.49343006353203,2045.0,279083.8,True,False,False,True,1,-0.1309535691091076
2021-12-20,1688.3499755859375,1731.6500244140625,1688.3499755859375,1695.199951171875,283959,1843.5043628585056,1799.6295291826616,35.64811894791829,85.73318331513242,2045.0,302062.45,True,False,False,False,0,-0.17105136862011006
2021-12-21,1696.0,1779.949951171875,1696.0,1769.5999755859375,33073,1836.4658497849277,1798.4518996298489,43.74932288335617,85.66295593548011,2045.0,312308.35,True,False,False,False,0,-0.13466993858878362
2021-12-22,1825.0,1839.0,1750.199951171875,1807.3499755859373,361249,1833.692909385024,1798.8008437849896,47.36969153345698,85.88703399924047,2045.0,310307.75,True,False,False,True,1,-0.11621028088707219
2021-12-23,1790.0,1835.0,1790.0,1822.449951171875,256791,1832.6221514599622,1799.728259760946,48.78949449036171,82.96653157072329,2045.0,324412.1,True,False,False,False,0,-0.10882642974480439
2021-12-24,1792.0,1829.9000244140625,1760.5,1768.4000244140625,317175,1826.5057584079716,1798.4997015120487,44.193743402466765,81.99749534524751,2045.0,330270.55,True,False,False,False,0,-0.1352567117779645
2021-12-27,1827.949951171875,1830.0,1733.0,1746.550048828125,278349,1818.8909289241767,1796.462460230326,42.45282927695023,83.06910282058698,1950.0,339854.1,True,False,False,False,0,-0.10433330829326926
2021-12-28,1785.0,1790.050048828125,1720.0,1736.699951171875,71843,1811.0632167572908,1794.1188324241125,41.65617442401161,82.13917039255398,1915.0,348231.6,True,False,False,False,0,-0.09310707510607052
2021-12-29,1730.0,1730.0,1700.0,1727.800048828125,27706,1803.1333912402274,1791.5180958125052,40.90918613218825,78.8935118767912,1915.0,303507.9,True,False,False,False,0,-0.09775454369288517
2021-12-30,1720.0,1720.0,1650.25,1683.4000244140625,72276,1791.7302134472593,1787.2781714439388,37.31424546619274,78.7975502304579,1915.0,293200.05,True,False,False,False,0,-0.1209399350318211
2021-12-31,1685.0,1750.0,1685.0,1740.8499755859375,55058,1786.8844765080858,1785.4574578808802,44.15278758444218,77.92629489870644,1915.0,288696.55,True,False,False,False,0,-0.09093996052953657
2022-01-03,1735.0,1755.0,1710.0,1731.0999755859375,32602,1781.5716668964526,1783.3257919085295,43.28965321500149,75.57441669165598,1915.0,268572.35,False,False,False,False,0,-0.09603134434154703
2022-01-04,1731.0999755859375,1775.0,1700.0,1754.949951171875,42498,1779.0362653988739,1782.2130138404254,46.067077588925166,75.53338692796628,1915.0,264998.25,False,False,False,False,0,-0.08357704899640994
2022-01-05,1706.0999755859375,1780.5,1706.0999755859375,1761.050048828125,54105,1777.3232923921357,1781.3830936438646,46.784951114170894,75.45243246268744,1913.9000244140625,241157.15,False,False,False,False,0,-0.07986309297045557
2022-01-06,1730.0,1770.0,1710.0,1760.050048828125,51023,1775.6782215765156,1780.5465036510907,46.67527078999529,74.3486872867812,1900.0,219882.6,False,False,False,False,0,-0.0736578690378289
2022-01-07,1740.0999755859375,1780.0,1721.8499755859375,1776.0,64894,1775.708867140657,1780.3682093902637,48.73946118784756,73.19163993872988,1900.0,219607.0,False,False,False,False,0,-0.0652631578947368
2022-01-10,1742.0999755859375,1834.0,1742.0999755859375,1819.699951171875,68601,1779.8984941912493,1781.9106306366014,53.994078648589834,74.52795311553935,1895.0,203152.35,False,False,True,False,1,-0.039736173524076546
2022-01-11,1839.0,1889.0,1770.0,1867.449951171875,100209,1788.236728189404,1785.2651137948474,58.94617078786195,77.70452789300083,1895.0,186459.8,True,False,True,False,1,-0.014538284342018426
2022-01-12,1880.0,1958.0,1822.5,1928.25,108933,1801.5713255046987,1790.872364234265,64.22640096062399,81.83277590064363,1895.0,170931.7,True,True,True,False,1,0.017546174142480275
2022-01-13,1973.9000244140625,2024.6500244140625,1906.0,2019.699951171875,143323,1822.345480330144,1799.8459950945635,70.39431756224737,84.46257936588783,1958.0,159788.2,True,True,True,False,1,0.031511721742530696
2022-01-14,1998.0,2030.0,1930.0,2020.5999755859373,55454,1841.2268608306956,1808.5030139373625,70.44832002035079,85.57239512546727,2024.6500244140625,148141.9,True,False,True,False,1,-0.002000369831471116
2022-01-17,1995.0,2016.0,1970.199951171875,2002.699951171875,78536,1856.6052503869985,1816.118580103422,67.79952048850151,83.06008293179549,2030.0,123956.05,True,False,True,False,1,-0.013448299915332473
2022-01-18,2002.699951171875,2050.0,1981.0,2026.75,81437,1872.8095122549034,1824.3786357856407,69.46094664429505,82.0557912938101,2030.0,113684.9,True,False,True,False,1,-0.0016009852216748444
2022-01-19,2040.0,2049.39990234375,1950.0,2043.25,47517,1889.0419396591983,1832.961826539145,70.5823935153882,83.2946563688058,2050.0,116103.1,True,False,True,False,1,-0.0032926829268292712
2022-01-20,2002.550048828125,2049.89990234375,1975.0,2039.75,48408,1903.3950882630843,1841.0711666748648,69.995228257962,82.69503108130182,2050.0,100416.5,True,False,True,False,1,-0.0050000000000000044
2022-01-21,2037.0,2141.0,1984.0,2066.800048828125,82788,1918.957465459755,1849.923279700483,71.93819038437584,88.00252886120883,2050.0,89997.35,True,True,True,False,1,0.008195145769817058
2022-01-24,2097.0,2125.0,1963.5,2035.9000244140625,85918,1930.0948520268319,1857.2164853755253,66.63030811002082,93.25234822826533,2141.0,78278.0,True,False,True,True,2,-0.04908919924611743
2022-01-25,1950.0,2089.0,1934.1500244140625,1992.449951171875,198926,1936.0334328977883,1862.5197585440096,59.93377833801367,97.65217875381335,2141.0,68656.45,True,False,True,True,2,-0.06938348847647124
2022-01-27,2005.0,2059.300048828125,1920.0,2009.300048828125,94304,1943.0112058435345,1868.275848359073,61.54775152401359,100.62702661626417,2141.0,75010.6,True,False,True,True,2,-0.06151328873044137
2022-01-28,2000.0,2075.0,1960.0,1986.800048828125,231963,1947.181571842067,1872.9238562206044,58.177680106190834,101.6536675722453,2141.0,78340.5,True,False,True,True,2,-0.07202239662394905
2022-01-31,2020.0,2046.300048828125,1950.0,1970.9000244140625,153177,1949.4404720870189,1876.7660588948577,55.850376851177636,101.27126623337956,2141.0,86324.85,True,False,True,True,2,-0.07944884427180643
2022-02-01,1931.5,2039.0,1930.0,1986.9000244140625,437813,1953.008048499118,1881.0850379348265,57.68480132854826,101.82331864528103,2141.0,91230.8,True,False,True,True,2,-0.07197570088086758
2022-02-02,1975.0,2029.0,1975.0,2016.0,364854,1959.0072819753925,1886.3758207609117,60.86934547258316,98.40736731347525,2141.0,111491.35,True,False,True,True,2,-0.0583839327417095
2022-02-03,2010.0,2040.0,1977.0,2006.199951171875,325157,1963.501821898867,1891.074806267224,59.252103659035505,95.87826964822702,2141.0,127609.15,True,False,True,True,2,-0.06296125587488322
2022-02-04,2014.0,2050.0,1987.8499755859373,2033.0999755859373,328615,1970.130217488112,1896.644420750311,62.2193580460886,93.46910927435813,2141.0,141161.75,True,False,True,True,2,-0.05039702214575559
2022-02-07,2033.0999755859373,2069.5,2000.0,2028.5,43314,1975.6892443940062,1901.8152277797105,61.39602157458049,91.7570300404754,2141.0,155041.35,True,False,True,False,1,-0.05254553946753848
2022-02-08,2044.0,2045.0,1935.0,1968.300048828125,261310,1974.9855114829697,1904.4224756639621,51.74552012538467,93.06009932329859,2141.0,153962.35,True,False,True,True,2,-0.08066321866972215
2022-02-09,1969.949951171875,2018.0,1932.0999755859373,1955.199951171875,257200,1973.1011724057225,1906.413749213292,49.90713961515343,92.54866540121031,2141.0,163597.8,True,False,False,True,1,-0.08678190043350065
2022-02-10,1955.9000244140625,2052.949951171875,1955.300048828125,2036.4000244140625,301717,1979.129634501755,1911.5112502015577,59.50957792188218,92.92018930112387,2141.0,171447.35,True,False,True,True,2,-0.04885566351515058
2022-02-11,2050.0,2050.0,1980.0,2016.050048828125,247110,1982.6458644375998,1915.6108109320114,56.58220714215605,91.28303292247217,2141.0,181086.55,True,False,True,True,2,-0.058360556362389016
2022-02-14,1960.0,2014.5,1915.25,1915.25,74858,1976.2272106816379,1915.5966614836973,44.82095624435063,91.96281977287595,2141.0,186275.9,True,False,False,False,0,-0.10544138253152735
2022-02-15,1898.0,1938.199951171875,1820.0999755859373,1926.949951171875,128675,1971.5341383473747,1916.0418885302927,46.21834041728857,93.82975947380893,2141.0,187246.1,True,False,False,False,0,-0.09997666923312709
2022-02-16,1940.9000244140625,2010.199951171875,1912.0,1932.550048828125,119057,1967.8213679169698,1916.689267365502,46.91135051414398,94.1419160236708,2141.0,189753.05,True,False,False,False,0,-0.097361023433851
2022-02-17,1970.0,2027.0,1940.050048828125,2020.8499755859373,232186,1972.8717115044906,1920.7740010212055,56.4420039969231,94.16391853425682,2141.0,191634.05,True,False,True,True,2,-0.05611864755444307
2022-02-18,2018.0,2045.0,1940.0,1958.0999755859373,82693,1971.4648795122473,1922.2377647296264,49.624088488320844,94.93792435323849,2141.0,200867.5,True,False,False,False,0,-0.08542738179078124
2022-02-21,1960.0,1980.0,1870.0,1895.9000244140625,62791,1964.2682266457537,1921.2049121682319,43.95609560784915,96.01378689943574,2141.0,202581.75,True,False,False,False,0,-0.11447920391683208
2022-02-22,1861.0,1985.0,1810.0999755859373,1969.0999755859373,156505,1964.7283932114854,1923.0831499493186,51.043005812549104,101.64851815048053,2125.0,201581.9,True,False,True,False,1,-0.07336471737132366
2022-02-23,1995.0,2067.550048828125,1990.0,2060.14990234375,170487,1973.8161559859868,1928.4583167098845,58.13450796474208,101.42005779988818,2089.0,205111.25,True,False,True,False,1,-0.013810482362972665
2022-02-24,1990.0,2053.10009765625,1957.1500244140625,1957.300048828125,138084,1972.2431933995238,1929.589365028247,49.42525044531902,101.53290209487385,2075.0,203689.3,True,False,False,False,0,-0.05672286803463855
2022-02-25,2005.1500244140625,2052.5,1985.0,2032.8499755859373,109214,1978.0152678934678,1933.6388007363917,54.78389922050026,101.0805484575168,2075.0,205878.3,True,False,True,False,1,-0.02031326477786155
2022-02-28,2030.0,2134.449951171875,1990.0,2134.39990234375,486895,1992.9090426030184,1941.5117851131508,60.796671352134105,104.17836293711382,2069.5,199740.85,True,True,True,True,2,0.03136018475175173
2022-03-02,2111.0,2241.10009765625,2111.0,2241.050048828125,395273,2016.5415193863619,1953.2583836902088,65.92200556570974,106.02991541705212,2134.449951171875,216426.75,True,True,True,True,2,0.04994265506095541
2022-03-03,2300.0,2353.10009765625,2286.60009765625,2353.10009765625,456031,2048.5947173168274,1968.9384509045633,70.3133342685856,106.45992494641447,2241.10009765625,214299.75,True,True,True,True,2,0.04997545630252298
2022-03-04,2370.0,2464.300048828125,2256.550048828125,2323.199951171875,517693,2074.747596731594,1982.8310587581834,67.80252493102432,113.69493030738487,2353.10009765625,218858.6,True,False,True,True,2,-0.012706704025959747
2022-03-07,2272.800048828125,2365.0,2207.050048828125,2207.35009765625,226577,2087.376406343466,1991.6357269502644,59.010089774968165,116.85600322627701,2464.300048828125,228485.4,True,False,True,False,1,-0.10426893887944577
2022-03-08,2163.199951171875,2306.85009765625,2111.10009765625,2217.0,185989,2099.721510501231,2000.4735415796658,59.48142466227169,122.49128871011438,2464.300048828125,223383.5,True,False,True,False,1,-0.10035305925742533
2022-03-09,2300.699951171875,2305.050048828125,2136.89990234375,2164.64990234375,173127,2105.905166867185,2006.911830237081,55.73707777604245,125.75263569399014,2464.300048828125,230517.25,True,False,True,False,1,-0.12159645357588289
2022-03-10,2228.0,2272.85009765625,2180.0,2272.75,308470,2121.795150975072,2017.3368565022934,61.172435559096215,124.49888995245514,2464.300048828125,226108.1,True,False,True,True,2,-0.07773000244804396
2022-03-11,2260.0,2323.699951171875,2211.050048828125,2307.25,163758,2139.457517548875,2028.7059993845564,62.74479802686942,123.65253369469049,2464.300048828125,228671.6,True,False,True,False,1,-0.06373008388439094
2022-03-14,2312.0,2333.300048828125,2252.050048828125,2268.300048828125,410270,2151.7282348135655,2038.1018444607748,59.800447839056005,120.62378128792689,2464.300048828125,221773.65,True,False,True,True,2,-0.07953576923118832
2022-03-15,2275.0,2294.85009765625,2200.0,2217.550048828125,337239,2157.9969790054283,2045.139028945769,56.10611718967272,118.78280388566426,2464.300048828125,229931.65,True,False,True,True,2,-0.10012985233569249
2022-03-16,2235.0,2314.89990234375,2234.949951171875,2305.39990234375,510274,2172.035352656697,2055.3453377064743,60.639118280150086,117.2518788592329,2464.300048828125,243050.7,True,False,True,True,2,-0.0644808437835882
2022-03-17,2319.5,2420.64990234375,2317.0,2389.800048828125,2006144,2192.7748475301664,2068.461208730853,64.43878303680646,117.10888751214485,2464.300048828125,262130.65,True,False,True,True,2,-0.03023170820267107
2022-03-21,2379.89990234375,2379.89990234375,2275.0,2289.050048828125,239831,2201.943914320448,2077.1117514797656,57.324847754538936,116.94397046328628,2464.300048828125,356485.0,True,False,True,False,1,-0.07111552835594781
2022-03-22,2324.0,2384.75,2275.0,2338.050048828125,295672,2214.9064033211794,2087.344625885584,59.6575563501727,116.43011543019439,2464.300048828125,356867.25,True,False,True,False,1,-0.0512315860481507
2022-03-23,2368.300048828125,2440.0,2347.25,2406.699951171875,762205,2233.172455497436,2099.868364132105,62.73123812954469,115.39581798317158,2464.300048828125,367516.2,True,False,True,True,2,-0.023373816708578632
2022-03-24,2415.0,2434.949951171875,2371.75,2414.39990234375,299163,2250.432212339942,2112.2029342580518,63.07109485170825,111.6675417823647,2464.300048828125,402486.9,True,False,True,False,1,-0.02024921701726401
2022-03-25,2416.0,2455.0,2406.35009765625,2448.75,121077,2269.319620688519,2125.400858404795,64.62105477376116,107.16628182246365,2464.300048828125,409619.8,True,False,True,False,1,-0.0063101280363645484
2022-03-28,2468.0,2475.0,2413.0,2439.0,120067,2285.479656813422,2137.6988639575484,63.80249011833685,103.94011883514482,2464.300048828125,407149.3,True,False,True,False,1,-0.010266626760875197
2022-03-29,2472.0,2496.050048828125,2430.0,2461.550048828125,154636,2302.2482655767267,2150.398910423061,64.90961011214402,101.23368526321484,2475.0,406248.45,True,False,True,False,1,-0.005434323705808097
2022-03-30,2495.0,2583.89990234375,2338.5,2377.39990234375,649362,2309.405564316443,2159.3009101062253,57.804515913355665,111.53127219753878,2496.050048828125,408519.55,True,False,True,True,2,-0.04753516322322149
2022-03-31,2340.0,2405.0,2315.10009765625,2368.14990234375,345752,2315.0002631761863,2167.4910666645596,57.065076184368486,109.98617435083959,2583.89990234375,416642.9,True,False,True,False,1,-0.08349781653859811
2022-04-01,2379.949951171875,2450.0,2355.10009765625,2421.449951171875,196411,2325.138328699585,2177.450238606023,60.22260894207324,108.90858349319033,2583.89990234375,414166.85,True,False,True,False,1,-0.06287006359051417
2022-04-04,2419.0,2475.0,2401.949951171875,2453.5,330330,2337.363249775815,2188.2757194450023,62.03084002025333,106.34725958854281,2583.89990234375,401185.85,True,False,True,False,1,-0.05046631343012531
2022-04-05,2457.0,2515.0,2382.199951171875,2443.85009765625,455120,2347.504854335856,2198.2982440807377,61.12978888865744,108.23674453422726,2583.89990234375,391817.7,True,False,True,True,2,-0.054200940431348155
2022-04-06,2443.85009765625,2504.35009765625,2419.14990234375,2484.050048828125,247889,2360.5091585732152,2209.504197208086,63.50787829991915,106.59127673267531,2583.89990234375,403244.85,True,False,True,False,1,-0.03864308111357384
2022-04-07,2510.0,2721.85009765625,2382.300048828125,2449.64990234375,875734,2368.998753218028,2218.9216758408575,60.1183609513328,123.23118902520743,2583.89990234375,406339.85,True,False,True,True,2,-0.05195634702343821
2022-04-08,2539.949951171875,2576.75,2490.0,2540.25,346652,2385.308395768692,2231.5227865921966,65.36182522943454,123.50753964171048,2721.85009765625,441470.2,True,False,True,False,1,-0.06671936041320703
2022-04-11,2598.0,2794.25,2580.25,2756.5,585491,2420.659977124055,2252.1101282944633,74.11108480777291,132.8284296673026,2721.85009765625,443379.3,True,True,True,True,2,0.012730275768524812
2022-04-12,2788.0,3000.0,2600.0,2680.550048828125,1405621,2445.4114125244428,2268.9116938055877,67.64817013379883,151.91211326249527,2794.25,464465.95,True,False,True,True,2,-0.040690686650040275
2022-04-13,2758.0,2802.10009765625,2660.550048828125,2690.75,628055,2468.7769922840193,2285.454372479878,68.05112471997231,151.1719658028974,3000.0,514233.5,True,False,True,True,2,-0.1030833333333333
2022-04-18,2689.89990234375,2752.0,2580.0,2728.300048828125,532022,2493.4934738596485,2302.820869591574,69.55453317124868,152.65968253126186,3000.0,528774.3,True,False,True,True,2,-0.09056665039062495
2022-04-19,2770.0,2808.75,2461.050048828125,2598.050048828125,743147,2503.451242904265,2314.3984844635957,59.15599915942161,166.59113029130566,3000.0,529861.7,True,False,True,True,2,-0.13398331705729172
2022-04-20,2688.0,2750.0,2650.050048828125,2687.550048828125,719165,2520.9844625160613,2329.0318791445575,63.22450707956687,165.54533178277492,3000.0,466711.85,True,False,True,True,2,-0.10414998372395834
2022-04-21,2744.0,2747.699951171875,2663.0,2699.60009765625,420973,2537.995475386556,2343.563966145016,63.748093287256516,159.7706617391392,3000.0,490678.55,True,False,True,False,1,-0.10013330078125005
2022-04-22,2694.0,2706.0,2626.75,2658.550048828125,363276,2549.476863333372,2355.9163615443535,60.583668224677716,154.01918590062925,3000.0,496943.6,True,False,True,False,1,-0.11381665039062505
2022-04-25,2655.5,2698.550048828125,2548.050048828125,2615.89990234375,160308,2555.802867048646,2366.111794516879,57.395807641378184,153.76781547915573,3000.0,476997.15,True,False,True,False,1,-0.1280333658854167
2022-04-26,2668.0,2869.39990234375,2655.050048828125,2812.550048828125,834855,2580.2549795990726,2383.6191770388887,66.22139945910575,160.89154294493034,3000.0,470054.4,True,False,True,True,2,-0.06248331705729171
2022-04-27,2849.699951171875,2870.0,2694.35009765625,2712.199951171875,603568,2592.8211673679107,2396.504697593123,59.45317488055555,161.94571147341745,3000.0,505743.3,True,False,True,True,2,-0.09593334960937505
2022-04-28,2761.10009765625,2834.800048828125,2720.60009765625,2796.64990234375,476132,2612.2334278418,2412.196666406873,62.890552039601076,159.13531048647693,3000.0,529918.35,True,False,True,False,1,-0.06778336588541667
2022-04-29,2837.800048828125,2900.0,2702.0,2789.5,617737,2629.115958523533,2426.992875567388,62.408163340462224,161.91135973744287,3000.0,545993.15,True,False,True,True,2,-0.07016666666666671
2022-05-02,2774.0,2838.0,2695.0,2804.449951171875,315168,2645.8144340138515,2441.795113826388,63.04641599719107,160.56054832762553,3000.0,544411.9,True,False,True,False,1,-0.065183349609375
2022-05-04,2818.85009765625,2820.0,2741.75,2783.300048828125,300718,2658.9083020914013,2455.187464218613,61.45669267151203,154.68122344708087,3000.0,542882.7,True,False,True,False,1,-0.07223331705729163
2022-05-05,2820.10009765625,2824.949951171875,2730.14990234375,2801.64990234375,235806,2672.5027402106725,2468.77422649803,62.3438606429256,150.40399668858402,3000.0,548098.05,True,False,True,False,1,-0.06611669921874996
2022-05-06,2700.0,2871.25,2690.14990234375,2816.5,345791,2686.2167649525136,2482.4105313412447,63.08440009151456,152.5965753291316,3000.0,543371.85,True,False,True,False,1,-0.0611666666666667
2022-05-09,2792.5,2805.300048828125,2612.0,2703.449951171875,218125,2687.858020782929,2491.0787438836223,54.325626899313505,156.3039628056222,3000.0,537905.4,True,False,True,False,1,-0.09885001627604162
2022-05-10,2703.0,2788.89990234375,2444.0,2482.550048828125,538084,2668.304880596757,2490.7442852539953,42.042273451791274,169.77510134405992,3000.0,536417.2,True,False,False,True,1,-0.1724833170572917
2022-05-11,2446.0,2649.89990234375,2250.0,2296.0,825849,2632.847272920875,2483.107254459721,34.87148143481549,186.21258712975205,3000.0,519534.7,True,False,False,True,1,-0.2346666666666667
2022-05-12,2300.0,2413.89990234375,2142.050048828125,2187.050048828125,702311,2590.3903944358512,2471.4971679643645,31.493071755732387,192.32953472874297,3000.0,543494.55,True,False,False,True,1,-0.2709833170572916
2022-05-13,2231.0,2296.39990234375,2111.300048828125,2190.60009765625,394360,2552.315128075889,2460.4815965797325,31.725182067800546,191.81312892780596,3000.0,549335.55,True,False,False,False,0,-0.2697999674479167
2022-05-16,2180.0,2273.949951171875,2116.25,2249.89990234375,317043,2523.5136780061616,2452.2234909234194,35.64738244527217,189.3764733738109,2900.0,498772.5,True,False,False,False,0,-0.2241724474676724
2022-05-17,2274.0,2355.0,2232.0,2333.39990234375,233157,2505.407604133551,2447.5637423516673,40.804159040460966,184.635296704253,2900.0,483221.9,True,False,False,False,0,-0.1953793440193966
2022-05-18,2361.39990234375,2450.0,2292.0,2316.0,384413,2487.3687846922603,2442.4043799065043,40.08334852431155,182.73277551109206,2900.0,468278.65,True,False,False,False,0,-0.2013793103448276
2022-05-19,2268.300048828125,2309.89990234375,2249.550048828125,2265.0,158207,2466.1908051977593,2435.4473454003673,37.96633604305131,174.42685948686227,2900.0,450341.95,True,False,False,False,0,-0.21896551724137936
2022-05-20,2340.0,2348.949951171875,2275.5,2310.949951171875,212364,2451.405961957199,2430.565094646309,40.99033829315582,167.9642231786489,2900.0,422294.05,True,False,False,False,0,-0.20312070649245695
2022-05-23,2313.0,2319.89990234375,2195.449951171875,2199.199951171875,225607,2427.386341882406,2421.4919517649582,36.34946358127089,164.85606089245076,2900.0,411863.6,True,False,False,False,0,-0.24165518925107754
2022-05-24,2220.0,2229.449951171875,2122.10009765625,2196.5,195577,2405.3971664650344,2412.668737970254,36.24269783956598,160.74847465124893,2900.0,404980.15,False,False,False,False,0,-0.24258620689655175
2022-05-25,2206.0,2206.0,2086.699951171875,2087.949951171875,152652,2375.1640983418765,2399.934667899729,32.15364331656339,157.78787280674007,2900.0,406743.6,False,False,False,False,0,-0.28001725821659484
2022-05-26,2100.0,2192.300048828125,1983.5999755859373,2148.10009765625,332786,2353.538955419436,2390.058802399985,36.4334335775393,161.42445855212918,2900.0,372633.45,False,False,False,False,0,-0.25927582839439656
2022-05-27,2210.0,2220.0,2093.050048828125,2186.25,179723,2337.606673950919,2382.066300345083,39.059138793313615,158.96199373925387,2900.0,359094.35,False,False,False,False,0,-0.24612068965517242
2022-05-30,2199.0,2237.949951171875,2140.199951171875,2162.0,288673,2320.8822288127362,2373.4362493511585,37.985067494537034,154.58970847216432,2900.0,344273.9,False,False,False,False,0,-0.2544827586206897
2022-05-31,2150.0,2150.0,2053.89990234375,2055.0,1190728,2295.560111782952,2360.948553298172,33.59526270696486,151.2690219853133,2871.25,327820.7,False,False,False,True,1,-0.2842838484980409
2022-06-01,2002.0,2002.0,1952.25,1957.9000244140625,678831,2263.40200822401,2345.1427286360504,30.186018115971336,147.80337755779092,2871.25,371598.7,False,False,False,True,1,-0.318101863504027
2022-06-02,1955.050048828125,2043.0,1870.550048828125,2025.699951171875,518074,2240.7637170761873,2332.6155608923573,35.135735514701864,149.56384710165406,2871.25,390504.35,False,False,False,True,1,-0.2944884802187636
2022-06-03,2048.0,2067.800048828125,1934.0,1956.050048828125,325093,2213.648129623991,2317.8482859094465,32.58027753061003,148.43786151068772,2871.25,404617.75,False,False,False,False,0,-0.31874617367762303
2022-06-06,2016.949951171875,2031.0,1925.0999755859373,2017.0999755859373,588718,2194.929257810843,2306.054234524211,36.91158142128076,145.39944457521452,2805.300048828125,403582.85,False,False,False,True,1,-0.28096818861549133
2022-06-07,2023.1500244140625,2079.0,1971.0999755859373,2046.0,750281,2180.745518971715,2295.856029248752,38.912287553482756,142.72091456370367,2788.89990234375,422112.5,False,False,False,True,1,-0.26637739910257374
2022-06-08,2060.0,2108.0,2022.25,2091.89990234375,226173,2172.2840316738134,2287.8577497622814,42.055296671967334,138.65156352343914,2649.89990234375,432722.35,False,False,False,False,0,-0.21057399168416402
2022-06-09,2091.0,2130.0,2050.0,2116.5,481043,2166.9712667524977,2281.1378380068977,43.726410936757674,134.4621661289078,2450.0,402738.55,False,False,False,True,1,-0.1361224489795918
2022-06-10,2069.89990234375,2112.949951171875,2005.0,2051.89990234375,641867,2156.01208918976,2272.1481150397153,40.42904664945204,132.8220114054144,2450.0,391675.15,False,False,False,True,1,-0.1624898357780612
2022-06-13,2012.75,2124.85009765625,2002.050048828125,2051.89990234375,592801,2146.0966428234733,2263.510930228109,40.42904664945204,132.10615693560803,2450.0,404050.5,False,False,False,True,1,-0.1624898357780612
2022-06-14,2041.5999755859373,2119.0,2040.5,2057.5,353481,2137.6588673164756,2255.4320702191635,40.87728525465929,128.27714572592174,2450.0,417838.4,False,False,False,False,0,-0.1602040816326531
2022-06-15,2086.0,2120.0,2038.300048828125,2057.300048828125,396775,2130.005646508061,2247.6621870273584,40.86546180639303,124.95020325777554,2450.0,423854.6,False,False,False,False,0,-0.16028569435586737
2022-06-16,2104.0,2150.0,2059.050048828125,2124.64990234375,596230,2129.4955756352697,2242.8381758632954,46.480720313407495,122.64661382306836,2348.949951171875,424472.7,False,False,False,True,1,-0.09548949679248098
2022-06-17,2124.0,2136.0,2005.0,2032.5999755859373,542578,2120.267423249619,2234.593540558301,40.78094995894021,123.24328426427778,2348.949951171875,446373.85,False,False,False,True,1,-0.134677188600001
2022-06-20,2034.949951171875,2088.0,2013.0,2060.25,366365,2114.5514781782263,2227.7565389677798,43.040427279413755,119.79733538825795,2319.89990234375,462884.55,False,False,False,False,0,-0.11192289032877267
2022-06-21,2068.0,2260.0,2060.25,2215.050048828125,286782,2124.122770621074,2227.258245236813,53.692978985109875,125.50824000338238,2237.949951171875,469922.45,False,False,True,False,1,-0.010232535509455354
2022-06-22,2180.0,2220.0,2082.64990234375,2122.35009765625,591300,2123.953944624424,2223.1442002336535,47.91410286899267,126.3540869785872,2260.0,474482.7,False,False,False,True,1,-0.06090703643528761
2022-06-23,2148.0,2168.0,2081.0,2105.0,463028,2122.1488070411456,2218.5110943421378,46.896740557266604,123.54308076583098,2260.0,496415.1,False,False,False,False,0,-0.06858407079646023
2022-06-24,2120.0,2168.949951171875,2095.050048828125,2152.10009765625,395909,2125.0013109092506,2215.9067415309264,50.000462715461325,119.99713944996806,2260.0,502927.2,False,False,True,False,1,-0.04774331962112832
2022-06-27,2162.550048828125,2179.949951171875,2118.050048828125,2140.550048828125,170984,2126.4821430920006,2212.9515771112087,49.24043361200828,115.84733679952392,2260.0,513736.5,False,False,False,False,0,-0.05285396069551995
2022-06-28,2150.0,2176.14990234375,2102.0,2163.39990234375,153729,2129.9981201635956,2211.0083741791514,50.832703960655245,112.8689486241115,2260.0,507852.05,False,False,True,False,1,-0.04274340604258853
2022-06-29,2130.0,2365.0,2130.0,2347.89990234375,1042073,2150.7506708474198,2216.376669401293,61.36984872555536,121.59259515096068,2260.0,456002.1,False,True,True,True,2,0.038893762099004414
2022-06-30,2355.949951171875,2499.89990234375,2355.949951171875,2473.64990234375,1018752,2181.5029786089754,2226.4658157911936,66.62060008186481,123.76455264017778,2365.0,474164.2,False,True,True,True,2,0.04594076209038045
2022-07-01,2500.0,2583.699951171875,2226.300048828125,2400.64990234375,741152,2202.3741142027634,2233.296564283451,61.40285166224498,140.45279190471865,2499.89990234375,499198.1,False,False,True,True,2,-0.039701589614427935
2022-07-04,2448.699951171875,2521.75,2395.0,2423.10009765625,293299,2223.3956364364285,2240.7398401019923,62.3787175512937,139.4740210543816,2583.699951171875,520001.05,False,False,True,False,1,-0.06215886385831393
2022-07-05,2465.0,2508.0,2427.949951171875,2476.300048828125,222016,2247.4817709499234,2249.9774953461542,64.65900444720107,135.57586971790792,2583.699951171875,505230.1,False,False,True,False,1,-0.041568256521055114
2022-07-06,2492.0,2523.0,2475.0,2511.64990234375,203550,2272.6406406064784,2260.239158365668,66.12812100332502,129.32045045234307,2583.699951171875,478816.85,True,False,True,False,1,-0.02788638394154308
2022-07-07,2524.89990234375,2531.25,2445.0,2466.10009765625,206862,2291.065350801695,2268.312136377064,62.521578993622924,126.24398970574714,2583.699951171875,477685.7,True,False,True,False,1,-0.04551606445720835
2022-07-08,2490.0,2574.0,2468.0,2545.89990234375,238893,2315.3353080914144,2279.197931120855,66.01821914490907,124.93369775131877,2583.699951171875,463976.65,True,False,True,False,1,-0.014630200697639095
2022-07-11,2545.0,2753.14990234375,2531.300048828125,2690.949951171875,753806,2351.108131241934,2295.345069162072,71.26590585383526,131.85628030591207,2583.699951171875,443827.95,True,True,True,True,2,0.041510238041129854
2022-07-12,2667.0,2812.0,2640.0,2749.800048828125,629867,2389.0787900596665,2313.1668330705447,73.08215743422933,134.72368885548977,2753.14990234375,451878.2,True,False,True,True,2,-0.0012167348798455269
2022-07-13,2773.0,2801.10009765625,2620.550048828125,2730.800048828125,417422,2421.6236718471387,2329.5446062375086,71.51056545583236,137.99700028210657,2812.0,465697.5,True,False,True,False,1,-0.028876227301520285
2022-07-14,2752.0,2965.0,2711.199951171875,2889.14990234375,685704,2466.149979513483,2351.489911967165,76.11967851619605,146.26864660682216,2812.0,466729.85,True,True,True,True,2,0.027435953891802978
2022-07-15,2970.39990234375,3015.0,2841.10009765625,2889.35009765625,752850,2506.454752669937,2372.5824682686975,76.12493746534574,148.24230773088843,2965.0,471203.55,True,False,True,True,2,-0.02551430095910623
2022-07-18,2922.0,3020.0,2911.300048828125,2980.5,1042670,2551.601919082324,2396.422371473847,78.45173259166798,146.98570734609282,3015.0,481717.15,True,False,True,True,2,-0.011442786069651767
2022-07-19,2965.0,3043.0,2930.0,3029.75,600437,2597.139831550674,2421.258749063108,79.6081256717647,144.55815682137194,3020.0,515532.4,True,True,True,True,2,0.0032284768211920944
2022-07-20,3042.0,3069.0,2977.25,3018.75,395496,2637.2931809268002,2444.689778511614,78.59362674607172,140.78614561984537,3043.0,531215.15,True,False,True,False,1,-0.007969109431482102
2022-07-21,3004.0,3055.0,2993.300048828125,3043.75,470889,2676.0033541718667,2468.182336217041,79.2411125829746,135.13713173070462,3069.0,521424.95,True,False,True,False,1,-0.008227435646790515
2022-07-22,3047.0,3059.300048828125,2928.64990234375,2977.449951171875,450566,2704.712553886153,2488.1536152348776,72.94007716586538,134.81663278453823,3069.0,521818.0,True,False,True,False,1,-0.029830579611640595
2022-07-25,2989.800048828125,3024.0,2960.0,2969.75,294966,2729.954215420805,2507.039747970765,72.22180587854113,129.75830187135693,3069.0,524550.85,True,False,True,False,1,-0.03233952427500819
2022-07-26,2984.60009765625,3000.0,2966.0,2993.75,293918,2755.077623475967,2526.1264245209313,73.11062016651069,122.91842316626001,3069.0,530749.95,True,False,True,False,1,-0.02451938742261328
2022-07-27,2993.75,3020.0,2958.699951171875,2996.10009765625,321156,2778.03214482647,2544.556764643885,73.20104427612948,118.51711071353608,3069.0,537759.4,True,False,True,False,1,-0.023753633868931257
2022-07-28,3014.0,3020.0,2965.0,3012.64990234375,364311,2800.376693161449,2562.9133582791737,73.86750712108957,113.9801742339978,3069.0,501713.55,True,False,True,False,1,-0.018361061471570572
2022-07-29,3027.75,3137.949951171875,3014.14990234375,3109.60009765625,356048,2829.826541208573,2584.3520539410197,77.41145148624909,114.78873670500688,3069.0,468991.5,True,True,True,False,1,0.013229096662186413
2022-08-01,3129.89990234375,3284.39990234375,3100.800048828125,3261.75,546289,2870.962108712519,2610.916679276666,81.6233671475679,119.7038164771939,3137.949951171875,449736.3,True,True,True,True,2,0.039452524977937165
2022-08-02,3275.39990234375,3442.0,3256.050048828125,3421.449951171875,629139,2923.3895222800766,2642.7022977823603,84.82236065616014,124.4356832410997,3284.39990234375,462385.8,True,True,True,True,2,0.04172757669683458
2022-08-03,3435.050048828125,3538.0,3420.550048828125,3505.35009765625,522007,2978.814338982569,2676.531623267611,86.1831733395619,123.93670237901222,3442.0,482741.95,True,True,True,True,2,0.018405025466661895
2022-08-04,3505.0,3548.0,3422.550048828125,3530.449951171875,523759,3031.351063952979,2710.018616518759,86.57108097308483,124.04479157850241,3538.0,498664.8,True,False,True,True,2,-0.002133987797661163
2022-08-05,3539.800048828125,3549.0,3182.800048828125,3313.550048828125,695816,3058.227157750612,2733.6865158250084,68.63791550955459,141.34158869231476,3548.0,514509.65,True,False,True,True,2,-0.06607946763581596
2022-08-08,3314.0,3474.0,3261.0,3447.35009765625,458387,3095.286485360673,2761.6733229556453,72.4317233699865,146.46004664286372,3549.0,537355.8,True,False,True,False,1,-0.02864184343300935
2022-08-10,3475.0,3475.0,3371.300048828125,3436.14990234375,339003,3127.74966793049,2788.123384892434,71.65037824561317,143.40575410922168,3549.0,522584.85,True,False,True,False,1,-0.031797717006551096
2022-08-11,3453.35009765625,3520.0,3404.75,3493.949951171875,341798,3162.6258853820505,2815.802858079863,73.25385467586842,141.39462881570586,3549.0,508041.65,True,False,True,False,1,-0.015511425423534786
2022-08-12,3490.949951171875,3553.0,3462.60009765625,3535.60009765625,279712,3198.1472389319742,2844.030200808349,74.37844367140829,137.75214835342328,3549.0,504260.45,True,False,True,False,1,-0.003775683951465214
2022-08-16,3553.300048828125,3588.89990234375,3537.0,3581.60009765625,289711,3234.666558810477,2872.954510488659,75.59875487647281,131.7198380915716,3553.0,483960.85,True,True,True,False,1,0.008049563089290723
2022-08-17,3589.0,3625.0,3565.0,3597.64990234375,387697,3269.2364010517413,2901.373937620231,76.02776760268155,126.59699251360222,3588.89990234375,460803.9,True,True,True,False,1,0.0024380730134840878
2022-08-18,3591.35009765625,3628.39990234375,3555.949951171875,3599.550048828125,238819,3300.6948436971115,2928.7533929617175,76.08138382993597,122.72934670347885,3625.0,428055.25,True,False,True,False,1,-0.007020676185344854
2022-08-19,3600.0,3694.0,3590.0,3635.25,408096,3332.557239535482,2956.4591422573367,77.11692502088553,121.39153622465894,3628.39990234375,409974.35,True,True,True,False,1,0.0018879114322061241
2022-08-22,3633.0,3658.0,3436.449951171875,3486.39990234375,356510,3347.208921707698,2977.2411328489607,64.56537909517341,128.5457156963351,3694.0,410604.35,True,False,True,False,1,-0.05619926845052792
2022-08-23,3415.0,3699.89990234375,3317.64990234375,3601.89990234375,570977,3371.4652055777983,3001.7375551820896,68.80777688423518,146.66745028945402,3694.0,404885.4,True,False,True,True,2,-0.0249323491218868
2022-08-24,3600.0,3770.0,3476.10009765625,3700.39990234375,1230027,3402.792319555508,3029.136078600194,71.89780717013483,157.18405400761804,3699.89990234375,410905.95,True,True,True,True,2,0.00013513879110171878
2022-08-25,3669.0,3784.89990234375,3669.0,3715.800048828125,501051,3432.6025794862335,3056.064077432662,72.35885474843948,154.23518603162748,3770.0,457659.0,True,False,True,True,2,-0.014376644873176359
2022-08-26,3734.39990234375,3785.0,3720.10009765625,3751.199951171875,287276,3462.9451863134377,3083.3243077753764,73.43763782588847,148.1612406845023,3784.89990234375,468015.65,True,False,True,False,1,-0.008903789278814633
2022-08-29,3522.0,3917.0,3522.0,3855.550048828125,980009,3500.336125600551,3113.607670169602,76.3657961096682,165.79258063560928,3785.0,466321.65,True,True,True,True,2,0.018639378818527064
2022-08-30,3910.0,4048.0,3880.0,3960.699951171875,1581530,3544.180299464487,3146.8269753069458,78.89099876692462,167.69667853105685,3917.0,497106.55,True,True,True,True,2,0.011156484853682702
2022-09-01,3982.0,3984.800048828125,3825.050048828125,3880.449951171875,595048,3576.205980579476,3175.596503772237,72.52234081999582,167.12905863598135,4048.0,558380.65,True,False,True,True,2,-0.04139082233896374
2022-09-02,3940.5,3971.85009765625,3832.199951171875,3866.550048828125,416381,3603.8577966031567,3202.6927212254095,71.44648828268525,165.1662791965809,4048.0,560818.6,True,False,True,False,1,-0.04482459268079919
2022-09-05,3862.800048828125,3920.0,3811.0,3881.25,388311,3630.2761016885706,3229.302810589119,71.92089735532163,161.1544021111108,4048.0,550180.7,True,False,True,False,1,-0.04119318181818177
2022-09-06,3895.0,3979.89990234375,3890.0,3964.050048828125,607394,3662.0640966542423,3258.116427774962,74.49173021907981,156.68979498487076,4048.0,543495.9,True,False,True,True,2,-0.020738624301352537
2022-09-07,3949.75,3950.0,3856.85009765625,3893.10009765625,455358,3684.0675253211,3283.0177481624637,68.68836393680611,153.15480614108534,4048.0,547677.65,True,False,True,False,1,-0.03826578615211218
2022-09-08,3933.0,3945.0,3881.300048828125,3925.949951171875,303146,3707.1039468306976,3308.2307757314607,69.85919124035603,146.7651736432846,4048.0,535654.75,True,False,True,False,1,-0.030150703761888553
2022-09-09,3945.949951171875,3960.0,3905.0,3931.10009765625,414999,3728.4369135759885,3332.65702365008,70.04828604134138,140.21051838305,4048.0,527892.7,True,False,True,False,1,-0.028878434373456052
2022-09-12,3914.0,4044.39990234375,3891.14990234375,4006.0,425256,3754.8714932354183,3359.0626305657634,72.72799769529398,141.14190992711787,4048.0,531692.5,True,False,True,False,1,-0.01037549407114624
2022-09-13,4010.0,4075.0,3970.25,4037.050048828125,341353,3781.7456413871046,3385.650372458405,73.77546366680303,138.5424877894666,4048.0,535865.4,True,False,True,False,1,-0.0027050274634078386
2022-09-14,3900.0,4060.10009765625,3883.14990234375,3978.14990234375,248319,3800.4508090972613,3408.8856481401835,68.40800631280992,141.28589546968328,4075.0,538947.45,True,False,True,False,1,-0.023766895130368115
2022-09-15,4003.25,4190.0,3990.10009765625,4105.39990234375,778257,3829.493579882641,3436.199932618755,72.98146311757318,146.3261956258666,4075.0,536877.85,True,True,True,True,2,0.007460098734662468
2022-09-16,4106.0,4236.75,3890.0,4094.75,997641,3854.756096084294,3462.0254254572355,72.04147436349412,160.6421816525904,4190.0,556405.85,True,False,True,True,2,-0.02273269689737467
2022-09-19,4165.0,4217.4501953125,3991.10009765625,4029.39990234375,508773,3871.3888395375757,3484.2754049429814,66.39076388209922,165.33560422428036,4236.75,594346.95,True,False,True,False,1,-0.048940838533368725
2022-09-20,4114.0,4114.0,3986.0,4021.550048828125,408642,3885.6899070890568,3505.3449988208304,65.72388998397892,162.6687753511175,4236.75,599380.8,True,False,True,False,1,-0.05079363926874958
2022-09-21,4030.0,4060.0,3840.300048828125,3865.75,474339,3883.79086831867,3519.478528278837,54.107212451275174,166.7424307668859,4236.75,601987.4,True,False,True,False,1,-0.08756712102437014
2022-09-22,3877.949951171875,4039.75,3821.10009765625,3997.89990234375,629474,3894.6583953686777,3538.240150791187,60.486701544030446,170.45010730809048,4236.75,597155.5,True,False,True,True,2,-0.056375782771286964
2022-09-23,4017.0,4033.89990234375,3840.0,3872.550048828125,367210,3892.552838555292,3551.350342871067,52.965667129269846,172.12509266778045,4236.75,567127.85,True,False,True,False,1,-0.08596210566398188
2022-09-26,3854.0,3854.0,3650.0,3713.0,364080,3875.4525682166927,3557.6895451114174,45.25272300791421,175.7268752506622,4236.75,560435.8,True,False,False,False,0,-0.12362069982887824
2022-09-27,3731.0,3795.050048828125,3582.0,3606.5,400150,3849.838037910341,3559.6036805972444,40.964559138976995,178.392816220481,4236.75,564276.0,True,False,False,False,0,-0.14875789225231606
2022-09-28,3589.0,3657.5,3540.5,3602.10009765625,364006,3826.2439483623325,3561.270206756421,40.79257598856621,174.0076150618752,4236.75,535283.05,True,False,False,False,0,-0.14979640109606418
2022-09-29,3647.0,3775.800048828125,3350.699951171875,3406.39990234375,887218,3786.2588011224675,3555.1968614853363,33.96270117025091,191.94279239004484,4236.75,474406.85,True,False,False,True,1,-0.19598751346108456
2022-09-30,3350.0,3417.449951171875,3232.0,3289.800048828125,1128419,3738.9770151896732,3544.7891433419163,30.668051609910805,191.47901801731842,4236.75,489015.35,True,False,False,True,1,-0.22350857406546887
2022-10-03,3328.89990234375,3420.0,3000.0,3123.64990234375,1223636,3680.3744330138707,3528.2738789890473,26.694202592818172,207.80194530179568,4236.75,524617.25,True,False,False,True,1,-0.26272498912049336
2022-10-04,3244.0,3350.0,3135.0,3318.60009765625,1426522,3645.919734408383,3520.0513777603105,37.007991992108536,209.12681332711384,4236.75,566383.5,True,False,False,True,1,-0.21671089923732811
2022-10-06,3363.85009765625,3415.75,3306.0,3358.75,755486,3618.570235893299,3513.725833534416,38.914180485223326,202.02846951803429,4236.75,607339.9,True,False,False,True,1,-0.2072343187584823
2022-10-07,3333.0,3349.0,3251.0,3278.60009765625,445396,3586.1921274897704,3504.5052164411545,36.537234816872875,195.294293123889,4236.75,622346.3,True,False,False,False,0,-0.22615209826960525
2022-10-10,3220.0,3250.0,3180.0,3191.449951171875,262753,3548.597634507114,3492.228539371771,34.09833298036497,188.3875648762005,4236.75,629458.8,True,False,False,False,0,-0.24672214523588243
2022-10-11,3248.699951171875,3248.699951171875,3130.0,3154.35009765625,362412,3511.0502500451266,3478.978404402535,33.08584555237691,183.4098781830344,4236.75,621846.5,True,False,False,False,0,-0.255478822763616
2022-10-12,3170.14990234375,3239.949951171875,3092.550048828125,3187.949951171875,333287,3480.2787930095787,3467.5655238836857,34.96917218025311,180.83773705165694,4236.75,618704.3,True,False,False,False,0,-0.24754825015120674
2022-10-13,3188.0,3211.85009765625,3102.0,3121.10009765625,271143,3446.0712982140235,3453.978644423786,32.98028643582339,175.76719138055645,4236.75,618301.0,False,False,False,False,0,-0.26332681945919634
2022-10-14,3204.0,3205.949951171875,3005.25,3035.300048828125,491098,3406.950226843938,3437.5598759690542,30.576560893678092,177.54810279422207,4236.75,619442.2,False,False,False,False,0,-0.2835782029083319
2022-10-17,3045.0,3096.699951171875,2972.35009765625,3074.35009765625,369563,3375.2740240641583,3423.3163552509054,32.97104326845712,173.74822784575088,4236.75,605084.25,False,False,False,False,0,-0.27436122082817016
2022-10-18,3119.0,3300.0,3112.050048828125,3243.0,637598,3362.6764979628097,3416.245125633223,42.23726089953267,177.4554903098937,4217.4501953125,573680.35,False,False,False,True,1,-0.23105197457827864
2022-10-19,3261.0,3340.0,3103.0,3141.699951171875,806069,3341.6311125541492,3405.478648203366,38.77031100611362,181.70866957347272,4114.0,580121.6,False,False,False,True,1,-0.236339340988849
2022-10-20,3150.0,3300.0,3112.89990234375,3270.050048828125,842167,3334.813868389766,3400.1677227376704,44.9373942505652,182.0937715793854,4060.0,599992.95,False,False,False,True,1,-0.19456895349060965
2022-10-21,3299.0,3319.89990234375,3200.449951171875,3273.699951171875,764057,3328.993495321395,3395.2082022841096,45.106713647770064,177.61921297884894,4039.75,618384.35,False,False,False,True,1,-0.18962808313091772
2022-10-24,3300.0,3332.60009765625,3254.949951171875,3283.949951171875,82855,3324.703633973822,3390.8451336130415,45.61251067092877,170.4785653721008,4033.89990234375,625113.5,False,False,False,False,0,-0.18591188907194844
2022-10-25,3320.0,3324.949951171875,3150.0,3188.449951171875,541744,3311.7270927545887,3382.9080676349568,41.752376283890264,170.7979500720847,3854.0,610895.75,False,False,False,False,0,-0.17269072361912952
2022-10-27,3219.5,3300.0,3192.25,3282.449951171875,596955,3308.938793556235,3378.9685336560124,46.54745762186562,166.56595712608757,3795.050048828125,619778.95,False,False,False,False,0,-0.13507070817538647
2022-10-28,3298.89990234375,3298.89990234375,3220.25,3277.949951171875,515385,3305.9874752339147,3375.007020617419,46.350739767221455,160.2862389273492,3775.800048828125,629619.2,False,False,False,False,0,-0.13185287653427646
2022-10-31,3294.35009765625,3375.0,3259.449951171875,3348.699951171875,541936,3310.055330085149,3373.975370835241,49.933314582880094,157.0907967774046,3775.800048828125,637188.15,False,False,False,False,0,-0.11311512583639238
2022-11-01,3358.10009765625,3364.949951171875,3292.10009765625,3342.449951171875,721760,3313.1405320934086,3372.7390798680503,49.618097391950606,151.07358654442032,3420.0,619924.05,False,False,False,True,1,-0.022675452873720747
2022-11-02,3350.0,3355.0,3282.0,3308.60009765625,595988,3312.7081097660603,3370.223825663666,47.85604912729595,145.49690179124747,3420.0,599591.1,False,False,False,False,0,-0.03257307086074557
2022-11-03,3228.0,3324.300048828125,3228.0,3292.14990234375,535050,3310.75018524965,3367.1621031805325,46.98284465844423,141.98284086531015,3415.75,568208.7,False,False,False,False,0,-0.036185346602137125
2022-11-04,3300.0,3335.0,3235.0,3319.449951171875,460864,3311.5787343851,3365.2910383958792,48.65715547406955,138.984066517788,3415.75,523635.1,False,False,False,False,0,-0.028192944105430717
2022-11-07,3349.0,3385.0,3291.050048828125,3332.449951171875,629372,3313.5664693171734,3364.003152622389,49.47540750551395,135.76734399307995,3375.0,508904.0,False,False,False,True,1,-0.012607421874999969
2022-11-09,3346.10009765625,3385.0,3255.550048828125,3290.0,755739,3311.322043667919,3361.1010682058245,46.849779228382886,135.31610164870816,3385.0,518102.8,False,False,False,True,1,-0.028064992614475592
2022-11-10,3273.14990234375,3330.0,3243.39990234375,3295.14990234375,980044,3309.781839732284,3358.5147479759394,47.215756943171506,131.8363870778183,3385.0,542752.1,False,False,False,True,1,-0.026543603443500707
2022-11-11,3324.85009765625,3327.949951171875,3266.050048828125,3292.050048828125,859154,3308.093097741412,3355.908289185829,47.00594547538376,126.8409238825277,3385.0,573633.7,False,False,False,True,1,-0.027459365191100482
2022-11-14,3292.050048828125,3300.35009765625,3262.699951171875,3287.64990234375,932226,3306.146126751158,3353.2314897018255,46.68879484727799,120.47015406837394,3385.0,599927.05,False,False,False,True,1,-0.02875926075516988
2022-11-15,3287.64990234375,3305.449951171875,3257.64990234375,3290.300048828125,939040,3304.6369764727738,3350.7635900597197,46.921080446346146,115.27943226549903,3385.0,632981.2,False,False,False,True,1,-0.027976351897156526
2022-11-16,3295.0,3295.0,3241.050048828125,3271.14990234375,969817,3301.4477313176285,3347.6414846590937,45.38229817399127,110.89875504452588,3385.0,655378.3,False,False,False,True,1,-0.03363370684084199
2022-11-17,3270.0,3285.0,3065.0,3117.550048828125,712438,3283.933666318628,3338.618291097095,35.36435980756228,118.69170111277403,3385.0,685391.0,False,False,False,True,1,-0.07901032530926888
2022-11-18,3125.0,3158.0,3066.5,3116.25,853311,3267.9637933359018,3329.8979659560323,35.293346742274025,116.74943674757588,3385.0,689133.0,False,False,False,True,1,-0.07939438700147705
2022-11-21,3075.0,3109.949951171875,3001.64990234375,3018.699951171875,976477,3244.2243797964707,3317.694122239007,30.366005546363382,116.5959125267669,3385.0,691495.1,False,False,False,True,1,-0.10821271752677253
2022-11-22,3018.10009765625,3031.949951171875,2851.25,2875.14990234375,608750,3209.0744295628783,3300.3394469489967,24.86472295188605,121.1747724299889,3385.0,698210.6,False,False,False,False,0,-0.15062041289697192
2022-11-23,2890.0,2958.0,2820.0,2856.85009765625,894768,3175.5292550955805,3282.9477077610463,24.261304983424466,122.37657439927543,3385.0,690445.25,False,False,False,True,1,-0.15602655903803542
2022-11-24,2870.0,2878.449951171875,2768.85009765625,2790.85009765625,400184,3138.8931448632634,3263.6497622667407,22.17147320301494,121.4639514790147,3385.0,731040.9,False,False,False,False,0,-0.17552434338072376
2022-11-25,2790.85009765625,2795.0,2725.0,2739.60009765625,562296,3100.8652356054527,3243.0987950271137,20.681706830126075,117.78795494479937,3385.0,723962.9,False,False,False,False,0,-0.19066466834379614
2022-11-28,2741.0,2771.949951171875,2704.0,2716.14990234375,718413,3064.2256800567193,3222.434132568943,20.018879127665627,114.22809753244762,3385.0,722229.95,False,False,False,False,0,-0.19759234790435742
2022-11-29,2716.0,2816.64990234375,2708.050048828125,2782.699951171875,733984,3037.4137058772103,3205.189654867097,27.154078499917887,113.82608010267457,3385.0,732381.35,False,False,False,True,1,-0.17793206760062774
2022-11-30,2819.199951171875,2999.89990234375,2789.64990234375,2908.5,1531228,3025.136210079381,3193.5547664409364,38.350195863739174,121.20992803618888,3385.0,741983.75,False,False,False,True,1,-0.14076809453471195
2022-12-01,2971.60009765625,2995.0,2800.0,2834.25,904665,3006.956571024202,3179.4643834432527,34.937093563698085,126.4806474621754,3385.0,782457.15,False,False,False,True,1,-0.1627031019202363
2022-12-02,2849.949951171875,2849.949951171875,2725.0,2745.699951171875,880661,2982.074988181123,3162.4540135502575,31.353307240161982,126.37131201286823,3385.0,797891.0,False,False,False,True,1,-0.18886264367152883
2022-12-05,2760.0,2780.300048828125,2700.0,2716.14990234375,413008,2956.7487895299446,3144.9518915421595,30.238574566315975,123.0805074996723,3385.0,815171.55,False,False,False,False,0,-0.19759234790435742
2022-12-06,2725.0,2785.0,2718.050048828125,2773.0,569457,2939.248904812807,3130.3655428542315,35.024795308402744,119.2069067965707,3385.0,812778.75,False,False,False,False,0,-0.18079763663220083
2022-12-07,2782.0,2807.949951171875,2720.0,2741.550048828125,344577,2920.420442338075,3115.1178764218353,33.64939814827781,116.97426710909244,3385.0,809783.0,False,False,False,False,0,-0.1900886118676145
2022-12-08,2755.300048828125,2767.449951171875,2671.050048828125,2691.39990234375,362799,2898.6089623386156,3098.5014852815184,31.52358525764808,115.5046696258537,3330.0,789224.9,False,False,False,False,0,-0.19177180109797298
2022-12-09,2704.89990234375,2716.60009765625,2630.0,2646.39990234375,363668,2874.589051862914,3080.7720114408216,29.709852793336026,113.44005734231057,3327.949951171875,758362.65,False,False,False,False,0,-0.20479576280530598
2022-12-12,2646.0,2705.800048828125,2614.050048828125,2687.85009765625,717849,2856.8043895575174,3065.3633089394657,33.50497302326609,111.89076753214553,3305.449951171875,733588.35,False,False,False,False,0,-0.1868428996471928
2022-12-13,2697.85009765625,2704.85009765625,2631.10009765625,2652.800048828125,277895,2837.3754047261464,3049.1843575625503,31.9348189373231,109.16642699413514,3305.449951171875,722869.5,False,False,False,False,0,-0.19744661452591872
2022-12-14,2658.0,2704.0,2640.050048828125,2672.449951171875,322503,2821.6682186733588,3034.41045927272,33.807644336414654,105.93667872111656,3295.0,689812.25,False,False,False,False,0,-0.1889377993408573
2022-12-15,2666.0,2674.0,2632.0,2657.0,227563,2805.9855311806577,3019.610049105162,33.03791798392578,101.36977309817966,3285.0,657446.55,False,False,False,False,0,-0.1911719939117199
2022-12-16,2650.5,2684.949951171875,2568.949951171875,2643.5,441252,2790.5107186872615,3004.8606354147632,32.34494047200678,102.41478930545256,3158.0,633202.8,False,False,False,False,0,-0.16291956934768836
2022-12-19,2656.75,2700.0,2627.0,2679.300048828125,160278,2779.9192263197247,2992.093553587836,36.16856810337286,100.31373292649165,3109.949951171875,612599.85,False,False,False,False,0,-0.13847486586768853
2022-12-20,2686.0,2700.0,2641.25,2688.35009765625,208608,2771.198356923203,2980.1820455120874,37.13580017738639,97.34489486031367,3031.949951171875,571789.9,False,False,False,False,0,-0.11332636060922463
2022-12-21,2688.449951171875,2740.85009765625,2600.0,2615.75,393405,2756.3937515019456,2965.8905927469073,32.83714631006423,100.45240934573769,2999.89990234375,551782.8,False,False,False,False,0,-0.12805424009101862
2022-12-22,2620.0,2645.949951171875,2487.050048828125,2518.0,375524,2733.6895846922366,2948.32625577644,28.117768130599273,104.62723027416715,2999.89990234375,526714.65,False,False,False,False,0,-0.16063866063239418
2022-12-23,2496.0,2499.0,2240.85009765625,2270.199951171875,693487,2689.5477148331547,2921.733067360575,20.194271626949785,116.95027827913735,2999.89990234375,525481.65,False,False,False,True,1,-0.24324143302307455
2022-12-26,2279.949951171875,2493.050048828125,2181.5,2466.14990234375,1209774,2668.2717326913066,2903.867060889327,35.639200454634974,130.85026188977932,2999.89990234375,532041.2,False,False,False,True,1,-0.1779226032118585
2022-12-27,2490.800048828125,2583.25,2460.0,2501.800048828125,1177178,2652.417286609099,2888.0997270830053,37.990515428608774,130.30738604050936,2999.89990234375,556609.25,False,False,False,True,1,-0.16603882453760255
2022-12-28,2498.199951171875,2577.699951171875,2458.10009765625,2564.449951171875,980502,2644.039445138887,2875.407579008059,42.00062686810516,129.54256228873192,2999.89990234375,578768.95,False,False,False,True,1,-0.14515482694328175
2022-12-29,2530.0,2760.0,2482.64990234375,2669.5,1008521,2646.464259887565,2867.3327719881354,48.06541369509767,140.1002433864118,2995.0,551232.65,False,False,False,True,1,-0.10868113522537559
2022-12-30,2715.0,2761.60009765625,2555.0,2589.25,1142650,2641.0152827554157,2856.4275652435026,44.25810152375645,144.85023297711453,2849.949951171875,556425.45,False,False,False,True,1,-0.0914752734744263
2023-01-02,2609.60009765625,2647.949951171875,2530.0,2549.5,682492,2632.2995415406144,2844.3911901359143,42.46385546531125,142.9287842767403,2807.949951171875,569524.9,False,False,False,True,1,-0.09204222143062524
2023-01-03,2562.25,2609.75,2521.10009765625,2576.550048828125,441200,2626.9900660441867,2833.8876159669812,44.1239414672762,139.05172128152668,2807.949951171875,582999.1,False,False,False,False,0,-0.082408841456443
2023-01-04,2575.0,2576.550048828125,2500.0,2512.699951171875,350134,2616.1052931992044,2821.2920212691342,41.108831482933496,134.5873161062837,2807.949951171875,576586.25,False,False,False,False,0,-0.10514788551582976
2023-01-05,2525.300048828125,2580.0,2437.800048828125,2554.14990234375,567439,2610.2047797843993,2810.8158597426486,43.79392407012201,135.13107575382594,2767.449951171875,576864.1,False,False,False,False,0,-0.07707458222968155
2023-01-06,2540.0,2561.449951171875,2497.25,2523.35009765625,398510,2601.932905296004,2799.5426926020054,42.252335655919424,130.06456685511517,2761.60009765625,587096.1,False,False,False,False,0,-0.08627244770240305
2023-01-09,2535.949951171875,2635.0,2532.0,2614.5,375283,2603.1297714582893,2792.2861164215346,48.07743870829599,128.74923367573194,2761.60009765625,588838.2,False,False,False,False,0,-0.05326625595830936
2023-01-10,2615.0,2680.0,2545.199951171875,2652.0,550065,2607.7840789384522,2786.7847000912784,50.29868547251797,129.18143475804575,2761.60009765625,571709.9,False,False,True,False,1,-0.03968717184985138
2023-01-11,2652.0,2652.0,2552.050048828125,2585.35009765625,637446,2605.647509292528,2778.8853039173555,46.49179851839431,127.09347164474785,2761.60009765625,585318.4,False,False,False,True,1,-0.06382169530975257
2023-01-12,2584.0,2646.0,2560.35009765625,2624.0,637850,2607.3953655503824,2772.8113704304005,48.90676078475534,124.13321669467658,2761.60009765625,601065.55,False,False,False,True,1,-0.04982622131750003
2023-01-13,2628.0,2705.0,2591.60009765625,2689.050048828125,461162,2615.1720020530247,2769.5266127205073,52.77033097929113,123.36655138389611,2761.60009765625,621579.9,False,False,True,False,1,-0.026271019069595836
2023-01-16,2684.800048828125,2724.800048828125,2641.10009765625,2703.10009765625,463560,2623.546106396189,2766.9216513454385,53.58669296593058,120.53322279732318,2761.60009765625,622575.4,False,False,True,False,1,-0.021183371209194446
2023-01-17,2694.75,2779.0,2676.39990234375,2725.050048828125,806251,2633.2131485325635,2765.279627717309,54.89829253065603,119.25228528724652,2761.60009765625,637739.5,False,False,True,True,2,-0.013235098325476202
2023-01-18,2719.25,2738.949951171875,2682.35009765625,2710.75,409175,2640.597610577081,2763.141210944081,53.831008740390466,114.77711158927356,2779.0,667621.65,False,False,True,False,1,-0.024559193954659997
2023-01-19,2679.050048828125,2753.85009765625,2640.0,2734.10009765625,391025,2649.502609346526,2762.002343756323,55.35719797604406,114.71089630834331,2779.0,668410.15,False,False,True,False,1,-0.016156855827186067
2023-01-20,2711.5,2755.0,2693.550048828125,2737.949951171875,459208,2657.926165710845,2761.0591126745803,55.617698145696195,110.90654308430986,2779.0,669185.2,False,False,True,False,1,-0.014771518110156534
2023-01-23,2744.949951171875,2799.0,2735.0,2784.10009765625,446563,2669.9427306580264,2761.962680713077,58.72682209765276,107.55607572114486,2779.0,657471.25,False,True,True,False,1,0.0018352276560813507
2023-01-24,2790.0,2799.949951171875,2727.10009765625,2762.14990234375,351797,2678.724366056667,2761.9700227378094,56.6925719236634,105.07705984932203,2799.0,619310.7,False,False,True,False,1,-0.013165451109771298
2023-01-25,2720.0,2737.75,2433.89990234375,2517.75,664314,2663.39347405127,2752.3927669441696,40.05548789964981,121.01798414579902,2799.949951171875,578041.65,False,False,False,True,1,-0.10078749838144951
2023-01-27,2406.050048828125,2448.0,2014.199951171875,2014.199951171875,2529574,2601.565519491328,2723.4440290707466,24.25922681987079,148.34170305167945,2799.949951171875,562232.25,False,False,False,True,1,-0.28063001614408745
2023-01-30,1775.0,1860.0,1611.4000244140625,1708.199951171875,5208061,2516.483084413285,2683.6305358198106,19.28272513769579,166.51729045926038,2799.949951171875,638284.9,False,False,False,True,1,-0.389917683901123
2023-01-31,1700.0,1835.0,1557.050048828125,1774.0,3693584,2445.7704097072574,2647.9587501013866,22.943282185162104,174.47676622444715,2799.949951171875,841555.45,False,False,False,True,1,-0.3664172464020222
2023-02-01,1809.5,1825.0,1596.5999755859375,1723.5,2147989,2376.9827516398996,2611.705465783685,22.114376288559086,178.3284275237054,2799.949951171875,992110.05,False,False,False,True,1,-0.38445328307434345
2023-02-02,1580.0,1637.300048828125,1551.1500244140625,1551.1500244140625,758683,2298.3320157136295,2570.11505631821,19.5221028475208,177.90139524243625,2799.949951171875,1077449.5,False,False,False,False,0,-0.4460079460474452
2023-02-03,1396.050048828125,1396.050048828125,1396.050048828125,1396.050048828125,108189,2212.400399819772,2524.073291318599,17.530570554977615,176.2727224098292,2799.949951171875,1097876.95,False,False,False,False,0,-0.5014017846126748
2023-02-06,1256.449951171875,1256.449951171875,1256.449951171875,1256.449951171875,134165,2121.3574999485436,2474.3625720971586,15.95308922923951,173.653249213145,2799.949951171875,1074914.45,False,False,False,False,0,-0.5512598535391651
2023-02-07,1193.6500244140625,1319.25,1193.6500244140625,1252.199951171875,2833960,2038.5805905412417,2426.43462617852,15.906162371061626,170.22087252548732,2799.949951171875,1061697.2,False,False,False,True,1,-0.5527777378135683
2023-02-08,1271.75,1314.800048828125,1271.75,1314.800048828125,1521910,1969.6491103780877,2382.8411133412496,19.655079774745147,162.5336743205418,2799.949951171875,1184631.05,False,False,False,True,1,-0.530420160446855
2023-02-09,1284.0,1296.0,1249.0999755859375,1249.0999755859375,831921,1901.0253832550259,2338.3806765665317,18.712229438250233,155.61698852923078,2799.949951171875,1233223.3,False,False,False,False,0,-0.5538848917413162
2023-02-10,1186.6500244140625,1186.6500244140625,1186.6500244140625,1186.6500244140625,84888,1832.9896347939816,2293.214768638984,17.836387414516622,148.96220014656254,2799.949951171875,1242947.05,False,False,False,False,0,-0.5761888444050907
2023-02-13,1127.3499755859375,1127.3499755859375,1127.3499755859375,1127.3499755859375,30886,1765.7858577265488,2247.4945806761193,17.021664551001635,142.55776076667414,2799.949951171875,1215298.95,False,False,False,False,0,-0.597367811837457
2023-02-14,1071.0,1071.0,1071.0,1071.0,47784,1699.615776038306,2201.3575382966637,16.261534509341388,136.40006182519295,2799.949951171875,1193785.15,False,False,False,False,0,-0.6174931628503753
2023-02-15,1017.4500122070312,1017.4500122070312,1017.4500122070312,1017.4500122070312,75876,1634.647608054375,2154.929792175502,15.550828905399982,130.4821993943198,2799.949951171875,1172996.35,False,False,False,False,0,-0.6366185003481246
2023-02-16,966.5999755859376,1068.300048828125,966.5999755859376,968.5499877929688,3689508,1571.2097394580505,2108.405093964422,14.910002619476913,128.42633324059605,2799.949951171875,1136477.6,False,False,False,True,1,-0.6540831069542521
2023-02-17,953.0499877929688,987.9500122070312,920.1500244140624,920.4000244140624,1596131,1509.2278618348137,2061.816659864408,14.2857486015766,124.09587999433697,2799.949951171875,1300494.25,False,False,False,True,1,-0.6712798298309427
2023-02-20,887.0499877929688,897.75,874.4000244140625,874.4000244140625,968551,1448.7680677947421,2015.251301611453,13.695795559366374,118.51760285188432,2799.949951171875,1360749.55,False,False,False,False,0,-0.6877086949186016
2023-02-21,830.7000122070312,830.7000122070312,830.7000122070312,830.7000122070312,105101,1389.9044434530556,1968.7983098701031,13.14060973452925,113.17348923439482,2799.949951171875,1386216.7,False,False,False,False,0,-0.7033161211116096
2023-02-22,789.2000122070312,789.2000122070312,789.2000122070312,789.2000122070312,57508,1332.694497620101,1922.5395530990024,12.617519848629115,108.0539542890809,2799.949951171875,1369143.6,False,False,False,False,0,-0.7181378146146062
2023-02-23,749.75,749.75,749.75,749.75,46327,1277.1759740372343,1876.5478059186496,12.123469228588718,103.15367271179164,2737.75,1354429.15,False,False,False,False,0,-0.7261437311661035
2023-02-24,712.2999877929688,712.2999877929688,712.2999877929688,712.2999877929688,111971,1223.37826106159,1830.8910287372505,11.656844283156346,98.46055410430877,2448.0,1323529.8,False,False,False,False,0,-0.7090277827643101
2023-02-27,676.7000122070312,676.7000122070312,676.7000122070312,676.7000122070312,73016,1171.3136659325844,1785.6286359321439,11.21494763471668,93.97051278156798,1860.0,1202649.65,False,False,False,False,0,-0.6361827891360047
2023-02-28,642.9000244140625,674.4000244140625,642.9000244140625,642.9000244140625,4607943,1120.9885572165347,1740.8157492059447,10.796469286385445,89.67261813952518,1835.0,945897.4,False,False,False,True,1,-0.6496457632620913
2023-03-01,631.5,675.0,631.5,675.0,2628313,1078.5134565292456,1699.019053158653,14.075646285773288,86.37457398670196,1825.0,991615.35,False,False,False,True,1,-0.6301369863013699
2023-03-02,700.0,708.75,685.0,708.75,1300464,1043.297889240746,1660.1849726426274,17.509186663164584,82.61567584479468,1637.300048828125,1015631.55,False,False,False,True,1,-0.5671227149188214
2023-03-03,744.1500244140625,744.1500244140625,744.1500244140625,744.1500244140625,1014976,1014.8076164001094,1624.2620334964092,21.071830310022435,79.24312931402811,1396.050048828125,1042720.6,False,False,False,False,0,-0.4669603535784993
2023-03-06,781.3499755859375,781.3499755859375,781.3499755859375,781.3499755859375,1187948,992.5735553701883,1591.2066586763908,24.74971766738244,76.24004516101718,1319.25,1088059.95,False,False,False,True,1,-0.40773168422517525
2023-03-08,815.0,820.4000244140625,801.0,820.4000244140625,1812185,976.1760762315096,1560.9789475288485,28.51539256646211,73.58361685152488,1319.25,1140749.1,False,False,False,True,1,-0.37813149561185333
2023-03-09,861.4000244140625,861.4000244140625,861.4000244140625,861.4000244140625,957485,965.245023677467,1533.5444799557197,32.3435588841311,71.25621564784454,1314.800048828125,1089660.35,False,False,False,False,0,-0.3448433279403783
2023-03-10,877.0,904.4500122070312,863.4500122070312,904.4500122070312,1038717,959.4550225850445,1508.8741086714574,36.206587749654204,69.24148508678199,1296.0,1061439.1,False,False,False,False,0,-0.3021219041612413
2023-03-13,949.6500244140624,949.6500244140624,949.6500244140624,949.6500244140624,589390,958.5212132354272,1486.9437524260693,40.07537068194548,67.52423702394265,1186.6500244140625,1071778.9,False,False,False,False,0,-0.19972190209748208
2023-03-14,979.7999877929688,979.7999877929688,902.2000122070312,902.2000122070312,2540765,953.1572893279609,1464.0126253586561,37.50403384182845,68.24393263551372,1127.3499755859375,1097004.0,False,False,False,True,1,-0.19971612033067643
2023-03-15,857.0999755859375,947.2999877929688,857.0999755859375,928.3499755859376,2706203,950.7946880191969,1443.0062469361965,39.79660002771165,69.81222403347925,1071.0,1222497.95,False,False,False,True,1,-0.13319330010650088
2023-03-16,940.0,974.75,906.25,973.7000122070312,3151991,952.9761474656573,1424.602080868386,43.656740458749844,69.71849374537359,1068.300048828125,1355418.9,False,False,False,True,1,-0.08855193512802473
2023-03-17,994.2999877929688,1022.3499755859376,988.0,1022.3499755859376,2455413,959.5831787152079,1408.8274885043686,47.54252759042845,68.21359871919736,1068.300048828125,1509224.65,False,False,False,True,1,-0.043012329066719146
2023-03-20,986.0999755859376,1054.300048828125,971.25,1009.0999755859376,2491229,964.2990641314678,1393.1518997624694,46.59990017198526,69.27334515554934,1022.3499755859376,1447519.9,False,False,False,True,1,-0.012960336789176408
2023-03-21,1019.9500122070312,1037.699951171875,972.2999877929688,1006.0999755859376,2265181,968.2801033176079,1377.9733929320173,46.3756987684129,68.99667502864627,1054.300048828125,1492274.8,False,False,False,True,1,-0.04571760505537559
2023-03-22,1014.0,1044.0,1011.2999877929688,1032.800048828125,1714719,974.4248600328953,1364.437183359316,48.739505752064396,66.77548569903314,1054.300048828125,1557106.3,False,False,False,True,1,-0.020392676661542097
2023-03-23,1038.0,1084.4000244140625,1022.0999755859376,1084.4000244140625,1814692,984.898685212054,1353.4553339889137,53.04709750195168,66.4558116368254,1054.300048828125,1637587.2,False,True,True,True,2,0.028549724169503854
2023-03-24,1107.0,1138.5999755859375,1042.300048828125,1124.550048828125,3875691,998.1988150802513,1344.478656139471,56.135845724480106,68.58753414546734,1084.4000244140625,1725446.4,False,True,True,True,2,0.037025104675515674
2023-03-27,1150.0,1168.300048828125,1068.3499755859375,1068.4000244140625,1910352,1004.8846445406143,1333.6520431306315,51.07548599424019,70.82771550951878,1138.5999755859375,1916914.6,False,False,True,False,1,-0.06165462205964767
2023-03-28,1025.0,1033.5,1015.0,1015.0,265756,1005.8480117272225,1321.1558845764891,46.75852510182075,69.5828804312719,1168.300048828125,2006833.65,False,False,False,False,0,-0.13121633349403194
2023-03-29,964.25,1045.0,964.25,1003.4500122070312,3344811,1005.6196308205376,1308.6968307580792,45.85574064741789,70.38053182903819,1168.300048828125,2016470.65,False,False,False,True,1,-0.1411024820091793
2023-03-31,1018.2999877929688,1044.0,974.2000122070312,993.0499877929688,1096793,1004.4225219607691,1296.31852319082,45.01299085255905,70.33906439789038,1168.300048828125,1953314.05,False,False,False,False,0,-0.15000432569607658
2023-04-03,997.0,1008.7000122070312,943.4000244140624,943.4000244140624,818446,998.6108555277494,1282.4785820623197,41.127004436665736,69.9791303546817,1168.300048828125,1876738.05,False,False,False,False,0,-0.19250193872682864
2023-04-05,915.0,952.0,896.25,907.8499755859376,1123682,989.9669621999578,1267.787264161285,38.56011212943363,68.96276390077587,1168.300048828125,1852637.15,False,False,False,False,0,-0.22293080746117777
2023-04-06,933.0,953.2000122070312,896.25,953.2000122070312,797149,986.4653479149172,1255.450509182687,43.412167555402625,68.10471020836555,1168.300048828125,1858072.45,False,False,False,False,0,-0.18411369308496728
2023-04-10,984.0,1000.8499755859376,983.9500122070312,1000.8499755859376,1048207,987.8353124550144,1245.4661745318342,48.054074594561165,66.64365686340417,1168.300048828125,1838532.5,False,False,False,False,0,-0.14332796905225664
2023-04-11,1032.9000244140625,1050.8499755859375,1029.8499755859375,1050.8499755859375,409783,993.8367089436738,1237.8341667300344,52.46081277898658,65.45482423030387,1168.300048828125,1800333.6,False,False,True,False,1,-0.10053074410122376
2023-04-12,1097.0,1099.0,1015.0,1043.449951171875,2431677,998.5617796320739,1230.211256315989,51.76094533418776,66.77947964242503,1168.300048828125,1772948.5,False,False,True,True,2,-0.10686475429105913
2023-04-13,1040.0,1055.949951171875,1015.0499877929688,1030.8499755859375,773311,1001.6368459133943,1222.3931668755947,50.524974799468076,64.93094276645941,1168.300048828125,1842596.5,False,False,True,False,1,-0.11764963408163698
2023-04-17,1043.8499755859375,1049.550048828125,1011.2999877929688,1039.5,581250,1005.2428605883091,1215.2208858216497,51.38324532007665,63.025165499937756,1168.300048828125,1851792.55,False,False,True,False,1,-0.1102456932680258
2023-04-18,1047.25,1057.0,1027.0,1032.050048828125,372989,1007.7959261349583,1208.0377157434723,50.56957541067358,60.66622510708506,1168.300048828125,1753816.8,False,False,True,False,1,-0.11662243799156469
2023-04-19,1038.75,1038.75,1005.0,1017.7000122070312,320995,1008.7391724275367,1200.5734920753766,48.96128741505104,58.74363759943613,1168.300048828125,1637156.1,False,False,False,False,0,-0.12890527289813491
2023-04-20,1020.0,1025.0,1007.0499877929688,1011.0999755859376,296621,1008.9640108235749,1193.1431580953986,48.201980396687304,55.82980721426435,1168.300048828125,1495606.3,False,False,False,False,0,-0.13455453793729488
2023-04-21,1012.5,1016.7999877929688,985.0999755859376,994.9000244140624,253759,1007.6245835464784,1185.3689175588756,46.30381772412355,54.106250428033405,1168.300048828125,1387666.7,False,False,False,False,0,-0.14842079702726474
2023-04-24,998.9500122070312,999.0,960.4000244140624,965.0999755859376,290276,1003.5746208835698,1176.7309198344467,42.953005736487185,52.998659367883704,1168.300048828125,1275793.2,False,False,False,False,0,-0.17392798489224515
2023-04-25,969.0,1013.3499755859376,965.2000122070312,1012.9500122070312,742228,1004.467515295328,1170.3081391431756,49.29770265101696,52.65946941303487,1168.300048828125,1177047.95,False,False,False,False,0,-0.13297100926848304
2023-04-26,1012.0,1021.2000122070312,985.0,987.7999877929688,528831,1002.8801317236747,1163.1509567372852,46.37804853710422,51.48379389832033,1168.300048828125,1128423.4,False,False,False,False,0,-0.154498034315935
2023-04-27,989.8499755859376,997.7000122070312,975.0499877929688,982.2999877929688,236845,1000.9201180159885,1156.0587618767238,45.74006356465524,49.42423893515906,1168.300048828125,1064130.35,False,False,False,False,0,-0.15920572906054864
2023-04-28,995.0,1031.4000244140625,987.0999755859376,1029.449951171875,914154,1003.6372449832157,1151.0937104765337,51.854507480990584,49.40108162701154,1168.300048828125,882188.05,False,False,True,True,2,-0.11884797727734842
2023-05-02,1022.0,1077.699951171875,1015.0,1021.9500122070312,1329916,1005.3813180521506,1146.0292517208668,50.87248442257209,50.35100088021608,1099.0,832378.15,False,False,True,True,2,-0.07010917906548564
2023-05-03,1023.0,1036.0,984.0,993.0499877929688,694882,1004.2069056465142,1140.030064900165,47.16578474478389,50.46878653162922,1099.0,885586.15,False,False,False,False,0,-0.09640583458328589
2023-05-04,993.0499877929688,1025.3499755859375,990.0,1011.5499877929688,247361,1004.9062468033194,1134.9916305038043,49.692716548254296,49.38887146407982,1099.0,753089.7,False,False,False,False,0,-0.07957234959693471
2023-05-05,1028.699951171875,1030.0,997.5999755859376,999.0,267732,1004.3437471077651,1129.6586253860082,48.01502663806208,48.17538238907858,1099.0,710618.1,False,False,False,False,0,-0.09099181073703366
2023-05-08,949.0499877929688,949.0499877929688,949.0499877929688,949.0499877929688,574862,999.0776747920703,1122.575933715693,41.9451766232315,48.302141661789484,1099.0,683082.4,False,False,False,False,0,-0.1364422313075807
2023-05-09,901.5999755859376,936.0,901.5999755859376,901.5999755859376,2595054,989.7940843914863,1113.9102098674673,37.14177545886426,48.24127527216389,1099.0,655641.4,False,False,False,True,1,-0.17961785660970186
2023-05-10,899.9000244140625,908.0,870.7000122070312,890.6500244140625,825113,980.351792965065,1105.1549084771377,36.113989140636576,47.45975473793567,1099.0,745536.65,False,False,False,True,1,-0.18958141545581209
2023-05-11,891.9500122070312,924.0499877929688,891.5,917.25,783286,974.3420983969636,1097.786088536858,40.42665579743608,46.45548392657643,1099.0,734381.95,False,False,False,True,1,-0.1653776160145587
2023-05-12,871.4000244140625,900.0,871.4000244140625,884.7999877929688,2928143,965.8142783394403,1089.4336924292545,37.13341615399982,46.412233330816505,1099.0,753057.1,False,False,False,True,1,-0.19490446970612485
2023-05-15,900.9500122070312,909.0,840.5999755859375,840.5999755859375,1603066,953.8891066486306,1079.675507455007,33.169808239986125,47.98278983676265,1077.699951171875,777880.4,False,False,False,True,1,-0.22000555472617267
2023-05-16,820.0,854.4000244140625,810.0,812.0999755859375,1616433,940.3853798807551,1069.1823493424945,30.88092697379885,47.7268780208555,1077.699951171875,819368.15,False,False,False,True,1,-0.24645076331044458
2023-05-17,824.0,824.0,780.0,790.0,1932226,926.0629627492547,1058.2340219172986,29.198367253694954,47.460672447937256,1077.699951171875,871127.3,False,False,False,True,1,-0.2669573760850915
2023-05-18,790.1500244140625,794.75,750.5,751.5999755859375,2361332,909.4474401622721,1046.2091573552846,26.49690051601698,47.23133870165602,1077.699951171875,949089.15,False,False,False,True,1,-0.3025888376735484
2023-05-19,729.0499877929688,789.1500244140625,714.0499877929688,787.3499755859375,4723254,897.8191102026211,1036.0578168937416,32.73640842841421,49.22195998161586,1077.699951171875,1051106.0,False,False,False,True,1,-0.26941633918625985
2023-05-22,826.5499877929688,826.7000122070312,825.0,826.7000122070312,581156,891.0458627744697,1027.8477069060275,38.88590868318549,48.516822598721426,1077.699951171875,1272437.65,False,False,False,False,0,-0.2329033593180645
2023-05-23,868.0,868.0,868.0,868.0,180617,888.8510187007106,1021.5791693803009,44.60968999639439,48.00133439831052,1077.699951171875,1288807.5,False,False,False,False,0,-0.19458101574918918
2023-05-24,911.4000244140624,911.4000244140624,882.5999755859375,911.4000244140624,4911947,890.9985430543632,1017.2584185973111,49.9179093108126,47.672669399435655,1077.699951171875,1283324.55,False,False,False,True,1,-0.1543100438827899
2023-05-25,934.7000122070312,934.7000122070312,873.0,891.75,3616129,891.070110382519,1012.3365198287892,47.689496712292815,48.67462245712105,1077.699951171875,1491810.5,False,False,False,True,1,-0.17254334192896248
2023-05-26,893.7999877929688,898.4000244140625,847.2000122070312,850.0999755859375,2968440,887.1681927828446,1005.9743024075009,43.27931535788187,48.8550074392575,1077.699951171875,1646175.4,False,False,False,True,1,-0.21119048519808192
2023-05-29,822.1500244140625,868.0,822.1500244140625,832.2000122070312,2450856,881.9331279661005,999.1596243604237,41.50294236241254,48.640362306877506,1077.699951171875,1782755.15,False,False,False,True,1,-0.2277998980123278
2023-05-30,832.2000122070312,845.0,792.4000244140625,804.2999877929688,3543724,874.5394955686594,991.5180699852293,38.827876125388,48.92319182681037,1077.699951171875,1859590.25,False,False,False,True,1,-0.25368838801710547
2023-05-31,780.0,814.0,767.7999877929688,776.7000122070312,26167155,865.2214495342187,983.0938324253,36.3330176181628,48.72867899682615,1036.0,1970280.65,False,False,False,True,1,-0.2502895635067266
2023-06-01,815.5,815.5,793.3499755859375,815.5,4042939,860.4860733881026,976.5215252713667,41.97728886813166,48.019486767979195,1030.0,3243894.3,False,False,False,True,1,-0.20825242718446602
2023-06-02,832.0,838.7000122070312,791.25,794.6500244140625,2933000,854.215973485813,969.3893095514725,39.92877798914965,47.978810013625775,1030.0,3433673.2,False,False,False,False,0,-0.22849512192809462
2023-06-05,802.0,834.3499755859375,796.0,828.0,6191271,851.7192141062118,963.8446307455324,44.58690127189854,47.387462953500716,949.0499877929688,3566936.6,False,False,False,True,1,-0.1275485900110198
2023-06-06,845.0,845.0,810.0499877929688,816.25,2007196,848.3411937151441,958.0566060104135,43.31256100854879,46.499073614467186,936.0,3847757.05,False,False,False,False,0,-0.12793803418803418
2023-06-07,830.7000122070312,848.75,821.0499877929688,837.25,3089395,847.2848895517969,953.3190920492209,46.268356295361855,45.499139784862386,934.7000122070312,3818364.15,False,False,False,False,0,-0.10425806240970348
2023-06-08,839.7000122070312,844.5,821.0499877929688,829.25,1362345,845.5672810230544,948.4536374590554,45.29933194996496,43.92420210073159,934.7000122070312,3931578.25,False,False,False,False,0,-0.1128169582003542
2023-06-09,834.7999877929688,838.1500244140625,825.6500244140625,830.7000122070312,853082,844.1513506596236,943.8358482334859,45.5220409667015,41.67961623639363,934.7000122070312,3960531.2,False,False,False,False,0,-0.11126564527846028
2023-06-12,841.0,842.0,828.0499877929688,830.4000244140625,712441,842.8417005409988,939.3873845542928,45.480784718860775,39.69893023429631,934.7000122070312,3856778.15,False,False,False,False,0,-0.11158659081077105
2023-06-13,835.0,835.0499877929688,820.2000122070312,823.0,511120,840.9520147751894,934.823173395301,44.41153765806114,37.92400490227069,934.7000122070312,3812246.9,False,False,False,False,0,-0.11950359553680012
2023-06-14,825.8499755859375,828.5,806.0,808.5499877929688,748746,837.8661074435493,929.8712837638369,42.319312296496584,36.82229026639421,934.7000122070312,3756981.25,False,False,False,False,0,-0.1349631141185017
2023-06-15,814.9500122070312,840.0,805.6500244140625,814.7000122070312,1550381,835.659812659119,925.3547633106289,43.538466473914156,36.64569636064731,934.7000122070312,3697807.25,False,False,False,False,0,-0.12838343685976183
2023-06-16,818.0,834.9000244140625,795.6500244140625,810.9000244140625,6361369,833.3017375881611,920.8663421774302,42.934620911365755,36.8317180491725,934.7000122070312,3657259.7,False,False,False,True,1,-0.13244889930048243
2023-06-19,819.0,827.0,801.0,806.5999755859375,1441750,830.7587126355685,916.3853081934501,42.22101685710649,36.058023902803036,934.7000122070312,3739165.45,False,False,False,False,0,-0.13704935802731144
2023-06-20,817.7000122070312,817.7000122070312,804.8499755859375,811.9500122070312,574281,828.9674078328507,912.2898063900611,43.47971635738434,34.40031052553809,934.7000122070312,3782195.15,False,False,False,False,0,-0.13132555728779804
2023-06-21,811.4500122070312,813.4500122070312,802.0,806.7000122070312,647258,826.8467034875346,908.1490301475893,42.50126056502629,32.7610035027876,934.7000122070312,3801878.35,False,False,False,False,0,-0.13694233265041256
2023-06-22,810.6500244140625,817.25,803.0,804.4000244140625,656852,824.7089245281562,904.0804416874511,42.0547614615078,31.438788966874203,934.7000122070312,3588643.9,False,False,False,False,0,-0.13940300213038614
2023-06-23,804.4000244140625,804.4000244140625,738.0,757.5,2777512,818.3080745730937,898.3321890722569,34.17136558324434,33.936020070244794,898.4000244140625,3440680.05,False,False,False,False,0,-0.15683439513034036
2023-06-26,750.0,783.5499877929688,743.25,770.75,1379942,813.778734137561,893.3289659713842,37.72319406235092,34.390589193296506,868.0,3431133.65,False,False,False,False,0,-0.11203917050691248
2023-06-27,783.0,784.9000244140625,771.0,773.2000122070312,514889,809.9140939537009,888.6180266080762,38.38519600484835,32.944834566208364,848.75,3377587.95,False,False,False,False,0,-0.08901324040408687
2023-06-28,781.7000122070312,823.9500122070312,768.6500244140625,819.1500244140625,2141952,810.7937063784973,885.8937912279189,49.2757636559558,34.54163122526268,848.75,3226146.2,False,False,False,False,0,-0.03487478714101622
2023-06-30,828.7000122070312,828.7000122070312,765.1500244140625,767.25,46087335,806.6466867234024,881.2410935327065,40.55628983043882,36.61365669438454,848.75,2024886.05,False,False,False,True,1,-0.09602356406480117
2023-07-03,782.0,785.0,770.0,773.25,1414668,803.4660498926021,877.0061486882867,41.83763848698316,35.266252644785645,848.75,4127105.85,False,False,False,False,0,-0.08895434462444773
2023-07-04,784.7000122070312,784.7000122070312,767.0499877929688,770.5999755859375,1052355,800.3359475776817,872.8333575862338,41.41303672177074,34.00795062830542,848.75,4051189.25,False,False,False,False,0,-0.09207661197533135
2023-07-05,771.5,776.0,767.0499877929688,770.0,827680,797.4468097131406,868.8006768965777,41.310814156940836,32.2180978839287,848.75,3794243.45,False,False,False,False,0,-0.09278350515463918
2023-07-06,770.0,775.0,766.25,769.3499755859375,620475,794.770920748645,864.9006493941997,41.19218122637126,30.541805177933792,848.75,3735267.65,False,False,False,False,0,-0.09354936602540498
2023-07-07,768.5,772.0,755.0,759.8499755859375,707804,791.4451164474349,860.7810151272091,39.41088435502824,29.57453337950995,844.5,3611821.65,False,False,False,False,0,-0.10023685543405858
2023-07-10,755.0,764.0,744.0499877929688,749.8499755859375,1064100,787.4836744606256,856.4307782824534,37.56920265937264,28.88706758147576,842.0,3579094.6,False,False,False,False,0,-0.10944183422097686
2023-07-11,752.0,763.4500122070312,749.0,754.0499877929688,810898,784.2995138256107,852.4158453220814,38.861459076532604,27.855849340444006,842.0,3589645.5,False,False,False,False,0,-0.10445369620787559
2023-07-12,755.0,760.0,744.5,752.6500244140625,589252,781.2852767387965,848.5034601884337,38.5748402208441,26.973288673269437,840.0,3594568.35,False,False,False,False,0,-0.10398806617373513
2023-07-13,757.9000244140625,757.9000244140625,743.0499877929688,745.2000122070312,507356,777.8485848786283,844.4523445813198,37.010484833523115,26.10734209811403,840.0,3598474.95,False,False,False,False,0,-0.11285712832496275
2023-07-14,752.6500244140625,752.6500244140625,738.4000244140625,742.2999877929688,598454,774.4630042038036,840.4463698053062,36.391807414781304,25.260389091105885,840.0,3586405.45,False,False,False,False,0,-0.11630953834170388
2023-07-17,746.5,774.0,745.0,770.4500122070312,1546015,774.0808144898253,837.7014146053739,45.85355288311566,25.72036217081484,834.9000244140625,3538809.1,False,False,False,False,0,-0.07719488600118629
2023-07-18,775.0,807.0,768.4000244140625,783.0,2625423,774.9302607288896,835.5562610914377,49.46281531530662,26.640334557609318,828.7000122070312,3298041.4,False,False,False,False,0,-0.055146629098412725
2023-07-19,790.75,797.9000244140625,774.25,779.0999755859375,933327,775.3273764295608,833.3422891108299,48.38348506533396,26.426740975927405,828.7000122070312,3357225.05,False,False,False,False,0,-0.05985282477430731
2023-07-20,781.0,788.8499755859375,779.0,780.2999877929688,873507,775.8009584641711,831.2621988630708,48.754027777191006,25.242686305213844,828.7000122070312,3375177.35,False,False,False,False,0,-0.05840475890082508
2023-07-21,780.0,780.9500122070312,773.0499877929688,775.1500244140625,425530,775.7389647451132,829.061721433698,47.18840177326862,24.00392474156018,828.7000122070312,3386489.8,False,False,False,False,0,-0.06461926753247171
2023-07-24,780.0,781.0,771.0,773.25,373079,775.5019204836739,826.8730264755138,46.59390924727482,23.003644402877313,828.7000122070312,3374923.7,False,False,False,False,0,-0.06691204463645928
2023-07-25,779.75,843.0,770.5499877929688,834.8499755859375,5042334,781.154116207699,827.1858480092559,62.908901405751976,26.535527817459737,828.7000122070312,3254702.05,False,True,True,True,2,0.007421217917600087
2023-07-26,839.9000244140625,839.9000244140625,805.25,814.9500122070312,3352443,784.3727729695402,826.7060113111295,56.86524941179248,27.115134717217078,843.0,3437821.65,False,False,True,False,1,-0.033274006871849005
2023-07-27,823.0,823.9000244140625,795.6500244140625,805.0,1035949,786.3372707819649,825.8547951812814,54.06829099289613,27.196196523130144,843.0,3579699.35,False,False,True,False,1,-0.04507710557532618
2023-07-28,812.0,828.0,808.6500244140625,814.7999877929688,1236699,789.0480057353938,825.4212733229161,56.345758117824026,26.89646820004942,843.0,3524399.2,False,False,True,False,1,-0.03345197177583781
2023-07-31,826.0,836.9000244140625,815.0,820.7000122070312,1646282,792.0624825422163,825.2361258281757,57.70543899891338,26.55386594440973,843.0,1281867.4,False,False,True,True,2,-0.0264531290545299
2023-08-01,823.7000122070312,826.5499877929688,800.0999755859375,803.9500122070312,1156013,793.1946282245797,824.4013762744053,52.68814938012979,26.54644782031127,843.0,1293448.1,False,False,True,False,1,-0.04632264269628561
2023-08-02,805.0,816.0,784.0499877929688,789.2999877929688,1070171,792.8237100882358,823.0248512359176,48.6998456310805,26.93241670507698,843.0,1298631.0,False,False,False,False,0,-0.06370108209612246
2023-08-03,790.7999877929688,804.0,780.0999755859375,796.7000122070312,4534652,793.1928817185973,821.9925046073338,50.72869065001814,26.715817255718807,843.0,1310755.55,False,False,True,True,2,-0.054922879944209635
2023-08-04,800.0,804.4500122070312,788.3499755859375,796.6500244140625,5454846,793.5221334038797,820.9986818546564,50.714100007497784,25.957547210388444,843.0,1506464.4,False,False,True,True,2,-0.054982177444765745
2023-08-07,800.0,850.0,783.5999755859375,832.7000122070312,8408122,797.2533599565609,821.4575575547497,59.71337449596305,28.84629558207945,843.0,1743816.5,False,False,True,True,2,-0.012218253609690088
2023-08-08,820.0,839.5499877929688,811.9000244140625,823.5999755859375,7282138,799.762561445073,821.5415739481296,56.8895357173394,28.760843281852793,850.0,2111017.6,False,False,True,True,2,-0.031058852251838243
2023-08-09,821.25,825.25,810.0,811.9500122070312,6911943,800.92327104145,821.165434272008,53.40747429969523,27.79578304743474,850.0,2434579.6,False,False,True,True,2,-0.04476469152113971
2023-08-10,813.0,826.0,812.2999877929688,820.7999877929688,6591528,802.8162916844517,821.1511030375359,55.6292635952641,26.8139405292586,850.0,2750714.15,False,False,True,True,2,-0.034352955537683805
2023-08-11,822.9000244140625,836.0,818.0999755859375,831.7000122070312,9078389,805.5671222104116,821.5647857500651,58.268742352933856,26.17723223531602,850.0,3054922.75,False,False,True,True,2,-0.02152939740349269
2023-08-14,813.75,821.2000122070312,790.0999755859375,808.2999877929688,8277053,805.8273951230361,821.0445975948849,51.223951055239695,27.27886112001443,850.0,3478919.5,False,False,True,True,2,-0.04905883789062504
2023-08-16,795.0,822.9000244140625,795.0,818.0999755859375,7337822,806.9962123099791,820.9291222219849,53.7461221479215,27.32322992673215,850.0,3815471.4,False,False,True,True,2,-0.03752944048713236
2023-08-17,819.8499755859375,836.4500122070312,819.0,822.2000122070312,3958662,808.4441932525556,820.9789610449279,54.799201073121985,26.68228754775798,850.0,4051091.35,False,False,True,False,1,-0.03270586799172792
2023-08-18,824.9000244140625,894.0,824.75,871.9000244140625,7798779,814.4876057441277,822.9758654907764,65.15542416779596,29.904980422415893,850.0,4202358.1,False,True,True,True,2,0.02576473460477935
2023-08-21,879.0,932.0,878.0,923.5499877929688,8978809,824.8744992725888,826.9199487183134,72.26679797288166,32.06176579123887,894.0,4548621.7,False,True,True,True,2,0.03305367762077038
2023-08-22,945.0999755859376,976.9500122070312,923.8499755859376,960.1500244140624,11493001,837.7578826193958,832.1446575691272,76.00405054422305,33.585927121440555,932.0,4976285.65,True,True,True,True,2,0.030203888856290106
2023-08-23,965.0,969.7000122070312,859.0,890.4000244140625,4192309,842.7714199331737,834.4291817591246,59.53786317143562,39.09407605612561,976.9500122070312,5532281.75,True,False,True,False,1,-0.08859203307387586
2023-08-24,907.9500122070312,934.0,892.0499877929688,895.1500244140625,1134578,847.7598584551631,836.8103912750046,60.170701899580045,39.415926022540745,976.9500122070312,5489780.5,True,False,True,False,1,-0.08372996240429342
2023-08-25,895.1500244140625,898.8499755859375,865.0,874.5499877929688,983333,850.3112993444779,838.2903754521797,56.074611136542856,39.018358134211944,976.9500122070312,5378887.25,True,False,True,False,1,-0.10481603268802897
2023-08-28,895.0,899.0,860.0,864.9500122070312,995290,851.7054624742449,839.3358514033504,54.222154364448514,39.01704683891109,976.9500122070312,5376256.45,True,False,True,False,1,-0.11464250841962775
2023-08-29,869.0999755859375,875.0999755859375,852.5999755859375,857.1500244140625,1218219,852.223992182799,840.0344464233783,52.698833836854746,37.83725777898887,976.9500122070312,5364186.0,True,False,True,False,1,-0.12262652776095284
2023-08-30,861.8499755859375,864.8499755859375,840.0,841.7000122070312,857053,851.2217083755829,840.0997627286196,49.71923011681956,36.90959476519949,976.9500122070312,5342782.85,True,False,False,False,0,-0.13844106485495222
2023-08-31,820.0,830.75,800.0999755859375,811.9500122070312,1636383,847.4815468357209,838.9958509434592,44.50157132123522,37.244626326334796,976.9500122070312,5327834.85,True,False,False,False,0,-0.16889298115391582
2023-09-01,803.8499755859375,835.8499755859375,791.0499877929688,824.9000244140625,1204025,845.3309256527058,838.4430734325025,47.103789642944854,37.78429500252293,976.9500122070312,5356145.45,True,False,False,False,0,-0.15563742862285457
2023-09-04,830.0,834.9000244140625,815.0,817.5999755859375,825805,842.689882789204,837.6256970463627,45.80011306240413,36.50684710334719,976.9500122070312,5189614.1,True,False,False,False,0,-0.16310971352680115
2023-09-05,821.6500244140625,825.8499755859375,811.5,813.4500122070312,684436,839.9051332099494,836.677630974232,45.03700386386336,34.924213423532215,976.9500122070312,4958162.05,True,False,False,False,0,-0.16735759041615295
2023-09-06,815.0499877929688,859.4500122070312,809.0,855.9500122070312,8646350,841.4332169239573,837.4334106304202,53.569114094749175,36.033199050925,976.9500122070312,4571977.75,True,False,True,True,2,-0.12385485284620501
2023-09-07,858.9000244140625,858.9000244140625,833.0999755859375,839.4000244140625,6099751,841.2395795420625,837.5105327395827,50.29492572848793,35.302259749296425,976.9500122070312,4640188.35,True,False,True,True,2,-0.14079531815781354
2023-09-08,843.7999877929688,846.0,831.0,833.0,937304,840.4548576809137,837.3336491027363,49.04649118674059,33.852098338632395,976.9500122070312,4599578.75,True,False,False,False,0,-0.14734634362901866
2023-09-11,843.4000244140625,877.0,838.0,874.9000244140625,6691473,843.7353497507374,838.8068402914158,56.635622244496815,34.57694845730151,976.9500122070312,4316867.55,True,False,True,True,2,-0.10445773736409225
2023-09-12,880.0,888.75,834.2000122070312,852.2999877929688,5946118,844.5510295642832,839.3359833306924,52.125887776429714,36.00359412413489,976.9500122070312,4197521.75,True,False,True,True,2,-0.1275909952981782
2023-09-13,852.2999877929688,854.9000244140625,832.0,836.9000244140625,703403,843.8223624071193,839.2404555300403,49.24817988243225,35.06762485912972,976.9500122070312,4080975.0,True,False,False,False,0,-0.14335430272075167
2023-09-14,840.9000244140625,855.0999755859375,835.0,851.75,4528205,844.5773755112032,839.7310259014113,52.00003100936899,33.99850705390171,976.9500122070312,3749254.05,True,False,True,True,2,-0.12815395940698282
2023-09-15,853.2000122070312,859.9000244140625,839.0499877929688,846.0999755859375,7152425,844.7223850421302,839.9807886341379,50.8698626451431,33.05933059441543,976.9500122070312,3777731.2,True,False,True,True,2,-0.1339372895093066
2023-09-18,873.8499755859375,873.8499755859375,846.2000122070312,855.0999755859375,6408916,845.7107269986833,840.5736979263653,52.635765994128086,32.68009269481433,976.9500122070312,3745413.5,True,False,True,True,2,-0.12472494508272935
2023-09-20,859.0,860.0,843.9500122070312,855.2000122070312,4608210,846.6144684470974,841.1472788785484,52.65613565710433,31.492228058968216,976.9500122070312,3616918.85,True,False,True,True,2,-0.12462254821508645
2023-09-21,853.5,857.0,844.6500244140625,847.3499755859375,771656,846.6845167460344,841.3905218866813,50.80952305318296,30.124924310894595,969.7000122070312,3272679.3,True,False,True,False,1,-0.12617307938629996
2023-09-22,855.0,858.0,835.0,839.0999755859375,543417,845.9621794926919,841.3006965415542,48.869823218297505,29.616001145830698,934.0,3101646.65,True,False,False,False,0,-0.10160602185659795
2023-09-25,838.0,844.0,827.5999755859375,830.4000244140625,404295,844.4800694852033,840.8732192032212,46.83912344825405,28.672002807847253,899.0,3072088.6,True,False,False,False,0,-0.0763069806295189
2023-09-26,825.0,837.25,811.6500244140625,817.8499755859375,584558,841.9438700662257,839.9703469045043,43.998853643623065,28.45257229199656,899.0,3043136.7,True,False,False,False,0,-0.09026699044945774
2023-09-27,822.5999755859375,822.75,812.5499877929688,816.2000122070312,443309,839.4920740796358,839.038176916368,43.62431807999065,27.148818000213325,888.75,3022600.1,True,False,False,False,0,-0.08163149118758795
2023-09-28,817.0,839.6500244140625,816.4000244140625,830.5,861650,838.6356860720514,838.7033464490595,47.77373181418393,26.884617586414606,888.75,2983854.6,False,False,False,False,0,-0.06554149085794658
2023-09-29,825.0499877929688,825.9000244140625,807.2000122070312,810.25,1106739,835.9322873985227,837.5875289412533,42.95250589943397,26.628572601168475,888.75,2984084.45,False,False,False,False,0,-0.08832630098452887
2023-10-03,815.9000244140625,816.7999877929688,806.7000122070312,807.75,506021,833.2482600272349,836.4174297670864,42.38382566454032,25.447958528651977,888.75,2957602.25,False,False,False,False,0,-0.09113924050632916
2023-10-04,807.7000122070312,826.9500122070312,801.0499877929688,808.0999755859375,711980,830.8531853185399,835.3069413678257,42.49859886159938,25.480248949038444,888.75,2922702.05,False,False,False,False,0,-0.0907454564433896
2023-10-05,812.5,815.5,805.2999877929688,807.7000122070312,252701,828.648121212682,834.2243166948534,42.39466085358769,24.388803467466502,888.75,2917010.8,False,False,False,False,0,-0.09119548556170887
2023-10-06,810.3499755859375,815.9000244140625,804.5,806.0,265517,826.4911572876647,833.1174807460357,41.92531540543294,23.461033535080503,888.75,2895424.05,False,False,False,False,0,-0.09310829817158928
2023-10-09,806.0,806.0,772.4000244140625,778.9000244140625,559255,821.9586684425597,830.9913059879191,35.22968143429375,24.185243681570288,888.75,2476382.4,False,False,False,False,0,-0.12360053511779179
2023-10-10,778.0,790.2999877929688,777.1500244140625,786.0,360806,818.5340333527921,829.2269410472164,38.02237284798543,23.397009374237143,888.75,2199357.6,False,False,False,False,0,-0.11561181434599155
2023-10-11,792.0,807.0,791.2000122070312,798.2000122070312,655215,816.5974599103387,828.0101987397583,42.60201609650504,23.22579441893449,888.75,2170532.7,False,False,False,False,0,-0.10188465574454997
2023-10-12,801.0999755859375,806.9500122070312,792.0,793.7000122070312,230980,814.4167506052618,826.6647012286709,41.3872295032236,22.634667118084263,888.75,1868719.8,False,False,False,False,0,-0.10694794688379039
2023-10-13,792.8499755859375,793.7000122070312,783.0,785.2000122070312,269417,811.6342040911445,825.0386349925283,39.11820171170072,21.782191767294762,873.8499755859375,1582962.9,False,False,False,False,0,-0.10144757779441982
2023-10-16,786.0,786.6500244140625,773.0,774.75,312993,808.1214227491307,823.066531659488,36.470905367672465,21.201322670635317,873.8499755859375,1561263.6,False,False,False,False,0,-0.11340616622377153
2023-10-17,778.0,787.0,771.0,774.9000244140625,351835,804.9574800505528,821.1776490224125,36.537305968206475,20.829799622732796,873.8499755859375,1350503.0,False,False,False,False,0,-0.11323448410641279
2023-10-18,775.0,779.4500122070312,762.1500244140625,764.9000244140625,346049,801.142484275649,818.9706833514969,33.98731336368748,20.57767020632108,873.8499755859375,1010473.5,False,False,False,False,0,-0.12467809602995228
2023-10-19,764.9000244140625,765.9000244140625,755.5499877929688,759.4000244140625,356701,797.167011907879,816.6345790794406,32.638117881192485,19.847124950233415,860.0,707330.15,False,False,False,False,0,-0.11697671579760172
2023-10-20,760.9500122070312,776.9500122070312,759.4000244140625,764.3499755859375,516923,794.0415798772178,814.5842024718522,35.13385611612151,19.683043724714512,858.0,494754.7,False,False,False,True,1,-0.10914921260380239
2023-10-23,768.7000122070312,768.7000122070312,734.0499877929688,735.7999877929688,485683,788.4947615834798,811.4946254256216,28.561076296177973,20.752113773953656,858.0,482018.05,False,False,False,True,1,-0.14242425665155156
2023-10-25,740.0,750.9500122070312,712.6500244140625,718.9000244140625,455111,781.8666913768686,807.863464601639,25.517864912471097,22.00553334674045,844.0,479131.35,False,False,False,False,0,-0.1482227198885515
2023-10-26,719.9500122070312,748.0,686.0,739.0999755859375,1134296,777.7936708253515,805.1668571892585,34.5012460885567,24.862280964830415,839.6500244140625,481672.15,False,False,False,True,1,-0.11975233240574534
2023-10-27,748.0,772.9000244140625,742.0499877929688,764.5,741463,776.5276069372228,803.5720784759543,43.69700734334289,25.50069295506574,839.6500244140625,509159.05,False,False,False,True,1,-0.08950160451255251
2023-10-30,764.5,773.3499755859375,751.3499755859375,759.25,414510,774.8821205622493,801.8339577514071,42.37281279190969,25.250643458275334,839.6500244140625,524066.75,False,False,False,False,0,-0.09575420958293723
2023-10-31,768.9500122070312,772.0,758.0499877929688,769.7999877929688,327996,774.398107917556,800.5777236353899,45.91946358628185,24.4434555117579,826.9500122070312,501709.75,False,False,False,False,0,-0.06910940633707219
2023-11-01,769.7999877929688,771.8499755859375,742.0,749.9500122070312,405088,772.069717849887,798.5923231872191,40.828008602148046,24.829635517056445,826.9500122070312,462772.6,False,False,False,False,0,-0.09311324610117144
2023-11-02,755.0,770.0,749.5499877929688,752.25,247056,770.1821256737072,796.7749771798772,41.635511378689785,24.516805280626077,826.9500122070312,457725.95,False,False,False,False,0,-0.09033195610901046
2023-11-03,756.0,772.9000244140625,756.0,765.5,351531,769.736208942878,795.5485074865486,46.191220731830335,24.24060664730011,815.9000244140625,434479.75,False,False,False,False,0,-0.06177230408867462
2023-11-06,777.0499877929688,779.9500122070312,767.75,771.8499755859375,299026,769.9375200517408,794.6191532943678,48.27498603160661,23.541278472995188,815.9000244140625,439421.25,False,False,False,False,0,-0.053989517722786595
2023-11-07,784.4000244140625,785.0,757.2999877929688,762.0499877929688,515017,769.1863265032863,793.3419311178425,45.355769156759806,23.838330882569192,807.0,441096.7,False,False,False,True,1,-0.05570013904217008
2023-11-08,765.0,768.9500122070312,755.5,757.9500122070312,338861,768.1162013322144,791.9540127291832,44.15283133013207,23.09630812003077,807.0,438884.8,False,False,False,False,0,-0.0607806540185486
2023-11-09,763.9500122070312,765.0,748.0,750.2000122070312,226089,766.4098976060064,790.3166009440008,41.89111723931114,22.660857540028573,807.0,437787.55,False,False,False,False,0,-0.070384123659193
2023-11-10,748.0,763.0,744.0999755859375,760.4500122070312,278461,765.8422894727707,789.145362170002,45.84246183654658,22.39222660245957,806.9500122070312,416331.25,False,False,False,False,0,-0.057624387256431375
2023-11-13,768.4000244140625,768.4000244140625,757.0,759.0,179475,765.1906428563163,787.9631911045118,45.372430405459056,21.607069303288352,793.7000122070312,418705.3,False,False,False,False,0,-0.043719304111563995
2023-11-15,767.0,768.25,751.5,754.3499755859375,273699,764.1581983543756,786.645025790058,43.82073358636502,21.2601357816249,787.0,414208.2,False,False,False,False,0,-0.041486689217360206
2023-11-16,754.0,757.3499755859375,737.8499755859375,747.2000122070312,388858,762.5431330070095,785.0981625122922,41.47215704412214,21.134411797223123,787.0,412243.5,False,False,False,False,0,-0.05057177610288277
2023-11-17,746.75,747.4500122070312,739.0999755859375,741.2000122070312,318597,760.510454835583,783.3766664218899,39.556258961026955,20.22124214178531,785.0,414094.65,False,False,False,False,0,-0.05579616279359079
2023-11-20,741.0499877929688,741.0999755859375,720.0499877929688,727.5,406832,757.3666019940988,781.1854246014236,35.52113400841674,20.287583732662252,785.0,412722.05,False,False,False,False,0,-0.07324840764331209
2023-11-21,737.0,744.9500122070312,728.7999877929688,731.7999877929688,383315,754.9316863558959,779.2487408050137,37.6702895006484,20.08490005226004,785.0,415228.6,False,False,False,False,0,-0.0677707161873009
2023-11-22,731.7999877929688,734.5499877929688,722.2000122070312,726.9500122070312,151126,752.2667650083849,777.1978102717594,36.2045051646134,19.532405447522716,785.0,408548.2,False,False,False,False,0,-0.07394902903562894
2023-11-23,729.0,731.9500122070312,720.0,723.0499877929688,180553,749.484214797393,775.0743662529834,35.02431175510232,18.990805930344756,785.0,391820.35,False,False,False,False,0,-0.07891721300258758
2023-11-24,723.0,740.0,720.1500244140625,729.0999755859375,479763,747.5428586820162,773.2714489719227,38.38001841127114,19.052175191458524,785.0,378092.45,False,False,False,True,1,-0.07121022218351913
2023-11-28,748.0,874.9000244140625,746.0,865.0999755859375,9792184,758.7387745776279,776.8725676626684,72.61657090233308,28.105594736934698,785.0,345365.8,False,True,True,True,2,0.10203818545979293
2023-11-29,899.0,954.9000244140624,860.0,875.7000122070312,13627653,769.8779400661425,780.7481537232317,73.83672238529907,32.87662542815811,874.9000244140625,797901.85,False,True,True,True,2,0.000914376238021708
2023-11-30,873.9500122070312,883.0,846.0999755859375,872.6500244140625,3418249,779.6657576230873,784.3521486522839,72.83113819634022,33.16401107000842,954.9000244140624,1458559.0,False,False,True,True,2,-0.08613467158561383
2023-12-01,872.6500244140625,887.6500244140625,848.0,854.7000122070312,2088092,786.8118771072725,787.1108883995288,67.04408070612425,33.627297737440855,954.9000244140624,1613071.65,False,False,True,True,2,-0.10493246376081622
2023-12-04,969.0,969.0,896.1500244140625,903.7000122070312,4277939,797.9440804501066,791.6830109017839,73.28457280902292,39.389632741407134,954.9000244140624,1697221.85,True,False,True,True,2,-0.05361819132683343
2023-12-05,903.0,1084.4000244140625,882.5,1084.4000244140625,24514379,825.2255989228643,803.1621094708929,84.75168478984456,50.99751786088251,969.0,1898766.0,True,True,True,True,2,0.11909187246033293
2023-12-06,1137.0,1246.0,1102.1500244140625,1164.300048828125,29839084,857.5184036757463,817.324381602549,87.33941560010152,58.897693412672155,1084.4000244140625,3106908.4,True,True,True,True,2,0.07368131926890653
2023-12-07,1164.300048828125,1240.0,1154.949951171875,1198.699951171875,13902767,890.0118843896632,832.2802862915422,88.26294624380363,60.765718799490216,1246.0,4583911.3,True,False,True,True,2,-0.037961515913423005
2023-12-08,1208.699951171875,1235.0,1070.550048828125,1131.5,9599418,913.0107525430287,844.0143927114817,76.5201904073039,68.17173539751771,1246.0,5253298.8,True,False,True,True,2,-0.0918940609951846
2023-12-11,1137.949951171875,1158.0,1090.5,1129.949951171875,3107570,933.6716286029189,855.2275518667914,76.26813510211004,68.12375429769502,1246.0,5716326.65,True,False,True,False,1,-0.0931380809214486
2023-12-12,1132.0,1135.6500244140625,1085.0,1089.1500244140625,3107531,948.4790948706468,864.4009821627628,69.75494863633003,66.87563073457841,1246.0,5860400.7,True,False,True,False,1,-0.1258828054461778
2023-12-13,1093.949951171875,1095.9000244140625,1008.0999755859376,1030.9000244140625,2756868,956.3287072081149,870.9303563686962,61.65899428335077,68.37023202697458,1246.0,6001854.2,True,False,True,False,1,-0.1726324041620686
2023-12-14,1041.0,1094.949951171875,1035.8499755859375,1074.75,3933857,967.6069255692469,878.9232835699238,64.95631301426025,68.061638793463,1246.0,6130723.85,True,False,True,False,1,-0.1374398073836276
2023-12-15,1089.8499755859375,1091.9000244140625,1036.0,1047.25,3821111,975.1919802769376,885.5243312730641,61.3905926888242,67.19295205207726,1246.0,6313731.75,True,False,True,False,1,-0.1595104333868379
2023-12-18,1060.0,1062.0,1031.75,1043.050048828125,3042841,981.6546534722888,891.7018103928705,60.84127893099311,64.55416976264317,1246.0,6485344.4,True,False,True,False,1,-0.1628811807157905
2023-12-19,1051.0,1088.699951171875,1031.1500244140625,1076.199951171875,3356750,990.658967538916,898.9370315998904,63.60907708480822,64.05386669086955,1246.0,6621556.6,True,False,True,False,1,-0.136276122654996
2023-12-20,1078.199951171875,1128.0,993.7999877929688,998.9000244140624,4060611,991.4438300984538,902.8571489651521,54.02065254967876,69.06430565630967,1246.0,6769052.5,True,False,True,False,1,-0.1983145871476225
2023-12-21,984.9500122070312,1038.3499755859375,981.0,1026.550048828125,1449502,994.7872795012795,907.7078509205628,56.54401084000313,68.22756779414023,1246.0,6952917.3,True,False,True,False,1,-0.1761235563177167
2023-12-22,1040.0,1044.800048828125,1026.0,1027.9000244140625,2494643,997.9408742548779,912.4212694889354,56.66904522263566,64.69703072513914,1246.0,7017836.1,True,False,True,False,1,-0.1750401088169643
2023-12-26,1035.5,1047.8499755859375,1011.9000244140624,1041.5999755859375,2391693,1002.098883905455,917.4871011005825,57.99006586213443,62.643667899906,1246.0,7133540.6,True,False,True,False,1,-0.1640449634141754
2023-12-27,1070.0,1083.0,1047.199951171875,1058.699951171875,2801997,1007.4894617403521,923.0248599269078,59.643862453344745,61.126264793774325,1246.0,7229137.1,True,False,True,False,1,-0.1503210664752207
2023-12-28,1063.0,1073.3499755859375,1011.5499877929688,1022.5499877929688,2617618,1008.9237975548871,926.9278061177338,54.737992700726025,61.174387865145356,1246.0,6879627.75,True,False,True,False,1,-0.1793338781757875
2023-12-29,1037.0,1058.0,1018.2000122070312,1045.75,2752398,1012.431054930612,931.5874999954698,57.172642853473135,59.64764500284703,1246.0,6329126.0,True,False,True,False,1,-0.1607142857142857
2024-01-01,1040.0,1073.0,1036.050048828125,1055.050048828125,676574,1016.4900067303752,936.4291685771426,58.14457557293656,58.0263811577776,1246.0,6295833.45,True,False,True,False,1,-0.1532503620962079
2024-01-02,1060.0,1072.0,1034.0,1062.449951171875,2716805,1020.8671442962323,941.3711600514458,58.94298876117682,56.59592536079349,1246.0,6225257.55,True,False,True,False,1,-0.1473114356566011
2024-01-03,1150.0,1250.0,1072.0,1183.199951171875,13493682,1036.327411617722,950.8546420561686,69.25060714387197,65.94979132274574,1246.0,6147200.85,True,False,True,True,2,-0.050401323297050604
2024-01-04,1210.0,1219.699951171875,1150.0,1179.800048828125,2693790,1049.991472304427,959.8328933021277,68.7274104783597,66.21765988339783,1250.0,5596166.0,True,False,True,False,1,-0.056159960937499975
2024-01-05,1180.0,1186.8499755859375,1155.449951171875,1164.0,1343094,1060.8494273230529,967.8394465059658,66.22343675566304,63.73068592130245,1250.0,4238901.3,True,False,True,False,1,-0.06879999999999997
2024-01-08,1170.8499755859375,1172.3499755859375,1140.0,1143.5,896113,1068.720910435143,974.7280956625947,63.01548952404221,61.489206611633534,1250.0,3610917.65,True,False,True,False,1,-0.08520000000000005
2024-01-09,1151.0,1199.0,1145.0,1164.0999755859375,1347686,1077.8046309256947,982.1544438948827,64.85771597217823,61.061406139374,1250.0,3175752.4,True,False,True,False,1,-0.06872001953124995
2024-01-10,1171.0,1184.0,1156.6500244140625,1170.300048828125,1302889,1086.6137183449737,989.5327029118725,65.41607332243294,58.653446814128536,1250.0,3087758.2,True,False,True,False,1,-0.06375996093750003
2024-01-11,1179.699951171875,1184.0,1154.75,1159.699951171875,689920,1093.5743119475358,996.2059283338335,63.55680512471025,56.55320061311936,1250.0,2997526.1,True,False,True,False,1,-0.07224003906249998
2024-01-12,1167.0,1174.449951171875,1150.0999755859375,1152.199951171875,729133,1099.1577061593775,1002.3233409941489,62.209547372431246,54.25297025403494,1250.0,2894178.7,True,False,True,False,1,-0.07824003906249999
2024-01-15,1152.199951171875,1152.199951171875,1152.199951171875,1152.199951171875,0,1104.20934854152,1008.2008551187656,62.209547372431246,50.37775809303245,1250.0,2733942.5,True,False,True,False,1,-0.07824003906249999
2024-01-16,1148.0,1148.0,1118.949951171875,1126.3499755859375,3851854,1106.3179796886075,1012.8341539606156,57.350056981957565,49.15434680067299,1250.0,2542886.95,True,False,True,True,2,-0.09892001953124996
2024-01-17,1124.949951171875,1128.75,1082.449951171875,1087.1500244140625,1456313,1104.4924601386508,1015.7485018215351,50.86170140425946,48.95046837406242,1250.0,2583337.6,True,False,True,False,1,-0.13027998046875
2024-01-18,1087.0,1097.9000244140625,1040.5999755859375,1065.5,1168724,1100.7788925063983,1017.6995409657886,47.65494266054027,49.546866977924026,1250.0,2488315.75,True,False,False,False,0,-0.14759999999999995
2024-01-19,1070.9000244140625,1083.550048828125,1041.050048828125,1050.550048828125,1485408,1095.9951931084674,1018.9877961760764,45.52066898964696,49.04351933664374,1250.0,2343721.4,True,False,False,False,0,-0.15955996093750002
2024-01-23,1138.0,1145.6500244140625,1050.0,1056.1500244140625,2133688,1092.2004151375718,1020.445138459919,46.487451603983494,52.37255541360223,1250.0,2345516.7,True,False,False,False,0,-0.15507998046875004
2024-01-24,1059.6500244140625,1059.6500244140625,1028.5,1036.25,5163858,1086.8718041720888,1021.064936951687,43.53114600756041,50.85666034220653,1250.0,2327468.95,True,False,False,True,1,-0.17100000000000004
2024-01-25,1041.8499755859375,1077.0,1038.0,1061.800048828125,1505572,1084.4840179488542,1022.6623923193904,48.09513376732631,50.13475603204892,1250.0,2466077.2,True,False,False,False,0,-0.15055996093750001
2024-01-29,1085.0,1136.0,1074.800048828125,1098.050048828125,3298520,1085.776020889737,1025.6187710060074,53.800385464779346,51.8536985420365,1250.0,2401255.95,True,False,True,True,2,-0.12155996093749999
2024-01-30,1096.0,1096.0,1064.0,1072.699951171875,1393051,1084.5306809166075,1027.4650917968256,49.68729382403072,50.582009276757105,1250.0,2435301.05,True,False,False,False,0,-0.14184003906249998
2024-01-31,1072.949951171875,1081.9000244140625,1062.5999755859375,1067.8499755859375,793833,1082.9420423136864,1029.048812729732,48.916771224559646,48.34758353042625,1250.0,2367333.7,True,False,False,False,0,-0.14572001953125002
2024-02-01,1073.0,1088.0,1052.949951171875,1067.699951171875,1320318,1081.490414585895,1030.5645436490317,48.89151429249652,47.39775962311902,1250.0,2373196.65,True,False,False,False,0,-0.14584003906249998
2024-02-02,1073.699951171875,1094.3499755859375,1046.0,1052.050048828125,1391014,1078.6865702280122,1031.4071124795846,46.21109084108971,47.465775049034626,1250.0,2303372.3,True,False,False,False,0,-0.15835996093750004
2024-02-05,1051.050048828125,1059.0,1016.0,1022.5999755859376,1194592,1073.3449897859098,1031.0617345621868,41.590251226622954,47.14679111696072,1219.699951171875,1698238.9,True,False,False,False,0,-0.16159710049718845
2024-02-06,1033.0,1054.0,1001.2000122070312,1029.0,1134575,1069.121657425347,1030.9808822264147,42.92590424140589,47.55059087953273,1199.0,1623279.0,True,False,False,False,0,-0.1417848206839033
2024-02-07,1038.5999755859375,1113.949951171875,1029.75,1065.8499755859375,4195919,1068.8100686787366,1032.3482976522782,50.01353368945464,50.22197375755718,1199.0,1612853.05,True,False,True,True,2,-0.11105089609179519
2024-02-08,1074.800048828125,1078.800048828125,1045.0,1049.9000244140625,2293556,1067.009112082101,1033.0366006625443,47.27689330671524,49.0489791197406,1199.0,1777843.35,True,False,False,True,1,-0.12435360766133241
2024-02-09,1051.9000244140625,1077.1500244140625,1037.5,1054.699951171875,2739850,1065.8368110430317,1033.886143819773,48.1955582104615,48.377625212192164,1184.0,1825136.85,True,False,False,True,1,-0.10920612232105154
2024-02-12,1059.0,1096.199951171875,1045.75,1069.449951171875,3927219,1066.180919626731,1035.2808029316202,51.01990393973748,48.52564849502666,1184.0,1896984.9,True,False,True,True,2,-0.09674835205078125
2024-02-13,1078.699951171875,1078.699951171875,1028.0,1044.800048828125,3427849,1064.14464621734,1035.6541066922675,46.461125824625114,48.68095582908725,1174.449951171875,2058849.85,True,False,False,True,1,-0.11039201986801084
2024-02-14,1027.050048828125,1064.949951171875,1025.0,1036.949951171875,3245478,1061.5546752606292,1035.7049241228403,45.079678998987376,48.05731263928638,1152.199951171875,2193785.65,True,False,False,True,1,-0.10002604138524918
2024-02-15,1054.699951171875,1066.949951171875,1042.5,1052.0,3334357,1060.6447061881884,1036.3439467062585,48.25619011188679,46.76750459362307,1148.0,2356059.55,True,False,False,True,1,-0.08362369337979092
2024-02-16,1056.449951171875,1065.0,1045.550048828125,1061.5999755859375,3787369,1060.7356842260692,1037.334379211344,50.23348500417737,44.81625077778393,1145.6500244140625,2330184.7,True,False,True,True,2,-0.07336450664426253
2024-02-19,1065.0,1084.949951171875,1061.199951171875,1074.449951171875,3007240,1062.0418048875745,1038.7898918372473,52.83172856863734,43.31151857937079,1145.6500244140625,2446737.5,True,False,True,True,2,-0.062148188124556136
2024-02-20,1079.699951171875,1079.699951171875,1061.0,1069.800048828125,2662527,1062.780685262865,1040.0059764251248,51.778272568539016,41.55354947883538,1145.6500244140625,2538663.3,True,False,True,True,2,-0.06620693402833089
2024-02-21,1075.050048828125,1084.0,1055.050048828125,1064.800048828125,3038030,1062.9730056024137,1040.9782929899484,50.60967235292314,40.65329245690964,1145.6500244140625,2597519.25,True,False,True,True,2,-0.0705712685925074
2024-02-22,1069.9000244140625,1069.9000244140625,1052.550048828125,1058.9000244140625,2172437,1062.5851026320945,1041.6811059869724,49.19863046586691,38.98876982326877,1136.0,2642736.35,True,False,False,False,0,-0.067869696818607
2024-02-23,1062.699951171875,1094.75,1055.199951171875,1081.800048828125,3057010,1064.415097507907,1043.254397863096,54.50105533651851,39.028861180758504,1136.0,2493165.3,True,False,True,True,2,-0.04771122462312938
2024-02-26,1084.949951171875,1190.5999755859375,1081.0,1176.1500244140625,8951837,1075.056519118017,1048.4659910611733,68.90270511412427,44.06965506684272,1136.0,2570737.2,True,True,True,True,2,0.03534333135040724
2024-02-27,1182.0,1186.699951171875,1117.199951171875,1122.699951171875,3235084,1079.5939888374319,1051.377126751789,57.75056202553245,45.88610827635396,1190.5999755859375,2853403.05,True,False,True,True,2,-0.057030090547957935
2024-02-28,1129.949951171875,1136.800048828125,1068.6500244140625,1076.449951171875,2098024,1079.2945566788076,1052.360374768263,50.181927797292936,47.476388000476,1190.5999755859375,2945504.7,True,False,True,False,1,-0.0958760513646787
2024-02-29,1083.0,1092.6500244140625,1060.0,1064.8499755859375,1571955,1077.9188822890103,1052.8501630356227,48.466269035369685,46.4173620300179,1190.5999755859375,3010714.25,True,False,False,False,0,-0.10561901778816507
2024-03-01,1075.0,1095.0,1064.8499755859375,1072.4000244140625,1335964,1077.3932767771105,1053.6168242661497,49.67232594016868,45.25540934316394,1190.5999755859375,3023296.1,True,False,False,False,0,-0.0992776361461829
2024-03-04,1084.0,1085.6500244140625,1062.0999755859375,1064.3499755859375,661629,1076.1510576160463,1054.0377321610433,48.37243300621631,43.705026449232584,1190.5999755859375,3020543.6,True,False,False,False,0,-0.1060389741213188
2024-03-05,1067.0,1075.5999755859375,1060.0,1070.300048828125,688430,1075.5938186838632,1054.6754700695562,49.425920902510434,41.69752281614008,1190.5999755859375,2993895.45,True,False,False,False,0,-0.10104143223974826
2024-03-06,1071.8499755859375,1080.0,1045.5,1069.5,2717505,1075.0134549996858,1055.2568241844756,49.28030789597469,41.18341404355865,1190.5999755859375,2971588.2,True,False,False,False,0,-0.10171340338415491
2024-03-07,1074.9000244140625,1078.5999755859375,1059.0,1069.5999755859375,2691523,1074.4978855317097,1055.8193007100233,49.30040863413206,39.641739868014284,1190.5999755859375,2897667.5,True,False,False,False,0,-0.10162943262320456
2024-03-11,1077.0,1087.300048828125,1060.0,1063.75,2901619,1073.4742773858325,1056.1303085253164,48.099201121014666,38.76019050802219,1190.5999755859375,2917565.85,True,False,False,False,0,-0.10654290121542298
2024-03-12,1065.0,1069.0,1027.050048828125,1037.25,2895201,1070.0243462062294,1055.3899042694218,42.98938516153017,38.98803055544025,1190.5999755859375,2925654.3,True,False,False,False,0,-0.128800586872571
2024-03-13,1039.75,1047.0,915.2999877929688,947.9500122070312,2854959,1058.3982191586867,1051.1765751689359,31.027405380322833,45.61031495912532,1190.5999755859375,2874053.4,True,False,False,False,0,-0.20380477772098848
2024-03-14,950.0,1065.9000244140625,918.75,1054.550048828125,6083924,1058.0317267462522,1051.30886825361,49.199360246244574,52.863151348763694,1190.5999755859375,2845408.9,True,False,False,True,1,-0.11427005673409107
2024-03-15,1048.050048828125,1077.0,1023.8499755859376,1045.8499755859375,3987648,1056.8715599690793,1051.0947940313483,48.08585399997962,52.88364228199932,1190.5999755859375,2987331.2,True,False,False,True,1,-0.1215773584480071
2024-03-18,1008.0,1030.949951171875,971.5,1008.8499755859376,3008345,1052.2980757421135,1049.4381344844696,43.569581962826796,54.416951803709196,1190.5999755859375,3019995.75,True,False,False,False,0,-0.1526541271013836
2024-03-19,1022.8499755859376,1039.199951171875,1000.0,1006.2999877929688,3736272,1047.9173054612424,1047.746442457352,43.2679687737845,53.330023187149614,1190.5999755859375,2981044.55,True,False,False,True,1,-0.15479589414762762
2024-03-20,1024.9000244140625,1029.0,997.5999755859376,1011.4500122070312,3577635,1044.4442299132222,1046.323053035771,44.10948198821522,51.76359470335767,1190.5999755859375,3017496.15,False,False,False,True,1,-0.15047032341046374
2024-03-21,1030.9000244140625,1030.9000244140625,1005.2000122070312,1008.9000244140624,642213,1041.0590674847308,1044.8554832859,43.76333819727339,49.901910239334356,1190.5999755859375,3063251.55,False,False,False,False,0,-0.15261209045670776
2024-03-22,1012.0499877929688,1022.0499877929688,1005.2000122070312,1015.5999755859376,2738168,1038.634392065798,1043.7082084741369,44.984925508778424,47.541057764091725,1190.5999755859375,2943460.7,False,False,False,False,0,-0.14698471660380807
2024-03-26,1003.0,1064.5,1002.5999755859376,1045.9000244140625,4087621,1039.326357051347,1043.7941620404085,50.248354884593,48.56669823908963,1190.5999755859375,2971747.25,False,False,True,True,2,-0.12153532180333104
2024-03-27,1049.5,1057.5,1005.9000244140624,1014.8499755859376,3815101,1036.9952731022604,1042.659095904939,45.44967760211884,48.78336090672163,1190.5999755859375,3023277.8,False,False,False,True,1,-0.14761465110353877
2024-03-28,1030.0,1041.800048828125,1015.2000122070312,1026.699951171875,3159446,1036.0147662517475,1042.0332470918777,47.509912980498804,47.2238403592549,1186.699951171875,2766441.0,False,False,False,True,1,-0.13482767892759984
2024-04-01,1047.0999755859375,1125.0,1036.1500244140625,1112.0,3995373,1043.2514551801523,1044.7770413235687,59.3973960922304,50.87214096417419,1136.800048828125,2762659.1,False,False,True,True,2,-0.02181566481606878
2024-04-02,1114.0,1128.8499755859375,1090.0,1098.3499755859375,1716219,1048.4989333140368,1046.877940706407,57.166283879015396,50.01341486572872,1125.0,2857526.55,True,False,True,False,1,-0.02368891059027778
2024-04-03,1098.550048828125,1105.0,1090.0,1094.75,887319,1052.903796807938,1048.7552763649792,56.562841184376694,47.51245666103381,1128.8499755859375,2864739.75,True,False,True,False,1,-0.030207712560065936
2024-04-04,1103.449951171875,1119.0,1082.199951171875,1102.0,2011840,1057.5796256833726,1050.8433047428232,57.53502870433437,46.747284672968895,1128.8499755859375,2842307.5,True,False,True,False,1,-0.023785247080331362
2024-04-05,1103.0,1109.949951171875,1086.0,1096.300048828125,747341,1061.2672850304918,1052.625922157933,56.465023339608344,45.118903708605046,1128.8499755859375,2909818.05,True,False,True,False,1,-0.0288345904786127
2024-04-08,1105.0,1117.75,1065.0,1075.8499755859375,794510,1062.656112702439,1053.5366693511883,52.679680911802244,45.663982015133264,1128.8499755859375,2912763.6,True,False,True,False,1,-0.046950437300129266
2024-04-09,1081.25,1088.5999755859375,1066.0,1071.25,432564,1063.4745781593497,1054.2313097687888,51.83786313312706,44.01655298447642,1128.8499755859375,2816613.85,True,False,True,False,1,-0.05102535928748175
2024-04-10,1075.800048828125,1076.0,1056.0,1064.25,450543,1063.5484278584593,1054.6241995817775,50.51497744518784,42.301084914156675,1128.8499755859375,2703665.9,True,False,True,False,1,-0.05722636044032903
2024-04-12,1066.1500244140625,1097.550048828125,1053.0,1068.9000244140625,1283700,1064.0581037208976,1055.1840358497102,51.40220228561307,42.46172519372584,1128.8499755859375,2581112.1,True,False,True,False,1,-0.053107102332847655
2024-04-15,1036.4000244140625,1049.9000244140625,1012.8499755859376,1039.449951171875,1053977,1061.7144701448,1054.5670129211678,45.80135103716893,43.432319739040054,1128.8499755859375,2500537.05,True,False,False,False,0,-0.07919566492231067
2024-04-16,1038.949951171875,1060.6500244140625,1035.550048828125,1051.75,655917,1060.7654729881524,1054.45654182622,48.333484677601064,42.12286658524702,1128.8499755859375,2410487.95,True,False,False,False,0,-0.06829957678469911
2024-04-18,1059.6500244140625,1068.9000244140625,1036.050048828125,1038.75,497046,1058.668761274995,1053.8405990095055,45.89305482169375,41.460517228153485,1128.8499755859375,2139087.6,True,False,False,False,0,-0.07981572178284402
2024-04-19,1021.4000244140624,1046.550048828125,1011.4000244140624,1040.5999755859375,794936,1056.9479245427037,1053.3213588752478,46.30851648362694,41.00976774143271,1128.8499755859375,1964557.5,True,False,False,False,0,-0.07817690739125294
2024-04-22,1054.0,1080.0,1040.0,1042.949951171875,667886,1055.6147842216724,1052.9146370045273,46.86663610133327,40.937641474187515,1128.8499755859375,1853887.05,True,False,False,False,0,-0.07609516434588703
2024-04-23,1048.0,1068.949951171875,1042.050048828125,1050.050048828125,749815,1055.084809422287,1052.802300213296,48.60495243792427,39.93494582201341,1128.8499755859375,1700467.75,True,False,False,False,0,-0.0698054909527821
2024-04-24,1055.0,1056.199951171875,1042.300048828125,1047.8499755859375,409452,1054.395777628349,1052.60809140438,48.08004363880685,38.075299859280314,1128.8499755859375,1559076.75,True,False,False,False,0,-0.07175444191151825
2024-04-25,1045.0,1053.949951171875,1040.8499755859375,1050.1500244140625,421022,1053.9914201793692,1052.511696620446,48.70374059914848,36.291348125470115,1128.8499755859375,1547438.7,True,False,False,False,0,-0.0697169268494029
2024-04-26,1055.0,1071.449951171875,1046.5,1062.8499755859375,2056765,1054.8350921228518,1052.917119324975,52.123616336386064,35.48124834307047,1128.8499755859375,1431581.4,True,False,True,True,2,-0.05846658229827417
2024-04-29,1072.8499755859375,1072.8499755859375,1057.5999755859375,1061.0,2795995,1055.4222262063897,1053.234095037721,51.584119035320654,34.03615917570829,1128.8499755859375,1330038.6,True,False,True,True,2,-0.060105396689865254
2024-04-30,1067.0,1087.300048828125,1060.3499755859375,1065.199951171875,3503339,1056.3534381078646,1053.703344297884,52.77907567988563,33.530010180456806,1128.8499755859375,1279083.3,True,False,True,True,2,-0.05638483925290827
2024-05-02,1065.199951171875,1066.0,1045.5999755859375,1052.8499755859375,3169241,1056.0197750105383,1053.6698788581998,48.95302772671375,32.592154054285785,1128.8499755859375,1296277.95,True,False,False,True,1,-0.06732515537377026
2024-05-03,1045.550048828125,1068.5,1044.0,1061.550048828125,2666817,1056.5464677550704,1053.9789051315304,51.61405513669398,32.01414305040823,1128.8499755859375,1254971.35,True,False,True,True,2,-0.05961813191596166
2024-05-06,1060.3499755859375,1065.949951171875,1032.1500244140625,1058.5,2650493,1056.7325184450635,1054.1562029695096,50.61784360144464,32.14169902950854,1119.0,1302501.25,True,False,True,True,2,-0.054066130473637175
2024-05-07,1058.0,1058.25,1012.3499755859376,1021.5499877929688,2455096,1053.381801240102,1052.8775278645473,40.43566609312785,33.142293699833814,1119.0,1390659.95,True,False,False,True,1,-0.08708669544864278
2024-05-08,1018.0999755859376,1030.0,1011.0,1019.5,2094553,1050.154963026759,1051.5686052031926,39.95545249921803,32.1321298641314,1117.75,1412822.75,False,False,False,True,1,-0.08789979870275111
2024-05-09,1023.6500244140624,1029.8499755859375,975.0,980.0499877929688,918325,1043.4782987187791,1048.7639535400467,32.06383738461197,33.75483312997469,1117.75,1480183.35,False,False,False,False,0,-0.12319392727088463
2024-05-10,980.0499877929688,999.7000122070312,970.5,990.5499877929688,745958,1038.4375072020352,1046.4810529225142,35.7038401852099,33.42948877833587,1097.550048828125,1486374.1,False,False,False,False,0,-0.09748991506073212
2024-05-13,990.9500122070312,1020.0,975.0,991.0499877929688,710559,1033.9244101154575,1044.307285662532,35.88002134455867,34.2559538655976,1097.550048828125,1502043.8,False,False,False,False,0,-0.09703435496984247
2024-05-14,995.9000244140624,1056.0,982.8499755859376,1022.0499877929688,1344326,1032.7935127514108,1043.4344504519609,45.79689860928855,37.03410176191651,1097.550048828125,1515044.6,False,False,False,False,0,-0.0687896293346888
2024-05-15,1025.0,1039.0,1018.75,1021.6500244140624,597368,1031.732228147854,1042.5801592347884,45.69869474370723,35.83523735035104,1087.300048828125,1518075.9,False,False,False,False,0,-0.060378940003561254
2024-05-16,1030.0,1035.0,1017.5499877929688,1031.0,486016,1031.6624921337725,1042.126035343228,48.47996745752879,34.52200698297106,1087.300048828125,1495245.45,False,False,False,False,0,-0.05177968021688617
2024-05-17,1034.0,1042.0,1023.0,1035.1500244140625,397731,1031.9946380652286,1041.8524662871823,49.71117053183516,33.41329219847312,1087.300048828125,1486750.4,False,False,False,False,0,-0.047962864041318665
2024-05-21,1044.5999755859375,1094.550048828125,1033.3499755859375,1061.4000244140625,1634159,1034.795151050832,1042.6190371941188,56.75142984644714,35.39806227302415,1087.300048828125,1481784.65,False,False,True,True,2,-0.02382049411473597
2024-05-22,1071.0,1092.0,1062.550048828125,1086.949951171875,1274103,1039.7622748718836,1044.357504408933,62.28578734530039,35.05534179537511,1094.550048828125,1523745.8,False,False,True,False,1,-0.00694358167028275
2024-05-23,1089.9000244140625,1119.0,1075.0999755859375,1099.5999755859375,1891437,1045.4611035113173,1046.5238758276391,64.69470361582735,35.68710483956707,1094.550048828125,1554056.65,False,True,True,True,2,0.004613701094088096
2024-05-24,1108.8499755859375,1154.800048828125,1097.0,1106.699951171875,2558335,1051.2933747170848,1048.88372191957,66.00707098015164,37.26660083874978,1119.0,1611137.75,True,False,True,True,2,-0.010992000740058128
2024-05-27,1124.949951171875,1133.300048828125,1090.0999755859375,1104.3499755859375,1909009,1056.3463843236423,1051.0588691221726,65.14393204538804,37.690420296138186,1154.800048828125,1718581.9,True,False,True,True,2,-0.0436872801428988
2024-05-28,1124.0,1134.0,1081.0,1088.0999755859375,1209409,1059.3705358724324,1052.5114615325163,59.36320717107836,38.78396170355688,1154.800048828125,1792981.25,True,False,True,False,1,-0.05775898027530724
2024-05-29,1089.0,1099.8499755859375,1081.9000244140625,1085.699951171875,631494,1061.878099234284,1053.8129709301381,58.537005983852396,37.29581809415104,1154.800048828125,1750613.45,True,False,True,False,1,-0.05983728328239324
2024-05-30,1085.8499755859375,1107.1500244140625,1081.199951171875,1099.550048828125,4029650,1065.465903957507,1055.6065818280983,61.837837060257435,36.485407747582215,1154.800048828125,1642388.4,True,False,True,True,2,-0.04784378045018867
2024-05-31,1106.9000244140625,1150.0999755859375,1101.449951171875,1122.800048828125,9141631,1070.9262987070895,1058.241619749668,66.6390972277714,37.490016248312955,1154.800048828125,1668703.95,True,False,True,True,2,-0.027710424876127404
2024-06-03,1249.0,1249.4000244140625,1185.050048828125,1221.949951171875,9453459,1085.3095037037358,1064.6615543152448,78.85604114671366,43.855013343857564,1154.800048828125,1967323.45,True,True,True,True,2,0.05814851013549305
2024-06-04,1219.75,1219.75,977.5999755859376,977.5999755859376,8110623,1075.0514534068027,1061.2473747572328,39.98952000180746,58.17608207543469,1249.4000244140625,2306655.55,True,False,False,True,1,-0.21754445615253792
2024-06-05,997.0,1017.8499755859376,831.5,951.7000122070312,13983391,1063.3036971020626,1056.9513997552642,37.85948409525861,67.33136018332776,1249.4000244140625,2579662.05,True,False,False,True,1,-0.2382743768126987
2024-06-06,995.0,1020.0,983.4000244140624,1001.0499877929688,8559362,1057.3747724059585,1054.7591875214487,43.98213834722556,67.40054786973069,1249.4000244140625,3156076.8,True,False,False,True,1,-0.19877543762460204
2024-06-07,1001.0,1045.0,987.0,1020.0499877929688,6459015,1053.8200310142452,1053.3980424340573,46.18077596764288,66.72908016474993,1249.4000244140625,3479317.25,True,False,False,True,1,-0.18356813841800046
2024-06-10,1054.9000244140625,1074.0,1020.0,1026.800048828125,1854218,1051.2466993774717,1052.3549838612757,46.97699083298864,65.81986015298209,1249.4000244140625,3756351.75,False,False,False,False,0,-0.17816549642724022
2024-06-11,1030.5,1032.0,1015.0,1017.8499755859376,1113225,1048.0660590163732,1051.0018462818507,46.00513305709427,62.33272728491194,1249.4000244140625,3811764.75,False,False,False,False,0,-0.18532899335960562
2024-06-12,1019.9500122070312,1028.949951171875,1015.0499877929688,1020.5,715392,1045.440720062433,1049.8056954472684,46.35898572141783,58.87324414876868,1249.4000244140625,3831898.05,False,False,False,False,0,-0.1832079557717401
2024-06-13,1027.0,1031.800048828125,1014.0499877929688,1017.6500244140624,611962,1042.7939871435406,1048.5446887400838,46.00976823002476,55.93587392636779,1249.4000244140625,3800451.35,False,False,False,False,0,-0.18548903111210124
2024-06-14,1024.949951171875,1038.699951171875,1015.5,1019.7999877929688,702499,1040.604082443486,1047.417445565687,46.33816748886469,53.59759372961831,1249.4000244140625,3801181.05,False,False,False,False,0,-0.18376823446019253
2024-06-18,1025.6500244140625,1034.699951171875,1023.0,1026.550048828125,893353,1039.2656030515468,1046.5991162818611,47.4195335417336,50.833477275996025,1249.4000244140625,3812005.2,False,False,False,False,0,-0.1783655924694324
2024-06-19,1030.0,1031.699951171875,1001.0499877929688,1007.75,1074316,1036.2641170466375,1045.0756215257097,44.71673732920994,49.39179771191819,1249.4000244140625,3836786.3,False,False,False,False,0,-0.19341285392353846
2024-06-20,1012.7999877929688,1031.0,1006.5,1016.5,792202,1034.381820185053,1043.9550089168583,46.252238543636906,47.61381216106689,1249.4000244140625,3808794.15,False,False,False,False,0,-0.18640949244681404
2024-06-21,1016.0,1023.0,1002.0,1010.5499877929688,722608,1032.1121218619974,1042.6450080884706,45.33022175516516,45.71282557813354,1249.4000244140625,3784699.1,False,False,False,False,0,-0.1911717880213012
2024-06-24,1005.0,1027.8499755859375,1000.0,1017.25,687135,1030.6966816846643,1041.6491254183345,46.6206149352822,44.43690772154811,1249.4000244140625,3726257.65,False,False,False,False,0,-0.18580920432023773
2024-06-25,1017.25,1029.25,1011.1500244140624,1014.2000122070312,2571533,1029.125570305842,1040.5726896061265,46.08732493742248,42.55569828329022,1249.4000244140625,3632697.65,False,False,False,False,0,-0.18825036626466707
2024-06-26,1012.9500122070312,1023.0,996.75,1005.0999755859376,3480521,1026.837418427756,1039.1816027818054,44.453443381860566,41.39100554876949,1249.4000244140625,3665823.85,False,False,False,False,0,-0.1955338915114041
2024-06-27,1010.0,1018.0,1005.4000244140624,1012.2000122070312,3777139,1025.4433797400677,1038.1235011906379,46.060201565368956,39.355935467718986,1249.4000244140625,3779379.45,False,False,False,False,0,-0.18985113460220404
2024-06-28,1016.9500122070312,1017.5,990.0,997.3499755859376,795167,1022.7678174396743,1036.5245394022184,43.24273876876484,38.50908293431049,1249.4000244140625,3936661.7,False,False,False,False,0,-0.20173686881936004
2024-07-01,1003.6500244140624,1007.8499755859376,996.0499877929688,999.2000122070312,472079,1020.523264560375,1035.0608324533875,43.70473845550275,36.60129042421466,1249.4000244140625,3774937.55,False,False,False,False,0,-0.2002561287961947
2024-07-02,1005.0,1063.3499755859375,1000.4000244140624,1024.75,2738036,1020.9258107927202,1034.6564860826666,49.78408232093719,38.569052778121204,1249.4000244140625,3341459.95,False,False,False,False,0,-0.17980632305447386
2024-07-03,1034.949951171875,1040.0,1020.0,1035.199951171875,970351,1022.2852527335921,1034.677798439106,52.06417911705896,37.242691865398264,1219.75,3005688.8,False,False,True,False,1,-0.15130153623949583
2024-07-04,1036.0,1047.949951171875,1020.0999755859376,1025.8499755859375,825442,1022.6247501481012,1034.3316093076094,49.881777375846035,36.57178355972248,1074.0,2648675.2,False,False,False,False,0,-0.04483242496653861
2024-07-05,1025.800048828125,1025.800048828125,1010.0,1012.6500244140624,659996,1021.6747762686689,1033.48135107649,46.89328040447069,35.091654418737846,1074.0,1990777.75,False,False,False,False,0,-0.05712288229603135
2024-07-08,1010.0,1019.9500122070312,994.7000122070312,998.4000244140624,757659,1019.4581332348969,1032.1056127760025,43.83972407866798,34.38867910311372,1074.0,1595809.45,False,False,False,False,0,-0.07039103872061225
2024-07-09,1005.75,1033.199951171875,1000.0,1003.4500122070312,901166,1017.9335502798621,1030.9818637340823,45.2015565662511,34.41805393559221,1074.0,1310741.65,False,False,False,False,0,-0.06568900166943081
2024-07-10,1004.75,1013.9500122070312,985.4000244140624,1003.25,640805,1016.5351169198752,1029.894339666079,45.15485303188369,33.99890635397626,1063.3499755859375,1263089.05,False,False,False,False,0,-0.05651946862821022
2024-07-11,1002.9000244140624,1010.9000244140624,998.5,1001.2000122070312,381605,1015.0746307567473,1028.769071922587,44.64569175146761,32.45612907255384,1063.3499755859375,1239468.05,False,False,False,False,0,-0.058447326661816845
2024-07-12,1005.0,1010.5999755859376,1000.0,1004.7999877929688,478408,1014.0960933316255,1027.8291078390725,45.80146189997793,30.894975252081256,1063.3499755859375,1222778.7,False,False,False,False,0,-0.055061822671041094
2024-07-15,1006.5,1025.1500244140625,998.5,1013.2999877929688,972014,1014.0202737565154,1027.2593384255,48.533870283890074,30.59176447793706,1063.3499755859375,1216101.0,False,False,False,False,0,-0.04706821737160405
2024-07-16,1024.050048828125,1047.949951171875,1018.5,1022.25,1149453,1014.8040572082758,1027.0628937813626,51.316947302775915,30.88163582800629,1063.3499755859375,1229576.75,False,False,True,False,1,-0.03865140972358627
2024-07-18,1021.9500122070312,1025.0,1007.2999877929688,1010.4500122070312,625350,1014.3893862557763,1026.4114082294282,47.65779666501525,29.94009128365093,1063.3499755859375,1242381.75,False,False,False,False,0,-0.04974840324772356
2024-07-19,1008.0,1020.25,1001.5499877929688,1010.7000122070312,884638,1014.038017298753,1025.7952750520792,47.742814223124874,29.137228492463812,1063.3499755859375,1219933.45,False,False,False,False,0,-0.049513297209504814
2024-07-22,1004.9500122070312,1015.2999877929688,982.5,1011.0499877929688,788623,1013.7534430601067,1025.2170284928984,47.87046483564644,29.398854156785596,1063.3499755859375,1224555.25,False,False,False,False,0,-0.049184171715572655
2024-07-23,1010.0999755859376,1033.199951171875,975.0,1023.7999877929688,1423981,1014.7102568441888,1025.1614582693717,52.429488296679075,31.456075372149126,1063.3499755859375,1227856.0,False,False,True,True,2,-0.03719376376641714
2024-07-24,1025.9000244140625,1047.0,1022.0,1036.199951171875,928518,1016.7568943992065,1025.5943403439796,56.42119137591246,30.99492713128133,1063.3499755859375,1264698.3,False,False,True,False,1,-0.025532538710128838
2024-07-25,1030.199951171875,1060.050048828125,1025.050048828125,1050.1500244140625,1144067,1019.9371924958594,1026.557308346728,60.4426900079961,31.281003764761234,1063.3499755859375,1182547.55,False,False,True,False,1,-0.012413552898801195
2024-07-26,1063.050048828125,1149.699951171875,1040.050048828125,1051.949951171875,8182577,1022.9860266554799,1027.5530982614396,60.94349537489534,36.878782234689005,1063.3499755859375,1065724.85,False,False,True,True,2,-0.01072085830234848
2024-07-29,1059.1500244140625,1110.0,1047.8499755859375,1051.949951171875,4773418,1025.7444956570414,1028.5098375912607,60.94349537489534,38.683870961787115,1149.699951171875,1285996.75,False,False,True,True,2,-0.08502218330997113
2024-07-30,1064.9000244140625,1137.0,1054.0,1124.9000244140625,9156858,1035.1878793481862,1032.2898449176453,75.51454144160697,41.99574080938268,1149.699951171875,1484909.3,True,False,True,True,2,-0.021570781778788684
2024-07-31,1156.0,1168.800048828125,1125.25,1138.050048828125,4660152,1044.9842764415137,1036.4373038945268,77.16811896705538,42.131761066859816,1149.699951171875,1919148.25,True,False,True,True,2,-0.010132993684026315
2024-08-01,1120.0,1348.0,1119.949951171875,1275.199951171875,30107717,1066.909578796786,1045.800544964227,87.01645983536228,55.41163876409304,1168.800048828125,2015254.05,True,True,True,True,2,0.0910334513165274
2024-08-02,1250.0,1309.0,1231.0999755859375,1261.800048828125,9602722,1085.4705759426279,1054.2711137432034,83.23867389736881,57.01795202480515,1348.0,3472122.35,True,False,True,True,2,-0.06394655131444738
2024-08-05,1200.0,1231.949951171875,1150.6500244140625,1159.0999755859375,6801861,1092.4828997181812,1058.3820495017421,61.279911184942,60.88452862403781,1348.0,3910986.35,True,False,True,True,2,-0.14013354926859234
2024-08-06,1171.0,1183.4000244140625,1094.300048828125,1124.8499755859375,11968412,1095.5654783722532,1060.9886348383773,55.9764145669141,62.899917692744935,1348.0,4218079.6,True,False,True,True,2,-0.16554156113802854
2024-08-07,1160.0,1170.0,1126.0999755859375,1131.6500244140625,3993218,1099.0021018048064,1063.7596697236984,56.776253816745644,61.63206817283905,1348.0,4778617.25,True,False,True,False,1,-0.16049701452962728
2024-08-08,1132.0,1135.0,1096.050048828125,1101.449951171875,2760169,1099.2352303159557,1065.237719976568,52.23707971745442,60.01191695848448,1348.0,4933219.85,True,False,True,False,1,-0.18290062969445475
2024-08-09,1110.0,1131.9000244140625,1101.0999755859375,1103.800048828125,2246263,1099.6699749361624,1066.7499681668253,52.55495994903492,57.92535494917309,1348.0,5039188.05,True,False,True,False,1,-0.18115723380702897
2024-08-12,1072.0,1082.949951171875,1036.050048828125,1063.0,6368619,1096.1775963708135,1066.6029105916557,46.73911773333358,58.62711530994645,1348.0,5132420.95,True,False,False,True,1,-0.21142433234421365
2024-08-13,1092.0,1129.9000244140625,1065.0999755859375,1071.25,5808191,1093.8035395735933,1066.785149391983,47.99238527195749,59.21803738881188,1348.0,5426931.5,True,False,False,True,1,-0.20530415430267057
2024-08-14,1082.0,1119.0,1070.0999755859375,1113.699951171875,3846943,1095.6984359162868,1068.624945540214,53.99142999622935,58.48103646204407,1348.0,5668740.35,True,False,True,False,1,-0.17381309260246658
2024-08-16,1126.9000244140625,1138.0,1073.0999755859375,1085.300048828125,3187004,1094.7081133364618,1069.2788711593478,49.84864093175607,58.93953560147395,1348.0,5803614.85,True,False,False,False,0,-0.19488126941533757
2024-08-19,1089.800048828125,1111.9000244140625,1089.800048828125,1092.550048828125,1782102,1094.502583383287,1070.191466362045,50.8847142962643,56.62956702893564,1348.0,5931697.55,True,False,True,False,1,-0.18950293113640582
2024-08-20,1097.8499755859375,1110.25,1090.800048828125,1099.9000244140625,1099089,1095.016625386218,1071.356507854281,51.968068387797956,53.97388018200274,1348.0,5976570.75,True,False,True,False,1,-0.18405042699253527
2024-08-21,1099.699951171875,1115.5,1075.0,1088.4000244140625,2048993,1094.3864729126794,1072.024881052704,50.10581608331728,53.01146016900255,1348.0,5992094.05,True,False,True,False,1,-0.1925815842625649
2024-08-22,1092.0,1099.9000244140625,1075.0,1077.75,1942688,1092.8020469209957,1072.2493955212253,48.376886497756175,51.00350047222111,1348.0,6023344.65,True,False,False,False,0,-0.20048219584569738
2024-08-23,1081.0,1086.0,1060.0,1065.6500244140625,1465165,1090.2161400155735,1071.9905966542776,46.41719965799656,49.217536152776745,1348.0,6074053.15,True,False,False,False,0,-0.20945843886197146
2024-08-26,1066.550048828125,1076.0,1041.3499755859375,1053.3499755859375,1712349,1086.7050767365606,1071.2595919064995,44.44618316402341,48.17699960001144,1348.0,6090108.05,True,False,False,False,0,-0.2185831041647348
2024-08-27,1055.1500244140625,1062.0,1043.5,1046.1500244140625,1319608,1082.8426908010847,1070.2749029852275,43.28745704844799,46.05721391429634,1348.0,5766596.65,True,False,False,False,0,-0.22392431423289128
2024-08-28,1050.9000244140625,1050.9000244140625,1022.5,1027.1500244140625,1883409,1077.538627335654,1068.5837312765543,40.30154665711677,44.79598609285107,1348.0,5593906.15,True,False,False,False,0,-0.23801926972250553
2024-08-29,1025.5,1027.0,984.0,1004.0999755859376,6514855,1070.5444700261571,1066.054956543589,36.96985095637277,44.67841740150903,1348.0,5230233.7,True,False,False,True,1,-0.25511871247334006
2024-08-30,1012.7000122070312,1022.9000244140624,1000.5,1007.4000244140624,2071206,1064.5307133011956,1063.7547631267448,37.763127431794565,43.087103616691415,1348.0,5322968.85,True,False,False,False,0,-0.25267060503407834
2024-09-02,1017.0,1049.0,1003.4000244140624,1034.0999755859375,2821331,1061.6325478045044,1062.5918302820073,43.9136013432046,43.266594471637575,1309.0,3921143.3,False,False,False,False,0,-0.2100076580703304
2024-09-03,1045.0,1046.0999755859375,1020.0499877929688,1029.199951171875,1368306,1058.5437290775872,1061.282344826708,43.07233845520618,42.03683685173266,1231.949951171875,3582073.75,False,False,False,False,0,-0.1645764909582057
2024-09-04,1015.7000122070312,1038.0,1012.0,1028.5999755859375,1079051,1055.6919430307632,1060.0006832878541,42.96380704373601,40.891348505180325,1183.4000244140625,3310396.0,False,False,False,False,0,-0.13080957041958086
2024-09-05,1035.0,1037.800048828125,1001.2999877929688,1007.4500122070312,1162678,1051.097473428503,1057.9398726572338,39.21281813475197,40.57768511446432,1170.0,2765927.95,False,False,False,False,0,-0.13893161349826388
2024-09-06,1012.4500122070312,1012.5,983.0,985.3499755859376,1636983,1044.8358069673063,1055.0932100269868,35.70497758349188,39.786421892002586,1138.0,2624400.95,False,False,False,False,0,-0.13413886152378063
2024-09-09,985.2999877929688,1009.1500244140624,968.2999877929688,1007.0499877929688,2722062,1041.2371575221314,1053.209162096241,41.26130408233861,39.86239437265195,1138.0,2568241.65,False,False,False,True,1,-0.11507030949651254
2024-09-10,1001.0499877929688,1020.0,1001.0499877929688,1014.0,1269824,1038.6431425200237,1051.6715478963886,42.961461244013144,38.36865278939332,1138.0,2592031.6,False,False,False,False,0,-0.10896309314586994
2024-09-11,1008.0499877929688,1012.8499755859376,990.9000244140624,998.0999755859376,628404,1034.7818885263014,1049.5707019234296,40.10173267780475,37.27803298914649,1138.0,2337091.85,False,False,False,False,0,-0.12293499509144323
2024-09-12,1004.0999755859376,1012.0,990.0,1008.2000122070312,692258,1032.2502812577995,1047.9483219345514,42.71047297345668,36.18674491849317,1138.0,2078102.5,False,False,False,False,0,-0.11405974322756485
2024-09-13,991.0,1009.0,980.0,983.2999877929688,1639099,1027.5883485468632,1045.4130931446855,38.28365660895655,35.67340599574366,1138.0,1920368.25,False,False,False,False,0,-0.13594025677243515
2024-09-16,990.5,1010.0,978.0,980.5,1787723,1023.1037439233525,1042.8674816488156,37.809092998400665,35.41101985319054,1115.5,1842973.0,False,False,False,False,0,-0.12102196324518155
2024-09-17,985.0,995.0,976.1500244140624,989.0,1320871,1019.8557683116046,1040.7550313880777,40.23125201247326,34.22808811981533,1115.5,1843254.05,False,False,False,False,0,-0.11340206185567014
2024-09-18,988.0,993.0,977.0,979.9000244140624,2847382,1016.0504593689816,1038.3685605263515,38.50235532253147,32.92608182554281,1115.5,1854343.15,False,False,False,True,1,-0.12155981675117666
2024-09-19,993.0999755859376,998.4500122070312,967.0499877929688,979.0,3414484,1012.5218441909833,1036.0403816821809,38.32692357006693,32.81707772472279,1099.9000244140625,1894262.6,False,False,False,True,1,-0.1099191033098379
2024-09-20,976.2000122070312,1019.9000244140624,976.2000122070312,1007.1500244140624,4788824,1012.010242307467,1034.9074264951958,46.53267782767087,33.59443018774482,1086.0,1967852.4,False,False,False,True,1,-0.07260587070528324
2024-09-23,1025.199951171875,1040.0,1017.0,1025.949951171875,2323963,1013.3378336278868,1034.5561529531046,51.20232521075954,33.5412548590443,1076.0,2134035.35,False,False,True,True,2,-0.04651491526777418
2024-09-24,1030.0,1068.0,1021.4500122070312,1051.1500244140625,4131050,1016.9389946551415,1035.2068930103972,56.66566395932224,34.47045006861033,1062.0,2164616.05,False,False,True,True,2,-0.010216549515948636
2024-09-25,1049.0,1053.8499755859375,1036.0,1044.199951171875,1091528,1019.5352762281638,1035.559561957906,54.84200109005145,33.28327331984799,1068.0,2305188.15,False,False,True,False,1,-0.022284689913974698
2024-09-26,1045.0,1049.4000244140625,1033.0,1036.699951171875,641975,1021.1700071751839,1035.604283103552,52.864813641254806,32.07732696943474,1068.0,2265594.1,False,False,True,False,1,-0.029307161824087102
2024-09-27,1036.0999755859375,1056.0,1001.0499877929688,1010.2000122070312,1537355,1020.1252457496455,1034.6080371860414,46.48748372478963,33.711090200691636,1068.0,1971950.1,False,False,False,False,0,-0.0541198387574614
2024-09-30,1009.9000244140624,1018.7000122070312,994.0,1009.6500244140624,1170771,1019.127605622447,1033.6292915871404,46.36247748986978,33.06744177257304,1068.0,1945257.55,False,False,False,False,0,-0.05463480860106518
2024-10-01,1013.9500122070312,1053.449951171875,1010.0,1040.0999755859375,4058979,1021.1249741903985,1033.8830439008186,53.773893400087736,33.8340478429473,1068.0,1862729.55,False,False,True,True,2,-0.02612361836522703
2024-10-03,1023.7999877929688,1039.699951171875,1010.0,1015.8499755859376,983956,1020.6225933709261,1033.1758647512156,48.07651247346743,33.56732839601803,1068.0,1997263.2,False,False,False,False,0,-0.04882961087459026
2024-10-04,1016.0,1020.5,955.0,962.75,5174616,1015.1109178117903,1030.414066133521,38.465973126476726,35.848233510588166,1068.0,1992508.45,False,False,False,True,1,-0.09854868913857673
2024-10-07,976.0,982.7000122070312,920.7999877929688,934.2000122070312,4321395,1007.4051172780037,1026.640965979541,34.475522423332194,37.709075717979196,1068.0,2193105.35,False,False,False,True,1,-0.12528088744659993
2024-10-08,931.0,1010.0,915.0,1007.2999877929688,4982440,1007.3951049460956,1025.8824962467343,49.049801852737914,41.801284595266395,1068.0,2327325.95,False,False,False,True,1,-0.0568352174223139
2024-10-09,1015.7999877929688,1017.4500122070312,980.5,983.2999877929688,1752790,1005.100331883893,1024.2125939544298,45.4736035767356,41.454765138963886,1068.0,2440344.85,False,False,False,False,0,-0.0793071275346735
2024-10-10,992.9500122070312,1001.5999755859376,963.5999755859376,989.8499755859376,1981159,1003.6479169983735,1022.8650402929204,46.617527001866954,41.20799620046647,1068.0,2464493.15,False,False,False,False,0,-0.07317418016297972
2024-10-11,997.9000244140624,999.0499877929688,974.7000122070312,976.7999877929688,1055225,1001.0909713597636,1021.0585676458635,44.609489991346535,40.003851870857254,1068.0,2532130.9,False,False,False,False,0,-0.08539326985677087
2024-10-14,994.0,1014.7999877929688,977.0999755859376,982.4000244140624,1363315,999.3108811744587,1019.5425463426557,45.690583021996375,39.86071959436745,1068.0,2550279.25,False,False,False,False,0,-0.08014978987447341
2024-10-15,984.8499755859376,1009.0,974.0499877929688,1004.7000122070312,2474266,999.8241317489894,1018.9604861804743,49.88519854265402,39.5099547809863,1068.0,2536490.05,False,False,False,False,0,-0.05926965149154373
2024-10-16,1010.75,1038.3499755859375,1003.2000122070312,1032.6500244140625,3045843,1002.9504072409012,1019.4973308170855,54.61646492231319,39.19852682369487,1068.0,2570817.2,False,False,True,True,2,-0.0330992280767205
2024-10-17,1027.050048828125,1036.8499755859375,1015.0,1021.6500244140624,1487254,1004.7313231621547,1019.5817501738297,52.51514898324218,37.95934459242649,1068.0,2657065.8,False,False,True,False,1,-0.043398853544885374
2024-10-18,1015.5499877929688,1046.0,1004.0,1043.300048828125,2162032,1008.4045351303424,1020.5118795328217,56.09551208459945,38.2479628358246,1068.0,2589059.4,False,False,True,False,1,-0.023127295104751866
2024-10-21,1043.300048828125,1048.699951171875,1008.0,1017.5499877929688,799922,1009.2755306220212,1020.3957269155726,51.15507602283465,38.42310485982821,1068.0,2526436.8,False,False,True,False,1,-0.04723783914516033
2024-10-22,1017.5,1043.4000244140625,987.0,1009.8499755859376,3785445,1009.3302396662036,1019.9821680399007,49.74423601818956,39.707170542273516,1068.0,2326991.7,False,False,False,True,1,-0.05444758840268016
2024-10-23,1008.9500122070312,1008.9500122070312,965.4000244140624,981.5999755859376,3268890,1006.6892621347497,1018.4769840220981,44.856313312238775,40.04594058724506,1068.0,2400065.8,False,False,False,True,1,-0.08089889926410332
2024-10-24,981.9000244140624,988.5,969.0,976.3499755859376,1904115,1003.7998062729581,1016.824944475582,43.99120016997132,38.57837340244185,1056.0,2356957.8,False,False,False,False,0,-0.07542615948301368
2024-10-25,975.0,975.75,905.0999755859376,919.3499755859376,1689777,995.7569652551466,1013.0023966759882,35.89648619756214,40.912061016553146,1056.0,2397587.15,False,False,False,False,0,-0.12940343221028638
2024-10-28,924.9500122070312,961.8499755859376,891.0499877929688,940.0,2004705,990.4467780879897,1010.1395575906554,40.190249360981696,43.046912929154274,1056.0,2449977.25,False,False,False,False,0,-0.10984848484848486
2024-10-29,950.0,950.0499877929688,917.0499877929688,930.5999755859376,2125174,984.7470826116038,1007.0203582963527,38.91252049041587,42.32927629135754,1053.449951171875,2473344.75,False,False,False,False,0,-0.11661681264428092
2024-10-30,930.0,963.5,917.5499877929688,945.9000244140624,1785038,981.0473627832665,1004.6234824578315,42.13705521309422,42.58790028533423,1053.449951171875,2521064.9,False,False,False,False,0,-0.10209305780324196
2024-10-31,943.0,980.0,942.0,976.2000122070312,1546658,980.5857103474347,1003.5088365656434,47.99195784026082,42.26019312209607,1048.699951171875,2407367.85,False,False,False,False,0,-0.06913315756697458
2024-11-01,981.8499755859376,990.0,970.0999755859376,978.75,143996,980.4108807905361,1002.5379017983632,48.46457052681539,40.663038214379384,1048.699951171875,2435502.95,False,False,False,False,0,-0.06670158713529939
2024-11-04,978.9500122070312,979.9000244140624,961.2000122070312,964.7999877929688,773086,978.9241290764821,1001.0579836020733,46.0017627638581,39.09425064242594,1048.699951171875,2183971.95,False,False,False,False,0,-0.0800037830507685
2024-11-05,968.9000244140624,1024.9000244140625,956.3499755859376,1015.0,2100961,982.3599263072933,1001.6047293431684,54.88619230925952,41.19823622711873,1048.699951171875,2006556.5,False,False,True,True,2,-0.0321349792514215
2024-11-06,1015.0,1090.949951171875,1009.0,1076.300048828125,5200238,991.3066046426106,1004.5339575582648,62.911032456203856,44.10907300888704,1048.699951171875,1862482.55,False,True,True,True,2,0.026318393192836576
2024-11-07,1006.2000122070312,1015.0,956.2999877929688,964.0499877929688,10230730,988.7107363712162,1002.9463509008021,46.57378495314154,49.529857867906266,1090.949951171875,2034854.95,False,False,False,True,1,-0.11632060961421098
2024-11-08,965.0,973.8499755859376,934.0,936.25,2473648,983.7144757644337,1000.3308077282218,43.55694552448653,48.83843770490851,1090.949951171875,2447333.5,False,False,False,True,1,-0.14180297730954539
2024-11-11,936.25,937.0499877929688,897.0,901.9500122070312,3421527,975.9273839970621,996.4727373156261,40.10515154246467,48.210691282627096,1090.949951171875,2518254.65,False,False,False,True,1,-0.17324345517576134
2024-11-12,903.5999755859376,937.9500122070312,901.5499877929688,924.0499877929688,3720874,970.9866795966723,993.6326294912083,43.2269999222994,47.36707222058676,1090.949951171875,2621165.25,False,False,False,True,1,-0.1529859029734828
2024-11-13,920.0,936.7000122070312,885.0999755859375,889.8499755859375,2753677,963.2593744527927,989.5627214949232,39.77221317254817,47.669426820622974,1090.949951171875,2683495.65,False,False,False,True,1,-0.1843347399850197
2024-11-14,900.0,905.9500122070312,875.8499755859375,879.7000122070312,1903461,955.3013399531965,985.2543799542215,38.78157626441717,46.41447037779946,1090.949951171875,2668887.35,False,False,False,False,0,-0.19363852460685627
2024-11-18,888.0,889.0,855.0,866.5499877929688,1743209,946.848830223651,980.5993057518194,37.479097539643845,45.52772249367093,1090.949951171875,2689697.7,False,False,False,False,0,-0.20569226217743597
2024-11-19,866.5499877929688,887.4000244140625,865.25,871.5499877929688,1551260,939.6775118969193,976.3228619102958,38.32723593259335,43.85788691655604,1090.949951171875,2668756.55,False,False,False,False,0,-0.20110910050752695
2024-11-21,697.25,724.0,697.25,697.25,21316268,916.5891774305461,965.3788281098921,25.394445212671783,53.175179836299804,1090.949951171875,2706323.45,False,False,False,True,1,-0.3608781051311941
2024-11-22,658.1500244140625,695.0,627.5,648.9500122070312,22987433,891.0997331235448,952.9698549372309,23.071228040055928,54.35909556227839,1090.949951171875,3582864.6,False,False,False,True,1,-0.40515143567315526
2024-11-25,678.0,694.2000122070312,620.0,625.2000122070312,13113479,865.775950179115,940.116135614478,22.00517881628052,55.77630389404646,1090.949951171875,4568791.75,False,False,False,True,1,-0.4269214536052228
2024-11-26,637.75,637.75,593.0499877929688,600.75,7755657,840.5353834953896,926.8076597080279,20.93283336857479,54.985140202116796,1090.949951171875,5129259.95,False,False,False,True,1,-0.44933312536043724
2024-11-27,601.0999755859375,660.7999877929688,588.0,660.7999877929688,9030869,823.4177267618257,916.3759862995943,29.96042378139765,56.25762931574908,1090.949951171875,5432553.95,False,False,False,True,1,-0.3942893648941901
2024-11-28,689.9000244140625,726.8499755859375,685.0,726.8499755859375,9255642,814.2207980784078,908.9435937225882,38.30442211357451,56.95708349269334,1090.949951171875,5783862.15,False,False,False,True,1,-0.33374581042405216
2024-11-29,748.0,869.75,742.0,840.5,30918520,816.7235792137975,906.2595312236632,49.461164492238844,63.09586498707686,1090.949951171875,6140385.55,False,False,False,True,1,-0.22957052328830208
2024-12-02,844.9000244140625,855.8499755859375,802.5,807.0,8433923,815.7975240505788,902.3670005874411,46.77602624980203,62.39973002985262,1090.949951171875,7597059.65,False,False,False,True,1,-0.26027770647669224
2024-12-03,807.0499877929688,829.0,798.0,801.8499755859375,4239248,814.4691861015654,898.4251564697352,46.359359443575215,60.156892170577436,1090.949951171875,7941422.9,False,False,False,False,0,-0.26499838537541753
2024-12-04,820.0499877929688,828.0,797.0,813.4500122070312,4086092,814.3721219211335,895.0927978711977,47.49387461098792,58.07425701553619,1090.949951171875,8146185.5,False,False,False,False,0,-0.25436541673315016
2024-12-05,829.0999755859375,830.0,806.0,822.7999877929688,3190458,815.1747758136893,892.2577857112672,48.440462971453094,55.640381514426466,1090.949951171875,8311835.8,False,False,False,False,0,-0.2457949267891394
2024-12-06,826.0,830.0,805.2999877929688,808.3499755859375,1763438,814.5247948396177,888.9672833534111,47.029347472152125,53.43035513532681,1090.949951171875,8366310.65,False,False,False,False,0,-0.2590402752045359
2024-12-09,808.3499755859375,814.0,797.0,803.4500122070312,1461945,813.4700536365142,885.6136648770824,46.534311370654365,50.8281869113749,1015.0,8194470.65,False,False,False,False,0,-0.20842363329356528
2024-12-10,805.4500122070312,806.0,775.7999877929688,784.5499877929688,1881212,810.7157616514146,881.6503834228035,44.584872324388165,49.35474586106464,973.8499755859376,7756031.4,False,False,False,False,0,-0.19438311088838145
2024-12-11,784.5499877929688,797.0,773.0,791.5,1601918,808.8856891131846,878.1150742689681,45.48920202459084,47.543692585274314,937.9500122070312,7726409.6,False,False,False,False,0,-0.1561383978901274
2024-12-12,788.0,832.7999877929688,783.25,818.1500244140625,7753669,809.7680067608873,875.7635036864228,48.93075620028495,47.68699938582392,937.9500122070312,7635429.15,False,False,False,True,1,-0.1277253438177104
2024-12-13,818.9000244140625,837.5,807.0,832.4000244140625,3750259,811.9234370135707,874.0629750875069,50.72228808363584,46.45935657255078,936.7000122070312,7837068.9,False,False,True,False,1,-0.11134833610946526
2024-12-16,830.0,830.9000244140625,809.0,811.9000244140625,1588379,811.921207242189,871.6252123159992,48.10769936582722,44.81226141837305,905.9500122070312,7886898.0,False,False,False,False,0,-0.10381366137834558
2024-12-17,811.5,825.5,806.4000244140625,813.3499755859375,1352971,812.0572804177841,869.3399089148204,48.310649722699445,42.97566957319908,889.0,7871143.9,False,False,False,False,0,-0.08509564051075647
2024-12-18,815.9000244140625,818.75,790.2000122070312,793.8499755859375,1503369,810.3232513861797,866.3795193725114,45.7208447681521,41.94526373175405,887.4000244140625,7851632.0,False,False,False,False,0,-0.10542038117465091
2024-12-19,775.0,799.5,770.0499877929688,796.0,978345,808.9591322065436,863.6195382206482,46.064161584575196,41.052745765702426,869.75,7849237.45,False,False,False,False,0,-0.08479448117275079
2024-12-20,799.0,812.5999755859375,761.8499755859375,767.5499877929688,1799045,805.0154041671555,859.8521048705433,42.255527310153916,41.74540678243797,869.75,6832341.3,False,False,False,False,0,-0.11750504421619001
2024-12-23,781.3499755859375,783.8499755859375,765.2999877929688,773.2999877929688,971855,801.9948883219948,856.4579042008345,43.276326969318085,40.08859114033302,869.75,5772921.9,False,False,False,False,0,-0.1108939490739077
2024-12-24,775.0,789.9500122070312,766.0499877929688,771.2999877929688,986887,799.0715644620876,853.1183780671928,42.991644327702915,38.932264945599414,869.75,5165840.7,False,False,False,False,0,-0.11319346042774503
2024-12-26,773.0999755859375,800.7999877929688,769.0,792.2999877929688,1941859,798.4266523983621,850.7333431544781,46.938608726597735,38.42281657755437,869.75,4827402.2,False,False,False,False,0,-0.08904859121245334
2024-12-27,798.9500122070312,814.9500122070312,791.0,805.9500122070312,1699411,799.1431628563305,848.9771340977155,49.39133127996487,37.389044836802725,869.75,4472951.7,False,False,False,False,0,-0.07335439815230671
2024-12-30,808.5499877929688,830.5,805.25,826.25,5993093,801.7247663938227,848.0858739370208,52.879718597514156,36.521970205602535,869.75,4095140.15,False,False,True,True,2,-0.05001437194596148
2024-12-31,818.4000244140625,820.0,800.0,806.2000122070312,1187100,802.150980280795,846.44329112408,49.26758287089753,35.7882580480595,855.8499755859375,2848868.8,False,False,False,False,0,-0.05801246105652402
2025-01-01,808.7999877929688,819.9000244140625,800.9500122070312,805.4500122070312,1104434,802.4651737975794,844.8357115587056,49.13238352428667,34.585526202271765,837.5,2486527.65,False,False,False,False,0,-0.03826864214085823
2025-01-02,808.0,810.8499755859375,793.5,809.0499877929688,877729,803.0922989399974,843.4323498424022,49.84385979534094,33.354415443962175,837.5,2329786.95,False,False,False,False,0,-0.03397016382929108
2025-01-03,810.8499755859375,831.0,810.0,821.25,2550810,804.8216038028547,842.5624537701513,52.27980030337618,32.53981521275282,837.5,2169368.8,False,False,True,True,2,-0.0194029850746269
2025-01-06,815.0499877929688,819.0,765.0999755859375,768.5999755859375,2710372,801.371924925053,839.6619644295939,42.652399850202606,34.226258727132084,837.5,2137386.4,False,False,False,True,1,-0.08226868586753733
2025-01-07,777.0,792.4000244140625,773.7999877929688,781.5499877929688,1188943,799.4841213886641,837.3830633850204,45.31964378422969,33.481529448631576,837.5,2184733.1,False,False,False,False,0,-0.06680598472481347
2025-01-08,781.9500122070312,784.8499755859375,761.4000244140625,770.2000122070312,869142,796.695158609461,834.7484339270601,43.41381083882818,32.76498814314897,837.5,2171083.0,False,False,False,False,0,-0.08035819437966418
2025-01-09,775.6500244140625,776.0,749.2000122070312,751.5,770057,792.3908577895123,831.4837894593323,40.39938410407703,32.33891668956467,837.5,2120479.5,False,False,False,False,0,-0.10268656716417912
2025-01-10,751.5,754.7000122070312,726.3499755859375,729.25,1204613,786.3774427619397,827.4746212452409,37.098669558692976,32.05399668467389,837.5,2078886.45,False,False,False,False,0,-0.12925373134328355
2025-01-13,719.0,724.5,682.4500122070312,688.75,1424633,777.0795910703264,822.0344400199373,31.977314335458843,33.10728176383781,837.5,1751433.65,False,False,False,False,0,-0.17761194029850746
2025-01-14,702.9500122070312,787.7000122070312,700.0999755859375,771.2999877929688,9525701,776.5291526629591,820.0448536580955,47.796185144003545,37.810333938351626,831.0,1635152.35,False,False,False,True,1,-0.07184116992422529
2025-01-15,783.6500244140625,800.9000244140625,773.5,780.1500244140625,3599461,776.8739975916357,818.4803505504863,49.16117660041342,37.223884129976064,831.0,2032018.45,False,False,False,True,1,-0.061191306360935616
2025-01-16,817.9500122070312,833.1500244140625,786.5499877929688,792.5,2448865,778.3621882971942,817.4615132739966,51.083339572107114,38.35074954926349,831.0,2144342.95,False,False,True,True,2,-0.04632972322503004
2025-01-17,796.0,808.6500244140625,786.0,805.1500244140625,2391368,780.9134107845149,816.9787097892934,53.04180564696113,37.22926918246342,833.1500244140625,2191617.75,False,False,True,True,2,-0.03360739264178958
2025-01-20,815.0,828.7000122070312,801.1500244140625,815.75,2108088,784.2311811859896,816.9305250916741,54.67920624760531,36.53789194035666,833.1500244140625,2262268.9,False,False,True,False,1,-0.020884623302147243
2025-01-21,819.0,826.6500244140625,803.2000122070312,813.3499755859375,3026174,787.0043997002704,816.7901113855669,54.21822387288135,35.60304338797628,833.1500244140625,2277721.05,False,False,True,True,2,-0.02376528626047869
2025-01-22,825.0,827.3499755859375,785.0999755859375,802.7999877929688,2316536,788.5087414233845,816.241479087818,52.13741313863726,36.07782600312083,833.1500244140625,2380437.0,False,False,True,False,1,-0.036428057050635454
2025-01-23,795.0999755859375,826.5999755859375,791.3499755859375,808.7999877929688,3765979,790.4412410776307,815.9496558997846,53.23661439394171,36.01869557432649,833.1500244140625,2446919.45,False,False,True,True,2,-0.02922647291310909
2025-01-24,814.0,816.0,781.0,790.4500122070312,2773445,790.442076423288,814.9496698726178,49.49297882179532,35.94593160473175,833.1500244140625,2538125.45,False,False,False,True,1,-0.05125128843038962
2025-01-27,779.25,781.2999877929688,750.7999877929688,755.6500244140625,2319145,787.1285476605046,812.6241935801255,43.27751257670688,36.21050966254109,833.1500244140625,2591827.15,False,False,False,False,0,-0.09302046177638201
2025-01-28,753.0,769.9000244140625,735.2999877929688,747.5999755859375,1860951,783.363921748641,810.0742242470201,41.964654216196294,36.09547587386628,833.1500244140625,2408129.75,False,False,False,False,0,-0.10268264576753827
2025-01-29,750.9500122070312,759.75,738.0999755859375,744.7000122070312,1398816,779.6816446494402,807.5105296572166,41.47652297165653,35.063657912451724,833.1500244140625,2441822.3,False,False,False,False,0,-0.10616336747902799
2025-01-30,751.9500122070312,760.2999877929688,728.2999877929688,740.25,1380777,775.926249920922,804.8728618275218,40.6942834824241,34.84482520441946,833.1500244140625,2456541.4,False,False,False,False,0,-0.11150455703268713
2025-01-31,748.9000244140625,763.2999877929688,737.8499755859375,748.3499755859375,3073984,773.299938079495,802.656278053342,42.808624933049785,34.17376713317744,833.1500244140625,2481693.8,False,False,False,True,1,-0.1017824477503474
2025-02-01,756.0,767.9000244140625,732.0,746.0499877929688,1126229,770.7047047188734,800.4364235333275,42.34695955617737,34.29707122466923,833.1500244140625,2507852.5,False,False,False,False,0,-0.10454304035140538
2025-02-03,740.0,742.7000122070312,725.3499755859375,728.1500244140625,861101,766.6518780231771,797.6016627835523,38.8366228172984,33.325852723409376,833.1500244140625,2428645.35,False,False,False,False,0,-0.126027722406711
2025-02-04,734.9000244140625,753.4500122070312,731.0,751.7999877929688,1007055,765.2374122869668,795.8055186662746,45.289590952469865,32.75257665694933,833.1500244140625,2412253.25,False,False,False,False,0,-0.09764152221960931
2025-02-05,752.0,782.7000122070312,751.7999877929688,775.5,1664111,766.2148015929699,795.0092238166168,50.882145538148734,32.62025149674313,833.1500244140625,2419148.9,False,False,True,False,1,-0.06919525022471984
2025-02-06,780.9000244140625,788.2000122070312,767.1500244140625,773.1500244140625,1009247,766.8752990045025,794.1520003106343,50.33274341123518,31.793804089330674,833.1500244140625,2463851.6,False,False,True,False,1,-0.0720158413752634
2025-02-07,773.9500122070312,782.9000244140625,759.2000122070312,773.4000244140625,771037,767.4967014244605,793.3381973342982,50.394108239552615,31.21567609773786,833.1500244140625,2454083.3,False,False,True,False,1,-0.07171577536953322
2025-02-10,776.9000244140625,777.0,738.0499877929688,741.7000122070312,1132859,765.0398738799435,791.3131704665623,43.11924829461372,31.768128676973102,833.1500244140625,2421403.5,False,False,False,False,0,-0.10976415954779117
2025-02-11,741.7999877929688,763.5999755859375,725.2000122070312,732.0499877929688,1530185,761.8979799668982,788.9891240872056,41.17080446060158,32.24183115568261,833.1500244140625,2001761.4,False,False,False,False,0,-0.12134673667230023
2025-02-12,738.0,760.0,728.6500244140625,756.7999877929688,3137758,761.4124569027144,787.7268050168434,47.69853259409218,32.178127186415104,833.1500244140625,1898297.6,False,False,False,True,1,-0.09164020210500401
2025-02-13,760.2000122070312,777.7999877929688,740.0,744.0,1310157,759.7541276738846,786.0120283495162,44.92233419786294,32.579688658311795,828.7000122070312,1932742.25,False,False,False,False,0,-0.10220829125059905
2025-02-14,747.4500122070312,751.0999755859375,696.75,708.4000244140625,1779389,754.8632606967586,782.9684203520475,38.25361028844596,34.134709153142204,828.7000122070312,1878681.7,False,False,False,False,0,-0.14516711236986757
2025-02-17,703.8499755859375,708.75,677.4000244140625,702.0,2394243,749.8286644399245,779.7931881813789,37.184891233915735,33.935799612627584,827.3499755859375,1862246.75,False,False,False,True,1,-0.15150780115411666
2025-02-18,706.7999877929688,706.7999877929688,668.0,677.1500244140625,2968321,742.9068891993662,775.7679660728568,33.295307119423796,34.2832416255091,827.3499755859375,1830650.2,False,False,False,True,1,-0.18154342854183547
2025-02-19,667.0999755859375,681.9000244140625,660.0,670.6500244140625,1883969,736.0252830293373,771.6456938509433,32.342335208479,33.39872611040577,826.5999755859375,1863239.45,False,False,False,True,1,-0.18866435492129008
2025-02-20,669.9000244140625,686.5,662.3499755859375,678.0,1271876,730.4990655979718,767.9733136999259,34.62106149894993,32.73810456066696,816.0,1769138.95,False,False,False,False,0,-0.16911764705882348
2025-02-21,680.9500122070312,695.7000122070312,667.2000122070312,670.9500122070312,1211108,724.8277271797871,764.1684783472634,33.457068945042025,32.43538280633361,788.2000122070312,1694060.5,False,False,False,False,0,-0.14875665844217567
2025-02-24,670.0,680.7000122070312,656.6500244140625,669.5999755859375,1237728,719.5679413137061,760.4599096115252,33.22669211528064,31.83642601966469,788.2000122070312,1638658.65,False,False,False,False,0,-0.1504694681353822
2025-02-25,672.2999877929688,686.3499755859375,665.7000122070312,669.7000122070312,1654419,714.8186147321181,756.9006979486038,33.263362323578534,31.03739297389623,788.2000122070312,1607497.5,False,False,False,True,1,-0.1503425503232223
2025-02-27,673.5,678.4500122070312,660.0,661.7000122070312,1109229,709.7597002059193,753.1673377234441,31.761179592089476,30.13829434769159,788.2000122070312,1620277.65,False,False,False,False,0,-0.16049225836192083
2025-02-28,661.7000122070312,673.3499755859375,648.0499877929688,650.9000244140625,1766312,704.154016797171,749.1568548485665,29.804344811137824,29.792701022354244,788.2000122070312,1606700.25,False,False,False,True,1,-0.1741943487269385
2025-03-03,652.5499877929688,664.0499877929688,639.4500122070312,654.0499877929688,1160382,699.3822045110566,745.4271737875627,31.136977733226658,29.42179206261019,788.2000122070312,1541316.65,False,False,False,False,0,-0.17019794764837715
2025-03-04,649.4500122070312,660.5999755859375,641.1500244140625,646.6500244140625,1074477,694.3600921208666,741.553560086641,29.71001720985639,28.709517713271964,788.2000122070312,1543024.3,False,False,False,False,0,-0.17958638112249703
2025-03-05,647.0,731.5,646.0,709.4500122070312,6265335,695.797227367168,740.2945974246956,50.45961059818021,32.765980733752535,788.2000122070312,1553693.1,False,False,True,True,2,-0.09991118850593883
2025-03-06,719.0,746.5999755859375,707.5999755859375,733.25,4897354,699.3641580941045,740.0183387021585,55.78649154547838,33.211267824198785,788.2000122070312,1816607.1,False,False,True,True,2,-0.0697158225780361
2025-03-07,730.0,753.9000244140625,724.0,747.5999755859375,2622387,703.9580454742791,740.31565779564,58.67196723151371,32.974750437760484,788.2000122070312,1978269.25,False,False,True,True,2,-0.05150981475807137
2025-03-10,747.0,790.0,738.0,759.0999755859375,6861685,709.2096578658657,741.0522977089851,60.87561090702188,34.33369683506331,782.9000244140625,2058926.25,False,False,True,True,2,-0.03039985705191084
2025-03-11,745.0,768.0,742.0,761.0499877929688,2785862,714.1468321446374,741.8365208495334,61.25288775245273,33.73843277541593,790.0,2363458.65,False,False,True,True,2,-0.03664558507219151
2025-03-12,765.0,784.9000244140625,744.0499877929688,781.75,2734197,720.5852290832433,743.4017553260222,65.10016840903504,34.246404478678635,790.0,2446108.8,False,False,True,True,2,-0.010443037974683489
2025-03-13,783.7999877929688,795.9500122070312,776.8499755859375,783.2000122070312,2201144,726.5485417616993,744.9624712821402,65.35963576018239,33.16452106027971,790.0,2506309.4,False,False,True,False,1,-0.008607579484770533
2025-03-17,779.7999877929688,801.1500244140625,776.7999877929688,795.0499877929688,1850753,733.0724890027725,746.9266876158982,67.48702324980572,32.53491502890928,795.9500122070312,2459478.7,False,False,True,False,1,-0.0011307549472445722
2025-03-18,795.0499877929688,795.0499877929688,795.0499877929688,795.0499877929688,0,738.9751079351721,748.8138758581363,67.48702324980572,30.210992526844333,801.1500244140625,2486508.5,False,False,True,False,1,-0.007614100274858204
2025-03-19,801.0999755859375,820.6500244140625,799.1500244140625,813.9000244140625,1417575,746.110814266495,751.3662738407216,70.79584180674465,29.881638533576435,801.1500244140625,2397539.05,False,True,True,False,1,0.01591462224484741
2025-03-20,820.0,823.0,800.9000244140625,815.0999755859375,1286932,752.6812105826324,753.8656346934752,70.99817984436773,29.325805465887942,820.6500244140625,2348705.65,False,False,True,False,1,-0.006762991120469075
2025-03-21,815.0,846.9500122070312,811.8499755859375,831.7000122070312,2711820,760.206810737337,756.9179632234185,73.71165722467993,29.738250548402643,823.0,2264636.2,True,True,True,True,2,0.010571096241836164
2025-03-24,838.75,844.7000122070312,817.5499877929688,820.25,1808999,765.9252097147335,759.4015725087746,68.92162901353936,29.553377253092634,846.9500122070312,2306028.75,True,False,True,False,1,-0.03152489736372377
2025-03-25,822.0,838.9000244140625,812.3499755859375,816.5499877929688,2713855,770.7466171507558,761.642686833645,67.39747994636105,29.338853794166376,846.9500122070312,2332884.9,True,False,True,True,2,-0.03589352851515326
2025-03-26,817.0499877929688,832.5999755859375,800.5,803.0,2042407,773.8183678983029,763.2645422519334,61.99092686652926,29.536076779292884,846.9500122070312,2408022.25,True,False,True,False,1,-0.051892097022944395
2025-03-27,803.0,882.4500122070312,796.0499877929688,872.8499755859375,8208182,783.2499495828395,767.5620102258159,73.70227760270457,33.59778732463357,846.9500122070312,2448256.2,True,True,True,True,2,0.030580273930706614
2025-03-28,872.8499755859375,894.9000244140625,864.0,872.0,3727492,791.7023353368547,771.6576176679408,73.40587949204462,33.405089973878496,882.4500122070312,2775944.35,True,False,True,True,2,-0.011842044379256622
2025-04-01,857.4000244140625,884.9000244140625,856.0999755859375,866.3499755859375,1899810,798.8116344081959,775.3710434686466,71.35175050781513,33.076158463467536,894.9000244140625,2906857.5,True,False,True,False,1,-0.03190305961475215
2025-04-02,864.7000122070312,871.0,839.2999877929688,867.9000244140625,1554834,805.3914810754213,778.9996309567022,71.58665910112798,32.97786230229352,894.9000244140625,2913532.4,True,False,True,False,1,-0.030170968000228116
2025-04-03,855.0,901.0,855.0,884.3499755859375,2165750,812.9113376954705,783.1310170205937,74.02123456144088,33.908014994986836,894.9000244140625,2933255.0,True,False,True,False,1,-0.011789080947933406
2025-04-04,881.0999755859375,884.7000122070312,852.0999755859375,859.4000244140625,1475762,817.3388316686697,786.1219584870042,64.93342864031118,33.814587968280186,901.0,2987818.65,True,False,True,False,1,-0.04617089410203945
2025-04-07,780.5,822.2000122070312,780.5,815.0499877929688,2669587,817.1208465376506,787.2563910088068,52.57666544086961,37.034976285836066,901.0,2748340.0,True,False,True,False,1,-0.09539402020758181
2025-04-08,835.0,847.8499755859375,826.8499755859375,841.1500244140625,1707784,819.4093396687374,789.3698668286207,57.680627376753385,36.732477107774116,901.0,2636951.65,True,False,True,False,1,-0.06642616602212814
2025-04-09,835.3499755859375,845.0,827.5999755859375,837.4000244140625,1026681,821.1227382159111,791.2534024202067,56.73581094003805,35.35158762965186,901.0,2591221.5,True,False,True,False,1,-0.0705882081974889
2025-04-11,860.7000122070312,863.3499755859375,833.75,844.7999877929688,1878535,823.377714366107,793.3532685132562,58.19116453056915,34.940758197957976,901.0,2299471.3,True,False,True,False,1,-0.06237515228305357
2025-04-15,855.6500244140625,889.5999755859375,851.4500122070312,887.4000244140625,2537147,829.4750772278171,797.0413765877977,65.40571668178097,35.64498888331589,901.0,2254104.95,True,False,True,True,2,-0.015094312526012788
2025-04-16,884.9000244140625,903.0,881.0499877929688,895.1500244140625,2669664,835.7298341026976,800.8887745417688,66.53702824567745,34.66677626358127,901.0,2244252.45,True,False,True,True,2,-0.006492758696933998
2025-04-17,896.0499877929688,937.0,891.6500244140625,914.1500244140624,3849304,843.1984236561609,805.3303921838195,69.19660797014203,35.429861929463854,903.0,2267678.45,True,True,True,True,2,0.01234775682620426
2025-04-21,924.0,949.0,915.4500122070312,937.5,2153406,852.179526165098,810.5135140589639,72.12836799647754,35.38844147635484,937.0,2367606.0,True,True,True,False,1,0.0005336179295625243
2025-04-22,941.9000244140624,942.75,926.0,929.5999755859376,1654173,859.552902300416,815.1835713737472,69.71091873111182,34.05712422804378,949.0,2475276.3,True,False,True,False,1,-0.02044259685359573
2025-04-23,935.7000122070312,942.1500244140624,901.5999755859376,938.7999877929688,2500136,867.1002437758973,820.0312739784225,70.93271929378848,34.520904556621,949.0,2487106.2,True,False,True,True,2,-0.010748168816682058
2025-04-24,940.0,971.7000122070312,935.0,961.7000122070312,3695638,876.1097455312433,825.5869107717014,73.7690712076494,34.676555103078876,949.0,2547766.4,True,True,True,True,2,0.013382520766102468
2025-04-25,978.0,981.0,905.9000244140624,914.3499755859376,5736784,879.7516722031189,829.0678152742204,60.60143860786485,37.563942280425934,971.7000122070312,2596957.3,True,False,True,True,2,-0.05902031069324987
2025-04-28,914.0,941.5999755859376,904.0,925.2999877929688,2404027,884.0896070211999,832.8416259612302,62.27832382054794,37.56651608796248,981.0,2793346.55,True,False,True,False,1,-0.05677880958922654
2025-04-29,929.9000244140624,939.8499755859376,912.0499877929688,917.6500244140624,1466481,887.2858372490916,836.1674455084001,60.34590951350358,36.86890692403437,981.0,2777855.15,True,False,True,False,1,-0.06457693739647052
2025-04-30,919.7000122070312,919.7000122070312,892.0,899.6500244140625,1191673,888.4633788838507,838.6569584066614,55.94706633071632,36.21398587281986,981.0,2749058.85,True,False,True,False,1,-0.08292556124968142
2025-05-02,900.0499877929688,929.8499755859376,900.0499877929688,905.7000122070312,1720419,890.104963009868,841.2860977713817,57.079523674127664,35.78441196560953,981.0,2398233.4,True,False,True,False,1,-0.0767583973424758
2025-05-05,911.0,980.8499755859376,909.9500122070312,937.2000122070312,5711254,894.5902057905503,845.0474277492503,62.48672714076794,38.5962370665593,981.0,2297879.75,True,False,True,True,2,-0.04464830559935651
2025-05-06,939.0,941.5,901.0999755859376,907.4000244140624,2569364,895.810188516599,847.4926276184586,55.37881497026464,38.725079019952375,981.0,2488451.95,True,False,True,True,2,-0.0750254593128824
2025-05-07,878.0,907.0,865.0999755859375,871.5999755859375,5712060,893.5044539517742,848.4380138132618,48.274470520753184,38.98043400625041,981.0,2539178.45,True,False,False,True,1,-0.111518883194763
2025-05-08,880.0499877929688,886.7000122070312,826.2999877929688,839.0,3262818,888.3135535754147,848.0678956245065,42.87994876918956,40.51040474966556,981.0,2716493.95,True,False,False,True,1,-0.144750254841998
2025-05-09,811.0,834.5999755859375,806.0999755859375,827.0999755859375,2639860,882.4836890049883,847.245624250445,41.07554380889767,39.96680615426534,981.0,2805846.75,True,False,False,False,0,-0.15688075883186803
2025-05-12,860.0,897.6500244140625,851.0499877929688,894.2999877929688,3286835,883.6090507943197,849.0908934089753,53.082233067743104,42.15132348811246,981.0,2804360.4,True,False,True,True,2,-0.08837921733642329
2025-05-13,890.0,908.9000244140624,885.25,904.2000122070312,2246532,885.5700947383875,851.2520353226246,54.5514938869232,40.82980212568031,981.0,2883312.95,True,False,True,False,1,-0.07828744933024334
2025-05-14,903.9500122070312,903.9500122070312,886.0,890.7999877929688,1929234,886.0681797912048,852.8029354195008,52.17006850437317,39.213388560062526,981.0,2944305.5,True,False,True,False,1,-0.09194700530788102
2025-05-15,894.9500122070312,913.5499877929688,884.0499877929688,910.7999877929688,1755815,888.423590077087,855.077329630225,55.30614896522339,38.51957509148663,981.0,2946840.45,True,False,True,False,1,-0.07155964547097982
2025-05-16,912.0999755859376,934.75,908.0499877929688,915.0499877929688,2288025,890.9594374785996,857.4291985777836,55.96685872811463,37.67532059973982,981.0,2907773.85,True,False,True,False,1,-0.06722733150563842
2025-05-19,920.0,920.7999877929688,886.0,888.9000244140625,2120510,890.7633029010246,858.6633486105789,50.973694011981046,37.469939684970456,981.0,2888691.9,True,False,True,False,1,-0.09388376716201585
2025-05-20,894.4500122070312,897.5499877929688,866.5499877929688,869.75,1301836,888.76203595807,859.0981192533013,47.62292883962374,37.007801136043994,981.0,2802252.2,True,False,False,False,0,-0.11340468909276247
2025-05-21,869.9000244140625,881.0,860.5,872.1500244140625,1239047,887.1799396205455,859.6099586713704,48.08353948636,35.828672483469425,981.0,2759673.7,True,False,False,False,0,-0.11095818102542054
2025-05-22,869.0,886.4000244140625,864.3499755859375,879.0,1121955,886.4008977519221,860.3703524489637,49.449923055277644,34.844485079516254,981.0,2738917.4,True,False,False,False,0,-0.10397553516819569
2025-05-23,884.5,884.5,871.0999755859375,876.5499877929688,816889,885.4627158510694,861.0048479526502,48.953654700235184,33.3127378891267,981.0,2670008.35,True,False,False,False,0,-0.10647299919167308
2025-05-26,877.9500122070312,891.0,875.9000244140625,878.7000122070312,966027,884.8186488373515,861.6987759626259,49.43325099875527,32.01182629604176,981.0,2526070.9,True,False,False,False,0,-0.10428133312229226
2025-05-27,880.0,890.4000244140625,874.25,879.1500244140625,1772369,884.2787798446573,862.3831386469959,49.54011293265011,30.878840447328958,980.8499755859376,2287533.05,True,False,False,False,0,-0.10368553163405225
2025-05-28,881.7999877929688,890.8499755859375,865.75,869.0,990253,882.8236579546899,862.6426234059373,47.12129759872055,30.466064385800998,980.8499755859376,2255950.15,True,False,False,False,0,-0.11403372418816748
2025-05-29,877.7000122070312,898.2000122070312,869.4000244140625,880.9500122070312,2045238,882.645215502532,863.3605602216666,50.20396339536134,30.375632087317445,980.8499755859376,2232138.75,True,False,True,False,1,-0.10185040104550991
2025-05-30,881.0499877929688,889.4500122070312,862.0,867.2000122070312,1258500,881.1742437601033,863.5111269661907,46.82166775428855,30.166659238725575,980.8499755859376,2274817.0,True,False,False,False,0,-0.11586885477670983
2025-06-02,874.7999877929688,888.2000122070312,872.0499877929688,874.8499755859375,1911879,880.5719325054209,863.9557876963769,48.884973069522914,29.51189786453089,980.8499755859376,2251721.05,True,False,False,False,0,-0.10806953421870469
2025-06-03,876.5499877929688,877.75,854.0,856.5499877929688,5811649,878.2841282470921,863.665364170753,44.44269911441514,29.100333731350116,941.5,2061752.3,True,False,False,True,1,-0.09022837196710698
2025-06-04,860.5,873.5,851.5499877929688,866.0,5947467,877.1142112711785,863.7569185169981,47.11525400243672,28.589596479613057,934.75,2223866.55,True,False,False,True,1,-0.073549077293394
2025-06-05,869.9500122070312,883.0,864.0499877929688,872.2000122070312,5723306,876.6461923126883,864.0880202303327,48.85363562298194,27.901054745857216,934.75,2235636.9,True,False,False,True,1,-0.0669162747183405
2025-06-06,875.6500244140625,892.5,872.4500122070312,884.0999755859375,6679702,877.3560764339501,864.8728027932976,52.107643986036116,27.35812139207947,934.75,2358661.3,True,False,True,True,2,-0.05418563724424985
2025-06-09,888.5,908.4000244140624,876.0,901.4000244140624,6802393,879.6459762415799,866.305242856857,56.445937702577325,27.71825732222111,934.75,2560653.4,True,False,True,True,2,-0.03567796264876988
2025-06-10,907.1500244140624,921.0,896.4500122070312,915.5,8134942,883.0606451709532,868.2344490193333,59.65376841955881,27.491952355845942,934.75,2736431.3,True,False,True,True,2,-0.02059374164215033
2025-06-11,919.8499755859376,924.3499755859376,895.0,904.5,5473555,885.1024884880053,869.6566274891634,56.177568693204606,27.62466830085249,934.75,3030851.8,True,False,True,True,2,-0.03236159400909333
2025-06-12,908.4000244140624,909.9500122070312,868.0499877929688,876.9500122070312,3852260,884.3260621755315,869.9426425761386,48.547216556433455,28.644336594653208,934.75,3208067.85,True,False,False,True,1,-0.061834702105342365
2025-06-13,860.0,871.75,851.7000122070312,861.0,4262332,882.1045324445286,869.5919507104077,44.756976842844686,28.401883980749407,934.75,3312890.1,True,False,False,True,1,-0.07889810109654993
2025-06-16,861.0,871.0,849.4500122070312,865.7000122070312,2424281,880.5421971838146,869.4393256710596,46.09256830392018,27.91246282447936,924.3499755859376,3411605.45,True,False,False,False,0,-0.06344995394382813
2025-06-17,866.0,867.3499755859375,846.0499877929688,848.8499755859375,1247192,877.5238903649691,868.6319001775254,42.157455938760194,27.440143179371457,924.3499755859376,3426794.0,True,False,False,False,0,-0.08167901984542303
2025-06-18,848.9500122070312,858.5499877929688,834.5999755859375,846.4500122070312,1943400,874.5644733975464,867.7620222178982,41.61252836593928,27.190848109918587,924.3499755859376,3424061.8,True,False,False,False,0,-0.08427539940110484
2025-06-19,845.0,849.0499877929688,818.0,823.5999755859375,1666745,869.7107117012027,866.030177251939,36.742811193218415,27.466500944422172,924.3499755859376,3459279.45,True,False,False,False,0,-0.10899551323743539
2025-06-20,826.0,840.9000244140625,823.3499755859375,828.0999755859375,6345674,865.7477844521298,864.5427183630762,38.27478913928372,26.758182936115233,924.3499755859376,3486518.95,True,False,False,True,1,-0.10412722728638368
2025-06-23,817.9500122070312,842.5499877929688,817.7999877929688,837.2000122070312,1079104,863.0289490002157,863.4704553765647,41.36720933281271,26.61474129782129,924.3499755859376,3762958.2,False,False,False,False,0,-0.09428243163382222
2025-06-24,852.0,866.5999755859375,848.0,851.8499755859375,1922183,861.9642848655225,863.0147502867362,46.052984277502865,26.813685732184503,924.3499755859376,3768612.05,False,False,False,False,0,-0.07843349587805526
2025-06-25,856.3499755859375,863.7000122070312,847.0499877929688,850.2000122070312,2316935,860.8438779456661,862.5122115385125,45.6108728975013,26.08770992374722,924.3499755859376,3776102.75,False,False,False,False,0,-0.0802184944418951
2025-06-26,854.25,866.5,851.0,864.75,2717149,861.2158895698884,862.5999679487669,50.15517311273268,25.3885869144059,924.3499755859376,3842436.85,False,False,True,False,1,-0.06447771640623201
2025-06-27,865.0,900.8499755859376,863.0,883.7000122070312,3118143,863.3572345829496,863.4274206647774,55.383707334208765,26.278686105229593,924.3499755859376,3876032.4,False,False,True,False,1,-0.04397681013962129
2025-06-30,886.0,887.4500122070312,874.7000122070312,881.75,1673237,865.1089265274305,864.1459531877274,54.747300127539226,25.31235138342748,924.3499755859376,3969014.55,True,False,True,False,1,-0.04608641392448121
2025-07-01,884.0,892.2999877929688,871.0,872.4000244140625,1874380,865.8033168023478,864.4696422554268,51.68081908848865,25.025753984109,924.3499755859376,3957082.45,True,False,True,False,1,-0.05620160387730255
2025-07-02,876.0,888.8499755859375,869.4000244140625,878.7999877929688,2946152,867.0410949919307,865.0316165902324,53.59674079295202,24.627482354663712,924.3499755859376,3760219.0,True,False,True,False,1,-0.049277859031797044
2025-07-03,878.8499755859375,882.1500244140625,867.5499877929688,875.25,3905266,867.8228954688897,865.4323375082625,52.35662038940262,23.911236230837286,924.3499755859376,3610153.25,True,False,True,True,2,-0.05311838252044476
2025-07-04,875.7999877929688,884.0,867.1500244140625,877.2000122070312,4081958,868.7159542058555,865.89381494743,52.99992867140428,23.406860470487302,924.3499755859376,3519251.25,True,False,True,True,2,-0.05100877873558485
2025-07-07,876.0,887.5499877929688,871.0499877929688,883.3499755859375,3740997,870.109670527768,866.5783702665872,55.060849567489825,22.91351329402392,924.3499755859376,3389364.05,True,False,True,True,2,-0.0443554942206934
2025-07-08,886.0,892.5,876.0,881.25,2733928,871.1706542870282,867.1537282953484,54.18710368235831,22.455405201593642,924.3499755859376,3236294.25,True,False,True,False,1,-0.04662733458570911
2025-07-09,886.7000122070312,904.5,885.5499877929688,890.1500244140625,3094384,872.9782133467459,868.0555438294157,57.28112750052401,22.51216197290838,924.3499755859376,2966243.55,True,False,True,True,2,-0.03699892040370967
2025-07-10,893.9000244140625,907.7000122070312,887.0,891.0499877929688,1367248,874.6993347225766,868.9572867299472,57.593010476481645,22.382722703917157,909.9500122070312,2847285.0,True,False,True,False,1,-0.020770398549939673
2025-07-11,894.0,895.5499877929688,869.0999755859375,874.0499877929688,989521,874.637492157852,869.1570004971246,50.14547762882456,22.67324338271102,907.7000122070312,2723034.4,True,False,True,False,1,-0.0370717461292569
2025-07-14,876.7999877929688,886.5499877929688,867.2999877929688,880.5,857740,875.1958262380566,869.6018240070413,52.64744894570522,22.428725998231663,907.7000122070312,2559393.85,True,False,True,False,1,-0.029965860792373067
2025-07-15,881.0,887.7999877929688,873.2999877929688,879.75,767520,875.6295570725274,869.9997916930397,52.318658057863495,21.8623884269294,907.7000122070312,2481066.8,True,False,True,False,1,-0.03079212496546302
2025-07-16,880.5,886.8499755859375,875.0499877929688,876.5999755859375,593638,875.7219778833283,870.2586224339377,50.8813868658334,21.14364552450364,907.7000122070312,2457083.2,True,False,True,False,1,-0.034262461389061194
2025-07-17,879.9500122070312,884.0,872.0,873.3499755859375,614709,875.4960729026244,870.3798519693103,49.37430365065603,20.490527987039094,907.7000122070312,2389595.1,True,False,False,False,0,-0.03784293947245099
2025-07-18,876.9000244140625,882.9500122070312,867.0,869.3499755859375,1444579,874.9107303010351,870.3394646601583,47.509140692936406,20.166205431324247,907.7000122070312,2336993.3,True,False,False,False,0,-0.042249681728930844
2025-07-21,870.9500122070312,881.0,862.0999755859375,871.6500244140625,833172,874.6001868832282,870.3908591603115,48.70896865187171,20.075763930091266,907.7000122070312,2091938.55,True,False,False,False,0,-0.03971575113821457
2025-07-22,876.0,879.7999877929688,864.2000122070312,867.2000122070312,650289,873.895408342638,870.2657279072416,46.49461598147417,19.756064762651715,907.7000122070312,2079641.95,True,False,False,False,0,-0.04461826534685853
2025-07-23,871.7000122070312,874.0999755859375,861.5,863.0999755859375,724832,872.8672718896189,869.9847180122886,44.48787758645793,19.244915535743555,907.7000122070312,2016047.25,True,False,False,False,0,-0.04913521650468067
2025-07-24,868.0,868.0,844.0499877929688,849.0499877929688,2179235,870.5989591185094,869.1637481997662,38.37544097200929,19.580993869406964,907.7000122070312,1936442.1,True,False,False,True,1,-0.06461388523225597
2025-07-25,853.3499755859375,856.7000122070312,812.1500244140625,817.1500244140625,1813942,865.5085843847526,867.1239943258171,28.725258122352813,21.36449343537566,907.7000122070312,1909546.4,False,False,False,False,0,-0.09975761438275244
2025-07-28,819.7000122070312,827.7999877929688,813.0,815.9500122070312,831296,860.7887203678267,865.1171714976294,28.435574242073343,20.895600175203736,907.7000122070312,1844336.35,False,False,False,False,0,-0.1010796505080066
2025-07-29,819.0,830.5499877929688,800.3499755859375,826.9500122070312,1171033,857.5659862572747,863.6204201529001,34.91495230713015,21.560201034619986,907.7000122070312,1802239.3,False,False,False,False,0,-0.08896110930268697
2025-07-30,834.0,834.0,821.6500244140625,823.9000244140625,438934,854.3597041769689,862.0627575749065,33.995874154128686,20.902327788285522,907.7000122070312,1767071.95,False,False,False,False,0,-0.09232123682494275
2025-07-31,812.0499877929688,821.4500122070312,806.5499877929688,808.4000244140625,1026102,849.9825918185968,859.9583366666382,29.714978084098888,20.64859270491468,907.7000122070312,1641711.05,False,False,False,False,0,-0.10939736306880221
2025-08-01,810.0999755859375,817.5999755859375,791.0999755859375,793.0499877929688,945768,844.5604390542512,857.334479848063,26.196790729130214,21.066550368849345,907.7000122070312,1497752.85,False,False,False,False,0,-0.12630827682297396
2025-08-04,796.9500122070312,803.2000122070312,793.0499877929688,799.5499877929688,909667,840.2737294103196,855.0684213360986,29.97747111784082,20.286798514936,907.7000122070312,1340943.35,False,False,False,False,0,-0.11914732065619416
2025-08-05,803.2000122070312,804.7000122070312,782.0999755859375,802.0499877929688,1100031,836.63337306581,852.9892670795052,31.432345007125633,20.452029808232982,907.7000122070312,1199376.85,False,False,False,False,0,-0.1163931067458942
2025-08-06,802.0999755859375,802.1500244140625,779.0499877929688,791.0999755859375,15323608,832.296859020108,850.5622360405418,28.626785879842686,20.64117315200875,907.7000122070312,1117682.0,False,False,False,True,1,-0.12845657712131797
2025-08-07,788.0,796.2000122070312,769.0499877929688,794.5999755859375,2218077,828.706679645425,848.3676375913417,30.754305353093983,21.106091099298308,907.7000122070312,1729143.2,False,False,False,True,1,-0.12460067764689808
2025-08-08,794.6500244140625,806.3499755859375,786.4000244140625,790.1500244140625,7822530,825.0346172424381,846.0845939373307,29.548317507222762,21.02350967591093,895.5499877929688,1771684.65,False,False,False,True,1,-0.11769299850995296
2025-08-11,788.0,799.9500122070312,785.7999877929688,792.0,950117,821.8884632193488,843.9636294692001,30.763846647772198,20.532546442921756,887.7999877929688,2113335.1,False,False,False,False,0,-0.10790717403716488
2025-08-12,793.0,801.1500244140625,784.2999877929688,786.75,658384,818.5419429127442,841.71995772531,29.222941439161886,20.2695100270769,887.7999877929688,2117953.95,False,False,False,False,0,-0.11382066814866099
2025-08-13,793.0,795.6500244140625,782.0,786.2999877929688,536807,815.4712805203847,839.5466255711005,29.088446640248492,19.7966896261473,886.8499755859375,2112497.15,False,False,False,False,0,-0.11337880200823802
2025-08-14,788.1500244140625,791.9000244140625,774.4500122070312,775.7999877929688,6581262,811.6930621653927,837.0467574229385,26.07318292488125,19.629069810496155,884.0,2109655.6,False,False,False,True,1,-0.12239820385410771
2025-08-18,787.0,821.6500244140625,783.0,818.75,1776385,812.3651514829744,836.3292375239998,49.24801076928792,21.501996011253127,882.9500122070312,2407983.25,False,False,False,False,0,-0.07271081184602535
2025-08-19,818.75,831.9000244140625,813.0499877929688,828.2000122070312,967227,813.8732334566942,836.0104443743148,52.75717827504052,21.312570340527458,881.0,2424573.55,False,False,True,False,1,-0.059931881717331104
2025-08-20,828.2000122070312,831.6500244140625,822.2000122070312,824.2000122070312,381123,814.8567361948215,835.5472901716763,51.145167499569475,20.465244759563443,879.7999877929688,2431276.3,False,False,True,False,1,-0.06319615407748913
2025-08-21,825.0,829.2000122070312,812.0,815.1500244140625,558969,814.8846684061778,834.7473973968679,47.60129692809267,20.232013862954002,874.0999755859375,2417818.0,False,False,False,False,0,-0.06744074227019503
2025-08-22,815.1500244140625,816.0,795.2000122070312,800.1500244140625,537046,813.4813689783572,833.3906376720521,42.3619501853477,20.272583429383626,868.0,2409524.85,False,False,False,False,0,-0.07816817463817682
2025-08-25,805.0,807.8499755859375,795.0499877929688,805.75,718727,812.7450481232756,832.3066910966776,44.804490067445684,19.738826598211134,856.7000122070312,2327415.4,False,False,False,False,0,-0.059472407471751754
2025-08-26,801.0999755859375,803.4500122070312,787.75,788.6500244140625,501821,810.4502839604934,830.5946649522614,39.32439075912745,19.614624698338908,834.0,2272654.65,False,False,False,False,0,-0.05437646952750297
2025-08-28,786.0,793.0,767.2999877929688,770.9500122070312,891046,806.6883533173066,828.2556589622524,34.60612287992801,20.049295234674076,834.0,2256180.9,False,False,False,False,0,-0.07559950574696495
2025-08-29,775.4000244140625,776.4000244140625,759.25,764.1500244140625,1341814,802.6370838979499,825.7417125093822,32.9694871308058,19.84220446177325,834.0,2242181.55,False,False,False,False,0,-0.08375296832846224
2025-09-01,770.1500244140625,777.5999755859375,763.2999877929688,766.6500244140625,891853,799.2097448994845,823.424391407605,34.20154565695587,19.446331842572928,831.9000244140625,2287325.55,False,False,False,False,0,-0.07843490573997514
2025-09-02,772.9000244140625,772.9500122070312,761.2000122070312,763.0499877929688,567133,795.7659585083877,821.0567677364428,33.2536729663301,18.89659385381772,831.9000244140625,2280613.1,False,False,False,False,0,-0.08276239283631148
2025-09-03,768.9000244140625,768.9000244140625,760.0999755859375,763.7000122070312,565805,792.7120588606394,818.8074832058777,33.61144380131505,18.17541206626824,831.9000244140625,2261681.35,False,False,False,False,0,-0.08198101960036241
2025-09-04,771.0,775.25,757.0,758.3499755859375,514778,789.439479501144,816.4366005541153,32.086976450027805,18.18073977582051,831.9000244140625,2244488.25,False,False,False,False,0,-0.0884121248583073
2025-09-05,759.0,761.4500122070312,744.9000244140625,755.9500122070312,880798,786.2500064255142,814.0645774816807,31.398991090430314,18.064257491331098,831.9000244140625,2215225.6,False,False,False,False,0,-0.09129704288748597
2025-09-08,760.0,777.9500122070312,757.6500244140625,776.25,769043,785.2976248611795,812.581652874556,42.60822437440345,18.34538195623602,831.9000244140625,1493085.1,False,False,False,False,0,-0.06689508688650281
2025-09-09,780.0999755859375,795.7999877929688,773.5499877929688,794.1500244140625,1363001,786.1407105328826,811.858843915321,50.31715890838292,18.624283245076306,831.9000244140625,1420633.4,False,False,True,False,1,-0.04537804891469821
2025-09-10,794.1500244140625,816.5499877929688,792.0499877929688,811.75,1040743,788.5796904821319,811.854575526485,56.50360316189214,19.043977298999426,831.9000244140625,1097656.95,False,False,True,False,1,-0.024221689893872633
2025-09-11,814.0,838.5,811.5999755859375,813.7000122070312,1366037,790.9721020749795,811.9269455923888,57.140388216584924,19.60512352150393,831.9000244140625,1102188.25,False,False,True,True,2,-0.02187764355440447
2025-09-12,817.3499755859375,831.2999877929688,812.5999755859375,829.9000244140625,1214068,794.6795232501303,812.6317722128467,62.10397816857168,19.54047271332731,838.5,1137570.9,False,False,True,True,2,-0.01025638114005667
2025-09-15,834.0,843.4000244140625,830.0499877929688,837.1500244140625,1406308,798.7243328847904,813.5932722991689,64.10734551261802,19.109010376661075,838.5,1171433.95,False,False,True,True,2,-0.0016099887727339945
2025-09-16,840.8499755859375,846.0,831.5999755859375,836.5499877929688,718132,802.3267762093789,814.493535651867,63.80669796051661,18.77265423647546,843.4000244140625,912686.25,False,False,True,False,1,-0.008121930783500653
2025-09-17,840.0,840.0499877929688,825.25,826.4500122070312,489102,804.6242272567742,814.9624170854029,58.80739909510907,18.48889234765355,846.0,859773.6,False,False,True,False,1,-0.023108732615802263
2025-09-18,827.0499877929688,845.7999877929688,824.2999877929688,837.5999755859375,971044,807.7647747166945,815.8501644775807,62.31750544901121,18.703971465678297,846.0,835867.35,False,False,True,True,2,-0.009929106872414328
2025-09-19,865.0,899.0,855.2000122070312,877.1500244140625,8119554,814.3728937354915,818.2540805535212,71.5712433351171,21.753689533420026,846.0,865363.4,False,True,True,True,2,0.036820359827496985
2025-09-22,881.4500122070312,957.9000244140624,873.4500122070312,937.4000244140624,17999962,826.0897633239268,822.9264705088367,79.73538613340975,26.23199829582082,899.0,1243392.65,True,True,True,True,2,0.0427141539644742
2025-09-23,941.5,949.2000122070312,915.0499877929688,925.0999755859376,4308383,835.5193073488803,826.9332746295074,75.00007118633457,26.79757158998094,957.9000244140624,2116538.45,True,False,True,True,2,-0.03424162020268062
2025-09-24,920.9000244140624,924.7999877929688,887.0499877929688,889.0,2938215,840.6127066489869,829.3672638597228,63.14689995040568,27.601315604480078,957.9000244140624,2296021.25,True,False,True,True,2,-0.07192819987264099
2025-09-25,889.0,907.0,881.0999755859375,894.2000122070312,2438224,845.7162595592768,831.9097245792251,64.0287813297598,27.479794805164538,957.9000244140624,2417840.95,True,False,True,True,2,-0.06649964566604516
2025-09-26,898.0,899.6500244140625,875.0,879.2000122070312,1824641,848.9051883828723,833.7642456626685,59.598388432187384,27.27766834865725,957.9000244140624,2495199.85,True,False,True,False,1,-0.08215889988641678
2025-09-29,880.0499877929688,887.2999877929688,869.5,871.75,1053287,851.0808847273606,835.253883087662,57.47138080826721,26.600691166108074,957.9000244140624,2519341.2,True,False,True,False,1,-0.08993634222606839
2025-09-30,872.9500122070312,876.5,860.4000244140625,872.25,795182,853.0969909438024,836.7047112018713,57.580800302792,25.85064005323875,957.9000244140624,2527412.9,True,False,True,False,1,-0.0894143670853893
2025-10-01,876.4000244140625,900.0,870.0999755859375,896.3499755859375,1049954,857.216322814482,839.0437411777172,62.57845673896833,26.13988179329759,957.9000244140624,2538815.35,True,False,True,False,1,-0.06425519079172637
2025-10-03,898.5,920.0,892.2999877929688,916.3499755859376,1376240,862.8480992689065,842.0753582133336,66.14334596077418,26.251319679992854,957.9000244140624,2563022.8,True,False,True,False,1,-0.043376185164563985
2025-10-06,918.0,928.7000122070312,913.2000122070312,926.6500244140624,1046097,868.9244730922546,845.3920117898328,67.84238050288117,25.48336827427908,957.9000244140624,2606095.9,True,False,True,False,1,-0.03262344629244096
2025-10-07,927.0,945.0499877929688,917.0,919.0,1341521,873.6935708929923,848.2785995627805,65.22434158968939,25.666698239899773,957.9000244140624,2614360.85,True,False,True,False,1,-0.04060969143189774
2025-10-08,923.4500122070312,926.9000244140624,908.1500244140624,914.0,662712,877.532278426993,850.855909383848,63.49954649171823,25.17264836562122,957.9000244140624,2642984.75,True,False,True,False,1,-0.045829442838688284
2025-10-09,918.0,938.7999877929688,913.7000122070312,931.9500122070312,2119876,882.7149197393776,854.036070278875,66.88510706154639,25.16745745278667,957.9000244140624,2607970.3,True,False,True,False,1,-0.027090522544776507
2025-10-10,931.8499755859376,932.9500122070312,915.0,925.8499755859376,974648,886.8230202961928,856.8523018595441,64.68918762794681,24.651925649518425,957.9000244140624,2661926.95,True,False,True,False,1,-0.03345865749166199
2025-10-13,925.8499755859376,942.7999877929688,920.8499755859376,937.6500244140624,1291551,891.6636873550376,860.020839998937,66.94965877875228,24.458931832197905,957.9000244140624,2642357.5,True,False,True,False,1,-0.021139993197501705
2025-10-14,937.6500244140624,942.0,919.2999877929688,933.75,1252636,895.6719076069388,862.912179606822,65.45815880651892,24.333294716114573,957.9000244140624,2646231.65,True,False,True,False,1,-0.025211424781865666
2025-10-15,930.75,949.0,920.5,944.2000122070312,1555720,900.2936318545667,866.0999377480066,67.54455420377002,24.63091652210639,957.9000244140624,2638548.05,True,False,True,False,1,-0.014302131598139645
2025-10-16,947.4500122070312,959.0,945.0,947.9500122070312,1243155,904.8323347452776,869.309744589537,68.2848696101316,23.928707327167984,957.9000244140624,2680427.45,True,False,True,False,1,-0.010387318043046823
2025-10-17,940.0499877929688,950.0,926.0999755859376,929.7000122070312,5349446,907.2006849797303,871.6779903784584,60.9932010518376,23.92665854766044,959.0,2718130.1,True,False,True,True,2,-0.03055264629089549
2025-10-20,929.75,940.0,927.0,937.0499877929688,660903,910.0434757238482,874.241598120204,62.719788250899576,23.146182937113267,959.0,2937050.2,True,False,True,False,1,-0.022888438172086856
2025-10-21,944.9500122070312,945.0,930.2999877929688,936.4500122070312,149680,912.5583839603419,876.6811437706679,62.47668066092504,22.542885027821693,959.0,2564117.65,True,False,True,False,1,-0.023514064434795312
2025-10-23,938.0,956.0,934.8499755859376,952.4000244140624,2360876,916.3528259083153,879.6505116390363,66.2247268099974,22.443394983981744,959.0,1671603.55,True,False,True,True,2,-0.006882143468130986
2025-10-24,956.0,956.0,937.5499877929688,944.25,1131330,919.0096996313329,882.1838249080937,62.77433530137012,22.15815335705671,959.0,1574228.2,True,False,True,False,1,-0.015380604796663144
2025-10-27,945.2000122070312,951.7999877929688,942.0,946.3499755859376,562332,921.6135354365333,884.700144542519,63.30484935757979,21.275427245336147,959.0,1483883.95,True,False,True,False,1,-0.013190849232598945
2025-10-28,941.0,943.5999755859376,918.2999877929688,921.2000122070312,1635066,921.5741522718188,886.1315119019116,53.47564699402155,21.759324427309913,959.0,1390089.35,True,False,True,True,2,-0.039416045665243704
2025-10-29,928.0499877929688,983.5,917.9500122070312,967.5499877929688,6202463,925.9528032738331,889.3243933094041,64.43530922705793,24.8872289534284,959.0,1380610.6,True,True,True,True,2,0.008915524288809928
2025-10-30,971.9000244140624,972.5999755859376,950.0999755859376,965.6500244140624,970141,929.733491001474,892.3175553135083,63.77213417148836,24.716712599612087,983.5,1638069.4,True,False,True,False,1,-0.01814944136851815
2025-10-31,970.7999877929688,1004.0,960.0999755859376,986.2000122070312,2484075,935.1112549258128,895.9992202897249,67.65029337370795,26.08694915778711,983.5,1646817.35,True,True,True,True,2,0.002745309819045527
2025-11-03,987.0,1005.9000244140624,975.5,994.5499877929688,1679026,940.7720866274466,899.8639562702443,69.0978319726557,26.395025961806773,1004.0,1718523.4,True,False,True,False,1,-0.009412362756007209
2025-11-04,999.0499877929688,1011.0,976.6500244140624,985.9000244140624,1710963,945.0699854642671,903.2379197268647,65.81248067996819,26.963236649244692,1005.9000244140624,1733662.7,True,False,True,False,1,-0.019882691633942517
2025-11-06,985.9000244140624,994.5999755859376,962.7999877929688,968.1500244140624,1064046,947.2680844118667,905.7834924596959,59.55493641603486,27.30871887379642,1011.0,1766906.0,True,False,True,False,1,-0.04238375428876129
2025-11-07,966.8499755859376,973.7000122070312,945.2000122070312,960.5999755859376,1384632,948.5377883332068,907.9331584646467,57.06931810822794,27.393810382810962,1011.0,1753032.25,True,False,True,False,1,-0.04985165619590737
2025-11-10,965.5499877929688,972.5,955.0999755859376,959.1500244140624,674839,949.5484774837645,909.9416630116825,56.5809188785925,26.67996852790035,1011.0,1789128.25,True,False,True,False,1,-0.051285831440096574
2025-11-11,960.1500244140624,994.4500122070312,947.2999877929688,989.2999877929688,1703879,953.3343356084506,913.0537541795761,63.56364902452494,28.14211537691193,1011.0,1716876.4,True,False,True,False,1,-0.021463909205767795
2025-11-12,989.3499755859376,1021.5999755859376,986.0,1001.9000244140624,1704880,957.9596393042232,916.5379216397521,66.02288832097737,28.674819677556627,1011.0,1753337.95,True,False,True,False,1,-0.0090009649712538
2025-11-13,1003.2000122070312,1035.75,998.3499755859376,1021.4000244140624,2163072,964.0015807432554,920.6501609642348,69.45849781681913,29.29804858730704,1021.5999755859376,1774004.4,True,False,True,True,2,-0.00019572354801644654
2025-11-14,1027.0,1050.0,1017.0,1023.8499755859376,2190871,969.7014278711299,924.6972125180272,69.87070336303285,29.562473688213682,1035.75,1819526.2,True,False,True,True,2,-0.011489282562454628
2025-11-17,1025.5,1029.0,1011.8499755859376,1021.5499877929688,837345,974.6393859589241,928.4953605680249,68.93014571537623,28.675870168631448,1050.0,1851283.75,True,False,True,False,1,-0.027095249720982095
2025-11-18,1023.7999877929688,1036.0,1017.75,1026.6500244140625,1175321,979.5927800975087,932.3445630717912,69.89780164865608,27.931165156586346,1050.0,1830993.25,True,False,True,False,1,-0.0222380719866071
2025-11-19,1032.0,1044.0,1002.2000122070312,1006.25,1574241,982.1315629453651,935.2428155003485,61.62956453848068,28.921795344899376,1050.0,1622287.0,True,False,True,False,1,-0.04166666666666663
2025-11-20,1014.0,1014.0,989.0,993.5999755859376,852319,983.2237927206577,937.5313315821363,57.117609258567704,28.64166710597799,1050.0,1667953.9,True,False,True,False,1,-0.05371430896577367
2025-11-21,993.3499755859376,996.8499755859376,972.75,974.7999877929688,815816,982.4215255846874,938.992847511973,51.12692726028265,28.31726056883225,1050.0,1703085.85,True,False,True,False,1,-0.07161905924479162
2025-11-24,979.0,983.9000244140624,967.5999755859376,970.1500244140624,774740,981.252811187485,940.2146975865647,49.73740341798507,27.45888830163886,1050.0,1625832.85,True,False,False,False,0,-0.07604759579613107
2025-11-25,970.0,977.5,965.75,971.5,504028,980.3239720267721,941.4415721910133,50.160897735091005,26.3368248515218,1050.0,1608003.35,True,False,True,False,1,-0.07476190476190481
2025-11-26,975.9500122070312,998.0,974.7000122070312,991.2000122070312,646270,981.359785377273,943.3928835641905,55.98854973849143,26.348480219270243,1050.0,1605088.15,True,False,True,False,1,-0.055999988374255905
2025-11-27,992.5999755859376,994.1500244140624,974.0,984.3499755859376,868201,981.6445653971459,944.9990440356315,53.639878310786145,25.90573337604111,1050.0,1555648.35,True,False,True,False,1,-0.0625238327752975
2025-11-28,988.7000122070312,1001.0,977.9000244140624,994.5499877929688,827939,982.8736532443671,946.9422183006252,56.561918366799986,25.70532210531943,1050.0,1288935.25,True,False,True,False,1,-0.052809535435267896
2025-12-01,999.0,1007.4000244140624,991.5999755859376,999.0999755859376,1516456,984.4190172768976,948.9876205471081,57.83850936661558,24.997802585519814,1050.0,1281825.15,True,False,True,True,2,-0.04847621372767841
2025-12-02,1002.9000244140624,1007.9000244140624,974.0499877929688,976.9500122070312,1497092,983.7076834607199,950.0841849259286,50.11682330601164,25.630105016632232,1050.0,1233444.2,True,False,True,True,2,-0.06957141694568447
2025-12-03,976.9500122070312,981.7999877929688,960.0,969.5,772602,982.3545707501752,950.8455894386374,47.80508942010867,25.356525214941982,1050.0,1224347.5,True,False,False,False,0,-0.07666666666666666
2025-12-04,970.0,979.25,965.5999755859376,971.7000122070312,612340,981.3398508889234,951.6634099393588,48.5596789311602,24.520346586307728,1050.0,1177429.45,True,False,False,False,0,-0.07457141694568448
2025-12-05,971.6500244140624,980.9500122070312,961.0999755859376,978.8499755859376,545222,981.1027199076866,952.7295497686364,51.037172337663854,24.186753017363863,1050.0,1154844.15,True,False,True,False,1,-0.06776192801339276
2025-12-08,978.8499755859376,982.0,949.2999877929688,960.5,1414070,979.1405561069546,953.0342733071212,45.04149819700702,24.794842959482963,1050.0,1112873.65,True,False,False,True,1,-0.08523809523809522
2025-12-09,954.5,976.9500122070312,946.3499755859376,974.5999755859376,891748,978.7081198668578,953.8799871219768,49.91076292681764,25.209499649598012,1050.0,1149835.2,True,False,False,False,0,-0.07180954706101184
2025-12-10,979.4000244140624,1004.0,975.5999755859376,982.5499877929688,1831768,979.0740120502969,955.0043008737804,52.46787548957922,25.508822847059754,1050.0,1109228.65,True,False,True,True,2,-0.06423810686383924
2025-12-11,986.0,1005.0,979.0,999.5999755859376,1271880,981.0288657203579,956.7531508624925,57.48121622295654,25.543906929412632,1050.0,1115573.05,True,False,True,True,2,-0.048000023251488
2025-12-12,1000.0499877929688,1016.3499755859376,998.7999877929688,1011.2999877929688,2110784,983.9118297272732,958.8922425068249,60.55569323434642,24.972912705380935,1050.0,1071013.45,True,False,True,True,2,-0.036857154482886956
2025-12-15,1014.4000244140624,1020.0,1007.0499877929688,1016.4500122070312,887627,987.010704249155,961.1494099460486,61.8629042249038,24.114134098355958,1044.0,1067009.1,True,False,True,False,1,-0.026388877196330207
2025-12-16,1009.6500244140624,1014.7000122070312,988.2000122070312,994.2999877929688,742084,987.7049217295181,962.4494326067122,53.63056365086166,24.409553091330533,1044.0,1069523.2,True,False,True,False,1,-0.047605375677233
2025-12-17,990.0,995.0,971.0999755859376,977.5499877929688,742531,986.7377851641324,963.0416112414673,48.38677709400928,24.37315818581138,1044.0,1047861.35,True,False,False,False,0,-0.06364943697991499
2025-12-18,977.5,988.8499755859376,969.0,976.2999877929688,753721,985.7437092240216,963.5615475768203,48.00951786394638,24.05007371439183,1020.0,1006275.85,True,False,False,False,0,-0.0428431492225797
2025-12-19,977.4000244140624,990.9500122070312,971.6500244140624,988.25,2708958,985.9824035836385,964.5297221816509,51.87272067782908,23.710781862861616,1020.0,1001345.95,True,False,True,True,2,-0.031127450980392157
2025-12-22,988.25,1010.0,984.7999877929688,1007.9000244140624,487354,988.0697960436789,966.2305183476278,57.46910594736601,23.81715545887373,1020.0,1096003.05,True,False,True,False,1,-0.011862721162683942
2025-12-23,1009.75,1013.8499755859376,988.2999877929688,994.5999755859376,597753,988.6917179048464,967.3430460824636,52.978635081208665,23.940929197023387,1020.0,1081633.75,True,False,True,False,1,-0.02490198471966898
2025-12-24,996.25,1007.0,990.0999755859376,996.5499877929688,317485,989.4401245608581,968.4884163456206,53.55168986008875,23.438007426811886,1020.0,1086320.0,True,False,True,False,1,-0.022990208046109073
2025-12-26,996.0999755859376,1020.4000244140624,991.0999755859376,1015.2999877929688,894166,991.9029686782019,970.3241642455166,58.75650163522972,23.856724669762805,1020.0,1069880.75,True,False,True,False,1,-0.004607855104932557
2025-12-29,1020.2999877929688,1023.0499877929688,996.0999755859376,999.3499755859376,453491,992.6122074313196,971.4624313569057,53.286393990480434,24.077673779567686,1020.4000244140624,1071179.0,True,False,True,False,1,-0.020629212391691354
2025-12-30,1000.4000244140624,1028.199951171875,996.2999877929688,1024.1500244140625,879685,995.6158090487237,973.5286114767943,59.5864341010708,24.636408750949013,1023.0499877929688,1052456.6,True,True,True,False,1,0.001075252073915678
2025-12-31,1024.1500244140625,1033.0,1014.5999755859376,1027.3499755859375,663080,998.6381106236964,975.6392532065646,60.32986246403645,24.190952726885683,1028.199951171875,1020618.05,True,False,True,False,1,-0.0008266637096887575
2026-01-01,1029.0,1061.699951171875,1026.300048828125,1046.4000244140625,2771177,1003.186864318017,978.4141854107803,64.51486599380559,24.991591985233136,1033.0,978917.45,True,True,True,True,2,0.012971950062016013
2026-01-02,1056.9000244140625,1067.699951171875,1050.199951171875,1057.9000244140625,1370725,1008.3976414700214,981.5312771363992,66.79235667552518,24.727901611845947,1061.699951171875,1078846.2,True,False,True,True,2,-0.003579096668148374
2026-01-05,1054.699951171875,1057.699951171875,1040.0,1044.9000244140625,783498,1011.8740588932634,984.0163260492487,61.95181060400317,24.24019609771856,1067.699951171875,1116765.45,True,False,True,False,1,-0.02135424538774966
2026-01-06,1048.9000244140625,1057.0,1036.4000244140625,1044.0999755859375,957872,1014.9431938163752,986.3725475997071,61.655669674959135,23.980180346877056,1067.699951171875,1128679.25,True,False,True,False,1,-0.022103565294757987
2026-01-07,1043.300048828125,1047.9000244140625,1028.4000244140625,1033.5,489225,1016.7105086910062,988.2206829879539,57.718937974698356,23.660167464957265,1067.699951171875,1105869.35,True,False,True,False,1,-0.032031425246707323
2026-01-08,1032.0,1032.0,988.0,994.2999877929688,1182605,1014.5761733673836,988.4590870979545,46.01722922948465,25.220155503174603,1067.699951171875,1085743.2,True,False,False,True,1,-0.06874587125188558
2026-01-09,996.0,999.0999755859376,952.0,960.5999755859376,967758,1009.435583102484,987.3665729210127,38.744892885319445,26.78299979480053,1067.699951171875,1053285.05,True,False,False,False,0,-0.10030905730433692
2026-01-12,960.5999755859376,960.5999755859376,928.0,950.9000244140624,1341852,1003.8607679893009,985.93651219525,36.935544607286545,27.198498065596038,1067.699951171875,1038078.95,True,False,False,True,1,-0.10939396094344345
2026-01-13,963.0999755859376,963.0999755859376,923.0999755859376,932.5,1847216,997.0645043712723,983.8409626973971,33.718821839176556,28.11289106091061,1067.699951171875,999632.35,True,False,False,True,1,-0.1266272898331443
2026-01-14,937.0,937.0,918.5999755859376,922.5999755859376,1589464,989.9726444869547,981.4393553596929,32.0990144562261,27.41911487185002,1067.699951171875,1047611.8,True,False,False,True,1,-0.13589958061408547
2026-01-15,922.5999755859376,922.5999755859376,922.5999755859376,922.5999755859376,0,983.556199829715,979.1319287018986,32.0990144562261,25.460606666717876,1067.699951171875,1089980.8,True,False,False,False,0,-0.13589958061408547
2026-01-16,922.5,929.5999755859376,902.7000122070312,908.7000122070312,1741275,976.4270391037451,976.3698927609233,29.770276568888292,25.56341786044563,1067.699951171875,1052854.25,True,False,False,True,1,-0.14891818510465438
2026-01-19,908.7000122070312,921.0,902.2999877929688,908.4000244140624,923693,969.9482757999658,973.704407727713,29.72016307197228,25.073174599487462,1067.699951171875,1102231.95,False,False,False,False,0,-0.14919915148724117
2026-01-20,915.0999755859376,928.7999877929688,881.0,885.5,1936179,961.9055828666358,970.2454113462342,26.10730480103247,26.69651839902184,1067.699951171875,1012968.7,False,False,False,True,1,-0.1706471476109912
2026-01-21,885.0,907.9000244140624,876.2999877929688,899.2999877929688,1645912,955.9431452405722,967.4632378735571,31.510505944191664,27.0467697005984,1067.699951171875,1085409.95,False,False,False,True,1,-0.157722179526257
2026-01-22,904.2000122070312,932.9000244140624,904.2000122070312,924.7999877929688,979746,952.9771302455623,965.7901692429458,40.21053068947647,27.51486019491949,1067.699951171875,1137817.9,False,False,False,False,0,-0.13383906519997835
2026-01-23,925.0,925.0,803.0999755859375,812.7000122070312,7623697,939.6174047180832,959.7866336729099,25.109977131665104,34.25665763914399,1067.699951171875,1170930.95,False,False,False,True,1,-0.23883108609770332
2026-01-27,830.0,857.5,811.2999877929688,849.0999755859375,3675055,930.9966971816884,955.4459804145973,33.80301169661074,35.10975439399308,1067.699951171875,1507407.5,False,False,False,True,1,-0.20473914543688876
2026-01-28,857.0,886.0,838.0,882.0,1896173,926.3303450691467,952.5657458885347,40.523110355687365,36.030486222993574,1067.699951171875,1668485.7,False,False,False,True,1,-0.17392522212636274
2026-01-29,881.9000244140625,920.5,867.0,914.0999755859376,2161176,925.1655479755077,951.0572843080407,46.25584478987214,37.27830863563689,1067.699951171875,1719310.1,False,False,False,True,1,-0.14386061872284506
2026-01-30,900.0,916.0,883.2000122070312,894.7999877929688,1140000,922.2735898628849,948.8511158172536,43.53862187348537,36.95842857544631,1067.699951171875,1794214.9,False,False,False,False,0,-0.16193684676030617
2026-02-02,849.9000244140625,890.0,842.7999877929688,884.5999755859375,1530800,918.6856265984137,946.3314632591628,42.130050142467034,38.03282653434301,1067.699951171875,1712656.05,False,False,False,False,0,-0.17149010392383413
2026-02-03,951.0,982.7000122070312,937.2000122070312,974.4000244140624,5085074,923.9917597237136,947.4321911475902,55.714125439376744,42.32334154053949,1057.699951171875,1720659.8,False,False,True,True,2,-0.0787557252560338
2026-02-04,961.5499877929688,1002.1500244140624,957.7000122070312,988.1500244140624,1645647,930.1020706466039,949.0289689227459,57.36441447590215,42.475246588146035,1057.0,1935738.6,False,False,True,False,1,-0.06513715760258998
2026-02-05,980.0,1016.5,980.0,1011.4500122070312,1770119,937.849493652359,951.4768529731101,60.07917763396992,42.048443260421315,1047.9000244140625,1970127.35,False,False,True,False,1,-0.03478386425977276
2026-02-06,1010.4000244140624,1025.949951171875,1001.5,1017.7000122070312,1811726,945.4543049432801,954.0738396097345,60.80020625505007,40.791408111239434,1032.0,2034172.05,False,False,True,False,1,-0.013856577318768215
2026-02-09,1023.7999877929688,1040.0,1023.2999877929688,1032.5,1002729,953.7443711391583,957.1493753113135,62.52622874344659,39.470592374220104,1025.949951171875,2065628.1,False,True,True,False,1,0.006384374618511712
2026-02-10,1033.9000244140625,1033.9000244140625,1002.5,1016.75,1014007,959.7449072211432,959.4866547108699,59.52258555583839,38.89412323420885,1040.0,2067376.65,True,False,True,False,1,-0.022355769230769207
2026-02-11,1014.0,1037.0,1009.8499755859376,1033.800048828125,929372,966.7977778503796,962.4009054605662,61.66924537245125,38.05525903276982,1040.0,2050984.4,True,False,True,False,1,-0.0059614915114182265
2026-02-12,1030.0,1037.0,1020.0,1022.7999877929688,772484,972.1313216544357,964.769496924582,59.477659535985424,36.55131195900055,1040.0,2005092.2,True,False,True,False,1,-0.01653847327599156
2026-02-13,1017.0,1017.0,979.0,988.0,1657616,973.6426243540133,965.6804970451866,53.05407718901701,37.06907451856971,1040.0,1964243.2,True,False,True,False,1,-0.050000000000000044
2026-02-16,977.0,1007.5,972.2999877929688,1003.4500122070312,976113,976.4814231971578,967.1616545025139,55.359178522083006,36.93557006774554,1040.0,2047124.0,True,False,True,False,1,-0.03514421903170073
2026-02-17,1002.0,1035.0,996.0,1030.199951171875,1460922,981.5974734804643,969.6337445679791,59.103372095772116,37.083029348620855,1040.0,2008865.9,True,False,True,False,1,-0.009423123873197103
2026-02-18,1033.550048828125,1038.800048828125,1018.2999877929688,1035.699951171875,565965,986.7500904034557,972.2245761995044,59.849041983289155,35.89853161194481,1040.0,2035727.35,True,False,True,False,1,-0.004134662334735584
2026-02-19,1035.0,1036.0999755859375,1003.2999877929688,1007.2000122070312,917451,988.6977020037963,973.5961619252898,54.321907396974545,35.67720705344652,1040.0,1967216.65,True,False,True,False,1,-0.031538449800931456
2026-02-20,995.0499877929688,1010.2999877929688,984.3499755859376,998.0999755859376,2534563,989.5931566306668,974.5570957943349,52.64995191628563,34.98240742155971,1040.0,1930793.6,True,False,True,True,2,-0.04028848501352156
2026-02-23,1003.0999755859376,1010.0,993.1500244140624,1003.7999877929688,1266712,990.9461881699336,975.7038758727128,53.61303333001414,33.68723371901527,1040.0,2008534.45,True,False,True,False,1,-0.034807704045222376
2026-02-24,999.75,1045.0,993.7000122070312,1037.0999755859375,1356273,995.3417869714579,978.1115660575452,58.87557328304519,34.94528758144052,1040.0,1690685.2,True,False,True,False,1,-0.00278848501352158
2026-02-25,1041.0,1051.800048828125,1007.5499877929688,1013.0,1394329,997.0235215456047,979.4797399376415,54.09263495712497,35.60991425670593,1045.0,1574746.1,True,False,True,False,1,-0.030622009569377995
2026-02-26,1023.2000122070312,1036.199951171875,1009.0,1023.9500122070312,1114743,999.5879492276454,981.2236721835,55.84770945175561,35.00920260778943,1051.800048828125,1549653.9,True,False,True,False,1,-0.02647845153850603
2026-02-27,1022.0,1034.4000244140625,1008.0,1011.5499877929688,702337,1000.7271909957715,982.4129394623027,53.359879734806455,34.39426130823751,1051.800048828125,1497332.25,True,False,True,False,1,-0.03826778776061224
2026-03-02,961.0,988.0,951.0,972.2999877929688,1362542,998.0198383097902,982.0163531223288,46.325339745133974,36.262527485718316,1051.800048828125,1475449.1,True,False,False,False,0,-0.07558476644275891
2026-03-04,956.4000244140624,968.5,948.7999877929688,960.5,1778566,994.4465203755245,981.172574568512,44.42900907920656,35.35091837959558,1051.800048828125,1467036.2,True,False,False,True,1,-0.08680361721778584
2026-03-05,965.4000244140624,994.0,965.4000244140624,987.9000244140624,1006629,993.823044569671,981.4363961310826,49.58927921693412,35.21870992391019,1051.800048828125,1301710.8,True,False,False,False,0,-0.06075301525727972
2026-03-06,980.0,1007.7000122070312,979.7999877929688,992.5,1529030,993.6970403249404,981.8702629494715,50.42162888489142,34.695946673206784,1051.800048828125,1269759.9,True,False,True,True,2,-0.05637958364253248
2026-03-09,970.5,986.9000244140624,958.0999755859376,981.4000244140624,1176014,992.5258959524758,981.8518222225927,48.34716858097863,34.67480936898219,1051.800048828125,1257705.45,True,False,False,False,0,-0.06693289707725303
2026-03-10,993.0999755859376,1022.5,980.7000122070312,1013.5999755859376,2120819,994.5329511556627,983.0968478446846,54.23000767353644,35.18375068498123,1051.800048828125,1225919.85,True,False,True,True,2,-0.03631875971554521
2026-03-11,1010.0,1031.5999755859375,987.4000244140624,992.0,858594,994.2917177122662,983.4459910664617,50.107352386908865,35.82776500547365,1051.800048828125,1281824.35,True,False,True,False,1,-0.05685495916714578
2026-03-12,987.0,1019.0,976.0,1004.4000244140624,1132800,995.2544135886277,984.2677178644069,52.34700923879564,36.34006750508267,1051.800048828125,1274053.7,True,False,True,False,1,-0.045065622945039685
2026-03-13,1008.0999755859376,1027.300048828125,980.0,992.2999877929688,2240508,994.9730397033269,984.5827088419976,49.98888226368609,37.12292331387141,1051.800048828125,1284225.1,True,False,False,True,1,-0.05656974545822557
2026-03-16,987.5,1014.2999877929688,969.9000244140624,996.5,1628015,995.1184644934863,985.0500535932919,50.817087752578786,37.64271188994533,1051.800048828125,1357626.3,True,False,True,True,2,-0.05257657944562577
2026-03-17,1008.5999755859376,1008.5999755859376,972.0,1000.5999755859376,1607115,995.6405131689579,985.6598544557486,51.658687092267925,37.568230725373354,1051.800048828125,1356146.25,True,False,True,True,2,-0.04867852335549183
2026-03-18,1000.0,1043.800048828125,1000.0,1036.699951171875,1643508,999.5509358359024,987.6614268759888,58.40735430198668,38.013360589855616,1051.800048828125,1387696.35,True,False,True,True,2,-0.014356433690104864
2026-03-19,1014.5,1025.9000244140625,999.0999755859376,1005.2999877929688,719181,1000.0984645937182,988.3531351472429,51.652749665967576,37.98383308957575,1051.800048828125,1396825.65,True,False,True,False,1,-0.04420998181827884
2026-03-20,1022.9000244140624,1043.0,1005.5999755859376,1009.9000244140624,1871563,1001.03194648137,989.1981111969221,52.51905029048355,37.96356016939399,1051.800048828125,1404486.45,True,False,True,True,2,-0.03983649217429297
2026-03-23,1000.0,1000.9000244140624,935.7000122070312,946.9000244140624,8950325,995.8765253321026,987.5393626956336,41.54074961695075,40.55187817208237,1051.800048828125,1452192.05,True,False,False,True,1,-0.0997338082755731
2026-03-24,970.0999755859376,976.2999877929688,935.4000244140624,967.2999877929688,2325440,993.1549503283755,986.7456617190585,45.51255723555907,40.57674140114123,1051.800048828125,1772980.15,True,False,False,True,1,-0.08033852168889222
2026-03-25,971.9000244140624,999.0,970.2999877929688,990.4000244140624,1256696,992.8925764317744,986.888970060039,49.681541486810865,39.94268931584766,1051.800048828125,1825916.55,True,False,False,False,0,-0.05837613763421301
2026-03-27,985.0,986.0,953.5,956.0,1357130,989.3789977239863,985.6776379008219,44.25161756324714,39.72535610857728,1051.800048828125,1820937.7,True,False,False,False,0,-0.09108199693930585
2026-03-30,950.2000122070312,957.5999755859376,930.2999877929688,934.9000244140624,1714851,984.1905240754222,983.6863589405568,41.27199003559931,38.83782980031953,1043.800048828125,1819077.75,True,False,False,False,0,-0.10433034999023494
2026-04-01,953.9500122070312,982.4500122070312,947.0999755859376,956.5999755859376,1333686,981.5628527907094,982.6241478286111,45.34769552086974,39.46012679979449,1043.800048828125,1849083.15,False,False,False,False,0,-0.08354097448078013
2026-04-02,940.0,946.5499877929688,903.1500244140624,941.5999755859376,1748061,977.756864485493,981.015356760271,43.12001163034011,40.459399969228826,1043.800048828125,1880650.6,False,False,False,False,0,-0.0979115428830718
2026-04-06,941.9000244140624,999.6500244140624,936.0999755859376,991.3499755859376,2083508,979.0514464950592,981.420635929905,51.610555133219115,42.10873203057854,1043.800048828125,1899926.55,False,False,True,True,2,-0.05024915768213756
2026-04-07,988.0999755859376,999.5,975.0,986.25,1498986,979.7370230193393,981.6100227561832,50.773843650132186,40.85096545696579,1043.800048828125,1915173.65,False,False,True,False,1,-0.05513512754931993
2026-04-08,1019.9000244140624,1084.8499755859375,1014.0499877929688,1073.300048828125,4475280,988.6477873820808,985.2057100531222,62.075511435113235,44.97589475189234,1043.800048828125,1939791.5,True,True,True,True,2,0.028262117857840385
2026-04-09,1073.199951171875,1085.0,1052.800048828125,1078.75,2130340,997.2289504885492,988.8741135804507,62.653612127094206,44.06332735331967,1084.8499755859375,2087104.0,True,False,True,True,2,-0.005622874796713528
2026-04-10,1079.9000244140625,1160.4000244140625,1079.300048828125,1157.9000244140625,7933292,1012.5309575290744,995.502580671965,69.84330883128276,46.74809142908702,1085.0,2134820.3,True,True,True,True,2,0.06718896259360596
2026-04-13,1120.0,1187.25,1114.199951171875,1175.300048828125,4050611,1028.0327757480316,1002.5534617761282,71.15784679797216,48.626802671875446,1160.4000244140625,2425443.95,True,True,True,True,2,0.012840420631313076
2026-04-15,1195.0,1205.699951171875,1165.199951171875,1171.1500244140625,2053037,1041.6629899067011,1009.1650916834982,70.36996286400188,48.04631676674149,1187.25,2585044.8,True,False,True,False,1,-0.013560729067961685
2026-04-16,1182.1500244140625,1229.5,1172.1500244140625,1222.5999755859375,3144521,1058.895083780914,1017.5350871306526,74.18600886947368,48.78229239668406,1205.699951171875,2631056.65,True,True,True,True,2,0.014016774569524104
2026-04-17,1234.550048828125,1266.449951171875,1221.5999755859375,1259.800048828125,4943744,1078.0288899758866,1027.0356738638868,76.53875945279952,48.50141262448788,1229.5,2676257.3,True,True,True,True,2,0.024644204008235082
2026-04-20,1253.0999755859375,1291.5,1246.3499755859375,1259.4000244140625,2335390,1095.302331350951,1036.1480013364428,76.45805985079106,48.26202775231464,1266.449951171875,2842043.75,True,False,True,False,1,-0.005566684061449889
2026-04-21,1268.3499755859375,1273.0999755859375,1243.550048828125,1265.300048828125,1655410,1111.4925901583008,1045.134356140038,76.84582720060503,46.9254491098502,1291.5,2878457.5,True,False,True,False,1,-0.020286450771873743
2026-04-22,1269.5,1383.4000244140625,1265.300048828125,1368.0999755859375,6551573,1135.9313887704566,1057.7996745496812,82.31246191688885,52.00934385814215,1291.5,2879052.6,True,True,True,True,2,0.059310859919425196
2026-04-23,1365.0,1389.449951171875,1338.6500244140625,1361.25,4049540,1157.3903041256513,1069.6996873124388,80.9411350740998,51.92295692240432,1383.4000244140625,3170672.2,True,False,True,True,2,-0.016011293930288995
2026-04-24,1359.949951171875,1425.0,1282.4000244140625,1411.949951171875,7928505,1181.6340800348155,1083.1212662873186,83.17534852935961,58.39988682694241,1389.449951171875,3279571.05,True,True,True,True,2,0.016193458412102846
2026-04-27,1425.0,1453.199951171875,1388.300048828125,1435.800048828125,5533751,1205.8403627770356,1096.951806779115,84.11851026502046,58.86417364957152,1425.0,3228480.05,True,True,True,True,2,0.0075789816337719085
2026-04-28,1439.9000244140625,1463.6500244140625,1413.1500244140625,1435.449951171875,3082735,1227.707942624163,1110.2262438141254,84.04403180296084,58.266732674602125,1453.199951171875,3388895.6,True,False,True,False,1,-0.012214423752000658
2026-04-29,1439.0,1461.949951171875,1412.0,1418.1500244140625,2356863,1245.8452837470104,1122.3016861905935,80.26230210589432,57.67267685297876,1463.6500244140625,3480197.55,True,False,True,False,1,-0.031086666375874095
2026-04-30,1336.0,1377.0999755859375,1308.0,1342.25,6547437,1255.0266852949142,1130.9271102615508,66.19018247795836,61.421058821627604,1463.6500244140625,3530184.2,True,False,True,True,2,-0.08294334191171293
2026-05-01,1342.25,1342.25,1342.25,1342.25,0,1263.3336676477795,1139.2142824081568,66.19018247795836,57.03384033436849,1463.6500244140625,3771813.5,True,False,True,False,1,-0.08294334191171293
2026-05-04,1357.0,1417.699951171875,1329.300048828125,1398.4000244140625,3745191,1276.1971301969493,1149.3784291534866,70.61106660019009,59.2742733350386,1463.6500244140625,3705129.2,True,False,True,True,2,-0.04458032925331401
2026-05-05,1394.5999755859375,1438.0,1377.0,1409.5999755859375,5440472,1288.9021630911386,1159.5831956802494,71.41398387584317,59.397539525392986,1463.6500244140625,3804985.7,True,False,True,True,2,-0.03692826012131056
2026-05-06,1411.0,1422.0,1389.0999755859375,1407.300048828125,3076159,1300.1781522089468,1169.2975820782053,70.98510292796425,57.504859874583666,1463.6500244140625,3972833.9,True,False,True,False,1,-0.03849962398524598
2026-05-07,1406.699951171875,1410.699951171875,1370.0,1387.0999755859375,2818342,1308.4564211019936,1177.8388524118418,67.16961591691278,56.30450925296162,1463.6500244140625,4051692.55,True,False,True,False,1,-0.05230078745003952
2026-05-08,1390.0,1397.0,1346.0,1353.5999755859375,3113343,1312.7558072433217,1184.7314454774926,61.286293291958586,55.92561573489294,1463.6500244140625,3968845.65,True,False,True,False,1,-0.07518877258392487
2026-05-11,1350.800048828125,1357.800048828125,1298.5,1340.4000244140625,4535753,1315.3885898310114,1190.836095631868,59.09006994176543,56.166646670123804,1463.6500244140625,4017995.8,True,False,True,True,2,-0.08420728858959314
2026-05-12,1340.4000244140625,1364.800048828125,1258.300048828125,1284.300048828125,4849640,1312.427776402165,1194.5013486983878,50.76393476154579,59.76188619368639,1463.6500244140625,3848118.85,True,False,True,True,2,-0.12253610671563098
2026-05-13,1257.800048828125,1334.800048828125,1236.5999755859375,1318.199951171875,4691091,1312.9775073326136,1199.3522742855835,54.89946417020522,62.50747098286504,1463.6500244140625,3888070.3,True,False,True,True,2,-0.0993748989280514
2026-05-14,1329.9000244140625,1342.0,1295.0,1319.0999755859375,3931057,1313.560599547216,1204.0482625718719,55.007515043600044,61.399794484088964,1463.6500244140625,4019973.0,True,False,True,False,1,-0.09875998115464257
2026-05-15,1365.0,1365.0,1276.300048828125,1303.5999755859375,4283369,1312.611968693761,1207.9522513175216,52.66733116579679,63.34980567607368,1463.6500244140625,4059299.8,True,False,True,True,2,-0.1093499444255448
2026-05-18,1295.0,1334.5,1248.199951171875,1328.300048828125,4008711,1314.1060715637004,1212.6717727885257,55.887929928396,64.98910875836306,1463.6500244140625,4026281.05,True,False,True,False,1,-0.09247427549500542
2026-05-19,1345.0,1361.0999755859375,1311.300048828125,1329.5,3103779,1315.5721599862052,1217.2532718948582,56.0444030791909,63.904167186895165,1463.6500244140625,4109947.1,True,False,True,False,1,-0.091654440731326
2026-05-20,1319.0,1359.800048828125,1307.5,1346.0999755859375,2786130,1318.4795709957034,1222.3060838043125,58.25068160112654,63.07530158984016,1463.6500244140625,4182365.55,True,False,True,False,1,-0.08031294836016789
2026-05-21,1356.0,1395.0,1332.0999755859375,1342.199951171875,3223315,1320.7386548220054,1227.0078040932365,57.52019697634082,63.06278179157033,1463.6500244140625,3994093.4,True,False,True,False,1,-0.08297753644407391
2026-05-22,1365.0,1391.800048828125,1363.0999755859375,1367.9000244140625,3344194,1325.2302138307728,1232.5329892038571,60.991709268193304,62.10116149619031,1463.6500244140625,3952782.15,True,False,True,False,1,-0.06541864407670217
2026-05-25,1381.199951171875,1412.0,1357.5999755859375,1404.300048828125,3046325,1332.760674306711,1239.2689523263775,65.31513691019322,61.55108027603833,1463.6500244140625,3723566.6,True,False,True,False,1,-0.040549294295743166
2026-05-26,1405.0,1489.0,1397.5999755859375,1463.300048828125,6172118,1345.1929956897027,1248.0544855225246,70.93772102793477,63.683147714468625,1463.6500244140625,3599195.3,True,False,True,True,2,-0.00023911152263167423
2026-05-27,1485.0,1558.800048828125,1475.0999755859375,1540.0999755859375,7841736,1363.7555652036299,1259.507249838737,76.3190402381458,65.95578002057802,1489.0,3753664.45,True,True,True,True,2,0.034318318056371755
2026-05-28,1540.0999755859375,1540.0999755859375,1540.0999755859375,1540.0999755859375,0,1380.550270954326,1270.5108861425488,76.31904023814579,61.24465287625102,1558.800048828125,4027908.1,True,False,True,False,1,-0.011996454103427756
2026-05-29,1557.0999755859375,1578.5,1504.0,1513.300048828125,3353166,1393.1931069423067,1280.0320297772773,70.99856044357946,62.19146338509023,1558.800048828125,3700536.25,True,False,True,False,1,-0.029189118921446044
2026-06-01,1521.800048828125,1524.0,1486.5,1496.5,2692605,1403.031858662087,1288.5209697860116,67.80734406598596,60.42778742901236,1578.5,3868194.55,True,False,True,False,1,-0.051948051948051965
2026-06-02,1494.199951171875,1536.800048828125,1475.5,1530.5999755859375,2826067,1415.181203131025,1298.0142641311068,70.68732956891672,60.49009181466326,1578.5,3815565.25,True,False,True,False,1,-0.030345279958227778
2026-06-03,1531.5,1532.0,1445.0,1493.0999755859375,4433558,1422.6020386029215,1305.664684188159,63.91556276862835,62.38365668504446,1578.5,3684845.0,True,False,True,True,2,-0.05410201103203194
2026-06-04,1492.0,1526.800048828125,1482.9000244140625,1520.0,2706265,1431.878034926453,1314.069990690584,66.40201297540901,61.06339723711718,1578.5,3752714.95,True,False,True,False,1,-0.03706050047513465
2026-06-05,1528.4000244140625,1591.4000244140625,1527.0,1579.0,5528998,1445.889650647743,1324.459402820365,71.10493265834481,61.80172774975613,1578.5,3747111.1,True,True,True,True,2,0.0003167564143173873
2026-06-08,1558.9000244140625,1614.800048828125,1535.0999755859375,1570.4000244140625,6296050,1457.7477814826307,1334.1041330789417,69.57615399695408,63.08018099921552,1591.4000244140625,3867893.85,True,False,True,True,2,-0.013195927911168637
2026-06-09,1597.4000244140625,1599.0,1558.0,1579.199951171875,3013275,1469.3146547863682,1343.7157337884685,70.28028908446021,61.50302521355727,1614.800048828125,3955908.7,True,False,True,False,1,-0.022046133626318243
2026-06-10,1580.0,1580.699951171875,1521.4000244140625,1535.5999755859375,2286852,1475.6275424815653,1351.2406060158203,62.555300306944076,61.345661038146936,1614.800048828125,3864090.45,True,False,True,False,1,-0.04904636539964424
2026-06-11,1532.9000244140625,1541.5,1460.800048828125,1466.699951171875,2013886,1474.7772956901663,1355.7684234729206,52.697650536416205,62.72811033341323,1614.800048828125,3743878.5,True,False,True,False,1,-0.09171420186897294
2026-06-12,1499.0,1509.0,1477.0,1489.5999755859375,1607528,1476.1889794897636,1361.0167196342154,55.22324237797143,61.268963083035494,1614.800048828125,3648019.95,True,False,True,False,1,-0.07753286441441853
2026-06-15,1506.9000244140625,1534.800048828125,1486.0999755859375,1491.9000244140625,1914035,1477.6852694825538,1366.1493982530328,55.48035178781305,60.37118523726064,1614.800048828125,3514227.9,True,False,True,False,1,-0.07610850922580303
2026-06-16,1498.0,1519.0,1475.5,1491.0999755859375,1686111,1478.962860540019,1371.049420893539,55.36127269544253,59.166100577456305,1614.800048828125,3409494.1,True,False,True,False,1,-0.07660395683784982
2026-06-17,1494.699951171875,1496.300048828125,1470.0,1491.0,1270712,1480.1092547743028,1375.7533651722238,55.34528672154981,56.818525452504076,1614.800048828125,3338610.7,True,False,True,False,1,-0.07666586889068272
2026-06-18,1493.0,1540.0,1483.5,1523.300048828125,1942444,1484.2226637318097,1381.5395096293178,59.42206318929904,56.79577363446807,1614.800048828125,3262839.8,True,False,True,False,1,-0.056663362170692566
2026-06-19,1530.0,1540.0,1496.9000244140625,1507.4000244140625,2482204,1486.4300314158336,1386.4752160914647,56.678908080939465,55.817502345287316,1614.800048828125,3198796.25,True,False,True,False,1,-0.06650979760125941
2026-06-22,1515.0,1544.4000244140625,1496.0999755859375,1539.4000244140625,1683730,1491.4747926537602,1392.4722673982335,60.61916408159182,55.28054137977573,1614.800048828125,3155696.75,True,False,True,False,1,-0.046693102634459915
2026-06-23,1547.199951171875,1551.0,1480.0,1493.699951171875,1788461,1491.6867125126282,1396.441980487396,53.17998736445831,56.40335985264889,1614.800048828125,3087567.0,True,False,True,False,1,-0.07499386549073583
2026-06-24,1499.0,1522.5,1482.4000244140625,1495.9000244140625,1290346,1492.087980312765,1400.3422959355007,53.47599096237711,55.23883240502665,1614.800048828125,2868384.15,True,False,True,False,1,-0.07363142235495301
2026-06-25,1509.0,1531.0,1500.5,1507.800048828125,1235265,1493.5843677904184,1404.5563254607016,55.12845451026581,53.80034263223457,1614.800048828125,2540814.65,True,False,True,False,1,-0.06626207379523608
2026-06-26,1507.800048828125,1507.800048828125,1507.800048828125,1507.800048828125,0,1494.938242174962,1408.6050989260907,55.12845451026581,49.95746101564639,1614.800048828125,2602577.9,True,False,True,False,1,-0.06626207379523608
2026-06-29,1505.0,1505.0,1465.0,1486.4000244140625,7707203,1494.1250785786856,1411.6558803177759,51.32629399846147,49.44621728796629,1614.800048828125,2434919.6,True,False,True,True,2,-0.07951450367322166
2026-06-30,1494.0,1499.199951171875,1471.0,1491.4000244140625,2175583,1493.8655496106262,1414.783101654885,52.15656036163986,47.92862685110263,1614.800048828125,2685649.5,True,False,True,False,1,-0.07641814508465927
2026-07-01,1491.4000244140625,1536.699951171875,1470.0,1521.4000244140625,2095932,1496.4878805442868,1418.9641574493626,56.906328988807765,49.2694357311578,1614.800048828125,2653125.3,True,False,True,False,1,-0.05783999355328462
2026-07-02,1524.9000244140625,1570.300048828125,1495.9000244140625,1556.9000244140625,2583245,1502.2414180556939,1424.3734071342526,61.746028235877475,51.06447777993671,1614.800048828125,2536244.0,True,False,True,True,2,-0.03585584757449134
2026-07-03,1562.0,1579.0,1514.0,1568.800048828125,2845542,1508.580335272116,1430.0371970046008,63.23650713364396,52.05987222422695,1614.800048828125,2530093.0,True,False,True,True,2,-0.028486499014774402
2026-07-06,1580.0,1650.699951171875,1571.0,1622.800048828125,4892061,1519.4584032298312,1437.596524527092,69.11683670347745,54.191302947050026,1614.800048828125,2395920.2,True,True,True,True,2,0.004954173741699819
2026-07-07,1637.699951171875,1663.9000244140625,1616.0,1651.0,4092032,1531.9861743507997,1445.9652882711277,71.6656468270949,53.74192590897949,1650.699951171875,2325720.75,True,True,True,True,2,0.00018177066517277574
2026-07-08,1639.699951171875,1712.0,1632.5,1655.5,4413139,1543.7493958411999,1454.1823357899073,72.06188979921099,55.581788344052384,1663.9000244140625,2379658.6,True,False,True,True,2,-0.005048394910037057
2026-07-09,1660.5,1685.0,1610.0999755859375,1618.5,2379388,1550.868500999181,1460.6261657589305,64.12176007176618,56.96166234905311,1712.0,2485972.95,True,False,True,False,1,-0.05461448598130836
2026-07-10,1635.0,1683.800048828125,1621.199951171875,1654.0,1603768,1560.6905485230686,1468.2094533762272,67.78898594938124,57.55726138327253,1712.0,2504248.05,True,False,True,False,1,-0.033878504672897214
2026-07-13,1651.0,1667.199951171875,1634.0,1644.5999755859375,1062110,1568.6819225290562,1475.1267287570004,65.86910798149205,55.81745351102985,1712.0,2504060.05,True,False,True,False,1,-0.03936917313905519
2026-07-14,1644.0999755859375,1713.9000244140625,1636.5999755859375,1690.300048828125,2237295,1580.2646012242058,1483.5648981715544,70.27654729691542,57.35192460510808,1712.0,2461463.8,True,False,True,False,1,-0.012675205123758748
2026-07-15,1700.0,1704.300048828125,1666.4000244140625,1678.0,1169341,1589.5727344409481,1491.189804125611,67.74103819657199,55.96250316289054,1713.9000244140625,2489023.0,True,False,True,False,1,-0.020946393548442743
2026-07-16,1689.0999755859375,1744.0,1685.5999755859375,1689.5,2839672,1599.0896168751435,1498.9666745520578,68.87183347550302,56.679467222684075,1713.9000244140625,2483954.45,True,False,True,True,2,-0.014236550596003483
2026-07-17,1700.0,1757.699951171875,1690.5,1722.5999755859375,2898703,1610.8525081809335,1507.7366079259355,71.92257486855135,57.50235893334057,1744.0,2528815.85,True,False,True,True,2,-0.012270656200723873
2026-07-20,1725.0,1739.4000244140625,1704.5,1729.5,1234783,1622.152269306559,1516.433211536683,72.52703140809744,55.88790646767785,1757.699951171875,2549640.8,True,False,True,False,1,-0.016043666129178513
2026-07-21,1736.0,1789.0,1718.5999755859375,1741.5999755859375,3706827,1633.5282413331665,1525.2632807150853,73.60034019094138,56.92448632099104,1757.699951171875,2527193.45,True,False,True,True,2,-0.0091596836964144
2026-07-22,1750.300048828125,1758.0,1712.4000244140625,1724.4000244140625,2410451,1642.1826968646803,1533.072564781712,69.44697760431187,56.11559269705865,1789.0,2623111.75,True,False,True,False,1,-0.03610954476575601
2026-07-23,1729.699951171875,1730.0,1665.0999755859375,1683.800048828125,3436746,1646.146254194532,1538.9834465090223,60.73455171580326,56.74305210541607,1789.0,2679117.0,True,False,True,True,2,-0.0588037737126188
2026-07-24,1676.0,1713.9000244140625,1668.800048828125,1702.199951171875,2585952,1651.4847015257076,1545.384093750703,63.00003808381667,55.911403782596174,1789.0,2789191.05,True,False,True,False,1,-0.048518752838527135
2026-07-27,1719.5999755859375,1719.5999755859375,1678.0999755859375,1703.300048828125,2632783,1656.4194965068903,1551.5768763027588,63.1369818250379,54.88201779812502,1789.0,2918488.65,True,False,True,False,1,-0.04790382960976802
2026-07-28,1701.0,1701.0,1625.0,1649.5,2898705,1655.7604968395674,1555.41699880069,52.83742239176856,56.554734300267874,1789.0,2664767.65,True,False,True,True,2,-0.07797652319731696
2026-07-29,1651.0,1682.0,1642.0,1667.800048828125,2202376,1656.9071208384778,1559.8241772331385,55.496801878999754,55.37225327882017,1789.0,2700923.75,True,False,True,False,1,-0.0677473175918809
2026-07-30,1667.800048828125,1674.699951171875,1633.0,1659.0,1361733,1657.1064426633848,1563.7134251847801,53.922210089274834,54.39566027118123,1789.0,2706245.95,True,False,True,False,1,-0.07266629401900504
2026-07-31,1666.0,1682.0,1628.800048828125,1645.4000244140625,1779312,1655.9915456872588,1566.9168212329873,51.49075091692185,54.31025247837364,1789.0,2645170.35,True,False,True,False,1,-0.08026829266961288
2026-08-03,1654.300048828125,1676.0,1635.800048828125,1647.0,1135101,1655.135208002758,1570.05733804738,51.766306823258674,53.30237381362374,1789.0,2591858.85,True,False,True,False,1,-0.07937395192845165
2026-08-04,1650.0,1664.300048828125,1638.0,1646.0,845598,1654.2651881929717,1573.035481653365,51.56913432414334,51.37363631465955,1789.0,2404010.85,True,False,True,False,1,-0.07993292342090552
2026-08-05,1663.800048828125,1663.800048828125,1630.5,1642.0,886130,1653.0970750317363,1575.7399725689195,50.73666969289735,50.08266577990709,1789.0,2241689.15,True,False,True,False,1,-0.08216880939072102
2026-08-06,1641.9000244140625,1641.9000244140625,1603.9000244140625,1620.0,938596,1649.9449726477612,1577.475659919158,46.30887427602075,49.22675933748069,1789.0,2065338.7,True,False,False,False,0,-0.09446618222470649
2026-08-07,1620.0,1647.0,1606.0,1630.0999755859375,1391604,1648.0549729275874,1579.5393585727572,48.529651646547165,48.63913367051779,1789.0,1993299.1,True,False,False,False,0,-0.0888205837976872
2026-08-10,1630.0999755859375,1635.9000244140625,1610.800048828125,1632.0,929603,1646.5259278868648,1581.5966386287275,48.957371183388,46.957765235904915,1789.0,1982690.9,True,False,False,False,0,-0.08775852431525988
2026-08-11,1660.0,1672.0,1616.0999755859375,1622.0,2222288,1644.190125230973,1583.181084172699,46.75516936555755,47.59649803434474,1789.0,1976065.55,True,False,False,True,1,-0.09334823923979874
2026-08-12,1628.5,1629.699951171875,1570.199951171875,1599.0,1586459,1639.8863037804042,1583.8014338129854,42.068070255984246,48.44674817474869,1789.0,1975315.2,True,False,False,False,0,-0.10620458356623808
2026-08-13,1607.0,1638.300048828125,1570.4000244140625,1583.0,3318810,1634.4685605632228,1583.7700050360056,39.12937694111291,49.83626790612825,1789.0,1996171.1,True,False,False,True,1,-0.11514812744550029
2026-08-14,1588.0,1624.0,1575.0,1616.0,7047548,1632.709650033392,1585.0339264071426,47.30547039802424,49.776534484261944,1789.0,2020128.0,True,False,False,True,1,-0.0967020681945221
2026-08-17,1621.0,1627.9000244140625,1585.4000244140625,1589.0999755859375,2016844,1628.556347705063,1585.193379316115,42.31588000869283,49.25678202110038,1789.0,2227570.25,True,False,False,False,0,-0.11173841498829651
2026-08-18,1589.0,1630.0,1583.0999755859375,1603.0,2294009,1626.1224098283903,1585.8916781664634,45.51393930050368,49.08844219202624,1789.0,2266673.3,True,False,False,True,1,-0.10396869759642258
2026-08-19,1604.800048828125,1604.800048828125,1536.5,1540.699951171875,3477602,1617.986937575389,1584.1194535784402,35.90557199590998,50.46069980889044,1758.0,2196032.4,True,False,False,True,1,-0.12360639865081058
2026-08-20,1550.0,1561.0,1538.5999755859375,1548.5,2182920,1611.3691339967804,1582.7226122616387,37.67947508946673,48.45636585211702,1730.0,2249389.95,True,False,False,False,0,-0.10491329479768785
2026-08-21,1556.9000244140625,1559.5,1527.300048828125,1541.9000244140625,2335751,1604.7530283222359,1581.1217264636946,36.752587168998666,47.295193374956874,1719.5999755859375,2186698.65,True,False,False,True,1,-0.10333795865013629
2026-08-24,1543.9000244140625,1562.0,1527.0,1555.0999755859375,1718421,1600.0241661568741,1580.101265644959,39.93501407081539,46.41696527674567,1719.5999755859375,2174188.6,True,False,False,False,0,-0.09566178316788365
2026-08-25,1554.9000244140625,1594.5,1532.0,1594.5,2043772,1599.4980550943146,1580.6659218941763,48.29751101688215,47.56575347126384,1701.0,2128470.5,True,False,False,False,0,-0.06261022927689597
2026-08-26,1617.0,1637.0,1570.5,1570.5,3719296,1596.7363355615225,1580.2672582904831,44.25563827743761,48.91819965188785,1682.0,2085723.85,True,False,False,True,1,-0.06629013079667068
2026-08-27,1590.0,1617.699951171875,1581.9000244140625,1617.0,4514708,1598.666208365187,1581.7077579653662,52.542484470417904,48.79546761760122,1682.0,2161569.85,True,False,True,True,2,-0.03864447086801426
2026-08-28,1610.0,1611.9000244140625,1566.9000244140625,1581.4000244140625,1647674,1597.0218098936514,1581.6956899829622,46.805700322510305,48.888646758196664,1682.0,2319218.6,True,False,False,False,0,-0.059809735782364704
2026-08-31,1589.0,1592.9000244140625,1417.4000244140625,1417.4000244140625,35589890,1579.9149731813095,1575.2527227057506,30.360340649093303,57.9323148468969,1676.0,2312636.7,True,False,False,True,1,-0.1542959281539007
2026-09-01,1435.0,1444.4000244140625,1373.300048828125,1382.0,8161918,1561.065928116423,1567.6741845604272,28.067895874662582,58.87286204254266,1672.0,4035376.15,False,False,False,True,1,-0.17344497607655507
2026-09-02,1374.5999755859375,1401.0,1348.0,1396.5999755859375,4214587,1545.4025040659005,1560.9653920516237,30.402010540477946,58.45337189664675,1672.0,4401192.15,False,False,False,False,0,-0.1647129332619991
2026-09-03,1398.0,1412.800048828125,1378.0,1385.699951171875,1939729,1530.1927371236125,1554.0922375073199,29.62901556713753,56.76384882032377,1672.0,4567615.0,False,False,False,False,0,-0.17123208661969203
2026-09-04,1385.5999755859375,1412.699951171875,1376.699951171875,1409.5999755859375,1386991,1518.7077122152625,1548.4258742947168,33.614690767695194,55.28071676172922,1672.0,4617671.65,False,False,False,False,0,-0.15693781364477422
2026-09-07,1412.699951171875,1418.5,1387.800048828125,1390.4000244140625,1342576,1506.487932424672,1542.2287821425343,32.04451440337618,53.52494779102535,1672.0,4617441.0,False,False,False,False,0,-0.16842103802986697
2026-09-08,1390.4000244140625,1412.0,1370.0,1407.699951171875,1308434,1497.079553257739,1536.9531417123123,34.991112298313354,52.70173723452354,1672.0,4638089.65,False,False,False,False,0,-0.15807419188284988
2026-09-09,1406.0,1446.0,1396.5,1423.300048828125,1914487,1490.0529337882522,1532.4961576776384,37.617894812509604,52.47304171777186,1638.300048828125,4592396.95,False,False,False,False,0,-0.13123359188922035
2026-09-10,1439.4000244140625,1439.4000244140625,1382.0999755859375,1391.9000244140625,1412618,1480.705037657377,1526.982583824165,34.58840645907955,52.817827939939946,1638.300048828125,4608798.35,False,False,False,False,0,-0.1503998150951117
2026-09-11,1375.0,1382.0,1364.199951171875,1373.0,1154404,1470.4474150233411,1520.944051125178,32.87238363848728,51.0237026043862,1637.0,4513488.75,False,False,False,False,0,-0.16127061698228462
2026-09-14,1373.0,1373.0,1373.0,1373.0,0,1461.166708830642,1515.142323630073,32.87238363848728,47.379152418358615,1637.0,4218831.55,False,False,False,False,0,-0.16127061698228462
2026-09-15,1377.5999755859375,1379.800048828125,1337.0,1347.5,822951,1450.3413079896284,1508.5681148602662,30.504281210405182,47.05207359048478,1637.0,4117989.35,False,False,False,False,0,-0.17684789248625532
2026-09-16,1347.5999755859375,1371.300048828125,1341.5999755859375,1349.199951171875,946914,1440.708797816509,1502.3183829509176,30.861856869532502,45.81264499417784,1637.0,4044436.45,False,False,False,False,0,-0.17580943728046727
2026-09-17,1346.0,1386.800048828125,1336.5,1386.800048828125,1182458,1435.5746312461868,1497.788252201004,38.41026604483818,46.13317383945978,1637.0,3917902.05,False,False,False,False,0,-0.15284053217585525
