Date,Open,High,Low,Close,Volume,EMA20,EMA50,RSI14,ATR14,Prev20High,AvgVolume20,TrendPass,BreakoutPass,RSIPass,VolumePass,ConfirmationScore,BreakoutStrength
2020-11-20,1710.0,1850.0,1700.0,1819.550048828125,11310647,1819.550048828125,1819.550048828125,,150.0,,,False,False,False,False,0,
2020-11-23,1844.0,2183.449951171875,1840.0,2089.050048828125,3893237,1845.2167154947915,1830.1186762791053,,165.278564453125,,,True,False,False,False,0,
2020-11-24,2110.0,2174.800048828125,1960.199951171875,2048.5,1961368,1864.5770283048114,1838.682649758356,98.85582742146846,168.80153111049108,,,True,False,True,False,1,
2020-11-25,2077.0,2222.0,2036.0999755859373,2053.0,2771893,1882.5220732281628,1847.0872517286166,98.85738983299741,170.0228520607462,,,True,False,True,False,1,
2020-11-26,2074.39990234375,2155.89990234375,2070.0,2106.699951171875,1211725,1903.8723473180403,1857.268141902862,98.8770955732575,165.22835565238935,,,True,False,True,False,1,
2020-11-27,2125.0,2151.0,2092.0,2113.0,780377,1923.789266621084,1867.2968422203967,98.87953701795239,157.640615962933,,,True,False,True,False,1,
2020-12-01,2120.0,2220.0,2110.0,2191.050048828125,990336,1949.242674450326,1879.993046401092,98.91112317557955,154.23771482272352,,,True,False,True,False,1,
2020-12-02,2205.0,2212.89990234375,2141.10009765625,2184.75,649329,1971.671943550295,1891.9442994834021,98.66933397359197,148.34929267020757,,,True,False,True,False,1,
2020-12-03,2198.0,2239.0,2174.0,2202.39990234375,399313,1993.6460348639575,1904.1190290073373,98.67907607507867,142.39577176519276,,,True,False,True,False,1,
2020-12-04,2212.0,2220.0,2169.0,2178.449951171875,409649,2011.246407845664,1914.8771043863387,97.63451470353735,135.8675023533933,,,True,False,True,False,1,
2020-12-07,2179.0,2438.85009765625,2164.0,2352.800048828125,967392,2043.7753260344698,1932.0505531879776,97.81577724311765,145.79483058931163,,,True,False,True,False,1,
2020-12-08,2368.0,2396.85009765625,2292.0,2305.5,317512,2068.7014854597583,1946.6956295335472,95.67384796895999,142.87020680837867,,,True,False,True,False,1,
2020-12-09,2320.0,2349.949951171875,2275.0,2279.5,192250,2088.777534463591,1959.7467813165454,94.44953490885449,138.01875997719984,,,True,False,True,False,1,
2020-12-10,2278.0,2278.449951171875,2205.0,2250.050048828125,255923,2104.1368215459274,1971.1312231797444,92.99786414758056,133.48170569311415,,,True,False,True,False,1,
2020-12-11,2258.0,2274.60009765625,2227.85009765625,2241.60009765625,177900,2117.228562127863,1981.737845708235,92.55828416777723,127.28658385789171,,,True,False,True,False,1,
2020-12-14,2245.0,2273.0,2221.0,2224.39990234375,167368,2127.4353564341377,1991.2540047919808,91.60906339064753,121.90897072518516,,,True,False,True,False,1,
2020-12-15,2228.0,2230.0,2178.0,2197.14990234375,246370,2134.074836996958,1999.3283537155799,90.03372102823961,116.91547281624335,,,True,False,True,False,1,
2020-12-16,2199.0,2252.199951171875,2190.0,2196.199951171875,411542,2139.991514537426,2007.0488085177876,89.97563376935021,113.00722127021704,,,True,False,True,False,1,
2020-12-17,2199.0,2203.949951171875,2115.5,2178.300048828125,1643980,2143.6399463746357,2013.7645434319186,88.81288543668867,111.25313054890691,,,True,False,True,False,1,
2020-12-18,2180.0,2255.0,2164.0,2226.5,885005,2151.5313800532417,2022.1071103561571,89.21697895453458,109.80647836684213,,,True,False,True,False,1,
2020-12-21,2244.949951171875,2440.0,2152.14990234375,2319.75,1464484,2167.552201000552,2033.7793805382687,89.97168639341359,122.52387974465698,2438.85009765625,1482155.8,True,False,True,False,1,-0.04883452975265101
2020-12-22,2341.199951171875,2395.0,2240.0,2328.25,435493,2182.856753286214,2045.3272479681405,90.04011649820987,124.84360262003862,2440.0,989847.65,True,False,True,False,1,-0.045799180327868894
2020-12-23,2350.0,2396.800048828125,2330.0,2353.050048828125,512028,2199.06563857592,2057.394808786179,90.24918024072014,120.8226344920448,2440.0,816960.45,True,False,True,False,1,-0.0356352258901127
2020-12-24,2360.0,2429.0,2339.0,2408.35009765625,575779,2218.9974918216653,2071.1577612908877,90.71709426757553,118.62101774261303,2440.0,744493.45,True,False,True,False,1,-0.012971271452356548
2020-12-28,2439.0,2508.550048828125,2380.0,2393.64990234375,448777,2235.6310547285307,2083.8045119204116,89.48775760193767,119.33023424872103,2440.0,634687.75,True,False,True,False,1,-0.018995941662397486
2020-12-29,2409.0,2425.0,2335.0,2348.60009765625,400122,2246.3900111978373,2094.1886525375035,85.65687856626386,117.23521751666954,2508.550048828125,596540.35,True,False,True,False,1,-0.06376191347930094
2020-12-30,2355.800048828125,2363.699951171875,2296.0,2351.0,243725,2256.3528672742336,2104.259685771327,85.69201830513884,113.69698420632707,2508.550048828125,577527.6,True,False,True,False,1,-0.06280522443701086
2020-12-31,2356.0,2404.0,2326.0,2339.75,362391,2264.295451343354,2113.4946000548043,84.64512971765961,111.14719962016086,2508.550048828125,540197.05,True,False,True,False,1,-0.06728988680412429
2021-01-01,2344.89990234375,2388.0,2344.89990234375,2369.699951171875,92306,2274.3339751365465,2123.541868726062,85.16474670307149,106.65454250443508,2508.550048828125,525850.15,True,False,True,False,1,-0.05535073845591165
2021-01-04,2390.050048828125,2488.39990234375,2375.0,2447.699951171875,629065,2290.8450204732444,2136.2539503906037,86.4507324985734,107.51492883782365,2508.550048828125,510499.8,True,False,True,True,2,-0.02425707937725874
2021-01-05,2444.0,2482.39990234375,2422.949951171875,2468.550048828125,335971,2307.769308887995,2149.285169937173,86.78060859103319,104.08171614739875,2508.550048828125,521470.6,True,False,True,False,1,-0.015945466194181024
2021-01-06,2480.0,2486.949951171875,2400.14990234375,2408.449951171875,238280,2317.35794148646,2159.4484946914754,80.68287877222693,102.8473113388792,2508.550048828125,489899.55,True,False,True,False,1,-0.039903568080298824
2021-01-07,2429.949951171875,2447.0,2390.050048828125,2401.10009765625,137885,2325.3333849312016,2168.9250281410746,79.9430784040764,99.56892846980747,2508.550048828125,485937.95,True,False,True,False,1,-0.04283348909943829
2021-01-08,2408.949951171875,2417.39990234375,2350.10009765625,2368.10009765625,194282,2329.40640519073,2176.7358151808853,76.54921889229551,97.26399105678551,2508.550048828125,483219.7,True,False,True,False,1,-0.055988498709637624
2021-01-11,2384.949951171875,2385.0,2310.050048828125,2328.699951171875,200693,2329.3391238556005,2182.6951930628848,72.58698307788381,95.67013106500619,2508.550048828125,480137.65,True,False,True,False,1,-0.07169484130494719
2021-01-12,2330.050048828125,2338.60009765625,2240.0,2248.35009765625,267814,2321.625883265186,2185.2698952038013,65.17778677878783,95.87941439295217,2508.550048828125,481277.3,True,False,True,False,1,-0.10372523812846712
2021-01-13,2250.0,2275.0,2175.0,2201.0,342069,2310.137703906597,2185.8867620585543,61.212514208829006,96.17374193631272,2508.550048828125,486299.6,True,False,True,False,1,-0.12260072266518973
2021-01-14,2209.0,2280.0,2205.25,2259.949951171875,156659,2305.3579179318617,2188.791200847312,64.13773347102148,94.94704608371896,2508.550048828125,491084.55,True,False,True,False,1,-0.09910111132619581
2021-01-15,2263.0,2401.949951171875,2260.35009765625,2366.199951171875,503248,2311.1523972880536,2195.748406742393,68.71708683136757,98.30797136345332,2508.550048828125,478340.4,True,False,True,True,2,-0.056745966747902554
2021-01-18,2390.0,2394.0,2320.0,2335.550048828125,150380,2313.475983149013,2201.230824079088,66.09515795124685,96.57168769463523,2508.550048828125,421303.8,True,False,True,False,1,-0.06896414128983286
2021-01-19,2343.25,2365.0,2251.39990234375,2290.10009765625,123343,2311.2497083401786,2204.7158936311334,62.29914848051665,97.78800269189342,2508.550048828125,384572.55,True,False,True,False,1,-0.08708215778829065
2021-01-20,2295.0,2318.699951171875,2257.0,2274.550048828125,186031,2307.754502672364,2207.4544879525843,61.0081418881292,95.21028472617782,2508.550048828125,317515.5,True,False,True,False,1,-0.09328097723595896
2021-01-21,2287.949951171875,2304.699951171875,2197.0,2204.60009765625,197792,2297.9302736232103,2207.342551078218,55.44233418486085,96.10240375801334,2508.550048828125,305042.4,True,False,True,False,1,-0.12116559177835262
2021-01-22,2220.0,2324.0,2184.89990234375,2284.5,613805,2296.6511999448094,2210.368333388876,59.93820962012287,99.17366760788738,2508.550048828125,289330.6,True,False,True,True,2,-0.08931456198483678
2021-01-25,2295.0,2295.0,2191.60009765625,2251.0,342532,2292.3034666167323,2211.9617320795087,57.326467684568115,99.47554151759186,2508.550048828125,291231.9,True,False,True,True,2,-0.10266888992246337
2021-01-27,2253.0,2253.949951171875,2166.10009765625,2184.89990234375,290741,2282.0745557335913,2210.900483854577,52.46837201806433,98.6451352317371,2488.39990234375,285919.65,True,False,True,True,2,-0.12196592666401507
2021-01-28,2155.0,2200.0,2122.10009765625,2143.14990234375,185270,2268.84363636313,2208.243598305133,49.608752526015124,97.16333288259517,2488.39990234375,280450.6,True,False,False,False,0,-0.13874377654283754
2021-01-29,2160.0,2164.300048828125,2101.0,2116.300048828125,143246,2254.3156756455105,2204.637968913878,47.80429084580498,94.74452687870445,2488.39990234375,277527.85,True,False,False,False,0,-0.14953378400519757
2021-02-01,2120.0,2140.0,2071.0,2078.10009765625,127319,2237.5332396465333,2199.675699452795,45.28075990168447,92.90563210165413,2488.39990234375,266570.6,True,False,False,False,0,-0.16488499469118723
2021-02-02,2095.0,2142.949951171875,2080.0,2099.39990234375,249607,2224.377683712935,2195.7433152524404,46.9619874322488,90.90164791693776,2488.39990234375,268321.25,True,False,False,False,0,-0.15632535575717244
2021-02-03,2116.699951171875,2155.0,2103.5,2132.10009765625,141163,2215.589342183727,2193.247502797688,49.525963020664946,88.38010861260292,2486.949951171875,249348.35,True,False,False,False,0,-0.14268475863312657
2021-02-04,2130.0,2185.89990234375,2080.949951171875,2136.85009765625,293240,2208.0903665144433,2191.0358398509647,49.90479856298103,89.56366879540808,2486.949951171875,239607.95,True,False,False,True,1,-0.14077478855199899
2021-02-05,2152.699951171875,2312.0,2127.0,2293.699951171875,389302,2216.2436602913417,2195.061883432177,60.4586189941816,96.38054959573607,2447.0,242355.95,True,False,True,True,2,-0.06264816053458311
2021-02-08,2314.0,2338.35009765625,2258.0,2322.550048828125,180259,2226.3680782472256,2200.0614193300576,62.04262770775,95.23551731434421,2417.39990234375,254926.8,True,False,True,False,1,-0.03923631064254818
2021-02-09,2312.0,2345.199951171875,2252.0,2268.300048828125,287768,2230.3615992549303,2202.737444016256,57.38721665958987,95.09011973273927,2401.949951171875,254225.65,True,False,True,True,2,-0.0556422511129111
2021-02-10,2274.0,2325.0,2253.0,2297.949951171875,324925,2236.7985851517824,2206.4712678262804,59.189598985376634,93.44082546611503,2401.949951171875,258579.4,True,False,True,True,2,-0.04329815446373475
2021-02-11,2300.0,2323.75,2262.0,2283.85009765625,53077,2241.279681580779,2209.5057317411815,57.93466314967026,91.17719507567826,2401.949951171875,261434.95,True,False,True,False,1,-0.049168324035230526
2021-02-12,2285.699951171875,2285.699951171875,2179.550048828125,2188.0,151350,2236.2054261921335,2208.662369712116,50.15046736649541,92.24667416625482,2401.949951171875,246985.35,True,False,True,False,1,-0.0890734426283496
2021-02-15,2200.0,2230.0,2161.10009765625,2167.949951171875,132676,2229.7049047616324,2207.065804279165,48.677111614588966,90.57904760750448,2401.949951171875,246719.9,True,False,False,False,0,-0.09742084754340319
2021-02-16,2178.699951171875,2235.199951171875,2157.25,2205.85009765625,214876,2227.4330183706434,2207.018129509639,51.57330530667875,89.67696929067381,2394.0,228191.3,True,False,True,False,1,-0.0785922733265455
2021-02-17,2204.89990234375,2374.800048828125,2201.949951171875,2359.0,469084,2239.963207097249,2212.978202862202,61.12088695793311,95.61790703107211,2365.0,231416.1,True,False,True,True,2,-0.0025369978858350573
2021-02-18,2372.0,2492.0,2300.0,2451.85009765625,684961,2260.142910960011,2222.3457281482433,65.55480376859113,102.50234224313839,2374.800048828125,248703.15,True,True,True,True,2,0.03244485735384184
2021-02-19,2474.0,2487.949951171875,2375.0,2419.050048828125,346130,2275.276924090307,2230.059623076866,62.82891842703421,103.24860002376244,2492.0,273649.65,True,False,True,True,2,-0.029273656168489204
2021-02-22,2418.0,2483.949951171875,2350.0,2389.550048828125,215914,2286.160078827242,2236.3141495769155,60.39645284279994,105.44155367719905,2492.0,281066.55,True,False,True,False,1,-0.041111537388392905
2021-02-23,2385.0,2428.89990234375,2351.25,2381.0,175596,2295.1924522722666,2241.988104495468,59.67532350376498,103.45643572480984,2492.0,261172.0,True,False,True,False,1,-0.0445425361155698
2021-02-24,2398.949951171875,2404.949951171875,2325.050048828125,2375.14990234375,58313,2302.8074475171697,2247.2101357836364,59.15488246799622,101.77382619759128,2492.0,252825.2,True,False,True,False,1,-0.0468900873419944
2021-02-25,2390.050048828125,2420.0,2341.550048828125,2411.60009765625,157769,2313.1686522923205,2253.6568009551115,61.412963897618184,100.10783512432583,2492.0,241203.8,True,False,True,False,1,-0.032263203187700595
2021-02-26,2389.85009765625,2445.0,2360.0,2401.64990234375,189954,2321.5954380115045,2259.4604519899603,60.43082168447283,99.02870404401685,2492.0,239828.75,True,False,True,False,1,-0.0362560584495385
2021-03-01,2425.0,2467.699951171875,2350.0,2358.699951171875,120452,2325.129201169635,2263.352197055918,56.24918491531929,100.36236455314958,2492.0,242164.15,True,False,True,False,1,-0.053491191343549405
2021-03-02,2361.0,2390.89990234375,2308.550048828125,2349.85009765625,107872,2327.4835722635985,2266.744271589265,55.39854789660172,99.07575662189782,2492.0,241820.8,True,False,True,False,1,-0.057042496927668496
2021-03-03,2360.0,2450.0,2356.10009765625,2436.75,152524,2337.889898714684,2273.4111628994897,61.54773687565825,99.15248131631584,2492.0,234734.05,True,False,True,False,1,-0.0221709470304976
2021-03-04,2423.89990234375,2693.0,2405.800048828125,2669.800048828125,845383,2369.5003892016784,2288.95582509277,72.49841762212861,112.58444344885578,2492.0,235302.1,True,True,True,True,2,0.0713483342006922
2021-03-05,2629.75,2630.0,2515.64990234375,2549.60009765625,215299,2386.652742387828,2299.177169114867,62.596702160192336,115.55342223710716,2693.0,262909.25,True,False,True,False,1,-0.05324912823756034
2021-03-08,2569.949951171875,2600.0,2550.0,2564.550048828125,166349,2403.595343001189,2309.5839487114654,63.26865518009034,110.89959938758165,2693.0,254209.1,True,False,True,False,1,-0.04769771673667844
2021-03-09,2562.199951171875,2575.0,2500.0,2505.050048828125,134636,2413.2576959370876,2317.2492859709423,58.7452678450054,108.33534228846868,2693.0,253513.6,True,False,True,False,1,-0.06979203534046607
2021-03-10,2509.0,2558.800048828125,2475.050048828125,2490.89990234375,96338,2420.652191785341,2324.0591140639935,57.68894559178404,106.57924641072093,2693.0,245857.0,True,False,True,False,1,-0.07504645289871892
2021-03-12,2513.35009765625,2513.35009765625,2461.050048828125,2473.0,177470,2425.6376973295946,2329.8999331203077,56.309577365789245,102.70216086910693,2693.0,234427.65,True,False,True,False,1,-0.08169327887114741
2021-03-15,2456.050048828125,2550.0,2414.10009765625,2541.89990234375,153220,2436.7102882833233,2338.21365740358,60.24945993936793,105.07342811729573,2693.0,240647.3,True,False,True,False,1,-0.056108465524043805
2021-03-16,2545.0,2783.85009765625,2532.199951171875,2717.0,800623,2463.404546542054,2353.06802377991,68.11801300199109,115.54319371494425,2693.0,240740.8,True,True,True,True,2,0.008911994058670603
2021-03-17,2670.050048828125,2679.199951171875,2512.14990234375,2532.89990234375,423662,2470.023151856501,2360.1202543118256,55.64596352332336,121.92225828218037,2783.85009765625,274138.15,True,False,True,True,2,-0.09014501015114906
2021-03-18,2555.0,2570.85009765625,2430.050048828125,2467.10009765625,204798,2469.7447657421912,2364.315542286117,51.98252826158788,123.27067189260498,2783.85009765625,284577.45,True,False,True,False,1,-0.11378127014334383
2021-03-19,2450.0,2565.0,2416.0,2554.35009765625,232581,2477.802416400673,2371.767877790828,56.108799987140436,125.1084810431332,2783.85009765625,271363.15,True,False,True,False,1,-0.0824397837344828
2021-03-22,2556.5,2556.5,2473.550048828125,2487.0,125514,2478.678376743466,2376.286784544129,52.367859214003886,122.09715748090048,2783.85009765625,248744.15,True,False,True,False,1,-0.10663293181848077
2021-03-23,2489.0,2519.39990234375,2480.0,2493.64990234375,81879,2480.104236324445,2380.8892597519575,52.70316699728529,116.19021068538974,2783.85009765625,237713.35,True,False,True,False,1,-0.1042441888508373
2021-03-24,2470.0,2510.0,2460.949951171875,2487.85009765625,114839,2480.8419374036644,2385.083802414871,52.356987796628914,111.39448483844227,2783.85009765625,231011.6,True,False,True,False,1,-0.10632756420656597
2021-03-25,2489.0,2505.25,2365.0,2450.60009765625,166985,2477.961762189625,2387.6530688949256,50.08167707694326,113.45559306426782,2783.85009765625,227973.75,True,False,True,False,1,-0.11970831341837207
2021-03-26,2475.0,2483.449951171875,2405.10009765625,2412.64990234375,54723,2471.7415850614466,2388.6333368733112,47.80244477993459,110.94804023936476,2783.85009765625,233407.35,True,False,False,False,0,-0.13334058311006647
2021-03-30,2425.0,2514.89990234375,2425.0,2497.39990234375,183863,2474.185234326428,2392.8986923819557,52.951909674290874,110.32675165083872,2783.85009765625,228255.05,True,False,True,False,1,-0.10289713356105823
2021-03-31,2494.0,2512.0,2451.699951171875,2478.300048828125,92845,2474.5771214218275,2396.2477651837667,51.71370453543065,106.7534157349306,2783.85009765625,227950.5,True,False,True,False,1,-0.10975808255098596
2021-04-01,2499.199951171875,2507.800048828125,2441.0,2467.89990234375,168497,2473.941195795344,2399.057652915531,51.01419106435656,103.89960381301593,2783.85009765625,226570.15,True,False,True,False,1,-0.11349396850732063
2021-04-05,2470.0,2548.60009765625,2400.0,2501.5,135477,2476.5658438148353,2403.07499986002,53.21597056304412,107.09249623038978,2783.85009765625,229601.4,True,False,True,False,1,-0.10142431803133478
2021-04-06,2501.0,2515.0,2470.0,2478.199951171875,62286,2476.721473086934,2406.0210763820537,51.487714348552,102.65731792821909,2783.85009765625,228749.05,True,False,True,False,1,-0.1097940391049449
2021-04-07,2499.949951171875,2524.89990234375,2485.199951171875,2504.10009765625,127266,2479.3289611411547,2409.8673125104538,53.30316182281959,98.6603631599088,2783.85009765625,189594.2,True,False,True,False,1,-0.10049032461752316
2021-04-08,2514.0,2545.39990234375,2498.550048828125,2510.75,71530,2482.3214410324736,2413.8234963335735,53.78140242583124,94.95961247103139,2783.85009765625,185192.55,True,False,True,False,1,-0.09810158164987959
2021-04-09,2520.0,2571.0,2495.199951171875,2530.550048828125,202465,2486.9146417749166,2418.401008196105,55.25093301765916,93.5910722108238,2783.85009765625,180451.6,True,False,True,True,2,-0.09098911218006345
2021-04-12,2518.0,2655.0,2446.14990234375,2582.10009765625,677157,2495.9799232874243,2424.820580331797,58.91367764740329,101.82385974263995,2783.85009765625,183843.05,True,False,True,True,2,-0.07247157459011722
2021-04-13,2664.800048828125,2710.0,2521.0,2532.85009765625,633131,2499.4913684654075,2429.0570319915796,54.33768202014087,108.05072690387996,2783.85009765625,212884.0,True,False,True,True,2,-0.0901629007292164
2021-04-15,2544.0,2544.0,2473.0,2480.85009765625,235371,2497.716009340726,2431.08813260588,49.9281105128209,105.40424641074569,2783.85009765625,235667.05,True,False,False,False,0,-0.1088420674141537
2021-04-16,2489.0,2660.0,2464.0,2627.199951171875,403929,2510.047813324645,2438.778792157488,59.81268364915701,111.875371667121,2783.85009765625,239774.6,True,False,True,True,2,-0.05627104225772084
2021-04-19,2601.0,2804.0,2560.449951171875,2760.14990234375,832665,2533.8670598978933,2451.3815807922438,66.31767313128695,121.28070575004986,2710.0,219939.9,True,True,True,True,2,0.018505499019833893
2021-04-20,2825.0,2873.0,2620.0,2643.25,669317,2544.284482764761,2458.905832525881,57.50383532361718,130.68922676790345,2804.0,240390.05,True,False,True,True,2,-0.05732881597717543
2021-04-22,2616.85009765625,2718.949951171875,2607.050048828125,2660.550048828125,616141,2555.3573938184145,2466.8134488514593,58.385291042974195,129.3471321661782,2873.0,263616.0,True,False,True,True,2,-0.07394707663483291
2021-04-23,2700.0,2739.949951171875,2642.39990234375,2658.25,325225,2565.156689645232,2474.3207645827742,58.21241262757222,127.07591192774584,2873.0,282794.0,True,False,True,True,2,-0.07474765053950572
2021-04-26,2674.0,2699.0,2645.0,2651.300048828125,202832,2573.360819091222,2481.261128670827,57.65686952064274,121.85620393290685,2873.0,292779.55,True,False,True,False,1,-0.07716670768251832
2021-04-27,2664.89990234375,2672.85009765625,2637.14990234375,2650.050048828125,185405,2580.664555256641,2487.8803020103287,57.55048850761487,115.70220331716351,2873.0,298827.2,True,False,True,False,1,-0.07760179295923253
2021-04-28,2663.0,2685.0,2605.0,2669.60009765625,215493,2589.1346069137467,2495.0065685062473,58.829920726457225,113.15204593736611,2873.0,302355.5,True,False,True,False,1,-0.07079704223590322
2021-04-29,2678.949951171875,2682.85009765625,2645.199951171875,2651.050048828125,103622,2595.031315667497,2501.1259206757327,57.0721952083105,107.75905311929533,2873.0,304780.9,True,False,True,False,1,-0.07725372473786107
2021-04-30,2651.0,2818.300048828125,2629.0,2781.550048828125,512911,2612.795004539938,2512.1229453091596,64.99580421162891,113.58340995564032,2873.0,307225.85,True,False,True,True,2,-0.03183082184889485
2021-05-03,2805.14990234375,2836.0,2720.0,2743.699951171875,148728,2625.2621423144083,2521.204396519462,61.45283440578768,113.75602353023746,2873.0,323678.25,True,False,True,False,1,-0.045005238018839155
2021-05-04,2765.0,2778.0,2632.300048828125,2648.449951171875,181889,2627.4705050627385,2526.194418270537,53.5429983787474,116.03773264749728,2873.0,326472.4,True,False,True,False,1,-0.078158736104464
2021-05-05,2679.800048828125,2684.550048828125,2595.0,2609.300048828125,372851,2625.739985421347,2529.4534626061286,50.65687848347151,114.14575523182783,2873.0,327142.0,True,False,True,True,2,-0.09178557298011658
2021-05-06,2650.0,2719.449951171875,2616.199951171875,2634.25,288778,2626.550463000266,2533.563130739222,52.4171741173953,113.8603371683937,2873.0,339010.7,True,False,True,False,1,-0.0831012878524191
2021-05-07,2685.0,2688.0,2640.300048828125,2647.050048828125,247203,2628.5028045076815,2538.0135981152575,53.33690162018813,109.56674165636558,2873.0,350335.3,True,False,True,False,1,-0.07864599762334668
2021-05-10,2675.0,2865.89990234375,2641.14990234375,2790.050048828125,843513,2643.888256347724,2547.8973804961543,62.14103764584202,117.79411725233948,2873.0,356332.15,True,False,True,True,2,-0.028872241967238033
2021-05-11,2788.0,2885.0,2757.800048828125,2867.35009765625,336850,2665.1703364723458,2560.4249380318442,65.887762432969,118.4659625323063,2873.0,394931.3,True,False,True,False,1,-0.001966551459711141
2021-05-12,2895.0,2983.0,2833.0,2860.39990234375,359962,2683.7636284600985,2572.188662122507,65.262376803328,120.7183937799987,2885.0,401650.55,True,False,True,False,1,-0.008526896934575423
2021-05-14,2875.0,2928.0,2750.0,2865.199951171875,225403,2701.043278242172,2583.679300908757,65.50588939318956,124.80993708142736,2983.0,385790.8,True,False,True,False,1,-0.03949046222867081
2021-05-17,2948.0,2950.0,2770.0,2793.199951171875,185252,2709.820104235477,2591.8957969975067,58.84265481471436,128.75208443275397,2983.0,365404.4,True,False,True,False,1,-0.06362723728733655
2021-05-18,2910.0,3136.449951171875,2860.199951171875,3062.550048828125,1563292,2743.41343229192,2610.35282648106,70.80629406002527,144.0733641161287,2983.0,362898.45,True,True,True,True,2,0.02666780047875461
2021-05-19,3050.0,3514.85009765625,3013.10009765625,3341.449951171875,1570144,2800.369291232868,2639.0233019591315,77.95269494690667,169.62169525069095,3136.449951171875,420866.6,True,True,True,True,2,0.06536052007570081
2021-05-20,3303.0,3460.89990234375,3132.25,3159.300048828125,1014564,2834.553172908607,2659.4263116402685,66.50275864683378,180.98085290019515,3514.85009765625,457740.55,True,False,True,True,2,-0.10115653269685976
2021-05-21,3190.0,3297.0,3146.050048828125,3169.199951171875,400361,2866.424294647966,2679.417434759155,66.78828740647228,178.83578849102943,3514.85009765625,475002.9,True,False,True,False,1,-0.09833993965058685
2021-05-24,3208.0,3230.0,3102.0,3135.10009765625,287502,2892.0124663630404,2697.2873431080607,64.74123901603423,175.20466074167018,3514.85009765625,464213.9,True,False,True,False,1,-0.10804159194533569
2021-05-25,3150.0,3290.0,3115.0,3274.64990234375,551124,2928.454126932632,2719.9290120976952,68.9371860740869,175.19004211726516,3514.85009765625,462327.75,True,False,True,True,2,-0.0683386740938593
2021-05-26,3303.0,3363.0,3240.0,3258.60009765625,283373,2959.896600334881,2741.0533683941094,67.93583339831841,171.46218196603195,3514.85009765625,479742.35,True,False,True,False,1,-0.07290495835679334
2021-05-27,3260.0,3298.699951171875,3191.35009765625,3282.699951171875,254290,2990.639776605071,2762.2944108559827,68.67170096288442,166.88272993386002,3514.85009765625,484640.75,True,False,True,False,1,-0.06604837760767546
2021-05-28,3288.0,3298.800048828125,3150.0,3224.35009765625,522591,3012.897902419469,2780.414241710895,64.79441925285923,165.59110985487894,3514.85009765625,486580.6,True,False,True,True,2,-0.08264932840057937
2021-05-31,3200.0,3211.75,3136.0,3153.85009765625,296581,3026.3219210134484,2795.0587850813013,60.36003745815752,160.07389469783402,3514.85009765625,507529.05,True,False,True,False,1,-0.1027070827972777
2021-06-01,3155.0,3198.14990234375,3031.0,3080.25,374190,3031.457928535977,2806.2427542937994,56.04756635766244,160.57932381539945,3514.85009765625,496712.55,True,False,True,False,1,-0.1236468371570234
2021-06-02,3079.75,3173.75,3078.0,3160.10009765625,193259,3043.7095636902886,2820.1195128570325,59.43384209090754,155.94865782858523,3514.85009765625,507985.65,True,False,True,False,1,-0.10092891308125829
2021-06-03,3188.550048828125,3201.449951171875,3169.0,3180.550048828125,124328,3056.741990846273,2834.2540436794284,60.277901627692316,147.76302894908807,3514.85009765625,508554.15,True,False,True,False,1,-0.09511075566239391
2021-06-04,3196.5,3196.5,3112.85009765625,3134.14990234375,134920,3064.114172893652,2846.014665587833,57.36153750114792,143.18351990584966,3514.85009765625,496128.0,True,False,True,False,1,-0.10831192930997424
2021-06-07,3132.0,3190.0,3113.0,3118.60009765625,120754,3069.3033085853276,2856.7042903748297,56.37712567517474,138.4561256268604,3514.85009765625,488435.1,True,False,True,False,1,-0.1127359599956268
2021-06-08,3119.949951171875,3183.10009765625,3080.199951171875,3126.5,175524,3074.7506125295818,2867.284514281699,56.78290792695537,135.9164128309686,3514.85009765625,482112.65,True,False,True,False,1,-0.11048838125848015
2021-06-09,3147.0,3163.0,3091.35009765625,3105.10009765625,107431,3077.641039684502,2876.610615590505,55.28272921872614,131.32594779616727,3514.85009765625,448713.2,True,False,True,False,1,-0.11657680658222858
2021-06-10,3117.14990234375,3165.0,3094.699951171875,3154.25,133571,3084.937131143121,2887.4984345869557,58.02560040087516,126.9669550127357,3514.85009765625,437242.25,True,False,True,False,1,-0.10259330771935427
2021-06-11,3164.89990234375,3164.89990234375,3113.300048828125,3147.949951171875,110521,3090.9383520982406,2897.7122195510706,57.538415344480526,121.58359062008493,3514.85009765625,425922.7,True,False,True,False,1,-0.1043857166850527
2021-06-14,3147.949951171875,3189.75,3113.300048828125,3159.199951171875,220080,3097.43945677192,2907.9666403989454,58.21311059007094,118.35975923092708,3514.85009765625,420178.6,True,False,True,False,1,-0.10118501119621781
2021-06-15,3150.0,3161.89990234375,3131.39990234375,3146.449951171875,101956,3102.1071229052495,2917.3189270959233,57.105638502028675,112.08406214300372,3514.85009765625,421920.0,True,False,True,False,1,-0.10481247741689725
2021-06-16,3150.0,3164.60009765625,3124.0,3141.800048828125,159991,3105.887401564571,2926.1221083403234,56.68211611744041,106.97806467966417,3514.85009765625,348853.2,True,False,True,False,1,-0.10613540790171394
2021-06-17,3149.949951171875,3238.35009765625,3075.0,3099.050048828125,551490,3105.236225113481,2932.90359620259,52.80466243689944,111.00463846370602,3460.89990234375,278345.55,True,False,True,True,2,-0.10455368942354482
2021-06-18,3113.0,3168.800048828125,3021.89990234375,3073.550048828125,303950,3102.2184940386855,2938.4191433643755,50.5819421744342,113.56860332232523,3363.0,255191.85,True,False,True,True,2,-0.08606897150516657
2021-06-21,3050.0,3087.0,3013.550048828125,3068.800048828125,63730,3099.035784971013,2943.5321200492285,50.158402259988215,110.7029853115788,3363.0,250371.3,True,False,True,False,1,-0.0874814008836976
2021-06-22,3089.0,3200.0,3066.199951171875,3183.14990234375,501290,3107.0466532922264,2952.9288958254842,59.04831177059857,112.35277556276067,3363.0,239182.7,True,False,True,True,2,-0.05347906561292004
2021-06-23,3189.0,3219.800048828125,3150.10009765625,3183.550048828125,150624,3114.332690962312,2961.9728626099018,59.07581941828418,109.30614524912598,3363.0,236691.0,True,False,True,False,1,-0.053360080633920615
2021-06-24,3180.0,3184.75,3126.699951171875,3153.89990234375,124243,3118.1009968081635,2969.4994131876997,56.07038206621117,105.64499550476877,3298.800048828125,230053.55,True,False,True,False,1,-0.043925107414694575
2021-06-25,3150.0,3220.0,3121.550048828125,3190.35009765625,129711,3124.9818635556003,2978.1602243433294,58.84245759758953,105.13106376670493,3298.800048828125,223551.2,True,False,True,False,1,-0.03287557583564393
2021-06-28,3204.699951171875,3277.0,3171.25,3252.5,149743,3137.1264479788765,2988.918646918101,63.116201976876646,105.17527349765459,3238.35009765625,203907.2,True,True,True,False,1,0.004369478875675181
2021-06-29,3252.5,3477.0,3225.0,3398.10009765625,893668,3161.9810812814835,3004.964978319597,70.77302872175233,115.66275396210783,3277.0,196565.3,True,True,True,True,2,0.036954561384269224
2021-06-30,3430.0,3555.0,3401.35009765625,3424.300048828125,456848,3186.963840095449,3021.409490888559,71.90332328472186,118.60826456079656,3477.0,222539.2,True,False,True,True,2,-0.01515673027663933
2021-07-01,3433.0,3433.0,3350.550048828125,3367.14990234375,83354,3204.12441745243,3034.967938396606,65.91514670851407,116.02552789015931,3555.0,235718.65,True,False,True,False,1,-0.05284109638713075
2021-07-02,3389.89990234375,3489.800048828125,3340.0,3462.60009765625,282729,3228.741148900413,3051.737826995023,70.35564579765223,118.43799367144257,3555.0,233669.95,True,False,True,True,2,-0.025991533711322123
2021-07-05,3494.699951171875,3548.0,3440.050048828125,3488.5,207082,3253.480087100374,3068.86575534816,71.44280197498117,117.68884777861632,3555.0,241060.4,True,False,True,False,1,-0.01870604781997187
2021-07-06,3509.0,3536.0,3375.5,3402.0,122449,3267.6248407098624,3081.929843373722,63.11745932049232,120.74678722300087,3555.0,245376.8,True,False,True,False,1,-0.04303797468354431
2021-07-07,3424.89990234375,3560.0,3412.449951171875,3500.199951171875,257534,3289.774851230054,3098.3325926991397,67.71684155554087,123.40773099278653,3555.0,242723.05,True,False,True,True,2,-0.015414922314521795
2021-07-08,3505.0,3598.10009765625,3481.5,3539.85009765625,152828,3313.591541365882,3115.647004658242,69.37734478869505,122.92147146874821,3560.0,250228.2,True,False,True,False,1,-0.005660084928019615
2021-07-09,3557.5,3678.050048828125,3550.0,3635.449951171875,341182,3344.244723252167,3136.0314339332867,72.98529877903724,124.01279144754298,3598.10009765625,251191.05,True,True,True,True,2,0.010380437592593328
2021-07-12,3668.199951171875,3690.0,3562.0,3599.300048828125,210900,3368.5357066403535,3154.19883059583,69.64384490256168,124.29759205843277,3678.050048828125,262724.1,True,False,True,False,1,-0.021410801635255328
2021-07-13,3600.0,3704.949951171875,3600.0,3683.800048828125,274013,3398.560882086808,3174.967505820626,72.78080906020897,122.96561422166971,3690.0,262265.1,True,False,True,True,2,-0.0016802035696138473
2021-07-14,3689.0,3869.0,3651.0,3830.85009765625,470853,3439.7312835696116,3200.688391774964,77.19700073079238,129.7537846344076,3704.949951171875,270867.95,True,True,True,True,2,0.03398160518863502
2021-07-15,3880.0,3908.0,3721.050048828125,3742.60009765625,197863,3468.575932530244,3221.9398312212893,69.87043617024476,133.83922510136955,3869.0,286411.05,True,False,True,False,1,-0.03266991531241925
2021-07-16,3790.0,3999.89990234375,3775.10009765625,3956.800048828125,368699,3515.073467415756,3250.757878970577,75.85924156080256,142.6578379289503,3908.0,268729.7,True,True,True,True,2,0.012487218226234553
2021-07-19,3877.0,3956.0,3835.0,3858.60009765625,205320,3547.7902893434225,3274.5948287229567,69.0800687497703,141.16799585031993,3999.89990234375,271967.15,True,False,True,False,1,-0.035325835180201604
2021-07-20,3899.75,3899.75,3761.949951171875,3794.85009765625,155329,3571.319794897025,3294.9969961321053,65.01792828942231,140.92742820587745,3999.89990234375,279046.65,True,False,True,False,1,-0.051263734016781415
2021-07-22,3960.0,4168.0,3862.25,4146.7001953125,1960695,3626.1179282699277,3328.39712159016,74.07801880580938,157.51474778715405,3999.89990234375,261748.6,True,True,True,True,2,0.03670099166299945
2021-07-23,4150.0,4172.0,3941.89990234375,4016.85009765625,727749,3663.3305158305297,3355.3952775143207,67.16454421727187,162.69941563494663,4168.0,352252.15,True,False,True,True,2,-0.03626437196347165
2021-07-26,4012.0,4080.0,3963.25,4019.25,202117,3697.2276095609554,3381.4287960431707,67.22542497566764,159.41731451816474,4172.0,382427.45,True,False,True,False,1,-0.036613135186960744
2021-07-27,4070.0,4078.0,3834.050048828125,3864.89990234375,423372,3713.196399349793,3400.3884472706445,59.574788977568986,165.45535999342977,4172.0,386047.75,True,False,True,True,2,-0.07360980288980101
2021-07-28,3920.0,3938.85009765625,3778.0,3910.050048828125,523764,3731.944365966777,3420.375176743487,60.97391211901086,165.1264126836312,4172.0,399729.2,True,False,True,True,2,-0.06278762012748684
2021-07-29,3915.0,4070.0,3876.0,3999.300048828125,180714,3757.406811953572,3443.078112903669,63.65196027856794,167.18881177765755,4172.0,381234.0,True,False,True,False,1,-0.04139500267782237
2021-07-30,4022.0,4050.0,3800.25,3930.449951171875,178028,3773.887110926744,3462.190734012226,60.21893161269103,173.0860395078249,4172.0,367427.3,True,False,True,False,1,-0.05789790240367332
2021-08-02,3958.89990234375,4011.0,3880.0,3948.800048828125,229022,3790.545485964971,3481.2734522403007,60.82537325687354,170.07989382869457,4172.0,372161.0,True,False,True,False,1,-0.05349950890984545
2021-08-03,3950.0,3989.10009765625,3922.14990234375,3952.199951171875,136482,3805.941149318009,3499.7411580807548,60.944171815604825,162.71348679182353,4172.0,369475.65,True,False,True,False,1,-0.052684575462158434
2021-08-04,3978.0,4010.0,3915.39990234375,3943.449951171875,208411,3819.037225685044,3517.1415029078576,60.43621144648172,157.84824471071113,4172.0,365945.65,True,False,True,False,1,-0.05478189089840002
2021-08-05,3938.949951171875,4092.0,3899.85009765625,4052.60009765625,411480,3841.281308729921,3538.1398791725005,64.42006820597206,160.29836311307108,4172.0,370243.75,True,False,True,True,2,-0.028619343802432917
2021-08-06,4063.0,4069.0,3962.0,3990.25,184300,3855.4688031365954,3555.8696878324026,60.662363339725594,156.49133717642314,4172.0,377941.05,True,False,True,False,1,-0.04356423777564722
2021-08-09,4009.0,4063.0,3997.300048828125,4047.550048828125,132206,3873.7622551072172,3575.151270616549,62.809389480091276,150.50981309239293,4172.0,379514.65,True,False,True,False,1,-0.029829806129404335
2021-08-10,4041.0,4244.7998046875,4040.949951171875,4200.35009765625,514610,3904.865859159506,3599.6688716769295,67.84879699563962,154.31981597976664,4172.0,369065.85,True,True,True,True,2,0.0067953254209611735
2021-08-11,4268.0,4268.0,4120.0,4150.14990234375,372792,3928.226244224672,3621.2563630756285,64.74482475627381,153.86840055264048,4244.7998046875,384251.35,True,False,True,False,1,-0.02229784835535209
2021-08-12,4154.89990234375,4350.0,4092.14990234375,4316.25,446729,3965.180887631846,3648.5110155040356,69.68637010210091,161.29566463146972,4268.0,389190.3,True,True,True,True,2,0.011305060918463061
2021-08-13,4302.0,4330.0,4233.35009765625,4287.2001953125,274211,3995.8493931252415,3673.5576500063285,67.89399346725344,156.6781101823469,4350.0,387984.1,True,False,True,False,1,-0.014436736709770082
2021-08-16,4252.0,4300.0,4096.0,4117.0498046875,191993,4007.3922894645043,3690.949499209512,58.41653967654539,160.05824516932213,4350.0,391801.5,True,False,True,False,1,-0.05355176903735637
2021-08-17,4119.0,4194.0,4050.0,4113.2998046875,202098,4017.4787194857417,3707.51225628708,58.22363505250941,158.9112276572277,4350.0,382966.2,True,False,True,False,1,-0.05441383800287358
2021-08-18,4150.0,4160.0,4060.0,4071.35009765625,78073,4022.609326930552,3721.7804069290087,55.995989542517755,154.7032828245686,4350.0,382805.1,True,False,True,False,1,-0.06405744881465514
2021-08-20,4055.0,4057.300048828125,3930.0,3959.10009765625,119703,4016.560828904428,3731.0870614673318,50.4353596653078,153.74948388397442,4350.0,378942.3,True,False,True,False,1,-0.08986204651580465
2021-08-23,4088.0,4088.0,3800.0,3871.25,310148,4002.7217023421017,3736.5836472921424,46.54011203701736,163.33880646369056,4350.0,286892.7,True,False,False,True,1,-0.11005747126436782
2021-08-24,3870.0,3919.35009765625,3762.0,3813.300048828125,272244,3984.6815448645802,3739.5921336268866,44.11949549747239,162.91104154887338,4350.0,266012.65,True,False,False,True,1,-0.12337929911997125
2021-08-25,3830.0,3883.449951171875,3811.0,3846.199951171875,472921,3971.492821655751,3743.772832354141,45.8417195745152,156.4495350933735,4350.0,269519.0,True,False,False,True,1,-0.11581610317887936
2021-08-26,3858.60009765625,3920.35009765625,3841.0,3876.449951171875,454556,3962.4411197049053,3748.975856621503,47.445535088763066,150.94243241929325,4350.0,271996.45,True,False,False,True,1,-0.10886208019037358
2021-08-27,3920.0,3945.0,3870.10009765625,3930.25,116858,3959.375298780629,3756.0846465579148,50.266394629016986,145.51082312818303,4350.0,268536.05,True,False,True,False,1,-0.09649425287356317
2021-08-30,3870.0,3913.0,3870.0,3880.949951171875,328430,3951.9062180559854,3760.981325170227,47.73777569470732,139.4207643333128,4350.0,265343.25,True,False,False,True,1,-0.10782759743175285
2021-08-31,3903.85009765625,3950.0,3880.0,3893.89990234375,88600,3946.3818070357725,3766.193818392718,48.47104324098636,134.46213830950475,4350.0,272863.35,True,False,False,False,0,-0.10485059716235634
2021-09-01,3900.0,3942.0,3863.25,3900.699951171875,205342,3942.0311540963535,3771.468568697783,48.876666010951325,130.48269985882584,4350.0,265842.25,True,False,False,False,0,-0.10328736754669543
2021-09-02,3939.85009765625,3940.0,3877.050048828125,3901.550048828125,111814,3938.1758107374744,3776.5698032126984,48.930787732996464,125.65893209547221,4350.0,269285.25,True,False,False,False,0,-0.10309194279813216
2021-09-03,3919.0,4023.0,3872.800048828125,3989.0,681341,3943.0162097148577,3784.9003991651416,54.29152591887213,127.41186202950098,4350.0,264455.4,True,False,True,True,2,-0.08298850574712646
2021-09-06,4045.0,4050.0,3951.89990234375,3989.64990234375,259485,3947.4575137747524,3792.9297914466556,54.329894052367756,125.31816457426878,4350.0,277948.45,True,False,True,False,1,-0.08283910290948271
2021-09-07,4020.0,4020.0,3936.0,3986.699951171875,145359,3951.1948887649546,3800.5286212398014,54.10787724502606,122.36686710467815,4350.0,281707.7,True,False,True,False,1,-0.08351725260416665
2021-09-08,3986.699951171875,4008.0,3938.050048828125,3949.5,103435,3951.03347078734,3806.370636093143,51.26300181613201,118.6228016809065,4350.0,282365.35,True,False,True,False,1,-0.09206896551724142
2021-09-09,3940.0,3954.0,3865.0,3878.449951171875,138625,3944.120754633486,3809.197275900152,46.26016195633759,116.50688727512748,4350.0,261806.6,True,False,False,False,0,-0.108402310075431
2021-09-13,3878.449951171875,3896.0,3760.0,3810.0,305920,3931.3473494302966,3809.2287552766165,42.00685985244509,117.89925246976124,4350.0,250098.25,True,False,False,True,1,-0.12413793103448278
2021-09-14,3821.0,3863.35009765625,3795.050048828125,3812.35009765625,179020,3920.0142778327686,3809.351160860132,42.203340269745226,114.35645220964436,4330.0,243057.8,True,False,False,False,0,-0.11954963102627025
2021-09-15,3810.0,4031.0,3806.25,4018.300048828125,562912,3929.374827451374,3817.5452348980925,56.206175724508164,122.2417056232412,4300.0,238298.25,True,False,True,True,2,-0.06551161655159887
2021-09-16,4036.89990234375,4119.7998046875,3958.0,4043.25,225926,3940.2200819798145,3826.396402156991,57.54802529830269,125.06728412783112,4194.0,256844.2,True,False,True,False,1,-0.03594420600858372
2021-09-17,4049.699951171875,4179.64990234375,3900.0,3962.89990234375,266974,3942.380064871618,3831.749480595687,52.020084230083874,136.10889971468248,4160.0,258035.6,True,False,True,True,2,-0.04737983116736777
2021-09-20,3948.0,3948.0,3869.0,3899.699951171875,90582,3938.315292138309,3834.4142049320085,48.105857684063295,133.09397133104446,4179.64990234375,267480.65,True,False,False,False,0,-0.06697928240709639
2021-09-21,3901.14990234375,3936.85009765625,3769.550048828125,3864.85009765625,102715,3931.3186069495414,3835.607769352567,46.04827557148783,135.53726258083594,4179.64990234375,266024.6,True,False,False,False,0,-0.07531726628849345
2021-09-22,3900.10009765625,3933.0,3863.050048828125,3877.14990234375,39787,3926.159682701371,3837.2368726071236,46.91133941604463,130.852454623053,4179.64990234375,255652.95,True,False,False,False,0,-0.07237448280784764
2021-09-23,3938.0,3957.0,3867.5,3905.25,91881,3924.1682843488597,3839.904054073511,48.92167490080249,127.8987078642635,4179.64990234375,244030.1,True,False,False,False,0,-0.06565140831290184
2021-09-24,3930.0,3937.60009765625,3832.0,3844.050048828125,63278,3916.537976204028,3840.0666421031037,44.93104696470664,126.30594999226254,4179.64990234375,224978.1,True,False,False,False,0,-0.08029377133415805
2021-09-27,3900.0,3900.0,3822.10009765625,3846.14990234375,53962,3909.8343501220966,3840.305201328227,45.09653335981488,122.84837516022594,4179.64990234375,205414.2,True,False,False,False,0,-0.07979137195509822
2021-09-28,3880.0,3885.0,3649.5,3677.60009765625,219342,3887.7168022682063,3833.9246090273655,35.79759679430306,130.89491979163836,4179.64990234375,202269.4,True,False,False,True,1,-0.12011766928277279
2021-09-29,3677.60009765625,3765.199951171875,3604.300048828125,3714.75,203786,3871.243773480758,3829.251094947861,38.793329025002734,133.0381328310749,4179.64990234375,196815.0,True,False,False,True,1,-0.11122938839519936
2021-09-30,3677.64990234375,3760.050048828125,3672.0,3719.89990234375,168438,3856.83007146771,3824.9628128849545,39.21673959902423,129.82469825943562,4179.64990234375,202574.3,True,False,False,False,0,-0.10999725114349745
2021-10-01,3724.0,3763.949951171875,3704.0,3727.60009765625,64900,3844.5224549142376,3821.1446671897115,39.88635195021561,124.83364489603844,4179.64990234375,200729.1,True,False,False,False,0,-0.1081549448517235
2021-10-04,3760.0,3930.0,3705.050048828125,3878.25,216740,3847.7346020652626,3823.3840920058014,51.21075585218488,131.98480963002677,4179.64990234375,198383.4,True,False,True,True,2,-0.07211127950566842
2021-10-05,3884.0,4050.0,3851.699951171875,4030.550048828125,302291,3865.145596995059,3831.5082471753044,59.51424116251801,136.72161242989094,4179.64990234375,175153.35,True,False,True,True,2,-0.035672809206344525
2021-10-06,4033.0,4072.0,3880.0,3897.39990234375,134071,3868.217435599696,3834.092233652498,51.294903240429974,140.67006868489872,4179.64990234375,177293.65,True,False,True,False,1,-0.06752957941327276
2021-10-07,3929.0,3973.85009765625,3861.25,3882.60009765625,121557,3869.587212938415,3835.994502829116,50.460706891870004,138.66507075428098,4179.64990234375,176729.25,True,False,True,False,1,-0.07107049911547103
2021-10-08,3904.89990234375,3905.60009765625,3823.60009765625,3850.0,80001,3867.721764087137,3836.543738012288,48.58633480356134,134.61756570040376,4179.64990234375,177635.35,True,False,False,False,0,-0.0788702188092113
2021-10-11,3889.699951171875,3924.60009765625,3786.050048828125,3809.60009765625,127777,3862.1863672841955,3835.4871246649923,46.29150804615194,134.89845735238384,4179.64990234375,174704.15,True,False,False,False,0,-0.08853607678480291
2021-10-12,3838.75,3850.0,3780.0,3789.14990234375,71424,3855.2305134803437,3833.6699786916106,45.12952874128784,130.262853255785,4179.64990234375,165797.0,True,False,False,False,0,-0.09342887780649434
2021-10-13,3799.89990234375,3811.85009765625,3737.0,3779.39990234375,122941,3848.0085505149536,3831.5417404034592,44.55529562791226,126.30479928438963,4179.64990234375,160417.2,True,False,False,False,0,-0.09576160907054887
2021-10-14,3801.949951171875,3819.89990234375,3765.0,3780.5,93229,3841.5791647516244,3829.5401035248924,44.64088658199439,121.20444950291537,4179.64990234375,138418.65,True,False,False,False,0,-0.09549840576836965
2021-10-18,3809.89990234375,3819.949951171875,3733.699951171875,3749.199951171875,86911,3832.7811444106956,3826.3895093149704,42.62471387653638,118.70770310984999,4179.64990234375,131783.8,True,False,False,False,0,-0.1029870829445545
2021-10-19,3709.199951171875,3808.75,3703.10009765625,3737.300048828125,76696,3823.6877067361647,3822.8958049821526,41.85081904307651,117.77500305512856,4072.0,122780.65,True,False,False,False,0,-0.08219546934476296
2021-10-20,3737.0,3737.0,3511.35009765625,3543.10009765625,201532,3796.965077299982,3811.9234243027054,31.727079387598806,125.5017850634676,4072.0,122086.35,False,False,False,True,1,-0.1298870094164416
2021-10-21,3580.0,3720.0,3335.449951171875,3621.949951171875,487252,3780.2969700496865,3804.4734841799277,38.25772465675831,144.00523247522884,4072.0,127027.2,False,False,False,True,1,-0.11052309647056113
2021-10-22,3608.89990234375,3725.0,3580.64990234375,3693.949951171875,192338,3772.073444442276,3800.1392279835336,43.56612617286646,144.02986570244465,4072.0,149400.45,False,False,False,True,1,-0.09284136759040396
2021-10-25,3680.0,3752.0,3312.14990234375,3726.39990234375,997538,3767.723583290035,3797.24748972315,45.82676978243343,165.15988227057363,4072.0,154423.3,False,False,False,True,1,-0.08487232260713407
2021-10-26,3755.0,3780.0,3512.5,3560.300048828125,372705,3747.9689609603292,3787.955433217463,37.53779400897752,172.46989067981838,4072.0,201136.3,False,False,False,True,1,-0.12566305284181611
2021-10-27,3590.0,3613.199951171875,3488.0,3521.949951171875,186998,3726.4433409804765,3777.5238456862635,35.92222055870572,169.09346642925098,4072.0,217073.45,False,False,False,False,0,-0.13508105324855724
2021-10-28,3530.0,3644.949951171875,3465.550048828125,3593.39990234375,141206,3713.7725373007884,3770.303298888518,41.01569976762098,169.82964042314376,4072.0,215456.25,False,False,False,False,0,-0.11753440512186886
2021-10-29,3599.85009765625,3749.0,3552.949951171875,3700.199951171875,254944,3712.4799100504156,3767.554147997669,47.706922465151955,171.70252673778526,4072.0,212327.25,False,False,False,True,1,-0.09130649529177925
2021-11-01,3700.0,3725.0,3643.5,3681.64990234375,227937,3709.543718840257,3764.1853540504567,46.71565738630404,165.25948911365776,4072.0,216652.55,False,False,False,True,1,-0.09586200826528735
2021-11-02,3651.0,3709.0,3651.0,3698.449951171875,47493,3708.4871695385064,3761.6074951140417,47.774045518400506,157.5980970341108,4072.0,224804.4,False,False,False,False,0,-0.0917362595353941
2021-11-03,3700.0,3718.39990234375,3669.050048828125,3699.75,92491,3707.6550581538863,3759.1817109919225,47.8603527609287,149.86607963993325,4072.0,216342.05,False,False,False,False,0,-0.09141699410609039
2021-11-04,3725.0,3730.0,3650.0,3676.050048828125,9741,3704.6450572657186,3755.9216458090286,46.356370374850066,144.87564537993802,4072.0,205852.05,False,False,False,False,0,-0.09723721787128559
2021-11-08,3639.75,3690.0,3609.89990234375,3657.0,118570,3700.1074327642214,3752.0423655812237,45.128779178636634,140.24882054253175,3973.85009765625,199635.55,False,False,False,False,0,-0.07973378206770454
2021-11-09,3719.89990234375,3719.89990234375,3591.050048828125,3624.25,194358,3692.882915358105,3747.030900264313,43.019613295416285,139.4346086120384,3924.60009765625,199486.2,False,False,False,False,0,-0.07653011521750142
2021-11-10,3599.0,3614.449951171875,3564.050048828125,3601.35009765625,95213,3684.1655041484046,3741.3179276130168,41.55706885971565,133.7749902234553,3924.60009765625,205204.05,False,False,False,False,0,-0.0823650797422757
2021-11-11,3586.0,3598.0,3530.0,3551.14990234375,129447,3671.4973515955803,3733.8603579946143,38.46950712617433,129.31606932579777,3850.0,203575.85,False,False,False,False,0,-0.07762340198863638
2021-11-12,3552.0,3583.0,3425.0,3449.75,145918,3650.3785562055255,3722.718775328159,33.117198517062974,131.36492151681222,3819.949951171875,206477.0,False,False,False,False,0,-0.09691225170589102
2021-11-15,3459.85009765625,3680.0,3449.75,3627.75,406972,3648.223455614523,3718.9945096290157,47.045408242404555,138.4281414084685,3819.949951171875,207625.85,False,False,False,True,1,-0.050314782557010274
2021-11-16,3611.0,3615.25,3492.35009765625,3502.39990234375,115986,3634.3354981601638,3710.500603460966,40.62881697118058,138.21183861813145,3819.949951171875,223313.0,False,False,False,False,0,-0.08312937417693333
2021-11-17,3502.39990234375,3544.949951171875,3476.0,3491.199951171875,57343,3620.7035413041363,3701.900577881002,40.10251513876505,133.26456094339883,3808.75,224766.75,False,False,False,False,0,-0.08337382312520514
2021-11-18,3491.199951171875,3514.85009765625,3393.449951171875,3418.449951171875,94710,3601.441294624873,3690.784867029664,36.77053639386517,132.41710276775427,3780.0,223799.1,False,False,False,False,0,-0.09564816106564156
2021-11-22,3449.949951171875,3588.0,3355.0,3540.449951171875,345690,3595.632595248397,3684.88938013328,45.02034936800252,139.6015954272004,3780.0,218458.0,False,False,False,True,1,-0.06337302879050921
2021-11-23,3451.449951171875,3548.0,3442.0,3526.0,105354,3589.0009195104544,3678.658424049622,44.28336804444601,137.20148146811468,3780.0,211379.9,False,False,False,False,0,-0.06719576719576714
2021-11-24,3544.25,3565.550048828125,3441.0,3509.89990234375,221157,3581.467489304102,3672.0404428062548,43.43029308235412,136.2978077081154,3780.0,207030.7,False,False,False,True,1,-0.07145505229001325
2021-11-25,3509.949951171875,3556.0,3501.5,3548.550048828125,130067,3578.3324949730563,3667.197682258093,46.11396897659389,130.45510715753574,3780.0,168211.65,False,False,False,False,0,-0.06123014581266539
2021-11-26,3538.550048828125,3575.0,3476.199951171875,3504.85009765625,310470,3571.334171419075,3660.8311103129226,43.59568811848029,128.19403156257783,3749.0,156079.75,False,False,False,True,1,-0.06512400702687382
2021-11-29,3477.64990234375,3636.0,3425.0,3607.5,598989,3574.7785360458297,3658.73969422222,50.44187569631403,134.10874359382228,3749.0,162253.35,False,False,True,True,2,-0.037743398239530546
2021-11-30,3648.050048828125,3685.0,3533.85009765625,3585.35009765625,231762,3575.7853514372982,3655.8616708274762,49.05816360889461,135.32596921881714,3749.0,185142.5,False,False,False,True,1,-0.04365161438883702
2021-12-01,3610.0,3652.0,3575.050048828125,3620.60009765625,150808,3580.0534225057695,3654.4788640364477,51.34559794372935,131.15625364403556,3730.0,183983.4,False,False,True,False,1,-0.02932973253183646
2021-12-02,3645.0,3662.0,3571.050048828125,3636.39990234375,232241,3585.4197539189104,3653.7698851465384,52.37779082062507,128.2843748960241,3730.0,180126.95,False,False,True,True,2,-0.025093859961461074
2021-12-03,3644.0,3679.0,3521.10009765625,3649.300048828125,150780,3591.5035915293115,3653.594597447777,53.2498566543362,130.3997697137188,3730.0,189364.35,False,False,True,False,1,-0.021635375649296296
2021-12-06,3660.0,3660.39990234375,3539.949951171875,3560.75,95288,3588.5746780503296,3649.9536328419817,46.900933547384916,129.68906838930138,3730.0,192278.8,False,False,False,False,0,-0.0453753351206434
2021-12-07,3588.0,3588.0,3515.0,3556.25,137961,3585.4961372836315,3646.278980573669,46.59688223957805,125.639849218637,3719.89990234375,196556.15,False,False,False,False,0,-0.043993092997110295
2021-12-08,3569.949951171875,3587.10009765625,3505.0,3520.89990234375,212718,3579.3441149084047,3641.362153976417,44.174197813017415,122.52986696418078,3719.89990234375,197525.7,False,False,False,True,1,-0.05349606312648858
2021-12-09,3511.0,3610.75,3511.0,3578.75,145618,3579.2875325361756,3638.9067753891068,48.86014749940916,120.90273360959644,3685.0,198443.7,False,False,False,False,0,-0.028833107191316154
2021-12-10,3593.89990234375,3619.85009765625,3561.300048828125,3600.5,45382,3581.3077675327304,3637.4006273346317,50.5410682145141,116.44897041091991,3685.0,200963.95,False,False,True,False,1,-0.02293080054274088
2021-12-13,3610.0,3612.0,3515.550048828125,3554.199951171875,75632,3578.7260707364585,3634.137855720406,46.99955872568676,115.02046903670242,3685.0,196760.7,False,False,False,False,0,-0.035495264268147864
2021-12-14,3590.0,3647.800048828125,3560.050048828125,3634.699951171875,204683,3584.0569164922126,3634.1598986792874,53.146826357316236,113.49044250952724,3685.0,193246.4,False,False,True,True,2,-0.013649945407903652
2021-12-15,3616.0,3629.5,3525.0,3540.89990234375,53908,3579.9467246685495,3630.502643921031,46.39439715849623,113.21969312826637,3685.0,183131.95,False,False,False,False,0,-0.03910450411295796
2021-12-16,3560.0,3737.0,3492.0,3626.0,145498,3584.3327508905927,3630.326069649618,52.31391154868512,122.63257219053307,3685.0,180028.05,False,False,True,False,1,-0.01601085481682496
2021-12-17,3650.0,3669.0,3527.0,3649.699951171875,129045,3590.558198536429,3631.0858297093146,53.84260110811979,124.01595989120928,3737.0,184435.8,False,False,True,False,1,-0.023360997813252626
2021-12-20,3605.949951171875,3773.949951171875,3566.25,3642.35009765625,331375,3595.4907603573643,3631.5275657072334,53.27224705630328,129.99338783982827,3737.0,186152.55,False,False,True,True,2,-0.02532777691831678
2021-12-21,3654.75,3723.0,3610.0,3698.14990234375,145869,3605.2678214989246,3634.140206359646,56.99667213835753,128.7795744226977,3773.949951171875,185436.8,False,False,True,False,1,-0.02008506996882342
2021-12-22,3704.0,3765.14990234375,3668.449951171875,3751.050048828125,295437,3619.1518431493246,3638.724906064292,60.23274877337351,126.48817276192464,3773.949951171875,187462.55,False,False,True,True,2,-0.006067887131528948
2021-12-23,3789.0,3919.0,3777.0,3864.60009765625,640189,3642.5278673880794,3647.582756714957,66.12534574026034,129.4497283626354,3773.949951171875,191176.55,False,True,True,True,2,0.02401996519753169
2021-12-24,3865.0,3918.300048828125,3800.0,3893.85009765625,177571,3666.46331788981,3657.240299496969,67.46281665959494,128.65332268159895,3919.0,216682.65,True,False,True,False,1,-0.00641742851333249
2021-12-27,3874.89990234375,3910.0,3834.0,3895.64990234375,132071,3688.2906116473278,3666.589695687039,67.54772275039399,124.89237106148475,3919.0,210037.7,True,False,True,False,1,-0.005958177508611939
2021-12-28,3895.64990234375,3940.0,3858.75,3875.10009765625,106118,3706.081991267225,3674.7665741956353,65.44771741027157,121.77505884280727,3919.0,186691.8,True,False,True,False,1,-0.011201812284702739
2021-12-29,3875.0,3926.550048828125,3845.0,3901.89990234375,68440,3724.731316131656,3683.673763534777,66.89327220582712,118.90184384175853,3940.0,180409.6,True,False,True,False,1,-0.009670075547271617
2021-12-30,3898.699951171875,3961.0,3850.0,3873.60009765625,198060,3738.9092953244744,3691.1218550689528,63.855250173254724,118.33742642449008,3940.0,176291.2,True,False,True,True,2,-0.016852767092322307
2021-12-31,3873.0,3906.0,3831.0,3864.550048828125,89895,3750.875081372441,3697.922960706567,62.871879863434295,115.24189596559793,3961.0,174582.15,True,False,True,False,1,-0.02434989931125342
2022-01-03,3845.0,3894.25,3841.14990234375,3851.300048828125,67056,3760.4393639872683,3703.93774847604,61.38146434011328,110.8031960863588,3961.0,171537.9,True,False,True,False,1,-0.027695014181235766
2022-01-04,3867.0,3935.0,3863.14990234375,3885.550048828125,62410,3772.354667305445,3711.0597994702393,63.77215198646311,108.86725002103852,3961.0,170126.3,True,False,True,False,1,-0.01904820781920602
2022-01-05,3915.0,3991.0,3892.050048828125,3941.800048828125,189457,3788.4923226885576,3720.1084366999603,67.34729065992241,108.62315724609826,3961.0,166348.75,True,False,True,True,2,-0.004847248465507437
2022-01-06,3941.800048828125,4062.949951171875,3904.60009765625,3981.050048828125,400366,3806.8311537494687,3730.3414410971436,69.60154871732522,112.17506412249303,3991.0,165185.7,True,False,True,True,2,-0.0024930972618077973
2022-01-07,3954.0,3954.949951171875,3901.0,3914.85009765625,75598,3817.1186722167813,3737.577074687697,61.846219205868806,109.88042017289531,4062.949951171875,177923.1,True,False,True,False,1,-0.03645131131209445
2022-01-10,3915.0,3930.949951171875,3802.0,3862.39990234375,83636,3821.431170324112,3742.472087536954,56.47681981119624,111.2425295299653,4062.949951171875,179433.9,True,False,True,False,1,-0.04936069881202465
2022-01-11,3849.0,3907.0,3745.0,3766.050048828125,215939,3816.1567778006847,3743.3967134699415,48.19862186146503,114.86806313496777,4062.949951171875,179834.1,True,False,False,True,1,-0.07307495930588936
2022-01-12,3799.699951171875,3799.699951171875,3676.0,3714.300048828125,142022,3806.456136946155,3742.2556677977136,44.43157309999977,115.49891228046114,4062.949951171875,180396.9,True,False,False,False,0,-0.0858120101241191
2022-01-13,3715.050048828125,3775.10009765625,3715.050048828125,3749.800048828125,252742,3801.0603190301517,3742.5515258773376,47.464897690284964,111.59185060529428,4062.949951171875,184802.6,True,False,False,True,1,-0.0770745163261064
2022-01-14,3745.0,3760.0,3707.0,3723.85009765625,75581,3793.7069646135897,3741.8181365353344,45.50928144135458,107.40671841920184,4062.949951171875,190164.8,True,False,False,False,0,-0.08346148921126106
2022-01-17,3718.0,3725.64990234375,3686.0,3697.35009765625,176311,3784.530120141462,3740.0742918734095,43.536588479585674,102.56694584238386,4062.949951171875,187491.6,True,False,False,False,0,-0.08998384373653812
2022-01-18,3699.199951171875,3717.0,3660.0,3675.5,95323,3774.146299175608,3737.541966701903,41.922959653277225,99.3121639964993,4062.949951171875,179738.4,True,False,False,False,0,-0.09536173367336775
2022-01-19,3682.5,3698.199951171875,3604.25,3679.949951171875,115797,3765.1752184133475,3735.2834562889607,42.39125967135196,98.92914879474041,4062.949951171875,177211.1,True,False,False,False,0,-0.09426648238419266
2022-01-20,3679.949951171875,3679.949951171875,3610.0,3634.199951171875,113576,3752.701383437969,3731.3193972647614,38.91687284377078,96.8592061073929,4062.949951171875,168229.1,True,False,False,False,0,-0.10552677368726526
2022-01-21,3610.0,3636.050048828125,3555.0,3568.10009765625,140396,3735.120308601615,3724.918640417369,34.515302797329255,95.7299805874452,4062.949951171875,141898.45,True,False,False,False,0,-0.12179570495887981
2022-01-24,3545.0,3545.0,3246.0,3304.0,417558,3694.061231591937,3708.412027067668,23.216731872894727,111.89927466378839,4062.949951171875,140039.7,False,False,False,True,1,-0.18679776032017603
2022-01-25,3304.0,3429.949951171875,3270.0,3397.10009765625,322575,3665.7792188361573,3696.2037161103576,31.704094429879774,115.33146584293743,4062.949951171875,154314.05,False,False,False,True,1,-0.16388335114085617
2022-01-27,3390.0,3475.0,3242.14990234375,3379.25,293369,3638.4907218041426,3683.774158615834,30.99664405532053,123.7256538296026,4062.949951171875,165136.9,False,False,False,True,1,-0.16827673473424787
2022-01-28,3409.85009765625,3431.85009765625,3285.0,3321.949951171875,288308,3608.3439817439266,3669.5849740101885,28.776801237548895,125.37739981722028,4062.949951171875,176383.35,False,False,False,True,1,-0.18237980012189758
2022-01-31,3320.0,3450.0,3266.5,3428.14990234375,615917,3591.1826408486713,3660.1169319840537,37.68435856389114,129.52901411599026,4062.949951171875,180895.75,False,False,False,True,1,-0.15624116872151717
2022-02-01,3410.0,3534.0,3365.0,3512.949951171875,287792,3583.7319084985,3654.3456778345567,43.73538400739888,132.3483702505624,4062.949951171875,207196.85,False,False,False,True,1,-0.13536962222273097
2022-02-02,3520.0,3521.89990234375,3455.050048828125,3474.35009765625,110862,3573.314593180191,3647.287027631486,41.74817458419898,127.66990476949545,4062.949951171875,218233.65,False,False,False,False,0,-0.14487007238320904
2022-02-03,3491.0,3597.0,3439.60009765625,3579.5,148365,3573.9036795439824,3644.6287128224085,48.599657890159506,129.79347602479936,4062.949951171875,220656.25,False,False,False,False,0,-0.11898988591588078
2022-02-04,3598.0,3598.0,3500.0,3513.949951171875,77655,3568.193800651401,3639.5040555027795,45.04293086067786,127.52251345159941,4062.949951171875,218601.65,False,False,False,False,0,-0.13512349563687143
2022-02-07,3506.0,3541.199951171875,3414.199951171875,3483.14990234375,69246,3560.094381764958,3633.3725200847784,43.434454210643864,127.48519106219945,3954.949951171875,202466.1,False,False,False,False,0,-0.1192935573529389
2022-02-08,3476.85009765625,3500.0,3373.35009765625,3467.35009765625,85739,3551.2615928022237,3626.861836852287,42.594175553979234,127.4255275823102,3930.949951171875,202148.5,False,False,False,False,0,-0.11793583212053338
2022-02-09,3435.800048828125,3598.0,3435.800048828125,3533.800048828125,114116,3549.5985886142143,3623.2123549689863,47.21898979010291,129.90941498156482,3907.0,202253.65,False,False,False,False,0,-0.09552084749728051
2022-02-10,3549.0,3549.0,3430.0,3454.64990234375,193850,3540.5558565884558,3616.602062709173,42.796301667759096,129.1301710543102,3799.699951171875,197162.5,False,False,False,False,0,-0.09080981479121986
2022-02-11,3439.949951171875,3594.699951171875,3413.39990234375,3543.14990234375,200387,3540.8029085651506,3613.7215858320974,48.59404861413329,132.856590895297,3775.10009765625,199753.9,False,False,False,True,1,-0.06144213115209973
2022-02-14,3498.0,3575.0,3450.0,3507.5,481100,3537.631202987517,3609.556033446525,46.5474584695153,132.2954058313472,3760.0,197136.15,False,False,False,True,1,-0.06715425531914898
2022-02-15,3450.0,3489.75,3348.050048828125,3411.35009765625,215866,3525.604431051206,3601.783251650828,41.47405418138943,134.2350162128135,3725.64990234375,217412.1,False,False,False,False,0,-0.08436106798166376
2022-02-16,3439.949951171875,3452.39990234375,3362.0,3412.75,113057,3514.8563899987103,3594.370182958639,41.57390323403822,131.10393665073752,3717.0,219389.85,False,False,False,False,0,-0.08185364541296747
2022-02-17,3415.550048828125,3478.0,3369.949951171875,3383.199951171875,64700,3502.3176815390116,3586.0889973983735,40.02174265782656,129.45723037769378,3698.199951171875,220276.55,False,False,False,False,0,-0.08517657351117092
2022-02-18,3380.199951171875,3380.199951171875,3190.0,3217.5,389707,3475.192188059106,3571.6345269121625,32.658613042040926,134.01028186299243,3679.949951171875,217721.7,False,False,False,True,1,-0.12566745670674362
2022-02-21,3211.0,3279.35009765625,3120.0,3252.89990234375,246962,3454.021494181453,3559.1351298702643,35.39330457022048,135.82026870536797,3636.050048828125,231528.25,False,False,False,True,1,-0.1053753774945595
2022-02-22,3189.89990234375,3349.0,3163.699951171875,3246.10009765625,247161,3434.2194564171477,3546.8592462540287,35.09845981583828,139.3545387141363,3598.0,236856.55,False,False,False,True,1,-0.09780430860026401
2022-02-23,3280.0,3400.0,3270.39990234375,3356.10009765625,190246,3426.779517487538,3539.378495328626,43.32380128749611,140.39349325910874,3598.0,228336.7,False,False,False,False,0,-0.06723176830009725
2022-02-24,3279.60009765625,3330.0,3202.0,3296.14990234375,149508,3414.3386017595585,3529.8401191331404,40.32430438225779,141.3725364303331,3598.0,221720.25,False,False,False,False,0,-0.083893857047318
2022-02-25,3296.0,3381.0,3277.0,3316.050048828125,96835,3404.9777871946603,3521.4561948074534,41.7655959723176,138.70306954245217,3598.0,214527.2,False,False,False,False,0,-0.07836296586211089
2022-02-28,3312.0,3312.0,3219.5,3263.199951171875,148185,3391.475136144871,3511.3284989786075,39.06699557478539,135.6921394914288,3598.0,204953.55,False,False,False,False,0,-0.09305170895723314
2022-03-02,3203.39990234375,3263.199951171875,3203.10009765625,3231.050048828125,119259,3376.1965564004195,3500.3371872080006,37.48048263349553,130.29269049315712,3598.0,181566.95,False,False,False,False,0,-0.10198720154860341
2022-03-03,3237.35009765625,3274.0,3210.10009765625,3250.60009765625,63635,3364.2349889009747,3490.54357585303,39.10006596931406,125.55034848248519,3598.0,173140.3,False,False,False,False,0,-0.09655361376980265
2022-03-04,3185.60009765625,3303.199951171875,3185.0,3248.550048828125,102558,3353.217375560703,3481.0536336167593,38.986015369229264,125.02532010315589,3598.0,170778.95,False,False,False,False,0,-0.09712338831903145
2022-03-07,3210.0,3246.699951171875,3133.25,3199.75,113299,3338.6014350311125,3470.0221185729647,36.27362741452725,124.33065786922512,3598.0,168488.6,False,False,False,False,0,-0.11068649249583107
2022-03-08,3195.60009765625,3230.0,3129.800048828125,3189.550048828125,132275,3324.406064916542,3459.0232138770884,35.71432344141925,122.60703596227154,3598.0,170270.8,False,False,False,False,0,-0.11352138720730265
2022-03-09,3190.0,3320.14990234375,3160.10009765625,3299.60009765625,141355,3322.0435918441335,3452.7713269664673,45.481664155125934,125.281519442645,3598.0,173422.25,False,False,False,False,0,-0.08293493672700114
2022-03-10,3355.0,3381.10009765625,3310.0,3356.85009765625,151666,3325.3584971595733,3449.009710130773,49.75824652788264,122.15426805388465,3598.0,176203.05,False,False,False,False,0,-0.06702331916168702
2022-03-11,3340.0,3365.0,3307.449951171875,3329.39990234375,93725,3325.7433928913997,3444.319129433243,47.821245868550854,117.5396809663304,3594.699951171875,178080.55,False,False,False,False,0,-0.07380311359273173
2022-03-14,3340.0,3374.050048828125,3295.60009765625,3329.64990234375,52829,3326.115441410671,3439.822296998361,47.841160481699866,114.74755740958358,3594.699951171875,173074.3,False,False,False,False,0,-0.07373356675894982
2022-03-15,3333.0,3343.550048828125,3256.0,3271.300048828125,191043,3320.8949278313808,3433.2135813838418,43.65341007787017,112.80487822519368,3575.0,165696.4,False,False,False,True,1,-0.08495103529283221
2022-03-16,3304.449951171875,3349.89990234375,3282.14990234375,3303.25,89866,3319.2144585141064,3428.1169703491814,46.41910431438869,110.3616621745102,3489.75,151193.55,False,False,False,False,0,-0.05344222365498963
2022-03-17,3319.85009765625,3325.0,3285.0,3300.14990234375,80136,3317.3987864978817,3423.0986539568116,46.18223905335258,105.3358291620452,3478.0,144893.55,False,False,False,False,0,-0.05113573825654116
2022-03-21,3332.199951171875,3332.949951171875,3256.0,3282.64990234375,72209,3314.089368959393,3417.5908597759076,44.79273582198759,103.30826644846162,3478.0,143247.5,False,False,False,False,0,-0.056167365628594035
2022-03-22,3271.0,3296.0,3170.0,3199.85009765625,194024,3303.209438359094,3409.0520063594504,38.838536371500034,104.92910455928579,3400.0,143622.95,False,False,False,True,1,-0.05886761833639709
2022-03-23,3271.0,3309.949951171875,3190.0,3277.25,582350,3300.737110896323,3403.8833002277074,46.05702780104782,106.00202217447074,3400.0,133838.8,False,False,False,True,1,-0.036102941176470615
2022-03-24,3280.0,3291.949951171875,3204.0,3233.10009765625,352735,3294.295490587745,3397.185919734709,42.94358500597392,104.71258853142818,3400.0,150608.2,False,False,False,True,1,-0.04908820657169122
2022-03-25,3233.10009765625,3250.0,3185.0,3199.949951171875,501050,3285.310201119567,3389.4511758695,40.717865782597194,101.8759750648976,3400.0,155886.9,False,False,False,True,1,-0.05883824965533091
2022-03-28,3205.0,3265.449951171875,3180.0,3245.85009765625,198128,3281.5520960278222,3383.819761037608,44.97070833997026,100.70268764396741,3381.10009765625,171427.1,False,False,False,True,1,-0.040001773415035635
2022-03-29,3265.0,3301.89990234375,3250.050048828125,3282.89990234375,136057,3281.680458534101,3379.8621195202018,48.20094153226329,97.51319600421974,3381.10009765625,173858.1,False,False,False,False,0,-0.029043859239947234
2022-03-30,3300.0,3315.0,3220.0,3244.199951171875,138740,3278.1108864043654,3374.542034486934,45.21532009687898,97.33368200391834,3381.10009765625,175819.2,False,False,False,False,0,-0.040489823587084306
2022-03-31,3240.0,3282.5,3216.800048828125,3272.64990234375,306258,3277.5907926843065,3370.546264598966,47.77628020034113,95.07412980162954,3381.10009765625,175346.95,False,False,False,True,1,-0.0320754169294416
2022-04-01,3287.89990234375,3359.0,3281.75,3342.800048828125,329067,3283.8011980313368,3369.4581777059916,53.542973258103736,94.45098464838814,3381.10009765625,184696.9,False,False,True,True,2,-0.011327688539796377
2022-04-04,3343.0,3394.0,3340.0,3388.25,84738,3293.748702980733,3370.1951119136,56.86624477236438,91.5616286020747,3381.10009765625,197968.5,False,True,True,False,1,0.002114667456520003
2022-04-05,3390.0,3394.0,3344.89990234375,3381.64990234375,120129,3302.120245777211,3370.6443193814493,56.23711667241847,88.52866210594438,3394.0,197077.5,False,False,True,False,1,-0.0036388030808043315
2022-04-06,3390.0,3395.0,3290.0,3335.60009765625,608576,3305.3088030990243,3369.2700361765396,51.921031929006325,89.70518624123407,3394.0,197419.0,False,False,True,True,2,-0.01720680681901887
2022-04-07,3339.89990234375,3344.10009765625,3275.0,3288.35009765625,76691,3303.693688294951,3366.096705254175,47.86205172950223,88.23339419944949,3395.0,221234.05,False,False,False,False,0,-0.03141381512334318
2022-04-08,3319.0,3319.0,3255.64990234375,3266.0,64257,3300.1038132192416,3362.171344263815,46.02902950327901,86.45601587493525,3395.0,218000.85,False,False,False,False,0,-0.03799705449189983
2022-04-11,3255.0,3302.0,3240.050048828125,3256.25,268533,3295.927259579314,3358.017566057391,45.215499405091634,84.70558268185952,3395.0,213630.4,False,False,False,True,1,-0.04086892488954341
2022-04-12,3272.60009765625,3272.60009765625,3211.699951171875,3230.0,309404,3289.648472952713,3352.9972693492577,43.01138269750015,83.0051943820392,3395.0,222370.8,False,False,False,True,1,-0.048600883652430094
2022-04-13,3235.0,3247.0,3181.0,3196.5,247862,3280.777189814359,3346.86012153164,40.31073371507534,81.79053764046498,3395.0,235199.55,False,False,False,True,1,-0.05846833578792343
2022-04-18,3180.0,3249.0,3163.64990234375,3200.050048828125,153517,3273.0888906728132,3341.1028637785607,40.73540632394074,82.04479192730676,3395.0,238040.5,False,False,False,False,0,-0.05742266603000734
2022-04-19,3200.0,3270.0,3170.0,3201.10009765625,42970,3266.232815147426,3335.612559224745,40.86941411341015,83.327306789642,3395.0,241223.05,False,False,False,False,0,-0.05711337329712818
2022-04-20,3230.0,3300.0,3201.10009765625,3282.550048828125,231637,3267.786837402731,3333.5316764640934,50.263890146944306,84.43963504350685,3395.0,239364.75,False,False,True,False,1,-0.033122224203792294
2022-04-21,3211.25,3559.39990234375,3211.25,3448.699951171875,1531010,3285.0166577616974,3338.0480793938104,63.13176158747826,103.27608270780993,3395.0,247336.15,False,True,True,True,2,0.015817364115427113
2022-04-22,3429.85009765625,3429.85009765625,3319.0,3339.300048828125,333630,3290.1865045299282,3338.097176234372,53.34516874779318,105.16350188381459,3559.39990234375,314185.45,False,False,True,True,2,-0.06183622508128306
2022-04-25,3325.0,3370.0,3248.800048828125,3293.60009765625,144373,3290.5116086371972,3336.3521927607203,49.86752633817641,106.30896254724748,3559.39990234375,301749.45,False,False,False,False,0,-0.07467545428443689
2022-04-26,3300.0,3309.85009765625,3117.0,3142.949951171875,480051,3276.4581174500236,3328.767791129785,40.49547194522396,112.49047219789051,3559.39990234375,291331.35,False,False,False,True,1,-0.11700004568119926
2022-04-27,3139.800048828125,3183.14990234375,3039.0,3146.050048828125,353500,3264.038301390795,3321.6023894708965,40.74227608543046,114.75186006545191,3559.39990234375,290281.4,False,False,False,True,1,-0.11612908491778273
2022-04-28,3146.050048828125,3222.85009765625,3146.050048828125,3210.85009765625,166918,3258.972758177981,3317.2591623409103,45.8024636267296,112.04101640564285,3559.39990234375,298050.0,False,False,False,False,0,-0.09792375519760821
2022-04-29,3219.0,3219.0,3163.0,3201.85009765625,81100,3253.532504794959,3312.7333166670023,45.224832650323506,108.03808666238265,3559.39990234375,299593.05,False,False,False,False,0,-0.10045227130901058
2022-05-02,3199.89990234375,3239.949951171875,3193.5,3205.050048828125,105016,3248.915128036213,3308.510443418419,45.48806469827572,103.6389341273464,3559.39990234375,296711.05,False,False,False,False,0,-0.09955325707636753
2022-05-04,3205.050048828125,3238.449951171875,3078.25,3126.0,168062,3237.2089253660974,3301.353171127501,40.33168499256217,107.67900677338416,3559.39990234375,286648.95,False,False,False,False,0,-0.12176207063959577
2022-05-05,3140.0,3190.0,3125.0,3167.85009765625,147832,3230.6033227270646,3296.11775648157,43.95388134502448,104.630506289571,3559.39990234375,278598.7,False,False,False,False,0,-0.11000444328541925
2022-05-06,3130.0,3130.0,3024.85009765625,3055.85009765625,146887,3213.960158434606,3286.695495351165,37.408887553479794,107.3711844117445,3559.39990234375,281753.4,False,False,False,False,0,-0.14147042156064815
2022-05-09,3022.64990234375,3040.35009765625,2971.0,3031.14990234375,472685,3196.5496578545244,3276.6740995469527,36.13109549363065,105.76253535778059,3559.39990234375,283091.3,False,False,False,True,1,-0.14840984842758587
2022-05-10,3050.0,3089.699951171875,2910.0,2954.64990234375,215051,3173.511585901117,3264.045699656631,32.43574985916031,111.04377934450163,3559.39990234375,276296.75,False,False,False,False,0,-0.16990223537450555
2022-05-11,2952.0,2995.0,2851.5,2900.85009765625,271525,3147.5438251158917,3249.802734872302,30.103899693498278,113.36208081989437,3559.39990234375,283214.75,False,False,False,False,0,-0.18501708792368798
2022-05-12,2876.85009765625,2922.550048828125,2801.0,2851.699951171875,178997,3119.368218073604,3234.190861001697,28.1152963509723,113.94693567762513,3559.39990234375,293578.15,False,False,False,False,0,-0.19882563650852425
2022-05-13,2845.25,3023.949951171875,2844.89990234375,2996.60009765625,141654,3107.6760161290945,3224.873576164621,40.57774132481653,118.59715804551799,3559.39990234375,289101.35,False,False,False,False,0,-0.15811648596071337
2022-05-16,3019.949951171875,3133.550048828125,3002.050048828125,3109.0,130034,3107.8021098310855,3220.329514354244,48.09497369674024,119.90807184025778,3559.39990234375,280713.85,False,False,False,False,0,-0.1265381566278001
2022-05-17,3119.0,3179.699951171875,3063.0,3104.550048828125,80550,3107.4923897355657,3215.7891431571416,47.8369578571208,119.67892036394473,3559.39990234375,274822.45,False,False,False,False,0,-0.12778835365369345
2022-05-18,3141.949951171875,3141.949951171875,3091.89990234375,3108.85009765625,69039,3107.6216952518216,3211.595455098283,48.12655521206203,114.7054295399576,3559.39990234375,271174.1,False,False,False,False,0,-0.12658027112683445
2022-05-19,3050.25,3150.0,3010.0,3099.5,79539,3106.848200465934,3207.19955489835,47.50891686540283,116.51218457281779,3559.39990234375,272477.55,False,False,False,False,0,-0.12920714585650261
2022-05-20,3112.0,3154.699951171875,3031.14990234375,3065.699951171875,223004,3102.929319580786,3201.650550830645,45.24824723685947,117.01488916248259,3559.39990234375,264872.65,False,False,False,False,0,-0.1387031423040691
2022-05-23,3101.699951171875,3179.35009765625,2955.050048828125,2983.60009765625,158184,3091.564631778449,3193.099552666943,40.239549555912056,124.67811485288561,3429.85009765625,199472.35,False,False,False,False,0,-0.13010772695428874
2022-05-24,2997.0,3022.35009765625,2862.0,2874.64990234375,222406,3070.9060861180014,3180.6113310856413,34.74332190521555,127.2261136245545,3370.0,190700.05,False,False,False,True,1,-0.1469881595419139
2022-05-25,2890.0,2900.0,2675.89990234375,2743.25,328654,3039.7007445829536,3163.4599063371847,29.508412597930175,134.14568391253275,3309.85009765625,194601.7,False,False,False,True,1,-0.17118602986203735
2022-05-26,2753.25,2864.25,2745.60009765625,2852.0,153096,3021.824483194101,3151.2457923631778,37.85422022934676,133.20670649020897,3239.949951171875,187031.85,False,False,False,False,0,-0.11973948888672037
2022-05-27,2880.0,2924.0,2829.39990234375,2905.85009765625,111444,3010.7793036190674,3141.6224317864353,41.544812360578526,130.4490915734976,3239.949951171875,177011.65,False,False,False,False,0,-0.10311883163342772
2022-05-30,2960.0,2977.0,2868.300048828125,2919.949951171875,121229,3002.128889100287,3132.9293933309627,42.507550138329925,128.89558154481028,3239.949951171875,174237.95,False,False,False,False,0,-0.09876695776867095
2022-05-31,2919.949951171875,2923.949951171875,2834.949951171875,2860.949951171875,116914,2988.6832759642475,3122.263532854136,39.57070631904667,126.04589714875242,3239.949951171875,176244.4,False,False,False,False,0,-0.11697711560726964
2022-06-01,2859.800048828125,2892.85009765625,2785.0,2800.800048828125,211403,2970.7896352846165,3109.657121715861,36.78071685412077,124.74619718500225,3238.449951171875,176839.3,False,False,False,True,1,-0.1351417835515354
2022-06-02,2771.0,2849.949951171875,2770.64990234375,2841.300048828125,411312,2958.4572937173316,3099.1333149359502,39.855600820303046,121.5000437309396,3190.0,179006.35,False,False,False,True,1,-0.10931032952096398
2022-06-03,2842.0,2858.89990234375,2795.449951171875,2839.949951171875,71020,2947.1708801415734,3088.969261455006,39.78612947643908,117.35360854814927,3179.699951171875,192180.35,False,False,False,False,0,-0.10684970444295716
2022-06-06,2838.0,2868.5,2788.300048828125,2843.5,91581,2937.2974629852333,3079.3430159077507,40.08188191255417,114.6997758784154,3179.699951171875,188387.0,False,False,False,False,0,-0.10573323154216763
2022-06-07,2824.949951171875,2839.800048828125,2775.0,2814.800048828125,132797,2925.6310425893184,3068.968781904628,38.43816890561284,111.39979188710001,3179.699951171875,169331.8,False,False,False,False,0,-0.11475922506753078
2022-06-08,2817.0,2842.0,2788.35009765625,2802.75,142680,2913.9280861522407,3058.528829673074,37.73840148289017,107.27479977686073,3179.699951171875,165219.1,False,False,False,False,0,-0.11854890617366287
2022-06-09,2802.75,2812.800048828125,2780.199951171875,2800.10009765625,140686,2903.0873253430987,3048.394369593983,37.57639518789934,101.9408924825314,3179.699951171875,158776.85,False,False,False,False,0,-0.11938228743115331
2022-06-10,2794.0,2813.949951171875,2751.64990234375,2782.89990234375,162950,2891.6409041050656,3037.98282185868,36.48165487080238,99.10940365007379,3179.699951171875,156861.3,False,False,False,True,1,-0.12479166428325561
2022-06-13,2754.0,2754.0,2693.89990234375,2726.5,136887,2875.913198952202,3025.767809236771,33.07857283378897,98.38730338935424,3179.699951171875,157926.1,False,False,False,False,0,-0.1425291562510006
2022-06-14,2701.0,2758.199951171875,2672.0,2689.35009765625,67021,2858.1452845430636,3012.5749578022405,31.025604954884756,97.51677823096287,3179.699951171875,158268.75,False,False,False,False,0,-0.154212617871352
2022-06-15,2696.0,2730.449951171875,2622.0,2666.0,173049,2839.8457336342003,2998.9837829864664,29.774771368355005,98.29771915531374,3179.35009765625,157592.3,False,False,False,True,1,-0.16146384697762006
2022-06-16,2699.0,2710.0,2628.800048828125,2652.0,176224,2821.9556637642763,2985.3765758105264,29.01934710334089,97.07645001363956,3179.35009765625,162792.8,False,False,False,True,1,-0.1658672626349018
2022-06-17,2655.800048828125,2655.800048828125,2550.0,2567.14990234375,728705,2797.6884483908925,2968.9755297922216,24.896560612957543,97.69956421467424,3179.35009765625,167627.05,False,False,False,True,1,-0.19255513753071773
2022-06-20,2550.0,2590.0,2495.14990234375,2572.449951171875,234822,2776.237162941462,2953.4255071012276,25.60751944676636,97.49603088907251,3179.35009765625,192912.1,False,False,False,True,1,-0.19088811481685175
2022-06-21,2625.0,2695.0,2605.85009765625,2656.550048828125,423585,2764.8383901687635,2941.7833322669885,35.96601063618867,99.28560359900483,3022.35009765625,196744.0,False,False,False,True,1,-0.12103165980400254
2022-06-22,2652.0,2689.5,2558.050048828125,2573.14990234375,109149,2746.5823437092386,2927.3271193288224,31.310078756351928,101.58305699706699,2977.0,206802.95,False,False,False,False,0,-0.13565673418080282
2022-06-23,2589.75,2625.0,2555.10009765625,2607.25,40098,2733.3125966893112,2914.775075433575,35.01437040674651,99.31997452183006,2977.0,195827.7,False,False,False,False,0,-0.12420221699697687
2022-06-24,2647.25,2651.949951171875,2596.85009765625,2643.64990234375,101836,2724.7732924659244,2904.1427157045623,38.807845013693324,96.16139444995827,2977.0,190177.8,False,False,False,False,0,-0.11197517556474634
2022-06-27,2670.0,2680.050048828125,2621.050048828125,2659.050048828125,169860,2718.513935928991,2894.531238572153,40.393194493934416,93.5070091321041,2977.0,189697.4,False,False,False,False,0,-0.10680213341346156
2022-06-28,2659.050048828125,2690.0,2605.10009765625,2653.0,170427,2712.274513459563,2885.059425294814,39.95524724714708,92.89221579007882,2923.949951171875,192128.95,False,False,False,False,0,-0.09266572810635232
2022-06-29,2653.0,2700.0,2627.800048828125,2655.25,347148,2706.843607415795,2876.0472909695272,40.21485354206108,91.41419688877855,2892.85009765625,194804.6,False,False,False,True,1,-0.08213356711733888
2022-06-30,2664.0,2718.0,2664.0,2701.699951171875,510737,2706.3537353925644,2869.2101403892275,45.45763275064413,89.3667542538658,2868.5,201591.85,False,False,False,True,1,-0.05814887531048463
2022-07-01,2710.0,2710.0,2637.39990234375,2652.89990234375,129469,2701.26289414982,2860.727385956072,41.3545416402794,88.16913592546467,2868.5,206563.1,False,False,False,False,0,-0.07516126813883561
2022-07-04,2637.39990234375,2650.0,2575.300048828125,2594.5,609224,2691.094999468885,2850.287096310736,37.045183016827394,87.4141871819047,2868.5,209485.55,False,False,False,True,1,-0.09552030678054735
2022-07-05,2585.0,2604.64990234375,2511.0,2526.10009765625,199216,2675.3811992962533,2837.573880677227,32.741712248321136,87.8595954077508,2842.0,235367.7,False,False,False,False,0,-0.11115408245733638
2022-07-06,2539.89990234375,2598.0,2501.35009765625,2584.75,497605,2666.7496565061338,2827.6592186898847,39.25762656985281,88.4874744746079,2842.0,238688.65,False,False,False,True,1,-0.09051724137931039
2022-07-07,2585.10009765625,2618.10009765625,2553.25,2569.0,349352,2657.4401654103112,2817.515719917733,38.187707103521255,86.79909041615376,2813.949951171875,256434.9,False,False,False,True,1,-0.08704843917705962
2022-07-08,2580.0,2585.949951171875,2510.0,2521.25,130831,2644.469673466472,2805.8974563915476,35.067328887507,86.02415189870528,2813.949951171875,266868.2,False,False,False,False,0,-0.10401746877195861
2022-07-11,2529.0,2565.949951171875,2486.0,2496.199951171875,156275,2630.3487475336533,2793.752456186855,33.519915146033995,85.5902804182174,2758.199951171875,265262.25,False,False,False,False,0,-0.09498948757818815
2022-07-12,2496.0,2523.0,2480.0,2486.300048828125,288804,2616.6298238474124,2781.695499035532,32.90199408217633,82.54811753120188,2758.199951171875,266231.65,False,False,False,True,1,-0.0985787496037871
2022-07-13,2493.0,2515.0,2440.0,2445.64990234375,146775,2600.3460217994443,2768.517240341737,30.42208925932806,82.00896627897318,2730.449951171875,277320.8,False,False,False,False,0,-0.104305170913641
2022-07-14,2464.89990234375,2485.5,2420.0,2431.60009765625,115436,2584.2749814048543,2755.3048033736786,29.591897417174934,80.82975440190367,2718.0,276007.1,False,False,False,False,0,-0.10537156083287347
2022-07-15,2441.10009765625,2511.0,2428.550048828125,2466.300048828125,158878,2573.039273540404,2743.971283587579,34.35647680536823,80.94548274261591,2718.0,272967.7,False,False,False,False,0,-0.09260483854741541
2022-07-18,2490.0,2503.0,2430.64990234375,2462.550048828125,198608,2562.5164902344723,2732.935156734267,34.08800995830266,80.33152666501834,2718.0,244476.35,False,False,False,False,0,-0.09398452949664271
2022-07-19,2469.0,2532.949951171875,2423.64990234375,2449.60009765625,362421,2551.7625480841657,2721.823977946894,33.12536905091645,82.40070681952596,2718.0,242665.65,False,False,False,True,1,-0.09874904427658204
2022-07-20,2477.5,2505.0,2465.050048828125,2473.35009765625,242993,2544.2946956624596,2712.079904210006,36.658279945155144,80.47207792839912,2718.0,239607.45,False,False,False,True,1,-0.09001100159814202
2022-07-21,2290.0,2373.800048828125,2180.0,2329.699951171875,4500329,2523.8571009490706,2697.084611934001,27.273255482697905,95.67765076610276,2718.0,246299.65,False,False,False,True,1,-0.14286241678738965
2022-07-22,2340.0,2353.0,2265.5,2280.39990234375,855056,2500.6707010818973,2680.7440350873244,24.91569773869557,95.09353285423828,2718.0,469311.2,False,False,False,True,1,-0.16100077176462468
2022-07-25,2294.449951171875,2294.449951171875,2219.050048828125,2227.699951171875,400159,2474.6734868047524,2662.9776004239734,22.660699455078046,93.68684496063197,2718.0,506972.2,False,False,False,False,0,-0.18039001060637416
2022-07-26,2222.0,2226.949951171875,2191.10009765625,2207.35009765625,626340,2449.214116409657,2645.109855217396,21.838765348877473,89.60920271456004,2718.0,518487.15,False,False,False,True,1,-0.18787707959667033
2022-07-27,2202.60009765625,2224.800048828125,2181.0,2207.60009765625,848962,2426.203257480761,2627.9526098228416,21.876254892197153,86.33712029410039,2718.0,541282.8,False,False,False,True,1,-0.18778510020005523
2022-07-28,2212.050048828125,2300.0,2200.10009765625,2279.25,1947492,2412.2077091492597,2614.2779976729266,31.950327083397866,87.30589044050394,2718.0,566373.5,False,False,False,True,1,-0.1614238410596026
2022-07-29,2302.0,2312.0,2252.5,2260.550048828125,293306,2397.764122452009,2600.406313404503,30.832833606766286,85.31975540903937,2710.0,638211.25,False,False,False,False,0,-0.1658486904693266
2022-08-01,2260.550048828125,2280.0,2233.10009765625,2260.14990234375,570279,2384.6580062512226,2587.062924735454,30.80800247896731,82.57548019009013,2650.0,646403.1,False,False,False,False,0,-0.14711324439858486
2022-08-02,2260.14990234375,2275.0,2249.0,2269.85009765625,511168,2373.723919718368,2574.623206026466,32.23278571289262,78.53437446222655,2618.10009765625,644455.85,False,False,False,False,0,-0.13301630457588576
2022-08-03,2271.0,2304.0,2245.5,2266.449951171875,466553,2363.5073512853687,2562.5379803458936,31.98416927776958,77.10334771492467,2618.10009765625,660053.45,False,False,False,False,0,-0.13431501217206165
2022-08-04,2266.449951171875,2351.0,2263.14990234375,2316.64990234375,471531,2359.0447371004525,2552.8953106203194,39.41423934404021,77.87097271073362,2618.10009765625,658500.85,False,False,False,False,0,-0.11514082123229796
2022-08-05,2325.0,2330.050048828125,2250.10009765625,2264.050048828125,321491,2349.9976239316597,2541.5680454519984,35.08891424042983,78.01947117224373,2585.949951171875,664609.8,False,False,False,False,0,-0.12448032963587508
2022-08-08,2277.0,2333.949951171875,2266.050048828125,2328.449951171875,426650,2347.9454646212043,2533.2104731272875,43.29394805405295,77.43950197020845,2565.949951171875,674142.8,False,False,False,False,0,-0.09255831349770993
2022-08-10,2337.0,2343.0,2287.85009765625,2307.64990234375,117117,2344.1077920233515,2524.364960547541,41.4706157985532,75.84738771117571,2532.949951171875,687661.55,False,False,False,False,0,-0.0889476907050174
2022-08-11,2329.550048828125,2351.14990234375,2302.75,2348.10009765625,145383,2344.488011607437,2517.452612983177,46.21460746571423,73.88685304207388,2532.949951171875,679077.2,False,False,False,False,0,-0.0729780915845194
2022-08-12,2345.39990234375,2375.64990234375,2313.0,2364.89990234375,144700,2346.4320012013713,2511.4701537424153,48.09624945859004,73.08421370647932,2532.949951171875,679007.6,False,False,False,False,0,-0.06634558600353557
2022-08-16,2370.0,2380.0,2334.64990234375,2338.14990234375,97696,2345.643229881598,2504.6732811385464,45.37425995555854,71.10320541717722,2532.949951171875,680470.8,False,False,False,False,0,-0.0769063947505162
2022-08-17,2367.0,2385.050048828125,2340.050048828125,2370.050048828125,160230,2347.9676888288864,2499.3939386950005,49.07556618472713,69.37441549340564,2532.949951171875,677411.7,False,False,False,False,0,-0.0643123257403424
2022-08-18,2370.0,2425.0,2355.0,2399.0,189768,2352.827908940421,2495.456921491275,52.23840013532437,69.41910010101952,2532.949951171875,675492.8,False,False,True,False,1,-0.05288298377546019
2022-08-19,2427.75,2458.0,2406.449951171875,2411.60009765625,295330,2358.4252602466904,2492.168418595784,53.58946897972578,68.67487866523241,2505.0,666860.15,False,False,True,False,1,-0.03728539015718568
2022-08-22,2392.0,2400.0,2352.10009765625,2369.89990234375,217388,2359.518083303553,2487.3735748211943,48.681401269856245,68.01953018914438,2458.0,669477.0,False,False,False,False,0,-0.035842187817839655
2022-08-23,2417.800048828125,2453.0,2335.60009765625,2353.60009765625,340155,2358.9544656228572,2482.1275561088437,46.874250355250474,71.54669962875907,2458.0,455329.95,False,False,False,False,0,-0.0424735160064077
2022-08-24,2375.0,2401.0,2357.699951171875,2398.949951171875,658796,2362.7635594846683,2478.8656892485706,52.191803989694,69.82192839411557,2458.0,429584.9,False,False,True,True,2,-0.02402361628483518
2022-08-25,2419.0,2419.0,2376.10009765625,2399.800048828125,215983,2366.290844184045,2475.765075898749,52.28821133393803,67.89892653337519,2458.0,442516.75,False,False,True,False,1,-0.023677766953569934
2022-08-26,2415.0,2420.0,2379.39990234375,2387.75,82466,2368.3345733093743,2472.313504294876,50.72668638253854,65.9490101850091,2458.0,421998.9,False,False,True,False,1,-0.02858014646053697
2022-08-29,2318.0,2379.0,2312.949951171875,2341.699951171875,133655,2365.7979426296124,2467.1914041724053,45.174495083844924,66.58122723094596,2458.0,383674.1,False,False,False,False,0,-0.04731491001957888
2022-08-30,2348.300048828125,2385.0,2345.60009765625,2368.050048828125,171540,2366.012428934233,2463.3035078843945,48.638678917212395,64.91828591645874,2458.0,292982.25,False,False,False,False,0,-0.03659477264925748
2022-09-01,2368.0,2514.0,2350.0,2501.35009765625,454820,2378.901730717282,2464.7955310127027,61.79132267439598,71.99555120814026,2458.0,286893.95,False,True,True,True,2,0.01763632939635884
2022-09-02,2519.0,2607.0,2493.10009765625,2566.10009765625,604734,2396.7301466162317,2468.768259116371,66.30505472515834,74.9887191463981,2514.0,281121.0,False,True,True,True,2,0.020723984747911706
2022-09-05,2570.0,2570.0,2455.550048828125,2472.800048828125,275097,2403.9748992078407,2468.926368516832,56.033257786098616,77.80737857678932,2607.0,285799.3,False,False,True,False,1,-0.051476774519322976
2022-09-06,2494.0,2494.0,2443.0,2454.75,108525,2408.8106230928083,2468.3704324965643,54.28127036392953,75.89256582130436,2607.0,276226.5,False,False,True,False,1,-0.058400460299194434
2022-09-07,2444.0,2503.0,2432.550048828125,2488.35009765625,75379,2416.3858111464697,2469.1539487773366,56.97791317593977,75.5038076320594,2607.0,258076.2,False,False,True,False,1,-0.04551204539461062
2022-09-08,2499.949951171875,2499.949951171875,2430.75,2440.89990234375,139509,2418.720486498592,2468.0459469564116,52.28751788634711,75.05353217061767,2607.0,245770.6,False,False,True,False,1,-0.06371311762802068
2022-09-09,2460.0,2460.0,2380.0,2390.75,161830,2416.056630641583,2465.014733350278,47.80810395165372,75.40685130128783,2607.0,231413.55,False,False,False,False,0,-0.08294975067126964
2022-09-12,2405.0,2405.0,2353.75,2361.39990234375,192760,2410.8512279465513,2460.95140664414,45.35898092479434,73.68136192262442,2607.0,233649.2,False,False,False,False,0,-0.09420793926208282
2022-09-13,2373.25,2456.35009765625,2363.0,2437.64990234375,442005,2413.4034826510465,2460.037622161772,52.20870201607538,75.20056430761552,2607.0,236018.05,False,False,True,True,2,-0.06495976127972769
2022-09-14,2414.25,2426.0,2375.0,2376.699951171875,252132,2409.907908224459,2456.769478201384,47.123482838431265,74.3040884530537,2607.0,250883.3,False,False,False,True,1,-0.08833910580288651
2022-09-15,2388.60009765625,2398.0,2316.0,2322.800048828125,208322,2401.6119216152842,2451.515775088707,43.12331496046526,74.85379642069272,2607.0,258605.1,False,False,False,False,0,-0.10901417382887424
2022-09-16,2322.800048828125,2322.800048828125,2272.5,2293.550048828125,140384,2391.320314683174,2445.321040725547,41.08510994521699,73.09995730693788,2607.0,261009.7,False,False,False,False,0,-0.1202339666942367
2022-09-19,2290.0,2299.64990234375,2222.75,2246.85009765625,205758,2377.5612463948955,2437.5378664875357,37.997213575741675,73.37138195242446,2607.0,258540.5,False,False,False,False,0,-0.13814725828298813
2022-09-20,2250.25,2271.550048828125,2222.0,2231.89990234375,243481,2363.688737437644,2429.4736325995445,37.03751418842138,71.66985815783164,2607.0,254061.9,False,False,False,False,0,-0.1438818939993287
2022-09-21,2230.0,2230.0,2128.0,2166.050048828125,1263088,2344.8660051891184,2419.1432959810577,33.07495828006397,73.97200417111152,2607.0,255366.55,False,False,False,True,1,-0.16914075610735524
2022-09-22,2172.699951171875,2240.0,2160.0,2175.050048828125,397617,2328.693056964262,2409.571011778982,34.112508024784034,74.40257530174641,2607.0,301513.2,False,False,False,True,1,-0.1656885121487821
2022-09-23,2180.0,2192.699951171875,2121.800048828125,2143.449951171875,345348,2311.050856412606,2399.134891755174,32.223541977544315,74.15238437617525,2607.0,288454.25,False,False,False,True,1,-0.17780976172923857
2022-09-26,2143.5,2155.050048828125,2055.5,2063.949951171875,579648,2287.51743686587,2385.9903842813196,28.019775862113036,75.96650326560024,2607.0,294922.5,False,False,False,True,1,-0.2083045833633007
2022-09-27,2063.949951171875,2084.89990234375,2049.64990234375,2060.449951171875,291193,2265.8919620378706,2373.2240927868315,27.847534433877968,73.05818160377164,2607.0,319781.6,False,False,False,False,0,-0.20964712268052355
2022-09-28,2060.0,2100.0,2042.8499755859373,2051.050048828125,235036,2245.430827446466,2360.5898165531567,27.36107558513696,71.92188466164959,2607.0,327658.5,False,False,False,False,0,-0.21325276224467782
2022-09-29,2061.35009765625,2118.0,2061.35009765625,2087.85009765625,519378,2230.423138895017,2349.8941413022976,32.3439050266075,71.56674655523712,2607.0,330833.3,False,False,False,True,1,-0.1991369015511124
2022-09-30,2080.0,2118.0,2064.300048828125,2092.85009765625,147147,2217.320944491325,2339.813982727943,33.016234986562196,70.29054688499697,2607.0,334061.2,False,False,False,False,0,-0.19721898824079398
2022-10-03,2090.0,2158.449951171875,2080.0,2132.64990234375,267561,2209.2570357153654,2331.6899011442492,38.274425282727734,70.87336147691683,2570.0,311181.85,False,False,False,False,0,-0.17017513527480543
2022-10-04,2160.0,2160.0,2121.0,2131.89990234375,160320,2201.8896896799733,2323.8549992305043,38.21354886019143,68.5966927999942,2503.0,310805.05,False,False,False,False,0,-0.1482621245130843
2022-10-06,2133.0,2140.85009765625,2072.35009765625,2074.800048828125,522868,2189.7859143607498,2314.088138430411,33.8051424160919,68.58978617142319,2503.0,313394.8,False,False,False,True,1,-0.17107469083974236
2022-10-07,2080.0,2094.800048828125,2045.0,2076.60009765625,261479,2179.006312769845,2304.7748819294634,34.06338323556244,67.24766207547331,2499.949951171875,335769.25,False,False,False,False,0,-0.16934333158036852
2022-10-10,2061.0,2088.0,2031.0,2051.10009765625,399820,2166.8247684733124,2294.826851173651,32.14991587813638,66.51568621293951,2460.0,341867.75,False,False,False,True,1,-0.1662194724974594
2022-10-11,2061.39990234375,2100.0,2036.25,2083.60009765625,290269,2158.898609347878,2286.5434490749294,37.00676957629991,66.31813719772956,2456.35009765625,353767.25,False,False,False,False,0,-0.15174954105917682
2022-10-12,2094.050048828125,2142.449951171875,2055.10009765625,2132.75,178785,2156.408265600461,2280.512333424932,43.583835157626886,67.8204026490078,2456.35009765625,358642.7,False,False,False,False,0,-0.1317402181248577
2022-10-13,2139.0,2155.0,2072.0,2149.85009765625,136119,2155.783678177203,2275.3883241791013,45.70774833832551,68.9046596026501,2426.0,345481.7,False,False,False,False,0,-0.11382930846815742
2022-10-14,2185.0,2202.0,2143.75,2159.949951171875,213206,2156.180466081458,2270.86132915921,46.97743084339766,68.1436124881751,2398.0,339681.05,False,False,False,False,0,-0.09927024554967678
2022-10-17,2158.14990234375,2175.0,2130.050048828125,2157.0,533622,2156.2585169308427,2266.3961789961036,46.63438828529376,66.48692239415367,2322.800048828125,339925.25,False,False,False,True,1,-0.07137938924694476
2022-10-18,2200.0,2214.89990234375,2136.75,2157.35009765625,157428,2156.362476999929,2262.1198620808154,46.68414757321889,67.31999239055341,2299.64990234375,359587.15,False,False,False,False,0,-0.0618788992804824
2022-10-19,2169.0,2198.0,2169.0,2188.300048828125,183126,2159.4041505073765,2259.224967443455,51.03113285834802,65.41498595863888,2271.550048828125,357170.65,False,False,True,False,1,-0.03664898338601341
2022-10-20,2166.39990234375,2203.39990234375,2155.5,2200.35009765625,140820,2163.303764521555,2256.9161490204274,52.64983460417826,64.1639085575754,2240.0,354152.9,False,False,True,False,1,-0.01770084926060267
2022-10-21,2205.0,2205.14990234375,2177.0,2190.25,81738,2165.8700726623592,2254.3017902353126,51.1243902531974,61.59147954230215,2240.0,298039.5,False,False,True,False,1,-0.02220982142857142
2022-10-24,2209.0,2213.949951171875,2183.5,2193.85009765625,9213,2168.534836947492,2251.9311356243693,51.66199301352577,59.367084658700215,2214.89990234375,282245.55,False,False,True,False,1,-0.009503727308500798
2022-10-25,2191.0,2238.0,2160.050048828125,2225.300048828125,228975,2173.94104760279,2250.8867792794185,56.194971387252714,60.69443226678413,2214.89990234375,265438.8,False,True,True,False,1,0.004695537921767912
2022-10-27,2115.10009765625,2148.699951171875,1880.5,1901.4000244140625,3798313,2147.984759680054,2237.181416343522,27.545349884484324,80.98769059259419,2238.0,247905.15,False,False,False,True,1,-0.15040213386324286
2022-10-28,1903.449951171875,1922.0,1840.199951171875,1871.75,1156437,2121.676687329573,2222.850772565345,26.22717883297932,81.0457161808464,2238.0,423261.15,False,False,False,True,1,-0.163650580875782
2022-10-31,1881.1500244140625,1897.8499755859373,1680.0,1784.3499755859375,3448700,2089.550333830179,2205.654662879878,22.768369726265405,90.81744899549575,2238.0,469331.2,False,False,False,True,1,-0.20270331743255698
2022-11-01,1799.9000244140625,1839.9000244140625,1761.699951171875,1786.25,1351858,2060.6645877511146,2189.207421198314,23.006088625102095,89.91620787025946,2238.0,615797.3,False,False,False,True,1,-0.2018543342269884
2022-11-02,1784.0,1895.0,1782.25,1879.949951171875,1245874,2043.453669981663,2177.0796772757085,33.82379591817056,91.54719302238378,2238.0,676032.85,False,False,False,True,1,-0.159986616992013
2022-11-03,1849.949951171875,1874.449951171875,1823.4000244140625,1845.3499755859373,625086,2024.5866514677843,2164.070669366306,32.0339702881311,89.04738828920011,2238.0,724948.5,False,False,False,False,0,-0.17544683843345077
2022-11-04,1845.0,1858.800048828125,1803.0999755859373,1811.199951171875,220550,2004.2641085824596,2150.2326019861325,30.328146537482496,86.66543721441352,2238.0,748186.8,False,False,False,False,0,-0.19070600930657955
2022-11-07,1812.5,1828.6500244140625,1799.5999755859375,1805.050048828125,378046,1985.2913409868086,2136.696031274054,30.01814127228215,82.55005232967862,2238.0,733070.9,False,False,False,False,0,-0.1934539549472185
2022-11-09,1814.0,1814.0,1763.25,1771.6500244140625,440691,1964.9445489322613,2122.38050159327,28.324767598972898,80.27862002041587,2238.0,738899.25,False,False,False,False,0,-0.20837800517691574
2022-11-10,1775.0,1783.449951171875,1660.0,1694.050048828125,666832,1939.1450727318675,2105.583228935813,24.821335993413953,83.36228653123439,2238.0,740942.8,False,False,False,False,0,-0.24305181017510058
2022-11-11,1704.050048828125,1734.300048828125,1700.1500244140625,1730.699951171875,549583,1919.2931563928207,2090.8819239254626,29.270937422137465,80.28283749328908,2238.0,759770.95,False,False,False,False,0,-0.22667562503490835
2022-11-14,1730.699951171875,1751.9000244140625,1725.050048828125,1736.1500244140625,534125,1901.8509533472247,2076.970869042663,29.93504972501684,76.46620449990684,2238.0,778310.85,False,False,False,False,0,-0.2242403822993465
2022-11-15,1735.0,1744.0,1720.449951171875,1725.699951171875,215534,1885.0746674257628,2063.195538930083,29.365691582612243,72.68647909477956,2238.0,798211.15,False,False,False,False,0,-0.22890976265778595
2022-11-16,1726.0,1750.050048828125,1720.0,1744.449951171875,206689,1871.681837306345,2050.695711959173,31.869570369063922,69.64101979001853,2238.0,798327.55,False,False,False,False,0,-0.22053174657199504
2022-11-17,1734.949951171875,1739.8499755859375,1710.199951171875,1735.050048828125,151006,1858.6692860227051,2038.3174506599164,31.27109342594717,67.11308980501721,2238.0,781980.9,False,False,False,False,0,-0.22473188166750446
2022-11-18,1735.050048828125,1765.0,1711.300048828125,1732.449951171875,120594,1846.6483969892927,2026.3226467584245,31.09713614485915,66.15500847407849,2238.0,781659.8,False,False,False,False,0,-0.2258936768669012
2022-11-21,1717.0,1749.0,1707.0,1716.0999755859375,61877,1834.215213998497,2014.1570518104838,29.968192593442893,64.42965072593003,2238.0,778533.2,False,False,False,False,0,-0.2331992959848358
2022-11-22,1716.0999755859375,1727.0,1705.0,1710.199951171875,138242,1822.4042365864377,2002.2371655109307,29.551275741247338,61.3989613883636,2238.0,774586.05,False,False,False,False,0,-0.2358355892887064
2022-11-23,1722.5999755859375,1723.949951171875,1695.3499755859375,1700.550048828125,203208,1810.7990758475507,1990.4062981900363,28.844461760248464,59.05617668819031,2238.0,777411.25,False,False,False,False,0,-0.24014743126535965
2022-11-24,1709.0999755859375,1716.0,1694.300048828125,1697.5,135568,1800.0086876715936,1978.9197766923878,28.611524771411553,56.38787486559636,2238.0,787111.0,False,False,False,False,0,-0.24151027703306527
2022-11-25,1706.0,1709.0,1685.5,1693.0999755859375,98764,1789.8269055681978,1967.7111570411544,28.25700930255357,54.0387409466252,2148.699951171875,782440.65,False,False,False,False,0,-0.21203517752092782
2022-11-28,1701.5999755859375,1752.0,1695.050048828125,1745.0999755859375,150780,1785.5671979508397,1958.9813067880086,38.0296333806407,54.38597548001358,1922.0,597463.2,False,False,False,False,0,-0.09203955484602633
2022-11-29,1760.0,1908.800048828125,1732.199951171875,1877.949951171875,3084728,1794.365555400462,1955.8036065677682,54.92337724300567,63.11555563545903,1897.8499755859373,547180.35,False,False,True,True,2,-0.010485562436471474
2022-11-30,1878.0,1898.0,1765.0,1779.6500244140625,1689301,1792.9640762589001,1948.8956229538974,45.121638913956524,68.10730166149767,1908.800048828125,528981.75,False,False,False,True,1,-0.06766032120197818
2022-12-01,1805.0,1805.0,1737.300048828125,1752.949951171875,550501,1789.153207202993,1941.2114789624454,42.88304446638268,68.0782051979532,1908.800048828125,545853.9,False,False,False,True,1,-0.08164820498193692
2022-12-02,1753.0,1753.0,1717.75,1720.75,418612,1782.638616040803,1932.5659307678397,40.2871639646317,65.7333333980994,1908.800048828125,511085.25,False,False,False,False,0,-0.0985174161869784
2022-12-05,1735.1500244140625,1769.949951171875,1728.25,1748.550048828125,399015,1779.392085830072,1925.3496216721649,43.468881997852435,64.55237752479766,1908.800048828125,500761.55,False,False,False,False,0,-0.083953266922003
2022-12-06,1741.0,1749.9000244140625,1730.199951171875,1734.3499755859375,85201,1775.1023610449163,1917.8594394727052,42.23106696097823,61.34864150461123,1908.800048828125,509684.8,False,False,False,False,0,-0.09139253393737501
2022-12-07,1735.0,1747.9000244140625,1695.0999755859375,1699.8499755859375,589959,1767.9354671916801,1909.3100487320476,39.30277928198638,60.73802774200507,1908.800048828125,495042.55,False,False,False,True,1,-0.1094667162076346
2022-12-08,1708.0,1738.949951171875,1703.199951171875,1715.5999755859375,203684,1762.9511346577997,1901.7135752753375,41.30373866167096,59.19245258800025,1908.800048828125,502505.95,False,False,False,False,0,-0.10121545908425522
2022-12-09,1726.9000244140625,1732.199951171875,1708.0,1726.6500244140625,190619,1759.493886063158,1894.84833798666,42.73021105723716,56.69298820113416,1908.800048828125,479348.55,False,False,False,False,0,-0.09542645628382629
2022-12-12,1730.0,1734.949951171875,1707.0,1714.4000244140625,72925,1755.1992325727679,1887.7719335328327,41.525388172815525,54.63991412761565,1908.800048828125,461400.35,False,False,False,False,0,-0.10184410071312133
2022-12-13,1727.5999755859375,1756.0,1722.0,1734.800048828125,602868,1753.2564531685161,1881.7730360934324,44.33995154696343,53.70848994606721,1908.800048828125,438340.35,False,False,False,True,1,-0.09115674536304852
2022-12-14,1744.699951171875,1769.0,1730.050048828125,1765.75,365319,1754.4463147715146,1877.2231131093763,48.398060249910706,52.65430860505349,1908.800048828125,457707.05,False,False,False,False,0,-0.07494239583446582
2022-12-15,1763.699951171875,1775.0,1735.0999755859375,1749.5999755859375,143196,1753.9847586586027,1872.2182841868885,46.49318182386643,51.743288305696986,1908.800048828125,465638.55,False,False,False,False,0,-0.08340322148457913
2022-12-16,1738.0,1751.0,1683.449951171875,1690.199951171875,707265,1747.910015088438,1865.0803103431626,40.222603350341956,52.87234262872756,1908.800048828125,465248.05,False,False,False,True,1,-0.11452226114016273
2022-12-19,1701.0,1709.3499755859375,1673.199951171875,1676.5,255778,1741.1090612704916,1857.6850040551956,38.91885006053442,51.67789132768006,1908.800048828125,494581.6,False,False,False,False,0,-0.12169951953361569
2022-12-20,1683.9000244140625,1693.449951171875,1615.699951171875,1638.25,629536,1731.3129601971114,1849.0797097785212,35.46268874479816,53.54018480427435,1908.800048828125,504276.65,False,False,False,True,1,-0.1417382868332514
2022-12-21,1652.0,1666.0,1605.9000244140625,1612.300048828125,557870,1719.9783972095888,1839.7942328785057,33.30199111862278,54.008741288678856,1908.800048828125,528841.35,False,False,False,True,1,-0.1553331896559994
2022-12-22,1619.0,1658.949951171875,1594.0,1605.1500244140625,455043,1709.042361705253,1830.5924992132334,32.710611088385164,54.790256280335726,1908.800048828125,546574.45,False,False,False,False,0,-0.1590790112356102
2022-12-23,1604.949951171875,1606.949951171875,1570.0,1581.449951171875,336255,1696.890703559217,1820.8222032116116,30.760680128042694,53.51594877258853,1908.800048828125,562548.2,False,False,False,False,0,-0.1714952269920681
2022-12-26,1588.3499755859375,1597.550048828125,1571.0,1580.949951171875,260949,1685.8487271413749,1811.4154482296613,30.71907530152353,51.589813062269705,1908.800048828125,574422.75,False,False,False,False,0,-0.1717571716626516
2022-12-27,1585.0,1607.699951171875,1574.0,1583.5999755859375,248697,1676.110750802762,1802.4815081259858,31.249820619321255,50.31196578438438,1908.800048828125,579931.2,False,False,False,False,0,-0.1703688521182921
2022-12-28,1582.0,1589.8499755859375,1563.5999755859375,1573.3499755859375,203748,1666.3240103059213,1793.4959578302978,30.28346552089981,48.59325394264264,1898.0,438129.65,False,False,False,False,0,-0.171048484938916
2022-12-29,1570.0,1589.0,1553.449951171875,1578.300048828125,360808,1657.9407758794644,1785.0569025753107,31.38695538260974,47.661596434462815,1805.0,363852.0,False,False,False,False,0,-0.12559554081544322
2022-12-30,1584.0999755859375,1618.0,1570.0999755859375,1576.550048828125,156365,1650.1892780650512,1776.880163212676,31.198944251617988,47.678627004434226,1775.0,354367.35,False,False,False,False,0,-0.11180278939260568
2023-01-02,1585.0,1606.0,1566.0,1575.9000244140625,174154,1643.1141110506712,1768.9985891421422,31.1243661728504,47.130153646974634,1775.0,341255.0,False,False,False,False,0,-0.11216900033010568
2023-01-03,1586.800048828125,1589.0,1571.0,1575.75,95947,1636.6984814267976,1761.4202130973524,31.105884945546734,45.04942838647644,1775.0,330011.95,False,False,False,False,0,-0.11225352112676057
2023-01-04,1581.699951171875,1598.800048828125,1566.0,1587.949951171875,181170,1632.055764259662,1754.617457727726,34.51135550714591,44.17447270373705,1775.0,330549.25,False,False,False,False,0,-0.1053803091989437
2023-01-05,1594.0,1595.0,1571.0,1584.0999755859375,232638,1627.488546290736,1747.9304976437345,33.94118264666005,42.73343893918441,1775.0,310109.8,False,False,False,False,0,-0.10754930952904929
2023-01-06,1580.0,1583.949951171875,1561.449951171875,1565.1500244140625,199299,1621.5515442072433,1740.7626359484534,31.208135346081832,41.298909330247135,1775.0,311557.5,False,False,False,False,0,-0.11822533835827465
2023-01-09,1575.0,1584.300048828125,1558.0,1559.5,934310,1615.641873330363,1733.6542972838083,30.421580761386124,40.22756215152413,1775.0,311991.5,False,False,False,True,1,-0.12140845070422535
2023-01-10,1564.0,1567.800048828125,1540.050048828125,1547.5,232024,1609.1521711084235,1726.3541287628748,28.763454149606943,39.33630771212955,1775.0,355060.75,False,False,False,False,0,-0.1281690140845071
2023-01-11,1549.4000244140625,1599.5999755859375,1542.0,1592.0999755859375,277409,1607.5281524872346,1721.0892600108382,41.52116326615791,40.640855417401546,1775.0,336518.55,False,False,False,False,0,-0.10304226727552812
2023-01-12,1591.050048828125,1591.050048828125,1475.300048828125,1498.4000244140625,1180312,1597.1349974326467,1712.3563488109646,29.548422684389564,46.08078908457376,1775.0,332123.05,False,False,False,True,1,-0.15583097216109154
2023-01-13,1507.0,1510.25,1449.0,1454.699951171875,766442,1583.569754931621,1702.2521763545299,25.8103673219604,47.164304149961346,1751.0,383978.85,False,False,False,True,1,-0.16921761783445177
2023-01-16,1462.0,1464.9000244140625,1436.0999755859375,1444.5999755859375,419775,1570.3345378510799,1692.1481684812518,25.022479107597434,45.85257162697304,1709.3499755859375,386937.7,False,False,False,True,1,-0.1548834374360628
2023-01-17,1444.9000244140625,1457.800048828125,1388.6500244140625,1398.3499755859375,1239497,1553.9550557305902,1680.6266707206512,21.748500520776446,47.516675397479425,1693.449951171875,395137.55,False,False,False,True,1,-0.17425963807299238
2023-01-18,1400.0,1429.949951171875,1387.1500244140625,1423.449951171875,339215,1541.5259981535696,1670.541309169719,27.307318269691407,47.17976478036036,1666.0,425635.6,False,False,False,False,0,-0.14558826460271612
2023-01-19,1423.0,1424.949951171875,1392.0,1395.6500244140625,240208,1527.6330482736164,1659.7612587871442,25.1742654469203,46.163349522611405,1658.949951171875,414702.85,False,False,False,False,0,-0.1587148102761139
2023-01-20,1396.050048828125,1402.0999755859375,1381.0,1386.6500244140625,316619,1514.2060936203256,1649.0510143019255,24.506853982323292,44.3731085271347,1618.0,403961.1,False,False,False,False,0,-0.1429851517836449
2023-01-23,1389.949951171875,1404.699951171875,1365.3499755859375,1375.6500244140625,272966,1501.0102775054434,1638.3294068553428,23.68050651214402,44.01431331704919,1618.0,402979.3,False,False,False,False,0,-0.14978366847091318
2023-01-24,1349.0,1390.0,1308.3499755859375,1354.949951171875,1903771,1487.0997702355799,1627.2164870246186,22.165819794211444,46.70257839540728,1618.0,403580.15,False,False,False,True,1,-0.16257728604952104
2023-01-25,1355.0,1453.0,1328.8499755859375,1342.3499755859375,2760146,1473.3140755070424,1616.0452512819252,21.27382973650748,52.234538825311226,1618.0,486333.85,False,False,False,True,1,-0.1703646628022636
2023-01-27,1345.4000244140625,1376.0,1332.9000244140625,1356.5,1232427,1462.1889254587527,1605.8670061336145,24.927499298063665,51.58207002249882,1618.0,614153.75,False,False,False,True,1,-0.161619283065513
2023-01-30,1358.3499755859375,1360.5,1307.449951171875,1310.550048828125,500393,1447.7471276844071,1594.2859489843797,21.44667114463178,51.68692565147212,1618.0,657734.7,False,False,False,False,0,-0.19001851123107227
2023-01-31,1311.0,1328.9000244140625,1300.0,1301.0,455983,1433.7712107620828,1582.7845392202864,20.796686297334446,50.059289848800006,1606.0,674936.1,False,False,False,False,0,-0.18991282689912825
2023-02-01,1305.0,1318.1500244140625,1252.0,1262.4000244140625,503901,1417.4501453956045,1570.2204406004346,18.372935270639218,51.20862803203304,1599.5999755859375,689027.55,False,False,False,False,0,-0.21080267336735725
2023-02-02,1256.4000244140625,1283.050048828125,1217.199951171875,1276.0999755859375,400821,1403.9882244613505,1558.6863047175132,21.854039841320315,52.25444729090568,1599.5999755859375,709425.25,False,False,False,False,0,-0.2022380626015583
2023-02-03,1280.0,1280.0,1195.0,1211.300048828125,433825,1385.6369696391384,1545.0633142904785,17.95388751999066,54.59341534155527,1599.5999755859375,720407.8,False,False,False,False,0,-0.2427481449639165
2023-02-06,1212.0,1212.0,1167.0,1172.699951171875,496727,1365.3572535946373,1530.4608294622979,16.10958270175341,53.90817138858704,1599.5999755859375,730467.15,False,False,False,False,0,-0.26687923914082834
2023-02-07,1175.0,1333.300048828125,1172.699951171875,1306.8499755859375,3337516,1359.785131879523,1521.6917763691074,39.40606673474001,61.52902326484868,1599.5999755859375,745338.55,False,False,False,True,1,-0.1830145064191846
2023-02-08,1310.0,1404.5999755859375,1272.050048828125,1338.550048828125,2824623,1357.7627430174853,1514.5097478380885,43.40556874306363,66.60194494291753,1599.5999755859375,865498.85,False,False,False,True,1,-0.16319700596531284
2023-02-09,1310.25,1380.0,1290.0,1301.0,1070952,1352.3567674920105,1506.1368165503204,40.034653930727686,68.273234589852,1599.5999755859375,995128.8,False,False,False,True,1,-0.1866716555034702
2023-02-10,1323.0,1327.0,1301.699951171875,1314.300048828125,542215,1348.73231809545,1498.6138060514108,41.7599031034417,65.253717833434,1591.050048828125,1034805.95,False,False,False,False,0,-0.1739417312509044
2023-02-13,1321.75,1377.3499755859375,1318.3499755859375,1365.0,1219044,1350.2816211339784,1493.3740489513555,47.91206319201943,65.09630418517531,1510.25,1002901.1,False,False,False,True,1,-0.0961761297798378
2023-02-14,1365.0,1375.0,1338.0,1361.800048828125,501234,1351.3786142477068,1488.2142842406406,47.570505711632144,63.08942531480565,1464.9000244140625,1025531.2,False,False,False,False,0,-0.07038021289348806
2023-02-15,1355.0,1368.0,1322.5,1339.4000244140625,248705,1350.2377961683121,1482.378430914108,45.14438453598594,61.83303779231954,1457.800048828125,1029604.15,False,False,False,False,0,-0.08121828813851406
2023-02-16,1348.6500244140625,1356.0,1322.0,1327.75,207152,1348.0961012951395,1476.3145708782606,43.89063829459216,59.84496366429671,1453.0,980064.55,False,False,False,False,0,-0.08620096352374396
2023-02-17,1324.800048828125,1335.0,1300.0,1307.0,167290,1344.1821868860786,1469.6747837849955,41.67083709765824,58.070323402561236,1453.0,973461.4,False,False,False,False,0,-0.10048176187198898
2023-02-20,1305.949951171875,1315.0,1290.0,1305.4000244140625,326734,1340.4886476030294,1463.2326363586844,41.49656243772018,55.708157445235436,1453.0,969815.5,False,False,False,False,0,-0.10158291506258599
2023-02-21,1311.949951171875,1347.699951171875,1304.199951171875,1329.6500244140625,781381,1339.4563977755088,1457.9941025569346,45.234984287254655,54.83614619914719,1453.0,970321.25,False,False,False,False,0,-0.08489330735439604
2023-02-22,1337.0,1360.949951171875,1306.25,1326.5,610922,1338.2224551302222,1452.8374710841138,44.83420684216635,54.82641798291346,1453.0,995742.0,False,False,False,False,0,-0.08706125258086717
2023-02-23,1326.6500244140625,1326.6500244140625,1305.0,1315.699951171875,256787,1336.0774547532367,1447.459529126771,43.413988877626224,52.4566755851384,1453.0,931099.55,False,False,False,False,0,-0.09449418363945283
2023-02-24,1315.9000244140625,1326.0,1254.0,1288.300048828125,144764,1331.527225617512,1441.2179808797655,39.95591277671579,53.852627329057086,1404.5999755859375,805931.6,False,False,False,False,0,-0.08279932278177438
2023-02-27,1291.550048828125,1291.550048828125,1265.0,1273.300048828125,202969,1325.9817802089988,1434.6329639365638,38.163728823148055,51.90244315041908,1404.5999755859375,751548.45,False,False,False,False,0,-0.09347851989178624
2023-02-28,1275.0,1349.0,1265.0,1318.050048828125,914979,1325.2263772203441,1430.0610849127033,45.952416250564525,54.195125782532,1404.5999755859375,736677.25,False,False,False,True,1,-0.06161891518025098
2023-03-01,1320.0,1327.199951171875,1280.0,1292.75,201346,1322.1333889136447,1424.6763364847543,42.679371098413874,53.695470453199356,1404.5999755859375,759627.05,False,False,False,False,0,-0.07963119573548239
2023-03-02,1292.75,1318.9000244140625,1274.949951171875,1285.449951171875,216151,1318.6397281763334,1419.2164782371904,41.75521890591357,52.99937065241279,1404.5999755859375,744499.3,False,False,False,False,0,-0.08482843975869947
2023-03-03,1286.5,1308.449951171875,1272.199951171875,1281.949951171875,195502,1315.1454636997184,1413.8334771758057,41.293545747356355,51.802987034383314,1404.5999755859375,735265.8,False,False,False,False,0,-0.08732025241770225
2023-03-06,1298.699951171875,1300.0,1272.300048828125,1277.550048828125,162588,1311.5649479976619,1408.4890290053086,40.684551666216315,50.081341615632724,1404.5999755859375,723349.65,False,False,False,False,0,-0.09045274737728293
2023-03-08,1256.0,1275.0,1256.0,1260.800048828125,141198,1306.7301956958013,1402.6973042924778,38.364906798092676,48.043392130810744,1404.5999755859375,706642.7,False,False,False,False,0,-0.10237785081679607
2023-03-09,1263.199951171875,1263.949951171875,1232.0,1236.6500244140625,387133,1300.055893668969,1396.1856462580301,35.24476698057845,46.89386063374391,1404.5999755859375,546826.8,False,False,False,False,0,-0.11957137554542074
2023-03-10,1236.6500244140625,1261.4000244140625,1175.0,1189.550048828125,604825,1289.5315274936506,1388.0822894960731,30.10274631006608,49.715729475195246,1380.0,424952.3,False,False,False,True,1,-0.13800721099411228
2023-03-13,1193.0,1209.0,1130.0,1154.3499755859375,579333,1276.6570939786302,1378.916316401558,26.939478725355414,51.80746308410987,1377.3499755859375,401645.95,False,False,False,True,1,-0.16190511050405598
2023-03-14,1157.0,1224.75,1156.0,1186.1500244140625,1602962,1268.0373730677188,1371.356853970676,33.71600874796913,53.135503179106486,1377.3499755859375,403501.85,False,False,False,True,1,-0.1388172610890248
2023-03-15,1200.0,1245.0,1175.050048828125,1214.449951171875,1356216,1262.9338090776384,1365.2036420962131,39.12716799765812,54.33653517858995,1375.0,422697.75,False,False,False,True,1,-0.11676367187500003
2023-03-16,1202.300048828125,1237.9000244140625,1190.4000244140625,1217.75,406020,1258.6305891654822,1359.4211463277343,39.7448931182282,53.8482112372621,1368.0,465446.85,False,False,False,False,0,-0.10983187134502925
2023-03-17,1221.0,1227.949951171875,1172.5999755859375,1186.550048828125,327669,1251.7657758000196,1352.6418876022594,36.02295363996291,53.955480119310344,1360.949951171875,473312.6,False,False,False,False,0,-0.12814571336262526
2023-03-20,1180.0,1185.949951171875,1148.5999755859375,1160.5999755859375,423396,1243.0833186367736,1345.1108322290704,33.235192683213796,52.81223677094442,1360.949951171875,479338.45,False,False,False,False,0,-0.14721333096299527
2023-03-21,1166.4000244140625,1280.0,1161.0999755859375,1224.550048828125,629730,1241.318245321664,1340.38295837021,44.611101067654175,57.56850731688143,1360.949951171875,492143.75,False,False,False,True,1,-0.10022403999963403
2023-03-22,1235.0,1251.25,1224.550048828125,1245.800048828125,322902,1241.7450837508509,1336.6738246626774,47.794266842118724,55.36361044938098,1360.949951171875,507293.55,False,False,False,False,0,-0.08460994634269814
2023-03-23,1243.0,1290.0,1233.8499755859375,1284.0999755859375,844256,1245.7788829732401,1334.6121050910406,53.03329041272349,55.41978287542966,1360.949951171875,484369.6,False,False,True,True,2,-0.05646789253327367
2023-03-24,1275.0,1323.300048828125,1226.0,1282.199951171875,1229621,1249.2475561350147,1332.5567265059753,52.750474109106996,58.41123044347933,1349.0,496036.3,False,False,True,True,2,-0.04951819779697919
2023-03-27,1288.5999755859375,1329.800048828125,1233.300048828125,1261.949951171875,994931,1250.4573080432872,1329.7878333556184,49.707961734962716,61.13185684037367,1349.0,544678.0,False,False,False,True,1,-0.06452931714464416
2023-03-28,1268.300048828125,1292.0,1245.0,1254.6500244140625,302303,1250.8566143643134,1326.8412526128122,48.61930027480952,60.122438494632696,1349.0,587186.35,False,False,False,False,0,-0.06994067871455711
2023-03-29,1254.0,1280.449951171875,1232.949951171875,1257.800048828125,773942,1251.5178938370575,1324.1337544251776,49.13696581712971,59.22083574501608,1349.0,592153.05,False,False,False,True,1,-0.06760559760702367
2023-03-31,1270.0,1289.3499755859375,1250.0,1268.25,415704,1253.1114277573377,1321.9422346437982,50.90413914301482,57.80148859079619,1329.800048828125,585101.2,False,False,True,False,1,-0.04628519068138515
2023-04-03,1278.9000244140625,1298.0,1266.050048828125,1283.449951171875,199592,1256.0008109396747,1320.432733331174,53.43821228001301,55.9549502037304,1329.800048828125,595819.1,False,False,True,False,1,-0.034854937550269804
2023-04-05,1290.0,1290.0,1255.25,1267.300048828125,197223,1257.0769288338129,1318.3490986447798,50.4581976878221,54.44031090346394,1329.800048828125,594991.15,False,False,True,False,1,-0.04699954707858345
2023-04-06,1273.75,1273.75,1255.25,1259.8499755859375,153706,1257.3410285244913,1316.0550153875702,49.09798913757483,51.8731458389308,1329.800048828125,595077.2,False,False,False,False,0,-0.052601948167944834
2023-04-10,1260.949951171875,1266.6500244140625,1253.1500244140625,1261.050048828125,376581,1257.6942685534088,1313.897957875435,49.334916067267265,49.13220685043575,1329.800048828125,594633.1,False,False,False,False,0,-0.05169950178644178
2023-04-11,1261.199951171875,1272.6500244140625,1249.0,1263.25,199371,1258.2233858340367,1311.9117634489473,49.79623970412426,47.31205096212337,1329.800048828125,606402.25,False,False,False,False,0,-0.05004515444767177
2023-04-12,1275.0,1309.0,1256.4000244140625,1266.6500244140625,602972,1259.0259228416583,1310.1367932907167,50.545710279071734,47.689759863824385,1329.800048828125,597014.15,False,False,True,True,2,-0.047488360727398815
2023-04-13,1268.0,1280.5999755859375,1240.0,1251.6500244140625,232290,1258.3234563247445,1307.8431945112402,47.198086543367225,47.18334670111818,1329.800048828125,596921.5,False,False,False,False,0,-0.058768252026258794
2023-04-17,1254.949951171875,1270.0,1229.0,1236.4000244140625,338575,1256.235510428489,1305.041501566253,44.00700833429571,46.741679079609746,1329.800048828125,579569.35,False,False,False,False,0,-0.07023614151343316
2023-04-18,1240.0,1244.9000244140625,1222.0,1231.550048828125,542570,1253.8845140855974,1302.1594838118167,43.01103582813073,45.038703746356376,1329.800048828125,516350.0,False,False,False,True,1,-0.07388328800753319
2023-04-19,1235.0,1477.8499755859375,1232.050048828125,1416.949951171875,6725689,1269.4145557128618,1306.6610707671132,70.49815788038615,59.41450539003181,1329.800048828125,475667.7,False,True,True,True,2,0.06553609500958446
2023-04-20,1399.949951171875,1416.949951171875,1347.050048828125,1364.449951171875,2818412,1278.4655457565773,1308.9273013712216,61.45844637312992,60.1634623152974,1477.8499755859375,791651.15,False,False,True,True,2,-0.07673310977936154
2023-04-21,1365.0,1365.0,1305.0,1311.199951171875,1294691,1281.5831081770818,1309.0164248928158,53.907963613176484,60.151786435633305,1477.8499755859375,916188.3,False,False,True,True,2,-0.11276518399507307
2023-04-24,1320.0999755859375,1324.0,1286.0,1310.449951171875,703209,1284.332331319443,1309.0726416096418,53.80769526327143,58.569515975945215,1477.8499755859375,959753.05,False,False,True,False,1,-0.11327267799811125
2023-04-25,1321.199951171875,1376.949951171875,1318.199951171875,1349.699951171875,1917504,1290.5578189244366,1310.6658694356117,58.19047144569746,59.13597912052056,1477.8499755859375,963427.0,False,False,True,True,2,-0.08671382517244597
2023-04-26,1349.699951171875,1394.0,1332.3499755859375,1379.199951171875,1142397,1298.9999267575258,1313.3534804840926,61.17233631692861,59.315553784344985,1477.8499755859375,1043157.1,False,False,True,True,2,-0.06675239438627711
2023-04-27,1376.9000244140625,1390.0,1361.5999755859375,1367.699951171875,332068,1305.542786225559,1315.4847146287116,59.39399255365404,57.107301686467665,1477.8499755859375,1058064.15,False,False,True,False,1,-0.07453396909952936
2023-04-28,1369.0,1375.0,1346.300048828125,1358.800048828125,286689,1310.6149064734223,1317.1833551855514,57.98898632342002,55.07820522113962,1477.8499755859375,1013186.5,False,False,True,False,1,-0.08055616518896758
2023-05-02,1372.0,1395.0,1368.1500244140625,1375.699951171875,406309,1316.8134821589892,1319.4781236556032,59.927486951213226,53.729758503335006,1477.8499755859375,977774.4,False,False,True,False,1,-0.06912069973378865
2023-05-03,1372.699951171875,1383.5,1367.0999755859375,1370.699951171875,128244,1321.945526826883,1321.4868227738884,59.059204800918906,51.06334892552983,1477.8499755859375,982974.7,True,False,True,False,1,-0.07250399308737665
2023-05-04,1373.0,1382.0,1362.050048828125,1371.699951171875,141553,1326.684043431168,1323.4559650640056,59.18657052688423,48.84096337169734,1477.8499755859375,950689.8,True,False,True,False,1,-0.071827334416659
2023-05-05,1370.0,1429.0999755859375,1364.050048828125,1397.550048828125,659354,1333.4331868023069,1326.3616154076967,62.439499245402864,49.99874647070557,1477.8499755859375,936982.25,True,False,True,False,1,-0.05433564169866101
2023-05-08,1407.949951171875,1421.0999755859375,1375.0,1388.25,447864,1338.6538356782778,1328.7886108819048,60.56911678042214,49.72026283607928,1477.8499755859375,959970.35,True,False,True,False,1,-0.060628600376308794
2023-05-09,1395.0,1419.300048828125,1385.550048828125,1395.9000244140625,240997,1344.1058536531145,1331.4204310204207,61.588401851497245,48.57952977635933,1477.8499755859375,972502.4,True,False,True,False,1,-0.055452145025332134
2023-05-10,1395.949951171875,1418.5999755859375,1373.3499755859375,1403.1500244140625,368180,1349.7291080113,1334.233356251544,62.57575402396192,48.34170622090509,1477.8499755859375,976866.95,True,False,True,False,1,-0.0505463696626296
2023-05-11,1410.0,1415.4000244140625,1380.0,1384.3499755859375,175558,1353.0263334945987,1336.1987138725005,58.38477961824539,47.41730037755919,1477.8499755859375,976446.9,True,False,True,False,1,-0.06326758571209445
2023-05-12,1386.699951171875,1394.949951171875,1352.0,1358.449951171875,224994,1353.5428685114823,1337.0713114136527,53.1077149942801,47.098204005724604,1477.8499755859375,975256.25,True,False,True,False,1,-0.08079306180366708
2023-05-15,1362.699951171875,1379.8499755859375,1355.0,1370.5,122865,1355.157833415151,1338.382240377823,55.13928716153275,45.50904483288267,1477.8499755859375,956357.35,True,False,True,False,1,-0.07263929178154593
2023-05-16,1376.949951171875,1388.0,1350.25,1354.699951171875,268900,1355.114225582458,1339.022150605041,51.96052044866156,44.95482734481963,1477.8499755859375,950886.1,True,False,True,False,1,-0.08333053181885797
2023-05-17,1359.6500244140625,1366.800048828125,1333.0,1338.699951171875,106503,1353.5509613528786,1339.0095153331522,48.88699316515211,44.158057450770016,1477.8499755859375,947402.35,True,False,False,False,0,-0.0941570705503394
2023-05-18,1348.449951171875,1379.9000244140625,1315.050048828125,1331.949951171875,237928,1351.493722288021,1338.7326696797686,47.607587618549545,45.63605160328198,1477.8499755859375,925599.0,True,False,False,False,0,-0.09872451657768311
2023-05-19,1160.0,1194.4000244140625,1065.5999755859375,1065.5999755859375,2839265,1324.2657464116319,1328.0215836368734,22.540277523088022,61.40133188775738,1429.0999755859375,601210.95,False,False,False,True,1,-0.25435589266661585
2023-05-22,950.0499877929688,979.9000244140624,861.0,893.5499877929688,10765871,1283.2451979717591,1310.9834818390732,16.497502462011212,71.6298064376274,1429.0999755859375,602253.6,False,False,False,True,1,-0.3747463417130007
2023-05-23,917.0,979.5999755859376,905.0,941.4000244140624,6490075,1250.688514775788,1296.4900129204455,22.70399885806573,72.65981939158036,1429.0999755859375,1075812.6,False,False,False,True,1,-0.3412637040819456
2023-05-24,950.0,964.0,927.0,934.4500122070312,935219,1220.5705621501922,1282.292365833645,22.443072869197565,70.1126894350389,1429.0999755859375,1365155.9,False,False,False,False,0,-0.34612691332255985
2023-05-25,943.0,954.9000244140624,919.0,924.1500244140624,505856,1192.3400347467511,1268.247568130916,22.0388327650069,67.66892764782631,1429.0999755859375,1316041.65,False,False,False,False,0,-0.35333423819060894
2023-05-26,928.0,932.0,912.0999755859376,929.25,604233,1167.2838409613462,1254.9535458512723,22.78048484410931,64.25686313112888,1429.0999755859375,1284214.6,False,False,False,False,0,-0.3497655756246142
2023-05-29,929.2999877929688,940.0,910.0,911.5999755859376,503070,1142.9329966398786,1241.4886999585142,22.000447669548947,61.809944336048254,1429.0999755859375,1297822.85,False,False,False,False,0,-0.3621160232599
2023-05-30,912.75,920.0,896.5,907.7000122070312,493509,1120.5298552653217,1228.3989474976715,21.82263632963162,59.07351974061624,1429.0999755859375,1308641.9,False,False,False,False,0,-0.3648449879548349
2023-05-31,908.5,927.5999755859376,902.0,924.0499877929688,277597,1101.8174869346212,1216.4636941759186,24.574869775425768,56.682552300996335,1429.0999755859375,1313001.9,False,False,False,False,0,-0.3534042379266684
2023-06-01,923.0,943.0,921.25,932.4500122070312,336810,1085.6872512462794,1205.3259027261583,26.01595753007713,54.18736999378231,1429.0999755859375,1320469.55,False,False,False,False,0,-0.3475263955380571
2023-06-02,936.0,937.0,920.0,922.25,332720,1070.1217987466337,1194.2248869329758,25.381793660800398,51.53112927994072,1429.0999755859375,1330232.4,False,False,False,False,0,-0.3546637633788544
2023-06-05,930.0,943.9500122070312,925.0999755859376,935.25,383146,1057.2768655326686,1184.0690090140356,27.797484501475992,49.40033520330434,1421.0999755859375,1313900.7,False,False,False,False,0,-0.3418830370365853
2023-06-06,938.3499755859376,956.7999877929688,932.8499755859376,942.0,484854,1046.2981164343191,1174.5761066997597,29.081299427822643,47.58245498928483,1419.300048828125,1310664.8,False,False,False,False,0,-0.3362925614088563
2023-06-07,946.25,953.0,940.5499877929688,943.0,269019,1036.4602005834315,1165.4946907507497,29.281913550777887,45.072994790552436,1418.5999755859375,1322857.65,False,False,False,False,0,-0.3352601041667832
2023-06-08,948.5,962.7999877929688,943.1500244140624,951.8499755859376,432804,1028.4020839170034,1157.1164666266393,31.138453346078137,43.26778000501074,1415.4000244140625,1317899.6,False,False,False,False,0,-0.32750462119005697
2023-06-09,955.0,989.0,950.0,959.5499877929688,1526555,1021.8447414290001,1149.3687615743384,32.791674158112144,42.962938576081406,1394.949951171875,1330761.9,False,False,False,True,1,-0.3121258673209987
2023-06-12,960.0,969.0,951.2000122070312,955.4500122070312,616871,1015.5214338840507,1141.7641047364048,32.34637259846539,41.16558494871622,1388.0,1395839.95,False,False,False,False,0,-0.31163543789118786
2023-06-13,966.0,1010.0999755859376,965.0499877929688,993.7000122070312,2461357,1013.4432032481441,1135.957669735253,40.468541251067954,42.12875483658695,1388.0,1420540.25,False,False,False,True,1,-0.2840778010035798
2023-06-14,1003.0,1065.0,995.0,1001.0999755859376,4507074,1012.2676577565054,1130.6691327097897,41.921257959025944,44.212414333471365,1379.9000244140625,1530163.1,False,False,False,True,1,-0.27451267637231336
2023-06-15,1004.0,1019.7999877929688,1000.25,1008.4500122070312,1009787,1011.9040724660792,1125.8762260234068,43.39868334331517,42.45081243772118,1379.9000244140625,1750191.65,False,False,False,False,0,-0.26918617699478453
2023-06-16,1016.0,1027.1500244140625,1003.0499877929688,1009.0499877929688,490039,1011.632254878164,1121.2948049163308,43.52497467673567,41.14004273653351,1194.4000244140625,1788784.6,False,False,False,False,0,-0.15518254590795155
2023-06-19,1019.0,1033.949951171875,1013.0,1023.75,541869,1012.7863258421484,1117.4695184490238,46.664965613239964,39.980037068131566,1065.0,1671323.3,False,False,False,False,0,-0.03873239436619713
2023-06-20,1025.0,1031.949951171875,1017.0,1022.0,300994,1013.6638186190867,1113.7256157647482,46.33468490227258,38.19217378982753,1065.0,1160123.2,False,False,False,False,0,-0.04037558685446008
2023-06-21,1025.0,1028.949951171875,1002.7999877929688,1006.3499755859376,456867,1012.9672621397392,1109.5148063459715,43.377882752649434,37.33201590333315,1065.0,850669.15,False,False,False,False,0,-0.05507044545921347
2023-06-22,1006.0,1011.7000122070312,988.6500244140624,997.4000244140624,782005,1011.4846680706271,1105.1181482309948,41.737544995687564,36.31187103830713,1065.0,826751.55,False,False,False,False,0,-0.06347415547975366
2023-06-23,997.0,1004.9500122070312,971.0,980.0,498393,1008.4861282543769,1100.2115541827206,38.67547925775586,36.14316683607314,1065.0,840559.0,False,False,False,False,0,-0.07981220657277
2023-06-26,980.0,1027.9000244140625,972.0499877929688,1021.0,1117738,1009.6779255634839,1097.1052187245748,48.30033111908916,37.550800392146044,1065.0,835267.0,False,False,False,True,1,-0.04131455399061035
2023-06-27,1025.6500244140625,1025.6500244140625,1010.0,1014.9500122070312,387094,1010.1800290533455,1093.8834459199652,47.124983248269714,35.98645925085437,1065.0,866000.4,False,False,False,False,0,-0.04699529370231803
2023-06-28,1025.0,1085.75,1017.0,1065.1500244140625,2665391,1015.4152667067472,1092.7566450765964,56.56888220285873,38.4731398610054,1065.0,860679.65,False,True,True,True,2,0.00014086799442480924
2023-06-30,1066.0,1083.699951171875,1052.9000244140625,1062.5,603486,1019.8995270203902,1091.5701099755536,56.000262878433425,37.92505321077734,1085.75,980069.35,False,False,True,False,1,-0.02141376928390515
2023-07-03,1069.449951171875,1072.0,1040.050048828125,1066.1500244140625,431924,1024.304336295978,1090.573243875103,56.64665669071396,37.498260207998605,1085.75,993403.15,False,False,True,False,1,-0.01805201527601885
2023-07-04,1070.949951171875,1070.949951171875,1045.0,1051.800048828125,326952,1026.9229755847539,1089.05272642228,53.32958118117322,36.67338099113264,1085.75,998363.35,False,False,True,False,1,-0.031268663294381716
2023-07-05,1051.800048828125,1068.949951171875,1050.9000244140625,1064.050048828125,238749,1030.4588873222178,1088.072229261725,55.71365930026121,35.3431342601812,1085.75,995553.65,False,False,True,False,1,-0.019986139693184413
2023-07-06,1069.0,1069.0,1057.050048828125,1060.449951171875,174143,1033.3151791174232,1086.989002669966,54.827242329105545,33.67219261101648,1085.75,983248.4,False,False,True,False,1,-0.023301910042021645
2023-07-07,1058.0,1068.25,1042.0,1046.1500244140625,317782,1034.5375453361507,1085.387474110911,51.33357081812643,33.14203599594387,1085.75,978504.6,False,False,True,False,1,-0.03647246197185128
2023-07-10,1059.0,1135.8499755859375,1056.6500244140625,1084.75,3176023,1039.319683875565,1085.3624751261693,58.939433837317615,37.18188707993895,1085.75,972753.5,False,False,True,True,2,-0.0009210223347916324
2023-07-11,1092.0,1109.1500244140625,1073.4000244140625,1104.300048828125,751557,1045.5082900615232,1086.1051250752657,62.16467358011747,37.079609431371885,1135.8499755859375,1055226.9,False,False,True,False,1,-0.027776491117620705
2023-07-12,1110.0,1110.0,1084.5,1092.699951171875,526923,1050.0027339767948,1086.3637457065054,59.19362020895589,36.25249447198818,1135.8499755859375,1061961.2,False,False,True,False,1,-0.037989193415973066
2023-07-13,1097.0,1110.0,1086.0999755859375,1105.800048828125,619965,1055.3167639626358,1087.125953672059,61.435206086933114,35.37017518213635,1135.8499755859375,965239.5,False,False,True,False,1,-0.026455894179432504
2023-07-14,1112.0,1147.0,1109.0,1136.75,1085336,1063.0723102519087,1089.0719947045272,66.16424898379876,35.78658775283197,1135.8499755859375,770884.05,False,True,True,True,2,0.0007923796570037389
2023-07-17,1145.800048828125,1184.0,1136.75,1171.4000244140625,795524,1073.389235410209,1092.300544889215,70.52240301607988,36.60540291334397,1147.0,774661.5,False,True,True,True,2,0.02127290707416085
2023-07-18,1180.0,1182.800048828125,1148.300048828125,1161.199951171875,315290,1081.752160720844,1095.002482390496,67.75573380571186,36.455016990962264,1184.0,789935.75,False,False,True,False,1,-0.019256797996727193
2023-07-19,1163.699951171875,1216.0,1158.0,1191.1500244140625,1136747,1092.1710048821028,1098.7729742345575,71.31429868833743,37.993944348750674,1184.0,778606.8,False,True,True,True,2,0.006038871971336679
2023-07-20,1198.5,1243.1500244140625,1198.5,1237.050048828125,1658008,1105.9690090674383,1104.195604610776,75.73423566996672,38.99437689526849,1216.0,820394.45,True,True,True,True,2,0.017310895417866012
2023-07-21,1240.9000244140625,1268.0,1225.1500244140625,1235.6500244140625,770898,1118.319581957593,1109.3506798971794,75.35285586011261,39.26977680174485,1243.1500244140625,880451.5,True,False,True,False,1,-0.006033061056757827
2023-07-24,1235.6500244140625,1246.449951171875,1211.050048828125,1239.3499755859375,402752,1129.8462861126736,1114.448691492817,75.70111052596093,38.99335719760236,1268.0,879896.15,True,False,True,False,1,-0.022594656477967323
2023-07-25,1244.699951171875,1264.5,1218.0999755859375,1227.1500244140625,328087,1139.113308808044,1118.8683516073759,72.08436304836917,39.52240485592094,1268.0,875114.1,True,False,True,False,1,-0.03221606907408325
2023-07-26,1231.949951171875,1245.0,1190.0,1194.550048828125,306247,1144.392998333766,1121.8362613023073,63.37162519459063,40.627947366212304,1268.0,835631.55,True,False,True,False,1,-0.057925828999901396
2023-07-27,1198.4000244140625,1295.0,1196.050048828125,1266.5999755859375,1281876,1156.031758072068,1127.513269705587,71.55482483795753,44.90094763804535,1268.0,831589.2,True,False,True,True,2,-0.0011041202003647665
2023-07-28,1266.5999755859375,1301.0,1250.25,1292.0,947615,1168.9811144461567,1133.9637297171328,73.77886326221315,45.318737092470684,1295.0,762413.45,True,False,True,True,2,-0.0023166023166023564
2023-07-31,1350.0,1393.949951171875,1282.0,1307.550048828125,2257573,1182.178155815868,1140.7710363489366,75.06426294904452,50.078109526713845,1301.0,779619.9,True,True,True,True,2,0.005034626309089241
2023-08-01,1306.0,1324.0,1287.0,1303.5999755859375,501912,1193.7421386511126,1147.156484946466,74.07093517904164,49.14395884623429,1393.949951171875,870902.35,True,False,True,False,1,-0.06481579594014941
2023-08-02,1290.050048828125,1306.5999755859375,1265.6500244140625,1288.75,585291,1202.7905063986257,1152.7091718113104,70.30435797553245,48.55867258378006,1393.949951171875,879650.35,True,False,True,False,1,-0.07546895861177427
2023-08-03,1284.699951171875,1335.949951171875,1282.050048828125,1329.0,622557,1214.8104581701853,1159.6225376226314,74.14241817130149,48.94018899520648,1393.949951171875,896977.45,True,False,True,False,1,-0.04659417729974624
2023-08-04,1332.4000244140625,1364.0,1330.0,1335.449951171875,639810,1226.2999336941557,1166.5177303108371,74.70657764345464,47.94446120983459,1393.949951171875,919398.15,True,False,True,False,1,-0.04196707345971773
2023-08-07,1343.449951171875,1378.0,1301.050048828125,1342.550048828125,684651,1237.3713732307242,1173.4209584879857,75.34428890684794,50.016281921408904,1393.949951171875,935499.55,True,False,True,False,1,-0.03687356371764916
2023-08-08,1500.0,1611.050048828125,1430.0999755859375,1611.050048828125,5995633,1272.9598185257148,1190.5828835993636,87.83508645959569,65.62226178416542,1393.949951171875,810930.95,True,True,True,True,2,0.15574454267438864
2023-08-09,1635.0,1768.0,1621.0,1671.6500244140625,12136886,1310.9303143246052,1209.4482616705282,89.1687986176443,72.14566816900182,1611.050048828125,1073134.75,True,True,True,True,2,0.037615203593468705
2023-08-10,1685.0,1727.050048828125,1643.0999755859375,1660.699951171875,2445732,1344.2417083100595,1227.1444063568556,87.30616576991385,72.98883995994366,1768.0,1653632.9,True,False,True,True,2,-0.060690072866586564
2023-08-11,1665.0,1692.0,1605.0,1648.0,856415,1373.1710694233873,1243.6485472840377,85.08621542892894,73.98963710566197,1768.0,1744921.25,True,False,True,False,1,-0.0678733031674208
2023-08-14,1649.0,1649.0,1550.0,1602.800048828125,410355,1395.0404960333624,1257.7329198936097,77.53024740126887,75.77609159811469,1768.0,1733475.2,True,False,True,False,1,-0.09343888640943154
2023-08-16,1564.949951171875,1594.949951171875,1535.0999755859375,1546.25,210746,1409.4414011730423,1269.0473151918998,69.24510998508534,75.1992331441199,1768.0,1714216.75,True,False,True,False,1,-0.12542420814479638
2023-08-17,1535.0,1664.6500244140625,1526.6500244140625,1617.550048828125,554036,1429.2612723782881,1282.714089059987,73.14220055459981,79.68500220525421,1768.0,1708989.55,True,False,True,False,1,-0.0850961262284361
2023-08-18,1617.25,1631.25,1521.6500244140625,1568.699951171875,378777,1442.5411465491059,1293.929220907512,66.88848699117409,81.82178601816015,1768.0,1679854.0,True,False,True,False,1,-0.11272627196160911
2023-08-21,1570.0,1599.0,1545.0,1589.8499755859375,210564,1456.570558838328,1305.5339563850973,68.15789674110437,79.83451558829158,1768.0,1615892.45,True,False,True,False,1,-0.1007635884694924
2023-08-22,1597.0,1625.0,1596.949951171875,1606.0999755859375,228887,1470.8114556714336,1317.3208590988559,69.1369117721347,76.64276621870378,1768.0,1587875.75,True,False,True,False,1,-0.09157241199890409
2023-08-23,1613.0,1613.0,1572.050048828125,1581.199951171875,172375,1481.3246457190949,1327.6690587879941,65.79853808359705,74.0932794296446,1768.0,1579182.5,True,False,True,False,1,-0.1056561362150028
2023-08-24,1594.4000244140625,1627.800048828125,1564.0999755859375,1572.0,335450,1489.9603937458478,1337.25066432572,64.55818111456284,73.35090755911195,1768.0,1571396.9,True,False,True,False,1,-0.11085972850678738
2023-08-25,1572.0999755859375,1584.300048828125,1540.0,1546.5999755859375,156296,1495.3546396353802,1345.4604412378853,61.131835429597814,71.27584622118431,1768.0,1572857.05,True,False,True,False,1,-0.12522625815275024
2023-08-28,1535.5999755859375,1594.949951171875,1535.5999755859375,1570.75,240603,1502.5351501462962,1354.2953258952232,63.13519959560253,70.42399831866669,1768.0,1516578.05,True,False,True,False,1,-0.11156674208144801
2023-08-29,1579.949951171875,1618.0,1567.0999755859375,1574.1500244140625,379168,1509.3556143622739,1362.9170787783148,63.42105485716151,69.0294287540521,1768.0,1481227.45,True,False,True,False,1,-0.10964365134951215
2023-08-30,1580.0,1614.949951171875,1580.0,1595.4000244140625,207143,1517.550320081492,1372.0340570385401,65.23545247497691,67.0130357543207,1768.0,1387307.2,True,False,True,False,1,-0.09762442058028142
2023-08-31,1604.949951171875,1775.800048828125,1597.050048828125,1741.449951171875,1493037,1538.874094471052,1386.5209548476907,74.57128097978094,75.11210637287368,1768.0,1372568.75,True,False,True,True,2,-0.015016995943509581
2023-09-01,1749.75,1810.8499755859373,1718.449951171875,1768.0999755859375,1268319,1560.7051307677077,1401.4848380138965,75.8459214670342,76.34695766153001,1775.800048828125,1417956.05,True,False,True,False,1,-0.004336115007581465
2023-09-04,1774.0,1779.800048828125,1705.0,1709.0,499342,1574.8284516469737,1413.5442561309985,67.73699226832791,76.23646417342967,1810.8499755859373,1450244.15,True,False,True,False,1,-0.05624429243675011
2023-09-05,1730.0,1767.8499755859375,1680.300048828125,1690.1500244140625,667630,1585.8114585771725,1424.3915411617068,65.33759268240513,77.04456864374274,1810.8499755859373,1443220.75,True,False,True,False,1,-0.06665375530781881
2023-09-06,1715.0,1716.5999755859375,1676.6500244140625,1691.3499755859375,626792,1595.8627459113404,1434.8604993744218,65.42156178470043,74.39495311003789,1810.8499755859373,1442369.7,True,False,True,False,1,-0.06599111003733649
2023-09-07,1698.0,1709.949951171875,1680.0,1699.449951171875,329329,1605.7281940313912,1445.2365563076553,66.0199589223314,71.22031011445483,1810.8499755859373,1173927.65,True,False,True,False,1,-0.061518085935316935
2023-09-08,1709.9000244140625,1709.9000244140625,1685.0,1692.3499755859375,151817,1613.9778875127768,1454.9272786322938,64.95880113974525,67.91171827871253,1810.8499755859373,583549.8,True,False,True,False,1,-0.06543888317509938
2023-09-11,1701.949951171875,1709.0,1671.0,1685.199951171875,269595,1620.7609411945955,1463.957579516199,63.845858459978174,65.77516697309021,1810.8499755859373,468854.05,True,False,True,False,1,-0.06938731872219595
2023-09-12,1695.0,1703.300048828125,1634.050048828125,1653.5999755859375,326411,1623.888468279485,1471.3945362248162,59.032072943292775,66.0233693321552,1810.8499755859373,439513.05,True,False,True,False,1,-0.08683767408678811
2023-09-13,1653.550048828125,1670.949951171875,1616.449951171875,1639.9000244140625,226760,1625.41337838754,1478.002594585179,57.02467363977295,65.20027152271554,1810.8499755859373,435315.85,True,False,True,False,1,-0.09440315513523445
2023-09-14,1645.0,1676.3499755859375,1641.050048828125,1659.9000244140625,144972,1628.6978208662565,1485.1358271274883,59.20560449589628,63.14667721194122,1810.8499755859373,436116.55,True,False,True,False,1,-0.08335861789049193
2023-09-15,1670.0,1715.0,1635.050048828125,1696.1500244140625,269279,1635.1218402517618,1493.410893687746,62.88236782774096,64.3469110662222,1810.8499755859373,415663.35,True,False,True,False,1,-0.06334039413439607
2023-09-18,1704.949951171875,1714.25,1685.0,1696.949951171875,191037,1641.010231767963,1501.3928175106532,62.961698864292515,61.839988847206335,1810.8499755859373,410188.45,True,False,True,False,1,-0.0628986530909098
2023-09-20,1688.949951171875,1694.449951171875,1665.0,1680.9000244140625,125725,1644.80925963902,1508.432315820591,60.18237166523561,59.70498615611125,1810.8499755859373,409212.1,True,False,True,False,1,-0.0717618537835123
2023-09-21,1679.4000244140625,1709.0,1665.449951171875,1694.8499755859375,200954,1649.575042110155,1515.7428122819772,61.762306740152475,58.55106206125509,1810.8499755859373,404054.0,True,False,True,False,1,-0.06405831601950662
2023-09-22,1697.800048828125,1704.550048828125,1681.25,1693.199951171875,170216,1653.7297953541283,1522.7019157678556,61.45170765372156,56.03313254460294,1810.8499755859373,405482.95,True,False,True,False,1,-0.064969503824299
2023-09-25,1690.0,1748.0,1643.199951171875,1659.800048828125,320246,1654.307914732604,1528.0783131427681,55.38052568327552,59.516483707711664,1810.8499755859373,397221.25,True,False,True,False,1,-0.08341382709461453
2023-09-26,1658.75,1700.0,1623.0,1630.699951171875,362456,1652.0595372506298,1532.1026911046938,50.68234289090533,60.765306300017976,1810.8499755859373,405418.75,True,False,True,False,1,-0.09948368271411945
2023-09-27,1636.0,1666.0,1636.0,1656.699951171875,164385,1652.5014814336055,1536.9888581661519,54.40421240331204,58.946359337739906,1810.8499755859373,411511.4,True,False,True,False,1,-0.08512578429595408
2023-09-28,1667.0,1684.300048828125,1642.050048828125,1650.800048828125,238276,1652.3394402330835,1541.4520421136801,53.41904288269253,57.75376224218706,1810.8499755859373,400772.25,True,False,True,False,1,-0.08838386885474869
2023-09-29,1667.800048828125,1713.0,1664.3499755859375,1675.0999755859375,421444,1654.5071102666884,1546.693137543965,56.882256563211996,58.0713471657362,1810.8499755859373,402328.9,True,False,True,True,2,-0.07496479654868982
2023-10-03,1674.9000244140625,1718.0,1670.050048828125,1686.0999755859375,335836,1657.5159545828074,1552.1600723691404,58.39038048563661,57.34839030903183,1810.8499755859373,348749.25,True,False,True,False,1,-0.06889030106408145
2023-10-04,1686.800048828125,1698.5,1657.0999755859375,1675.699951171875,137458,1659.247763781766,1557.0047734986595,56.38243825000735,56.20922131653402,1779.800048828125,302125.1,True,False,True,False,1,-0.058489771210419206
2023-10-05,1694.949951171875,1694.949951171875,1665.0,1670.75,76024,1660.3432148501693,1561.4653706163592,55.40583834056252,54.33355916334409,1767.8499755859375,284030.9,True,False,True,False,1,-0.0549254613948531
2023-10-06,1675.0,1684.699951171875,1665.4000244140625,1671.5,57765,1661.4057658168197,1565.7804541216,55.53151949128823,51.83115684866326,1748.0,254450.6,True,False,True,False,1,-0.04376430205949655
2023-10-09,1650.0,1656.1500244140625,1604.050048828125,1614.949951171875,160537,1656.9814025173011,1567.7086696921992,45.18987336101046,52.94678501460696,1748.0,225999.25,True,False,False,False,0,-0.07611558857444223
2023-10-10,1628.0,1645.0,1621.0,1626.5,84443,1654.0784118013678,1570.0142120572111,47.346680877646435,51.311303858429675,1748.0,217559.65,True,False,False,False,0,-0.06950800915331812
2023-10-11,1635.699951171875,1685.3499755859375,1626.0,1633.8499755859375,854253,1652.1518940665649,1572.5175753328474,48.72931249416283,51.8854946961088,1748.0,214190.95,True,False,False,True,1,-0.06530321762818225
2023-10-12,1640.0,1677.5999755859375,1620.0,1625.550048828125,188356,1649.6183849962372,1574.5972801757994,47.221344494366285,52.29367190252513,1748.0,243423.85,True,False,False,False,0,-0.07005145948047764
2023-10-13,1617.0,1638.0,1615.0999755859375,1622.1500244140625,79400,1647.0023506550776,1576.4620936753392,46.58536400336978,50.19412565334924,1748.0,236521.1,True,False,False,False,0,-0.0719965535388658
2023-10-16,1622.0,1628.699951171875,1566.0999755859375,1573.800048828125,332145,1640.0307028620346,1576.3576997597622,38.619832824353125,51.08025779139126,1748.0,229153.1,True,False,False,True,1,-0.09965672263837244
2023-10-17,1582.4000244140625,1603.949951171875,1575.0,1592.6500244140625,502917,1635.518257295561,1576.9966144520877,42.73116717583583,49.58523240227403,1748.0,238511.75,True,False,False,True,1,-0.08887298374481545
2023-10-18,1597.0,1617.75,1587.050048828125,1609.5,160244,1633.040328029317,1578.271257022594,46.20020111999792,48.23628374295982,1748.0,250193.65,True,False,False,False,0,-0.07923340961098402
2023-10-19,1605.0999755859375,1612.8499755859375,1585.0,1608.5,88008,1630.7031539312868,1579.4566979236688,46.02202833016753,46.78011887460108,1748.0,248654.0,True,False,False,False,0,-0.07980549199084663
2023-10-20,1607.4000244140625,1613.75,1547.0999755859375,1558.9000244140625,136295,1623.8647606439322,1578.6505538644687,38.16093928084404,48.19939784170546,1748.0,246768.15,True,False,False,False,0,-0.10818076406518162
2023-10-23,1559.949951171875,1568.0,1488.300048828125,1519.300048828125,360481,1613.9062166614744,1576.32308307873,33.27416514053414,50.44943736528901,1748.0,243535.2,True,False,False,True,1,-0.13083521234088957
2023-10-25,1519.949951171875,1541.699951171875,1481.0,1510.6500244140625,166865,1604.0722935902922,1573.7476690134488,32.301131086315564,51.18161692290229,1748.0,253048.45,True,False,False,False,0,-0.13578373889355688
2023-10-26,1488.0,1549.5,1475.050048828125,1537.550048828125,257149,1597.7368417081811,1572.3281544963775,38.33985834123458,52.84364079782892,1718.0,245379.4,True,False,False,True,1,-0.10503489590912396
2023-10-27,1548.0,1570.0,1538.199951171875,1550.949951171875,125030,1593.28094737139,1571.4897935816912,41.15566173390818,51.386948681689354,1718.0,240114.05,True,False,False,False,0,-0.09723518558098077
2023-10-30,1550.949951171875,1565.0999755859375,1513.4000244140625,1534.199951171875,1157918,1587.654185828579,1570.0274468205218,38.7721589906577,51.409306002416905,1718.0,238146.3,True,False,False,True,1,-0.10698489454489235
2023-10-31,1538.949951171875,1564.75,1535.449951171875,1546.0,127442,1583.6871205115715,1569.0851940040307,41.34915654025231,49.91935906139605,1718.0,284128.4,True,False,False,False,0,-0.10011641443538999
2023-11-01,1551.0,1553.199951171875,1520.0,1533.949951171875,111658,1578.950247241124,1567.7073413439462,39.51991623948592,48.72511564071598,1718.0,269428.3,True,False,False,False,0,-0.10713041258912981
2023-11-02,1544.3499755859375,1548.3499755859375,1486.6500244140625,1490.75,158507,1570.5502236943503,1564.6894063892817,33.75467857398111,49.65188960722733,1698.5,258219.4,True,False,False,False,0,-0.12231380629967614
2023-11-03,1499.199951171875,1539.949951171875,1493.199951171875,1510.5,187883,1564.831154771079,1562.5643316289177,38.193845255133446,49.61960829041645,1694.949951171875,259271.85,True,False,False,False,0,-0.10882324344996008
2023-11-06,1519.949951171875,1632.699951171875,1509.300048828125,1574.8499755859375,805148,1565.785328182018,1563.0461215880166,49.959889352004524,54.88962929422599,1685.3499755859375,264864.8,True,False,False,True,1,-0.06556501711852636
2023-11-07,1645.0,1676.949951171875,1625.050048828125,1653.1500244140625,1913123,1574.1057754422127,1566.5796079733518,59.95053941889927,58.2617968864911,1685.3499755859375,302233.95,True,False,True,True,2,-0.019105795020811778
2023-11-08,1659.699951171875,1659.699951171875,1620.0,1625.199951171875,329861,1578.9718874164664,1568.878444961529,55.677281470810854,56.93595076401852,1685.3499755859375,389863.25,True,False,True,False,1,-0.03568993104423335
2023-11-09,1633.4000244140625,1634.4000244140625,1594.0,1612.6500244140625,137308,1582.179329035285,1570.5949774890794,53.822169458569626,55.7548131675931,1685.3499755859375,402134.15,True,False,True,False,1,-0.04313641215475128
2023-11-10,1615.0,1632.0,1596.4000244140625,1627.050048828125,95050,1586.4527309203172,1572.8089018553167,55.64820827529798,54.315181911760554,1677.5999755859375,366286.9,True,False,True,False,1,-0.030132288682322428
2023-11-13,1644.0,1644.0,1617.0,1625.75,66266,1590.195327975525,1574.8850233511866,55.435079410049624,52.36409748949195,1676.949951171875,361621.6,True,False,True,False,1,-0.030531591676958403
2023-11-15,1630.0,1639.800048828125,1605.5999755859375,1616.800048828125,136104,1592.729110913868,1576.5287498404784,53.904479686912744,51.06666718611306,1676.949951171875,360964.9,True,False,True,False,1,-0.03586863299153109
2023-11-16,1617.949951171875,1656.449951171875,1610.0,1615.25,167870,1594.8739574934996,1578.047230238891,53.62830718056286,50.73690175652463,1676.949951171875,351162.85,True,False,True,False,1,-0.03679295922264003
2023-11-17,1615.699951171875,1648.9000244140625,1615.699951171875,1628.8499755859375,110227,1598.1097687403985,1580.0394947623045,55.76949570418729,49.51641051777734,1676.949951171875,334410.5,True,False,True,False,1,-0.028683012007796993
2023-11-20,1633.0,1707.0,1618.4000244140625,1629.199951171875,647850,1601.0707384957773,1581.9673557979738,55.826022291730126,52.30809373693163,1676.949951171875,331909.65,True,False,True,True,2,-0.028474314314885563
2023-11-21,1645.0999755859375,1681.0,1635.1500244140625,1653.300048828125,604053,1606.0449585274296,1584.7647163089603,59.65019947352064,52.27180481487402,1707.0,359901.75,True,False,True,True,2,-0.0314586708681166
2023-11-22,1669.699951171875,1725.0,1663.4000244140625,1719.199951171875,1649940,1616.8216244935672,1590.0366863035845,67.84698923479469,53.6595295546598,1707.0,383289.65,True,True,True,True,2,0.007147012988796053
2023-11-23,1725.0,1736.3499755859375,1696.9000244140625,1707.800048828125,310410,1625.4862363349537,1594.6548573829782,65.37297773045947,52.64455967017518,1725.0,447762.6,True,False,True,False,1,-0.0099709861865942
2023-11-24,1714.699951171875,1817.699951171875,1710.0,1756.5,1523081,1637.9637376363867,1601.0017257209006,70.34743278936871,56.73422700400195,1736.3499755859375,454939.85,True,True,True,True,2,0.011604817402818046
2023-11-28,1769.699951171875,1797.949951171875,1766.0,1785.0999755859375,630302,1651.976712679201,1608.2212649312944,72.8171497173917,55.64249301599288,1817.699951171875,518236.45,True,False,True,True,2,-0.01793473975994786
2023-11-29,1793.5999755859375,1798.0,1748.3499755859375,1788.8499755859375,475555,1665.0122615274618,1615.304743780496,73.1331244333777,55.21445954442643,1817.699951171875,543500.05,True,False,True,False,1,-0.015871692997151632
2023-11-30,1798.800048828125,1798.800048828125,1755.050048828125,1774.6500244140625,325983,1675.4539532309477,1621.5535783151458,69.82335079715368,54.395569576967404,1817.699951171875,509381.9,True,False,True,False,1,-0.023683736543018585
2023-12-01,1796.800048828125,1840.0,1780.0,1809.3499755859373,407645,1688.2059553599945,1628.9181429140003,73.03488886901667,55.178027149036694,1817.699951171875,519308.95,True,False,True,False,1,-0.004593704027199053
2023-12-04,1820.949951171875,1841.800048828125,1782.0,1807.8499755859373,256546,1699.6006239529415,1635.9350775285861,72.67483028806883,55.50817155468586,1840.0,534108.3,True,False,True,False,1,-0.01747283935546884
2023-12-05,1807.8499755859373,1819.0,1790.0,1810.800048828125,163897,1710.1910453696255,1642.79252738347,72.95720164791474,53.61473072935115,1841.800048828125,539010.25,True,False,True,False,1,-0.01683136017925735
2023-12-06,1814.949951171875,1825.0,1735.0,1767.8499755859375,617042,1715.6823720568934,1647.6967410384689,62.784707546910276,56.2136785343975,1841.800048828125,537810.95,True,False,True,True,2,-0.040150978000700666
2023-12-07,1775.0,1784.3499755859375,1738.0,1763.199951171875,204312,1720.2078557821299,1652.2262786907593,61.78035613591012,55.50912832379322,1841.800048828125,528405.65,True,False,True,False,1,-0.04267569528313375
2023-12-08,1770.0,1793.4000244140625,1752.0999755859375,1777.75,300130,1725.6880599933556,1657.1487775656315,63.73519543297801,54.49419407410264,1841.800048828125,442965.1,True,False,True,False,1,-0.03477578842984497
2023-12-11,1779.949951171875,1807.199951171875,1756.550048828125,1800.949951171875,297589,1732.8558591532146,1662.7880392756804,66.66310014608821,54.21960180764888,1841.800048828125,441478.55,True,False,True,False,1,-0.022179442161618712
2023-12-12,1828.0,1839.9000244140625,1800.949951171875,1810.199951171875,478889,1740.2219631549917,1668.568898565727,67.7800552923974,53.12892119583021,1841.800048828125,449492.6,True,False,True,True,2,-0.017157181462969406
2023-12-13,1829.949951171875,1829.949951171875,1796.699951171875,1803.699951171875,126283,1746.2674858232665,1673.868155530674,66.10397655741852,51.70899825327091,1841.800048828125,468684.55,True,False,True,False,1,-0.020686337629587825
2023-12-14,1811.949951171875,1857.5,1796.25,1829.550048828125,371139,1754.199158490396,1679.9733278168487,69.35003270457061,52.39049837803728,1841.800048828125,471685.4,True,False,True,False,1,-0.006651102006319465
2023-12-15,1846.0,1846.0,1790.050048828125,1811.9000244140625,112997,1759.694479054555,1685.1469237618373,64.78788948844246,52.64474500616854,1857.5,483437.15,True,False,True,False,1,-0.024549112024730868
2023-12-18,1800.0,1853.4000244140625,1775.050048828125,1839.949951171875,212493,1767.3378573514426,1691.2176307190937,68.35117734441808,54.48083290472347,1857.5,480693.5,True,False,True,False,1,-0.009448209328734913
2023-12-19,1840.0,1875.0,1824.0,1859.0,281877,1776.067585222734,1697.7973314752078,70.53217864623085,54.23220198295751,1857.5,485806.8,True,True,True,False,1,0.0008075370121130021
2023-12-20,1859.75,1890.0,1771.0,1812.3499755859373,494507,1779.5230509716105,1702.2895920285698,59.68526974807605,58.85847326988912,1875.0,467508.15,True,False,True,True,2,-0.03341334635416682
2023-12-21,1810.0,1832.300048828125,1782.25,1808.5,144474,1782.2827604028855,1706.4547060666653,58.88048295497798,58.2293000954774,1890.0,462030.85,True,False,True,False,1,-0.043121693121693117
2023-12-22,1820.0,1948.0,1819.949951171875,1867.4000244140625,921345,1790.3891664991881,1712.766287178328,66.35490506533665,64.03435008865759,1890.0,386757.55,True,False,True,True,2,-0.011957659040178537
2023-12-26,1885.0,1904.449951171875,1856.800048828125,1891.0,240131,1799.9711506421227,1719.7558445438838,68.80192849047828,62.86403239259276,1948.0,417304.3,True,False,True,False,1,-0.029260780287474364
2023-12-27,1905.0,1997.0,1878.0,1947.199951171875,862994,1813.9929411687656,1728.6752212743934,73.7062407950712,66.87374436455042,1948.0,353156.8,True,False,True,True,2,-0.00041070268384235664
2023-12-28,1960.949951171875,1969.199951171875,1914.5,1935.3499755859373,235650,1825.550753970401,1736.7801136003363,71.16591958019575,66.00418770793075,1997.0,364791.4,True,False,True,False,1,-0.030871319185810098
2023-12-29,1941.9000244140625,1944.0,1910.050048828125,1924.5,147405,1834.9744916875056,1744.1416777728723,68.82687544559758,63.714599383926775,1997.0,352796.15,True,False,True,False,1,-0.036304456685027575
2024-01-01,1934.9000244140625,1956.550048828125,1900.0,1906.550048828125,106769,1841.7912114151836,1750.5106335005294,65.01947129862768,63.20284577279808,1997.0,343867.25,True,False,True,False,1,-0.04529291495837506
2024-01-02,1915.5,1995.0,1905.300048828125,1977.0,383355,1854.6682388994518,1759.392569441685,71.64848978716297,65.09549615844644,1997.0,328823.45,True,False,True,True,2,-0.01001502253380071
2024-01-03,1982.0,2040.0,1979.0,2031.0999755859373,336235,1871.4712614410219,1770.047761839499,75.48973417340414,64.94581786141455,1997.0,335163.9,True,True,True,True,2,0.017075601194760814
2024-01-04,2043.0,2057.60009765625,1968.4000244140625,1975.300048828125,211701,1881.3597173826506,1778.0968711331705,65.61510466594066,66.67826467432691,2040.0,343780.8,True,False,True,False,1,-0.03171566233915446
2024-01-05,1986.0,2026.0,1980.0,1989.75,275554,1891.6826014414457,1786.3969938338305,66.82530504917209,65.53695656700891,2057.60009765625,323513.75,True,False,True,False,1,-0.032975356938180544
2024-01-08,1999.0,2017.699951171875,1920.0,1930.449951171875,142853,1895.374729987201,1792.0461294157146,57.82999586396363,67.83431332449935,2057.60009765625,327075.85,True,False,True,False,1,-0.06179536374886829
2024-01-09,1940.0,2000.0,1915.0,1941.050048828125,357548,1899.7247603530031,1797.889420373064,58.895138653675154,69.06043380132083,2057.60009765625,319212.0,True,False,True,True,2,-0.05664368356168126
2024-01-10,1943.0,1963.050048828125,1886.050048828125,1908.699951171875,189506,1900.579540430991,1802.2349313847822,54.3807418561667,69.62754567265506,2057.60009765625,322209.95,True,False,True,False,1,-0.07236593089880905
2024-01-11,1917.0,1978.0,1908.699951171875,1957.1500244140625,275355,1905.967205572236,1808.310033072205,59.40010601693912,69.60415304090291,2057.60009765625,307740.8,True,False,True,False,1,-0.04881904572059803
2024-01-12,1951.050048828125,1977.800048828125,1935.0,1965.8499755859373,175163,1911.670326525922,1814.488070033528,60.24594744990773,67.68957416856163,2057.60009765625,315194.4,True,False,True,False,1,-0.04459084259124135
2024-01-15,1965.8499755859373,1965.8499755859373,1965.8499755859373,1965.8499755859373,0,1916.8302931030664,1820.4238310355834,60.245947449907725,62.85460458509295,2057.60009765625,305395.6,True,False,True,False,1,-0.04459084259124135
2024-01-16,1954.0,1972.0,1909.050048828125,1935.3499755859373,115085,1918.5940723871495,1824.930738665009,55.54124604506999,62.86141505557738,2057.60009765625,299745.75,True,False,True,False,1,-0.05941393675552609
2024-01-17,1930.0,1963.449951171875,1910.0,1953.9000244140625,259628,1921.9565440087601,1829.9883577139915,57.70459849427702,62.18916763531293,2057.60009765625,294875.35,True,False,True,False,1,-0.050398555754497254
2024-01-18,1935.0,1954.8499755859373,1845.800048828125,1950.25,180402,1924.6511588650687,1834.704500548737,57.11567255432079,65.53636471549146,2057.60009765625,293762.9,True,False,True,False,1,-0.05217247888864762
2024-01-19,1950.25,2020.949951171875,1942.3499755859373,1966.25,197210,1928.6129532588718,1839.8631475860416,59.08683421103625,66.4694797776662,2057.60009765625,278057.65,True,False,True,False,1,-0.0443964294909901
2024-01-23,1940.0999755859373,1960.800048828125,1865.300048828125,1885.25,126569,1924.4831481865983,1841.6430241512949,47.24695693879661,68.93237059153826,2057.60009765625,280694.45,True,False,False,False,0,-0.08376267956663142
2024-01-24,1851.199951171875,1974.3499755859373,1851.199951171875,1936.949951171875,331318,1925.6704627566246,1845.3805507011216,53.633302838650096,72.80506015028998,2057.60009765625,240955.65,True,False,True,True,2,-0.05863634368106996
2024-01-25,1939.4000244140625,1943.949951171875,1892.4000244140625,1899.050048828125,75586,1923.1351852396247,1847.4852369021805,48.95454487825655,71.2868363365416,2057.60009765625,245515.0,True,False,False,False,0,-0.07705581323053234
2024-01-29,1908.699951171875,1908.699951171875,1864.0999755859373,1880.5999755859373,108850,1919.0842128916545,1848.7838541054653,46.81356569210095,69.38063199721275,2057.60009765625,206144.6,True,False,False,False,0,-0.08602260578813548
2024-01-30,1889.699951171875,1912.8499755859373,1865.199951171875,1888.300048828125,143699,1916.152387742747,1850.3335088004717,47.8388586132258,67.82844574127343,2057.60009765625,199804.6,True,False,False,False,0,-0.08228034641958348
2024-01-31,1888.300048828125,1998.550048828125,1882.5,1956.550048828125,233378,1919.9997840365925,1854.49886331136,55.94532471167452,71.27284596176283,2057.60009765625,199619.3,True,False,True,True,2,-0.04911063570770047
2024-02-01,1956.3499755859373,1990.0,1946.050048828125,1983.800048828125,247305,1926.0759997310242,1859.5694980375079,58.70483623398681,69.32121061962799,2057.60009765625,205949.75,True,False,True,True,2,-0.03586705157731496
2024-02-02,1993.699951171875,2026.949951171875,1989.3499755859373,1998.550048828125,345608,1932.9782901212243,1865.0197157155712,60.15954059887544,67.45183145706528,2057.60009765625,199147.25,True,False,True,True,2,-0.02869850603884938
2024-02-05,2008.0,2041.949951171875,2002.550048828125,2018.0,258384,1941.0755958239647,1871.018942550255,62.057607183902384,65.7338365203999,2057.60009765625,199615.9,True,False,True,True,2,-0.019245769720441452
2024-02-06,2022.0,2160.0,2022.0,2140.39990234375,620044,1960.0588631115634,1881.582901757843,71.3182315846863,71.18141962608563,2041.949951171875,201950.05,True,True,True,True,2,0.04821369452046298
2024-02-07,2140.5,2194.0,2034.5,2043.9000244140625,377150,1968.0437356165635,1887.9482791169105,59.076083562733714,77.48988965279379,2160.0,219174.55,True,False,True,True,2,-0.053749988697193274
2024-02-08,2049.0,2055.89990234375,1986.199951171875,1996.25,162482,1970.7300465102242,1892.1954054260514,54.13464499562932,76.93346547558531,2194.0,230889.4,True,False,True,False,1,-0.0901321786690975
2024-02-09,2003.0,2022.300048828125,1964.0,2007.25,140161,1974.2081373187743,1896.7073503113043,55.06897916429858,75.60250714362387,2194.0,221136.1,True,False,True,False,1,-0.08511850501367368
2024-02-12,2007.25,2038.949951171875,1987.0999755859373,1996.0999755859373,151900,1976.2930742965993,1900.6051003220743,53.87102412071668,73.90589774664629,2194.0,218668.85,True,False,True,False,1,-0.09020055807386629
2024-02-13,1996.0999755859373,2021.5999755859373,1931.0,1979.9000244140625,308052,1976.6365933554052,1903.714705188427,52.09775333100915,75.09833187802421,2194.0,212496.1,True,False,True,True,2,-0.09758430974746468
2024-02-14,1959.3499755859373,1979.0,1921.0,1950.050048828125,195128,1974.1045414956643,1905.531777488023,48.90346290703513,73.94130991631266,2194.0,219140.55,True,False,False,False,0,-0.11118958576657934
2024-02-15,1920.0,2031.0,1865.0,1897.0999755859373,1233168,1966.7707733137854,1905.2011185899019,43.776039937441276,80.51693063657605,2194.0,228896.95,True,False,False,True,1,-0.13532362097268125
2024-02-16,1910.0,2060.0,1908.050048828125,2001.1500244140625,860849,1970.044987704288,1908.9638207790847,53.985728388161874,86.40143733496795,2194.0,284801.1,True,False,True,True,2,-0.08789880382221404
2024-02-19,2024.699951171875,2026.5999755859373,1965.3499755859373,2000.300048828125,188853,1972.9264220970344,1912.545633643753,53.899623929628575,84.60490609675595,2194.0,314862.15,True,False,True,False,1,-0.08828621293157479
2024-02-20,2000.0,2014.0,1945.75,1966.75,168869,1972.3381914211266,1914.6712950694882,50.477351172849346,83.43669851841625,2194.0,315284.7,True,False,True,False,1,-0.10357793983591612
2024-02-21,1966.0,1980.0,1935.0,1952.699951171875,139572,1970.4678828259598,1916.1626149166407,49.072166268722974,80.69122005281508,2194.0,313867.65,True,False,False,False,0,-0.10998179071473335
2024-02-22,1953.0,1953.0,1894.449951171875,1898.6500244140625,238387,1963.6280867867315,1915.4758466616377,43.99792541778525,79.10970782248008,2194.0,314517.8,True,False,False,False,0,-0.13461712652048197
2024-02-23,1909.0,1915.949951171875,1836.1500244140625,1861.0999755859373,342877,1953.8635047676082,1913.34345956063,40.838516197988135,79.15900917500383,2194.0,309871.25,True,False,False,True,1,-0.1517320074813413
2024-02-26,1866.050048828125,1874.0,1811.8499755859373,1830.5999755859373,226919,1942.1241210360204,1910.0986170518186,38.42494061518259,77.94408169207946,2194.0,323235.8,True,False,False,False,0,-0.16563355716228934
2024-02-27,1844.9000244140625,1862.6500244140625,1798.0,1821.949951171875,269905,1930.6789620013399,1906.641806625154,37.743642886616115,76.99450617222111,2194.0,329139.25,True,False,False,False,0,-0.16957613893715817
2024-02-28,1830.0,1841.25,1793.0,1801.800048828125,157618,1918.4047797943672,1902.5303651429176,36.13630289739012,74.9413271599196,2194.0,335449.55,True,False,False,False,0,-0.17876023298626942
2024-02-29,1809.0,1812.8499755859373,1732.9000244140625,1765.949951171875,244498,1903.8852723065108,1897.1742704773865,33.41018347705911,75.2990860179164,2194.0,331661.55,True,False,False,False,0,-0.19510029572840704
2024-03-01,1770.0,1807.0,1740.449951171875,1787.550048828125,318279,1892.8057272133312,1892.875281393102,36.51763465388925,74.67415479007416,2194.0,331521.2,False,False,False,False,0,-0.1852552193126139
2024-03-04,1809.0,1822.199951171875,1666.800048828125,1707.949951171875,528410,1875.200415209383,1885.623307658936,30.81139035404378,80.44027961533672,2194.0,330154.75,False,False,False,True,1,-0.22153602954791474
2024-03-05,1710.25,1782.4000244140625,1707.949951171875,1755.8499755859375,457269,1863.8337066738168,1880.5341573815635,37.17345019692508,80.01240773154035,2194.0,343656.05,False,False,False,True,1,-0.19970374859346518
2024-03-06,1764.949951171875,1769.949951171875,1724.0999755859375,1744.5999755859375,169060,1852.478113236876,1875.2034051542842,36.32853617775395,77.57223400685443,2194.0,335517.3,False,False,False,False,0,-0.2048313693774214
2024-03-07,1747.9000244140625,1779.550048828125,1726.25,1765.199951171875,224522,1844.1659073259234,1870.8895442137975,39.059912768465644,75.83850649408804,2060.0,325112.8,False,False,False,False,0,-0.14310681981947815
2024-03-11,1773.8499755859375,1776.75,1731.949951171875,1752.800048828125,126820,1835.4643969927997,1866.2585836104379,38.00311429129626,73.6214738036621,2060.0,328214.8,False,False,False,False,0,-0.14912618988925974
2024-03-12,1752.800048828125,1760.550048828125,1706.0999755859375,1731.75,233224,1825.5868353744377,1860.9837371943424,36.211962083227164,72.25208804927107,2060.0,327547.75,False,False,False,False,0,-0.1593446601941747
2024-03-13,1732.0,1732.4000244140625,1671.0,1690.699951171875,361620,1812.7404654503841,1854.3059416640497,32.95044373308656,71.47694064675616,2060.0,331613.95,False,False,False,True,1,-0.17927186836316744
2024-03-14,1688.0,1755.0,1670.949951171875,1748.75,101033,1806.6461354074904,1850.1664929713418,41.037938677340435,72.37501980256822,2060.0,334292.35,False,False,False,False,0,-0.15109223300970875
2024-03-15,1748.0,1811.9000244140625,1728.75,1790.0,170394,1805.0607891782056,1847.8070226587402,46.02050384446437,73.14466298910352,2060.0,329587.6,False,False,False,False,0,-0.1310679611650486
2024-03-18,1789.949951171875,1805.0,1756.0,1786.449951171875,68653,1803.288328415698,1845.4008629925886,45.66287001683225,71.42004420416755,2060.0,276448.9,False,False,False,False,0,-0.13279128583889566
2024-03-19,1791.4000244140625,1791.4000244140625,1753.0999755859375,1772.9000244140625,49536,1800.3942042250662,1842.5576928522541,44.24941478510983,69.05433024873595,2026.5999755859373,236839.1,False,False,False,False,0,-0.12518501639600788
2024-03-20,1772.9000244140625,1773.949951171875,1690.0,1700.75,283536,1790.9042800131551,1836.9966068580482,37.57905934977125,70.11830317181732,2014.0,229873.25,False,False,False,True,1,-0.15553624627606755
2024-03-21,1734.949951171875,1765.0,1711.300048828125,1753.0,117503,1787.294348583331,1833.7026222753796,44.145555277916195,69.69913865954464,1980.0,235606.6,False,False,False,False,0,-0.11464646464646466
2024-03-22,1774.699951171875,1805.0,1750.050048828125,1794.3499755859375,99046,1787.9663130597696,1832.1593812287347,48.741190329340135,68.64562526756825,1953.0,234503.15,False,False,False,False,0,-0.08123401147673448
2024-03-26,1781.0,1800.800048828125,1760.0,1791.449951171875,60414,1788.2980881180654,1830.5629329912108,48.44016400246209,66.65665552189373,1915.949951171875,227536.1,False,False,False,False,0,-0.06498082057093957
2024-03-27,1773.75,1838.0999755859373,1773.75,1820.5,106950,1791.3649368687256,1830.1683081680262,51.66077260843876,66.49189266932541,1874.0,213412.95,False,False,True,False,1,-0.028548559231590165
2024-03-28,1843.3499755859373,1851.0,1803.25,1845.25,98202,1796.4968476431327,1830.7597470633978,54.280983919737665,65.15318605008788,1862.6500244140625,207414.5,False,False,True,False,1,-0.009341542525969748
2024-04-01,1845.25,1868.300048828125,1803.9000244140625,1813.75,84380,1798.1400050104533,1830.092698158951,50.52709855202527,65.09938879037179,1851.0,198829.35,False,False,True,False,1,-0.020124257158292802
2024-04-02,1820.0,1829.699951171875,1785.0,1788.699951171875,72299,1797.2409522639218,1828.4694531790656,47.70188339233443,63.64228610333631,1868.300048828125,195167.45,False,False,False,False,0,-0.04260562841936366
2024-04-03,1790.050048828125,1819.800048828125,1782.300048828125,1787.5999755859375,131873,1796.3227640088758,1826.8667285675704,47.5760850199775,61.774979953098004,1868.300048828125,186557.5,False,False,False,False,0,-0.04319438587651159
2024-04-04,1810.0,1810.0,1770.050048828125,1775.0999755859375,130476,1794.301546063834,1824.8366598231926,46.088626340464685,60.21604932586779,1868.300048828125,177237.2,False,False,False,False,0,-0.04988496002055265
2024-04-05,1780.050048828125,1799.949951171875,1745.0,1754.550048828125,127185,1790.5156891842428,1822.0803221371116,43.67128948829117,59.83989945772545,1868.300048828125,157340.5,False,False,False,False,0,-0.06088422471077315
2024-04-08,1789.949951171875,1879.0,1768.0999755859375,1859.5999755859373,845548,1797.0951450320233,1823.551681095889,56.29179022165132,64.45490315159327,1868.300048828125,140836.3,False,False,True,True,2,-0.0046566788068355125
2024-04-09,1769.699951171875,1809.699951171875,1735.050048828125,1800.3499755859375,14329144,1797.4051288943008,1822.6418102915773,49.54873614730468,68.74740483775177,1879.0,174660.7,False,False,False,True,1,-0.041857383935105075
2024-04-10,1809.6500244140625,1812.699951171875,1771.0,1792.4000244140625,521014,1796.9284522771354,1821.4558579042236,48.705688618402824,66.81544386161772,1879.0,879891.8,False,False,False,False,0,-0.04608833187117478
2024-04-12,1776.199951171875,1781.3499755859375,1735.0,1749.6500244140625,840422,1792.4257448616047,1818.639942865394,44.33708211619427,66.14291390107806,1879.0,899601.5,False,False,False,False,0,-0.06883979541561336
2024-04-15,1731.5999755859375,1759.0,1711.800048828125,1752.300048828125,335718,1788.6042500012734,1816.0383783933441,44.66839243872528,64.78984513470641,1879.0,929961.4,False,False,False,False,0,-0.06742945778173226
2024-04-16,1749.0,1768.5,1731.699951171875,1749.75,187181,1784.9038452392474,1813.4388341426247,44.39456177645071,62.7905739699506,1879.0,928666.3,False,False,False,False,0,-0.06878658861096332
2024-04-18,1750.0,1778.0,1732.0,1764.4000244140625,346803,1782.9511003987536,1811.5157435650342,46.42648110927041,61.591247257811276,1879.0,932973.7,False,False,False,False,0,-0.060989875245309966
2024-04-19,1740.050048828125,1779.699951171875,1736.0,1763.5999755859375,96212,1781.1081361308663,1809.6366938403637,46.326920978183736,60.31329753738726,1879.0,941794.15,False,False,False,False,0,-0.06141565961365758
2024-04-22,1784.0,1784.0,1753.0,1776.9000244140625,86990,1780.7073635864087,1808.3529028824696,48.31135324339364,58.21949057043103,1879.0,943172.1,False,False,False,False,0,-0.05433740052471392
2024-04-23,1782.949951171875,1786.0,1761.050048828125,1781.9000244140625,76362,1780.8209503318997,1807.315535099395,49.07364948240459,55.8430948991056,1879.0,945044.8,False,False,False,False,0,-0.051676410636475545
2024-04-24,1797.0,1797.0,1747.300048828125,1756.699951171875,89617,1778.5237123166592,1805.3306102394922,45.436586716813835,55.40429891858913,1879.0,934686.1,False,False,False,False,0,-0.0650878386525412
2024-04-25,1770.0,1780.800048828125,1736.0,1738.5999755859375,74251,1774.721451675638,1802.7137226060195,42.97304759667344,54.646852483555975,1879.0,933291.8,False,False,False,False,0,-0.07472060905484967
2024-04-26,1756.699951171875,1756.699951171875,1722.0,1728.3499755859375,166537,1770.3051206194762,1799.797497232683,41.597573789278805,53.22207381843591,1879.0,932052.05,False,False,False,False,0,-0.08017563832573837
2024-04-29,1738.0,1747.199951171875,1708.0,1729.25,219405,1766.395109131907,1797.0309287137543,41.77380777701141,52.22049362939585,1879.0,937358.2,False,False,False,False,0,-0.07969664715274083
2024-04-30,1739.9000244140625,1742.0999755859375,1708.5,1711.199951171875,109691,1761.1384274214279,1793.6650080258376,39.21786293455164,50.89045662629169,1879.0,942980.95,False,False,False,False,0,-0.08930284663551091
2024-05-02,1729.949951171875,1739.449951171875,1701.0999755859375,1722.300048828125,412615,1757.4395342220657,1790.866382174947,41.584903044855466,49.9947079805521,1879.0,943555.4,False,False,False,False,0,-0.08339539711116284
2024-05-03,1736.0,1736.0,1661.25,1686.449951171875,254645,1750.678621550619,1786.7716201748265,36.624171881258164,51.76294312479838,1879.0,959967.15,False,False,False,False,0,-0.10247474658229117
2024-05-06,1691.0,1709.9000244140625,1666.0,1703.300048828125,293241,1746.166376529429,1783.4982252200539,40.233015832089635,51.20130607403154,1879.0,969084.45,False,False,False,False,0,-0.09350715868646886
2024-05-07,1717.0,1772.5,1662.050048828125,1710.550048828125,354693,1742.7743453197809,1780.6375124203705,41.76945571918115,55.43335215244893,1879.0,977152.85,False,False,False,False,0,-0.08964872334852314
2024-05-08,1698.0,1723.949951171875,1688.0999755859375,1716.8499755859375,91623,1740.3053577260814,1778.1360403876477,43.13738374155976,54.034539540555265,1879.0,988363.7,False,False,False,False,0,-0.08629591506868683
2024-05-09,1720.0,1722.949951171875,1680.0,1693.0,66764,1735.8000855616926,1774.7973721371518,39.3670294350037,53.24278322850668,1879.0,986585.6,False,False,False,False,0,-0.09898882384246943
2024-05-10,1695.1500244140625,1714.949951171875,1684.0999755859375,1710.0,57650,1733.3429345558172,1772.2562987200085,43.17927442844714,51.64329696832317,1812.699951171875,947646.4,False,False,False,False,0,-0.056655791878562956
2024-05-13,1695.0,1770.0,1685.0,1764.4000244140625,377296,1736.300752637555,1771.9482095315402,53.29831550598022,54.02591861344295,1812.699951171875,234071.7,False,False,True,True,2,-0.02664529599980825
2024-05-14,1770.0,1770.0,1742.0,1765.5,83863,1739.0816333387402,1771.695338569519,53.478722285035296,52.16692442676845,1797.0,226885.8,False,False,True,False,1,-0.017529215358931594
2024-05-15,1756.8499755859375,1790.0,1756.8499755859375,1775.199951171875,84729,1742.521473132372,1771.8327743578468,55.12497387381587,50.80857442586089,1797.0,189057.85,False,False,True,False,1,-0.012131357166457968
2024-05-16,1779.050048828125,1819.050048828125,1765.0,1779.6500244140625,428653,1746.0575256353902,1772.1393331835807,55.896062384779114,51.0401083117369,1797.0,176508.4,False,False,True,True,2,-0.009654966937082676
2024-05-17,1785.0,1796.050048828125,1765.0,1791.25,119030,1750.361570812972,1772.8887710979502,57.925577459933685,49.61224692005034,1819.050048828125,188582.0,False,False,True,False,1,-0.015282728941974133
2024-05-21,1770.0,1806.0,1770.0,1800.9000244140625,216857,1755.174756870219,1773.9872516201508,59.591458966714264,48.63994356861817,1819.050048828125,177193.35,False,False,True,True,2,-0.009977748784732565
2024-05-22,1812.0,1830.0999755859373,1773.0999755859375,1793.050048828125,131943,1758.7819275328766,1774.7348122949734,57.593778193390776,49.237090456574,1819.050048828125,183225.6,False,False,True,False,1,-0.01429317462526658
2024-05-23,1910.1500244140625,1989.9000244140625,1861.199951171875,1881.8499755859373,2116376,1770.5026940141206,1778.9354069338349,69.89020351195181,59.78086796581425,1830.0999755859373,185473.25,False,True,True,True,2,0.028277143702726715
2024-05-24,1880.0,1928.0999755859373,1829.3499755859373,1885.9000244140625,720082,1781.4929159569724,1783.1300978154125,70.31301590713736,62.564377396827524,1989.9000244140625,287473.95,False,False,True,True,2,-0.05226393221972214
2024-05-27,1897.0,1897.0,1860.0,1866.4000244140625,747213,1789.5793072386,1786.3955851330065,65.5408964831586,60.73835043991128,1989.9000244140625,318997.2,True,False,True,True,2,-0.06206341951092009
2024-05-28,1874.0,1874.0,1810.0,1814.6500244140625,151435,1791.966994588644,1787.5036023597147,54.89322281110266,60.971325408489044,1989.9000244140625,352645.3,True,False,True,False,1,-0.08806975116832982
2024-05-29,1814.6500244140625,1870.0,1814.6500244140625,1861.050048828125,196219,1798.5463330876423,1790.3877767310248,61.0095795969175,60.56980042116393,1989.9000244140625,351890.2,True,False,True,False,1,-0.06475198452438746
2024-05-30,1861.050048828125,1868.4000244140625,1836.75,1850.199951171875,268605,1803.4657252861407,1792.7333521992934,58.99508114996276,58.50410213494241,1989.9000244140625,350730.9,True,False,True,False,1,-0.07020456883672987
2024-05-31,1835.0,1860.0,1835.0,1840.1500244140625,192335,1806.9594680602286,1794.5928295410492,57.113925009550734,56.11095198244652,1989.9000244140625,358676.6,True,False,True,False,1,-0.07525503701830183
2024-06-03,1860.0,1880.050048828125,1831.0,1850.3499755859373,366071,1811.0918973483915,1796.7793842879078,58.558256690507996,55.606601757137845,1989.9000244140625,347662.6,True,False,True,True,2,-0.07012917589626977
2024-06-04,1850.3499755859373,1866.699951171875,1654.5,1790.449951171875,190205,1809.1259977125328,1796.5311712245339,48.27586212297893,66.79184100104764,1989.9000244140625,353233.9,True,False,False,False,0,-0.10023120297257981
2024-06-05,1831.0,1854.5999755859373,1722.949951171875,1833.1500244140625,727416,1811.4140002555357,1797.9672046829469,54.42007228212841,71.42456838769155,1989.9000244140625,348082.1,True,False,True,True,2,-0.07877280168693701
2024-06-06,1879.9000244140625,1879.9000244140625,1825.0,1833.300048828125,116060,1813.4983858338776,1799.3528064141303,54.440549421308106,70.24424381814663,1989.9000244140625,366718.25,True,False,True,False,1,-0.07869740874647668
2024-06-07,1839.949951171875,1866.800048828125,1829.300048828125,1857.800048828125,176272,1817.7175918333298,1801.6448551362478,57.77663597678171,67.90536925970758,1989.9000244140625,367940.1,True,False,True,False,1,-0.06638523240625371
2024-06-10,1857.0,1892.0,1850.050048828125,1887.300048828125,105055,1824.3444924995008,1805.0038823398509,61.438123867179854,66.0514108248624,1989.9000244140625,373415.5,True,False,True,False,1,-0.051560367017005615
2024-06-11,1890.0,1914.75,1862.0,1875.6500244140625,170816,1829.230733634221,1807.7743192839375,59.252861425472844,65.10131005165795,1989.9000244140625,375785.75,True,False,True,False,1,-0.057414944770223575
2024-06-12,1878.0,1896.800048828125,1868.0,1873.75,47051,1833.4706637642953,1810.361600880646,58.884997377355,62.50836282140559,1989.9000244140625,365461.75,True,False,True,False,1,-0.05836977887784267
2024-06-13,1892.5,1914.0,1850.0,1855.800048828125,263703,1835.5972718656126,1812.1435008001552,55.386582130372226,62.61490833416234,1989.9000244140625,363621.15,True,False,True,False,1,-0.06739030802586377
2024-06-14,1874.3499755859373,1880.9000244140625,1831.6500244140625,1845.949951171875,80642,1836.5832413233518,1813.4692439519874,53.5079282195695,61.66027202457932,1989.9000244140625,372569.85,True,False,True,False,1,-0.07234035452840126
2024-06-18,1842.9000244140625,1869.0,1825.0,1839.6500244140625,296667,1836.8753159034195,1814.49594122501,52.28638048818059,60.39882402282366,1989.9000244140625,355169.3,True,False,True,False,1,-0.0755063059232044
2024-06-19,1869.949951171875,1875.0,1776.0,1828.0999755859373,2007185,1836.0395692065165,1815.0294327685758,50.031274912677425,63.15605087833626,1989.9000244140625,364051.15,True,False,True,True,2,-0.0813106421644314
2024-06-20,1837.0,1838.949951171875,1815.0,1830.75,558317,1835.535800710658,1815.6459256011808,50.55816931050755,60.3556151850176,1989.9000244140625,453567.55,True,False,True,True,2,-0.07997890469945856
2024-06-21,1825.300048828125,1837.949951171875,1784.0,1816.0,771198,1833.6752482620238,1815.6598108717228,47.55260220824675,59.89806775550741,1989.9000244140625,474886.25,True,False,False,True,1,-0.08739133739408256
2024-06-24,1800.0,1826.949951171875,1788.949951171875,1823.199951171875,390829,1832.677600920105,1815.9555026481994,49.141943130947716,58.33392005868546,1928.0999755859373,407627.35,True,False,False,False,0,-0.05440590516172994
2024-06-25,1835.0,1835.0,1810.0,1823.300048828125,359166,1831.784500720869,1816.2435240670202,49.16500714682464,55.95292576877935,1914.75,391164.7,True,False,False,False,0,-0.04776077878149887
2024-06-26,1817.0,1821.550048828125,1776.0999755859375,1785.199951171875,276425,1827.347876954298,1815.0261290515245,41.45823023348874,55.32772201687994,1914.75,371762.35,True,False,False,False,0,-0.0676589888121818
2024-06-27,1781.0,1829.9000244140625,1781.0,1817.3499755859373,252220,1826.395695871597,1815.1172602881684,48.75761001193316,54.86860075953584,1914.75,378011.85,True,False,False,False,0,-0.05086827231443414
2024-06-28,1818.8499755859373,1835.0,1803.550048828125,1824.8499755859373,220838,1826.2484844158198,1815.498935397885,50.3140012475714,53.19584007470292,1914.75,380811.9,True,False,True,False,1,-0.046951311875734536
2024-07-01,1840.0,1842.449951171875,1810.1500244140625,1818.1500244140625,99268,1825.4772025108907,1815.602899673029,48.885551470790936,51.703274837782175,1914.75,378423.55,True,False,False,False,0,-0.050450437699928186
2024-07-02,1818.0,1821.3499755859373,1804.050048828125,1810.800048828125,177181,1824.0793783506272,1815.4145525810723,47.2990959459708,49.24589283207004,1914.75,373770.2,True,False,False,False,0,-0.0542890461793315
2024-07-03,1812.050048828125,1832.0,1808.0,1810.199951171875,47439,1822.7575281431268,1815.2100584081625,47.164515032016695,47.44261477263647,1914.75,364325.7,True,False,False,False,0,-0.05460245401651653
2024-07-04,1814.6500244140625,1828.0,1805.0,1810.0,172326,1821.542525462829,1815.0057423921562,47.11641010796874,45.696713717448155,1914.75,357187.4,True,False,False,False,0,-0.05470688079383734
2024-07-05,1814.949951171875,1868.75,1803.0,1839.75,283446,1823.2765706568453,1815.9761054356013,54.54495793426935,47.129091309059,1914.75,329432.9,True,False,True,False,1,-0.03916960438699568
2024-07-08,1845.0,1892.0,1834.699951171875,1885.1500244140625,337309,1829.169280538485,1818.6888081406391,63.070312138293765,47.85558827470657,1914.75,337802.2,True,False,True,False,1,-0.015458924447545375
2024-07-09,1891.0,2143.0,1869.0,2031.800048828125,2012803,1848.4674489470221,1827.0461116970112,77.65143047454113,64.00876054079896,1914.75,345854.05,True,True,True,True,2,0.061130721414349054
2024-07-10,2028.5999755859373,2049.300048828125,1922.0,1983.0,346549,1861.2800728568295,1833.161950453991,68.02614035174072,68.52956684703653,2143.0,441241.45,True,False,True,False,1,-0.07466168922071859
2024-07-11,1989.300048828125,2062.85009765625,1977.6500244140625,2051.39990234375,274544,1879.3867232841553,1841.7203015084915,73.06567438795774,69.72031730383303,2143.0,450028.1,True,False,True,False,1,-0.04274386264874008
2024-07-12,2072.0,2080.0,2012.25,2031.699951171875,259515,1893.8927449877476,1849.1704838482322,69.66022415818952,69.57958035355924,2143.0,461402.75,True,False,True,False,1,-0.05193656034910177
2024-07-15,2041.199951171875,2044.1500244140625,1991.0999755859373,2001.199951171875,93277,1904.1124789100454,1855.1324237432768,64.6372238081147,68.39889953031395,2143.0,461193.35,True,False,True,False,1,-0.06616894485680125
2024-07-16,2003.0,2079.949951171875,1985.0,2051.0,267763,1918.1017666328983,1862.8135051651093,68.61642068451913,70.29540321899688,2143.0,461825.1,True,False,True,False,1,-0.04293047130191319
2024-07-18,2066.949951171875,2066.949951171875,1990.9000244140625,2009.75,118320,1926.8301698107175,1868.5757206488304,62.35727486189916,70.70644061462657,2143.0,460379.9,True,False,True,False,1,-0.0621791880541297
2024-07-19,1996.0,2008.75,1963.3499755859373,1990.5999755859373,115987,1932.9034846464526,1873.3609855483248,59.6374787582092,68.97026802887201,2143.0,365936.65,True,False,True,False,1,-0.07111527037520426
2024-07-22,1990.25,2009.0,1961.0999755859373,1994.75,82892,1938.793628965838,1878.1213390562336,60.0441983300085,67.46525062781421,2143.0,343820.15,True,False,True,False,1,-0.06917872141857206
2024-07-23,2006.449951171875,2023.1500244140625,1936.199951171875,1981.75,151090,1942.8847119214724,1882.185208112852,58.07019687898396,68.85702367169802,2143.0,309404.85,True,False,True,False,1,-0.07524498366775545
2024-07-24,1999.0,2030.949951171875,1984.5999755859373,2019.5999755859373,88361,1950.1909275085643,1887.5740225235613,61.98850269427252,67.45294706456781,2143.0,297417.9,True,False,True,False,1,-0.05758283920394902
2024-07-25,2014.050048828125,2045.5999755859373,1978.4000244140625,2004.949951171875,240176,1955.4060726193557,1892.1770001176128,59.66443658548454,67.43487592937545,2143.0,283877.65,True,False,True,False,1,-0.06441906151569066
2024-07-26,2009.949951171875,2068.0,1990.0,2016.5999755859373,127144,1961.2340633780777,1897.0563324889197,60.9192338711999,68.18952764870578,2143.0,282065.2,True,False,True,False,1,-0.058982745876837495
2024-07-29,2040.949951171875,2057.0,2016.5999755859373,2029.6500244140625,319137,1967.7498691910287,1902.2560851134351,62.33280826713932,66.20456313194556,2143.0,275811.4,True,False,True,True,2,-0.05289312906483323
2024-07-30,2043.949951171875,2065.0,2002.6500244140625,2058.64990234375,607507,1976.4070152055738,1908.3891759852122,65.33358223897434,65.92923545008784,2143.0,280726.35,True,False,True,True,2,-0.03936075485592627
2024-07-31,2080.0,2183.85009765625,2066.0,2141.60009765625,883554,1992.1396897246857,1917.534702325253,72.16444869892995,70.16287544026014,2143.0,306138.3,True,False,True,True,2,-0.0006532442108025949
2024-08-01,2150.0,2159.949951171875,2103.0,2123.64990234375,194441,2004.6644718788823,1925.6176513455862,68.99613593586622,69.21909513537548,2183.85009765625,341456.95,True,False,True,False,1,-0.027566084035304472
2024-08-02,2088.0,2147.0,2073.5,2126.64990234375,191983,2016.2821319231555,1933.5012690317888,69.23921020593431,69.52487405427723,2183.85009765625,348807.05,True,False,True,False,1,-0.026192363374156646
2024-08-05,2031.0,2150.0,2020.0,2115.39990234375,341936,2025.7219195822597,1940.6345487695128,67.11423550051056,73.84452590754316,2183.85009765625,349789.9,True,False,True,False,1,-0.0313438158534608
2024-08-06,2120.0,2220.949951171875,2075.550048828125,2106.949951171875,581155,2033.4579225907944,1947.1567214127426,65.48848840790458,78.95562422441508,2183.85009765625,352714.4,True,False,True,True,2,-0.03521310669029243
2024-08-07,2010.050048828125,2079.949951171875,1911.050048828125,2027.9000244140625,1853375,2032.928598954915,1950.3231254520101,52.64156615148332,87.3087869472247,2220.949951171875,364906.7,True,False,True,True,2,-0.08692223192870718
2024-08-08,2048.10009765625,2049.89990234375,1977.0,2027.550048828125,384599,2032.416356085697,1953.3516322510736,52.59237603143426,86.27958090411937,2220.949951171875,356935.3,True,False,True,True,2,-0.08707981115995134
2024-08-09,2027.550048828125,2099.550048828125,2019.050048828125,2026.449951171875,302843,2031.8481270462853,1956.2182329930658,52.42654016955282,85.86675369668228,2220.949951171875,358837.8,True,False,True,False,1,-0.08757513869115907
2024-08-12,2031.0,2085.0,2021.0,2037.949951171875,130923,2032.4292531534843,1959.4233984118428,54.05742131692401,84.30484271834783,2220.949951171875,360252.75,True,False,True,False,1,-0.08239717419271009
2024-08-13,2070.0,2070.0,1962.5,1969.4000244140625,195503,2026.4264694640156,1959.814638647224,44.30699306956342,85.96163966703728,2220.949951171875,353823.15,True,False,False,False,0,-0.11326231220342597
2024-08-14,1970.0,2009.0,1952.25,1958.25,122703,2019.9334723722045,1959.7532802689016,42.94997755276004,83.87509397653461,2220.949951171875,358934.45,True,False,False,False,0,-0.1182826974706307
2024-08-16,1942.800048828125,1973.75,1909.449951171875,1945.050048828125,348490,2012.801717748959,1959.1766829574988,41.33591170976701,82.47687646593394,2220.949951171875,351681.45,True,False,False,False,0,-0.12422607821404197
2024-08-19,1957.699951171875,1995.0,1951.0,1961.0,136153,2007.8682208204866,1959.2481855866165,44.07097434139861,80.15352465921545,2220.949951171875,363189.95,True,False,False,False,0,-0.11704448856882776
2024-08-20,1984.1500244140625,1999.949951171875,1922.25,1929.9000244140625,110989,2000.4426783055892,1958.09727730534,40.14117475893157,79.97826941011971,2220.949951171875,364198.25,True,False,False,False,0,-0.13104749461114207
2024-08-21,1958.0,1977.5,1921.0,1929.75,334459,1993.7100422764854,1956.9856193717974,40.12258844503182,78.30125016653973,2220.949951171875,365603.1,True,False,False,False,0,-0.13111504427113474
2024-08-22,1958.699951171875,1959.0,1885.050048828125,1900.25,634906,1984.809085869201,1954.760693121923,36.53985296311606,77.99044309549225,2220.949951171875,374771.55,True,False,False,True,1,-0.14439764885411266
2024-08-23,1904.949951171875,1919.699951171875,1865.6500244140625,1868.699951171875,221673,1973.7510730408842,1951.3857620650585,33.132317962703894,76.28040621422942,2220.949951171875,402098.8,True,False,False,False,0,-0.1586033038764051
2024-08-26,1879.0,1888.949951171875,1851.0,1854.25,292605,1962.3700184655618,1947.5765164938798,31.675362901566317,73.54251656834695,2220.949951171875,401173.65,True,False,False,False,0,-0.1651095068479086
2024-08-27,1879.949951171875,1918.0,1856.5999755859373,1873.300048828125,1012396,1953.8871642143772,1944.6637138403207,35.690356306899275,72.84305109917932,2220.949951171875,409446.7,True,False,False,True,1,-0.1565320741065389
2024-08-28,1890.0,1890.0,1851.050048828125,1859.4000244140625,415617,1944.8883889952997,1941.3200397451735,34.11507546182911,70.42211539008615,2220.949951171875,444109.65,True,False,False,False,0,-0.16279066827554678
2024-08-29,1858.0,1867.550048828125,1839.5999755859373,1849.0,631720,1935.7561614719377,1937.6996460296766,32.94347379735218,67.38839809380768,2220.949951171875,434515.15,False,False,False,True,1,-0.1674733602058962
2024-08-30,1848.0,1886.0,1830.0,1838.550048828125,1536456,1926.4984364582415,1933.8114265315767,31.763095935109206,66.57494108710713,2220.949951171875,421923.45,False,False,False,True,1,-0.17217853204750444
2024-09-02,1860.0,1860.0,1824.0,1832.949951171875,288789,1917.589056907159,1929.8560745566865,31.1195914578429,64.39101672374234,2220.949951171875,489024.2,False,False,False,False,0,-0.17470001959984438
2024-09-03,1848.699951171875,1942.0,1840.9000244140625,1893.3499755859373,850036,1915.2805729718045,1928.4244628323436,44.24074227628581,67.5809475883411,2220.949951171875,493864.5,False,False,False,True,1,-0.14750443854580375
2024-09-04,1916.6500244140625,1922.0999755859373,1872.050048828125,1887.050048828125,254214,1912.5919516247875,1926.8019367929624,43.31394024746995,66.32873181473191,2220.949951171875,519269.5,False,False,False,False,0,-0.15034102959752382
2024-09-05,1905.0,1917.4000244140625,1886.0,1891.800048828125,278442,1910.6117704060578,1925.4293137355178,44.26204944434974,63.83382414325553,2099.550048828125,502922.45,False,False,False,False,0,-0.09894977265055283
2024-09-06,1882.0,1916.949951171875,1879.5,1906.0,144328,1910.1725541769092,1924.6673798635368,47.11000706774969,61.94926178815692,2099.550048828125,424175.8,False,False,False,False,0,-0.0921864420122569
2024-09-09,1915.949951171875,1974.550048828125,1865.0,1898.6500244140625,495176,1909.0751703899714,1923.6470914145377,45.805390627848084,65.34931800529749,2099.550048828125,412162.25,False,False,False,True,1,-0.095687180463355
2024-09-10,1911.5,1962.0,1909.050048828125,1927.449951171875,181780,1910.8251495120574,1923.7962231697275,51.47584463506143,65.20650783248607,2085.0,421778.9,False,False,True,False,1,-0.07556357257943647
2024-09-11,1927.449951171875,1945.949951171875,1879.5,1888.199951171875,120885,1908.6703687177544,1922.4002909345177,44.62323825260299,65.295325213871,2070.0,424321.75,False,False,False,False,0,-0.0878261105449879
2024-09-12,1896.1500244140625,1908.0,1873.050048828125,1890.75,139001,1906.9636669351112,1921.159103054733,45.1342689559452,63.12779849658557,2009.0,420590.85,False,False,False,False,0,-0.058860129417620755
2024-09-13,1890.050048828125,1890.050048828125,1858.300048828125,1878.25,150249,1904.22903198891,1919.476393131018,43.03767449350364,60.93652368767768,1999.949951171875,421405.75,False,False,False,False,0,-0.06085149835902881
2024-09-16,1878.25,1895.949951171875,1862.0,1865.449951171875,76554,1900.5357861968114,1917.3577091326204,40.940440769842475,59.00891136512035,1999.949951171875,411493.7,False,False,False,False,0,-0.06725168293396011
2024-09-17,1874.0,1874.0,1830.75,1845.5999755859373,163275,1895.303804233871,1914.5436803660837,37.85935176844262,57.883274839040325,1999.949951171875,408513.75,False,False,False,False,0,-0.07717691910014846
2024-09-18,1858.0,1865.449951171875,1827.0,1841.5,140341,1890.1796324020736,1911.679222312512,37.23601760004657,56.49518029138566,1977.5,411128.05,False,False,False,False,0,-0.06877370417193429
2024-09-19,1845.0,1849.449951171875,1801.0,1810.050048828125,230547,1882.548243490269,1907.6937645288103,32.77789318974962,55.92052106856347,1974.550048828125,401422.15,False,False,False,False,0,-0.08331011923330534
2024-09-20,1814.5999755859373,1824.8499755859373,1787.5,1800.449951171875,458897,1874.7293585075647,1903.4881247893227,31.536683010523163,54.59405353409017,1974.550048828125,381204.2,False,False,False,True,1,-0.08817203583144251
2024-09-23,1823.0,1856.0,1818.4000244140625,1846.199951171875,120909,1872.012272094642,1901.2415297455013,42.67690950179831,54.66233891223551,1974.550048828125,393065.4,False,False,False,False,0,-0.065002200239201
2024-09-24,1864.0999755859373,1870.5,1847.0,1855.25,169169,1870.4158652284855,1899.437940343717,44.59739390916229,52.49360390622762,1974.550048828125,384480.6,False,False,False,False,0,-0.060418852841399695
2024-09-25,1857.550048828125,1897.0,1850.5999755859373,1857.8499755859373,1019358,1869.219113833957,1897.8070397649806,45.165770217864676,52.05834822821585,1974.550048828125,342319.25,False,False,False,True,1,-0.05910210952183659
2024-09-26,1857.8499755859373,1863.8499755859373,1820.0999755859373,1848.449951171875,120134,1867.2410983423301,1895.87146766329,43.430969119326356,51.46489478334329,1974.550048828125,372506.3,False,False,False,False,0,-0.06386270012810724
2024-09-27,1808.0,1827.0,1771.0,1784.050048828125,1504526,1859.318141245739,1891.4863139834797,33.840876846491724,53.32097023966699,1974.550048828125,346927.0,False,False,False,True,1,-0.09647767607261193
2024-09-30,1785.0,1799.9000244140625,1771.0,1795.9000244140625,207811,1853.2783205951032,1887.737832039581,36.614393915673666,51.576616966409524,1974.550048828125,345330.5,False,False,False,False,0,-0.09047632118521864
2024-10-01,1802.550048828125,1805.0,1781.1500244140625,1800.800048828125,208920,1848.280389950629,1884.3285072077592,37.77601476097492,49.596142582090096,1974.550048828125,341281.6,False,False,False,False,0,-0.08799473080113562
2024-10-03,1786.050048828125,1795.0,1760.0999755859375,1782.25,119370,1841.9917813839022,1880.3254284937295,35.149812005323085,48.96070905781134,1974.550048828125,309225.8,False,False,False,False,0,-0.09738930089022213
2024-10-04,1776.0,1793.0,1740.0,1749.050048828125,149623,1833.1401878071615,1875.177374389196,30.996438563687988,49.24922983939625,1974.550048828125,302483.6,False,False,False,False,0,-0.11420323335629401
2024-10-07,1751.949951171875,1779.0,1689.949951171875,1709.0999755859375,181715,1821.326834262283,1868.664535220441,26.88040751899935,52.092145481448306,1974.550048828125,296042.65,False,False,False,False,0,-0.13443572797748493
2024-10-08,1710.0,1720.0,1685.0,1699.75,110233,1809.7480881420654,1862.0404358000317,26.009879478127758,50.87127794705914,1974.550048828125,297912.0,False,False,False,False,0,-0.13917097163032965
2024-10-09,1699.75,1733.949951171875,1686.0,1700.0999755859375,288655,1799.3054107557675,1855.6898295171259,26.106343647421525,50.6626117488317,1962.0,278664.85,False,False,False,True,1,-0.133486250975567
2024-10-10,1705.0,1724.0999755859375,1693.0,1702.5,72509,1790.0858478266468,1849.6823852223367,26.811037492692464,49.26528059433926,1945.949951171875,284008.6,False,False,False,False,0,-0.12510596740952484
2024-10-11,1708.0,1708.0,1693.300048828125,1698.550048828125,80521,1781.3681526839305,1843.7556269323677,26.36539322385491,46.79632849273467,1908.0,281589.8,False,False,False,False,0,-0.10977460753242929
2024-10-14,1699.0,1713.1500244140625,1677.0,1681.1500244140625,87416,1771.8235690391812,1837.3789366375322,24.438358455971326,46.03587820140095,1897.0,278665.8,False,False,False,False,0,-0.11378491069369401
2024-10-15,1690.0,1698.0,1630.75,1649.8499755859375,209665,1760.2070363293485,1830.0248597335483,21.407283362763167,47.551172615586594,1897.0,275524.15,False,False,False,False,0,-0.13028467285928436
2024-10-16,1652.949951171875,1695.0,1630.1500244140625,1666.3499755859375,732542,1751.2682686394999,1823.6062368257988,26.577151955934212,48.78680139918309,1897.0,282179.7,False,False,False,True,1,-0.12158672873698606
2024-10-17,1667.0,1669.4000244140625,1627.0,1639.6500244140625,96802,1740.6379596656489,1816.392267711613,23.84386592979925,48.330603043103046,1897.0,310643.05,False,False,False,False,0,-0.13566155803159596
2024-10-18,1639.0,1655.550048828125,1598.5999755859375,1650.0999755859375,406250,1732.0152945152001,1809.8710013537434,27.007898786496483,48.9462794858948,1897.0,308466.1,False,False,False,True,1,-0.13015288582712836
2024-10-21,1671.5999755859375,1696.8499755859375,1662.1500244140625,1675.300048828125,323911,1726.6138425450026,1804.5937090978368,34.11651228409292,48.78940237975946,1897.0,317251.25,False,False,False,True,1,-0.11686871437631785
2024-10-22,1675.300048828125,1682.8499755859375,1640.0,1647.5999755859375,135796,1719.088712358425,1798.4370920973702,30.589949691369213,48.36515760877218,1897.0,310501.95,False,False,False,False,0,-0.13147075614868875
2024-10-23,1640.0,1647.1500244140625,1585.699951171875,1607.3499755859375,145731,1708.4469279039022,1790.9434796851572,26.330818820362126,49.331933809150065,1897.0,311246.3,False,False,False,False,0,-0.1526884683258105
2024-10-24,1609.9000244140625,1660.0,1604.0,1641.949951171875,193657,1702.113882500852,1785.1005962140482,34.742233066960694,49.808224251353636,1897.0,310074.4,False,False,False,False,0,-0.13444915594524254
2024-10-25,1655.0,1663.3499755859375,1591.8499755859375,1605.8499755859375,106396,1692.945891366098,1778.0711601109851,30.791885878256224,51.357636804828374,1863.8499755859373,268789.35,False,False,False,False,0,-0.13842315818304662
2024-10-28,1615.0,1640.0,1602.75,1624.550048828125,71528,1686.4320016005768,1772.0507243744023,34.91995056527976,50.34994846162635,1827.0,268102.45,False,False,False,False,0,-0.1108100444290504
2024-10-29,1624.550048828125,1639.9000244140625,1601.4000244140625,1625.4000244140625,191638,1680.6194323447182,1766.2997165328204,35.109411214467244,49.50352357151018,1805.0,196452.55,False,False,False,False,0,-0.09950137151575489
2024-10-30,1627.0,1653.699951171875,1616.449951171875,1642.1500244140625,57485,1676.9556792084654,1761.4311011556142,38.88522368647746,48.628271887830884,1805.0,195643.9,False,False,False,False,0,-0.09022159312240308
2024-10-31,1642.0,1656.550048828125,1623.800048828125,1651.0999755859375,103411,1674.493231244415,1757.1043903489604,40.86521048740712,47.49410961012868,1795.0,188072.15,False,False,False,False,0,-0.0801671445203691
2024-11-01,1651.0999755859375,1659.449951171875,1637.449951171875,1646.3499755859375,20971,1671.812921181703,1752.7610799660968,40.12226132416316,45.673101780833775,1793.0,187274.2,False,False,False,False,0,-0.08179030921029695
2024-11-04,1653.5999755859375,1653.5999755859375,1603.0,1610.9000244140625,88189,1666.0116929181181,1747.1979013169973,35.00700881894225,46.02502133834118,1779.0,180841.6,False,False,False,False,0,-0.09449127351654718
2024-11-05,1601.0,1850.0,1600.0,1832.8499755859373,5756461,1681.901053172196,1750.556806190289,65.05036381878404,60.59466267131681,1733.949951171875,176165.3,False,True,True,True,2,0.05703741584191713
2024-11-06,1800.0,1871.699951171875,1765.550048828125,1856.3499755859373,1032883,1698.515236259219,1754.705557931295,66.80026687255739,63.8486083622049,1850.0,458476.7,False,True,True,True,2,0.0034324192356418592
2024-11-07,1827.199951171875,1849.5,1793.449951171875,1803.800048828125,442892,1708.5423612657814,1756.630832084112,59.61244655358317,63.780852365909,1871.699951171875,495688.1,False,False,True,False,1,-0.03627712994341736
2024-11-08,1786.0,1828.300048828125,1775.0,1777.5999755859375,202286,1715.1192769153201,1757.453151437125,56.356494085283884,63.03222354178157,1871.699951171875,514207.25,False,False,True,False,1,-0.05027513920007387
2024-11-11,1784.5,1858.300048828125,1777.5999755859375,1818.0999755859373,295507,1724.9269625029979,1759.8314582664902,59.99399795643754,64.29421280609628,1871.699951171875,520295.5,False,False,True,False,1,-0.028637055609462725
2024-11-12,1821.699951171875,1831.9000244140625,1750.0,1764.550048828125,87563,1728.7005897720578,1760.0165010336132,53.62934316898914,65.55177077809387,1871.699951171875,530700.05,False,False,True,False,1,-0.0572473714478986
2024-11-13,1764.0,1764.75,1696.0999755859375,1703.4000244140625,97009,1726.2910121189154,1757.7962470485327,47.44013106589545,65.77307460923448,1871.699951171875,524594.95,False,False,False,False,0,-0.08991821934516775
2024-11-14,1703.0,1782.949951171875,1703.0,1774.0,150733,1730.8347252504473,1758.431688340747,54.035618646503465,66.7857086494231,1871.699951171875,492818.3,False,False,True,False,1,-0.05219851136433751
2024-11-18,1765.0,1792.449951171875,1726.449951171875,1773.300048828125,103079,1734.8790417816547,1759.0147613010365,53.96331850291762,66.72958660303574,1871.699951171875,495514.85,False,False,True,False,1,-0.05257247684498878
2024-11-19,1751.1500244140625,1798.0999755859375,1751.1500244140625,1783.0,68744,1739.461990183402,1759.9553588970743,54.86460479896766,65.31675550080998,1871.699951171875,480356.3,False,False,True,False,1,-0.047390048344201685
2024-11-21,1764.0,1794.0,1725.0,1787.0,87198,1743.9894196897446,1761.0159330579734,55.25364239503745,65.57984439360926,1871.699951171875,467597.95,False,False,True,False,1,-0.04525295366858573
2024-11-22,1787.0,1804.9000244140625,1748.199951171875,1755.050048828125,101150,1745.042812941019,1760.7819768136658,51.43975304247181,64.94557502565057,1871.699951171875,465168.05,False,False,True,False,1,-0.06232297130248643
2024-11-25,1779.0,1786.800048828125,1756.3499755859375,1773.949951171875,172956,1747.79587372491,1761.2983679649683,53.48512852905678,62.57446252381839,1871.699951171875,462939.0,False,False,True,False,1,-0.05222525113536414
2024-11-26,1782.25,1791.699951171875,1733.050048828125,1740.5999755859375,98533,1747.110550092627,1760.4866663030457,49.52138466288838,62.29413679667065,1871.699951171875,461903.95,False,False,False,False,0,-0.07004326494952118
2024-11-27,1746.5,1760.0,1721.0,1728.4000244140625,49017,1745.328595266097,1759.2283666211247,48.11658438158454,60.63026988262275,1871.699951171875,461510.8,False,False,False,False,0,-0.07656137762256832
2024-11-28,1728.4000244140625,1752.0999755859375,1712.0999755859375,1718.3499755859375,181770,1742.7592029156056,1757.625292462882,46.93540160144281,59.15667917672112,1871.699951171875,460385.25,False,False,False,False,0,-0.08193085408263479
2024-11-29,1719.550048828125,1744.300048828125,1713.449951171875,1738.0,64267,1742.3059454950717,1756.8556731506123,49.54347185602272,57.13478049668747,1871.699951171875,459891.85,False,False,False,False,0,-0.0714323634448808
2024-12-02,1735.199951171875,1817.449951171875,1732.5999755859375,1780.0999755859375,148123,1745.9053769322968,1757.767214422586,54.68252959407743,59.11443728877676,1871.699951171875,460230.95,False,False,True,False,1,-0.04893945502781394
2024-12-03,1784.699951171875,1845.0,1777.550048828125,1812.449951171875,267064,1752.2429554313042,1759.9116354715777,58.205148908951706,59.709831137569495,1871.699951171875,462466.55,False,False,True,False,1,-0.031655714882560915
2024-12-04,1800.0,1827.8499755859373,1790.0,1800.8499755859375,134463,1756.8721954460311,1761.5170605741016,56.5089184831488,58.148412883881484,1871.699951171875,474771.2,False,False,True,False,1,-0.03785327639805636
2024-12-05,1801.449951171875,1840.0,1786.0,1834.199951171875,114458,1764.2367436103973,1764.3673700093084,60.10830938862725,57.85209767788995,1871.699951171875,477084.9,False,False,True,False,1,-0.020035262583899316
2024-12-06,1837.0999755859373,1837.1500244140625,1804.0,1813.25,69337,1768.9046727903594,1766.2843358912962,56.92135244706346,56.08766387333085,1871.699951171875,194984.75,True,False,True,False,1,-0.03122826985985616
2024-12-09,1822.25,1838.0,1781.050048828125,1791.949951171875,87607,1771.0994612076465,1767.2908306081817,53.79821011612761,56.14925582322686,1858.300048828125,146807.45,True,False,True,False,1,-0.03570472793028845
2024-12-10,1791.0,1800.0,1756.050048828125,1760.8499755859375,90671,1770.1233197198646,1767.0382480582898,49.5254444014318,55.27787691955887,1858.300048828125,129043.2,True,False,False,False,0,-0.05244044055406505
2024-12-11,1770.9000244140625,1788.300048828125,1756.3499755859375,1775.300048828125,75198,1770.6163415396989,1767.3622402453423,51.45467161837557,53.61160522831806,1858.300048828125,123462.45,True,False,True,False,1,-0.0446644771130158
2024-12-12,1850.0,1864.0,1761.199951171875,1782.550048828125,706438,1771.7528850909775,1767.957840581922,52.43694695957096,57.12506548544713,1845.0,112447.0,True,False,True,True,2,-0.03384821201727639
2024-12-13,1765.550048828125,1767.5,1736.6500244140625,1748.0999755859375,80817,1769.5002270428784,1767.179100778158,47.51688484177678,56.323276837491086,1864.0,143390.75,True,False,False,False,0,-0.06217812468565587
2024-12-16,1740.449951171875,1751.9000244140625,1727.050048828125,1731.3499755859375,49734,1765.8668697612648,1765.7740370451297,45.29172411325688,54.07518389095155,1864.0,142581.15,True,False,False,False,0,-0.0711641761878018
2024-12-17,1725.0,1780.949951171875,1725.0,1747.4000244140625,184421,1764.1081225853407,1765.053487530186,47.81356280560969,54.20909583958894,1864.0,137531.2,False,False,False,True,1,-0.06255363497099653
2024-12-18,1750.0,1784.0,1748.050048828125,1763.9000244140625,98783,1764.0883037118856,1765.008253682495,50.34751009660228,52.95130153575669,1864.0,141598.3,False,False,True,False,1,-0.0537017036405244
2024-12-19,1759.9000244140625,1794.4000244140625,1748.5999755859375,1777.5999755859375,186447,1765.3751296046523,1765.5020466983165,52.4135695546689,52.44049777092586,1864.0,143100.25,False,False,True,True,2,-0.046351944428145164
2024-12-20,1790.0,1794.800048828125,1765.0,1772.300048828125,101436,1766.0346457211735,1765.7686350171325,51.520435111251835,50.823322846440085,1864.0,148062.7,True,False,True,False,1,-0.04919525277461101
2024-12-23,1790.25,1793.0,1743.050048828125,1764.800048828125,147482,1765.9170650646927,1765.7306512450145,50.21638399324393,50.760939155399726,1864.0,148077.0,True,False,True,False,1,-0.05321885792482561
2024-12-24,1774.050048828125,1807.8499755859373,1754.5999755859375,1779.449951171875,103590,1767.205911360615,1766.2686630068524,52.733078828574,50.9387292157283,1864.0,146803.3,True,False,True,False,1,-0.04535946825543191
2024-12-26,1754.449951171875,1832.0,1733.550048828125,1824.3499755859373,443499,1772.648203191598,1768.5463615393655,59.49205429067703,54.33238792688164,1864.0,147056.15,True,False,True,True,2,-0.021271472325140928
2024-12-27,1827.199951171875,1831.8499755859373,1793.5999755859375,1810.6500244140625,246201,1776.2674242604041,1770.1974855736673,56.822134441490846,53.18364593210436,1864.0,166780.25,True,False,True,True,2,-0.028621231537520164
2024-12-30,1810.6500244140625,1819.8499755859373,1773.9000244140625,1784.5,88224,1777.0514790927466,1770.758368492347,52.02290390793625,52.66695344923082,1864.0,170001.8,True,False,True,False,1,-0.04265021459227469
2024-12-31,1779.0,1799.449951171875,1764.050048828125,1779.3499755859375,119180,1777.2703835206696,1771.0952942607232,51.10740098105049,51.43359265598219,1864.0,171199.65,True,False,True,False,1,-0.04541310322642833
2025-01-01,1765.0999755859375,1824.0,1762.800048828125,1810.0999755859373,149613,1780.3970113364094,1772.6248896068103,56.07757887675857,52.131189692831676,1864.0,169752.5,True,False,True,False,1,-0.02891632211054862
2025-01-02,1810.699951171875,1851.949951171875,1810.699951171875,1842.0,358717,1786.2639626377036,1775.3454821712492,60.55706885876831,51.39681725662497,1864.0,163879.95,True,False,True,True,2,-0.011802575107296098
2025-01-03,1842.0,1919.5,1840.050048828125,1901.0999755859373,518068,1797.2007257756306,1780.2770309326095,67.2259551332727,53.400612536285685,1864.0,175092.65,True,True,True,True,2,0.019903420378721615
2025-01-06,1964.0,1964.0,1878.1500244140625,1890.75,443053,1806.110180463666,1784.60930422937,65.14852964523745,55.71842418268939,1919.5,195273.15,True,False,True,True,2,-0.014977858817400325
2025-01-07,1900.0,1916.75,1846.5,1850.050048828125,222933,1810.2949298317099,1787.1756079391253,57.60940213302711,56.75639388392587,1964.0,213958.95,True,False,True,True,2,-0.05801932340726834
2025-01-08,1870.0,1912.9000244140625,1836.1500244140625,1849.800048828125,300187,1814.0573221170828,1789.6314683661449,57.565335657619244,58.18450860650259,1964.0,220725.25,True,False,True,True,2,-0.05814661464963089
2025-01-09,1850.050048828125,1858.5999755859373,1806.25,1829.949951171875,120723,1815.570905836587,1791.2125853389186,54.03132475079656,57.76775624789078,1964.0,231201.05,True,False,True,False,1,-0.06825358901635692
2025-01-10,1800.0,1808.199951171875,1774.949951171875,1782.050048828125,368580,1812.3784432643524,1790.8532701816328,46.59729618947247,57.570059373041445,1964.0,233477.3,True,False,False,True,1,-0.09264254132987526
2025-01-13,1710.050048828125,1775.0,1645.4000244140625,1695.300048828125,333796,1801.2281199847116,1787.1060850305148,36.738577313274995,63.218628304542946,1964.0,216584.4,True,False,False,True,1,-0.13681260242967164
2025-01-14,1690.050048828125,1697.6500244140625,1662.949951171875,1669.0,169799,1788.6349657004534,1782.4744738528477,34.3647725661241,61.18158865723184,1964.0,229233.35,True,False,False,False,0,-0.15020366598778
2025-01-15,1678.0,1697.4000244140625,1652.5,1674.449951171875,138020,1777.7602024120174,1778.238218061437,35.297732303085425,60.018619782719746,1964.0,235236.6,False,False,False,False,0,-0.14742874176584775
2025-01-16,1683.300048828125,1719.800048828125,1667.1500244140625,1675.8499755859375,275164,1768.0544665238192,1774.2229928663196,35.551168496031906,59.49229154210138,1964.0,232916.55,False,False,False,True,1,-0.14671589837783228
2025-01-17,1687.050048828125,1704.949951171875,1670.0,1679.199951171875,117007,1759.592131728396,1770.4965990743806,36.195179578324755,57.73926722994235,1964.0,241735.6,False,False,False,False,0,-0.14501020816095977
2025-01-20,1725.0,1725.0,1668.5,1676.699951171875,285344,1751.6976383420608,1766.8182991566355,35.90681742716805,57.65074814208933,1964.0,238263.6,False,False,False,True,1,-0.14628312058458504
2025-01-21,1690.0,1697.0999755859375,1651.0,1659.199951171875,106481,1742.8883348020431,1762.5979717846842,33.872505407348385,56.82569295950705,1964.0,247459.0,False,False,False,False,0,-0.15519350754996186
2025-01-22,1659.75,1665.949951171875,1627.5,1633.550048828125,77017,1732.475164709289,1757.5372689236428,31.09201223921599,55.51313997467619,1964.0,245408.95,False,False,False,False,0,-0.1682535392932154
2025-01-23,1630.0,1653.949951171875,1616.0,1622.449951171875,192856,1721.9965729438209,1752.2397270510246,29.946381567199793,54.25862648876182,1964.0,244080.3,False,False,False,False,0,-0.17390532017725302
2025-01-24,1636.25,1636.25,1550.0,1558.050048828125,148758,1706.3826182661355,1744.6244455520875,24.342341350877334,56.543724596707406,1964.0,231548.15,False,False,False,False,0,-0.2066954944866981
2025-01-27,1558.050048828125,1558.050048828125,1428.0,1440.199951171875,366042,1681.031888066682,1732.6862300861967,17.783760114886917,61.794176327522955,1964.0,226676.0,False,False,False,True,1,-0.2667006358595341
2025-01-28,1482.0,1523.300048828125,1417.050048828125,1486.25,399847,1662.4812320603314,1723.0220642004635,26.156102777350526,64.96959230412845,1964.0,240566.9,False,False,False,True,1,-0.24325356415478616
2025-01-29,1490.0,1512.5,1480.0,1506.8499755859375,79923,1647.6592076341988,1714.5447273920508,29.609334708349166,62.65033571097642,1964.0,254600.25,False,False,False,False,0,-0.2327647782148995
2025-01-30,1501.0,1527.0,1492.550048828125,1506.4000244140625,97520,1634.205952089424,1706.3821900203652,29.576800092004092,60.636022529612035,1964.0,251115.75,False,False,False,False,0,-0.23299387758958123
2025-01-31,1502.0,1534.0,1494.0,1524.75,130708,1623.781575699955,1699.2593590391743,32.81884690260857,59.16202092035403,1964.0,238055.9,False,False,False,False,0,-0.22365071283095728
2025-02-01,1527.75,1543.0,1500.050048828125,1530.449951171875,56826,1614.8928495544235,1692.6393822600646,33.837752860085075,58.00401593831982,1964.0,218687.9,False,False,False,False,0,-0.22074849736666247
2025-02-03,1530.449951171875,1543.449951171875,1504.0,1513.949951171875,100734,1605.279240184657,1685.6319535899395,32.31010750792886,56.678725597859476,1916.75,199376.55,False,False,False,False,0,-0.2101474103707448
2025-02-04,1510.0,1518.949951171875,1435.0,1458.550048828125,726579,1591.3050314840348,1676.726780854182,27.77592229940292,58.62667028171773,1912.9000244140625,193266.6,False,False,False,True,1,-0.23751893449063488
2025-02-05,1477.949951171875,1507.0,1467.800048828125,1497.25,155761,1582.3474094379362,1669.6884757226455,34.672634431054774,57.899761773871816,1858.5999755859373,214586.2,False,False,False,False,0,-0.19442052100103957
2025-02-06,1504.699951171875,1528.4000244140625,1490.0999755859375,1517.050048828125,181133,1576.1286131893828,1663.7026550601151,37.937961283684075,56.499782277747045,1808.199951171875,216338.1,False,False,False,False,0,-0.16101643081842743
2025-02-07,1526.0,1526.0,1492.8499755859375,1516.5999755859375,113408,1570.4592191319118,1657.9339225317162,37.89159780116959,54.83194243034101,1775.0,206965.75,False,False,False,False,0,-0.14557747854313385
2025-02-10,1516.5999755859375,1523.300048828125,1471.050048828125,1477.8499755859375,127940,1561.6392911751523,1650.8718069652152,34.035026619350774,54.647517971030936,1725.0,195946.35,False,False,False,False,0,-0.14327537647192023
2025-02-11,1477.8499755859375,1483.699951171875,1444.8499755859375,1451.75,159277,1551.1736443965665,1643.063108652854,31.695092981932547,53.51912208638141,1725.0,193853.4,False,False,False,False,0,-0.1584057971014493
2025-02-12,1450.0,1512.0,1411.0999755859375,1478.75,314223,1544.2761544540363,1636.6194573331343,36.55453471513269,56.90347225264435,1725.0,194916.25,False,False,False,True,1,-0.1427536231884058
2025-02-13,1484.949951171875,1509.1500244140625,1466.449951171875,1476.1500244140625,96590,1537.7879515930863,1630.3265383951316,36.28681918551283,55.88894375189743,1725.0,196869.2,False,False,False,False,0,-0.14426085541213773
2025-02-14,1469.0,1507.449951171875,1450.5,1459.4000244140625,76952,1530.3224347188936,1623.6235378468543,34.5321849947979,55.964729996181546,1725.0,195848.35,False,False,False,False,0,-0.15397100033967392
2025-02-17,1460.050048828125,1498.6500244140625,1435.1500244140625,1478.6500244140625,109775,1525.4012527851,1617.9383020259606,38.22896150278354,56.502963567882865,1697.0999755859375,185428.75,False,False,False,False,0,-0.1287195535410065
2025-02-18,1478.6500244140625,1489.9000244140625,1459.550048828125,1471.3499755859375,63308,1520.2535120994655,1612.1897402047834,37.36724163897104,54.63489299774391,1665.949951171875,185593.45,False,False,False,False,0,-0.1168102171671187
2025-02-19,1471.300048828125,1503.8499755859375,1443.1500244140625,1499.550048828125,139728,1518.2817536926711,1607.772497405699,42.73702387810233,55.06811143875328,1653.949951171875,184908.0,False,False,False,False,0,-0.0933522215919248
2025-02-20,1501.1500244140625,1531.949951171875,1486.199951171875,1519.949951171875,115836,1518.4406296430714,1604.3284759847647,46.32221457629282,54.402532050270906,1636.25,182251.6,False,False,False,False,0,-0.07107718797746376
2025-02-21,1519.949951171875,1567.699951171875,1515.050048828125,1526.5999755859375,103858,1519.2177102090586,1601.2802994985361,47.476652479749134,54.27734421409084,1558.050048828125,180605.5,False,False,False,False,0,-0.020185534646876335
2025-02-24,1514.050048828125,1597.5,1473.25,1525.3499755859375,347761,1519.8017354830472,1598.3026397372578,47.27085459906285,59.2753910559415,1567.699951171875,167496.3,False,False,False,True,1,-0.027014082353118862
2025-02-25,1540.550048828125,1634.9000244140625,1525.5,1597.9000244140625,1698369,1527.2396677621914,1598.286850901054,58.511696999113184,62.86643803966889,1597.5,164892.0,False,True,True,True,2,0.00025040651897501043
2025-02-27,1600.0,1651.9000244140625,1580.199951171875,1617.800048828125,376161,1535.864465958947,1599.0520743491745,60.96953063740378,63.49741198270594,1634.9000244140625,245814.3,False,False,True,True,2,-0.01045934022299988
2025-02-28,1550.0,1622.4000244140625,1504.199951171875,1552.800048828125,324164,1537.4773786131545,1597.2382694267803,50.45528924631342,67.40474492981177,1651.9000244140625,259746.35,False,False,True,True,2,-0.059991509244688546
2025-03-03,1556.0,1598.949951171875,1513.0,1538.800048828125,219748,1537.6033472050567,1594.9465745013429,48.51468202330773,68.72940251853058,1651.9000244140625,269419.15,False,False,False,False,0,-0.06846659841055125
2025-03-04,1525.0,1586.0,1513.0999755859375,1522.4000244140625,182218,1536.1554117011526,1592.101611752822,46.2696216034772,69.02730408249714,1651.9000244140625,277565.25,False,False,False,False,0,-0.07839457478423029
2025-03-05,1500.0,1580.199951171875,1500.0,1576.5999755859375,123673,1540.007274928275,1591.4937044521598,53.86762888308177,69.82535030316699,1651.9000244140625,281639.45,False,False,True,False,1,-0.045583902000869814
2025-03-06,1602.0,1636.800048828125,1589.949951171875,1629.949951171875,177813,1548.573244094332,1593.0017925588154,59.88138426880601,69.13783051309703,1651.9000244140625,251494.15,False,False,True,False,1,-0.01328777342319687
2025-03-07,1628.0,1672.449951171875,1623.6500244140625,1641.550048828125,166390,1557.4281778785028,1594.905645745847,61.06972121344803,67.68512310200528,1651.9000244140625,252596.75,False,False,True,False,1,-0.006265497568237355
2025-03-10,1632.550048828125,1667.0,1630.0,1654.699951171875,125785,1566.6921562873954,1597.2505204684364,62.42834601820506,65.49332859471919,1672.449951171875,251859.6,False,False,True,False,1,-0.010613172602003784
2025-03-11,1642.0,1667.949951171875,1601.699951171875,1609.550048828125,126636,1570.7738603388934,1597.7328549139145,55.29320209346341,65.54737655223924,1672.449951171875,252478.45,False,False,True,False,1,-0.037609437759065
2025-03-12,1600.0,1619.699951171875,1552.550048828125,1579.0999755859375,161603,1571.5668236957547,1597.0021537637977,51.055056430136304,65.6618426802043,1672.449951171875,252413.25,False,False,True,False,1,-0.05581630441050134
2025-03-13,1585.0,1595.0,1545.75,1554.8499755859375,141236,1569.9747429233912,1595.3491271685875,47.90585242561599,64.48956820304686,1672.449951171875,252529.55,False,False,False,False,0,-0.07031599092309815
2025-03-17,1554.8499755859375,1585.9000244140625,1542.5999755859375,1556.75,105464,1568.715243597354,1593.8354359070743,48.17558201406456,62.97603110483815,1672.449951171875,243880.2,False,False,False,False,0,-0.06917991841298732
2025-03-18,1556.75,1556.75,1556.75,1556.75,0,1567.575696588082,1592.381105087189,48.17558201406456,58.47774316877828,1672.449951171875,244323.9,False,False,False,False,0,-0.06917991841298732
2025-03-19,1594.0,1604.75,1556.6500244140625,1582.5,149477,1568.9970588177887,1591.9936107700444,52.07574239617671,57.73647405571823,1672.449951171875,240476.3,False,False,True,False,1,-0.053783344074869066
2025-03-20,1598.0,1600.0,1564.449951171875,1591.6500244140625,331371,1571.154484112672,1591.9801367953,53.41727918605149,56.15172939660444,1672.449951171875,242461.4,False,False,True,True,2,-0.048312313741404656
2025-03-21,1606.25,1684.9000244140625,1512.300048828125,1585.4000244140625,3976802,1572.511202236614,1591.7220931725064,52.339525730320965,64.46946126727109,1672.449951171875,255864.55,False,False,True,True,2,-0.05204934634774405
2025-03-24,1641.050048828125,1660.0,1602.0,1610.199951171875,156702,1576.100606897115,1592.4467150548346,56.12250972232539,65.19306943289011,1684.9000244140625,447718.25,False,False,True,False,1,-0.044335018196800746
2025-03-25,1623.949951171875,1642.0,1617.4000244140625,1634.0,728952,1581.6148348116756,1594.0762556409195,59.44902539255415,62.80785367540689,1684.9000244140625,449761.55,False,False,True,True,2,-0.03020952203485394
2025-03-26,1633.6500244140625,1648.0,1607.4000244140625,1623.0999755859375,97701,1585.5658005997007,1595.2144407368025,57.306214611122144,61.22157666901622,1684.9000244140625,481016.25,False,False,True,False,1,-0.03667876309136886
2025-03-27,1605.0,1632.9000244140625,1585.0,1604.8499755859375,108429,1587.402388693628,1595.5923048485333,53.80906198597293,60.27003722223382,1684.9000244140625,468513.25,False,False,True,False,1,-0.047510266287736025
2025-03-28,1615.9000244140625,1633.949951171875,1580.300048828125,1592.4000244140625,60089,1587.878354000336,1595.467117380515,51.500132480360705,59.797170445199264,1684.9000244140625,389016.25,False,False,True,False,1,-0.054899399762408874
2025-04-01,1605.550048828125,1613.4000244140625,1548.4000244140625,1553.550048828125,191637,1584.6089916029828,1593.8233107706174,45.00975851982369,60.16880112768503,1684.9000244140625,373212.65,False,False,False,False,0,-0.07795713317270292
2025-04-02,1561.699951171875,1561.699951171875,1528.199951171875,1535.0999755859375,86967,1579.893847220407,1591.5204348810223,42.28434144109133,58.263886761421816,1684.9000244140625,366586.3,False,False,False,False,0,-0.08890738124371456
2025-04-03,1767.699951171875,1767.699951171875,1541.5999755859375,1559.5,2510488,1577.9515760565587,1590.264731552355,46.86651409622314,70.71646453460151,1684.9000244140625,359947.25,False,False,False,True,1,-0.07442579535701022
2025-04-04,1564.6500244140625,1570.0,1463.0,1474.8499755859375,515601,1568.1323760117377,1585.738662690927,36.14516350861971,73.30814563927284,1767.699951171875,476360.75,False,False,False,True,1,-0.16566724199533767
2025-04-07,1300.0,1448.75,1277.800048828125,1415.800048828125,249392,1553.6245353275842,1579.0744033237584,30.84438227056272,82.1468442905971,1767.699951171875,495957.15,False,False,False,False,0,-0.19907219101887863
2025-04-08,1441.949951171875,1460.699951171875,1420.0,1425.5,211217,1541.422198629719,1573.051877703219,32.593136097783585,79.48634843725088,1767.699951171875,499536.1,False,False,False,False,0,-0.19358486203782366
2025-04-09,1390.0,1402.9000244140625,1342.0,1392.800048828125,389590,1527.2677081724246,1565.9831785316467,29.852541697330935,79.7730378345901,1767.699951171875,501777.45,False,False,False,False,0,-0.21208344894461006
2025-04-11,1455.5,1465.800048828125,1386.25,1393.75,807052,1514.5517359655269,1559.228936236288,30.03658857561858,79.75711004841402,1767.699951171875,514967.7,False,False,False,True,1,-0.21154605504399626
2025-04-15,1405.699951171875,1430.800048828125,1396.4000244140625,1426.300048828125,84419,1506.1468133810124,1554.01603869087,36.212319572135264,76.70660567553624,1767.699951171875,548988.5,False,False,False,False,0,-0.19313226892234914
2025-04-16,1435.0,1458.800048828125,1413.199951171875,1442.5999755859375,192899,1500.0947335910053,1549.646781314206,39.11083810340352,74.48471224558723,1767.699951171875,545129.3,False,False,False,False,0,-0.1839112884346783
2025-04-17,1454.800048828125,1454.800048828125,1422.0999755859375,1449.4000244140625,140459,1495.266666050344,1545.715535945573,40.32902374528339,71.50009517391582,1767.699951171875,547712.45,False,False,False,False,0,-0.180064454121187
2025-04-21,1467.0,1467.9000244140625,1430.199951171875,1464.4000244140625,333309,1492.3269858945077,1542.526692356102,43.0363178990307,69.08580789307808,1767.699951171875,549462.2,False,False,False,False,0,-0.1715788511261448
2025-04-22,1460.0,1464.0999755859375,1446.699951171875,1450.9000244140625,289908,1488.3815609916082,1538.9334896917085,41.22353927789859,65.41539827515733,1767.699951171875,566127.65,False,False,False,False,0,-0.17921589382168268
2025-04-23,1456.0,1486.0,1442.699951171875,1478.699951171875,146886,1487.4595029135385,1536.571390141911,46.2449262605756,63.83573045751216,1767.699951171875,573149.2,False,False,False,False,0,-0.1634892843711463
2025-04-24,1481.5999755859375,1502.699951171875,1455.9000244140625,1465.5,210901,1485.3681216836776,1533.7842768030125,44.30927010186231,62.61888733610505,1767.699951171875,563924.95,False,False,False,False,0,-0.1709565873843778
2025-04-25,1470.4000244140625,1476.0,1430.699951171875,1447.9000244140625,95841,1481.7997314675238,1530.4162669054067,41.797178277737096,61.3818274426779,1767.699951171875,375629.9,False,False,False,False,0,-0.1809130144206912
2025-04-28,1447.9000244140625,1458.4000244140625,1410.0,1413.0999755859375,190304,1475.2568975740392,1525.8156280301334,37.29480289186028,60.454555797776806,1767.699951171875,372586.85,False,False,False,False,0,-0.20059964099159466
2025-04-29,1422.0,1440.0,1401.5999755859375,1412.9000244140625,146431,1469.3181477492794,1521.3875651432288,37.26996112614863,58.8792321275115,1767.699951171875,345654.45,False,False,False,False,0,-0.2007127547424563
2025-04-30,1414.9000244140625,1430.0,1395.0,1400.0,159173,1462.7164193922051,1516.6272684709454,35.621431430949414,57.173572689832106,1767.699951171875,348090.95,False,False,False,False,0,-0.20801038712939535
2025-05-02,1400.0,1421.5999755859375,1382.300048828125,1404.0,88071,1457.1243794500904,1512.2105128446337,36.55848734654767,55.89688369468785,1767.699951171875,350628.15,False,False,False,False,0,-0.20574755966405078
2025-05-05,1400.5999755859375,1432.5,1398.9000244140625,1419.300048828125,96032,1453.5220622479983,1508.5669652361432,40.147102440630796,54.304247401205686,1767.699951171875,352027.25,False,False,False,False,0,-0.1970922169867022
2025-05-06,1407.0,1420.0,1400.0,1413.300048828125,75524,1449.6913943032484,1504.8310077299464,39.210408240848594,51.85394401540528,1767.699951171875,347247.0,False,False,False,False,0,-0.200486458184719
2025-05-07,1400.0,1420.699951171875,1387.0999755859375,1403.9000244140625,70873,1445.3303114566593,1500.8729299528527,37.72536371597252,50.55008912758616,1767.699951171875,346674.85,False,False,False,False,0,-0.2058041165394816
2025-05-08,1421.300048828125,1431.0,1405.5999755859375,1415.5999755859375,57296,1442.498850897543,1497.5288925266993,40.73409091771609,48.8750810174684,1570.0,224694.1,False,False,False,False,0,-0.09834396459494432
2025-05-09,1400.0,1428.5,1384.4000244140625,1426.0,91114,1440.9275317644438,1494.7238379178093,43.35394022718402,48.53400205807334,1502.699951171875,201778.85,False,False,False,False,0,-0.051041427872584144
2025-05-12,1426.0,1454.199951171875,1416.199951171875,1430.0999755859375,107408,1439.8963359379193,1492.1895688067555,44.397452701156304,47.781573339639536,1502.699951171875,193864.95,False,False,False,False,0,-0.04831302185730468
2025-05-13,1445.4000244140625,1469.5999755859375,1429.800048828125,1433.199951171875,107812,1439.2585850078199,1489.8762504681326,45.21916217657956,47.21145572665189,1502.699951171875,188674.5,False,False,False,False,0,-0.04625008468643432
2025-05-14,1444.699951171875,1465.0,1425.0999755859375,1461.199951171875,58207,1441.348238928206,1488.7516897114167,52.10418820711713,46.6892106328955,1502.699951171875,174585.6,False,False,True,False,1,-0.02761695704297884
2025-05-15,1468.0,1473.0,1457.0999755859375,1460.300048828125,44956,1443.1531732043888,1487.6359390885427,51.87851164391226,44.489983045836006,1502.699951171875,137143.35,False,False,True,False,1,-0.028215814015755125
2025-05-16,1474.0,1476.4000244140625,1456.0,1469.4000244140625,333563,1445.652873319596,1486.9208051797398,54.04604718386025,42.76927171499504,1502.699951171875,135170.2,False,False,True,True,2,-0.02216006377843005
2025-05-19,1471.0,1488.0999755859375,1452.199951171875,1483.9000244140625,104459,1449.2954591381165,1486.802343188929,57.34312128850498,42.27861119349986,1502.699951171875,142203.4,False,False,True,False,1,-0.012510765534497703
2025-05-20,1491.699951171875,1520.0,1488.0999755859375,1498.300048828125,177116,1453.9625629181173,1487.2532336061524,60.38307198662752,41.83728007867398,1502.699951171875,140403.4,False,False,True,True,2,-0.0029279979282083035
2025-05-21,1489.0,1580.0,1456.199951171875,1571.300048828125,1006495,1465.1375615762133,1490.5491871442691,71.47942120381171,47.69176356077762,1520.0,132593.75,False,True,True,True,2,0.03375003212376648
2025-05-22,1566.0,1591.9000244140625,1533.5,1546.5999755859375,148472,1472.8958867199965,1492.7472572792365,64.8597744014842,48.45663933601226,1580.0,168423.1,False,False,True,False,1,-0.021139255958267378
2025-05-23,1554.699951171875,1567.4000244140625,1524.4000244140625,1528.699951171875,130899,1478.2105595249373,1494.1571668436536,60.48794988193859,48.066879383439954,1591.9000244140625,168502.4,False,False,True,False,1,-0.039701031643271545
2025-05-26,1528.300048828125,1577.9000244140625,1512.0999755859375,1527.5999755859375,63292,1482.9143134355086,1495.4686495394294,60.21933051773428,49.3335343437746,1591.9000244140625,164502.3,False,False,True,False,1,-0.04039201447452212
2025-05-27,1530.5,1556.4000244140625,1515.800048828125,1527.9000244140625,117089,1487.1986668620375,1496.7404681619641,60.27115893186093,48.70970871821481,1591.9000244140625,162874.85,False,False,True,False,1,-0.04020352975593222
2025-05-28,1529.9000244140625,1535.0,1516.5999755859375,1525.699951171875,43812,1490.8654558439268,1497.8761341623529,59.65741088757405,46.544731267918216,1591.9000244140625,159214.1,False,False,True,False,1,-0.04158557210058089
2025-05-29,1526.199951171875,1612.800048828125,1513.4000244140625,1578.199951171875,246728,1499.183026827541,1501.0260877705693,68.02496386168875,50.32010934978566,1591.9000244140625,154083.15,False,False,True,True,2,-0.00860611409766776
2025-05-30,1578.199951171875,1596.9000244140625,1570.0,1588.5999755859375,99872,1507.698926709293,1504.460357880976,69.37984688274305,48.647246140091156,1612.800048828125,158460.9,True,False,True,False,1,-0.015005005276240824
2025-06-02,1583.699951171875,1622.0,1571.0999755859375,1611.800048828125,136208,1517.6133192920388,1508.6697575259623,72.20887086527752,48.808158873946255,1612.800048828125,159050.95,True,False,True,False,1,-0.0006200396637677796
2025-06-03,1625.0,1640.0,1580.0,1588.9000244140625,119928,1524.40252930366,1511.8160425019664,65.7513581257457,49.60757609723581,1622.0,161059.75,True,False,True,False,1,-0.020406890003660583
2025-06-04,1605.0,1638.0,1588.4000244140625,1625.4000244140625,112434,1534.0213383617936,1516.2703163024407,70.30900862933129,49.607033203571646,1640.0,163279.95,True,False,True,False,1,-0.008902424137766762
2025-06-05,1614.0,1650.0,1600.0999755859375,1633.5999755859375,187613,1543.5050180974263,1520.8714794115974,71.23512020662432,49.627961147178134,1640.0,165358.0,True,False,True,True,2,-0.003902453911013737
2025-06-06,1644.0,1657.9000244140625,1632.0,1642.0,95999,1552.885492564338,1525.621617473888,72.19201054597023,47.933108523384156,1650.0,171873.85,True,False,True,False,1,-0.00484848484848488
2025-06-09,1648.0,1653.699951171875,1635.199951171875,1648.4000244140625,95768,1561.9821146452641,1530.436456961738,72.93086641525797,45.830743628856716,1657.9000244140625,172118.1,True,False,True,False,1,-0.005730140454854982
2025-06-10,1652.0,1667.300048828125,1645.0999755859375,1664.699951171875,142370,1571.7647657430366,1535.7016920288024,74.76953753347476,44.142838601237486,1657.9000244140625,171536.1,True,True,True,False,1,0.004101530042630808
2025-06-11,1669.9000244140625,1702.0,1656.9000244140625,1681.800048828125,149217,1582.244316513045,1541.431039354266,76.56775118428476,44.21120552871606,1667.300048828125,173264.0,True,True,True,False,1,0.008696695001113586
2025-06-12,1682.0,1699.199951171875,1646.0999755859375,1669.4000244140625,109120,1590.5448601226658,1546.4494309252384,72.53085563209422,44.846117675660444,1702.0,177814.5,True,False,True,False,1,-0.019153922200903395
2025-06-13,1630.0,1694.5,1629.9000244140625,1689.699951171875,88073,1599.9882021273525,1552.0670983858909,74.86701421762817,46.25710752639452,1702.0,181022.7,True,False,True,False,1,-0.0072268206980757865
2025-06-16,1692.0,1780.0,1692.0,1770.800048828125,714875,1616.2559970512357,1560.6448611483313,81.59976056214667,49.403031905089556,1702.0,168748.2,True,True,True,True,2,0.0404230604160547
2025-06-17,1774.0,1816.9000244140625,1740.0,1750.5999755859375,472872,1629.0506616735884,1568.0940813223551,76.12938975173923,51.367102798587624,1780.0,199269.0,True,False,True,True,2,-0.016516867648349698
2025-06-18,1743.199951171875,1748.199951171875,1721.0,1734.699951171875,84672,1639.1124987686633,1574.627644845866,72.03578680871826,49.812307997684044,1816.9000244140625,214056.8,True,False,True,False,1,-0.04524193524005071
2025-06-19,1725.9000244140625,1750.0,1692.5999755859375,1707.199951171875,80946,1645.5970180451595,1579.826558819435,65.47784812206542,50.354287741711076,1816.9000244140625,167965.65,True,False,True,False,1,-0.060377605684476254
2025-06-20,1707.199951171875,1758.5,1707.199951171875,1723.4000244140625,258764,1653.0068281755312,1585.456890803538,67.36280262982714,50.42184210502636,1816.9000244140625,164589.35,True,False,True,True,2,-0.05146127951104684
2025-06-23,1702.5,1750.0,1702.0999755859375,1744.4000244140625,80498,1661.7109421030102,1591.6899548666959,69.67433681982092,50.24171226995752,1816.9000244140625,170982.6,True,False,True,False,1,-0.03990313117166733
2025-06-24,1744.0,1800.0,1742.0999755859375,1764.9000244140625,215000,1671.5384737516817,1598.4825066136514,71.77582958428441,50.788734565965015,1816.9000244140625,171842.9,True,False,True,True,2,-0.028620176840368328
2025-06-25,1756.0999755859375,1790.5999755859375,1756.0999755859375,1780.300048828125,133488,1681.8967189970572,1605.6126063083368,73.27413906611719,49.625253525538945,1816.9000244140625,176738.45,True,False,True,False,1,-0.020144187954282633
2025-06-26,1802.0,1808.4000244140625,1774.5,1792.300048828125,265663,1692.4113218381112,1612.9336824855836,74.41393816028047,48.5020228747192,1816.9000244140625,181222.25,True,False,True,True,2,-0.013539531760351387
2025-06-27,1789.800048828125,1801.800048828125,1776.0,1781.4000244140625,301361,1700.8864363691544,1619.5402056984653,71.43383381749884,46.880453299962475,1816.9000244140625,182169.0,True,False,True,True,2,-0.019538774573713003
2025-06-30,1781.4000244140625,1844.0,1781.4000244140625,1833.5999755859373,399506,1713.525821056467,1627.9347064783663,76.32389924834908,48.00327632038927,1816.9000244140625,192243.45,True,True,True,True,2,0.009191452995472638
2025-07-01,1842.300048828125,1884.800048828125,1822.4000244140625,1878.0,417127,1729.1900285748989,1637.741188577254,79.53320022494762,49.03161546993736,1844.0,205408.35,True,True,True,True,2,0.018438177874186445
2025-07-02,1878.0999755859373,1881.0,1826.0999755859373,1866.800048828125,315748,1742.295744789492,1646.7238889792488,76.7085690129405,49.450787537374886,1884.800048828125,220268.3,True,False,True,True,2,-0.0095500846422365
2025-07-03,1866.800048828125,1884.800048828125,1850.0,1874.4000244140625,440458,1754.8771047537366,1655.6523648786533,77.2977688108601,48.4043062009999,1884.800048828125,230434.0,True,False,True,True,2,-0.005517839635312383
2025-07-04,1873.0,1888.800048828125,1858.9000244140625,1872.699951171875,129735,1766.0983282221307,1664.164034929368,76.82956503671623,47.08257178764723,1884.800048828125,243076.25,True,False,True,False,1,-0.006419830933139692
2025-07-07,1872.0,1890.9000244140625,1853.0,1874.800048828125,141908,1776.4508730417492,1672.424270768535,77.01477876830302,46.4266755466769,1888.800048828125,244763.05,True,False,True,False,1,-0.007412113319610558
2025-07-08,1859.699951171875,1905.5999755859373,1859.699951171875,1888.300048828125,552271,1787.1031754975945,1680.8899875551858,78.22002382034319,46.389057608632996,1890.9000244140625,247070.05,True,False,True,True,2,-0.0013749936815105057
2025-07-09,1885.0,1892.4000244140625,1869.5999755859373,1877.5999755859373,226969,1795.721918363151,1688.6041047328624,74.86908233323176,44.7041284100253,1905.5999755859373,267565.1,True,False,True,False,1,-0.014693535032918148
2025-07-10,1874.699951171875,1878.800048828125,1832.5,1844.0999755859373,242490,1800.3293523843686,1694.7019820212183,65.41976145949553,44.81812272560385,1905.5999755859373,271452.7,True,False,True,False,1,-0.032273300161588137
2025-07-11,1844.0999755859373,1882.4000244140625,1840.0999755859373,1859.0,600435,1805.9170331096668,1701.1450415497982,67.39109948356021,44.63826030435538,1905.5999755859373,278121.2,True,False,True,True,2,-0.02445422763589644
2025-07-14,1869.0,1934.4000244140625,1861.0999755859373,1889.5999755859373,515348,1813.886837155026,1708.5354311198428,71.04215275945423,46.835529169334464,1905.5999755859373,303739.3,True,False,True,True,2,-0.008396305733096132
2025-07-15,1899.5,1923.699951171875,1879.199951171875,1895.800048828125,755579,1821.6880954096068,1715.8791416182069,71.73275179882768,46.66870565723915,1934.4000244140625,293762.95,True,False,True,True,2,-0.019954494984887883
2025-07-16,1894.0,2006.4000244140625,1891.0,1970.9000244140625,1474182,1835.898755314793,1725.8799605513777,78.4399026464262,51.57808556844082,1934.4000244140625,307898.3,True,True,True,True,2,0.018868899679142626
2025-07-17,1987.199951171875,2027.0,1948.0,2007.699951171875,1064470,1852.2607739678485,1736.9317248894365,80.83908190420141,53.53679374212362,2006.4000244140625,377373.8,True,True,True,True,2,0.0006478901226050215
2025-07-18,2018.0999755859373,2035.0,1992.0999755859373,2000.300048828125,599204,1866.3597525259702,1747.2598944556596,78.93688409440202,52.77702450440499,2027.0,426550.0,True,False,True,True,2,-0.013172151540145505
2025-07-21,2030.0,2030.300048828125,1950.199951171875,2013.699951171875,854137,1880.3921523970089,1757.7085241308052,79.86101238950636,54.728672586679636,2035.0,443572.0,True,False,True,True,2,-0.010466854460995045
2025-07-22,2013.0,2019.0,1954.4000244140625,1961.800048828125,187153,1888.1452853904486,1765.7121133346218,67.50699959637211,55.433765658055194,2035.0,482253.95,True,False,True,False,1,-0.03597049197635138
2025-07-23,1963.0,2051.0,1955.0,2038.0,645632,1902.4171629723107,1776.3900696744406,73.89269399598024,58.33135382533696,2035.0,480861.6,True,True,True,True,2,0.0014742014742015197
2025-07-24,2027.0,2058.60009765625,2014.0999755859373,2018.0999755859373,191641,1913.434573697418,1785.8688895141072,70.02244264628041,57.34340869997809,2051.0,506468.8,True,False,True,False,1,-0.016040967534891593
2025-07-25,2025.0,2049.89990234375,1993.4000244140625,2018.300048828125,242134,1923.4217618051043,1794.9838369381864,70.03943320965348,57.28315650210019,2058.60009765625,502767.7,True,False,True,False,1,-0.01957643394363351
2025-07-28,2010.0,2064.0,2007.699951171875,2052.39990234375,252690,1935.7053942373561,1805.0785846011497,72.86254949959388,57.21293452538768,2058.60009765625,499806.35,True,False,True,False,1,-0.0030118502955279736
2025-07-29,2062.60009765625,2131.0,2056.0,2102.10009765625,375226,1951.5525088486793,1816.7264870738989,76.35905237150963,58.740589034734995,2064.0,492465.55,True,True,True,False,1,0.018459349639655898
2025-07-30,2102.0,2130.0,2050.0,2060.699951171875,140627,1961.9475033556503,1826.2940739012706,68.44767645795477,60.25911838939678,2131.0,490370.5,True,False,True,False,1,-0.032989229858341185
2025-07-31,2000.0,2100.0,1987.0999755859373,2064.800048828125,693215,1971.7429838768385,1835.6472493885983,68.79252400589633,64.01918310544436,2131.0,481614.45,True,False,True,True,2,-0.03106520467943452
2025-08-01,2060.0,2062.0,1951.5,1978.5,167710,1972.3865092219014,1841.2493180400259,55.133671033387074,67.5392449427787,2131.0,494252.3,True,False,True,False,1,-0.07156264664476775
2025-08-04,1975.699951171875,1999.4000244140625,1950.5,1982.800048828125,111010,1973.3782748986846,1846.8003270905397,55.6066458038735,66.2078720478704,2131.0,496151.05,True,False,True,False,1,-0.06954479172776862
2025-08-05,1982.800048828125,2012.9000244140625,1931.0,1964.699951171875,148493,1972.5517678770836,1851.423841760396,53.07056345324527,67.32874007402698,2131.0,494606.15,True,False,True,False,1,-0.07803850250029332
2025-08-06,2020.199951171875,2089.39990234375,1940.300048828125,1957.5,1948663,1971.1182661745042,1855.5836911031256,52.053564643933115,73.16953389128399,2131.0,474417.25,True,False,True,True,2,-0.08141717503519474
2025-08-07,1939.800048828125,1977.0,1925.0,1957.800048828125,256619,1969.8498645224681,1859.5921757197923,52.094764603662014,71.65742432762084,2131.0,560501.95,True,False,True,False,1,-0.08127637314494374
2025-08-08,1957.0,1972.5,1929.699951171875,1934.5999755859373,152477,1966.4927322427984,1862.5336580674843,48.616173778398455,69.59618322051399,2131.0,561208.4,True,False,False,False,0,-0.09216331506994968
2025-08-11,1934.5999755859373,1945.199951171875,1907.300048828125,1936.300048828125,78843,1963.617238584258,1865.4264577051565,48.8855232611379,67.332163157888,2131.0,538810.5,True,False,False,False,0,-0.09136553316371421
2025-08-12,1943.0,1967.0,1914.699951171875,1933.4000244140625,208466,1960.7394086632871,1868.0920877721724,48.41926493194567,66.25844070576207,2131.0,516985.25,True,False,False,False,0,-0.09272640806472898
2025-08-13,1934.0,1970.0,1922.0,1950.199951171875,202968,1959.7356508069622,1871.3120039839255,51.31608958094375,64.9542663696362,2131.0,489629.6,True,False,True,False,1,-0.08484281972225483
2025-08-14,1948.0,1998.0,1945.0,1975.800048828125,208200,1961.2655934756444,1875.4095743699725,55.424292114490214,64.10039020037648,2131.0,426068.9,True,False,True,False,1,-0.07282963452457769
2025-08-18,1976.0,1995.0999755859373,1953.0999755859373,1973.0,162130,1962.3831560017736,1879.2366498848755,54.87881096039455,62.52179090034959,2131.0,383255.4,True,False,True,False,1,-0.07414359455654618
2025-08-19,1970.0,1973.0,1925.199951171875,1944.5,193227,1960.679998287319,1881.7959969482138,49.534948740604875,61.4702378951907,2131.0,361401.7,True,False,False,False,0,-0.08751759737212572
2025-08-20,1944.5,1953.9000244140625,1892.5,1943.5999755859373,237050,1959.053329458616,1884.2196823849874,49.37144769483685,61.46522264653869,2131.0,328356.2,True,False,False,False,0,-0.0879399457597666
2025-08-21,1945.4000244140625,1965.0,1935.5,1944.800048828125,274600,1957.695874160474,1886.5953830298165,49.61027772154682,59.181992457500215,2131.0,330851.05,True,False,False,False,0,-0.08737679548187471
2025-08-22,1945.0,1964.699951171875,1911.0999755859373,1957.4000244140625,430408,1957.667697994149,1889.3720356331203,52.16188655486613,58.78327696667433,2131.0,312299.45,True,False,True,True,2,-0.08146408990424092
2025-08-25,1960.0,1980.0,1930.199951171875,1941.0,42668,1956.0802981851825,1891.3966616867233,48.70485115319931,58.1416178139208,2131.0,324237.8,True,False,False,False,0,-0.08916001877053026
2025-08-26,1927.0,1947.4000244140625,1913.0999755859373,1927.5,96307,1953.3583650246887,1892.8124788754792,46.0021229805846,56.43864860064969,2131.0,314264.5,True,False,False,False,0,-0.09549507273580482
2025-08-28,1927.5,1929.0,1875.0999755859373,1886.800048828125,251861,1947.0194777678732,1892.5766973049947,38.97933746975073,56.25731830160777,2131.0,306445.35,True,False,False,False,0,-0.11459406436972075
2025-08-29,1887.5,1904.0,1852.5999755859373,1871.5,140575,1939.8271465518853,1891.7501601557794,36.71048988661877,55.910368738211695,2130.0,300277.1,True,False,False,False,0,-0.12136150234741783
2025-09-01,1880.0,1890.5999755859373,1848.0999755859373,1871.0999755859373,73834,1933.2817016979855,1890.9403489961778,36.65042395247079,54.95248525691086,2100.0,300274.5,True,False,False,False,0,-0.10900001162574413
2025-09-02,1871.0,1894.5,1862.300048828125,1867.0,59681,1926.9691586791298,1890.0015117806415,36.00025961431897,53.327304250836875,2089.39990234375,269305.45,True,False,False,False,0,-0.10644199901334184
2025-09-03,1882.0,1895.0999755859373,1860.0999755859373,1876.800048828125,53433,1922.1911482171295,1889.4838073511312,38.79513062777207,52.01821109006281,2089.39990234375,263904.0,True,False,False,False,0,-0.10175163369977414
2025-09-04,1890.0,1903.9000244140625,1865.0999755859373,1886.0,68805,1918.7443721964505,1889.3471874550085,41.38303858040666,51.07405664278156,2089.39990234375,261025.15,True,False,False,False,0,-0.0973484789176019
2025-09-05,1885.0,1940.0,1880.0999755859373,1892.199951171875,160227,1916.2163320988718,1889.4590605419444,43.12824542297665,51.70448291215878,2089.39990234375,257040.75,True,False,False,False,0,-0.0943811430979149
2025-09-08,1900.5,1909.4000244140625,1856.0,1878.0999755859373,79151,1912.5862029071639,1889.0136062299441,40.19712681765551,51.82559301943762,1998.0,167618.95,True,False,False,False,0,-0.06001002222926066
2025-09-09,1878.0,1930.0,1871.5,1921.0,431248,1913.3875169160053,1890.2679746130837,51.0889883109657,52.30233637519208,1998.0,158745.55,True,False,True,True,2,-0.0385385385385385
2025-09-10,1931.0,1964.300048828125,1887.0,1902.5,133734,1912.3506105430524,1890.7476618831588,47.10476413754615,54.08788726468729,1998.0,172684.1,True,False,False,False,0,-0.0477977977977978
2025-09-11,1912.5,1985.800048828125,1902.699951171875,1965.800048828125,318325,1917.4410332368689,1893.6908927437457,58.912004787235055,56.17447023350427,1998.0,175428.65,True,False,True,True,2,-0.016116091677615074
2025-09-12,1975.5999755859373,2027.0,1952.0,2021.199951171875,242504,1927.3228349449646,1898.6912479762216,66.05387156143163,57.519150931111106,1998.0,180921.6,True,True,True,True,2,0.011611587173110616
2025-09-15,2015.0,2046.0,1996.0,2017.199951171875,227141,1935.8825602999084,1903.3386481015414,65.17302483095834,56.982068721746025,2027.0,182898.4,True,False,True,True,2,-0.004834755218611209
2025-09-16,2015.0999755859373,2049.800048828125,2008.5999755859373,2021.800048828125,191358,1944.0651782549767,1907.9841932280742,65.73886728644558,55.854783330349,2046.0,183845.45,True,False,True,True,2,-0.01182793312408359
2025-09-17,2027.300048828125,2045.0,1971.0,1986.9000244140625,217505,1948.1446874129847,1911.0789317059562,58.03493215711538,57.15087023532407,2049.800048828125,185306.85,True,False,True,True,2,-0.030685931757110985
2025-09-18,1987.0,2025.0,1987.0,2016.5,271330,1954.6547171831767,1915.213091246899,62.09250050280033,55.79009204608217,2049.800048828125,186520.75,True,False,True,True,2,-0.016245510798559404
2025-09-19,2010.199951171875,2034.4000244140625,2007.9000244140625,2022.800048828125,176265,1961.14474876841,1919.4321876226334,62.914403249721886,53.697942614219166,2049.800048828125,188234.75,True,False,True,False,1,-0.01317201646835553
2025-09-22,2025.0,2025.0,1991.0999755859373,2014.800048828125,173674,1966.2547773455258,1923.1721037483392,61.10270248413853,52.28380559992228,2049.800048828125,183318.0,True,False,True,False,1,-0.017074836162683127
2025-09-23,2023.800048828125,2055.0,1988.199951171875,2017.199951171875,132401,1971.106698662321,1926.8594703139681,61.46123000824729,53.320680116222476,2049.800048828125,170481.3,True,False,True,False,1,-0.01590403789622674
2025-09-24,2020.0,2028.0,1970.0,1977.800048828125,85359,1971.7441605828735,1928.8571400596215,52.848821191455215,53.65491725077801,2055.0,174967.95,True,False,True,False,1,-0.03756688621502435
2025-09-25,1991.0,2007.5999755859373,1968.0999755859373,1972.800048828125,102301,1971.8447213681357,1930.5803913838765,51.85575119293515,52.6438517328653,2055.0,174420.55,True,False,True,False,1,-0.03999997623935525
2025-09-26,1900.0999755859373,1989.0,1880.0,1958.0999755859373,594322,1970.535697960307,1931.6595907643496,48.94384855121076,56.669290894803495,2055.0,166942.55,True,False,False,True,1,-0.047153296551855295
2025-09-29,1950.0,2074.0,1920.300048828125,1998.0,1031408,1973.1513457736112,1934.2611754402574,56.142656521284295,63.60005234316575,2055.0,189629.9,True,False,True,True,2,-0.027737226277372296
2025-09-30,2003.300048828125,2040.9000244140625,1978.0999755859373,1991.5999755859373,195031,1974.90835813669,1936.5097558381271,54.80775964652604,63.54290923494857,2074.0,237508.6,True,False,True,False,1,-0.039730002128284814
2025-10-01,1992.0,2026.0999755859373,1974.0,1981.5999755859373,97274,1975.5456550366184,1938.2779997498062,52.69931230723254,62.72555683144777,2074.0,244276.1,True,False,True,False,1,-0.044551602899740916
2025-10-03,1960.0999755859373,2000.0,1945.0,1951.4000244140625,139407,1973.2460711678036,1938.792588952326,46.83901815641863,62.17373134348722,2074.0,246468.15,True,False,False,False,0,-0.059112813686565846
2025-10-06,1953.0,1957.5,1926.0,1939.5999755859373,134166,1970.0416811123878,1938.824251173252,44.745272737760295,59.98275053323813,2074.0,249998.25,True,False,False,False,0,-0.0648023261398567
2025-10-07,1940.5,1950.0,1924.300048828125,1940.300048828125,46464,1967.2091447043629,1938.8821255910902,44.9026316355299,57.53397915028362,2074.0,248695.2,True,False,False,False,0,-0.06446477877139589
2025-10-08,1937.800048828125,1964.9000244140625,1925.0,1957.0,72177,1966.2368452087092,1939.592630469871,48.658793843007714,56.274410954839254,2074.0,247060.85,True,False,False,False,0,-0.05641272902603667
2025-10-09,1955.0,1969.5999755859373,1937.0999755859373,1952.800048828125,174390,1964.9571503153202,1940.1105684447045,47.776643032529066,54.57623874377931,2074.0,229107.3,True,False,False,False,0,-0.05843777780707571
2025-10-10,1951.0,1953.0,1915.9000244140625,1923.4000244140625,122166,1960.9993288009146,1939.4552529925227,42.03215547628511,53.327934232504894,2074.0,231140.1,True,False,False,False,0,-0.072613295846643
2025-10-13,1924.0,1940.0,1913.4000244140625,1928.5999755859373,37208,1957.9136761137738,1939.0295558393232,43.33000719649309,51.41879432917866,2074.0,221332.15,True,False,False,False,0,-0.07010608698845844
2025-10-14,1925.0,1946.9000244140625,1903.5999755859373,1920.800048828125,131802,1954.379044943712,1938.314673211433,41.81758576130597,50.838883936246276,2074.0,211067.35,True,False,False,False,0,-0.07386690027573528
2025-10-15,1910.0999755859373,1945.0,1906.0,1936.5,55891,1952.6762787585965,1938.243509556083,45.91012192434533,49.99324936937154,2074.0,206300.4,True,False,False,False,0,-0.06629701060752169
2025-10-16,1924.0,1943.9000244140625,1906.199951171875,1917.5999755859373,102534,1949.3356784564385,1937.4339592043125,42.07342574597427,49.115165360286966,2074.0,199527.05,True,False,False,False,0,-0.07540984783706017
2025-10-17,1923.5999755859373,1950.300048828125,1911.800048828125,1937.800048828125,51691,1948.237047063266,1937.4483156601482,47.15638625081354,48.356939263123614,2074.0,193778.5,True,False,False,False,0,-0.06567017896425986
2025-10-20,1931.199951171875,1936.0,1908.5999755859373,1924.800048828125,70362,1946.0049519932525,1936.9523051961473,44.45295918080717,46.98859169019963,2074.0,182796.55,True,False,False,False,0,-0.07193825996715286
2025-10-21,1937.800048828125,1937.800048828125,1918.0,1922.5,7496,1943.7663851367522,1936.3855481296318,43.97263437756003,45.046552914337155,2074.0,177501.4,True,False,False,False,0,-0.07304725168756032
2025-10-23,1937.9000244140625,1963.0,1917.4000244140625,1932.0999755859373,81037,1942.655298512865,1936.2174864612518,46.56774340798189,45.086083105165756,2074.0,169192.5,True,False,False,False,0,-0.06841852671844872
2025-10-24,1925.0,1955.0,1925.0,1941.4000244140625,53471,1942.5357485986935,1936.4207232437152,49.03073841608894,44.00850574051106,2074.0,166624.3,True,False,False,False,0,-0.06393441445802195
2025-10-27,1941.4000244140625,1967.9000244140625,1892.4000244140625,1918.0999755859373,149880,1940.208532121288,1935.7022625512534,43.607291270667254,46.257898187617414,2074.0,165029.9,True,False,False,False,0,-0.07516876779848736
2025-10-28,1925.0,1927.5,1889.0,1902.4000244140625,115935,1936.607721863457,1934.3962924282264,40.367168822173625,45.7037626027876,2074.0,167408.85,True,False,False,False,0,-0.08273865746670084
2025-10-29,1910.0,1920.0,1902.0,1904.5,65125,1933.5498435907468,1933.2238888035902,40.998656442542654,43.7249224168742,2074.0,143489.5,True,False,False,False,0,-0.08172613307618126
2025-10-30,1903.9000244140625,1918.699951171875,1890.300048828125,1905.800048828125,424860,1930.9070059943065,1932.1484440986699,41.41229025742224,42.63027812593676,2040.9000244140625,95175.35,False,False,False,True,1,-0.06619627319800947
2025-10-31,1918.9000244140625,1947.699951171875,1907.800048828125,1928.9000244140625,71429,1930.7158648914262,1932.0210550914305,48.34218596549801,42.57810842720914,2026.0999755859373,106666.8,False,False,False,False,0,-0.0479739165604427
2025-11-03,1942.699951171875,2034.0,1922.5999755859373,1972.0,330511,1934.647687282719,1933.5888568525509,58.261971730784374,47.49395956912725,2000.0,105374.55,True,False,True,True,2,-0.014000000000000012
2025-11-04,1980.0,1980.0,1890.5999755859373,1911.800048828125,438747,1932.4717217156149,1932.7343937927694,45.20467163696241,50.48724991519407,2034.0,114929.75,False,False,False,True,1,-0.0600786387275688
2025-11-06,1911.800048828125,1911.9000244140625,1881.0,1898.5999755859373,99824,1929.2458411318362,1931.3957891572072,42.932608632586295,49.08816237939896,2034.0,130158.8,False,False,False,False,0,-0.06656835025273489
2025-11-07,1895.0,1897.5,1855.0999755859373,1863.0,111371,1922.9367134049946,1928.7136013471206,37.463644033896685,48.6890079237276,2034.0,132826.8,False,False,False,False,0,-0.08407079646017701
2025-11-10,1867.9000244140625,1885.9000244140625,1867.9000244140625,1881.0999755859373,46074,1918.952262184132,1926.8464003368783,41.541031249145384,46.84693767303724,2034.0,134786.5,False,False,False,False,0,-0.07517208673257758
2025-11-11,1895.0,1896.9000244140625,1842.5,1851.199951171875,26989,1912.4996611353456,1923.879872918643,37.22341680135972,47.38644386882476,2034.0,128370.7,False,False,False,False,0,-0.08987219706397498
2025-11-12,1851.0999755859373,1886.9000244140625,1827.0,1837.9000244140625,98290,1905.3949338285568,1920.5081141537578,35.458015664200815,48.28027105062746,2034.0,123611.85,False,False,False,False,0,-0.09641100077971365
2025-11-13,1845.0,1868.0,1815.300048828125,1829.199951171875,71801,1898.1382688136346,1916.9274018799583,34.311639928282986,48.59596248785943,2034.0,126665.95,False,False,False,False,0,-0.1006883229243486
2025-11-14,1856.0,1862.5,1812.199951171875,1830.0,67384,1891.6489098790028,1913.5184841591756,34.52128803922308,48.71768294073554,2034.0,123665.9,False,False,False,False,0,-0.10029498525073743
2025-11-17,1818.0,1838.300048828125,1810.4000244140625,1815.300048828125,90653,1884.3775897789192,1909.66678081286,32.47070067844062,47.23070733168747,2034.0,124240.55,False,False,False,False,0,-0.10752209988784411
2025-11-18,1810.0,1828.0999755859373,1785.0,1790.0999755859375,63404,1875.3987693795875,1904.9778864902357,29.261755776876313,46.93565506413388,2034.0,123646.5,False,False,False,False,0,-0.11991151642775932
2025-11-19,1780.0,1785.5999755859375,1738.0,1769.800048828125,1333535,1865.3417483746862,1899.6767948172119,26.95115295183055,47.30453510140557,2034.0,124232.15,False,False,False,True,1,-0.1298918147354351
2025-11-20,1771.0,1830.0,1768.0999755859375,1817.300048828125,266354,1860.7663484178709,1896.446334190189,39.07415787389046,48.34707005230964,2034.0,187390.8,False,False,False,True,1,-0.10653881571871926
2025-11-21,1812.0,1821.5,1769.9000244140625,1809.699951171875,371417,1855.9028820134902,1893.0445152482944,37.98785255519454,48.57942044756878,2034.0,200333.7,False,False,False,True,1,-0.11027534357331614
2025-11-24,1809.699951171875,1810.0,1780.0,1791.0,44630,1849.7216551550623,1889.0427695522828,35.38143660339473,47.252318987028154,2034.0,214852.7,False,False,False,False,0,-0.11946902654867253
2025-11-25,1782.0,1798.0,1772.800048828125,1783.300048828125,41536,1843.3957878858303,1884.8959961905512,34.33673990533006,45.67714985737436,2034.0,214410.65,False,False,False,False,0,-0.12325464659384222
2025-11-26,1775.0999755859375,1812.9000244140625,1775.0999755859375,1795.800048828125,41660,1838.862860356525,1881.402037470456,37.5599225620595,45.11449978385655,2034.0,208993.45,False,False,False,False,0,-0.11710912053681166
2025-11-27,1795.0,1800.9000244140625,1770.0,1774.0,25656,1832.685445084475,1877.1901928637715,34.389477777556124,44.09918011458555,2034.0,205279.7,False,False,False,False,0,-0.127826941986234
2025-11-28,1773.9000244140625,1776.9000244140625,1730.0,1759.5999755859375,150383,1825.7249241798522,1872.5788117940526,32.441487815357036,44.299240421691046,2034.0,203306.25,False,False,False,False,0,-0.13490660000691368
2025-12-01,1768.199951171875,1768.199951171875,1724.0999755859375,1727.4000244140625,62470,1816.3606480116819,1866.885526014445,28.547410879276597,44.28500721913723,2034.0,189582.4,False,False,False,False,0,-0.15073745112386305
2025-12-02,1727.4000244140625,1794.199951171875,1727.0999755859375,1766.0999755859375,424611,1811.573917304468,1862.933151487837,38.1556476662287,45.91464781676582,2034.0,189134.45,False,False,False,True,1,-0.1317109264572579
2025-12-03,1765.0,1815.0,1747.0,1771.0,131243,1807.7097347040426,1859.3279298608632,39.269191456529896,47.49217297271112,1980.0,193839.45,False,False,False,False,0,-0.10555555555555551
2025-12-04,1771.0,1771.0,1715.5,1734.9000244140625,133475,1800.7754765811874,1854.448404157067,34.3605559508688,48.064160617517466,1911.9000244140625,178464.25,False,False,False,False,0,-0.09257806252408252
2025-12-05,1730.0,1768.0,1717.0,1751.5999755859375,106396,1796.0920955340207,1850.415132448395,38.208514938112515,48.273863430551934,1897.5,180146.8,False,False,False,False,0,-0.0768906584527339
2025-12-08,1745.0,1750.199951171875,1681.0,1699.5999755859375,160865,1786.9023698246795,1844.500812571436,31.931445351873663,49.868585727365186,1896.9000244140625,179898.05,False,False,False,False,0,-0.10401183314290352
2025-12-09,1685.0,1720.0,1678.4000244140625,1714.4000244140625,77589,1779.9973845474778,1839.39882087899,35.19470595970658,49.27797071726321,1896.9000244140625,185637.6,False,False,False,False,0,-0.09620960390697075
2025-12-10,1705.0,1718.699951171875,1693.699951171875,1709.0999755859375,59484,1773.2452503606646,1834.2890622400469,34.555813508466926,47.54382995174441,1886.9000244140625,188167.6,False,False,False,False,0,-0.09422865362638233
2025-12-11,1703.5,1713.800048828125,1664.800048828125,1691.9000244140625,150910,1765.4980859847976,1828.705178403734,32.49428463108967,47.64784209804838,1868.0,186227.3,False,False,False,False,0,-0.09427193553851043
2025-12-12,1706.800048828125,1720.300048828125,1672.4000244140625,1678.5999755859375,172618,1757.2220754706204,1822.8186998618596,30.956380774950404,47.66585512062082,1862.5,190182.75,False,False,False,False,0,-0.09873826814177855
2025-12-15,1678.9000244140625,1680.0,1656.9000244140625,1669.800048828125,25757,1748.8961681713351,1816.817968448772,29.946480479045164,45.911149439572014,1838.300048828125,195444.45,False,False,False,False,0,-0.09166077110611781
2025-12-16,1677.199951171875,1683.300048828125,1661.0,1664.5,44392,1740.858437869303,1810.8447147841143,29.32594609919485,44.22464225304008,1830.0,192199.65,False,False,False,False,0,-0.09043715846994538
2025-12-17,1674.0,1674.0,1651.0999755859375,1652.800048828125,17996,1732.471924627286,1804.6468847466247,27.949126133437318,42.701455264541686,1830.0,191249.05,False,False,False,False,0,-0.09683057441086063
2025-12-18,1657.5999755859375,1672.0,1630.5,1666.300048828125,67759,1726.169841217842,1799.2215186321737,31.92080337212954,42.61563703136014,1830.0,125472.1,False,False,False,False,0,-0.08945352523053274
2025-12-19,1666.300048828125,1697.800048828125,1658.9000244140625,1671.699951171875,104194,1720.9822326420356,1794.220672849417,33.49984711080164,42.35023613012459,1821.5,115542.35,False,False,False,False,0,-0.08223993896685422
2025-12-22,1672.300048828125,1691.699951171875,1672.300048828125,1687.4000244140625,62491,1717.7839270965144,1790.0316278127366,38.00236374052358,40.753790692258555,1815.0,102181.2,False,False,False,False,0,-0.07030301685175622
2025-12-23,1687.4000244140625,1695.0,1671.199951171875,1687.800048828125,45343,1714.9283196423821,1786.0225462839282,38.117330218399175,39.542809130534735,1815.0,103074.25,False,False,False,False,0,-0.07008261772555091
2025-12-24,1686.4000244140625,1688.199951171875,1643.5999755859375,1650.0,57015,1708.7446701526314,1780.6883287825979,32.066227671364615,39.90403530592065,1815.0,103264.6,False,False,False,False,0,-0.09090909090909094
2025-12-26,1650.0,1668.5,1634.0,1653.5,289041,1703.4832729952382,1775.7005511832804,33.12484070029855,39.51803278406918,1815.0,104032.35,False,False,False,True,1,-0.0889807162534435
2025-12-29,1650.0,1661.800048828125,1629.5999755859375,1650.0999755859375,58617,1698.3991494324475,1770.7750384147573,32.59349025719719,38.99532138822048,1815.0,117201.6,False,False,False,False,0,-0.09085400794163223
2025-12-30,1645.5,1684.9000244140625,1631.0999755859375,1667.699951171875,160294,1695.475416264774,1766.7328781307228,38.126327046420315,40.052801919642235,1815.0,112613.3,False,False,False,True,1,-0.08115705169593668
2025-12-31,1666.0,1729.0,1653.300048828125,1722.0,151190,1698.0015670967002,1764.9786476157926,51.38473827906422,42.59902686623029,1815.0,117504.5,False,False,True,True,2,-0.05123966942148761
2026-01-01,1716.5999755859375,1725.5999755859375,1695.0,1715.0999755859375,21105,1699.629986952818,1763.0226212616808,49.92086730205922,41.74195177478081,1815.0,103833.45,False,False,False,False,0,-0.05504133576532366
2026-01-02,1719.5999755859375,1722.0,1683.800048828125,1715.800048828125,55898,1701.1699928457042,1761.1707556760514,50.076268094302335,41.488951731716114,1771.0,98326.55,False,False,True,False,1,-0.031168803597896644
2026-01-05,1715.800048828125,1722.699951171875,1686.0999755859375,1698.199951171875,281320,1700.887131733911,1758.7013123621623,46.19521400577531,41.139739149874785,1768.0,94447.7,False,False,False,True,1,-0.039479665626767524
2026-01-06,1697.9000244140625,1711.0,1685.699951171875,1693.300048828125,40718,1700.1645524095504,1756.136556929455,45.146165335622754,40.008332698321226,1750.199951171875,103193.9,False,False,False,False,0,-0.03251051533034943
2026-01-07,1680.699951171875,1710.5,1680.699951171875,1708.4000244140625,91601,1700.9488830766468,1754.2645360464985,48.99051676791054,39.27916956473579,1729.0,97186.55,False,False,False,False,0,-0.011914387267748738
2026-01-08,1757.800048828125,1790.4000244140625,1675.0,1694.800048828125,908601,1700.3632798148826,1751.9325953712682,45.87225381945709,44.71637348254484,1729.0,97887.15,False,False,False,True,1,-0.01978019153954602
2026-01-09,1700.0,1700.0,1672.300048828125,1680.5999755859375,93457,1698.481060364507,1749.1352377326277,42.808407846122776,43.500914746068425,1790.4000244140625,140343.0,False,False,False,False,0,-0.06132710418391496
2026-01-12,1680.699951171875,1713.9000244140625,1657.5,1703.0,95484,1698.911435567887,1747.326012723505,48.63635103642694,44.422279722353714,1790.4000244140625,137470.35,False,False,False,False,0,-0.04881592003031032
2026-01-13,1701.0,1722.800048828125,1699.9000244140625,1719.199951171875,40146,1700.8436751492193,1746.2230299175587,52.41311865378146,42.88497577176149,1790.4000244140625,133613.65,False,False,True,False,1,-0.039767690053226445
2026-01-14,1721.300048828125,1760.0,1720.5,1753.5999755859375,70941,1705.868084714621,1746.512321904554,59.26300158637374,42.7360524186446,1790.4000244140625,134333.1,False,False,True,False,1,-0.020554093122383876
2026-01-16,1738.0,1761.800048828125,1696.0,1704.199951171875,74605,1705.709214853407,1744.8530132483706,48.472443341950125,44.383480733607485,1790.4000244140625,135660.55,False,False,False,False,0,-0.04814570602477397
2026-01-19,1704.199951171875,1712.199951171875,1672.0,1680.9000244140625,68968,1703.3464348115647,1742.3450529019271,44.36896934795004,44.084657193483736,1790.4000244140625,138491.0,False,False,False,False,0,-0.06115951659229657
2026-01-20,1680.9000244140625,1689.9000244140625,1650.0999755859375,1668.9000244140625,103335,1700.0658242975169,1739.4648557063247,42.37912050517226,43.77861373881525,1790.4000244140625,138551.45,False,False,False,False,0,-0.0678619293695345
2026-01-21,1650.0,1700.0,1650.0,1692.5999755859375,103460,1699.3547910868901,1737.6270172702311,47.39680930229811,44.222998471757016,1790.4000244140625,138508.5,False,False,False,False,0,-0.05462469140667692
2026-01-22,1714.800048828125,1728.0999755859375,1693.0,1723.300048828125,54244,1701.6352918241505,1737.0651753705408,53.094796951789064,43.5999271523458,1790.4000244140625,140556.95,False,False,True,False,1,-0.0374776444766286
2026-01-23,1719.0,1719.0,1671.300048828125,1682.5,85262,1699.8128830789933,1734.9253645716963,45.96833253468857,44.199932355749674,1790.4000244140625,141002.0,False,False,False,False,0,-0.06026587519142523
2026-01-27,1683.0,1697.199951171875,1660.9000244140625,1675.9000244140625,42846,1697.5354679680477,1732.6106453498282,44.918042350708,43.635646241611305,1790.4000244140625,142414.35,False,False,False,False,0,-0.06395218858281237
2026-01-28,1681.800048828125,1696.800048828125,1666.300048828125,1689.699951171875,232840,1696.789228273174,1730.9278730291244,47.61324361201615,42.697385795781926,1790.4000244140625,130104.6,False,False,False,True,1,-0.056244454797269805
2026-01-29,1824.9000244140625,1847.0999755859373,1745.699951171875,1800.0999755859375,3083600,1706.6283470648657,1733.6405045019405,63.14839055452734,50.890431411373385,1790.4000244140625,138815.75,False,True,True,True,2,0.005417756389413331
2026-01-30,1800.0999755859375,1874.800048828125,1782.0,1846.5999755859373,455894,1719.9589783525869,1738.0702876817052,67.51766712293843,53.88397551256993,1847.0999755859373,284981.05,False,False,True,True,2,-0.00027069460592754613
2026-02-02,1815.800048828125,1922.0,1798.5999755859375,1897.5,259003,1736.867647080912,1744.322433262815,71.50088587236499,58.84940757696226,1874.800048828125,300216.25,False,True,True,False,1,0.012107931822417095
2026-02-03,1980.0,1984.9000244140625,1882.9000244140625,1895.699951171875,381304,1751.9945331848135,1750.2588065141506,71.16851281336649,61.93159275003638,1922.0,312111.15,True,False,True,True,2,-0.013683688256048376
2026-02-04,1890.0,1904.9000244140625,1843.0999755859373,1889.699951171875,58911,1765.109334897867,1755.7270866968065,70.00044821863278,61.92219675561416,1984.9000244140625,328381.45,True,False,True,False,1,-0.04796215027015793
2026-02-05,1889.699951171875,1899.9000244140625,1845.199951171875,1849.199951171875,46913,1773.1179650192012,1759.3926892252407,62.53907323125397,61.4063307903694,1984.9000244140625,317261.0,True,False,True,False,1,-0.06836620060108356
2026-02-06,1830.0,1863.699951171875,1812.699951171875,1851.0,43243,1780.535301684039,1762.9851327850351,62.72922502011766,60.66302144820016,1984.9000244140625,317570.75,True,False,True,False,1,-0.06745932931991849
2026-02-09,1874.9000244140625,1891.0,1837.0999755859373,1884.800048828125,70354,1790.4652776025232,1767.7621883161366,66.198767139039,60.17995023147606,1984.9000244140625,315152.85,True,False,True,False,1,-0.05043073925876285
2026-02-10,1894.800048828125,1896.800048828125,1862.800048828125,1885.5,250061,1799.51620354514,1772.3793574017784,66.26879497372562,58.309953786370635,1984.9000244140625,273240.5,True,False,True,False,1,-0.05007810126024115
2026-02-11,1890.0,1899.0,1856.5,1868.4000244140625,35941,1806.0765674374184,1776.1448737552014,62.84340296926505,57.180671373058445,1984.9000244140625,281070.7,True,False,True,False,1,-0.05869313243340324
2026-02-12,1872.4000244140625,1880.0,1810.300048828125,1816.0,84769,1807.0216562529024,1777.7078198824486,53.685808879731844,58.074905644402484,1984.9000244140625,278093.55,True,False,True,False,1,-0.08509245923553321
2026-02-13,1811.0,1811.0999755859373,1770.0999755859375,1780.800048828125,108641,1804.5243603076856,1777.8290837626712,48.566047597602264,57.20527127080677,1984.9000244140625,280324.7,True,False,False,False,0,-0.10282632529373226
2026-02-16,1748.9000244140625,1816.5,1748.9000244140625,1808.199951171875,98153,1804.8744165804655,1779.0200981708754,52.37346778946156,57.947750150458965,1984.9000244140625,282209.7,True,False,True,False,1,-0.08902215278794656
2026-02-17,1814.0,1844.0,1790.0999755859375,1836.300048828125,43352,1807.8673339373856,1781.2663707456695,55.972980364280254,57.658626883573504,1984.9000244140625,283387.1,True,False,True,False,1,-0.07486521928468604
2026-02-18,1837.0,1873.699951171875,1825.0,1849.5,82573,1811.8323497528727,1783.9421993438787,57.59429822857593,57.018721475595044,1984.9000244140625,282106.3,True,False,True,False,1,-0.06821503488773051
2026-02-19,1835.0,1872.9000244140625,1822.5,1840.5,53810,1814.562602157361,1786.1601523107854,56.07796043828052,56.54595739977129,1984.9000244140625,281068.2,True,False,True,False,1,-0.07274926829460293
2026-02-20,1825.0999755859373,1838.0999755859373,1813.5,1821.699951171875,16540,1815.2423496825527,1787.553869913181,52.94235864165081,54.4355318712162,1984.9000244140625,278585.7,True,False,True,False,1,-0.08222080267763798
2026-02-23,1845.0,1845.0,1799.199951171875,1802.800048828125,28204,1814.0573686487978,1788.1517592823943,49.9203770274845,53.818711653852546,1984.9000244140625,276700.5,True,False,False,False,0,-0.09174264363248874
2026-02-24,1790.0,1810.0,1774.0999755859375,1802.4000244140625,39426,1812.9471453883468,1788.7105147777538,49.85551159319576,52.53880542243897,1984.9000244140625,273847.6,True,False,False,False,0,-0.0919441774171339
2026-02-25,1802.4000244140625,1857.5,1791.5999755859375,1848.5,92312,1816.3331315418377,1791.055200472744,56.81900266723855,53.49317820755494,1984.9000244140625,273676.6,True,False,True,False,1,-0.06871883859960526
2026-02-26,1854.9000244140625,1874.699951171875,1827.199951171875,1861.199951171875,143089,1820.6061619827935,1793.8059750099649,58.5276351487673,53.06509404987245,1984.9000244140625,266650.2,True,False,True,False,1,-0.06232055605858711
2026-02-27,1855.0,1855.0,1808.800048828125,1822.199951171875,118033,1820.757951429373,1794.9194642712162,51.75502949335876,53.017580356577994,1984.9000244140625,119624.65,True,False,True,False,1,-0.08196890082170061
2026-03-02,1780.0,1802.0999755859373,1752.800048828125,1794.800048828125,65276,1818.285770229254,1794.9147813126635,47.58857534061204,54.18774621280457,1984.9000244140625,102731.6,True,False,False,False,0,-0.09577307332748641
2026-03-04,1761.0,1779.9000244140625,1693.300048828125,1708.4000244140625,112846,1807.8204611039978,1791.5220457480125,37.37191541307891,57.56719291188996,1984.9000244140625,93045.25,True,False,False,True,1,-0.13930172633335636
2026-03-05,1711.0,1732.9000244140625,1688.0,1706.4000244140625,79255,1798.1613718954327,1788.1839272643283,37.172969827416026,56.662395162045144,1904.9000244140625,79622.35,True,False,False,False,0,-0.10420494380593937
2026-03-06,1714.9000244140625,1724.9000244140625,1664.0999755859375,1669.0,84362,1785.8602888577725,1783.5100477637666,33.57369758169072,56.957941852479415,1899.9000244140625,80639.55,True,False,False,True,1,-0.12153272353647826
2026-03-09,1625.0,1684.4000244140625,1615.0999755859375,1677.5,61272,1775.5402613475085,1779.3527909887168,35.111452810575,57.83952092216839,1899.0,82512.0,False,False,False,False,0,-0.11664033701948395
2026-03-10,1700.0,1710.9000244140625,1672.9000244140625,1688.199951171875,64061,1767.2221365688767,1775.778169819429,37.08588745369991,56.42241228487065,1899.0,83413.45,False,False,False,False,0,-0.11100581823492628
2026-03-11,1673.699951171875,1715.0,1657.199951171875,1667.0,82417,1757.6771711813647,1771.5123592382752,34.824879537933725,56.5208148951031,1899.0,83098.8,False,False,False,False,0,-0.12216956292785675
2026-03-12,1669.9000244140625,1699.9000244140625,1638.300048828125,1655.300048828125,173345,1747.9269690524848,1766.9550137319948,33.607128021193816,56.883612087305565,1899.0,74716.6,False,False,False,True,1,-0.12833067465606895
2026-03-13,1640.0999755859375,1656.9000244140625,1601.699951171875,1626.5999755859375,111001,1736.372017293766,1761.4508945890123,30.76520380973136,56.76335931265428,1880.0,81586.8,False,False,False,True,1,-0.13478724702875666
2026-03-16,1603.0999755859375,1620.0,1573.5999755859375,1609.199951171875,57547,1724.260391948824,1755.4802693569677,29.15547488728585,56.49454793317898,1874.699951171875,82898.4,False,False,False,False,0,-0.14162266331422046
2026-03-17,1633.0,1640.0,1601.300048828125,1633.9000244140625,29951,1715.6546426597993,1750.7124166141089,34.4025018227001,55.22350530737155,1874.699951171875,80343.7,False,False,False,False,0,-0.12844718249834508
2026-03-18,1655.0,1705.5,1629.0999755859375,1664.800048828125,212493,1710.8113480091638,1747.3433041519136,40.35409076676188,56.736113814992336,1874.699951171875,76933.6,False,False,False,True,1,-0.11196453182416821
2026-03-19,1651.0,1651.0,1592.800048828125,1596.800048828125,37796,1699.953129039541,1741.4396470803924,33.21267549495359,57.82639139963574,1874.699951171875,85390.65,False,False,False,False,0,-0.14823700303082354
2026-03-20,1597.0,1631.5,1587.699951171875,1627.0999755859375,138158,1693.0147334725311,1736.9557383943354,38.44036857149082,56.824509787384976,1874.699951171875,83151.8,False,False,False,True,1,-0.13207445566484532
2026-03-23,1627.0999755859375,1627.0999755859375,1591.5999755859375,1612.5,65348,1685.3466636180042,1732.0751212024009,36.939966127672044,55.301330516857476,1874.699951171875,87369.2,False,False,False,False,0,-0.13986235557747462
2026-03-24,1630.300048828125,1679.5999755859375,1616.300048828125,1670.199951171875,83880,1683.9041195755158,1729.648643946302,45.92331524622861,56.14409087893462,1874.699951171875,89809.6,False,False,False,False,0,-0.10908412296707382
2026-03-25,1689.0,1727.0,1670.199951171875,1710.5,58101,1686.437060568324,1728.8977167327214,51.156930986898345,56.1909450181625,1874.699951171875,92593.4,False,False,True,False,1,-0.08758732354435361
2026-03-27,1700.5,1790.0,1680.0999755859375,1724.0999755859375,90957,1690.0240048557157,1728.7095700210828,52.81651421157069,60.02730783215536,1874.699951171875,93527.15,False,False,True,False,1,-0.08033284232593996
2026-03-30,1719.800048828125,1719.800048828125,1666.800048828125,1696.0999755859375,105417,1690.6026687347844,1727.4307623961752,49.11630432527449,59.83249489827372,1874.699951171875,93459.4,False,False,False,True,1,-0.09526856576397447
2026-04-01,1701.699951171875,1735.0,1690.199951171875,1706.0,70584,1692.0690812362334,1726.5903403414234,50.43840585745988,58.75874875040596,1855.0,91575.8,False,False,True,False,1,-0.08032345013477094
2026-04-02,1686.0,1706.5999755859375,1652.0,1688.5999755859375,95788,1691.7386902219196,1725.1005221157181,48.074141812385456,58.4616935243725,1802.0999755859373,89203.35,False,False,False,True,1,-0.06298207731959837
2026-04-06,1712.0,1736.0,1665.4000244140625,1700.0,63619,1692.525481629356,1724.1161879151018,49.736512422261605,59.32871367162714,1790.0,90728.95,False,False,False,False,0,-0.05027932960893855
2026-04-07,1704.0,1721.800048828125,1672.0,1716.4000244140625,131023,1694.7992476088516,1723.8135932680025,52.11169516794016,58.64809475423413,1790.0,88267.6,False,False,True,True,2,-0.04111730479661313
2026-04-08,1755.0,1755.0,1706.5,1728.5,40456,1698.0088430746753,1723.9973739241593,53.844664993536774,57.92323084321741,1790.0,90856.0,False,False,True,False,1,-0.03435754189944129
2026-04-09,1728.5,1755.5999755859375,1721.800048828125,1749.0999755859375,31364,1702.874665218605,1724.9817896756017,56.71644616367026,56.20013769425992,1790.0,88660.7,False,False,True,False,1,-0.02284917565031419
2026-04-10,1745.0999755859375,1771.0,1732.0,1741.9000244140625,53183,1706.591366094363,1725.645249861424,55.41857285078102,54.97155643038421,1790.0,87165.3,False,False,True,False,1,-0.026871494740747237
2026-04-13,1701.0999755859375,1749.0,1693.300048828125,1724.300048828125,53303,1708.2779073071022,1725.592496879726,52.269800027733204,55.023584626204986,1790.0,86621.4,False,False,True,False,1,-0.03670388333624297
2026-04-15,1750.0,1782.800048828125,1726.5,1752.699951171875,69406,1712.5085781513662,1726.6555343029474,56.55899078681962,55.27190001004749,1790.0,85165.7,False,False,True,False,1,-0.020838016105097723
2026-04-16,1752.699951171875,1771.0999755859375,1720.9000244140625,1735.5999755859375,276350,1714.7077588594207,1727.006296706202,53.444761543749,54.909617950178024,1790.0,79968.75,False,False,True,True,2,-0.030391075091655062
2026-04-17,1736.0,1811.199951171875,1736.0,1797.4000244140625,142799,1722.5832127217675,1729.7668350476868,61.660917179269084,56.387500638446554,1790.0,88236.2,False,True,True,True,2,0.004134091851431654
2026-04-20,1796.0,1811.9000244140625,1763.0,1794.5999755859375,96610,1729.4419520421648,1732.309311147226,61.13447850867669,55.85268090813341,1811.199951171875,92498.8,False,False,True,True,2,-0.009165181113878207
2026-04-21,1785.5999755859375,1792.800048828125,1761.5999755859375,1781.0,110104,1734.3522423238635,1734.2187499257661,58.521070183516315,54.220346557552446,1811.9000244140625,95831.75,True,False,True,True,2,-0.017053934542583304
2026-04-22,1780.0,1818.0999755859373,1774.0,1800.5999755859375,91491,1740.6615502535847,1736.821935245773,61.10185633334302,53.49746291672279,1811.9000244140625,90712.3,True,False,True,True,2,-0.006236574135363382
2026-04-23,1786.5999755859375,1832.0,1782.0,1795.4000244140625,55778,1745.8747382688682,1739.1191152131569,60.03463434416409,53.24764413695687,1818.0999755859373,93397.05,True,False,True,False,1,-0.012485535161265826
2026-04-24,1791.5,1798.0999755859375,1702.9000244140625,1713.5,161904,1742.7914298623093,1738.1144440283274,46.31380721218831,56.24423749659388,1832.0,89278.05,True,False,False,True,1,-0.06468340611353707
2026-04-27,1717.5999755859375,1781.300048828125,1711.0,1775.5,112809,1745.9065317801847,1739.5805442625106,54.74579067200954,57.24822402027468,1832.0,94105.85,True,False,True,True,2,-0.030840611353711744
2026-04-28,1773.0999755859375,1773.0999755859375,1745.0,1760.800048828125,80928,1747.3249619752266,1740.4126816964563,52.63497436261054,55.33763659025506,1832.0,95552.3,True,False,True,False,1,-0.038864602168053985
2026-04-29,1767.800048828125,1776.300048828125,1735.0999755859375,1739.0999755859375,37857,1746.5416299381516,1740.3612030254558,49.595015347224326,54.32781063682167,1832.0,96693.65,True,False,False,False,0,-0.05070962031335291
2026-04-30,1747.5,1767.300048828125,1728.4000244140625,1750.800048828125,221268,1746.9471936419586,1740.7705695275213,51.23052625955499,53.225825906624586,1832.0,94038.65,True,False,True,True,2,-0.044323117451896876
2026-05-01,1750.800048828125,1750.800048828125,1750.800048828125,1750.800048828125,0,1747.3141322311174,1741.1638824412705,51.23052625955499,49.423981199008544,1832.0,99831.2,True,False,True,False,1,-0.044323117451896876
2026-05-04,1750.800048828125,1827.5,1748.0,1815.5,104203,1753.8080243995823,1744.0790243063188,59.631142681301085,51.57226825622222,1832.0,96302.0,True,False,True,True,2,-0.009006550218340625
2026-05-05,1815.5,1839.0,1763.199951171875,1773.300048828125,193769,1755.6644076784912,1745.2249468365858,53.19498790949932,53.30282401135814,1832.0,96722.75,True,False,True,True,2,-0.03204145806325054
2026-05-06,1798.199951171875,1825.0,1781.800048828125,1811.5,373991,1760.9820831376824,1747.8239685292688,57.65086714871309,53.18833309425221,1839.0,103230.25,True,False,True,True,2,-0.014953779227841246
2026-05-07,1811.9000244140625,1882.0,1811.9000244140625,1870.5999755859373,243204,1771.4218824184686,1752.63871390404,63.448554414727,54.42488073037705,1839.0,115378.65,True,True,True,True,2,0.017183238491537356
2026-05-08,1870.9000244140625,1922.699951171875,1866.199951171875,1904.4000244140625,272307,1784.0864673704298,1758.5901378456097,66.29087132972612,54.573103535350114,1882.0,125516.05,True,True,True,True,2,0.011902244640840776
2026-05-11,1910.199951171875,1953.699951171875,1878.699951171875,1919.0999755859373,166729,1796.9448967242877,1764.884641286407,67.47544625744823,56.03216756853939,1922.699951171875,137563.2,True,False,True,True,2,-0.001872354333677273
2026-05-12,1920.0,1928.0,1860.699951171875,1872.0999755859373,90163,1804.10252328254,1769.089164200114,60.19224665820786,56.837016229938364,1953.699951171875,143240.5,True,False,True,False,1,-0.04176689237105835
2026-05-13,1870.0,1872.0999755859373,1813.0,1844.199951171875,100090,1807.9213259386672,1772.0346852578302,56.306902513547115,56.99865618393828,1953.699951171875,145083.5,True,False,True,False,1,-0.05604750101688816
2026-05-14,1844.199951171875,1906.0,1822.199951171875,1898.199951171875,175119,1816.519290246592,1776.9823427446554,61.488390211765164,58.91304137280876,1953.699951171875,146617.7,True,False,True,True,2,-0.02840763750171038
2026-05-15,1910.0999755859373,1950.0,1853.5999755859373,1868.300048828125,141659,1821.4507910638808,1780.5634292577329,57.42749132574264,61.59068301861262,1953.699951171875,141556.15,True,False,True,True,2,-0.043711882314643624
2026-05-18,2122.0,2207.0,2034.0,2156.60009765625,7132093,1853.3697726441064,1795.309965273361,74.7461979199823,81.38420217241708,1953.699951171875,141499.15,True,True,True,True,2,0.10385430288958686
2026-05-19,2148.0,2273.89990234375,2138.5,2251.10009765625,2357325,1891.2488512166915,1813.1840881119058,77.91729960367225,85.24246647036942,2207.0,493273.3,True,True,True,True,2,0.019981920097983608
2026-05-20,2232.89990234375,2295.10009765625,2201.89990234375,2221.800048828125,1179862,1922.7299176558756,1829.2082434341105,74.7818431070063,85.81087567337875,2273.89990234375,605634.35,True,False,True,True,2,-0.022912113880617535
2026-05-21,2230.0,2370.0,2230.0,2331.0,1019484,1961.6127826410304,1848.8863515347336,78.28851546407074,90.26723820898562,2295.10009765625,660052.9,True,True,True,True,2,0.015641976740104147
2026-05-22,2353.5,2363.5,2307.199951171875,2334.0,864270,1997.0782319133132,1867.9104161804305,78.3774707652442,87.841010396067,2370.0,708238.2,True,False,True,True,2,-0.015189873417721489
2026-05-25,2369.800048828125,2396.0,2321.10009765625,2333.800048828125,506198,2029.1469763813905,1886.1805978528892,78.35442807179653,86.91664553518721,2370.0,743356.5,True,False,True,False,1,-0.015274241000791111
2026-05-26,2339.699951171875,2354.699951171875,2252.10009765625,2307.89990234375,874160,2055.694874092091,1902.7186097937072,75.26759607745089,88.03687467664706,2396.0,763025.95,True,False,True,True,2,-0.03676965678474542
2026-05-27,2324.10009765625,2354.699951171875,2309.199951171875,2313.0,224401,2080.200124178559,1918.808076076307,75.47250627702947,85.09138711603835,2396.0,802687.55,True,False,True,False,1,-0.034641068447412326
2026-05-28,2313.0,2313.0,2313.0,2313.0,0,2102.371540923458,1934.266582896844,75.47250627702947,79.01343089346419,2396.0,812014.75,True,False,True,False,1,-0.034641068447412326
2026-05-29,2315.0,2337.5,2230.0,2250.0,218609,2116.431394168843,1946.6482855283405,67.46483671800078,81.04818582964532,2396.0,800951.35,True,False,True,False,1,-0.06093489148580966
2026-06-01,2278.60009765625,2356.5,2255.800048828125,2292.39990234375,585438,2133.1902997093102,1960.2071724622783,69.78812966284912,82.86617255609923,2396.0,811881.8,True,False,True,False,1,-0.04323877197673209
2026-06-02,2268.89990234375,2337.5,2263.199951171875,2277.0,482075,2146.886461641757,1972.6304206010125,67.89183287106476,82.25430657552964,2396.0,835943.55,True,False,True,False,1,-0.04966611018363942
2026-06-03,2277.0,2305.89990234375,2222.0,2232.300048828125,255715,2155.0210889928394,1982.8135432765857,62.576733307817406,82.37184913040252,2396.0,850358.85,True,False,True,False,1,-0.06832218329377082
2026-06-04,2221.199951171875,2276.699951171875,2212.0,2219.5,204659,2161.161937660188,1992.0953651088764,61.101585257069765,81.10957070479343,2396.0,844445.05,True,False,True,False,1,-0.07366444073455758
2026-06-05,2232.800048828125,2288.300048828125,2196.0,2273.0,494431,2171.813181692551,2003.1112331438226,64.83308823556406,81.90889057074568,2396.0,842517.8,True,False,True,False,1,-0.05133555926544242
2026-06-08,2269.10009765625,2336.0,2237.0,2247.800048828125,473778,2179.0500261816533,2012.7068729745795,61.82462980328122,83.12968410140671,2396.0,853624.0,True,False,True,False,1,-0.06185306810178426
2026-06-09,2257.0,2314.89990234375,2256.89990234375,2288.5,521987,2189.473833211972,2023.5222897206745,64.67565038705891,81.9846962024223,2396.0,868976.45,True,False,True,False,1,-0.04486644407345575
2026-06-10,2299.0,2341.5,2250.0,2267.800048828125,320379,2196.9334727944624,2033.1018096856726,62.13405221279288,82.66436075939214,2396.0,890567.65,True,False,True,False,1,-0.053505822692769156
2026-06-11,2243.0,2395.0,2215.39990234375,2306.5,2420500,2207.3683801473708,2043.823307345058,64.91037875486978,89.58834196631057,2396.0,901582.1,True,False,True,True,2,-0.037353923205342254
2026-06-12,2311.5,2354.0,2250.0,2262.199951171875,695609,2212.5904345306567,2052.387097299051,59.52973619482639,90.6177461115741,2396.0,1013851.15,True,False,True,False,1,-0.05584309216532768
2026-06-15,2313.199951171875,2313.199951171875,2190.0,2213.10009765625,555244,2212.6389738759513,2058.6895679012946,54.17004384873033,92.94504647302418,2396.0,1041548.65,True,False,True,False,1,-0.07633551850740816
2026-06-16,2218.0,2230.800048828125,2168.0,2178.699951171875,509814,2209.4066859993727,2063.3958574413173,50.72427210203946,90.79183235553138,2396.0,712706.2,True,False,True,False,1,-0.09069284174796532
2026-06-17,2199.800048828125,2210.300048828125,2167.800048828125,2197.60009765625,847424,2208.2822490143135,2068.658768822295,52.51160072732481,87.34241575870772,2396.0,620330.65,True,False,True,True,2,-0.08280463369939484
2026-06-18,2200.0,2269.89990234375,2193.800048828125,2202.199951171875,1007773,2207.702982553129,2073.895677934043,52.958812424711766,86.53937559848752,2396.0,603708.75,True,False,True,True,2,-0.08088482839237265
2026-06-19,2209.0,2229.5,2185.0,2199.0,287608,2206.874127071879,2078.8017297797664,52.58779473555529,83.53656305573843,2396.0,603123.2,True,False,True,False,1,-0.082220367278798
2026-06-22,2180.0,2224.0,2179.89990234375,2186.699951171875,534501,2204.9527769861643,2083.033032579457,51.10570689021851,80.71967267006069,2396.0,574290.1,True,False,True,False,1,-0.08735394358435933
2026-06-23,2193.300048828125,2307.0,2185.0,2298.199951171875,2095778,2213.8334602419463,2091.4709509556305,61.65551596503242,83.66826747934206,2395.0,575705.25,True,False,True,True,2,-0.04041755692197291
2026-06-24,2300.0,2348.0,2287.89990234375,2326.199951171875,949148,2224.5350308067013,2100.6760097876404,63.76962372431643,81.98482677769263,2395.0,636786.15,True,False,True,True,2,-0.028726533957463496
2026-06-25,2347.0,2369.5,2303.199951171875,2314.800048828125,562760,2233.1316991896942,2109.073030926483,62.264431276662684,80.86448549558067,2395.0,673023.5,True,False,True,False,1,-0.03348640967510441
2026-06-26,2314.800048828125,2314.800048828125,2314.800048828125,2314.800048828125,0,2240.9096372504973,2117.1407571187046,62.264431276662684,75.08845081732491,2395.0,701161.5,True,False,True,False,1,-0.03348640967510441
2026-06-29,2310.0,2381.0,2299.199951171875,2373.0,744431,2253.489671798069,2127.1744529179714,66.89152418769406,75.56785067523921,2395.0,690231.05,True,False,True,True,2,-0.009185803757828848
2026-06-30,2390.0,2528.300048828125,2384.800048828125,2495.0,2296284,2276.4906554363483,2141.59898417609,74.0693461495955,81.26300768615964,2395.0,698180.7,True,True,True,True,2,0.04175365344467652
2026-07-01,2495.0,2504.10009765625,2425.0,2465.199951171875,541571,2294.4629693159222,2154.289218175925,70.07314855398393,81.10851411259468,2528.300048828125,788891.15,True,False,True,False,1,-0.024957519454819832
2026-07-02,2474.800048828125,2483.5,2432.10009765625,2446.199951171875,459425,2308.9141104450605,2165.7366979012563,67.57001641530056,78.98647041482006,2528.300048828125,803183.95,True,False,True,False,1,-0.03247245029097856
2026-07-03,2469.0,2524.60009765625,2445.199951171875,2462.300048828125,525087,2323.5222950529715,2177.3666332317216,68.59379764269933,79.01601870550256,2528.300048828125,815922.25,True,False,True,False,1,-0.026104496588761794
2026-07-06,2479.0,2490.0,2428.199951171875,2463.199951171875,533513,2336.8249289690575,2188.575782954865,68.65336425841,77.78630657140417,2528.300048828125,817455.05,True,False,True,False,1,-0.025748564805994523
2026-07-07,2484.300048828125,2562.89990234375,2463.300048828125,2550.0,1123604,2357.1273166862898,2202.7492816625177,73.81263752308345,79.35156690000923,2528.300048828125,820441.8,True,True,True,True,2,0.008582822747613683
2026-07-08,2550.0,2573.5,2449.89990234375,2495.800048828125,1016985,2370.3342435569407,2214.241468610189,66.45728033597942,82.51217623974073,2562.89990234375,850522.65,True,False,True,True,2,-0.026181222861752285
2026-07-09,2488.0,2522.0,2462.199951171875,2469.5,359295,2379.7786013134223,2224.251607096064,63.16791631625503,80.88988142462533,2573.5,885352.95,True,False,True,False,1,-0.04041189042160487
2026-07-10,2473.89990234375,2526.89990234375,2451.0,2479.39990234375,329308,2389.2663442686917,2234.2574225959734,63.892397425864836,80.53345434741995,2573.5,782292.7,True,False,True,False,1,-0.03656502726102584
2026-07-13,2476.0,2506.39990234375,2416.39990234375,2461.199951171875,611673,2396.1171639737568,2243.15712959895,61.497524856545894,81.2096361797471,2573.5,763977.65,True,False,True,False,1,-0.04363708911137554
2026-07-14,2461.10009765625,2514.60009765625,2457.0,2488.300048828125,492111,2404.8964863408396,2252.770577411859,63.68054557625551,79.52324057092586,2573.5,766799.1,True,False,True,False,1,-0.03310664510272976
2026-07-15,2500.0,2524.800048828125,2451.60009765625,2465.10009765625,325204,2410.630163608974,2261.09722526458,60.517184118399065,79.07157704242223,2573.5,765913.95,True,False,True,False,1,-0.04212158630027196
2026-07-16,2509.0,2564.800048828125,2482.60009765625,2529.39990234375,809358,2421.941567298,2271.618898875528,65.61534954479474,80.54503233738315,2573.5,739802.95,True,False,True,True,2,-0.017136233789100452
2026-07-17,2529.39990234375,2539.0,2435.0,2449.0,326961,2424.518560888667,2278.5750204882524,55.896383485322076,82.22038717042722,2573.5,729882.2,True,False,True,False,1,-0.04837769574509421
2026-07-20,2449.89990234375,2492.0,2445.0,2459.10009765625,324971,2427.8120405808177,2285.6544352791543,56.76280037896412,79.70464522968243,2573.5,731849.85,True,False,True,False,1,-0.0444530415169031
2026-07-21,2476.0,2497.89990234375,2417.39990234375,2482.39990234375,210888,2433.01088455824,2293.3699437914916,58.77479547718851,79.76145628470512,2573.5,721373.35,True,False,True,False,1,-0.03539929965271027
2026-07-22,2465.0,2465.0,2351.10009765625,2439.10009765625,671215,2433.5908096151934,2299.084851786188,53.76745438362094,83.44276688490476,2573.5,627128.85,True,False,True,True,2,-0.052224558905673235
2026-07-23,2438.60009765625,2439.10009765625,2360.0,2377.699951171875,197918,2428.2678707158298,2302.1677968601366,47.577520531559855,83.13257622571514,2573.5,613232.2,True,False,False,False,0,-0.07608317420949096
2026-07-24,2379.0,2415.0,2366.199951171875,2379.800048828125,156545,2423.6518876789055,2305.212198898097,47.79888153122944,80.680252840173,2573.5,594990.1,True,False,False,False,0,-0.07526712693680782
2026-07-27,2381.300048828125,2430.10009765625,2376.10009765625,2427.10009765625,300623,2423.9802886291286,2309.992116496456,52.64866713021404,78.77452049444636,2573.5,602817.35,True,False,True,False,1,-0.05688746933893529
2026-07-28,2429.0,2459.89990234375,2408.800048828125,2428.300048828125,142915,2424.3916943623663,2314.631643254561,52.76855097682207,76.7977585673877,2573.5,580626.95,True,False,True,False,1,-0.05642119726904027
2026-07-29,2428.699951171875,2550.0,2428.699951171875,2543.699951171875,841656,2435.7543854870814,2323.6147141532792,62.58045898326375,80.0050580391368,2573.5,472958.5,True,False,True,True,2,-0.011579579882698643
2026-07-30,2565.0,2586.0,2493.0,2517.0,745911,2443.4920630597403,2331.1984508531505,59.50058367956089,80.93326817919845,2573.5,487962.75,True,False,True,True,2,-0.021954536623275733
2026-07-31,2525.300048828125,2535.89990234375,2500.0,2502.89990234375,266828,2449.1499525153604,2337.931841107684,57.88055242391759,77.71659919095214,2586.0,502287.05,True,False,True,False,1,-0.032134608529098996
2026-08-03,2505.60009765625,2585.0,2494.10009765625,2579.199951171875,502554,2461.5356666731236,2347.393335620005,63.64839200108882,78.65826370186626,2586.0,489374.1,True,False,True,True,2,-0.0026295625785479615
2026-08-04,2579.199951171875,2634.300048828125,2561.10009765625,2583.10009765625,765513,2473.1132315286595,2356.636738052799,63.920369747399235,78.2683842354383,2586.0,487826.15,True,False,True,True,2,-0.0011213852837393956
2026-08-05,2587.5,2595.699951171875,2531.10009765625,2545.10009765625,299935,2479.9691235408113,2364.027458037248,59.267571336347025,77.2920606125945,2634.300048828125,469921.6,True,False,True,False,1,-0.033860968575525674
2026-08-06,2570.0,2626.39990234375,2557.0,2608.300048828125,503618,2492.1911164253174,2373.606775323165,63.96554660484921,77.57832804651632,2634.300048828125,434069.1,True,False,True,True,2,-0.009869794449408387
2026-08-07,2601.0,2619.89990234375,2570.0,2601.0,317731,2502.553867241954,2382.524156683041,63.06080690034883,75.60129763917588,2634.300048828125,441285.25,True,False,True,False,1,-0.012640947580340622
2026-08-10,2632.0,2685.0,2610.10009765625,2667.300048828125,720772,2518.24397977397,2393.691838727946,67.54997017404537,76.20120495066332,2634.300048828125,440706.4,True,True,True,True,2,0.012527046801172226
2026-08-11,2845.5,2988.39990234375,2808.0,2924.39990234375,8760097,2556.925496209187,2414.503919654056,78.47451926481709,93.6939655624463,2685.0,446161.35,True,True,True,True,2,0.0891619748021415
2026-08-12,2924.0,2949.89990234375,2860.0,2891.199951171875,732471,2588.7611585865857,2433.197881674363,74.96484843079173,93.42296104682512,2988.39990234375,859560.65,True,False,True,False,1,-0.03252575102001665
2026-08-13,2891.10009765625,2975.0,2825.5,2967.60009765625,793051,2624.8410575456014,2454.1548313207118,77.46277461424306,97.42846382919475,2988.39990234375,879924.0,True,False,True,False,1,-0.00696018115620578
2026-08-14,2950.39990234375,3039.800048828125,2946.60009765625,2970.199951171875,789574,2657.7323807481034,2474.391894844287,77.54488235099474,97.12642721081477,2988.39990234375,879108.65,True,False,True,False,1,-0.006090199359731319
2026-08-17,2986.0,2993.300048828125,2859.699951171875,2910.199951171875,372430,2681.776911264653,2491.482406857134,71.10645614350679,99.73168938548872,3039.800048828125,902239.3,True,False,True,False,1,-0.04263441528208811
2026-08-18,2904.0,2925.0,2850.0,2858.60009765625,488656,2698.617214730519,2505.8791790453347,66.029032331309,97.96514014366811,3039.800048828125,904612.25,True,False,True,False,1,-0.05960916779435199
2026-08-19,2852.89990234375,2881.39990234375,2827.5,2841.300048828125,254909,2712.2060560731484,2519.0329386446597,64.36945402195023,94.81762315795967,3039.800048828125,918500.65,True,False,True,False,1,-0.06530034765823622
2026-08-20,2857.800048828125,2869.800048828125,2811.0,2820.0,563338,2722.4721459709435,2530.835568501732,62.29347329484666,92.24493927725719,3039.800048828125,897685.35,True,False,True,False,1,-0.07230740354546028
2026-08-21,2844.800048828125,2877.89990234375,2792.0,2819.300048828125,244651,2731.693851004961,2542.147901063551,62.22245627031073,91.79172235343525,3039.800048828125,915956.35,True,False,True,False,1,-0.07253766578660492
2026-08-24,2825.0,2880.0,2791.0,2801.60009765625,517520,2738.351588781274,2552.322497008363,60.34885167367425,91.59231361390417,3039.800048828125,920361.65,True,False,True,False,1,-0.07836040112694376
2026-08-25,2810.89990234375,2835.89990234375,2776.10009765625,2824.60009765625,139251,2746.565732483653,2563.0000499749467,61.95210403627273,89.321420119161,3039.800048828125,931206.5,True,False,True,False,1,-0.07079411399274005
2026-08-26,2838.699951171875,2915.0,2831.39990234375,2903.199951171875,360874,2761.4832771206266,2576.3412225709044,66.88052846616381,89.39845456377451,3039.800048828125,931023.3,True,False,True,False,1,-0.04493719832293275
2026-08-27,2912.89990234375,2924.39990234375,2855.60009765625,2873.5,129706,2772.1515364424713,2587.9945079602808,63.53174605774267,87.9271224297549,3039.800048828125,906984.2,True,False,True,False,1,-0.05470756173329083
2026-08-28,2873.5,2900.0,2852.10009765625,2888.0,165191,2783.18472344795,2599.7594292167405,64.467181543419,85.06803528075456,3039.800048828125,876173.95,True,False,True,False,1,-0.049937511148684166
2026-08-31,2885.0,2913.800048828125,2845.800048828125,2885.800048828125,370779,2792.9576115793952,2610.976708417187,64.19812044760317,83.8488899035578,3039.800048828125,871092.1,True,False,True,False,1,-0.05066122689858121
2026-09-01,2885.699951171875,2928.60009765625,2859.300048828125,2875.0,257559,2800.7711723813577,2621.330562989062,62.81215227096523,82.80968696959832,3039.800048828125,864503.35,True,False,True,False,1,-0.054214108224538426
2026-09-02,2915.0,2930.0,2803.0,2868.39990234375,556481,2807.2120038063476,2631.0195566892457,61.93220467021359,85.9661379003413,3039.800048828125,839105.65,True,False,True,False,1,-0.05638533578892846
2026-09-03,2870.0,2948.0,2847.60009765625,2907.89990234375,189288,2816.8013274765763,2641.8776094600107,65.08473914939336,86.99712107487049,3039.800048828125,851932.95,True,False,True,False,1,-0.04339106005844817
2026-09-04,2915.0,2969.0,2851.10009765625,2932.39990234375,2977808,2827.8107155591642,2653.270640553491,66.9148959356782,89.20446259407618,3039.800048828125,836216.45,True,False,True,True,2,-0.03533131941549206
2026-09-07,2929.60009765625,3042.0,2916.89990234375,2974.300048828125,1031320,2841.7620806323985,2665.8600291132807,69.8277262469733,91.76843652708858,3039.800048828125,969220.3,True,False,True,True,2,-0.021547469882188808
2026-09-08,2979.89990234375,2979.89990234375,2901.89990234375,2959.300048828125,709554,2852.956172841515,2677.367480866804,67.53540954216226,90.78497677515368,3042.0,984747.7,True,False,True,False,1,-0.02718604575012329
2026-09-09,2959.300048828125,3033.89990234375,2938.60009765625,3026.199951171875,1560855,2869.455580301549,2691.04718558465,71.95710187939923,91.10746448317842,3042.0,582220.55,True,False,True,True,2,-0.0051939673991205915
2026-09-10,3031.0,3031.0,2918.89990234375,2946.89990234375,368835,2876.831230019854,2701.080625457556,61.29931841714206,92.60693828125497,3042.0,623639.75,True,False,True,False,1,-0.03126235951881984
2026-09-11,2940.0,2950.10009765625,2882.0,2922.300048828125,389004,2881.16159371588,2709.755896962284,58.40918352041337,90.85644966518318,3042.0,602428.95,True,False,True,False,1,-0.0393490963747124
2026-09-14,2922.300048828125,2922.300048828125,2922.300048828125,2922.300048828125,0,2885.079541821808,2718.0909617413367,58.40918352041337,84.36670326052725,3042.0,582400.45,True,False,True,False,1,-0.0393490963747124
2026-09-15,2930.0,2940.0,2856.89990234375,2895.5,497958,2886.071966410207,2725.048178927951,55.1253134095013,84.2762314316503,3042.0,563778.95,True,False,True,False,1,-0.048159105851413586
2026-09-16,2877.0,2914.199951171875,2792.39990234375,2826.60009765625,748751,2880.4079789098305,2729.0306071133746,47.700353140108795,86.95650410282707,3042.0,564244.05,True,False,False,True,1,-0.07080864639833995
2026-09-17,2827.89990234375,2941.10009765625,2820.10009765625,2907.800048828125,678984,2883.016747473478,2736.0411734551294,55.33564997912541,89.38818238119656,3042.0,588936.15,True,False,True,True,2,-0.044115697295159406
