Date,Open,High,Low,Close,Volume
2020-01-01,88.25,89.25,88.0,88.75,5890570
2020-01-02,88.55000305175781,92.80000305175781,88.55000305175781,92.25,13253695
2020-01-03,92.0,92.5,90.5,90.94999694824219,9418595
2020-01-06,90.4000015258789,90.4000015258789,86.8499984741211,87.0999984741211,7308783
2020-01-07,87.80000305175781,88.9000015258789,86.55000305175781,87.3499984741211,9285639
2020-01-08,86.4000015258789,87.30000305175781,85.5999984741211,86.94999694824219,7490919
2020-01-09,87.94999694824219,90.80000305175781,87.55000305175781,89.6500015258789,9989902
2020-01-10,89.94999694824219,90.4000015258789,88.44999694824219,88.80000305175781,7931965
2020-01-13,89.30000305175781,90.44999694824219,89.25,90.05000305175781,5987313
2020-01-14,90.0,91.75,89.5999984741211,91.19999694824219,7918121
2020-01-15,91.19999694824219,91.69999694824219,90.19999694824219,91.05000305175781,7347554
2020-01-16,91.0,94.1500015258789,90.75,92.94999694824219,16683768
2020-01-17,92.69999694824219,93.4000015258789,91.4000015258789,91.5999984741211,7405150
2020-01-20,92.4000015258789,94.5,88.05000305175781,93.75,43342551
2020-01-21,94.0,96.4000015258789,93.5,94.5999984741211,30451633
2020-01-22,95.1500015258789,95.6500015258789,93.30000305175781,93.75,13553520
2020-01-23,93.5,95.9000015258789,93.30000305175781,94.5,11965127
2020-01-24,94.5,96.94999694824219,94.19999694824219,96.0,9905227
2020-01-27,96.0,96.8499984741211,94.6500015258789,95.6500015258789,8860848
2020-01-28,95.8499984741211,96.25,94.6500015258789,95.30000305175781,5291973
2020-01-29,95.9000015258789,96.3499984741211,94.55000305175781,94.8499984741211,6316781
2020-01-30,94.69999694824219,94.80000305175781,91.0999984741211,93.0,8366185
2020-01-31,93.69999694824219,93.80000305175781,90.80000305175781,91.3499984741211,10270614
2020-02-03,88.3499984741211,89.80000305175781,87.05000305175781,88.4000015258789,8298640
2020-02-04,89.0999984741211,90.30000305175781,87.75,89.75,10285159
2020-02-05,90.25,91.0,89.19999694824219,90.8499984741211,7382599
2020-02-06,91.4000015258789,93.69999694824219,90.5,92.5,12574922
2020-02-07,93.0,93.44999694824219,90.94999694824219,91.25,11509016
2020-02-10,91.55000305175781,91.55000305175781,90.0,90.05000305175781,5614924
2020-02-11,90.30000305175781,91.4000015258789,90.0,90.44999694824219,5188082
2020-02-12,91.30000305175781,91.30000305175781,89.5,90.4000015258789,4714961
2020-02-13,90.4000015258789,90.4000015258789,88.9000015258789,89.19999694824219,5533149
2020-02-14,89.55000305175781,89.94999694824219,86.75,87.1500015258789,7297847
2020-02-17,87.1500015258789,87.4000015258789,84.0,84.44999694824219,8590333
2020-02-18,84.4000015258789,84.4000015258789,81.0,81.8499984741211,12149745
2020-02-19,82.9000015258789,85.4000015258789,82.69999694824219,84.44999694824219,12570992
2020-02-20,85.25,88.0,85.0,87.5,12197037
2020-02-24,86.9000015258789,87.30000305175781,85.69999694824219,86.6500015258789,5429905
2020-02-25,87.0,88.0,86.0,86.4000015258789,4920055
2020-02-26,85.75,86.0999984741211,84.5999984741211,85.05000305175781,4161156
2020-02-27,85.30000305175781,89.69999694824219,84.6500015258789,88.8499984741211,20273653
2020-02-28,85.94999694824219,87.1500015258789,85.0999984741211,85.9000015258789,13359911
2020-03-02,87.94999694824219,88.19999694824219,81.6500015258789,82.80000305175781,12883824
2020-03-03,83.55000305175781,85.5,82.5,84.5,8678728
2020-03-04,84.4000015258789,84.75,82.0999984741211,83.44999694824219,7890014
2020-03-05,84.80000305175781,84.94999694824219,83.0,83.19999694824219,9188495
2020-03-06,78.69999694824219,81.25,76.30000305175781,80.05000305175781,10354678
2020-03-09,77.5,78.5999984741211,69.75,72.8499984741211,26932628
2020-03-11,72.9000015258789,75.19999694824219,71.0,71.3499984741211,21213681
2020-03-12,68.0,68.44999694824219,62.45000076293945,63.099998474121094,29022639
2020-03-13,56.79999923706055,69.25,53.650001525878906,68.5,22601520
2020-03-16,64.69999694824219,66.19999694824219,62.5,63.099998474121094,17224557
2020-03-17,63.04999923706055,64.0,57.0,58.29999923706055,15969940
2020-03-18,58.29999923706055,59.54999923706055,50.20000076293945,54.25,30069159
2020-03-19,50.0,56.900001525878906,49.650001525878906,52.400001525878906,21389327
2020-03-20,53.0,55.849998474121094,52.20000076293945,52.900001525878906,18060337
2020-03-23,47.650001525878906,47.650001525878906,39.79999923706055,40.099998474121094,14649753
2020-03-24,43.400001525878906,43.599998474121094,37.29999923706055,37.79999923706055,25428788
2020-03-25,37.0,41.5,35.70000076293945,38.29999923706055,20730756
2020-03-26,38.54999923706055,45.849998474121094,37.54999923706055,41.79999923706055,31119304
2020-03-27,44.0,47.75,42.599998474121094,44.45000076293945,42304871
2020-03-30,42.0,43.5,40.20000076293945,40.70000076293945,24888132
2020-03-31,42.099998474121094,42.400001525878906,40.75,41.04999923706055,14962115
2020-04-01,41.04999923706055,41.599998474121094,39.349998474121094,41.29999923706055,16801805
2020-04-03,41.20000076293945,41.29999923706055,39.5,39.900001525878906,13676114
2020-04-07,41.849998474121094,43.20000076293945,40.349998474121094,42.70000076293945,17484894
2020-04-08,42.5,45.349998474121094,40.5,40.849998474121094,38777640
2020-04-09,41.20000076293945,42.5,40.04999923706055,40.95000076293945,34421915
2020-04-13,40.900001525878906,41.599998474121094,39.70000076293945,40.650001525878906,20457501
2020-04-15,41.099998474121094,43.79999923706055,41.0,41.400001525878906,27800497
2020-04-16,41.29999923706055,42.599998474121094,40.54999923706055,42.20000076293945,15769505
2020-04-17,44.95000076293945,46.400001525878906,43.25,46.0,41148926
2020-04-20,47.5,47.5,45.29999923706055,46.04999923706055,31414332
2020-04-21,44.0,44.20000076293945,42.650001525878906,43.349998474121094,20824097
2020-04-22,43.95000076293945,44.349998474121094,42.0,44.04999923706055,24273853
2020-04-23,44.79999923706055,46.0,43.95000076293945,45.0,20801057
2020-04-24,44.0,44.20000076293945,42.900001525878906,43.099998474121094,14198424
2020-04-27,43.54999923706055,44.75,43.0,44.5,17958378
2020-04-28,45.20000076293945,48.0,44.400001525878906,46.75,25447342
2020-04-29,47.75,47.75,45.75,46.5,22205199
2020-04-30,47.04999923706055,50.75,46.599998474121094,48.79999923706055,60287106
2020-05-04,46.29999923706055,46.400001525878906,43.650001525878906,44.04999923706055,29620830
2020-05-05,45.04999923706055,45.349998474121094,42.70000076293945,42.95000076293945,22783249
2020-05-06,43.0,44.099998474121094,41.95000076293945,43.79999923706055,21471279
2020-05-07,43.400001525878906,44.79999923706055,42.75,43.150001525878906,20343168
2020-05-08,43.95000076293945,44.349998474121094,42.29999923706055,42.650001525878906,14969804
2020-05-11,43.0,44.650001525878906,42.75,43.099998474121094,27431639
2020-05-12,42.5,42.54999923706055,40.29999923706055,41.45000076293945,36707066
2020-05-13,45.0,45.0,42.25,43.150001525878906,40986378
2020-05-14,43.45000076293945,45.70000076293945,42.25,45.400001525878906,52425222
2020-05-15,45.400001525878906,45.400001525878906,43.54999923706055,43.75,18625496
2020-05-18,43.650001525878906,43.650001525878906,39.45000076293945,39.599998474121094,42172828
2020-05-19,40.400001525878906,40.70000076293945,37.75,38.25,34760754
2020-05-20,38.5,39.900001525878906,38.0,39.099998474121094,24764915
2020-05-21,39.25,39.900001525878906,38.900001525878906,39.29999923706055,19911466
2020-05-22,39.0,39.849998474121094,36.79999923706055,37.349998474121094,34961306
2020-05-26,37.849998474121094,38.75,37.54999923706055,38.45000076293945,24766540
2020-05-27,38.900001525878906,41.650001525878906,37.95000076293945,40.95000076293945,42961149
2020-05-28,41.599998474121094,43.29999923706055,40.650001525878906,42.79999923706055,65075382
2020-05-29,42.0,45.25,41.400001525878906,44.900001525878906,73905119
2020-06-01,45.849998474121094,47.20000076293945,45.650001525878906,46.650001525878906,39129703
2020-06-02,46.79999923706055,48.099998474121094,46.0,47.599998474121094,47521913
2020-06-03,48.599998474121094,48.849998474121094,46.599998474121094,47.099998474121094,36840844
2020-06-04,47.0,48.0,45.29999923706055,45.650001525878906,38527275
2020-06-05,45.75,47.599998474121094,45.75,47.349998474121094,32128165
2020-06-08,48.5,50.400001525878906,47.599998474121094,48.150001525878906,53975654
2020-06-09,48.20000076293945,50.0,46.79999923706055,48.45000076293945,52520536
2020-06-10,48.45000076293945,50.099998474121094,48.400001525878906,49.79999923706055,30571759
2020-06-11,49.95000076293945,50.70000076293945,47.75,48.0,52454634
2020-06-12,44.04999923706055,49.5,44.04999923706055,48.849998474121094,50051671
2020-06-15,48.849998474121094,48.849998474121094,46.29999923706055,46.54999923706055,34670002
2020-06-16,47.900001525878906,48.79999923706055,45.70000076293945,46.79999923706055,37885197
2020-06-17,46.400001525878906,47.54999923706055,45.70000076293945,46.70000076293945,30690742
2020-06-18,46.25,48.45000076293945,46.04999923706055,48.20000076293945,26042150
2020-06-19,48.150001525878906,51.20000076293945,47.900001525878906,50.95000076293945,61803765
2020-06-22,51.95000076293945,56.0,51.54999923706055,54.29999923706055,77507116
2020-06-23,55.0,57.0,54.5,56.45000076293945,53398165
2020-06-24,57.45000076293945,58.099998474121094,52.79999923706055,53.25,50155502
2020-06-25,53.0,53.75,51.099998474121094,52.20000076293945,50484707
2020-06-26,53.25,54.95000076293945,52.79999923706055,53.45000076293945,39174660
2020-06-29,52.95000076293945,52.95000076293945,51.25,51.54999923706055,24686067
2020-06-30,52.29999923706055,52.79999923706055,50.70000076293945,51.0,20969705
2020-07-01,51.04999923706055,53.349998474121094,50.900001525878906,53.20000076293945,26554199
2020-07-02,53.70000076293945,54.25,53.25,53.54999923706055,27301238
2020-07-03,53.900001525878906,53.95000076293945,52.54999923706055,53.0,16304784
2020-07-06,53.900001525878906,54.70000076293945,53.5,53.650001525878906,19060033
2020-07-07,53.79999923706055,56.25,52.25,55.95000076293945,46328622
2020-07-08,56.0,56.20000076293945,54.099998474121094,54.400001525878906,36906673
2020-07-09,54.79999923706055,55.599998474121094,54.5,55.20000076293945,21891219
2020-07-10,54.650001525878906,56.0,53.95000076293945,54.20000076293945,25569997
2020-07-13,54.79999923706055,54.900001525878906,52.75,53.04999923706055,20919334
2020-07-14,53.0,53.0,50.650001525878906,51.099998474121094,22211455
2020-07-15,51.70000076293945,53.0,49.20000076293945,49.79999923706055,45140957
2020-07-16,51.599998474121094,53.75,50.5,52.0,74246641
2020-07-17,53.29999923706055,53.599998474121094,51.20000076293945,52.04999923706055,43066480
2020-07-20,52.75,54.25,52.29999923706055,53.70000076293945,42461595
2020-07-21,54.599998474121094,54.599998474121094,53.75,54.45000076293945,26491849
2020-07-22,54.5,57.25,53.099998474121094,56.70000076293945,58375769
2020-07-23,57.0,57.70000076293945,56.29999923706055,57.099998474121094,46248221
2020-07-24,56.20000076293945,58.599998474121094,55.400001525878906,57.54999923706055,49022476
2020-07-27,57.54999923706055,57.650001525878906,55.04999923706055,55.900001525878906,37944039
2020-07-28,55.900001525878906,56.900001525878906,55.25,55.54999923706055,26639945
2020-07-29,55.900001525878906,56.900001525878906,55.20000076293945,55.79999923706055,25279806
2020-07-30,56.04999923706055,56.349998474121094,53.849998474121094,54.150001525878906,20355408
2020-07-31,54.20000076293945,54.650001525878906,53.099998474121094,53.900001525878906,23225970
2020-08-03,53.599998474121094,54.20000076293945,52.25,52.45000076293945,29215083
2020-08-04,52.5,53.099998474121094,52.04999923706055,52.29999923706055,21602946
2020-08-05,52.5,53.29999923706055,52.20000076293945,52.349998474121094,39702677
2020-08-06,52.900001525878906,53.25,51.650001525878906,52.45000076293945,68925506
2020-08-07,52.45000076293945,55.0,52.20000076293945,54.650001525878906,52185679
2020-08-10,54.95000076293945,55.25,53.650001525878906,53.849998474121094,27635691
2020-08-11,54.29999923706055,54.5,53.599998474121094,54.29999923706055,25478705
2020-08-12,54.0,54.45000076293945,53.45000076293945,54.0,21254128
2020-08-13,54.29999923706055,55.0,53.849998474121094,54.0,24143407
2020-08-14,54.349998474121094,54.45000076293945,52.0,52.599998474121094,26927442
2020-08-17,53.099998474121094,53.400001525878906,52.150001525878906,52.849998474121094,17076214
2020-08-18,53.099998474121094,53.75,52.5,53.5,21716542
2020-08-19,53.900001525878906,55.79999923706055,53.599998474121094,54.900001525878906,46676354
2020-08-20,54.45000076293945,54.79999923706055,53.900001525878906,54.599998474121094,29832293
2020-08-21,55.0,56.20000076293945,54.650001525878906,55.900001525878906,44840006
2020-08-24,56.5,57.099998474121094,56.0,56.70000076293945,44901274
2020-08-25,57.0,57.45000076293945,56.0,56.400001525878906,39865899
2020-08-26,56.79999923706055,57.04999923706055,56.29999923706055,56.70000076293945,21768815
2020-08-27,56.900001525878906,57.25,56.0,56.099998474121094,31910870
2020-08-28,56.5,61.150001525878906,56.25,60.45000076293945,131276644
2020-08-31,61.599998474121094,62.75,54.75,55.29999923706055,89954666
2020-09-01,55.29999923706055,56.79999923706055,53.349998474121094,54.650001525878906,60214650
2020-09-02,55.20000076293945,56.20000076293945,54.150001525878906,55.900001525878906,33944932
2020-09-03,56.45000076293945,56.70000076293945,55.29999923706055,55.70000076293945,22603987
2020-09-04,54.0,55.04999923706055,53.599998474121094,53.849998474121094,34819706
2020-09-07,53.849998474121094,54.20000076293945,52.150001525878906,52.849998474121094,30459128
2020-09-08,53.0,53.20000076293945,51.75,52.099998474121094,24120624
2020-09-09,51.099998474121094,51.849998474121094,49.70000076293945,51.29999923706055,37724968
2020-09-10,52.099998474121094,52.5,50.599998474121094,51.25,32244672
2020-09-11,51.400001525878906,52.150001525878906,50.849998474121094,51.79999923706055,23113450
2020-09-14,52.400001525878906,55.0,52.29999923706055,53.349998474121094,48276030
2020-09-15,53.95000076293945,54.45000076293945,52.849998474121094,54.25,25098515
2020-09-16,54.349998474121094,54.349998474121094,52.900001525878906,53.54999923706055,29164258
2020-09-17,53.0,53.95000076293945,52.400001525878906,52.650001525878906,27924928
2020-09-18,53.29999923706055,53.400001525878906,51.0,51.900001525878906,33321464
2020-09-21,52.0,52.099998474121094,49.5,49.79999923706055,33480892
2020-09-22,50.0,50.150001525878906,47.54999923706055,48.849998474121094,37255009
2020-09-23,49.5,49.79999923706055,47.5,48.45000076293945,34957867
2020-09-24,47.400001525878906,47.900001525878906,45.5,45.75,41509055
2020-09-25,46.29999923706055,47.95000076293945,45.349998474121094,47.70000076293945,32268685
2020-09-28,48.70000076293945,50.650001525878906,48.0,50.5,28676603
2020-09-29,50.5,50.900001525878906,48.95000076293945,49.20000076293945,27538524
2020-09-30,49.5,49.599998474121094,48.5,48.599998474121094,21059446
2020-10-01,49.29999923706055,50.650001525878906,49.04999923706055,50.5,30741870
2020-10-05,51.29999923706055,52.349998474121094,50.20000076293945,50.79999923706055,37525085
2020-10-06,51.400001525878906,52.0,50.70000076293945,51.75,24410424
2020-10-07,51.900001525878906,51.900001525878906,50.75,51.45000076293945,21172372
2020-10-08,51.599998474121094,53.150001525878906,51.5,52.20000076293945,36015969
2020-10-09,52.150001525878906,53.150001525878906,51.75,52.95000076293945,29320005
2020-10-12,53.349998474121094,54.25,52.29999923706055,52.5,25901999
2020-10-13,52.349998474121094,53.0,51.849998474121094,52.45000076293945,14672696
2020-10-14,52.29999923706055,53.20000076293945,51.400001525878906,52.900001525878906,26184027
2020-10-15,53.25,54.0,51.45000076293945,51.75,39618356
2020-10-16,52.25,53.5,51.400001525878906,52.20000076293945,44188588
2020-10-19,53.54999923706055,56.599998474121094,53.20000076293945,56.20000076293945,93001031
2020-10-20,55.54999923706055,57.20000076293945,55.04999923706055,56.849998474121094,46062002
2020-10-21,56.849998474121094,58.79999923706055,55.75,57.0,54765746
2020-10-22,56.5,56.849998474121094,55.75,56.5,32543391
2020-10-23,57.0,57.150001525878906,55.900001525878906,56.0,27949393
2020-10-26,56.29999923706055,56.29999923706055,54.0,54.150001525878906,32690654
2020-10-27,54.70000076293945,54.70000076293945,53.099998474121094,54.04999923706055,37331270
2020-10-28,53.95000076293945,54.0,51.599998474121094,52.150001525878906,45780158
2020-10-29,51.900001525878906,51.900001525878906,50.25,51.0,39039775
2020-10-30,51.20000076293945,51.400001525878906,49.79999923706055,50.45000076293945,38979958
2020-11-02,51.04999923706055,52.5,50.04999923706055,51.650001525878906,44467732
2020-11-03,52.0,53.70000076293945,51.900001525878906,53.5,39874232
2020-11-04,53.0,53.400001525878906,51.25,52.70000076293945,41397509
2020-11-05,53.099998474121094,54.45000076293945,53.099998474121094,54.150001525878906,39135687
2020-11-06,54.099998474121094,55.29999923706055,53.349998474121094,54.75,42549793
2020-11-09,55.5,56.54999923706055,54.70000076293945,55.70000076293945,38980097
2020-11-10,56.20000076293945,59.0,56.150001525878906,58.650001525878906,67005996
2020-11-11,59.150001525878906,59.45000076293945,56.5,57.45000076293945,46546567
2020-11-12,57.5,57.54999923706055,56.20000076293945,56.29999923706055,25878902
2020-11-13,55.79999923706055,56.95000076293945,54.70000076293945,56.650001525878906,36216804
2020-11-14,57.04999923706055,57.20000076293945,56.099998474121094,56.599998474121094,3280256
2020-11-17,57.0,58.54999923706055,56.900001525878906,58.04999923706055,34651878
2020-11-18,57.849998474121094,62.5,57.25,61.900001525878906,71799349
2020-11-19,61.349998474121094,61.900001525878906,58.099998474121094,58.599998474121094,54352436
2020-11-20,58.70000076293945,59.349998474121094,56.900001525878906,58.45000076293945,43773824
2020-11-23,59.099998474121094,59.54999923706055,57.849998474121094,58.29999923706055,29514760
2020-11-24,59.0,59.150001525878906,57.29999923706055,58.5,39158987
2020-11-25,59.0,61.54999923706055,58.79999923706055,59.20000076293945,62225629
2020-11-26,59.900001525878906,60.099998474121094,58.400001525878906,59.849998474121094,38323739
2020-11-27,60.0,63.5,59.849998474121094,62.79999923706055,71574923
2020-12-01,63.20000076293945,65.8499984741211,62.29999923706055,65.5999984741211,54097063
2020-12-02,65.75,66.94999694824219,63.79999923706055,65.05000305175781,52003516
2020-12-03,65.80000305175781,67.0,65.30000305175781,65.5999984741211,40295263
2020-12-04,66.25,67.0,64.4000015258789,66.0,38790878
2020-12-07,66.0999984741211,67.5999984741211,65.94999694824219,66.3499984741211,34167162
2020-12-08,66.80000305175781,67.19999694824219,64.80000305175781,65.5,38177971
2020-12-09,66.19999694824219,67.0,65.75,66.5999984741211,27130749
2020-12-10,66.4000015258789,66.5,64.8499984741211,65.5,38211390
2020-12-11,66.05000305175781,67.19999694824219,65.5999984741211,66.25,31794609
2020-12-14,66.55000305175781,69.0999984741211,66.55000305175781,68.4000015258789,48793541
2020-12-15,68.6500015258789,68.6500015258789,66.69999694824219,67.4000015258789,28751441
2020-12-16,68.25,68.5,67.5,67.75,19517091
2020-12-17,67.9000015258789,68.9000015258789,67.0,67.0999984741211,25152667
2020-12-18,67.5,67.6500015258789,65.30000305175781,66.3499984741211,21800372
2020-12-21,66.05000305175781,66.05000305175781,59.5,60.400001525878906,53156785
2020-12-22,60.45000076293945,62.150001525878906,57.650001525878906,61.79999923706055,67432435
2020-12-23,62.150001525878906,64.75,61.25,64.25,34846873
2020-12-24,64.30000305175781,66.05000305175781,64.30000305175781,65.19999694824219,27730531
2020-12-28,65.8499984741211,67.6500015258789,65.8499984741211,67.4000015258789,28813310
2020-12-29,67.69999694824219,68.25,66.3499984741211,67.4000015258789,29998634
2020-12-30,67.6500015258789,68.0,66.30000305175781,67.25,19496396
2020-12-31,67.19999694824219,67.19999694824219,66.25,66.69999694824219,17910330
2021-01-01,67.0,68.19999694824219,66.80000305175781,68.05000305175781,14471914
2021-01-04,69.0,71.4000015258789,68.80000305175781,70.55000305175781,45809327
2021-01-05,70.0,72.5,69.25,72.30000305175781,41838390
2021-01-06,73.0999984741211,74.19999694824219,71.44999694824219,72.69999694824219,42551006
2021-01-07,74.9000015258789,76.5,73.25,75.6500015258789,51330375
2021-01-08,76.4000015258789,76.80000305175781,75.4000015258789,75.75,25199203
2021-01-11,76.25,76.44999694824219,73.5999984741211,74.80000305175781,23281709
2021-01-12,74.0,76.8499984741211,73.5,76.19999694824219,29285428
2021-01-13,77.0,78.0,74.3499984741211,74.80000305175781,41785200
2021-01-14,75.19999694824219,75.9000015258789,74.25,75.05000305175781,21212153
2021-01-15,74.8499984741211,75.30000305175781,71.80000305175781,73.3499984741211,28983879
2021-01-18,72.94999694824219,73.4000015258789,71.0999984741211,71.5999984741211,23791895
2021-01-19,72.0,75.5999984741211,72.0,75.4000015258789,28261556
2021-01-20,75.80000305175781,78.0,74.6500015258789,77.30000305175781,71372249
2021-01-21,78.8499984741211,78.8499984741211,75.25,76.25,48996022
2021-01-22,76.30000305175781,77.0,72.9000015258789,73.30000305175781,37307932
2021-01-25,74.05000305175781,74.80000305175781,70.80000305175781,71.25,30214877
2021-01-27,71.25,71.9000015258789,69.4000015258789,69.80000305175781,35526511
2021-01-28,69.25,72.44999694824219,69.05000305175781,71.5999984741211,57090348
2021-01-29,72.5999984741211,74.55000305175781,71.8499984741211,72.30000305175781,52821135
2021-02-01,73.3499984741211,77.44999694824219,71.75,77.19999694824219,38848036
2021-02-02,77.8499984741211,81.8499984741211,77.5999984741211,80.25,52080504
2021-02-03,80.75,82.19999694824219,79.19999694824219,81.5999984741211,36230202
2021-02-04,81.3499984741211,85.80000305175781,80.55000305175781,85.55000305175781,43530895
2021-02-05,85.5,87.25,82.8499984741211,83.19999694824219,37901726
2021-02-08,83.94999694824219,84.94999694824219,82.4000015258789,82.8499984741211,16475271
2021-02-09,83.0,85.44999694824219,82.0,82.94999694824219,27021814
2021-02-10,83.0,83.75,81.80000305175781,82.8499984741211,20062934
2021-02-11,82.30000305175781,84.0,82.30000305175781,83.4000015258789,15247124
2021-02-12,83.69999694824219,84.1500015258789,82.6500015258789,83.1500015258789,12911103
2021-02-15,83.6500015258789,85.69999694824219,83.5,85.19999694824219,20979020
2021-02-16,86.19999694824219,87.25,84.1500015258789,85.4000015258789,27805881
2021-02-17,85.19999694824219,88.19999694824219,84.5999984741211,86.69999694824219,30110062
2021-02-18,87.25,87.5,85.55000305175781,86.75,21328550
2021-02-19,86.69999694824219,87.4000015258789,82.6500015258789,83.44999694824219,21997527
2021-02-22,83.75,84.1500015258789,79.5,79.94999694824219,22954904
2021-02-23,80.0999984741211,82.30000305175781,80.0,81.25,21166182
2021-02-24,82.0999984741211,85.0999984741211,81.1500015258789,84.69999694824219,13585032
2021-02-25,87.0,88.1500015258789,85.55000305175781,86.25,31750950
2021-02-26,84.9000015258789,85.25,82.0999984741211,83.55000305175781,26936158
2021-03-01,84.6500015258789,84.75,82.5,83.05000305175781,13016839
2021-03-02,83.5,84.75,82.05000305175781,83.30000305175781,17089278
2021-03-03,83.69999694824219,88.5,83.5,88.0999984741211,38195349
2021-03-04,86.69999694824219,92.5,85.80000305175781,90.69999694824219,53425954
2021-03-05,89.9000015258789,91.0,85.3499984741211,87.3499984741211,31006526
2021-03-08,88.19999694824219,89.19999694824219,85.9000015258789,86.30000305175781,20432110
2021-03-09,87.19999694824219,87.69999694824219,84.1500015258789,85.25,17158578
2021-03-10,86.0,87.19999694824219,84.9000015258789,86.30000305175781,17414101
2021-03-12,87.25,87.80000305175781,84.4000015258789,85.25,15241292
2021-03-15,85.6500015258789,85.6500015258789,81.30000305175781,83.75,25969266
2021-03-16,84.0999984741211,84.8499984741211,82.5,83.5999984741211,19001810
2021-03-17,83.6500015258789,83.75,79.69999694824219,80.19999694824219,20684329
2021-03-18,81.0,82.0999984741211,76.69999694824219,77.75,24059775
2021-03-19,77.30000305175781,79.5,74.4000015258789,77.9000015258789,29696921
2021-03-22,78.0,78.55000305175781,76.5999984741211,77.1500015258789,16327873
2021-03-23,77.5,79.5999984741211,77.30000305175781,78.19999694824219,17739659
2021-03-24,78.0,78.30000305175781,75.0999984741211,75.6500015258789,15165464
2021-03-25,75.19999694824219,77.4000015258789,72.5999984741211,76.30000305175781,31628783
2021-03-26,77.0999984741211,78.25,76.0999984741211,76.75,19263538
2021-03-30,78.0,78.19999694824219,75.55000305175781,75.80000305175781,20728852
2021-03-31,75.75,77.0999984741211,75.4000015258789,75.80000305175781,13984956
2021-04-01,76.44999694824219,79.5,76.30000305175781,78.8499984741211,17948568
2021-04-05,78.8499984741211,78.8499984741211,74.3499984741211,76.4000015258789,21409152
2021-04-06,77.0,77.9000015258789,75.75,76.8499984741211,13469267
2021-04-07,77.05000305175781,79.69999694824219,76.25,79.05000305175781,20909522
2021-04-08,79.1500015258789,80.3499984741211,77.5,77.80000305175781,22333908
2021-04-09,77.80000305175781,79.3499984741211,77.19999694824219,77.69999694824219,13319626
2021-04-12,75.0,76.0999984741211,70.3499984741211,71.19999694824219,33673976
2021-04-13,71.5,77.5,71.05000305175781,77.0,39859534
2021-04-15,75.0,77.25,74.0999984741211,75.8499984741211,22121021
2021-04-16,75.94999694824219,77.5999984741211,75.0,76.4000015258789,19511735
2021-04-19,73.75,74.0,71.05000305175781,71.94999694824219,31167449
2021-04-20,73.1500015258789,74.5,71.69999694824219,72.0999984741211,22445564
2021-04-22,70.19999694824219,72.5999984741211,70.19999694824219,71.75,25187266
2021-04-23,71.44999694824219,73.30000305175781,71.0999984741211,72.05000305175781,19721445
2021-04-26,72.75,75.25,72.75,73.94999694824219,26114856
2021-04-27,74.05000305175781,75.44999694824219,73.6500015258789,75.1500015258789,17179563
2021-04-28,75.1500015258789,78.0999984741211,75.0999984741211,77.8499984741211,25111812
2021-04-29,78.5999984741211,79.30000305175781,76.5999984741211,77.55000305175781,28600074
2021-04-30,77.05000305175781,82.9000015258789,76.25,80.0999984741211,64129131
2021-05-03,79.5,80.5999984741211,77.19999694824219,79.8499984741211,24276048
2021-05-04,80.5999984741211,82.80000305175781,79.0,79.44999694824219,35216722
2021-05-05,80.44999694824219,81.0,79.0,80.05000305175781,15530336
2021-05-06,80.5,80.8499984741211,78.30000305175781,78.5999984741211,17472483
2021-05-07,79.5,79.80000305175781,77.25,77.6500015258789,15173888
2021-05-10,78.30000305175781,80.19999694824219,77.9000015258789,79.55000305175781,16982850
2021-05-11,79.0,83.4000015258789,78.0999984741211,81.80000305175781,32415840
2021-05-12,82.30000305175781,84.0,80.5999984741211,81.5999984741211,36316083
2021-05-14,82.44999694824219,82.8499984741211,79.05000305175781,79.6500015258789,20951304
2021-05-17,80.80000305175781,83.5,77.6500015258789,81.55000305175781,97918564
2021-05-18,84.0,86.4000015258789,83.0999984741211,84.3499984741211,84550492
2021-05-19,84.30000305175781,85.4000015258789,83.30000305175781,84.4000015258789,26551292
2021-05-20,84.69999694824219,85.5,82.8499984741211,83.44999694824219,22471941
2021-05-21,84.05000305175781,85.5,83.4000015258789,85.1500015258789,24025317
2021-05-24,85.75,87.25,84.8499984741211,86.4000015258789,32717895
2021-05-25,86.8499984741211,87.6500015258789,85.5999984741211,86.8499984741211,28803347
2021-05-26,87.19999694824219,87.69999694824219,86.5999984741211,87.0,20844850
2021-05-27,87.0,88.69999694824219,86.25,88.05000305175781,22886407
2021-05-28,88.8499984741211,89.4000015258789,87.6500015258789,89.0,24897756
2021-05-31,88.80000305175781,89.3499984741211,87.0,87.25,19382451
2021-06-01,87.30000305175781,87.9000015258789,85.0999984741211,85.75,23672298
2021-06-02,85.75,87.9000015258789,85.25,87.5999984741211,15917553
2021-06-03,87.94999694824219,89.25,87.75,88.0,18196232
2021-06-04,88.0999984741211,88.5,86.9000015258789,87.8499984741211,13270504
2021-06-07,87.9000015258789,88.5999984741211,87.19999694824219,87.55000305175781,14273855
2021-06-08,87.5999984741211,87.9000015258789,86.05000305175781,86.19999694824219,12959267
2021-06-09,86.4000015258789,87.5999984741211,83.5,84.5,25076526
2021-06-10,85.0,86.75,84.55000305175781,86.44999694824219,16619873
2021-06-11,87.0,87.6500015258789,85.30000305175781,86.05000305175781,13388255
2021-06-14,86.05000305175781,86.05000305175781,83.3499984741211,85.30000305175781,15538471
2021-06-15,85.75,87.19999694824219,85.5,86.0,16132267
2021-06-16,86.0,86.69999694824219,84.75,84.94999694824219,13901357
2021-06-17,84.5,86.44999694824219,84.25,85.3499984741211,21189940
2021-06-18,85.75,86.0,81.25,83.8499984741211,20269918
2021-06-21,82.69999694824219,85.5999984741211,81.9000015258789,85.3499984741211,14830152
2021-06-22,85.80000305175781,86.5999984741211,84.30000305175781,84.5999984741211,17222313
2021-06-23,85.0999984741211,86.3499984741211,84.5999984741211,84.80000305175781,13567339
2021-06-24,85.25,85.4000015258789,84.05000305175781,84.8499984741211,12288877
2021-06-25,85.1500015258789,86.19999694824219,84.8499984741211,85.75,14215718
2021-06-28,86.19999694824219,88.0999984741211,85.9000015258789,87.3499984741211,17814231
2021-06-29,87.44999694824219,87.75,86.0,86.5,17100260
2021-06-30,87.0,87.55000305175781,86.44999694824219,87.0999984741211,14367650
2021-07-01,86.80000305175781,86.9000015258789,85.80000305175781,86.0,8653163
2021-07-02,86.19999694824219,86.30000305175781,84.9000015258789,85.30000305175781,10597712
2021-07-05,85.6500015258789,87.55000305175781,85.30000305175781,87.25,17005014
2021-07-06,87.4000015258789,88.5,86.5,86.9000015258789,19807149
2021-07-07,86.9000015258789,86.9000015258789,85.3499984741211,86.30000305175781,12472836
2021-07-08,86.5,87.80000305175781,85.5,86.05000305175781,14929358
2021-07-09,86.05000305175781,86.0999984741211,85.0,85.5999984741211,8479435
2021-07-12,88.44999694824219,90.9000015258789,87.0999984741211,89.5,66543936
2021-07-13,90.3499984741211,90.3499984741211,88.5,89.25,17595140
2021-07-14,89.5,90.30000305175781,88.75,89.8499984741211,17850303
2021-07-15,89.8499984741211,90.0,87.5999984741211,88.4000015258789,14639550
2021-07-16,88.5999984741211,88.9000015258789,87.5999984741211,87.9000015258789,10270602
2021-07-19,86.5,87.4000015258789,85.80000305175781,86.0,11727934
2021-07-20,86.0,86.3499984741211,82.94999694824219,83.75,15546947
2021-07-22,85.0,85.4000015258789,83.8499984741211,84.25,11982348
2021-07-23,84.94999694824219,87.0,83.69999694824219,85.4000015258789,52135646
2021-07-26,85.6500015258789,87.5999984741211,84.6500015258789,87.25,28994949
2021-07-27,87.5,88.44999694824219,86.05000305175781,86.30000305175781,26001457
2021-07-28,86.30000305175781,86.44999694824219,84.75,85.55000305175781,12226537
2021-07-29,85.94999694824219,86.4000015258789,85.0,85.9000015258789,12676353
2021-07-30,86.1500015258789,88.0,85.3499984741211,87.44999694824219,14456555
2021-08-02,87.9000015258789,88.0999984741211,86.30000305175781,86.55000305175781,10564287
2021-08-03,86.05000305175781,89.4000015258789,86.05000305175781,89.1500015258789,19906321
2021-08-04,89.1500015258789,90.0,87.25,87.75,22414475
2021-08-05,88.0,88.05000305175781,85.44999694824219,85.94999694824219,17695360
2021-08-06,86.0,87.4000015258789,85.80000305175781,87.1500015258789,16582952
2021-08-09,87.0,88.19999694824219,86.3499984741211,87.75,11443816
2021-08-10,87.80000305175781,88.1500015258789,85.5,86.4000015258789,16781025
2021-08-11,86.5,86.80000305175781,84.05000305175781,85.19999694824219,16619726
2021-08-12,85.19999694824219,86.25,85.0999984741211,85.5999984741211,10443600
2021-08-13,85.75,86.0999984741211,84.44999694824219,85.30000305175781,9740235
2021-08-16,85.30000305175781,85.5,84.5999984741211,84.80000305175781,6958502
2021-08-17,84.69999694824219,84.80000305175781,83.0,83.25,11228911
2021-08-18,83.6500015258789,84.1500015258789,82.4000015258789,83.25,11789254
2021-08-20,82.3499984741211,82.8499984741211,79.55000305175781,79.9000015258789,17753165
2021-08-23,80.5,80.8499984741211,77.8499984741211,78.25,9998875
2021-08-24,78.30000305175781,80.55000305175781,78.0999984741211,80.0999984741211,11212700
2021-08-25,80.44999694824219,80.94999694824219,80.0999984741211,80.44999694824219,14068568
2021-08-26,80.5,80.5999984741211,78.0,78.19999694824219,10575502
2021-08-27,78.0,78.6500015258789,77.5,77.94999694824219,9003787
2021-08-30,78.9000015258789,81.94999694824219,78.25,81.3499984741211,21810178
2021-08-31,81.30000305175781,81.75,80.0999984741211,81.25,13356776
2021-09-01,81.5,83.25,81.0999984741211,82.4000015258789,16310517
2021-09-02,82.80000305175781,83.3499984741211,82.4000015258789,82.80000305175781,6746469
2021-09-03,83.19999694824219,84.44999694824219,82.0999984741211,82.8499984741211,11703500
2021-09-06,83.5,83.5,82.30000305175781,82.4000015258789,6317125
2021-09-07,82.69999694824219,82.69999694824219,80.6500015258789,81.55000305175781,7586462
2021-09-08,81.80000305175781,83.44999694824219,81.25,83.0999984741211,9085081
2021-09-09,82.94999694824219,83.25,81.8499984741211,82.4000015258789,7302486
2021-09-13,82.4000015258789,82.6500015258789,81.6500015258789,82.0999984741211,4067786
2021-09-14,82.5,82.9000015258789,81.94999694824219,82.3499984741211,5706185
2021-09-15,82.30000305175781,84.19999694824219,81.8499984741211,83.6500015258789,9881509
2021-09-16,84.44999694824219,86.19999694824219,83.4000015258789,85.9000015258789,19475498
2021-09-17,86.5,86.69999694824219,83.0999984741211,83.30000305175781,19944073
2021-09-20,83.0,83.0,79.4000015258789,79.69999694824219,16863234
2021-09-21,79.5,80.5,78.1500015258789,80.05000305175781,15056016
2021-09-22,80.4000015258789,81.6500015258789,79.9000015258789,81.0999984741211,10697315
2021-09-23,82.0,82.5,81.25,81.8499984741211,13640424
2021-09-24,82.5,82.55000305175781,80.55000305175781,80.8499984741211,9330468
2021-09-27,81.4000015258789,82.0,81.0,81.5999984741211,5384060
2021-09-28,81.9000015258789,82.0,80.0999984741211,80.9000015258789,10618280
2021-09-29,80.69999694824219,82.25,79.5,81.3499984741211,23686048
2021-09-30,81.80000305175781,86.25,81.69999694824219,84.30000305175781,33472211
2021-10-01,83.94999694824219,84.30000305175781,82.69999694824219,83.1500015258789,10264738
2021-10-04,84.5,86.0,83.94999694824219,85.05000305175781,15602179
2021-10-05,85.1500015258789,86.19999694824219,84.5,85.75,13017163
2021-10-06,85.9000015258789,86.9000015258789,84.05000305175781,84.4000015258789,13315657
2021-10-07,85.69999694824219,86.44999694824219,84.80000305175781,85.44999694824219,11719207
2021-10-08,85.94999694824219,86.3499984741211,84.80000305175781,85.5999984741211,14090906
2021-10-11,86.5,87.5,85.80000305175781,86.25,12822354
2021-10-12,86.94999694824219,88.94999694824219,85.5,88.5999984741211,25448034
2021-10-13,89.05000305175781,94.0,88.5,93.5999984741211,54208636
2021-10-14,94.69999694824219,95.5,92.75,93.0999984741211,31082419
2021-10-18,95.0,96.5,94.0,95.30000305175781,28559068
2021-10-19,96.05000305175781,96.05000305175781,92.44999694824219,92.8499984741211,17698523
2021-10-20,92.8499984741211,94.4000015258789,91.0,94.0,20059712
2021-10-21,94.80000305175781,98.0,93.30000305175781,96.55000305175781,47242354
2021-10-22,97.19999694824219,105.69999694824219,93.5999984741211,103.9000015258789,128941859
2021-10-25,105.0,107.6500015258789,100.30000305175781,102.5,78995676
2021-10-26,103.0,104.69999694824219,101.6500015258789,102.0,25656807
2021-10-27,102.69999694824219,102.75,98.30000305175781,100.3499984741211,31075808
2021-10-28,100.3499984741211,101.5999984741211,97.05000305175781,97.80000305175781,21384254
2021-10-29,97.9000015258789,100.0,96.0,97.44999694824219,25060969
2021-11-01,98.0,99.25,96.8499984741211,98.0,21186299
2021-11-02,98.75,102.69999694824219,98.55000305175781,101.94999694824219,28226648
2021-11-03,102.6500015258789,102.6500015258789,99.0,100.19999694824219,24199708
2021-11-04,101.4000015258789,101.8499984741211,100.9000015258789,101.0999984741211,2912999
2021-11-08,101.5999984741211,102.19999694824219,100.19999694824219,101.55000305175781,15322961
2021-11-09,101.55000305175781,103.3499984741211,100.75,102.05000305175781,22350613
2021-11-10,102.05000305175781,102.80000305175781,100.05000305175781,100.3499984741211,16567044
2021-11-11,100.9000015258789,102.0999984741211,99.30000305175781,100.19999694824219,17144200
2021-11-12,100.94999694824219,101.05000305175781,99.75,100.0999984741211,13928829
2021-11-15,100.5999984741211,101.30000305175781,99.0,99.55000305175781,11534669
2021-11-16,99.75,99.75,97.05000305175781,97.4000015258789,11586459
2021-11-17,97.4000015258789,98.30000305175781,96.5,97.0999984741211,10725400
2021-11-18,97.1500015258789,98.0999984741211,94.0,94.69999694824219,16495647
2021-11-22,95.30000305175781,95.30000305175781,90.5,91.44999694824219,17323342
2021-11-23,91.0,93.19999694824219,90.75,92.75,17668580
2021-11-24,93.25,94.55000305175781,92.55000305175781,93.05000305175781,11974638
2021-11-25,93.05000305175781,94.4000015258789,92.05000305175781,92.9000015258789,10826969
2021-11-26,92.6500015258789,92.69999694824219,88.05000305175781,88.69999694824219,21088333
2021-11-29,88.0,88.55000305175781,84.69999694824219,87.05000305175781,18514448
2021-11-30,87.5,90.19999694824219,86.25,86.80000305175781,20266746
2021-12-01,87.5,88.75,87.0999984741211,88.55000305175781,14539590
2021-12-02,88.5,89.19999694824219,87.5,88.9000015258789,12932852
2021-12-03,89.0999984741211,90.0,88.80000305175781,89.19999694824219,12453387
2021-12-06,89.3499984741211,89.5,87.4000015258789,87.75,8944775
2021-12-07,88.75,89.94999694824219,88.1500015258789,89.6500015258789,11089664
2021-12-08,90.8499984741211,90.8499984741211,89.6500015258789,90.3499984741211,11330813
2021-12-09,90.5,91.4000015258789,90.0999984741211,90.80000305175781,8410945
2021-12-10,90.75,92.9000015258789,90.0,92.5999984741211,9658633
2021-12-13,93.3499984741211,93.4000015258789,91.6500015258789,91.94999694824219,14719726
2021-12-14,91.5,91.5,89.9000015258789,91.0,7786084
2021-12-15,91.25,91.44999694824219,89.05000305175781,89.30000305175781,10577697
2021-12-16,90.0,90.0999984741211,88.0,88.5999984741211,9936849
2021-12-17,88.19999694824219,88.55000305175781,84.80000305175781,85.19999694824219,19561652
2021-12-20,84.75,84.75,78.80000305175781,81.05000305175781,24015437
2021-12-21,81.94999694824219,82.25,79.8499984741211,80.55000305175781,14156976
2021-12-22,82.4000015258789,82.4000015258789,80.4000015258789,81.30000305175781,13374546
2021-12-23,82.0,83.0999984741211,81.5999984741211,82.1500015258789,12168815
2021-12-24,82.5,82.5,80.3499984741211,81.0,12195815
2021-12-27,80.25,81.9000015258789,78.5999984741211,81.25,9405458
2021-12-28,82.0999984741211,82.3499984741211,81.30000305175781,81.9000015258789,6676061
2021-12-29,81.75,82.5,81.4000015258789,81.94999694824219,6029362
2021-12-30,81.94999694824219,82.75,80.5999984741211,82.19999694824219,25636819
2021-12-31,82.19999694824219,83.5,82.0999984741211,83.0,7508345
2022-01-03,83.19999694824219,87.8499984741211,82.94999694824219,87.19999694824219,23089490
2022-01-04,88.0,88.9000015258789,86.9000015258789,88.5,17703948
2022-01-05,88.44999694824219,90.3499984741211,87.75,90.05000305175781,18419964
2022-01-06,89.69999694824219,90.5999984741211,89.0,90.05000305175781,16421121
2022-01-07,90.80000305175781,91.9000015258789,90.05000305175781,91.3499984741211,19019068
2022-01-10,91.8499984741211,95.9000015258789,91.5999984741211,95.55000305175781,29701899
2022-01-11,95.94999694824219,96.9000015258789,94.44999694824219,96.44999694824219,19146191
2022-01-12,98.69999694824219,99.5,97.69999694824219,98.5,22266577
2022-01-13,98.5,101.9000015258789,97.75,100.5999984741211,23810313
2022-01-14,100.44999694824219,101.0,98.80000305175781,99.5,11509042
2022-01-17,99.44999694824219,100.5,99.19999694824219,100.0,8373684
2022-01-18,100.19999694824219,101.0,97.80000305175781,98.30000305175781,16203943
2022-01-19,98.5,99.80000305175781,97.30000305175781,98.55000305175781,12924190
2022-01-20,98.4000015258789,99.19999694824219,97.4000015258789,97.8499984741211,10645612
2022-01-21,97.05000305175781,97.0999984741211,93.0999984741211,93.9000015258789,14711397
2022-01-24,93.9000015258789,94.75,90.25,92.0,16770551
2022-01-25,92.0,97.6500015258789,90.80000305175781,95.8499984741211,41665022
2022-01-27,95.4000015258789,100.5,94.0,100.0999984741211,31055664
2022-01-28,100.75,102.75,99.5999984741211,100.19999694824219,28438564
2022-01-31,101.5,101.69999694824219,99.80000305175781,100.5999984741211,14174495
2022-02-01,101.0999984741211,102.0,98.25,100.25,14525052
2022-02-02,101.0,102.19999694824219,100.30000305175781,101.4000015258789,12593978
2022-02-03,101.25,101.9000015258789,100.80000305175781,101.0,10269350
2022-02-04,101.0,101.19999694824219,98.25,98.9000015258789,9864599
2022-02-07,99.0,100.5,97.80000305175781,99.5,24264144
2022-02-08,99.8499984741211,100.05000305175781,97.0,99.0,9556428
2022-02-09,99.69999694824219,103.0,99.69999694824219,102.1500015258789,22966546
2022-02-10,102.5,105.0,100.9000015258789,104.44999694824219,30117303
2022-02-11,103.9000015258789,106.0,102.30000305175781,102.94999694824219,28714979
2022-02-14,100.0,100.44999694824219,95.44999694824219,96.19999694824219,23369759
2022-02-15,96.80000305175781,100.94999694824219,94.4000015258789,100.44999694824219,20803245
2022-02-16,101.0,101.5,98.94999694824219,99.5999984741211,16016476
2022-02-17,99.69999694824219,100.19999694824219,98.05000305175781,98.5,13437785
2022-02-18,97.0,98.94999694824219,96.94999694824219,97.9000015258789,10075699
2022-02-21,97.80000305175781,101.8499984741211,97.0,99.75,35843421
2022-02-22,97.75,100.05000305175781,96.1500015258789,99.44999694824219,25227553
2022-02-23,99.44999694824219,102.0999984741211,99.44999694824219,100.30000305175781,21482751
2022-02-24,97.0,97.55000305175781,92.5999984741211,93.8499984741211,39643527
2022-02-25,95.44999694824219,97.5999984741211,95.0,96.75,28249018
2022-02-28,96.0999984741211,97.30000305175781,95.0,97.0,14455709
2022-03-02,96.0,97.75,94.6500015258789,96.05000305175781,15548463
2022-03-03,97.44999694824219,97.5,95.30000305175781,95.75,12419175
2022-03-04,95.30000305175781,95.6500015258789,92.8499984741211,93.25,13385957
2022-03-07,92.0,92.5,86.0,87.4000015258789,24502834
2022-03-08,87.0,90.4000015258789,86.05000305175781,89.6500015258789,29047023
2022-03-09,90.80000305175781,93.0,89.5,92.44999694824219,23549931
2022-03-10,95.19999694824219,97.25,93.75,94.69999694824219,25939107
2022-03-11,94.4000015258789,95.75,93.80000305175781,95.30000305175781,15023756
2022-03-14,95.3499984741211,96.0,93.80000305175781,94.9000015258789,15504240
2022-03-15,95.3499984741211,95.80000305175781,93.0,93.44999694824219,12684289
2022-03-16,94.94999694824219,98.69999694824219,94.55000305175781,98.3499984741211,23649366
2022-03-17,99.6500015258789,100.30000305175781,97.75,98.05000305175781,18789951
2022-03-21,98.44999694824219,98.44999694824219,96.80000305175781,97.3499984741211,10129862
2022-03-22,97.5,99.19999694824219,96.5,98.8499984741211,11871146
2022-03-23,99.0,100.0,98.1500015258789,98.55000305175781,11438626
2022-03-24,98.30000305175781,99.1500015258789,97.69999694824219,98.0,10320726
2022-03-25,98.0999984741211,98.69999694824219,97.0999984741211,97.5,7671535
2022-03-28,97.80000305175781,99.05000305175781,96.19999694824219,98.6500015258789,11144335
2022-03-29,99.6500015258789,99.80000305175781,97.30000305175781,97.55000305175781,11378953
2022-03-30,98.55000305175781,98.6500015258789,96.6500015258789,97.05000305175781,18410087
2022-03-31,97.19999694824219,98.4000015258789,96.9000015258789,97.4000015258789,10490975
2022-04-01,97.4000015258789,102.25,97.1500015258789,101.5999984741211,21163607
2022-04-04,102.0,104.0,101.25,102.5,25317872
2022-04-05,103.19999694824219,103.19999694824219,97.69999694824219,98.25,43539147
2022-04-06,98.25,100.30000305175781,97.5,99.30000305175781,15242800
2022-04-07,99.30000305175781,99.80000305175781,98.0,98.44999694824219,17796591
2022-04-08,99.5,100.9000015258789,99.0,100.19999694824219,15120901
2022-04-11,100.0,101.3499984741211,99.55000305175781,100.05000305175781,8635769
2022-04-12,100.05000305175781,100.05000305175781,97.25,98.44999694824219,12213669
2022-04-13,99.0,100.19999694824219,98.25,98.94999694824219,11604703
2022-04-18,98.69999694824219,98.69999694824219,96.1500015258789,96.94999694824219,9523135
2022-04-19,97.5999984741211,98.8499984741211,95.0,96.30000305175781,11897241
2022-04-20,96.94999694824219,97.80000305175781,95.75,96.0999984741211,10227110
2022-04-21,96.9000015258789,97.30000305175781,96.0,96.5999984741211,10130826
2022-04-22,96.5,96.69999694824219,95.4000015258789,95.75,11899685
2022-04-25,95.0,96.55000305175781,93.69999694824219,95.4000015258789,12393868
2022-04-26,96.80000305175781,97.75,96.25,97.5,10607557
2022-04-27,96.8499984741211,97.69999694824219,95.9000015258789,97.05000305175781,7410436
2022-04-28,97.19999694824219,98.0,96.30000305175781,97.6500015258789,6876170
2022-04-29,98.0,98.5999984741211,95.69999694824219,96.0,7943317
2022-05-02,94.0,96.55000305175781,93.5,94.55000305175781,9517127
2022-05-04,95.19999694824219,97.75,93.8499984741211,94.44999694824219,15628039
2022-05-05,95.30000305175781,96.9000015258789,93.9000015258789,94.1500015258789,16564829
2022-05-06,93.0,93.9000015258789,88.6500015258789,91.0999984741211,37190821
2022-05-09,91.6500015258789,94.9000015258789,89.3499984741211,93.80000305175781,29740740
2022-05-10,93.19999694824219,95.0,91.8499984741211,92.4000015258789,14752094
2022-05-11,93.55000305175781,93.55000305175781,89.30000305175781,90.69999694824219,16650244
2022-05-12,90.55000305175781,90.75,83.94999694824219,85.44999694824219,29157781
2022-05-13,87.8499984741211,87.8499984741211,83.19999694824219,83.5,17971518
2022-05-16,84.9000015258789,85.9000015258789,82.80000305175781,85.30000305175781,14916447
2022-05-17,85.5999984741211,87.0,84.4000015258789,86.69999694824219,12606291
2022-05-18,87.4000015258789,87.75,85.75,86.0999984741211,12264421
2022-05-19,84.0,85.0,82.69999694824219,83.44999694824219,12533024
2022-05-20,84.94999694824219,85.5,84.25,85.30000305175781,9026094
2022-05-23,86.19999694824219,86.55000305175781,84.80000305175781,85.0999984741211,8056677
2022-05-24,85.5999984741211,85.9000015258789,84.30000305175781,84.55000305175781,8238311
2022-05-25,84.9000015258789,85.5,83.05000305175781,83.5,8821604
2022-05-26,83.94999694824219,85.5,82.5,85.05000305175781,11661808
2022-05-27,85.55000305175781,87.44999694824219,85.55000305175781,86.9000015258789,10805008
2022-05-30,87.9000015258789,90.44999694824219,87.5999984741211,90.1500015258789,10333214
2022-05-31,89.94999694824219,90.5999984741211,88.1500015258789,88.8499984741211,7561081
2022-06-01,88.4000015258789,90.0,88.30000305175781,89.30000305175781,6377447
2022-06-02,89.69999694824219,92.25,89.30000305175781,92.0,14588418
2022-06-03,92.9000015258789,93.4000015258789,89.80000305175781,90.1500015258789,14520124
2022-06-06,90.55000305175781,91.1500015258789,88.5,90.80000305175781,11663917
2022-06-07,90.3499984741211,91.44999694824219,89.9000015258789,91.1500015258789,9194889
2022-06-08,90.75,92.8499984741211,90.5,91.0999984741211,9098083
2022-06-09,90.69999694824219,91.6500015258789,90.19999694824219,91.3499984741211,5384969
2022-06-10,90.4000015258789,92.05000305175781,90.1500015258789,91.69999694824219,5883324
2022-06-13,90.0,91.3499984741211,87.8499984741211,88.69999694824219,10712518
2022-06-14,88.6500015258789,91.4000015258789,88.5,89.9000015258789,10367840
2022-06-15,90.44999694824219,90.8499984741211,88.9000015258789,89.1500015258789,10060165
2022-06-16,90.69999694824219,90.75,86.30000305175781,86.9000015258789,10232041
2022-06-17,86.05000305175781,88.19999694824219,85.5,87.30000305175781,10344357
2022-06-20,87.5,88.0999984741211,84.0,84.80000305175781,9567545
2022-06-21,85.8499984741211,88.30000305175781,85.19999694824219,87.80000305175781,8029209
2022-06-22,87.69999694824219,87.69999694824219,86.3499984741211,86.80000305175781,4463288
2022-06-23,87.3499984741211,87.69999694824219,85.55000305175781,86.94999694824219,7559023
2022-06-24,87.80000305175781,89.6500015258789,87.30000305175781,89.3499984741211,9452966
2022-06-27,90.75,92.0,90.1500015258789,91.05000305175781,8739342
2022-06-28,90.0999984741211,92.1500015258789,90.05000305175781,91.80000305175781,6663872
2022-06-29,91.0,92.3499984741211,90.5,91.5999984741211,8629695
2022-06-30,91.19999694824219,92.0999984741211,90.0,90.19999694824219,6540849
2022-07-01,90.55000305175781,94.3499984741211,89.30000305175781,93.6500015258789,16073373
2022-07-04,94.25,95.5,93.1500015258789,95.19999694824219,13501261
2022-07-05,95.5,95.80000305175781,94.0999984741211,94.55000305175781,8291514
2022-07-06,94.19999694824219,95.80000305175781,93.80000305175781,95.55000305175781,9418380
2022-07-07,96.4000015258789,97.25,95.75,97.0,11404099
2022-07-08,97.30000305175781,98.25,96.30000305175781,97.5,6014287
2022-07-11,96.94999694824219,99.9000015258789,96.55000305175781,99.69999694824219,10419710
2022-07-12,99.5,100.69999694824219,98.19999694824219,98.44999694824219,11379873
2022-07-13,99.19999694824219,99.6500015258789,97.25,98.0,6843492
2022-07-14,98.19999694824219,99.05000305175781,96.1500015258789,97.19999694824219,13463788
2022-07-15,97.80000305175781,99.94999694824219,96.4000015258789,98.75,22353647
2022-07-18,100.0,103.19999694824219,99.69999694824219,103.0,27285612
2022-07-19,101.5,107.5,100.5999984741211,107.05000305175781,40561228
2022-07-20,108.44999694824219,109.44999694824219,104.5999984741211,105.1500015258789,30368364
2022-07-21,105.5,108.0,104.8499984741211,107.19999694824219,15882426
2022-07-22,107.8499984741211,108.3499984741211,106.44999694824219,107.19999694824219,11412216
2022-07-25,107.19999694824219,108.0,105.5,107.3499984741211,11501496
2022-07-26,107.44999694824219,107.55000305175781,105.3499984741211,105.69999694824219,6454013
2022-07-27,105.4000015258789,107.80000305175781,105.05000305175781,107.44999694824219,11256923
2022-07-28,108.05000305175781,109.25,106.5,107.30000305175781,13107519
2022-07-29,108.44999694824219,108.44999694824219,106.5,106.6500015258789,7925696
2022-08-01,106.75,107.8499984741211,105.75,106.9000015258789,9882729
2022-08-02,106.75,111.94999694824219,106.0,110.8499984741211,29943278
2022-08-03,110.6500015258789,111.19999694824219,108.05000305175781,109.0,11009901
2022-08-04,109.80000305175781,109.9000015258789,106.44999694824219,107.94999694824219,11536827
2022-08-05,108.30000305175781,110.6500015258789,107.55000305175781,108.94999694824219,11292440
2022-08-08,108.94999694824219,110.9000015258789,107.8499984741211,109.55000305175781,9773628
2022-08-10,109.94999694824219,110.75,109.05000305175781,109.75,8193387
2022-08-11,110.3499984741211,112.44999694824219,109.75,111.1500015258789,13838517
2022-08-12,111.25,111.9000015258789,110.5,110.80000305175781,6636181
2022-08-16,111.0,111.5,109.44999694824219,110.3499984741211,8723159
2022-08-17,110.5999984741211,110.94999694824219,108.80000305175781,109.80000305175781,10861983
2022-08-18,109.75,112.0,109.5999984741211,111.0,10109846
2022-08-19,111.0,111.25,106.8499984741211,107.55000305175781,10127705
2022-08-22,107.0,107.6500015258789,105.5,106.6500015258789,11627416
2022-08-23,105.55000305175781,110.19999694824219,105.19999694824219,109.8499984741211,9588848
2022-08-24,109.44999694824219,114.4000015258789,109.30000305175781,114.0,22321308
2022-08-25,114.75,116.0999984741211,113.5,113.9000015258789,26934518
2022-08-26,115.1500015258789,115.75,113.25,113.9000015258789,13977432
2022-08-29,110.0,113.5999984741211,108.5999984741211,113.0999984741211,10728917
2022-08-30,113.8499984741211,117.8499984741211,113.5,117.0,26076777
2022-09-01,115.05000305175781,119.0999984741211,115.05000305175781,118.75,19439843
2022-09-02,119.80000305175781,122.80000305175781,118.80000305175781,119.55000305175781,21691153
2022-09-05,120.4000015258789,129.75,120.0999984741211,123.55000305175781,60977739
2022-09-06,124.69999694824219,124.69999694824219,120.1500015258789,121.19999694824219,20079032
2022-09-07,120.94999694824219,122.19999694824219,118.55000305175781,118.75,14868949
2022-09-08,119.94999694824219,120.5,115.6500015258789,118.05000305175781,20125550
2022-09-09,119.19999694824219,122.69999694824219,118.0,119.55000305175781,24051083
2022-09-12,120.1500015258789,120.75,119.0,119.80000305175781,10126462
2022-09-13,120.4000015258789,120.5,118.3499984741211,119.1500015258789,8918057
2022-09-14,117.1500015258789,121.0,116.4000015258789,120.75,13520540
2022-09-15,121.75,124.3499984741211,120.6500015258789,122.05000305175781,16778868
2022-09-16,121.30000305175781,124.6500015258789,120.25,121.55000305175781,24093647
2022-09-19,121.55000305175781,123.5999984741211,120.80000305175781,122.5999984741211,9936503
2022-09-20,123.75,124.5999984741211,123.1500015258789,123.30000305175781,7439626
2022-09-21,123.0999984741211,123.9000015258789,121.0,122.75,8204399
2022-09-22,121.9000015258789,124.0999984741211,120.5999984741211,122.9000015258789,12019517
2022-09-23,123.0,123.30000305175781,115.9000015258789,116.75,14301412
2022-09-26,115.0,116.0,109.44999694824219,111.0,20998829
2022-09-27,111.5999984741211,115.30000305175781,110.5999984741211,114.4000015258789,16966246
2022-09-28,112.69999694824219,114.0999984741211,111.55000305175781,111.8499984741211,10117759
2022-09-29,113.5,114.55000305175781,111.0,113.0,12297229
2022-09-30,112.69999694824219,119.5,111.4000015258789,118.75,17967686
2022-10-03,119.3499984741211,121.5,115.9000015258789,116.30000305175781,20472858
2022-10-04,118.80000305175781,121.1500015258789,118.75,120.8499984741211,10509831
2022-10-06,121.44999694824219,122.19999694824219,120.4000015258789,120.8499984741211,9762115
2022-10-07,120.5,123.19999694824219,118.75,122.8499984741211,15447242
2022-10-10,121.0,122.0,120.0999984741211,121.3499984741211,8985222
2022-10-11,121.80000305175781,124.19999694824219,121.05000305175781,122.4000015258789,15549812
2022-10-12,123.30000305175781,125.9000015258789,121.80000305175781,125.5999984741211,17110533
2022-10-13,125.55000305175781,126.75,124.4000015258789,124.9000015258789,18586183
2022-10-14,127.0,132.1999969482422,125.0999984741211,130.35000610351562,64043276
2022-10-17,132.0,132.6999969482422,129.10000610351562,131.5,34812065
2022-10-18,132.8000030517578,133.8000030517578,131.75,132.3000030517578,19209348
2022-10-19,132.8000030517578,134.10000610351562,130.75,131.3000030517578,17193426
2022-10-20,130.60000610351562,131.4499969482422,129.3000030517578,130.3000030517578,11746743
2022-10-21,131.0,134.8000030517578,130.25,132.60000610351562,21539773
2022-10-24,135.0500030517578,135.25,134.10000610351562,134.75,5471882
2022-10-25,134.89999389648438,135.5500030517578,133.14999389648438,134.1999969482422,11565536
2022-10-27,135.10000610351562,136.0,133.5500030517578,134.60000610351562,12116858
2022-10-28,135.0,135.0,130.8000030517578,131.14999389648438,11830604
2022-10-31,131.9499969482422,132.60000610351562,129.60000610351562,131.5,14441082
2022-11-01,132.1999969482422,133.60000610351562,131.25,131.89999389648438,17414680
2022-11-02,132.35000610351562,133.75,131.89999389648438,133.1999969482422,9763448
2022-11-03,132.35000610351562,137.89999389648438,132.10000610351562,137.25,22729155
2022-11-04,137.5,138.85000610351562,135.39999389648438,136.35000610351562,12856806
2022-11-07,137.0,139.25,136.0,137.0,15494978
2022-11-09,138.0,139.0,136.85000610351562,138.10000610351562,10717725
2022-11-10,137.6999969482422,139.6999969482422,136.89999389648438,138.0,8519582
2022-11-11,139.9499969482422,139.9499969482422,134.0,135.0500030517578,18402905
2022-11-14,135.39999389648438,136.39999389648438,133.39999389648438,136.0500030517578,6766232
2022-11-15,136.35000610351562,136.75,135.25,136.10000610351562,6002862
2022-11-16,135.64999389648438,136.9499969482422,131.8000030517578,133.14999389648438,9854701
2022-11-17,133.0,135.60000610351562,132.8000030517578,134.9499969482422,7763154
2022-11-18,135.25,135.25,132.39999389648438,132.6999969482422,5861896
2022-11-21,132.3000030517578,133.0,131.39999389648438,132.39999389648438,4197089
2022-11-22,132.89999389648438,133.1999969482422,130.1999969482422,131.4499969482422,6354133
2022-11-23,132.14999389648438,134.9499969482422,131.64999389648438,134.35000610351562,8020019
2022-11-24,134.9499969482422,135.25,132.89999389648438,133.35000610351562,7435488
2022-11-25,134.0,135.10000610351562,132.0,132.5500030517578,7701526
2022-11-28,133.25,134.25,132.3000030517578,133.8000030517578,7327894
2022-11-29,133.75,134.6999969482422,132.0500030517578,132.4499969482422,6388679
2022-11-30,132.8000030517578,133.35000610351562,131.0,131.4499969482422,6326371
2022-12-01,132.14999389648438,134.89999389648438,131.25,132.6999969482422,10535474
2022-12-02,132.89999389648438,133.89999389648438,132.0,133.25,6907375
2022-12-05,133.8000030517578,137.64999389648438,133.0500030517578,137.3000030517578,14401826
2022-12-06,137.85000610351562,139.1999969482422,134.39999389648438,134.8000030517578,18534496
2022-12-07,135.0,135.6999969482422,131.1999969482422,132.10000610351562,12158260
2022-12-08,132.6999969482422,136.1999969482422,132.25,135.75,16928789
2022-12-09,136.39999389648438,138.1999969482422,132.60000610351562,133.85000610351562,12091632
2022-12-12,133.9499969482422,134.39999389648438,132.25,134.0,5392164
2022-12-13,134.60000610351562,137.39999389648438,134.10000610351562,136.25,10645314
2022-12-14,136.9499969482422,137.64999389648438,136.0,136.75,7409698
2022-12-15,136.75,142.1999969482422,136.25,137.85000610351562,30030543
2022-12-16,137.5500030517578,139.75,135.35000610351562,136.0500030517578,14600806
2022-12-19,136.25,137.75,134.39999389648438,136.85000610351562,10385302
2022-12-20,136.6999969482422,137.35000610351562,133.3000030517578,134.9499969482422,10008151
2022-12-21,135.60000610351562,136.25,130.35000610351562,130.89999389648438,13127587
2022-12-22,131.4499969482422,132.35000610351562,127.0999984741211,127.94999694824219,17643887
2022-12-23,126.0999984741211,126.94999694824219,121.44999694824219,122.44999694824219,13181619
2022-12-26,122.75,132.3000030517578,120.9000015258789,130.75,22992460
2022-12-27,131.75,133.35000610351562,129.8000030517578,132.9499969482422,12906891
2022-12-28,132.5,134.25,131.39999389648438,133.64999389648438,7348889
2022-12-29,133.14999389648438,139.89999389648438,132.0,137.64999389648438,30066392
2022-12-30,138.0500030517578,141.0,137.0,139.0500030517578,17160666
2023-01-02,139.75,140.6999969482422,137.14999389648438,137.6999969482422,11044858
2023-01-03,138.25,142.25,137.3000030517578,137.75,24559742
2023-01-04,138.25,138.5,134.89999389648438,136.39999389648438,10921191
2023-01-05,136.89999389648438,137.10000610351562,135.10000610351562,136.6999969482422,8313992
2023-01-06,137.0,137.4499969482422,133.35000610351562,134.60000610351562,11398532
2023-01-09,135.4499969482422,137.0,134.75,135.64999389648438,10116170
2023-01-10,135.9499969482422,136.0,133.1999969482422,135.25,9012962
2023-01-11,135.75,135.75,133.3000030517578,134.64999389648438,10832347
2023-01-12,135.25,136.1999969482422,133.60000610351562,135.0500030517578,9268341
2023-01-13,135.5,138.8000030517578,134.0500030517578,138.4499969482422,22395780
2023-01-16,139.25,143.39999389648438,137.14999389648438,140.3000030517578,58289006
2023-01-17,142.5,142.89999389648438,135.0,138.0,46001364
2023-01-18,138.6999969482422,138.75,134.75,136.6999969482422,19124929
2023-01-19,136.4499969482422,137.8000030517578,135.0,136.0,12287029
2023-01-20,136.0,137.1999969482422,133.5,134.25,11820995
2023-01-23,135.10000610351562,136.35000610351562,134.0,136.0,12409370
2023-01-24,136.6999969482422,136.85000610351562,134.0500030517578,135.0,9611256
2023-01-25,135.0,135.0,130.85000610351562,132.25,15133077
2023-01-27,132.9499969482422,133.3000030517578,129.39999389648438,132.0,13446595
2023-01-30,131.89999389648438,134.14999389648438,130.0,133.0500030517578,12277806
2023-01-31,133.6999969482422,135.1999969482422,131.64999389648438,134.4499969482422,12256476
2023-02-01,135.4499969482422,136.4499969482422,127.0999984741211,131.35000610351562,12078487
2023-02-02,128.5500030517578,134.0500030517578,128.5500030517578,133.3000030517578,11753340
2023-02-03,133.89999389648438,135.0,130.3000030517578,133.39999389648438,7881035
2023-02-06,130.0,134.25,130.0,132.89999389648438,7602374
2023-02-07,133.25,133.25,130.5,131.0,12025284
2023-02-08,131.4499969482422,131.85000610351562,130.14999389648438,131.35000610351562,6651377
2023-02-09,131.35000610351562,131.39999389648438,129.0,129.9499969482422,9128501
2023-02-10,129.64999389648438,132.3000030517578,129.5,131.4499969482422,7108094
2023-02-13,131.75,131.89999389648438,129.8000030517578,130.39999389648438,4384613
2023-02-14,130.8000030517578,130.8000030517578,127.9000015258789,129.75,7680733
2023-02-15,129.60000610351562,130.35000610351562,128.5500030517578,129.64999389648438,6266944
2023-02-16,130.75,132.0500030517578,129.89999389648438,130.25,10039227
2023-02-17,129.85000610351562,130.1999969482422,126.69999694824219,127.0999984741211,13966049
2023-02-20,127.0999984741211,127.4000015258789,125.30000305175781,126.0,9530070
2023-02-21,126.4000015258789,128.3000030517578,125.05000305175781,127.3499984741211,9155033
2023-02-22,126.80000305175781,127.25,124.80000305175781,125.19999694824219,5283351
2023-02-23,125.19999694824219,128.25,124.0999984741211,127.8499984741211,9981405
2023-02-24,128.60000610351562,129.0,126.75,127.1500015258789,6152834
2023-02-27,127.0,129.0,125.80000305175781,128.64999389648438,8137444
2023-02-28,128.75,130.0,127.5999984741211,129.14999389648438,8178756
2023-03-01,129.85000610351562,134.75,129.14999389648438,134.35000610351562,13898807
2023-03-02,134.10000610351562,135.39999389648438,132.4499969482422,133.35000610351562,10331343
2023-03-03,134.0500030517578,135.1999969482422,134.0,134.1999969482422,8336592
2023-03-06,135.39999389648438,135.9499969482422,133.6999969482422,134.14999389648438,10685105
2023-03-08,133.89999389648438,136.25,132.89999389648438,135.89999389648438,7830013
2023-03-09,136.1999969482422,136.4499969482422,133.85000610351562,134.1999969482422,6794833
2023-03-10,133.25,133.39999389648438,131.8000030517578,133.0,6662275
2023-03-13,131.9499969482422,133.4499969482422,128.75,129.5,7173855
2023-03-14,129.5,130.25,127.5,127.75,10242575
2023-03-15,129.5,129.6999969482422,126.05000305175781,126.5999984741211,7183525
2023-03-16,126.5999984741211,128.0,124.55000305175781,127.30000305175781,9318760
2023-03-17,127.80000305175781,129.0500030517578,127.80000305175781,128.39999389648438,8882157
2023-03-20,128.5,129.8000030517578,126.0,129.10000610351562,7022788
2023-03-21,129.75,129.75,127.5999984741211,128.8000030517578,7719172
2023-03-22,129.3000030517578,129.64999389648438,128.10000610351562,129.10000610351562,7040596
2023-03-23,128.89999389648438,129.6999969482422,126.6500015258789,127.0,6305290
2023-03-24,127.0,128.1999969482422,125.8499984741211,126.8499984741211,7844882
2023-03-27,126.8499984741211,127.19999694824219,125.0,125.44999694824219,6549186
2023-03-28,125.75,126.19999694824219,123.6500015258789,125.69999694824219,8491983
2023-03-29,125.5999984741211,130.0,125.5,129.10000610351562,11695672
2023-03-31,129.6999969482422,133.25,129.39999389648438,132.3000030517578,10340913
2023-04-03,133.0,134.6999969482422,132.3000030517578,133.14999389648438,16580155
2023-04-05,133.4499969482422,133.4499969482422,128.1999969482422,128.5500030517578,16378346
2023-04-06,128.5,129.1999969482422,126.75,127.05000305175781,10998936
2023-04-10,127.94999694824219,127.94999694824219,126.0999984741211,127.0,8949316
2023-04-11,127.94999694824219,128.75,127.1500015258789,128.3000030517578,7732152
2023-04-12,127.1500015258789,128.85000610351562,127.0,127.25,7493813
2023-04-13,127.25,128.5500030517578,126.0,128.10000610351562,9104949
2023-04-17,128.10000610351562,131.6999969482422,127.0999984741211,131.35000610351562,9713611
2023-04-18,131.35000610351562,132.64999389648438,130.5,131.64999389648438,8784805
2023-04-19,131.14999389648438,132.39999389648438,131.14999389648438,131.6999969482422,4628203
2023-04-20,131.6999969482422,132.89999389648438,131.39999389648438,132.3000030517578,7467713
2023-04-21,132.1999969482422,132.39999389648438,130.75,131.0,3869518
2023-04-24,131.10000610351562,132.89999389648438,130.5500030517578,132.10000610351562,6342651
2023-04-25,132.10000610351562,134.6999969482422,132.10000610351562,133.39999389648438,10237783
2023-04-26,133.14999389648438,135.25,132.5500030517578,135.0,8575324
2023-04-27,135.14999389648438,135.6999969482422,133.3000030517578,133.9499969482422,9193198
2023-04-28,134.35000610351562,136.39999389648438,134.1999969482422,134.9499969482422,9349394
2023-05-02,135.5500030517578,136.8000030517578,135.0,136.4499969482422,7107201
2023-05-03,135.89999389648438,138.3000030517578,135.5500030517578,137.6999969482422,8477131
2023-05-04,137.6999969482422,140.0500030517578,137.35000610351562,139.39999389648438,9125430
2023-05-05,140.0,140.3000030517578,127.0,127.75,52169855
2023-05-08,129.0,130.85000610351562,126.3499984741211,128.64999389648438,25677860
2023-05-09,129.0,131.10000610351562,128.10000610351562,128.5500030517578,12857628
2023-05-10,128.5500030517578,129.4499969482422,127.0999984741211,129.25,10100422
2023-05-11,129.75,130.14999389648438,127.5,127.80000305175781,11009514
2023-05-12,128.3000030517578,128.4499969482422,125.75,125.9000015258789,14452494
2023-05-15,125.9000015258789,128.0500030517578,123.9000015258789,127.5,20973726
2023-05-16,128.1999969482422,128.4499969482422,126.5999984741211,126.94999694824219,11003684
2023-05-17,127.0999984741211,128.14999389648438,126.05000305175781,127.6500015258789,11739989
2023-05-18,128.5,128.75,126.44999694824219,126.75,11018880
2023-05-19,127.19999694824219,127.5999984741211,124.5,126.1500015258789,9669660
2023-05-22,126.0,126.5999984741211,125.0,126.19999694824219,15934321
2023-05-23,126.5,126.94999694824219,125.44999694824219,125.6500015258789,6772781
2023-05-24,125.55000305175781,126.19999694824219,123.4000015258789,123.80000305175781,12562198
2023-05-25,123.55000305175781,123.9000015258789,122.30000305175781,123.25,15655834
2023-05-26,123.5,125.4000015258789,123.4000015258789,125.25,8746928
2023-05-29,126.0999984741211,126.4000015258789,125.19999694824219,125.5,8267792
2023-05-30,125.94999694824219,126.0,124.8499984741211,125.30000305175781,8917811
2023-05-31,125.25,126.0999984741211,124.5,125.25,9003220
2023-06-01,125.25,125.94999694824219,124.80000305175781,125.5,10982556
2023-06-02,125.94999694824219,126.94999694824219,125.80000305175781,126.1500015258789,10542134
2023-06-05,126.94999694824219,128.10000610351562,126.6500015258789,127.30000305175781,10321926
2023-06-06,127.5,127.5,125.69999694824219,126.1500015258789,6668953
2023-06-07,126.5,127.5,125.94999694824219,126.19999694824219,5556188
2023-06-08,126.25,127.5999984741211,125.9000015258789,126.0999984741211,9170509
2023-06-09,126.25,126.30000305175781,124.8499984741211,125.0999984741211,6445849
2023-06-12,125.0,125.80000305175781,124.5999984741211,125.19999694824219,3558036
2023-06-13,125.5,126.0,124.4000015258789,124.55000305175781,14180212
2023-06-14,124.80000305175781,125.19999694824219,123.5,124.4000015258789,15051657
2023-06-15,124.6500015258789,124.69999694824219,121.75,122.05000305175781,16997484
2023-06-16,122.69999694824219,124.3499984741211,122.0999984741211,123.75,7806010
2023-06-19,123.94999694824219,124.0,122.6500015258789,123.0999984741211,8471676
2023-06-20,123.0999984741211,123.6500015258789,122.80000305175781,123.4000015258789,4066067
2023-06-21,123.69999694824219,124.6500015258789,123.0999984741211,123.44999694824219,6402879
2023-06-22,123.69999694824219,124.4000015258789,123.0999984741211,123.80000305175781,7522638
2023-06-23,123.75,123.75,121.75,122.1500015258789,6602216
2023-06-26,122.1500015258789,122.30000305175781,121.0,121.30000305175781,5930251
2023-06-27,121.94999694824219,123.5999984741211,121.44999694824219,123.05000305175781,9768441
2023-06-28,124.0,124.25,121.6500015258789,122.1500015258789,27133502
2023-06-30,122.3499984741211,126.4000015258789,122.3499984741211,126.1500015258789,17568492
2023-07-03,127.19999694824219,128.5,126.5,127.55000305175781,14414543
2023-07-04,128.0,133.3000030517578,127.6500015258789,132.0,41128680
2023-07-05,132.75,134.10000610351562,131.75,133.3000030517578,22443255
2023-07-06,133.0,136.5,132.35000610351562,135.39999389648438,23044807
2023-07-07,135.9499969482422,136.1999969482422,133.3000030517578,135.14999389648438,13848264
2023-07-10,135.14999389648438,135.5,132.5,133.89999389648438,12720773
2023-07-11,135.10000610351562,135.5,133.64999389648438,135.0,8025060
2023-07-12,135.0,136.39999389648438,133.89999389648438,134.25,15485814
2023-07-13,135.0,135.14999389648438,126.44999694824219,126.75,72729803
2023-07-14,128.0500030517578,130.0,126.5999984741211,129.3000030517578,30563704
2023-07-17,131.0,133.6999969482422,129.8000030517578,132.60000610351562,29948533
2023-07-18,133.60000610351562,135.39999389648438,131.5500030517578,134.89999389648438,30095708
2023-07-19,136.10000610351562,136.85000610351562,133.4499969482422,135.75,24377900
2023-07-20,138.10000610351562,139.25,135.4499969482422,136.85000610351562,39128767
2023-07-21,136.8000030517578,136.9499969482422,133.0500030517578,134.14999389648438,21243972
2023-07-24,134.5,135.3000030517578,133.39999389648438,133.9499969482422,11438342
2023-07-25,134.60000610351562,134.75,131.6999969482422,132.60000610351562,12507814
2023-07-26,132.6999969482422,135.0,132.6999969482422,133.89999389648438,15769623
2023-07-27,134.3000030517578,135.5500030517578,133.5500030517578,133.89999389648438,20697424
2023-07-28,133.9499969482422,137.39999389648438,133.5,135.4499969482422,28108965
2023-07-31,135.9499969482422,136.60000610351562,134.89999389648438,135.64999389648438,11585682
2023-08-01,136.39999389648438,136.39999389648438,134.5,135.10000610351562,12265664
2023-08-02,134.8000030517578,134.8000030517578,130.60000610351562,132.75,19099857
2023-08-03,132.75,132.9499969482422,130.75,132.14999389648438,13591421
2023-08-04,132.9499969482422,135.5,131.6999969482422,134.60000610351562,16663874
2023-08-07,135.14999389648438,135.14999389648438,133.10000610351562,134.0500030517578,13236209
2023-08-08,134.64999389648438,136.3000030517578,134.14999389648438,135.4499969482422,12282946
2023-08-09,135.5,135.75,133.1999969482422,134.60000610351562,12772010
2023-08-10,134.3000030517578,135.35000610351562,133.5,134.1999969482422,15357708
2023-08-11,133.8000030517578,134.35000610351562,132.8000030517578,133.1999969482422,10427685
2023-08-14,133.39999389648438,133.39999389648438,130.5,133.0,6724869
2023-08-16,131.89999389648438,133.39999389648438,131.6999969482422,132.1999969482422,11329623
2023-08-17,132.60000610351562,135.0,132.0,134.60000610351562,14592871
2023-08-18,134.5,134.89999389648438,132.9499969482422,134.14999389648438,6454530
2023-08-21,134.14999389648438,135.0,133.64999389648438,134.25,11583244
2023-08-22,134.5,136.89999389648438,134.10000610351562,136.0500030517578,15619405
2023-08-23,136.5500030517578,142.1999969482422,135.8000030517578,141.6999969482422,31220704
2023-08-24,143.3000030517578,143.8000030517578,139.39999389648438,140.6999969482422,22632569
2023-08-25,140.0,142.3000030517578,138.75,140.6999969482422,14682803
2023-08-28,141.4499969482422,144.5,140.5,143.89999389648438,19046442
2023-08-29,144.8000030517578,146.4499969482422,144.0,144.4499969482422,17276351
2023-08-30,145.4499969482422,145.8000030517578,143.0,143.39999389648438,8170161
2023-08-31,143.35000610351562,144.5500030517578,142.0,143.9499969482422,19548529
2023-09-01,145.10000610351562,145.1999969482422,141.3000030517578,143.8000030517578,13687325
2023-09-04,143.85000610351562,144.5,142.5,143.0500030517578,11140979
2023-09-05,143.75,145.60000610351562,142.89999389648438,144.6999969482422,13833678
2023-09-06,144.0,145.5,142.85000610351562,143.8000030517578,17346713
2023-09-07,144.4499969482422,147.14999389648438,143.85000610351562,145.0,13131381
2023-09-08,145.85000610351562,148.3000030517578,145.0500030517578,147.5,18010921
2023-09-11,148.39999389648438,150.0,147.5,148.89999389648438,20273209
2023-09-12,149.89999389648438,149.89999389648438,141.85000610351562,142.60000610351562,17735490
2023-09-13,143.0,145.9499969482422,140.8000030517578,145.14999389648438,16236362
2023-09-14,146.39999389648438,147.89999389648438,145.5,147.5,10378267
2023-09-15,147.5,148.8000030517578,146.64999389648438,148.25,8614702
2023-09-18,147.14999389648438,147.6999969482422,145.64999389648438,146.10000610351562,11469599
2023-09-20,145.3000030517578,147.5,144.3000030517578,146.5,19554843
2023-09-21,146.5,148.75,145.4499969482422,145.8000030517578,14051863
2023-09-22,145.85000610351562,147.4499969482422,145.0,145.9499969482422,8086555
2023-09-25,145.89999389648438,147.8000030517578,144.14999389648438,147.10000610351562,14333389
2023-09-26,147.10000610351562,148.4499969482422,146.5500030517578,147.85000610351562,14100749
2023-09-27,148.0,151.5,147.39999389648438,150.5500030517578,20485056
2023-09-28,150.89999389648438,151.39999389648438,145.25,146.0,29980644
2023-09-29,148.75,148.75,146.3000030517578,147.1999969482422,8836942
2023-10-03,147.5,152.3000030517578,147.3000030517578,150.6999969482422,18267135
2023-10-04,150.3000030517578,150.4499969482422,146.1999969482422,147.25,22633122
2023-10-05,148.25,148.75,144.64999389648438,145.5,11157021
2023-10-06,146.3000030517578,147.0,144.0500030517578,146.5,9149275
2023-10-09,145.10000610351562,145.64999389648438,143.14999389648438,144.9499969482422,11349775
2023-10-10,145.5,148.5,145.1999969482422,147.9499969482422,8324817
2023-10-11,148.85000610351562,149.4499969482422,146.5500030517578,147.0,11961227
2023-10-12,147.6999969482422,150.85000610351562,146.8000030517578,149.3000030517578,11378622
2023-10-13,148.6999969482422,152.10000610351562,148.5,149.39999389648438,15602219
2023-10-16,151.5500030517578,152.60000610351562,146.6999969482422,148.5500030517578,32531561
2023-10-17,150.75,150.75,147.9499969482422,148.39999389648438,13265518
2023-10-18,149.0,149.5500030517578,145.8000030517578,146.5500030517578,20284169
2023-10-19,146.3000030517578,147.6999969482422,145.1999969482422,146.85000610351562,8868032
2023-10-20,146.6999969482422,148.25,145.25,145.85000610351562,10731136
2023-10-23,144.9499969482422,146.25,142.5,143.39999389648438,16900861
2023-10-25,143.3000030517578,144.25,141.5,141.85000610351562,13307403
2023-10-26,141.0,141.35000610351562,137.3000030517578,138.14999389648438,19469168
2023-10-27,139.10000610351562,141.89999389648438,138.75,139.5500030517578,11627544
2023-10-30,140.4499969482422,141.25,137.25,140.89999389648438,10041391
2023-10-31,141.3000030517578,141.75,139.6999969482422,140.64999389648438,6692752
2023-11-01,140.60000610351562,141.35000610351562,139.64999389648438,140.5,8303782
2023-11-02,141.14999389648438,143.25,141.0500030517578,141.4499969482422,6186723
2023-11-03,142.89999389648438,144.0500030517578,142.0,143.5,8768877
2023-11-06,144.1999969482422,145.10000610351562,143.0,144.10000610351562,11103173
2023-11-07,144.8000030517578,148.1999969482422,143.4499969482422,147.3000030517578,14254789
2023-11-08,147.8000030517578,149.9499969482422,146.0500030517578,147.0500030517578,19887689
2023-11-09,147.5,148.89999389648438,146.8000030517578,147.5500030517578,7550625
2023-11-10,147.5,150.0,147.3000030517578,149.85000610351562,8015794
2023-11-13,149.39999389648438,153.5500030517578,149.10000610351562,152.89999389648438,19532510
2023-11-15,154.10000610351562,155.1999969482422,149.85000610351562,150.14999389648438,22224705
2023-11-16,150.10000610351562,151.1999969482422,149.39999389648438,150.1999969482422,9606277
2023-11-17,149.0,150.1999969482422,147.75,148.10000610351562,17556958
2023-11-20,148.0,148.75,146.75,147.39999389648438,9425725
2023-11-21,147.5,148.1999969482422,146.5,146.6999969482422,7748972
2023-11-22,146.9499969482422,147.1999969482422,145.1999969482422,145.4499969482422,7738354
2023-11-23,145.4499969482422,147.35000610351562,145.10000610351562,147.14999389648438,5139738
2023-11-24,147.5500030517578,148.0500030517578,146.35000610351562,147.39999389648438,6129389
2023-11-28,147.5,150.5500030517578,146.6999969482422,149.9499969482422,7168750
2023-11-29,150.35000610351562,150.5,149.14999389648438,150.25,7318824
2023-11-30,150.39999389648438,151.0,146.6999969482422,147.35000610351562,18371642
2023-12-01,148.75,150.3000030517578,148.0,148.75,12179761
2023-12-04,152.60000610351562,155.1999969482422,150.25,154.0500030517578,21781254
2023-12-05,156.0,159.0,154.4499969482422,156.5500030517578,18640322
2023-12-06,157.89999389648438,157.9499969482422,154.75,155.14999389648438,11309743
2023-12-07,155.85000610351562,155.89999389648438,153.4499969482422,154.64999389648438,7807482
2023-12-08,155.0,155.6999969482422,153.25,154.5,6969212
2023-12-11,154.60000610351562,157.1999969482422,153.60000610351562,154.14999389648438,10074791
2023-12-12,154.75,155.1999969482422,152.0,152.5500030517578,8884252
2023-12-13,152.8000030517578,153.3000030517578,151.6999969482422,152.35000610351562,10328622
2023-12-14,154.60000610351562,154.64999389648438,152.39999389648438,152.64999389648438,11126495
2023-12-15,153.5,158.0500030517578,153.10000610351562,157.0500030517578,14415539
2023-12-18,157.10000610351562,157.6999969482422,154.6999969482422,156.5500030517578,14540270
2023-12-19,156.60000610351562,159.0,156.14999389648438,157.39999389648438,12245375
2023-12-20,157.64999389648438,159.3000030517578,152.1999969482422,153.1999969482422,13005090
2023-12-21,151.3000030517578,154.5,149.35000610351562,153.9499969482422,13604825
2023-12-22,154.8000030517578,156.5,153.25,154.0,10356668
2023-12-26,154.0500030517578,155.39999389648438,153.25,153.9499969482422,5809256
2023-12-27,154.10000610351562,155.14999389648438,152.75,154.0,8811491
2023-12-28,155.0,157.10000610351562,154.3000030517578,155.5,15172431
2023-12-29,158.5,159.0,154.89999389648438,156.14999389648438,13041199
2024-01-01,156.1999969482422,157.1999969482422,155.89999389648438,156.5500030517578,6210375
2024-01-02,156.5500030517578,156.9499969482422,151.10000610351562,151.89999389648438,13182359
2024-01-03,153.1999969482422,153.1999969482422,151.0500030517578,151.75,10486168
2024-01-04,152.5,155.25,152.4499969482422,154.85000610351562,13766132
2024-01-05,155.9499969482422,155.9499969482422,153.0500030517578,154.60000610351562,7195693
2024-01-08,153.0,153.35000610351562,149.75,150.1999969482422,15037236
2024-01-09,151.64999389648438,152.8000030517578,151.0,151.4499969482422,10718241
2024-01-10,151.39999389648438,152.25,149.6999969482422,151.75,8429097
2024-01-11,152.1999969482422,152.60000610351562,149.60000610351562,150.35000610351562,10176583
2024-01-12,150.9499969482422,151.89999389648438,150.10000610351562,151.10000610351562,7828235
2024-01-15,152.9499969482422,153.3000030517578,151.3000030517578,152.9499969482422,13760399
2024-01-16,153.75,155.25,147.75,149.6999969482422,36969953
2024-01-17,149.5,149.5,143.85000610351562,145.89999389648438,48678947
2024-01-18,145.39999389648438,149.25,142.3000030517578,146.85000610351562,21044204
2024-01-19,148.89999389648438,148.89999389648438,145.64999389648438,146.5500030517578,10902628
2024-01-23,148.35000610351562,148.35000610351562,139.39999389648438,140.25,15830801
2024-01-24,140.39999389648438,143.25,139.64999389648438,142.1999969482422,18178107
2024-01-25,142.60000610351562,143.5,140.5500030517578,141.8000030517578,18228649
2024-01-29,143.1999969482422,146.64999389648438,142.5,145.4499969482422,20336392
2024-01-30,146.4499969482422,146.5,144.5,145.10000610351562,7968976
2024-01-31,145.5,148.39999389648438,144.60000610351562,147.3000030517578,18544711
2024-02-01,148.14999389648438,148.14999389648438,145.0,146.85000610351562,12321655
2024-02-02,147.0500030517578,148.89999389648438,145.5,145.85000610351562,11258500
2024-02-05,145.85000610351562,147.60000610351562,144.0500030517578,147.25,15973650
2024-02-06,147.25,148.10000610351562,146.3000030517578,146.89999389648438,8693602
2024-02-07,147.89999389648438,149.89999389648438,147.3000030517578,149.1999969482422,16778158
2024-02-08,150.0,151.39999389648438,146.10000610351562,146.64999389648438,10083699
2024-02-09,147.0,147.64999389648438,143.35000610351562,147.3000030517578,10858532
2024-02-12,148.39999389648438,148.39999389648438,145.39999389648438,146.64999389648438,15243144
2024-02-13,146.1999969482422,148.3000030517578,144.25,147.6999969482422,8633927
2024-02-14,146.3000030517578,150.14999389648438,145.5,149.4499969482422,12223910
2024-02-15,150.0,157.1999969482422,149.39999389648438,156.60000610351562,29844812
2024-02-16,157.25,165.8000030517578,156.1999969482422,164.6999969482422,51750478
2024-02-19,165.9499969482422,166.35000610351562,162.35000610351562,162.9499969482422,14982976
2024-02-20,153.0,155.60000610351562,149.14999389648438,154.39999389648438,33045447
2024-02-21,156.10000610351562,156.10000610351562,153.25,153.75,14375228
2024-02-22,154.6999969482422,154.8000030517578,152.35000610351562,153.60000610351562,9963362
2024-02-23,154.89999389648438,154.89999389648438,152.0,152.4499969482422,21338955
2024-02-26,152.5,153.10000610351562,149.89999389648438,151.5,25950539
2024-02-27,152.6999969482422,154.75,151.0500030517578,154.1999969482422,15504425
2024-02-28,154.1999969482422,154.60000610351562,149.75,150.3000030517578,9726132
2024-02-29,150.89999389648438,151.1999969482422,148.10000610351562,150.39999389648438,12829211
2024-03-01,151.39999389648438,153.0,150.89999389648438,152.60000610351562,7683577
2024-03-04,154.3000030517578,154.3000030517578,152.14999389648438,153.60000610351562,11491625
2024-03-05,153.1999969482422,157.1999969482422,153.10000610351562,155.1999969482422,15097161
2024-03-06,155.4499969482422,158.5500030517578,152.6999969482422,157.25,28581350
2024-03-07,157.9499969482422,158.0,155.64999389648438,156.35000610351562,7038942
2024-03-11,156.35000610351562,157.1999969482422,154.64999389648438,155.39999389648438,12353089
2024-03-12,156.0,156.35000610351562,151.25,151.75,12926472
2024-03-13,152.35000610351562,152.75,146.75,148.5,12273615
2024-03-14,146.0,148.25,139.64999389648438,146.0500030517578,23395531
2024-03-15,146.75,151.14999389648438,146.0,150.4499969482422,18505435
2024-03-18,151.0,152.25,146.89999389648438,147.35000610351562,20703599
2024-03-19,148.0,148.5,145.64999389648438,147.5,8094302
2024-03-20,148.9499969482422,149.39999389648438,145.85000610351562,147.4499969482422,14058739
2024-03-21,149.0,150.25,147.0,149.9499969482422,6212045
2024-03-22,150.0,151.3000030517578,149.10000610351562,149.60000610351562,8409218
2024-03-26,149.60000610351562,151.5,148.64999389648438,149.8000030517578,7742995
2024-03-27,149.8000030517578,151.39999389648438,148.5,149.8000030517578,20853016
2024-03-28,150.9499969482422,151.0,149.0500030517578,150.1999969482422,7208707
2024-04-01,152.0,153.0,150.89999389648438,152.35000610351562,8748792
2024-04-02,153.39999389648438,154.5500030517578,152.60000610351562,154.0500030517578,8112500
2024-04-03,154.0,155.0500030517578,152.25,154.5,12129473
2024-04-04,156.75,156.75,152.25,152.4499969482422,16855917
2024-04-05,153.1999969482422,154.85000610351562,151.25,154.5500030517578,9900539
2024-04-08,155.5500030517578,155.5500030517578,151.35000610351562,154.39999389648438,13919010
2024-04-09,155.0,158.64999389648438,154.6999969482422,155.8000030517578,17300199
2024-04-10,157.0,159.5,153.60000610351562,159.0,40162551
2024-04-12,159.4499969482422,160.1999969482422,155.8000030517578,155.9499969482422,16558634
2024-04-15,153.9499969482422,156.0,152.85000610351562,155.0,18051649
2024-04-16,153.60000610351562,154.3000030517578,151.6999969482422,152.10000610351562,13947991
2024-04-18,152.39999389648438,155.5,151.89999389648438,152.14999389648438,12619744
2024-04-19,151.0,153.60000610351562,148.5,151.85000610351562,10378590
2024-04-22,152.5500030517578,154.6999969482422,152.39999389648438,153.5,12152983
2024-04-23,154.39999389648438,154.5,152.8000030517578,153.75,9181183
2024-04-24,154.10000610351562,154.4499969482422,152.9499969482422,153.60000610351562,7177359
2024-04-25,153.5,156.60000610351562,153.5,155.9499969482422,17911036
2024-04-26,156.3000030517578,158.5500030517578,156.0500030517578,157.10000610351562,15126683
2024-04-29,158.0,160.89999389648438,156.0500030517578,160.4499969482422,24049248
2024-04-30,161.39999389648438,164.64999389648438,159.5500030517578,162.60000610351562,32465189
2024-05-02,169.5,170.3000030517578,162.85000610351562,168.0,75875713
2024-05-03,168.5,169.5,164.0,165.9499969482422,17758980
2024-05-06,167.6999969482422,167.6999969482422,160.5500030517578,163.6999969482422,19660309
2024-05-07,164.0,164.5,159.10000610351562,159.75,11483902
2024-05-08,159.75,161.0,156.75,157.25,18895207
2024-05-09,158.0,160.14999389648438,156.35000610351562,157.0500030517578,8372049
2024-05-10,158.14999389648438,160.35000610351562,156.5,159.9499969482422,10878308
2024-05-13,160.9499969482422,162.5500030517578,158.25,161.6999969482422,16577995
2024-05-14,162.5,164.25,161.14999389648438,163.89999389648438,10674881
2024-05-15,163.89999389648438,164.39999389648438,161.8000030517578,162.75,11602958
2024-05-16,163.9499969482422,164.8000030517578,161.6999969482422,164.10000610351562,7523851
2024-05-17,164.0,164.89999389648438,163.1999969482422,163.85000610351562,8301634
2024-05-21,164.0,165.1999969482422,162.25,163.64999389648438,8380426
2024-05-22,163.60000610351562,163.85000610351562,161.3000030517578,162.39999389648438,15020638
2024-05-23,163.35000610351562,164.14999389648438,162.0500030517578,162.8000030517578,6626566
2024-05-24,162.5500030517578,164.4499969482422,162.35000610351562,163.4499969482422,6465598
2024-05-27,164.3000030517578,165.1999969482422,162.60000610351562,163.64999389648438,17962246
2024-05-28,164.14999389648438,164.3000030517578,159.5,160.0,5526636
2024-05-29,159.5,160.89999389648438,158.5,159.5,10114326
2024-05-30,159.9499969482422,162.0,159.35000610351562,160.3000030517578,8503177
2024-05-31,161.5,162.75,160.14999389648438,162.0500030517578,8705347
2024-06-03,165.25,167.0,163.5500030517578,164.35000610351562,20720708
2024-06-04,165.10000610351562,165.35000610351562,148.0,154.64999389648438,19975571
2024-06-05,156.0,167.0500030517578,150.89999389648438,166.0500030517578,39670558
2024-06-06,167.6999969482422,169.10000610351562,163.75,164.5500030517578,10103459
2024-06-07,165.0,167.0500030517578,164.25,165.0500030517578,9139816
2024-06-10,165.89999389648438,166.64999389648438,162.77000427246094,164.85000610351562,18888960
2024-06-11,166.00999450683594,168.5399932861328,164.4499969482422,167.58999633789062,11979407
2024-06-12,167.8000030517578,174.55999755859375,166.4499969482422,173.86000061035156,31959137
2024-06-13,175.00999450683594,175.10000610351562,171.60000610351562,172.25999450683594,11800445
2024-06-14,173.25999450683594,174.88999938964844,172.39999389648438,174.39999389648438,11108163
2024-06-18,174.89999389648438,176.1999969482422,173.25,175.08999633789062,10019555
2024-06-19,175.08999633789062,177.4499969482422,173.41000366210938,174.5500030517578,29598134
2024-06-20,175.9499969482422,179.4600067138672,175.0,178.8800048828125,13690057
2024-06-21,179.72999572753906,179.72999572753906,175.6999969482422,176.52000427246094,9510818
2024-06-24,175.74000549316406,177.0,172.1300048828125,175.83999633789062,16360199
2024-06-25,176.9499969482422,177.63999938964844,175.0500030517578,176.0,6501716
2024-06-26,176.0,179.19000244140625,174.60000610351562,177.1699981689453,10907675
2024-06-27,176.6999969482422,179.1999969482422,175.4600067138672,177.02000427246094,12594627
2024-06-28,178.0,179.39999389648438,176.8000030517578,177.25,5586121
2024-07-01,177.3000030517578,179.1999969482422,176.72000122070312,177.74000549316406,5278090
2024-07-02,178.35000610351562,178.5,173.91000366210938,175.02000427246094,6398642
2024-07-03,178.0,183.3000030517578,177.1999969482422,181.4600067138672,36051344
2024-07-04,182.9499969482422,182.9499969482422,178.0,180.97000122070312,9860769
2024-07-05,180.9600067138672,187.1999969482422,179.94000244140625,186.19000244140625,16844463
2024-07-08,187.10000610351562,189.3000030517578,185.27000427246094,188.05999755859375,17405153
2024-07-09,188.3000030517578,189.36000061035156,186.30999755859375,187.75,9869013
2024-07-10,187.75,189.33999633789062,184.5,188.66000366210938,16100830
2024-07-11,189.64999389648438,193.6300048828125,188.22999572753906,192.66000366210938,16408103
2024-07-12,196.4199981689453,197.19000244140625,193.7100067138672,195.47999572753906,24195859
2024-07-15,195.47999572753906,196.83999633789062,193.2100067138672,194.75,14486955
2024-07-16,194.75,195.92999267578125,193.4199981689453,195.35000610351562,8445700
2024-07-18,195.33999633789062,197.77000427246094,195.0,196.60000610351562,9065610
2024-07-19,197.0,197.0,190.83999633789062,191.47000122070312,10613495
2024-07-22,191.4499969482422,194.89999389648438,190.10000610351562,192.92999267578125,18442177
2024-07-23,203.0,203.44000244140625,195.86000061035156,197.9600067138672,48303121
2024-07-24,197.0,204.0,193.1300048828125,201.22999572753906,52568775
2024-07-25,199.6999969482422,205.14999389648438,197.85000610351562,204.6699981689453,26159847
2024-07-26,195.0,199.38999938964844,192.9600067138672,198.0,26611586
2024-07-29,199.2100067138672,202.19000244140625,198.13999938964844,201.00999450683594,21488147
2024-07-30,200.99000549316406,202.9199981689453,199.5,201.83999633789062,8784936
2024-07-31,202.0,202.1999969482422,197.75999450683594,201.38999938964844,17531393
2024-08-01,202.0,203.50999450683594,199.11000061035156,200.75,8241827
2024-08-02,197.5,200.3000030517578,197.10000610351562,197.7100067138672,5501380
2024-08-05,193.0500030517578,194.8300018310547,190.55999755859375,192.85000610351562,17772430
2024-08-06,194.0,195.49000549316406,190.6999969482422,191.3699951171875,7400639
2024-08-07,194.02999877929688,194.24000549316406,190.25999450683594,192.6999969482422,12297322
2024-08-08,193.0,195.27000427246094,192.27000427246094,193.77999877929688,5630502
2024-08-09,196.0,198.25,195.6999969482422,197.55999755859375,3959405
2024-08-12,195.0,201.6999969482422,195.0,201.24000549316406,14710865
2024-08-13,202.64999389648438,206.58999633789062,201.57000732421875,202.1999969482422,12610913
2024-08-14,201.75999450683594,204.3800048828125,201.75999450683594,202.72999572753906,9200992
2024-08-16,203.00999450683594,204.89999389648438,201.69000244140625,203.6699981689453,5776204
2024-08-19,205.1999969482422,205.6999969482422,202.1199951171875,202.69000244140625,11539502
2024-08-20,203.17999267578125,204.33999633789062,201.75,203.6999969482422,6524853
2024-08-21,203.6999969482422,204.10000610351562,200.80999755859375,203.25,11466995
2024-08-22,203.58999633789062,203.8800048828125,202.5500030517578,203.32000732421875,5362821
2024-08-23,203.13999938964844,203.13999938964844,199.0,199.55999755859375,9308243
2024-08-26,199.9499969482422,200.7899932861328,198.08999633789062,198.72999572753906,6050543
2024-08-27,199.00999450683594,199.61000061035156,196.5,196.9199981689453,6295365
2024-08-28,197.3000030517578,197.49000549316406,193.92999267578125,195.55999755859375,10580774
2024-08-29,196.1999969482422,196.8800048828125,194.5,195.9199981689453,5587549
2024-08-30,196.39999389648438,198.22999572753906,194.1999969482422,194.6999969482422,10597018
2024-09-02,197.5,197.5,193.6699981689453,194.72000122070312,7256241
2024-09-03,195.0,196.85000610351562,194.25,194.61000061035156,5279057
2024-09-04,191.0,191.75,186.75,187.8699951171875,16570778
2024-09-05,188.25999450683594,190.67999267578125,187.61000061035156,189.64999389648438,6187897
2024-09-06,188.0,189.97999572753906,182.41000366210938,183.4499969482422,7100505
2024-09-09,183.4499969482422,186.36000061035156,182.4499969482422,184.99000549316406,10193666
2024-09-10,186.2899932861328,186.67999267578125,184.50999450683594,185.3699951171875,4849579
2024-09-11,186.67999267578125,186.67999267578125,182.60000610351562,183.17999267578125,6817180
2024-09-12,184.1699981689453,184.7899932861328,181.72999572753906,183.5800018310547,5059255
2024-09-13,183.52000427246094,187.75,183.50999450683594,186.52000427246094,7965898
2024-09-16,186.72000122070312,188.08999633789062,184.1999969482422,184.69000244140625,8179164
2024-09-17,184.6999969482422,185.2899932861328,183.10000610351562,184.3300018310547,4896706
2024-09-18,184.3300018310547,187.35000610351562,183.7100067138672,185.91000366210938,11651012
2024-09-19,186.50999450683594,187.85000610351562,182.41000366210938,186.1999969482422,5766996
2024-09-20,189.0,189.0,184.60000610351562,185.0399932861328,8194605
2024-09-23,186.35000610351562,188.58999633789062,184.72000122070312,187.64999389648438,9605071
2024-09-24,187.60000610351562,192.0,186.1999969482422,190.7100067138672,8541648
2024-09-25,190.7100067138672,193.6999969482422,188.60000610351562,192.75,15026637
2024-09-26,192.75,194.1999969482422,191.0500030517578,192.57000732421875,9537810
2024-09-27,192.0,195.5,191.00999450683594,193.7100067138672,17024145
2024-09-30,193.8000030517578,197.6999969482422,192.89999389648438,196.72999572753906,12907403
2024-10-01,198.5,200.10000610351562,196.0,197.1199951171875,16206968
2024-10-03,193.3000030517578,197.49000549316406,191.05999755859375,193.8000030517578,19743283
2024-10-04,193.3000030517578,198.49000549316406,192.36000061035156,193.6699981689453,9625150
2024-10-07,196.0,196.47999572753906,182.64999389648438,184.1999969482422,26530545
2024-10-08,184.02000427246094,189.10000610351562,182.35000610351562,187.75999450683594,11599116
2024-10-09,188.5,188.91000366210938,184.60000610351562,185.83999633789062,17928394
2024-10-10,186.85000610351562,187.27000427246094,184.91000366210938,185.67999267578125,3798189
2024-10-11,185.6999969482422,189.3000030517578,185.6999969482422,187.5500030517578,5256494
2024-10-14,188.86000061035156,197.88999938964844,188.55999755859375,196.74000549316406,23696585
2024-10-15,198.0,199.80999755859375,195.60000610351562,198.6199951171875,12866991
2024-10-16,197.1999969482422,198.39999389648438,193.41000366210938,194.39999389648438,8161660
2024-10-17,194.39999389648438,195.1999969482422,192.35000610351562,193.61000061035156,6228921
2024-10-18,193.5,196.25,190.27000427246094,195.3000030517578,7308007
2024-10-21,195.25,197.25,192.75,193.38999938964844,9532877
2024-10-22,194.0,195.0,188.99000549316406,189.33999633789062,5731783
2024-10-23,189.89999389648438,191.3800048828125,187.60000610351562,188.72000122070312,5765355
2024-10-24,189.27999877929688,190.99000549316406,186.41000366210938,188.86000061035156,4639754
2024-10-25,188.89999389648438,190.32000732421875,182.6999969482422,186.24000549316406,7802725
2024-10-28,186.10000610351562,190.42999267578125,182.0,184.99000549316406,15752834
2024-10-29,193.9499969482422,201.4199981689453,192.25,200.6999969482422,67924331
2024-10-30,199.2100067138672,204.7899932861328,198.35000610351562,203.24000549316406,23886475
2024-10-31,203.99000549316406,205.66000366210938,201.02000427246094,203.91000366210938,13019192
2024-11-01,204.25,205.5500030517578,203.5,204.1699981689453,1541532
2024-11-04,204.1699981689453,207.60000610351562,202.61000061035156,204.2899932861328,23397597
2024-11-05,204.1699981689453,205.5,200.1999969482422,204.27000427246094,9979703
2024-11-06,206.89999389648438,206.89999389648438,202.8000030517578,204.74000549316406,10938474
2024-11-07,205.1999969482422,207.89999389648438,204.5,206.00999450683594,9253419
2024-11-08,205.97999572753906,207.92999267578125,204.50999450683594,206.77000427246094,8766446
2024-11-11,207.8000030517578,208.1999969482422,203.89999389648438,207.72999572753906,13015963
2024-11-12,208.2899932861328,209.77000427246094,206.05999755859375,207.27000427246094,8129987
2024-11-13,206.8300018310547,207.44000244140625,198.57000732421875,199.3800048828125,13381335
2024-11-14,199.1999969482422,201.6999969482422,196.0,196.97999572753906,9354472
2024-11-18,197.0,200.88999938964844,195.0399932861328,200.25,13133102
2024-11-19,202.0,210.60000610351562,201.2100067138672,206.64999389648438,22964708
2024-11-21,206.4199981689453,211.44000244140625,204.0,210.8800048828125,15482528
2024-11-22,211.47999572753906,212.0,208.3800048828125,209.3699951171875,13076979
2024-11-25,211.0,213.5,209.4199981689453,212.8800048828125,18553476
2024-11-26,212.8800048828125,214.0,210.60000610351562,213.63999938964844,8728077
2024-11-27,213.60000610351562,214.44000244140625,210.85000610351562,212.8800048828125,10096152
2024-11-28,212.8800048828125,213.00999450683594,210.39999389648438,211.0500030517578,10970713
2024-11-29,211.5,211.8000030517578,208.7899932861328,210.77999877929688,7279254
2024-12-02,210.77999877929688,211.19000244140625,206.33999633789062,209.0800018310547,7705204
2024-12-03,212.0,212.2899932861328,209.14999389648438,209.9600067138672,6355689
2024-12-04,209.9600067138672,216.27999877929688,209.27000427246094,215.44000244140625,12814059
2024-12-05,216.39999389648438,217.0,213.72000122070312,214.97000122070312,5002379
2024-12-06,215.0,215.1999969482422,211.25999450683594,213.39999389648438,9436594
2024-12-09,214.0500030517578,215.1699981689453,212.30999755859375,213.77000427246094,4922985
2024-12-10,213.8800048828125,214.8000030517578,212.52000427246094,214.33999633789062,3626922
2024-12-11,214.0,215.47000122070312,214.0,214.67999267578125,3817336
2024-12-12,214.67999267578125,215.6999969482422,212.35000610351562,212.67999267578125,4299148
2024-12-13,212.1999969482422,213.5,209.6999969482422,213.14999389648438,4333300
2024-12-16,213.14999389648438,214.44000244140625,212.5,213.39999389648438,4806881
2024-12-17,213.1999969482422,213.6999969482422,209.86000061035156,210.2899932861328,4722997
2024-12-18,210.2899932861328,211.0,198.5,200.02999877929688,14942335
2024-12-19,197.0,201.8000030517578,194.7100067138672,200.9499969482422,8834477
2024-12-20,200.39999389648438,201.3000030517578,190.5500030517578,194.4600067138672,10057259
2024-12-23,195.0,197.8300018310547,194.8800048828125,197.02000427246094,8006446
2024-12-24,197.02000427246094,197.8300018310547,194.85000610351562,196.72000122070312,7118698
2024-12-26,197.6999969482422,199.38999938964844,196.52000427246094,197.67999267578125,7075411
2024-12-27,197.4499969482422,199.61000061035156,196.30999755859375,196.72999572753906,4451218
2024-12-30,197.5,203.14999389648438,195.5500030517578,201.0500030517578,48698861
2024-12-31,196.5,200.5,196.3000030517578,200.02000427246094,8032394
2025-01-01,200.39999389648438,200.97000122070312,197.8800048828125,200.50999450683594,4148526
2025-01-02,200.5,206.60000610351562,199.55999755859375,206.13999938964844,9827756
2025-01-03,205.0,207.22999572753906,204.69000244140625,205.25,5485629
2025-01-06,205.3000030517578,205.63999938964844,195.66000366210938,197.52999877929688,7247076
2025-01-07,197.9499969482422,200.49000549316406,196.82000732421875,197.30999755859375,6619585
2025-01-08,197.35000610351562,197.60000610351562,192.10000610351562,195.5,8162449
2025-01-09,195.5,196.0,192.1999969482422,193.44000244140625,6131064
2025-01-10,193.60000610351562,193.60000610351562,187.05999755859375,189.10000610351562,7899382
2025-01-13,186.52000427246094,188.5,185.7100067138672,187.72000122070312,7575227
2025-01-14,189.0,194.27999877929688,188.61000061035156,192.55999755859375,5224795
2025-01-15,194.5,196.1999969482422,193.0,194.13999938964844,4521543
2025-01-16,196.0,197.83999633789062,194.97999572753906,195.4199981689453,5711244
2025-01-17,195.89999389648438,195.97999572753906,191.27000427246094,191.5800018310547,8047952
2025-01-20,193.44000244140625,195.0500030517578,190.6999969482422,194.02999877929688,5380998
2025-01-21,194.99000549316406,194.99000549316406,191.25,192.35000610351562,4833705
2025-01-22,193.1999969482422,193.44000244140625,186.52999877929688,190.10000610351562,9163217
2025-01-23,190.10000610351562,192.44000244140625,189.60000610351562,190.75,3960511
2025-01-24,191.3300018310547,191.8800048828125,187.3000030517578,188.11000061035156,7657794
2025-01-27,186.02000427246094,194.10000610351562,185.60000610351562,191.13999938964844,14535640
2025-01-28,187.89999389648438,187.89999389648438,178.08999633789062,184.10000610351562,43454549
2025-01-29,183.5500030517578,187.77999877929688,181.61000061035156,186.17999267578125,10013432
2025-01-30,186.1999969482422,187.22000122070312,184.1999969482422,184.9600067138672,14297599
2025-01-31,185.25999450683594,188.27999877929688,184.5800018310547,187.2100067138672,5772412
2025-02-01,188.24000549316406,188.94000244140625,182.5,184.08999633789062,4749102
2025-02-03,183.0,183.3000030517578,180.0,180.55999755859375,3886494
2025-02-04,181.89999389648438,183.88999938964844,180.5,181.22999572753906,5216085
2025-02-05,181.99000549316406,185.08999633789062,181.99000549316406,183.8699951171875,4286422
2025-02-06,185.35000610351562,186.0,182.80999755859375,183.6199951171875,3983013
2025-02-07,184.1999969482422,189.52000427246094,182.35000610351562,188.13999938964844,7298157
2025-02-10,188.85000610351562,189.4199981689453,185.97000122070312,186.55999755859375,9502645
2025-02-11,186.89999389648438,187.99000549316406,181.27999877929688,183.6699981689453,2332865
2025-02-12,183.49000549316406,185.1699981689453,177.11000061035156,183.9499969482422,4770520
2025-02-13,184.14999389648438,185.0500030517578,181.44000244140625,181.8000030517578,4044621
2025-02-14,182.02000427246094,183.25,178.49000549316406,181.00999450683594,3674337
2025-02-17,180.25,182.4600067138672,176.9600067138672,181.5399932861328,4678837
2025-02-18,181.82000732421875,182.44000244140625,178.7100067138672,180.69000244140625,4152347
2025-02-19,180.69000244140625,182.9499969482422,179.00999450683594,181.17999267578125,3020603
2025-02-20,180.5500030517578,184.89999389648438,179.1999969482422,184.3800048828125,3532472
2025-02-21,184.22000122070312,185.8300018310547,179.0,179.85000610351562,5491982
2025-02-24,180.0,183.39999389648438,179.0500030517578,181.24000549316406,13756156
2025-02-25,182.0,182.6199951171875,177.89999389648438,178.7100067138672,8344437
2025-02-27,179.0,180.83999633789062,177.5500030517578,178.7100067138672,12518738
2025-02-28,178.1999969482422,179.0500030517578,175.00999450683594,177.6199951171875,5614981
2025-03-03,177.80999755859375,179.97999572753906,172.66000366210938,179.47999572753906,10498910
2025-03-04,178.75,178.75,175.3000030517578,176.50999450683594,7378836
2025-03-05,176.89999389648438,181.85000610351562,176.50999450683594,181.50999450683594,6338076
2025-03-06,183.05999755859375,183.5,180.7100067138672,181.74000549316406,7595816
2025-03-07,181.33999633789062,182.9499969482422,179.9499969482422,180.50999450683594,6040527
2025-03-10,180.39999389648438,180.9499969482422,178.3000030517578,179.1199951171875,6397181
2025-03-11,177.89999389648438,180.25,175.5,179.1199951171875,5753482
2025-03-12,180.0,181.14999389648438,176.89999389648438,178.22000122070312,5916404
2025-03-13,178.64999389648438,179.33999633789062,176.25,176.60000610351562,3060509
2025-03-17,177.47999572753906,178.25,175.5500030517578,177.33999633789062,3411602
2025-03-18,177.33999633789062,177.33999633789062,177.33999633789062,177.33999633789062,0
2025-03-19,181.8000030517578,186.9499969482422,180.55999755859375,186.19000244140625,11138888
2025-03-20,186.8000030517578,187.67999267578125,185.64999389648438,186.5399932861328,4488082
2025-03-21,187.0,188.30999755859375,185.8000030517578,187.3000030517578,6584799
2025-03-24,188.0,196.74000549316406,187.3000030517578,195.8000030517578,9174683
2025-03-25,196.74000549316406,197.3000030517578,193.39999389648438,194.85000610351562,6813212
2025-03-26,194.10000610351562,196.5,191.89999389648438,192.30999755859375,5584885
2025-03-27,192.08999633789062,200.0,191.55999755859375,197.5800018310547,25012772
2025-03-28,196.99000549316406,198.5,191.72000122070312,192.72999572753906,7248212
2025-04-01,191.72000122070312,196.0,191.0,192.42999267578125,6099041
2025-04-02,193.0500030517578,193.33999633789062,190.6999969482422,192.11000061035156,2745983
2025-04-03,190.4199981689453,195.3000030517578,188.8300018310547,194.13999938964844,7697462
2025-04-04,195.6999969482422,196.9499969482422,192.50999450683594,195.0,10170845
2025-04-07,188.3000030517578,193.32000732421875,186.50999450683594,190.80999755859375,12697165
2025-04-08,193.94000244140625,194.63999938964844,189.6999969482422,190.52999877929688,8769895
2025-04-09,190.5,191.9499969482422,186.9199981689453,189.9600067138672,6819642
2025-04-11,192.30999755859375,192.9499969482422,189.6199951171875,190.44000244140625,8325890
2025-04-15,193.0,193.0,189.0,191.89999389648438,7869328
2025-04-16,192.69000244140625,196.10000610351562,191.89999389648438,194.9199981689453,8520549
2025-04-17,194.00999450683594,196.1999969482422,193.25,194.85000610351562,9504482
2025-04-21,196.0,202.85000610351562,195.10000610351562,202.0399932861328,16250402
2025-04-22,202.6999969482422,205.5,200.64999389648438,201.63999938964844,15722852
2025-04-23,202.99000549316406,202.99000549316406,197.9199981689453,199.77000427246094,8092835
2025-04-24,199.75,204.3800048828125,199.2899932861328,201.89999389648438,16720717
2025-04-25,201.8000030517578,202.8699951171875,195.0,196.49000549316406,7977095
2025-04-28,197.74000549316406,201.0,196.50999450683594,199.8300018310547,7788146
2025-04-29,200.75,205.39999389648438,198.85000610351562,203.4199981689453,11997673
2025-04-30,203.60000610351562,203.75,196.0,196.67999267578125,11619893
2025-05-02,195.92999267578125,195.92999267578125,187.85000610351562,189.52000427246094,18366458
2025-05-05,190.89999389648438,192.6699981689453,189.9199981689453,191.50999450683594,6580183
2025-05-06,192.10000610351562,192.52000427246094,186.61000061035156,187.2899932861328,5927722
2025-05-07,183.14999389648438,191.66000366210938,183.14999389648438,191.1699981689453,9698741
2025-05-08,191.2100067138672,192.5,185.85000610351562,186.72999572753906,5655491
2025-05-09,183.60000610351562,187.88999938964844,183.60000610351562,187.3800048828125,4820032
2025-05-12,191.0,194.89999389648438,190.1300048828125,194.4499969482422,6284131
2025-05-13,194.8000030517578,198.99000549316406,194.00999450683594,198.08999633789062,6888878
2025-05-14,199.0,200.00999450683594,196.61000061035156,198.22999572753906,6176362
2025-05-15,199.0,199.74000549316406,197.44000244140625,198.83999633789062,3449592
2025-05-16,199.5,201.5500030517578,198.1199951171875,199.02999877929688,3753649
2025-05-19,201.0500030517578,203.25,198.94000244140625,201.89999389648438,8969305
2025-05-20,202.10000610351562,202.88999938964844,197.77999877929688,198.16000366210938,8802803
2025-05-21,198.60000610351562,201.8000030517578,197.3000030517578,200.82000732421875,8080241
2025-05-22,201.00999450683594,203.3699951171875,200.25999450683594,201.1699981689453,10212588
2025-05-23,201.25,204.5500030517578,199.8699951171875,203.42999267578125,8097368
2025-05-26,204.1999969482422,204.58999633789062,200.50999450683594,201.89999389648438,8540130
2025-05-27,202.25,203.39999389648438,201.3000030517578,202.47999572753906,10595637
2025-05-28,202.0,202.5399932861328,199.8000030517578,201.6199951171875,13661005
2025-05-29,202.5,203.69000244140625,199.60000610351562,201.08999633789062,15221151
2025-05-30,201.08999633789062,203.1999969482422,200.22999572753906,202.05999755859375,7261954
2025-06-02,202.1999969482422,207.14999389648438,201.7100067138672,206.25,12785341
2025-06-03,207.11000061035156,213.44000244140625,207.0399932861328,211.3000030517578,21745811
2025-06-04,211.3000030517578,212.4499969482422,207.33999633789062,210.97000122070312,13731212
2025-06-05,211.86000061035156,211.86000061035156,206.3300018310547,207.07000732421875,6847718
2025-06-06,207.07000732421875,212.50999450683594,203.69000244140625,207.77999877929688,17931531
2025-06-09,208.99000549316406,213.75,208.00999450683594,212.6999969482422,9749033
2025-06-10,213.10000610351562,214.4499969482422,210.4199981689453,211.00999450683594,11160547
2025-06-11,211.1999969482422,211.49000549316406,207.6999969482422,208.1199951171875,8873836
2025-06-12,208.60000610351562,208.60000610351562,205.8699951171875,206.4600067138672,4136067
2025-06-13,203.5,206.0,203.1300048828125,205.3000030517578,3620233
2025-06-16,205.3000030517578,206.0,202.33999633789062,205.61000061035156,3650155
2025-06-17,205.88999938964844,207.0,204.1300048828125,204.77000427246094,9087952
2025-06-18,204.77000427246094,208.39999389648438,204.60000610351562,207.0800018310547,7999769
2025-06-19,207.3000030517578,209.52999877929688,203.25999450683594,203.9199981689453,10671945
2025-06-20,204.75,208.0,203.5500030517578,207.50999450683594,9350809
2025-06-23,205.3300018310547,208.39999389648438,205.3300018310547,206.9499969482422,3500913
2025-06-24,208.49000549316406,209.9499969482422,207.39999389648438,209.22000122070312,4740437
2025-06-25,210.0,211.60000610351562,209.25999450683594,210.39999389648438,8025612
2025-06-26,211.67999267578125,211.67999267578125,205.75999450683594,210.02000427246094,12688408
2025-06-27,210.97999572753906,210.97999572753906,207.27999877929688,208.38999938964844,31963885
2025-06-30,211.5,214.39999389648438,210.00999450683594,213.1199951171875,13990271
2025-07-01,214.35000610351562,219.4499969482422,211.60000610351562,218.72000122070312,16637063
2025-07-02,220.0,220.0,216.1699981689453,217.75,11463228
2025-07-03,217.75,217.9499969482422,216.05999755859375,216.99000549316406,4618576
2025-07-04,216.99000549316406,218.25,214.0500030517578,215.32000732421875,5120183
2025-07-07,215.50999450683594,217.1999969482422,214.77999877929688,215.0500030517578,4643396
2025-07-08,215.5,215.60000610351562,213.02999877929688,213.5,5404402
2025-07-09,213.61000061035156,214.5800018310547,212.72000122070312,213.88999938964844,4586061
2025-07-10,213.14999389648438,214.67999267578125,210.1999969482422,210.97999572753906,3952305
2025-07-11,210.97999572753906,211.8000030517578,206.75999450683594,207.3800048828125,4009049
2025-07-14,207.0,211.39999389648438,206.38999938964844,210.57000732421875,5690671
2025-07-15,211.0,212.77999877929688,210.1999969482422,211.6699981689453,5149486
2025-07-16,211.6699981689453,215.39999389648438,211.6699981689453,214.69000244140625,8125748
2025-07-17,214.6699981689453,216.8000030517578,211.97000122070312,212.58999633789062,5632702
2025-07-18,212.5800018310547,213.32000732421875,211.10000610351562,212.47000122070312,6478635
2025-07-21,212.4499969482422,213.5,209.83999633789062,212.77999877929688,4607473
2025-07-22,213.25,214.0,211.61000061035156,212.39999389648438,5385123
2025-07-23,212.49000549316406,213.5,211.6999969482422,212.80999755859375,5401894
2025-07-24,212.97000122070312,215.17999267578125,212.22000122070312,212.6999969482422,6465529
2025-07-25,212.25,213.08999633789062,207.25,208.13999938964844,6563450
2025-07-28,207.89999389648438,210.42999267578125,205.6999969482422,206.0,8456565
2025-07-29,205.6699981689453,207.10000610351562,203.6300048828125,205.2100067138672,10354388
2025-07-30,205.2100067138672,205.75999450683594,202.75999450683594,204.67999267578125,5616031
2025-07-31,203.0,204.72999572753906,201.13999938964844,202.42999267578125,8617317
2025-08-01,202.67999267578125,202.9199981689453,194.41000366210938,196.05999755859375,10948324
2025-08-04,185.8000030517578,197.0399932861328,185.11000061035156,196.4600067138672,39513112
2025-08-05,195.47999572753906,196.89999389648438,194.0800018310547,196.0399932861328,5819712
2025-08-06,196.47999572753906,197.75999450683594,194.60000610351562,197.3699951171875,7011622
2025-08-07,195.61000061035156,199.27000427246094,195.0,198.6300048828125,6357907
2025-08-08,198.60000610351562,199.72999572753906,195.75999450683594,196.35000610351562,7038453
2025-08-11,196.35000610351562,198.0,195.64999389648438,196.69000244140625,8062362
2025-08-12,197.0,197.25,195.57000732421875,195.97999572753906,5218014
2025-08-13,197.0,197.89999389648438,195.44000244140625,196.19000244140625,6992167
2025-08-14,196.38999938964844,196.67999267578125,194.99000549316406,195.86000061035156,2679922
2025-08-18,197.39999389648438,197.64999389648438,194.83999633789062,195.7899932861328,6237845
2025-08-19,196.69000244140625,200.5500030517578,195.3000030517578,200.0500030517578,5129740
2025-08-20,200.5,201.24000549316406,199.22000122070312,199.7100067138672,5498900
2025-08-21,199.5,201.0,199.0,199.42999267578125,6033820
2025-08-22,198.99000549316406,199.4199981689453,196.0,196.33999633789062,2466153
2025-08-25,196.33999633789062,197.89999389648438,194.57000732421875,195.00999450683594,6443184
2025-08-26,194.7899932861328,195.99000549316406,191.91000366210938,192.4600067138672,6681812
2025-08-28,191.5,192.67999267578125,190.5,191.75999450683594,7746254
2025-08-29,191.3000030517578,193.86000061035156,191.1199951171875,191.7100067138672,4184028
2025-09-01,191.7100067138672,194.10000610351562,191.7100067138672,193.5800018310547,4546443
2025-09-02,193.5800018310547,195.41000366210938,193.0399932861328,193.55999755859375,3069260
2025-09-03,193.5,194.6699981689453,192.75999450683594,193.22999572753906,8091723
2025-09-04,194.47000122070312,194.6699981689453,188.39999389648438,189.89999389648438,7767020
2025-09-05,191.0,191.08999633789062,189.11000061035156,190.52000427246094,4068142
2025-09-08,190.0,191.97000122070312,189.27999877929688,190.6199951171875,9815612
2025-09-09,190.99000549316406,192.0500030517578,189.91000366210938,191.6300048828125,3712535
2025-09-10,192.0,196.89999389648438,191.72000122070312,196.0800018310547,5427537
2025-09-11,196.0800018310547,198.1999969482422,195.1999969482422,196.64999389648438,4449153
2025-09-12,196.64999389648438,196.9600067138672,193.8800048828125,194.36000061035156,4795808
2025-09-15,194.25,196.8800048828125,194.1999969482422,196.27000427246094,2036783
2025-09-16,196.0,197.27000427246094,195.5500030517578,196.41000366210938,3513785
2025-09-17,197.0,199.5,196.9199981689453,198.97000122070312,5372024
2025-09-18,200.0,200.47000122070312,197.80999755859375,198.42999267578125,6394641
2025-09-19,198.42999267578125,199.5,197.6199951171875,197.9199981689453,2693450
2025-09-22,197.99000549316406,198.55999755859375,194.5500030517578,195.0,5221899
2025-09-23,196.0,196.0,193.8800048828125,195.1300048828125,3435579
2025-09-24,195.1999969482422,196.82000732421875,193.3000030517578,193.5800018310547,2934434
2025-09-25,193.60000610351562,195.32000732421875,192.57000732421875,193.3300018310547,5665259
2025-09-26,192.60000610351562,194.13999938964844,190.27999877929688,191.82000732421875,3860755
2025-09-29,193.0,193.1300048828125,189.0500030517578,190.0800018310547,8268524
2025-09-30,190.8000030517578,194.0,190.55999755859375,192.92999267578125,7294473
2025-10-01,193.0,194.69000244140625,191.60000610351562,193.75999450683594,5901005
2025-10-03,193.61000061035156,195.5,192.2100067138672,192.3699951171875,6145378
2025-10-06,192.2100067138672,194.11000061035156,191.8000030517578,193.66000366210938,5036576
2025-10-07,194.10000610351562,199.9199981689453,194.10000610351562,199.1699981689453,12430510
2025-10-08,200.5,203.5,199.35000610351562,202.61000061035156,9371594
2025-10-09,203.5,207.91000366210938,202.14999389648438,207.33999633789062,13012847
2025-10-10,206.91000366210938,210.19000244140625,206.52999877929688,208.3000030517578,5126420
2025-10-13,208.10000610351562,213.5,207.32000732421875,213.02000427246094,15174980
2025-10-14,212.94000244140625,216.0,212.0,215.44000244140625,13286463
2025-10-15,215.10000610351562,217.17999267578125,214.10000610351562,216.3300018310547,7102306
2025-10-16,216.5,216.77000427246094,214.05999755859375,214.5,5674145
2025-10-17,214.58999633789062,215.27000427246094,211.52000427246094,212.3800048828125,9465410
2025-10-20,216.5,229.89999389648438,216.02000427246094,227.0800018310547,55614063
2025-10-21,228.38999938964844,229.3000030517578,227.0,227.44000244140625,2950169
2025-10-23,227.44000244140625,231.25,226.5,227.86000061035156,16833570
2025-10-24,228.0,232.1999969482422,226.88999938964844,227.39999389648438,25955732
2025-10-27,229.89999389648438,235.1999969482422,228.02000427246094,234.0399932861328,21764115
2025-10-28,234.0,236.6300048828125,232.35000610351562,235.77999877929688,15860246
2025-10-29,236.1999969482422,236.4199981689453,233.3000030517578,234.91000366210938,7589866
2025-10-30,235.00999450683594,237.44000244140625,234.39999389648438,234.80999755859375,11944357
2025-10-31,234.6999969482422,237.5,233.85000610351562,236.61000061035156,7758968
2025-11-03,236.6199951171875,238.88999938964844,236.27000427246094,237.88999938964844,7840791
2025-11-04,237.83999633789062,238.99000549316406,234.82000732421875,237.85000610351562,6499891
2025-11-06,237.97999572753906,238.33999633789062,235.0500030517578,235.8300018310547,4895857
2025-11-07,235.0,238.0,232.4199981689453,237.25999450683594,7026019
2025-11-10,237.25,238.88999938964844,236.55999755859375,238.4600067138672,7513078
2025-11-11,238.44000244140625,238.5800018310547,235.08999633789062,235.88999938964844,7025378
2025-11-12,236.0,239.91000366210938,233.47999572753906,238.94000244140625,8593960
2025-11-13,238.52999877929688,238.66000366210938,235.00999450683594,235.7899932861328,3764303
2025-11-14,235.39999389648438,237.19000244140625,235.0800018310547,236.25999450683594,3078306
2025-11-17,237.11000061035156,239.99000549316406,235.27000427246094,239.05999755859375,6245112
2025-11-18,239.44000244140625,246.75,239.0,244.50999450683594,24152192
2025-11-19,245.3000030517578,248.5,244.82000732421875,246.02000427246094,15310593
2025-11-20,246.50999450683594,246.8800048828125,243.85000610351562,244.92999267578125,4639649
2025-11-21,244.19000244140625,247.60000610351562,244.0,245.05999755859375,7135057
2025-11-24,245.0800018310547,251.22000122070312,244.4600067138672,248.1699981689453,16439268
2025-11-25,248.39999389648438,256.8999938964844,247.5,255.99000549316406,15576893
2025-11-26,255.5,258.79998779296875,253.74000549316406,256.3699951171875,10148728
2025-11-27,256.0,256.8999938964844,253.3000030517578,254.8699951171875,4560033
2025-11-28,255.35000610351562,258.239990234375,253.86000061035156,257.9200134277344,5507931
2025-12-01,259.70001220703125,259.70001220703125,255.8000030517578,256.6000061035156,5687469
2025-12-02,256.6000061035156,262.0,256.6000061035156,258.45001220703125,8694935
2025-12-03,259.0,259.8500061035156,255.85000610351562,258.25,5218904
2025-12-04,259.0,261.20001220703125,257.04998779296875,258.6499938964844,5356973
2025-12-05,259.0,260.25,256.95001220703125,259.20001220703125,5002265
2025-12-08,259.20001220703125,259.8999938964844,255.35000610351562,257.45001220703125,5397988
2025-12-09,256.45001220703125,263.20001220703125,255.60000610351562,260.8500061035156,11474245
2025-12-10,260.79998779296875,262.0,258.3500061035156,259.6000061035156,8102670
2025-12-11,259.6499938964844,262.3500061035156,258.70001220703125,260.8999938964844,4776310
2025-12-12,261.5,263.6000061035156,259.95001220703125,261.3500061035156,8484790
2025-12-15,262.0,266.29998779296875,260.8999938964844,265.25,9935972
2025-12-16,265.3999938964844,265.75,261.04998779296875,262.20001220703125,6068364
2025-12-17,262.3999938964844,264.5,261.1499938964844,263.6000061035156,3437773
2025-12-18,264.0,266.75,263.04998779296875,265.3999938964844,7848032
2025-12-19,265.3999938964844,268.25,265.1000061035156,267.8500061035156,7746013
2025-12-22,267.8500061035156,271.1000061035156,267.8500061035156,269.1499938964844,7215889
2025-12-23,270.29998779296875,270.45001220703125,264.95001220703125,265.45001220703125,5290581
2025-12-24,267.0,267.25,261.20001220703125,261.75,5763276
2025-12-26,261.70001220703125,263.20001220703125,260.1000061035156,262.0,3931332
2025-12-29,261.54998779296875,264.0,260.25,262.8999938964844,4625001
2025-12-30,263.45001220703125,269.3999938964844,262.0,267.6000061035156,37037734
2025-12-31,267.5,269.1000061035156,264.1499938964844,267.1000061035156,6154254
2026-01-01,267.6499938964844,267.6499938964844,264.54998779296875,266.25,2846254
2026-01-02,267.5,268.75,265.8500061035156,266.95001220703125,3353300
2026-01-05,266.95001220703125,267.1000061035156,261.3500061035156,263.75,6650072
2026-01-06,264.0,265.0,254.8000030517578,256.70001220703125,10683533
2026-01-07,256.70001220703125,259.1499938964844,253.1999969482422,258.54998779296875,6991588
2026-01-08,258.5,259.1499938964844,253.8000030517578,255.75,8212373
2026-01-09,255.5500030517578,258.45001220703125,254.5,255.3000030517578,4731961
2026-01-12,254.10000610351562,256.3999938964844,250.4499969482422,252.89999389648438,7290684
2026-01-13,253.14999389648438,255.0,246.85000610351562,249.3000030517578,12045490
2026-01-14,248.5,248.5,242.3000030517578,246.85000610351562,11287769
2026-01-15,246.85000610351562,246.85000610351562,246.85000610351562,246.85000610351562,0
2026-01-16,247.5,278.3999938964844,247.4499969482422,270.25,66836048
2026-01-19,271.45001220703125,280.25,270.25,279.70001220703125,31846487
2026-01-20,278.0,279.79998779296875,269.6499938964844,273.25,13733716
2026-01-21,271.1000061035156,276.6000061035156,268.95001220703125,276.1000061035156,12133282
2026-01-22,280.04998779296875,287.20001220703125,278.20001220703125,282.20001220703125,16816171
2026-01-23,283.20001220703125,284.8500061035156,277.54998779296875,278.54998779296875,12120387
2026-01-27,279.0,285.70001220703125,279.0,284.95001220703125,12030692
2026-01-28,286.45001220703125,286.45001220703125,282.20001220703125,284.45001220703125,10075884
2026-01-29,284.45001220703125,289.6000061035156,284.0,287.6000061035156,15848490
2026-01-30,286.6499938964844,288.6499938964844,282.5,287.75,4286394
2026-02-02,284.79998779296875,284.79998779296875,276.0,281.29998779296875,7143698
2026-02-03,294.0,298.25,283.3500061035156,285.5,8832776
2026-02-04,285.5,288.29998779296875,282.70001220703125,287.3999938964844,3498764
2026-02-05,287.8999938964844,289.1499938964844,285.3999938964844,287.6000061035156,2481799
2026-02-06,289.0,289.1499938964844,284.3500061035156,286.79998779296875,5682140
2026-02-09,288.70001220703125,288.70001220703125,284.6000061035156,286.6499938964844,3613561
2026-02-10,286.5,288.1000061035156,281.1000061035156,282.25,5142766
2026-02-11,281.8999938964844,293.5,279.6499938964844,290.5,16329588
2026-02-12,292.6000061035156,293.20001220703125,286.1000061035156,287.1000061035156,9229784
2026-02-13,287.04998779296875,290.54998779296875,285.1000061035156,288.29998779296875,6202181
2026-02-16,287.1499938964844,289.75,285.3500061035156,289.0,4743148
2026-02-17,289.0,291.04998779296875,282.6000061035156,288.8500061035156,7052510
2026-02-18,289.0,293.0,287.8500061035156,290.8500061035156,5124162
2026-02-19,292.04998779296875,292.3999938964844,287.5,288.29998779296875,3644333
2026-02-20,289.54998779296875,293.20001220703125,287.04998779296875,292.6000061035156,5030819
2026-02-23,293.8999938964844,296.6000061035156,288.0,296.20001220703125,6561111
2026-02-24,296.45001220703125,300.0,295.0,295.6499938964844,9095061
2026-02-25,296.3500061035156,301.04998779296875,296.3500061035156,299.1000061035156,5928219
2026-02-26,299.79998779296875,301.70001220703125,297.04998779296875,299.5,12490528
2026-02-27,299.5,302.0,296.75,299.8500061035156,6871717
2026-03-02,290.0,299.3500061035156,289.04998779296875,294.95001220703125,6275477
2026-03-04,290.95001220703125,293.75,283.1499938964844,286.45001220703125,8763077
2026-03-05,287.75,291.6000061035156,285.20001220703125,289.70001220703125,6014011
2026-03-06,286.3999938964844,291.25,285.6000061035156,286.5,3826606
2026-03-09,280.0,280.75,268.70001220703125,273.29998779296875,12304998
2026-03-10,277.25,281.1499938964844,275.25,276.0,10974726
2026-03-11,276.70001220703125,277.0,268.70001220703125,269.45001220703125,9571287
2026-03-12,265.75,272.1499938964844,264.8500061035156,270.25,7972457
2026-03-13,268.6499938964844,269.75,262.1499938964844,263.04998779296875,7258500
2026-03-16,262.0,265.5,257.04998779296875,260.8500061035156,12531069
2026-03-17,260.8500061035156,266.5,255.8000030517578,264.54998779296875,12836887
2026-03-18,265.0,272.70001220703125,265.0,271.5,7002312
2026-03-19,266.45001220703125,269.1499938964844,262.3500061035156,265.8999938964844,9790533
2026-03-20,268.04998779296875,274.29998779296875,266.0,267.1000061035156,14660431
2026-03-23,263.0,263.29998779296875,253.3000030517578,254.35000610351562,13966492
2026-03-24,262.25,263.8999938964844,257.6000061035156,262.5,6880170
2026-03-25,265.5,273.8999938964844,264.79998779296875,270.95001220703125,9709681
2026-03-27,269.0,270.95001220703125,265.29998779296875,269.29998779296875,16383055
2026-03-30,268.0,268.0,257.1499938964844,259.3999938964844,10978564
2026-04-01,266.45001220703125,270.1000061035156,262.8999938964844,267.6000061035156,8296508
2026-04-02,263.8999938964844,266.95001220703125,256.5,265.54998779296875,5537579
2026-04-06,265.3999938964844,272.20001220703125,261.70001220703125,271.5,9297534
2026-04-07,270.0,276.8999938964844,266.45001220703125,275.1499938964844,8015264
2026-04-08,286.3500061035156,288.79998779296875,282.54998779296875,284.45001220703125,7811348
2026-04-09,284.1000061035156,286.0,281.6000061035156,283.29998779296875,4273025
2026-04-10,284.0,292.75,284.0,291.70001220703125,8640231
2026-04-13,284.70001220703125,290.3500061035156,283.5,288.20001220703125,7132285
2026-04-15,294.6000061035156,294.8999938964844,286.0,286.8500061035156,7778158
2026-04-16,289.5,289.79998779296875,281.6000061035156,284.3999938964844,10948325
2026-04-17,284.95001220703125,294.20001220703125,282.8500061035156,293.75,9241911
2026-04-20,293.5,298.0,292.29998779296875,294.3500061035156,11292785
2026-04-21,295.79998779296875,299.04998779296875,295.04998779296875,295.75,7746822
2026-04-22,295.75,298.45001220703125,295.0,296.45001220703125,6443950
2026-04-23,294.95001220703125,296.6499938964844,293.54998779296875,295.3999938964844,3657050
2026-04-24,296.0,298.29998779296875,291.25,293.0,7243806
2026-04-27,294.70001220703125,297.6499938964844,292.79998779296875,294.04998779296875,3880432
2026-04-28,292.8500061035156,295.8500061035156,290.0,290.6000061035156,6666139
2026-04-29,296.0,301.70001220703125,282.54998779296875,284.75,21186876
2026-04-30,284.70001220703125,287.95001220703125,280.0,286.95001220703125,13939720
2026-05-01,286.95001220703125,286.95001220703125,286.95001220703125,286.95001220703125,0
2026-05-04,290.0,291.6499938964844,287.3999938964844,289.1499938964844,5494699
2026-05-05,289.3500061035156,295.0,286.6000061035156,292.6000061035156,5869785
2026-05-06,295.25,296.45001220703125,288.8500061035156,293.0,9998298
2026-05-07,294.5,297.75,290.0,297.04998779296875,6089681
2026-05-08,297.0,298.45001220703125,291.45001220703125,297.25,6129346
2026-05-11,295.0,297.3999938964844,291.1499938964844,292.45001220703125,11135956
2026-05-12,291.54998779296875,293.6499938964844,283.79998779296875,284.79998779296875,8461329
2026-05-13,285.8999938964844,285.8999938964844,277.1000061035156,280.04998779296875,15147738
2026-05-14,282.0,282.8500061035156,277.54998779296875,280.25,8574291
2026-05-15,281.95001220703125,284.70001220703125,278.29998779296875,281.29998779296875,6034270
2026-05-18,280.75,285.6499938964844,277.54998779296875,283.95001220703125,7212332
2026-05-19,284.79998779296875,287.79998779296875,283.75,286.6000061035156,6905213
2026-05-20,285.8500061035156,290.54998779296875,283.1000061035156,289.8999938964844,6657728
2026-05-21,290.5,292.5,283.04998779296875,283.75,6916472
2026-05-22,284.1499938964844,288.3999938964844,283.20001220703125,287.20001220703125,6756952
2026-05-25,289.0,292.5,286.79998779296875,289.25,9346757
2026-05-26,292.0,293.3500061035156,288.6499938964844,290.20001220703125,10983670
2026-05-27,289.5,293.0,287.8500061035156,288.8999938964844,3869975
2026-05-28,288.8999938964844,288.8999938964844,288.8999938964844,288.8999938964844,0
2026-05-29,292.0,293.8999938964844,283.6000061035156,288.95001220703125,239376091
2026-06-01,290.0,292.3999938964844,285.5,288.20001220703125,6701913
2026-06-02,286.5,293.79998779296875,284.8500061035156,293.04998779296875,5900487
2026-06-03,293.95001220703125,302.8500061035156,290.29998779296875,301.04998779296875,15946881
2026-06-04,301.25,303.79998779296875,295.6499938964844,300.1000061035156,11947303
2026-06-05,300.5,305.3999938964844,295.75,304.1499938964844,9322801
2026-06-08,302.5,310.0,301.29998779296875,304.6000061035156,12112735
2026-06-09,306.70001220703125,315.8999938964844,306.3500061035156,315.1000061035156,14386417
2026-06-10,315.1000061035156,316.70001220703125,309.8500061035156,311.1000061035156,7015128
2026-06-11,309.0,311.70001220703125,307.04998779296875,309.75,7619065
2026-06-12,315.0,318.3500061035156,311.1499938964844,315.70001220703125,9052110
2026-06-15,320.70001220703125,320.70001220703125,312.75,317.1000061035156,8390759
2026-06-16,317.54998779296875,321.1000061035156,316.5,320.6000061035156,8921387
2026-06-17,320.6499938964844,323.6000061035156,319.29998779296875,322.70001220703125,9029691
2026-06-18,323.0,324.0,320.0,320.45001220703125,3885931
2026-06-19,320.0,324.8999938964844,319.04998779296875,323.95001220703125,7763307
2026-06-22,323.95001220703125,323.95001220703125,321.70001220703125,323.3999938964844,4903566
2026-06-23,323.3999938964844,324.29998779296875,319.0,319.8999938964844,5809450
2026-06-24,319.5,327.0,318.20001220703125,325.20001220703125,9481304
2026-06-25,326.70001220703125,326.70001220703125,322.6499938964844,324.04998779296875,6310533
2026-06-26,324.04998779296875,324.04998779296875,324.04998779296875,324.04998779296875,0
2026-06-29,323.0,327.0,322.1499938964844,324.04998779296875,15193838
2026-06-30,324.79998779296875,331.79998779296875,323.70001220703125,330.04998779296875,15572784
2026-07-01,329.0,332.0,325.6499938964844,331.3999938964844,6386994
2026-07-02,331.75,332.3500061035156,329.29998779296875,331.0,7433230
2026-07-03,332.3999938964844,334.29998779296875,326.3999938964844,327.3999938964844,5420067
2026-07-06,327.79998779296875,333.45001220703125,325.5,330.29998779296875,3492183
2026-07-07,330.0,332.0,326.70001220703125,331.54998779296875,4018922
2026-07-08,330.45001220703125,330.8999938964844,323.0,326.54998779296875,4715547
2026-07-09,326.54998779296875,332.70001220703125,326.54998779296875,327.75,3699416
2026-07-10,330.29998779296875,332.5,327.8500061035156,329.8500061035156,5400203
2026-07-13,328.5,336.5,327.29998779296875,332.5,4617054
2026-07-14,331.0,332.79998779296875,326.1499938964844,327.5,3477293
2026-07-15,328.5,330.70001220703125,325.6000061035156,327.54998779296875,2909042
2026-07-16,328.54998779296875,329.95001220703125,324.0,326.6000061035156,9916604
2026-07-17,328.70001220703125,351.0,323.3999938964844,349.0,44155126
2026-07-20,341.5,352.20001220703125,341.5,350.75,10483345
2026-07-21,351.1000061035156,356.75,350.95001220703125,356.04998779296875,6342305
2026-07-22,354.1000061035156,357.25,351.5,353.25,4288304
2026-07-23,352.0,355.45001220703125,351.54998779296875,354.3999938964844,4025719
2026-07-24,352.1000061035156,354.8999938964844,349.8999938964844,354.29998779296875,3590425
2026-07-27,355.04998779296875,357.70001220703125,354.29998779296875,356.5,6585012
2026-07-28,357.0,358.70001220703125,354.5,357.25,6332047
2026-07-29,359.0,359.8999938964844,356.45001220703125,359.1499938964844,5713345
2026-07-30,359.04998779296875,359.3500061035156,352.8500061035156,354.1499938964844,6259452
2026-07-31,355.3999938964844,359.70001220703125,354.75,358.8500061035156,3907564
2026-08-03,359.45001220703125,371.70001220703125,357.29998779296875,371.70001220703125,4384044
2026-08-04,364.54998779296875,364.54998779296875,357.1000061035156,362.45001220703125,5569382
2026-08-05,361.95001220703125,361.95001220703125,354.20001220703125,356.45001220703125,5018889
2026-08-06,356.45001220703125,356.45001220703125,351.6000061035156,353.54998779296875,3780768
2026-08-07,353.20001220703125,359.79998779296875,350.8500061035156,356.25,4924276
2026-08-10,357.0,358.6000061035156,353.95001220703125,358.3500061035156,2848547
2026-08-11,357.20001220703125,357.20001220703125,352.20001220703125,354.54998779296875,4843398
2026-08-12,354.54998779296875,357.6499938964844,353.79998779296875,356.8500061035156,3369817
2026-08-13,356.5,356.5,352.0,352.45001220703125,2690529
2026-08-14,352.0,354.6000061035156,351.04998779296875,351.29998779296875,2420967
2026-08-17,351.25,356.45001220703125,349.6499938964844,354.1000061035156,3616352
2026-08-18,354.20001220703125,358.6000061035156,352.5,357.79998779296875,2828360
2026-08-19,357.79998779296875,360.0,355.1499938964844,358.79998779296875,2198228
2026-08-20,361.8999938964844,364.20001220703125,355.29998779296875,355.29998779296875,4349435
2026-08-21,356.29998779296875,361.0,355.1499938964844,361.0,4398375
2026-08-24,360.45001220703125,361.25,355.29998779296875,357.75,4729477
2026-08-25,357.70001220703125,358.70001220703125,342.04998779296875,346.95001220703125,16134284
2026-08-26,348.25,349.1499938964844,343.6000061035156,345.29998779296875,6361778
2026-08-27,347.0,348.1499938964844,343.3999938964844,344.79998779296875,4512557
2026-08-28,343.04998779296875,345.8500061035156,342.25,344.25,3391019
2026-08-31,342.6000061035156,356.70001220703125,341.54998779296875,356.70001220703125,6824404
2026-09-01,350.0,351.75,348.0,349.25,3391394
2026-09-02,349.0,353.5,345.20001220703125,353.3500061035156,6273256
2026-09-03,356.5,356.95001220703125,343.1000061035156,344.6000061035156,6683672
2026-09-04,344.8999938964844,344.8999938964844,341.79998779296875,343.0,4115397
2026-09-07,343.0,343.0,337.6000061035156,342.0,5174214
2026-09-08,343.04998779296875,345.8999938964844,341.45001220703125,344.1499938964844,3571930
2026-09-09,341.5,345.0,341.5,345.0,3903520
2026-09-10,343.8500061035156,347.04998779296875,343.75,346.0,5314983
2026-09-11,343.0,345.29998779296875,341.1499938964844,344.5,3188640
2026-09-14,344.5,344.5,344.5,344.5,0
2026-09-15,344.45001220703125,344.5,339.45001220703125,343.0,3090047
2026-09-16,341.79998779296875,346.0,340.1000061035156,341.79998779296875,2857474
2026-09-17,342.0,343.75,332.45001220703125,332.75,5320152
