Date,Open,High,Low,Close,Volume
2020-01-01,1.600000023841858,1.600000023841858,1.600000023841858,1.600000023841858,1146701
2020-01-02,1.649999976158142,1.649999976158142,1.649999976158142,1.649999976158142,193574
2020-01-03,1.7000000476837158,1.7000000476837158,1.7000000476837158,1.7000000476837158,387130
2020-01-06,1.75,1.75,1.75,1.75,801476
2020-01-07,1.7999999523162842,1.7999999523162842,1.7999999523162842,1.7999999523162842,1275176
2020-01-08,1.7999999523162842,1.7999999523162842,1.75,1.75,2004019
2020-01-09,1.7000000476837158,1.75,1.7000000476837158,1.7000000476837158,4540098
2020-01-10,1.649999976158142,1.75,1.649999976158142,1.75,2842565
2020-01-13,1.7999999523162842,1.7999999523162842,1.7999999523162842,1.7999999523162842,358663
2020-01-14,1.850000023841858,1.850000023841858,1.850000023841858,1.850000023841858,233675
2020-01-15,1.899999976158142,1.899999976158142,1.899999976158142,1.899999976158142,391330
2020-01-16,1.9500000476837158,1.9500000476837158,1.9500000476837158,1.9500000476837158,240410
2020-01-17,2.0,2.0,2.0,2.0,299688
2020-01-20,2.0999999046325684,2.0999999046325684,2.049999952316284,2.0999999046325684,4903195
2020-01-21,2.200000047683716,2.200000047683716,2.0,2.049999952316284,15769867
2020-01-22,2.0,2.049999952316284,1.9500000476837158,1.9500000476837158,5532807
2020-01-23,1.9500000476837158,2.0,1.899999976158142,1.9500000476837158,8833225
2020-01-24,1.9500000476837158,1.9500000476837158,1.899999976158142,1.899999976158142,5359512
2020-01-27,1.899999976158142,1.9500000476837158,1.850000023841858,1.9500000476837158,2887872
2020-01-28,2.0,2.0,1.899999976158142,2.0,4979275
2020-01-29,2.0999999046325684,2.0999999046325684,2.049999952316284,2.0999999046325684,1100342
2020-01-30,2.200000047683716,2.200000047683716,2.0999999046325684,2.200000047683716,7922601
2020-01-31,2.299999952316284,2.299999952316284,2.25,2.299999952316284,2447651
2020-02-03,2.200000047683716,2.200000047683716,2.0999999046325684,2.0999999046325684,2592914
2020-02-04,2.0,2.0999999046325684,2.0,2.0,2996127
2020-02-05,1.9500000476837158,2.0,1.899999976158142,1.899999976158142,3377378
2020-02-06,1.850000023841858,1.9500000476837158,1.850000023841858,1.899999976158142,2160362
2020-02-07,1.9500000476837158,1.9500000476837158,1.899999976158142,1.9500000476837158,2139634
2020-02-10,1.9500000476837158,2.0,1.899999976158142,1.899999976158142,2018574
2020-02-11,1.899999976158142,1.899999976158142,1.850000023841858,1.850000023841858,1079187
2020-02-12,1.7999999523162842,1.899999976158142,1.7999999523162842,1.7999999523162842,5985048
2020-02-13,1.75,1.75,1.75,1.75,469627
2020-02-14,1.7000000476837158,1.75,1.7000000476837158,1.7000000476837158,1533326
2020-02-17,1.649999976158142,1.649999976158142,1.649999976158142,1.649999976158142,200272
2020-02-18,1.600000023841858,1.600000023841858,1.600000023841858,1.600000023841858,333138
2020-02-19,1.5499999523162842,1.5499999523162842,1.5499999523162842,1.5499999523162842,574460
2020-02-20,1.5,1.5,1.5,1.5,295102
2020-02-24,1.4500000476837158,1.4500000476837158,1.4500000476837158,1.4500000476837158,299318
2020-02-25,1.399999976158142,1.399999976158142,1.399999976158142,1.399999976158142,327664
2020-02-26,1.350000023841858,1.350000023841858,1.350000023841858,1.350000023841858,498628
2020-02-27,1.2999999523162842,1.2999999523162842,1.2999999523162842,1.2999999523162842,1305084
2020-02-28,1.25,1.25,1.25,1.25,238481
2020-03-02,1.2000000476837158,1.2000000476837158,1.2000000476837158,1.2000000476837158,678491
2020-03-03,1.149999976158142,1.149999976158142,1.149999976158142,1.149999976158142,283011
2020-03-04,1.100000023841858,1.100000023841858,1.100000023841858,1.100000023841858,498363
2020-03-05,1.0499999523162842,1.0499999523162842,1.0499999523162842,1.0499999523162842,436894
2020-03-06,1.0,1.0,1.0,1.0,1205305
2020-03-09,0.949999988079071,0.949999988079071,0.949999988079071,0.949999988079071,701421
2020-03-11,0.8999999761581421,0.8999999761581421,0.8999999761581421,0.8999999761581421,2185692
2020-03-12,0.8500000238418579,0.8500000238418579,0.8500000238418579,0.8500000238418579,400733
2020-03-13,0.800000011920929,0.800000011920929,0.800000011920929,0.800000011920929,2560242
2020-03-16,0.75,0.800000011920929,0.75,0.75,42367419
2020-03-17,0.699999988079071,0.699999988079071,0.699999988079071,0.699999988079071,2377039
2020-03-18,0.6499999761581421,0.6499999761581421,0.6499999761581421,0.6499999761581421,1962662
2020-03-19,0.6000000238418579,0.6000000238418579,0.6000000238418579,0.6000000238418579,25975550
2020-03-20,0.550000011920929,0.550000011920929,0.550000011920929,0.550000011920929,5610168
2020-03-23,0.5,0.5,0.5,0.5,3285119
2020-03-24,0.44999998807907104,0.44999998807907104,0.44999998807907104,0.44999998807907104,4972005
2020-03-25,0.4000000059604645,0.4000000059604645,0.4000000059604645,0.4000000059604645,32574744
2020-03-26,0.3499999940395355,0.44999998807907104,0.3499999940395355,0.44999998807907104,61054679
2020-03-27,0.5,0.5,0.5,0.5,802745
2020-03-30,0.44999998807907104,0.550000011920929,0.44999998807907104,0.550000011920929,30290527
2020-03-31,0.6000000238418579,0.6000000238418579,0.550000011920929,0.6000000238418579,14091262
2020-04-01,0.6499999761581421,0.6499999761581421,0.6000000238418579,0.6499999761581421,15950587
2020-04-03,0.699999988079071,0.699999988079071,0.699999988079071,0.699999988079071,538624
2020-04-07,0.75,0.75,0.75,0.75,1650593
2020-04-08,0.800000011920929,0.800000011920929,0.800000011920929,0.800000011920929,2756613
2020-04-09,0.8500000238418579,0.8500000238418579,0.75,0.8500000238418579,29727614
2020-04-13,0.8999999761581421,0.8999999761581421,0.800000011920929,0.8500000238418579,12670748
2020-04-15,0.8500000238418579,0.8500000238418579,0.800000011920929,0.800000011920929,6967519
2020-04-16,0.75,0.75,0.75,0.75,2188132
2020-04-17,0.699999988079071,0.75,0.699999988079071,0.699999988079071,11394330
2020-04-20,0.699999988079071,0.75,0.6499999761581421,0.75,11221431
2020-04-21,0.800000011920929,0.800000011920929,0.699999988079071,0.75,3154282
2020-04-22,0.699999988079071,0.800000011920929,0.699999988079071,0.800000011920929,11103001
2020-04-23,0.800000011920929,0.800000011920929,0.75,0.75,11442403
2020-04-24,0.75,0.800000011920929,0.699999988079071,0.800000011920929,5820906
2020-04-27,0.800000011920929,0.8500000238418579,0.75,0.75,7753489
2020-04-28,0.75,0.75,0.699999988079071,0.75,4257544
2020-04-29,0.75,0.75,0.699999988079071,0.75,3040958
2020-04-30,0.75,0.75,0.699999988079071,0.699999988079071,4652224
2020-05-04,0.699999988079071,0.75,0.6499999761581421,0.75,2959319
2020-05-05,0.75,0.75,0.699999988079071,0.699999988079071,2771939
2020-05-06,0.699999988079071,0.75,0.699999988079071,0.75,1164607
2020-05-07,0.75,0.75,0.699999988079071,0.75,1480773
2020-05-08,0.75,0.75,0.699999988079071,0.75,2676961
2020-05-11,0.75,0.800000011920929,0.699999988079071,0.800000011920929,12139687
2020-05-12,0.8500000238418579,0.8500000238418579,0.800000011920929,0.8500000238418579,7256952
2020-05-13,0.8999999761581421,0.8999999761581421,0.8500000238418579,0.8999999761581421,7412784
2020-05-14,0.949999988079071,0.949999988079071,0.8999999761581421,0.949999988079071,5262591
2020-05-15,1.0,1.0,0.949999988079071,1.0,5666843
2020-05-18,1.0499999523162842,1.0499999523162842,0.949999988079071,0.949999988079071,10525267
2020-05-19,0.8999999761581421,0.949999988079071,0.8999999761581421,0.8999999761581421,3336691
2020-05-20,0.8500000238418579,0.949999988079071,0.8500000238418579,0.949999988079071,7486812
2020-05-21,1.0,1.0,0.8999999761581421,0.8999999761581421,11881311
2020-05-22,0.8999999761581421,0.8999999761581421,0.8500000238418579,0.8500000238418579,10992219
2020-05-26,0.8500000238418579,0.8999999761581421,0.800000011920929,0.800000011920929,12002679
2020-05-27,0.8500000238418579,0.8500000238418579,0.75,0.75,33454466
2020-05-28,0.800000011920929,0.800000011920929,0.699999988079071,0.800000011920929,10923307
2020-05-29,0.8500000238418579,0.8500000238418579,0.8500000238418579,0.8500000238418579,7069453
2020-06-01,0.8999999761581421,0.8999999761581421,0.8999999761581421,0.8999999761581421,3557827
2020-06-02,0.949999988079071,0.949999988079071,0.949999988079071,0.949999988079071,3997169
2020-06-03,1.0,1.0,1.0,1.0,4134215
2020-06-04,1.0499999523162842,1.0499999523162842,1.0499999523162842,1.0499999523162842,3081251
2020-06-05,1.100000023841858,1.100000023841858,1.100000023841858,1.100000023841858,693050
2020-06-08,1.149999976158142,1.149999976158142,1.149999976158142,1.149999976158142,3027092
2020-06-09,1.2000000476837158,1.2000000476837158,1.2000000476837158,1.2000000476837158,564040
2020-06-10,1.25,1.25,1.25,1.25,435848
2020-06-11,1.2999999523162842,1.2999999523162842,1.2000000476837158,1.2999999523162842,30145841
2020-06-12,1.350000023841858,1.350000023841858,1.2999999523162842,1.350000023841858,9024025
2020-06-15,1.399999976158142,1.399999976158142,1.399999976158142,1.399999976158142,268385
2020-06-16,1.4500000476837158,1.4500000476837158,1.4500000476837158,1.4500000476837158,1439301
2020-06-17,1.5,1.5,1.5,1.5,201898
2020-06-18,1.5499999523162842,1.5499999523162842,1.5499999523162842,1.5499999523162842,1197344
2020-06-19,1.600000023841858,1.600000023841858,1.600000023841858,1.600000023841858,156126
2020-06-22,1.649999976158142,1.649999976158142,1.649999976158142,1.649999976158142,130119
2020-06-23,1.7000000476837158,1.7000000476837158,1.7000000476837158,1.7000000476837158,432236
2020-06-24,1.75,1.75,1.75,1.75,450390
2020-06-25,1.7999999523162842,1.7999999523162842,1.7999999523162842,1.7999999523162842,345095
2020-06-26,1.850000023841858,1.850000023841858,1.850000023841858,1.850000023841858,180334
2020-06-29,1.899999976158142,1.899999976158142,1.899999976158142,1.899999976158142,647431
2020-06-30,1.9500000476837158,1.9500000476837158,1.9500000476837158,1.9500000476837158,177452
2020-07-01,2.0,2.0,2.0,2.0,1273874
2020-07-02,2.0999999046325684,2.0999999046325684,2.0999999046325684,2.0999999046325684,732271
2020-07-03,2.200000047683716,2.200000047683716,2.0,2.200000047683716,57061605
2020-07-06,2.25,2.299999952316284,2.0999999046325684,2.0999999046325684,41053337
2020-07-07,2.0,2.0,2.0,2.0,4008049
2020-07-08,1.899999976158142,1.899999976158142,1.899999976158142,1.899999976158142,3390329
2020-07-09,1.850000023841858,1.9500000476837158,1.850000023841858,1.9500000476837158,36364209
2020-07-10,2.0,2.0,2.0,2.0,2579502
2020-07-13,2.0999999046325684,2.0999999046325684,1.899999976158142,1.899999976158142,17686482
2020-07-14,1.850000023841858,1.850000023841858,1.850000023841858,1.850000023841858,2236771
2020-07-15,1.7999999523162842,1.850000023841858,1.7999999523162842,1.7999999523162842,9620753
2020-07-16,1.75,1.75,1.75,1.75,489560
2020-07-17,1.7000000476837158,1.7999999523162842,1.7000000476837158,1.7999999523162842,21342153
2020-07-20,1.850000023841858,1.850000023841858,1.850000023841858,1.850000023841858,2538287
2020-07-21,1.899999976158142,1.899999976158142,1.850000023841858,1.899999976158142,10479656
2020-07-22,1.9500000476837158,1.9500000476837158,1.9500000476837158,1.9500000476837158,781317
2020-07-23,2.0,2.0,2.0,2.0,853847
2020-07-24,2.0999999046325684,2.0999999046325684,1.9500000476837158,2.0,23309771
2020-07-27,1.9500000476837158,2.049999952316284,1.899999976158142,1.899999976158142,11150492
2020-07-28,1.9500000476837158,1.9500000476837158,1.9500000476837158,1.9500000476837158,2043075
2020-07-29,2.0,2.0,2.0,2.0,642698
2020-07-30,2.0999999046325684,2.0999999046325684,2.0999999046325684,2.0999999046325684,1049787
2020-07-31,2.200000047683716,2.200000047683716,2.200000047683716,2.200000047683716,1203954
2020-08-03,2.299999952316284,2.299999952316284,2.299999952316284,2.299999952316284,1078374
2020-08-04,2.4000000953674316,2.4000000953674316,2.4000000953674316,2.4000000953674316,594939
2020-08-05,2.5,2.5,2.5,2.5,448045
2020-08-06,2.5999999046325684,2.5999999046325684,2.5999999046325684,2.5999999046325684,1128126
2020-08-07,2.700000047683716,2.700000047683716,2.700000047683716,2.700000047683716,1003563
2020-08-10,2.799999952316284,2.799999952316284,2.799999952316284,2.799999952316284,975694
2020-08-11,2.9000000953674316,2.9000000953674316,2.700000047683716,2.9000000953674316,15235378
2020-08-12,2.9000000953674316,3.0,2.799999952316284,3.0,12935155
2020-08-13,3.0999999046325684,3.1500000953674316,3.0999999046325684,3.1500000953674316,1670627
2020-08-14,3.299999952316284,3.299999952316284,3.0,3.049999952316284,36824070
2020-08-17,3.1500000953674316,3.1500000953674316,2.9000000953674316,2.9000000953674316,11204704
2020-08-18,2.799999952316284,2.799999952316284,2.799999952316284,2.799999952316284,1606995
2020-08-19,2.700000047683716,2.9000000953674316,2.700000047683716,2.9000000953674316,8603230
2020-08-20,3.0,3.0,3.0,3.0,3148774
2020-08-21,2.9000000953674316,3.049999952316284,2.8499999046325684,2.8499999046325684,28688374
2020-08-24,2.9000000953674316,2.950000047683716,2.75,2.950000047683716,12869679
2020-08-25,3.049999952316284,3.049999952316284,2.9000000953674316,3.049999952316284,21872924
2020-08-26,3.049999952316284,3.0999999046325684,2.950000047683716,3.0,14943429
2020-08-27,3.0,3.0,2.8499999046325684,2.8499999046325684,21133947
2020-08-28,2.8499999046325684,2.8499999046325684,2.75,2.75,11084983
2020-08-31,2.799999952316284,2.8499999046325684,2.6500000953674316,2.6500000953674316,17839122
2020-09-01,2.549999952316284,2.700000047683716,2.549999952316284,2.549999952316284,14291520
2020-09-02,2.549999952316284,2.549999952316284,2.450000047683716,2.450000047683716,10853554
2020-09-03,2.450000047683716,2.549999952316284,2.3499999046325684,2.549999952316284,26485406
2020-09-04,2.5999999046325684,2.6500000953674316,2.450000047683716,2.6500000953674316,21499589
2020-09-07,2.75,2.75,2.6500000953674316,2.75,5459496
2020-09-08,2.8499999046325684,2.8499999046325684,2.75,2.799999952316284,5791895
2020-09-09,2.799999952316284,2.8499999046325684,2.700000047683716,2.700000047683716,8288036
2020-09-10,2.700000047683716,2.799999952316284,2.700000047683716,2.700000047683716,7854699
2020-09-11,2.700000047683716,2.75,2.5999999046325684,2.6500000953674316,11150765
2020-09-14,2.6500000953674316,2.75,2.6500000953674316,2.700000047683716,10391985
2020-09-15,2.700000047683716,2.700000047683716,2.5999999046325684,2.5999999046325684,5911809
2020-09-16,2.6500000953674316,2.6500000953674316,2.5,2.549999952316284,9546632
2020-09-17,2.5999999046325684,2.5999999046325684,2.5,2.549999952316284,5006478
2020-09-18,2.5999999046325684,2.5999999046325684,2.450000047683716,2.5,5557243
2020-09-21,2.5,2.5,2.4000000953674316,2.4000000953674316,10701183
2020-09-22,2.3499999046325684,2.3499999046325684,2.299999952316284,2.299999952316284,1383304
2020-09-23,2.200000047683716,2.299999952316284,2.200000047683716,2.200000047683716,8063704
2020-09-24,2.0999999046325684,2.200000047683716,2.0999999046325684,2.0999999046325684,8185983
2020-09-25,2.0999999046325684,2.200000047683716,2.049999952316284,2.200000047683716,5002645
2020-09-28,2.299999952316284,2.299999952316284,2.25,2.299999952316284,2219427
2020-09-29,2.4000000953674316,2.4000000953674316,2.299999952316284,2.4000000953674316,10374259
2020-09-30,2.5,2.5,2.4000000953674316,2.4000000953674316,15418601
2020-10-01,2.450000047683716,2.450000047683716,2.299999952316284,2.3499999046325684,5105870
2020-10-05,2.4000000953674316,2.450000047683716,2.3499999046325684,2.450000047683716,3467016
2020-10-06,2.549999952316284,2.549999952316284,2.450000047683716,2.549999952316284,13399064
2020-10-07,2.5999999046325684,2.6500000953674316,2.450000047683716,2.5,4518104
2020-10-08,2.5,2.5999999046325684,2.4000000953674316,2.450000047683716,5909452
2020-10-09,2.5,2.549999952316284,2.450000047683716,2.5,4515883
2020-10-12,2.549999952316284,2.549999952316284,2.3499999046325684,2.3499999046325684,3572013
2020-10-13,2.3499999046325684,2.4000000953674316,2.299999952316284,2.3499999046325684,1718417
2020-10-14,2.3499999046325684,2.4000000953674316,2.299999952316284,2.299999952316284,6062952
2020-10-15,2.3499999046325684,2.4000000953674316,2.299999952316284,2.3499999046325684,4119323
2020-10-16,2.3499999046325684,2.4000000953674316,2.25,2.299999952316284,3518953
2020-10-19,2.3499999046325684,2.3499999046325684,2.200000047683716,2.25,2491885
2020-10-20,2.299999952316284,2.450000047683716,2.25,2.450000047683716,3516218
2020-10-21,2.5,2.5999999046325684,2.4000000953674316,2.5,9169876
2020-10-22,2.450000047683716,2.5,2.3499999046325684,2.4000000953674316,7247602
2020-10-23,2.450000047683716,2.5999999046325684,2.4000000953674316,2.5999999046325684,21442048
2020-10-26,2.700000047683716,2.700000047683716,2.450000047683716,2.5,14300993
2020-10-27,2.5,2.5,2.4000000953674316,2.4000000953674316,3576325
2020-10-28,2.450000047683716,2.450000047683716,2.299999952316284,2.3499999046325684,3471136
2020-10-29,2.299999952316284,2.3499999046325684,2.25,2.299999952316284,4731396
2020-10-30,2.3499999046325684,2.3499999046325684,2.25,2.299999952316284,2415150
2020-11-02,2.299999952316284,2.3499999046325684,2.25,2.25,3003211
2020-11-03,2.299999952316284,2.4000000953674316,2.25,2.3499999046325684,5600201
2020-11-04,2.3499999046325684,2.450000047683716,2.299999952316284,2.4000000953674316,2751962
2020-11-05,2.450000047683716,2.5999999046325684,2.450000047683716,2.5,15690363
2020-11-06,2.5,2.5999999046325684,2.450000047683716,2.549999952316284,4754235
2020-11-09,2.75,2.799999952316284,2.450000047683716,2.5,26351557
2020-11-10,2.5,2.5,2.3499999046325684,2.4000000953674316,8458400
2020-11-11,2.4000000953674316,2.450000047683716,2.299999952316284,2.299999952316284,6110399
2020-11-12,2.3499999046325684,2.4000000953674316,2.25,2.3499999046325684,8526208
2020-11-13,2.299999952316284,2.3499999046325684,2.25,2.299999952316284,8073901
2020-11-14,2.3499999046325684,2.4000000953674316,2.299999952316284,2.3499999046325684,3060854
2020-11-17,2.3499999046325684,2.450000047683716,2.25,2.299999952316284,14279972
2020-11-18,2.299999952316284,2.450000047683716,2.200000047683716,2.3499999046325684,24360664
2020-11-19,2.4000000953674316,2.5,2.299999952316284,2.3499999046325684,14664267
2020-11-20,2.4000000953674316,2.549999952316284,2.3499999046325684,2.5,27057378
2020-11-23,2.5,2.5999999046325684,2.4000000953674316,2.5,12526487
2020-11-24,2.5,2.549999952316284,2.450000047683716,2.450000047683716,3297960
2020-11-25,2.450000047683716,2.5,2.299999952316284,2.4000000953674316,10908539
2020-11-26,2.4000000953674316,2.4000000953674316,2.299999952316284,2.3499999046325684,5052697
2020-11-27,2.4000000953674316,2.4000000953674316,2.299999952316284,2.3499999046325684,5308507
2020-12-01,2.3499999046325684,2.4000000953674316,2.25,2.3499999046325684,8948448
2020-12-02,2.3499999046325684,2.4000000953674316,2.299999952316284,2.3499999046325684,4812841
2020-12-03,2.3499999046325684,2.5,2.299999952316284,2.450000047683716,17449689
2020-12-04,2.549999952316284,2.6500000953674316,2.450000047683716,2.6500000953674316,33045174
2020-12-07,2.799999952316284,3.1500000953674316,2.75,3.1500000953674316,58478184
2020-12-08,3.299999952316284,3.75,3.25,3.3499999046325684,122591752
2020-12-09,3.450000047683716,3.5,3.0,3.0999999046325684,28600681
2020-12-10,3.0999999046325684,3.299999952316284,3.0,3.25,26377936
2020-12-11,3.4000000953674316,3.9000000953674316,3.3499999046325684,3.9000000953674316,117867850
2020-12-14,4.150000095367432,4.25,4.0,4.099999904632568,116279644
2020-12-15,3.950000047683716,3.950000047683716,3.700000047683716,3.700000047683716,22397712
2020-12-16,3.549999952316284,3.5999999046325684,3.3499999046325684,3.3499999046325684,59946432
2020-12-17,3.200000047683716,3.6500000953674316,3.200000047683716,3.549999952316284,64008893
2020-12-18,3.5999999046325684,3.700000047683716,3.25,3.3499999046325684,34258747
2020-12-21,3.4000000953674316,3.4000000953674316,3.049999952316284,3.049999952316284,30053242
2020-12-22,2.950000047683716,3.200000047683716,2.9000000953674316,3.200000047683716,26856512
2020-12-23,3.200000047683716,3.3499999046325684,3.1500000953674316,3.25,24973106
2020-12-24,3.299999952316284,3.3499999046325684,3.0999999046325684,3.1500000953674316,21249301
2020-12-28,3.200000047683716,3.299999952316284,3.0999999046325684,3.299999952316284,42946915
2020-12-29,3.3499999046325684,3.4000000953674316,3.1500000953674316,3.200000047683716,28737190
2020-12-30,3.200000047683716,3.200000047683716,3.0999999046325684,3.200000047683716,13404379
2020-12-31,3.200000047683716,3.25,3.1500000953674316,3.200000047683716,13171515
2021-01-01,3.25,3.3499999046325684,3.200000047683716,3.299999952316284,21597167
2021-01-04,3.3499999046325684,3.4000000953674316,3.200000047683716,3.299999952316284,17607991
2021-01-05,3.299999952316284,3.4000000953674316,3.200000047683716,3.299999952316284,24513741
2021-01-06,3.3499999046325684,3.4000000953674316,3.1500000953674316,3.25,42471546
2021-01-07,3.3499999046325684,3.4000000953674316,3.299999952316284,3.3499999046325684,43215380
2021-01-08,3.4000000953674316,3.5,3.200000047683716,3.299999952316284,34728223
2021-01-11,3.3499999046325684,3.3499999046325684,3.1500000953674316,3.25,17040729
2021-01-12,3.299999952316284,3.299999952316284,3.200000047683716,3.200000047683716,8228053
2021-01-13,3.25,3.299999952316284,3.0999999046325684,3.1500000953674316,17029070
2021-01-14,3.200000047683716,3.200000047683716,3.049999952316284,3.0999999046325684,12538760
2021-01-15,3.0999999046325684,3.0999999046325684,2.950000047683716,3.0,23028033
2021-01-18,3.0,3.049999952316284,2.9000000953674316,2.950000047683716,12852868
2021-01-19,2.950000047683716,3.049999952316284,2.950000047683716,3.049999952316284,8908950
2021-01-20,3.049999952316284,3.0999999046325684,2.9000000953674316,3.0,17287429
2021-01-21,3.049999952316284,3.0999999046325684,2.9000000953674316,2.950000047683716,8555114
2021-01-22,2.950000047683716,2.950000047683716,2.8499999046325684,2.8499999046325684,20631083
2021-01-25,2.8499999046325684,2.9000000953674316,2.75,2.799999952316284,14498452
2021-01-27,2.799999952316284,2.9000000953674316,2.75,2.9000000953674316,8218626
2021-01-28,3.0,3.0,2.9000000953674316,3.0,15204730
2021-01-29,2.8499999046325684,2.9000000953674316,2.8499999046325684,2.8499999046325684,7830578
2021-02-01,2.75,2.8499999046325684,2.75,2.75,47181649
2021-02-02,2.75,2.8499999046325684,2.700000047683716,2.8499999046325684,14036817
2021-02-03,2.9000000953674316,2.950000047683716,2.8499999046325684,2.8499999046325684,18167638
2021-02-04,2.8499999046325684,2.9000000953674316,2.75,2.799999952316284,9540718
2021-02-05,2.799999952316284,2.8499999046325684,2.700000047683716,2.75,9719331
2021-02-08,2.6500000953674316,2.700000047683716,2.5999999046325684,2.5999999046325684,21922784
2021-02-09,2.5999999046325684,2.6500000953674316,2.450000047683716,2.5,14934412
2021-02-10,2.5,2.5,2.4000000953674316,2.4000000953674316,10542172
2021-02-11,2.450000047683716,2.5999999046325684,2.4000000953674316,2.5999999046325684,23011508
2021-02-12,2.5999999046325684,2.75,2.549999952316284,2.75,16895862
2021-02-15,3.0,3.0,3.0,3.0,8655427
2021-02-16,3.299999952316284,3.299999952316284,3.0999999046325684,3.299999952316284,90148618
2021-02-17,3.4000000953674316,3.4000000953674316,3.1500000953674316,3.1500000953674316,29810742
2021-02-18,3.049999952316284,3.0999999046325684,3.0,3.0,13841497
2021-02-19,2.8499999046325684,3.0,2.8499999046325684,2.8499999046325684,28037378
2021-02-22,2.75,2.8499999046325684,2.75,2.75,15327497
2021-02-23,2.700000047683716,2.8499999046325684,2.6500000953674316,2.8499999046325684,11930694
2021-02-24,2.9000000953674316,2.9000000953674316,2.799999952316284,2.8499999046325684,6872741
2021-02-25,2.8499999046325684,2.9000000953674316,2.75,2.799999952316284,12123135
2021-02-26,2.75,2.8499999046325684,2.75,2.75,9892931
2021-03-01,2.799999952316284,2.8499999046325684,2.75,2.8499999046325684,7030140
2021-03-02,2.950000047683716,2.950000047683716,2.9000000953674316,2.950000047683716,12650710
2021-03-03,3.049999952316284,3.049999952316284,2.950000047683716,3.0,23366490
2021-03-04,3.0,3.049999952316284,2.9000000953674316,2.950000047683716,21314109
2021-03-05,2.950000047683716,3.049999952316284,2.9000000953674316,2.9000000953674316,11201525
2021-03-08,2.9000000953674316,2.950000047683716,2.8499999046325684,2.9000000953674316,6104970
2021-03-09,2.8499999046325684,2.950000047683716,2.799999952316284,2.8499999046325684,8441124
2021-03-10,2.8499999046325684,2.9000000953674316,2.799999952316284,2.799999952316284,9757040
2021-03-12,2.799999952316284,2.9000000953674316,2.700000047683716,2.75,33814285
2021-03-15,2.75,2.75,2.700000047683716,2.700000047683716,7692513
2021-03-16,2.75,2.799999952316284,2.700000047683716,2.700000047683716,14204412
2021-03-17,2.75,2.799999952316284,2.5999999046325684,2.6500000953674316,15280893
2021-03-18,2.6500000953674316,2.700000047683716,2.549999952316284,2.549999952316284,11214243
2021-03-19,2.5,2.5999999046325684,2.450000047683716,2.549999952316284,21107354
2021-03-22,2.6500000953674316,2.6500000953674316,2.6500000953674316,2.6500000953674316,3917901
2021-03-23,2.75,2.75,2.75,2.75,1201990
2021-03-24,2.8499999046325684,2.8499999046325684,2.799999952316284,2.8499999046325684,45556977
2021-03-25,2.950000047683716,2.950000047683716,2.799999952316284,2.950000047683716,44212049
2021-03-26,2.950000047683716,3.049999952316284,2.8499999046325684,3.049999952316284,42584394
2021-03-30,3.1500000953674316,3.200000047683716,3.0999999046325684,3.0999999046325684,38910350
2021-03-31,3.0999999046325684,3.25,3.049999952316284,3.25,43263887
2021-04-01,3.3499999046325684,3.4000000953674316,3.299999952316284,3.4000000953674316,60226830
2021-04-05,3.549999952316284,3.549999952316284,3.25,3.25,56218421
2021-04-06,3.1500000953674316,3.200000047683716,3.0999999046325684,3.0999999046325684,41975975
2021-04-07,3.0999999046325684,3.200000047683716,3.0,3.200000047683716,25171005
2021-04-08,3.25,3.4000000953674316,3.1500000953674316,3.200000047683716,47307290
2021-04-09,3.200000047683716,3.299999952316284,3.1500000953674316,3.200000047683716,21577038
2021-04-12,3.1500000953674316,3.1500000953674316,2.9000000953674316,2.950000047683716,36876691
2021-04-13,2.950000047683716,3.0,2.799999952316284,2.950000047683716,21880026
2021-04-15,3.0,3.200000047683716,3.0,3.200000047683716,37879253
2021-04-16,3.299999952316284,3.3499999046325684,3.0999999046325684,3.0999999046325684,19736547
2021-04-19,2.950000047683716,3.0,2.8499999046325684,2.9000000953674316,14578660
2021-04-20,2.950000047683716,3.0999999046325684,2.9000000953674316,2.950000047683716,16502082
2021-04-22,2.950000047683716,3.0,2.8499999046325684,3.0,13282527
2021-04-23,3.0,3.049999952316284,2.9000000953674316,2.950000047683716,12477094
2021-04-26,2.950000047683716,3.0,2.9000000953674316,2.9000000953674316,7869181
2021-04-27,2.950000047683716,3.0,2.9000000953674316,2.9000000953674316,12398538
2021-04-28,2.950000047683716,3.0,2.8499999046325684,2.9000000953674316,11524668
2021-04-29,2.950000047683716,3.1500000953674316,2.8499999046325684,3.1500000953674316,34244866
2021-04-30,3.0999999046325684,3.25,3.0,3.1500000953674316,31028156
2021-05-03,3.0999999046325684,3.1500000953674316,3.0,3.0999999046325684,13574719
2021-05-04,3.1500000953674316,3.200000047683716,3.0,3.049999952316284,11837030
2021-05-05,3.0999999046325684,3.0999999046325684,2.950000047683716,3.0,9332178
2021-05-06,3.049999952316284,3.049999952316284,2.950000047683716,3.0,9286711
2021-05-07,3.049999952316284,3.049999952316284,2.950000047683716,3.0,13387181
2021-05-10,3.049999952316284,3.299999952316284,3.0,3.299999952316284,72492375
2021-05-11,3.299999952316284,3.5999999046325684,3.200000047683716,3.5999999046325684,78524438
2021-05-12,3.799999952316284,3.950000047683716,3.5,3.950000047683716,193633095
2021-05-14,4.099999904632568,4.099999904632568,3.799999952316284,3.9000000953674316,142130225
2021-05-17,3.950000047683716,4.050000190734863,3.8499999046325684,3.9000000953674316,66664842
2021-05-18,3.950000047683716,3.950000047683716,3.75,3.75,31299884
2021-05-19,3.700000047683716,3.75,3.5999999046325684,3.5999999046325684,23696506
2021-05-20,3.549999952316284,3.5999999046325684,3.450000047683716,3.450000047683716,29095030
2021-05-21,3.4000000953674316,3.5999999046325684,3.299999952316284,3.5999999046325684,43607854
2021-05-24,3.75,3.75,3.6500000953674316,3.75,35949009
2021-05-25,3.8499999046325684,3.9000000953674316,3.799999952316284,3.9000000953674316,23479938
2021-05-26,4.050000190734863,4.050000190734863,3.8499999046325684,4.050000190734863,99639177
2021-05-27,4.050000190734863,4.050000190734863,3.8499999046325684,3.950000047683716,51782837
2021-05-28,3.950000047683716,3.950000047683716,3.799999952316284,3.9000000953674316,30977555
2021-05-31,3.9000000953674316,3.9000000953674316,3.75,3.799999952316284,21111234
2021-06-01,3.799999952316284,3.9000000953674316,3.700000047683716,3.75,19430920
2021-06-02,3.799999952316284,3.9000000953674316,3.700000047683716,3.9000000953674316,83207187
2021-06-03,3.950000047683716,4.050000190734863,3.799999952316284,3.8499999046325684,80230514
2021-06-04,3.9000000953674316,3.950000047683716,3.799999952316284,3.9000000953674316,26964859
2021-06-07,3.950000047683716,4.099999904632568,3.8499999046325684,3.9000000953674316,82259684
2021-06-08,3.9000000953674316,3.950000047683716,3.799999952316284,3.8499999046325684,31875103
2021-06-09,3.9000000953674316,4.199999809265137,3.8499999046325684,4.199999809265137,222363926
2021-06-10,4.5,4.599999904632568,4.449999809265137,4.599999904632568,53276800
2021-06-11,5.050000190734863,5.050000190734863,4.349999904632568,5.0,426211649
2021-06-14,4.900000095367432,5.099999904632568,4.75,4.900000095367432,194055840
2021-06-15,5.099999904632568,5.099999904632568,5.099999904632568,5.099999904632568,25051562
2021-06-16,5.25,5.349999904632568,5.150000095367432,5.349999904632568,197412834
2021-06-17,5.599999904632568,5.599999904632568,5.599999904632568,5.599999904632568,20448693
2021-06-18,5.849999904632568,5.849999904632568,5.349999904632568,5.849999904632568,256683612
2021-06-21,6.050000190734863,6.099999904632568,5.900000095367432,6.099999904632568,22184430
2021-06-22,6.400000095367432,6.400000095367432,6.25,6.400000095367432,93679817
2021-06-23,6.400000095367432,6.550000190734863,6.099999904632568,6.099999904632568,262766614
2021-06-24,5.900000095367432,5.900000095367432,5.800000190734863,5.800000190734863,31152354
2021-06-25,5.550000190734863,5.550000190734863,5.550000190734863,5.550000190734863,20201566
2021-06-28,5.449999809265137,5.800000190734863,5.300000190734863,5.300000190734863,195094300
2021-06-29,5.400000095367432,5.550000190734863,5.349999904632568,5.550000190734863,58357837
2021-06-30,5.75,5.800000190734863,5.5,5.650000095367432,98964996
2021-07-01,5.75,5.849999904632568,5.400000095367432,5.5,79085697
2021-07-02,5.550000190734863,5.75,5.5,5.75,83702951
2021-07-05,6.0,6.0,6.0,6.0,10276964
2021-07-06,6.300000190734863,6.300000190734863,5.849999904632568,6.0,137555541
2021-07-07,6.099999904632568,6.150000095367432,5.699999809265137,5.75,86171615
2021-07-08,5.849999904632568,6.0,5.800000190734863,6.0,67488315
2021-07-09,6.050000190734863,6.300000190734863,5.900000095367432,6.300000190734863,93427119
2021-07-12,6.550000190734863,6.599999904632568,6.300000190734863,6.599999904632568,108979527
2021-07-13,6.849999904632568,6.849999904632568,6.300000190734863,6.300000190734863,133862896
2021-07-14,6.199999809265137,6.599999904632568,6.099999904632568,6.150000095367432,76670601
2021-07-15,6.25,6.25,5.849999904632568,6.0,53384380
2021-07-16,5.900000095367432,6.150000095367432,5.75,5.849999904632568,45266571
2021-07-19,5.800000190734863,6.099999904632568,5.75,6.099999904632568,64255685
2021-07-20,6.099999904632568,6.199999809265137,5.800000190734863,5.800000190734863,58073109
2021-07-22,5.800000190734863,5.849999904632568,5.550000190734863,5.550000190734863,44130012
2021-07-23,5.5,5.599999904632568,5.300000190734863,5.300000190734863,45441548
2021-07-26,5.150000095367432,5.5,5.099999904632568,5.400000095367432,67332142
2021-07-27,5.449999809265137,5.5,5.150000095367432,5.150000095367432,53609198
2021-07-28,5.099999904632568,5.150000095367432,4.900000095367432,4.900000095367432,73403659
2021-07-29,4.849999904632568,4.900000095367432,4.699999809265137,4.699999809265137,61294490
2021-07-30,4.550000190734863,4.900000095367432,4.550000190734863,4.900000095367432,116936608
2021-08-02,4.949999809265137,5.099999904632568,4.949999809265137,5.099999904632568,34433758
2021-08-03,5.300000190734863,5.349999904632568,5.25,5.349999904632568,36421401
2021-08-04,5.5,5.599999904632568,5.099999904632568,5.099999904632568,70132129
2021-08-05,5.0,5.099999904632568,4.849999904632568,4.849999904632568,49952525
2021-08-06,4.849999904632568,5.050000190734863,4.800000190734863,5.050000190734863,43711616
2021-08-09,4.849999904632568,4.900000095367432,4.800000190734863,4.800000190734863,25749973
2021-08-10,4.599999904632568,4.599999904632568,4.599999904632568,4.599999904632568,5982527
2021-08-11,4.400000095367432,4.400000095367432,4.400000095367432,4.400000095367432,6595665
2021-08-12,4.300000190734863,4.599999904632568,4.199999809265137,4.599999904632568,141282222
2021-08-13,4.650000095367432,4.699999809265137,4.400000095367432,4.400000095367432,61988585
2021-08-16,4.349999904632568,4.349999904632568,4.199999809265137,4.199999809265137,49518531
2021-08-17,4.150000095367432,4.150000095367432,4.0,4.0,55114830
2021-08-18,4.0,4.050000190734863,3.799999952316284,3.799999952316284,97486791
2021-08-20,3.6500000953674316,3.700000047683716,3.6500000953674316,3.6500000953674316,46568027
2021-08-23,3.6500000953674316,3.799999952316284,3.5,3.5,72901792
2021-08-24,3.5,3.6500000953674316,3.3499999046325684,3.6500000953674316,46560928
2021-08-25,3.799999952316284,3.799999952316284,3.75,3.799999952316284,9134908
2021-08-26,3.950000047683716,3.950000047683716,3.9000000953674316,3.950000047683716,25922357
2021-08-27,4.0,4.099999904632568,3.9000000953674316,4.099999904632568,56531177
2021-08-30,4.099999904632568,4.300000190734863,4.099999904632568,4.199999809265137,33705759
2021-08-31,4.199999809265137,4.199999809265137,4.0,4.0,25274849
2021-09-01,4.0,4.099999904632568,3.8499999046325684,3.950000047683716,18897091
2021-09-02,4.0,4.099999904632568,3.950000047683716,4.099999904632568,21906301
2021-09-03,4.099999904632568,4.199999809265137,3.950000047683716,4.0,16639766
2021-09-06,4.050000190734863,4.099999904632568,3.950000047683716,3.950000047683716,12134727
2021-09-07,4.0,4.050000190734863,3.9000000953674316,3.950000047683716,18286345
2021-09-08,3.950000047683716,4.050000190734863,3.950000047683716,4.0,10706547
2021-09-09,4.0,4.199999809265137,3.950000047683716,4.050000190734863,27465162
2021-09-13,4.099999904632568,4.099999904632568,3.950000047683716,4.0,8979125
2021-09-14,4.050000190734863,4.199999809265137,4.0,4.199999809265137,27905250
2021-09-15,4.349999904632568,4.400000095367432,4.300000190734863,4.400000095367432,6757798
2021-09-16,4.599999904632568,4.599999904632568,4.199999809265137,4.349999904632568,50941150
2021-09-17,4.349999904632568,4.5,4.150000095367432,4.349999904632568,51587094
2021-09-20,4.300000190734863,4.400000095367432,4.25,4.25,19414349
2021-09-21,4.25,4.449999809265137,4.050000190734863,4.349999904632568,31213813
2021-09-22,4.400000095367432,4.449999809265137,4.300000190734863,4.349999904632568,6831460
2021-09-23,4.349999904632568,4.400000095367432,4.150000095367432,4.199999809265137,26737929
2021-09-24,4.199999809265137,4.400000095367432,4.099999904632568,4.300000190734863,72280923
2021-09-27,4.349999904632568,4.5,4.199999809265137,4.25,24756265
2021-09-28,4.300000190734863,4.300000190734863,4.150000095367432,4.199999809265137,12652910
2021-09-29,4.199999809265137,4.400000095367432,4.150000095367432,4.400000095367432,39432827
2021-09-30,4.550000190734863,4.550000190734863,4.25,4.349999904632568,36591327
2021-10-01,4.300000190734863,4.300000190734863,4.150000095367432,4.199999809265137,67355191
2021-10-04,4.25,4.400000095367432,4.25,4.349999904632568,132297216
2021-10-05,4.400000095367432,4.449999809265137,4.25,4.25,55453764
2021-10-06,4.300000190734863,4.400000095367432,4.199999809265137,4.25,61782844
2021-10-07,4.400000095367432,4.650000095367432,4.25,4.349999904632568,132062031
2021-10-08,4.5,5.199999809265137,4.449999809265137,5.199999809265137,251006497
2021-10-11,5.699999809265137,5.900000095367432,5.349999904632568,5.400000095367432,397804495
2021-10-12,5.400000095367432,5.550000190734863,4.900000095367432,5.150000095367432,179258774
2021-10-13,5.300000190734863,6.0,5.25,5.550000190734863,259575389
2021-10-14,5.800000190734863,5.900000095367432,5.400000095367432,5.449999809265137,141627785
2021-10-18,5.5,5.75,5.300000190734863,5.650000095367432,139323397
2021-10-19,5.75,6.0,5.150000095367432,5.300000190734863,131610920
2021-10-20,5.25,5.449999809265137,4.949999809265137,5.150000095367432,73234091
2021-10-21,5.300000190734863,5.349999904632568,4.949999809265137,5.050000190734863,57537018
2021-10-22,5.099999904632568,5.150000095367432,4.800000190734863,4.900000095367432,60516516
2021-10-25,4.900000095367432,4.900000095367432,4.550000190734863,4.699999809265137,85782386
2021-10-26,4.75,5.0,4.599999904632568,4.75,71511284
2021-10-27,4.800000190734863,4.800000190734863,4.550000190734863,4.599999904632568,44533644
2021-10-28,4.650000095367432,4.650000095367432,4.25,4.400000095367432,75269286
2021-10-29,4.400000095367432,4.449999809265137,4.25,4.400000095367432,41362278
2021-11-01,4.449999809265137,4.699999809265137,4.25,4.599999904632568,61773825
2021-11-02,4.699999809265137,4.949999809265137,4.550000190734863,4.900000095367432,46996366
2021-11-03,4.949999809265137,4.949999809265137,4.699999809265137,4.699999809265137,28201322
2021-11-04,4.800000190734863,4.849999904632568,4.75,4.800000190734863,9537691
2021-11-08,4.849999904632568,4.900000095367432,4.75,4.800000190734863,19421307
2021-11-09,4.800000190734863,4.900000095367432,4.75,4.800000190734863,17817573
2021-11-10,4.75,4.849999904632568,4.699999809265137,4.75,13168179
2021-11-11,4.75,4.75,4.550000190734863,4.650000095367432,21943511
2021-11-12,4.699999809265137,4.800000190734863,4.599999904632568,4.699999809265137,16027357
2021-11-15,4.099999904632568,4.449999809265137,4.099999904632568,4.300000190734863,70390651
2021-11-16,4.349999904632568,4.599999904632568,4.300000190734863,4.5,29394301
2021-11-17,4.5,4.599999904632568,4.349999904632568,4.400000095367432,25668251
2021-11-18,4.400000095367432,4.5,4.300000190734863,4.349999904632568,21239618
2021-11-22,4.400000095367432,4.400000095367432,4.150000095367432,4.199999809265137,28098395
2021-11-23,4.150000095367432,4.449999809265137,4.099999904632568,4.400000095367432,34974125
2021-11-24,4.449999809265137,4.800000190734863,4.349999904632568,4.550000190734863,66746264
2021-11-25,4.650000095367432,4.849999904632568,4.599999904632568,4.800000190734863,45313719
2021-11-26,4.699999809265137,5.150000095367432,4.550000190734863,4.75,125398813
2021-11-29,4.800000190734863,4.849999904632568,4.300000190734863,4.400000095367432,69769776
2021-11-30,4.400000095367432,4.599999904632568,4.349999904632568,4.5,29534732
2021-12-01,4.550000190734863,4.699999809265137,4.400000095367432,4.449999809265137,37049021
2021-12-02,4.5,4.599999904632568,4.449999809265137,4.449999809265137,22542259
2021-12-03,4.5,4.800000190734863,4.449999809265137,4.599999904632568,72073339
2021-12-06,4.599999904632568,4.75,4.5,4.550000190734863,38377350
2021-12-07,4.699999809265137,4.800000190734863,4.650000095367432,4.650000095367432,30956138
2021-12-08,4.75,5.099999904632568,4.699999809265137,4.949999809265137,116134403
2021-12-09,5.050000190734863,5.900000095367432,4.900000095367432,5.800000190734863,335641175
2021-12-10,5.900000095367432,5.949999809265137,5.349999904632568,5.5,169285396
2021-12-13,5.75,6.300000190734863,5.650000095367432,5.949999809265137,212788156
2021-12-14,6.0,6.150000095367432,5.599999904632568,5.800000190734863,121282644
2021-12-15,5.849999904632568,5.949999809265137,5.599999904632568,5.650000095367432,61733228
2021-12-16,5.75,5.800000190734863,5.199999809265137,5.349999904632568,83512272
2021-12-17,5.449999809265137,5.449999809265137,5.0,5.099999904632568,59665646
2021-12-20,5.099999904632568,5.099999904632568,4.75,4.849999904632568,72003433
2021-12-21,4.949999809265137,5.199999809265137,4.849999904632568,5.0,60762783
2021-12-22,5.099999904632568,6.0,5.050000190734863,5.75,263932222
2021-12-23,5.800000190734863,5.900000095367432,5.5,5.599999904632568,89259595
2021-12-24,5.650000095367432,5.75,5.400000095367432,5.599999904632568,64255644
2021-12-27,5.599999904632568,6.099999904632568,5.400000095367432,5.900000095367432,191686217
2021-12-28,6.0,6.650000095367432,5.949999809265137,6.400000095367432,393208473
2021-12-29,6.400000095367432,6.75,5.75,6.050000190734863,277987827
2021-12-30,6.099999904632568,6.150000095367432,5.900000095367432,5.949999809265137,68046036
2021-12-31,6.050000190734863,6.449999809265137,6.0,6.199999809265137,106251187
2022-01-03,6.349999904632568,7.349999904632568,6.349999904632568,7.25,473949788
2022-01-04,7.449999809265137,8.0,7.0,7.349999904632568,396866566
2022-01-05,7.449999809265137,7.449999809265137,6.900000095367432,7.099999904632568,156591024
2022-01-06,7.0,8.100000381469727,6.849999904632568,7.900000095367432,321546242
2022-01-07,8.0,8.75,8.0,8.449999809265137,430177541
2022-01-10,8.699999809265137,9.25,8.600000381469727,9.25,345629442
2022-01-11,9.800000190734863,10.149999618530273,9.149999618530273,10.149999618530273,545381438
2022-01-12,10.649999618530273,11.149999618530273,9.199999809265137,10.350000381469727,789172845
2022-01-13,10.350000381469727,10.350000381469727,9.449999809265137,9.800000190734863,295569554
2022-01-14,9.649999618530273,10.300000190734863,9.300000190734863,9.899999618530273,218183534
2022-01-17,9.899999618530273,10.350000381469727,9.899999618530273,10.050000190734863,149078534
2022-01-18,10.149999618530273,10.25,9.5,9.550000190734863,141108756
2022-01-19,9.5,9.5,8.800000190734863,9.149999618530273,153616680
2022-01-20,9.199999809265137,10.050000190734863,9.199999809265137,10.0,205447607
2022-01-21,10.0,10.100000381469727,9.5,9.600000381469727,144365680
2022-01-24,9.449999809265137,9.5,8.649999618530273,8.800000190734863,184605790
2022-01-25,8.449999809265137,9.149999618530273,8.100000381469727,9.050000190734863,157211819
2022-01-27,8.899999618530273,9.399999618530273,8.699999809265137,9.25,140855966
2022-01-28,9.350000381469727,9.550000190734863,9.050000190734863,9.100000381469727,70913683
2022-01-31,9.300000190734863,9.5,8.949999809265137,9.050000190734863,80910755
2022-02-01,9.25,9.399999618530273,8.899999618530273,9.050000190734863,97704979
2022-02-02,9.050000190734863,9.149999618530273,8.850000381469727,8.949999809265137,54284970
2022-02-03,8.899999618530273,9.399999618530273,8.850000381469727,9.050000190734863,73034448
2022-02-04,9.050000190734863,9.25,8.949999809265137,9.0,87047227
2022-02-07,9.100000381469727,9.199999809265137,8.75,8.850000381469727,53990600
2022-02-08,8.899999618530273,9.0,8.25,8.550000190734863,107856895
2022-02-09,8.600000381469727,8.800000190734863,8.199999809265137,8.75,57207377
2022-02-10,8.75,9.0,8.399999618530273,8.75,70537446
2022-02-11,8.550000190734863,8.75,8.449999809265137,8.5,40572963
2022-02-14,8.850000381469727,9.25,8.550000190734863,8.699999809265137,150053325
2022-02-15,8.899999618530273,9.050000190734863,8.399999618530273,8.649999618530273,70687312
2022-02-16,8.699999809265137,8.850000381469727,8.449999809265137,8.5,73521384
2022-02-17,8.5,8.649999618530273,8.199999809265137,8.300000190734863,58711578
2022-02-18,8.199999809265137,8.449999809265137,7.849999904632568,7.949999809265137,60729527
2022-02-21,7.800000190734863,7.800000190734863,7.199999809265137,7.300000190734863,125381826
2022-02-22,6.800000190734863,7.0,6.650000095367432,6.699999809265137,88770241
2022-02-23,6.800000190734863,7.0,6.800000190734863,7.0,14774436
2022-02-24,6.699999809265137,7.050000190734863,6.650000095367432,6.650000095367432,94269681
2022-02-25,6.900000095367432,6.949999809265137,6.900000095367432,6.949999809265137,23028383
2022-02-28,6.900000095367432,7.25,6.800000190734863,7.25,107669127
2022-03-02,7.199999809265137,7.400000095367432,7.050000190734863,7.199999809265137,47137128
2022-03-03,7.25,7.5,7.099999904632568,7.199999809265137,59235215
2022-03-04,7.150000095367432,7.25,6.949999809265137,7.0,54619595
2022-03-07,6.849999904632568,6.849999904632568,6.650000095367432,6.699999809265137,39679971
2022-03-08,6.699999809265137,7.0,6.699999809265137,7.0,44859704
2022-03-09,7.150000095367432,7.300000190734863,7.050000190734863,7.199999809265137,55372925
2022-03-10,7.400000095367432,7.400000095367432,7.199999809265137,7.25,50360700
2022-03-11,7.25,7.349999904632568,7.150000095367432,7.25,22943505
2022-03-14,7.25,7.349999904632568,7.099999904632568,7.099999904632568,29317129
2022-03-15,7.199999809265137,7.25,6.900000095367432,6.949999809265137,31573510
2022-03-16,6.949999809265137,7.150000095367432,6.949999809265137,7.099999904632568,22100706
2022-03-17,7.099999904632568,7.199999809265137,7.0,7.050000190734863,23511134
2022-03-21,7.050000190734863,7.150000095367432,6.949999809265137,7.0,29467683
2022-03-22,7.0,7.050000190734863,6.900000095367432,6.949999809265137,25864257
2022-03-23,6.949999809265137,7.099999904632568,6.900000095367432,6.949999809265137,34868144
2022-03-24,6.949999809265137,6.949999809265137,6.75,6.849999904632568,33494159
2022-03-25,6.849999904632568,7.150000095367432,6.800000190734863,6.849999904632568,54065336
2022-03-28,6.900000095367432,6.949999809265137,6.599999904632568,6.650000095367432,37786157
2022-03-29,6.699999809265137,6.949999809265137,6.449999809265137,6.75,90993509
2022-03-30,6.949999809265137,7.050000190734863,6.800000190734863,7.0,84946542
2022-03-31,7.050000190734863,7.099999904632568,6.75,6.800000190734863,43319800
2022-04-01,6.800000190734863,7.099999904632568,6.699999809265137,7.0,47000657
2022-04-04,7.099999904632568,7.349999904632568,7.050000190734863,7.349999904632568,73777789
2022-04-05,7.599999904632568,7.699999809265137,7.349999904632568,7.699999809265137,81745460
2022-04-06,7.800000190734863,8.050000190734863,7.800000190734863,8.050000190734863,57517345
2022-04-07,8.199999809265137,8.449999809265137,7.699999809265137,8.050000190734863,198796630
2022-04-08,8.199999809265137,8.399999618530273,7.800000190734863,8.25,85564992
2022-04-11,8.25,8.449999809265137,8.199999809265137,8.199999809265137,62583546
2022-04-12,8.199999809265137,8.199999809265137,7.800000190734863,8.0,59535276
2022-04-13,8.100000381469727,8.199999809265137,7.900000095367432,7.949999809265137,28377417
2022-04-18,7.949999809265137,7.949999809265137,7.599999904632568,7.699999809265137,44807489
2022-04-19,7.75,8.0,7.449999809265137,7.550000190734863,44134186
2022-04-20,7.599999904632568,7.75,7.449999809265137,7.599999904632568,28046714
2022-04-21,7.75,7.849999904632568,7.650000095367432,7.699999809265137,35506874
2022-04-22,7.699999809265137,8.050000190734863,7.550000190734863,7.900000095367432,83086287
2022-04-25,7.849999904632568,7.900000095367432,7.599999904632568,7.699999809265137,29798579
2022-04-26,7.849999904632568,7.900000095367432,7.550000190734863,7.650000095367432,25666175
2022-04-27,7.599999904632568,7.650000095367432,7.349999904632568,7.449999809265137,29313527
2022-04-28,7.599999904632568,7.599999904632568,7.300000190734863,7.349999904632568,23106108
2022-04-29,7.400000095367432,7.699999809265137,7.050000190734863,7.400000095367432,123814274
2022-05-02,7.300000190734863,7.599999904632568,7.199999809265137,7.349999904632568,23344956
2022-05-04,7.5,7.5,7.099999904632568,7.199999809265137,32559315
2022-05-05,7.199999809265137,7.300000190734863,7.050000190734863,7.099999904632568,14165534
2022-05-06,7.0,7.0,6.849999904632568,6.900000095367432,20256237
2022-05-09,6.849999904632568,7.199999809265137,6.650000095367432,7.0,38486871
2022-05-10,7.0,7.150000095367432,6.650000095367432,6.75,22763561
2022-05-11,6.800000190734863,6.800000190734863,6.449999809265137,6.5,40059503
2022-05-12,6.400000095367432,6.449999809265137,6.199999809265137,6.199999809265137,17041512
2022-05-13,6.199999809265137,6.5,6.099999904632568,6.449999809265137,50231616
2022-05-16,6.650000095367432,6.75,6.550000190734863,6.650000095367432,25522294
2022-05-17,6.75,6.949999809265137,6.75,6.949999809265137,10764460
2022-05-18,7.25,7.25,7.150000095367432,7.25,19723957
2022-05-19,7.0,7.599999904632568,7.0,7.349999904632568,50271379
2022-05-20,7.550000190734863,7.599999904632568,7.400000095367432,7.5,27638468
2022-05-23,7.550000190734863,7.550000190734863,7.150000095367432,7.199999809265137,20138087
2022-05-24,7.199999809265137,7.550000190734863,6.949999809265137,7.199999809265137,66947691
2022-05-25,7.300000190734863,7.5,6.900000095367432,7.050000190734863,43154110
2022-05-26,7.050000190734863,7.050000190734863,6.699999809265137,6.900000095367432,30956433
2022-05-27,6.949999809265137,7.099999904632568,6.75,6.900000095367432,17401624
2022-05-30,6.699999809265137,6.800000190734863,6.599999904632568,6.650000095367432,51891626
2022-05-31,6.650000095367432,6.949999809265137,6.599999904632568,6.900000095367432,79960548
2022-06-01,7.150000095367432,7.199999809265137,6.949999809265137,7.199999809265137,39580352
2022-06-02,7.150000095367432,7.449999809265137,7.050000190734863,7.300000190734863,52259678
2022-06-03,7.400000095367432,7.400000095367432,7.0,7.050000190734863,28306517
2022-06-06,6.949999809265137,7.400000095367432,6.800000190734863,7.150000095367432,66832454
2022-06-07,7.099999904632568,7.25,6.949999809265137,7.050000190734863,24351230
2022-06-08,7.099999904632568,7.150000095367432,6.849999904632568,6.900000095367432,31970318
2022-06-09,6.849999904632568,7.150000095367432,6.75,7.099999904632568,43150044
2022-06-10,6.949999809265137,7.199999809265137,6.949999809265137,7.0,34647341
2022-06-13,6.800000190734863,6.849999904632568,6.599999904632568,6.75,24990229
2022-06-14,6.699999809265137,6.900000095367432,6.599999904632568,6.699999809265137,31954340
2022-06-15,6.699999809265137,6.75,6.599999904632568,6.650000095367432,18681791
2022-06-16,6.75,6.849999904632568,6.25,6.349999904632568,31888228
2022-06-17,6.349999904632568,6.349999904632568,6.0,6.050000190734863,34635547
2022-06-20,6.099999904632568,6.199999809265137,5.449999809265137,5.599999904632568,51450417
2022-06-21,5.699999809265137,6.150000095367432,5.599999904632568,6.099999904632568,37930726
2022-06-22,6.099999904632568,6.300000190734863,5.800000190734863,6.150000095367432,37069879
2022-06-23,6.199999809265137,6.599999904632568,6.199999809265137,6.5,37562064
2022-06-24,6.650000095367432,6.800000190734863,6.300000190734863,6.550000190734863,38772508
2022-06-27,6.599999904632568,6.699999809265137,6.449999809265137,6.550000190734863,22736556
2022-06-28,6.5,6.699999809265137,6.400000095367432,6.550000190734863,18819511
2022-06-29,6.5,6.550000190734863,6.400000095367432,6.400000095367432,9998610
2022-06-30,6.5,6.550000190734863,6.349999904632568,6.449999809265137,13489790
2022-07-01,6.5,6.550000190734863,6.300000190734863,6.400000095367432,14425317
2022-07-04,6.400000095367432,6.550000190734863,6.349999904632568,6.400000095367432,9523033
2022-07-05,6.5,6.550000190734863,6.300000190734863,6.349999904632568,17383986
2022-07-06,6.349999904632568,6.400000095367432,6.150000095367432,6.25,15085069
2022-07-07,6.349999904632568,6.400000095367432,6.25,6.300000190734863,10349624
2022-07-08,6.349999904632568,6.400000095367432,6.199999809265137,6.300000190734863,13059090
2022-07-11,6.300000190734863,6.599999904632568,6.199999809265137,6.400000095367432,20209434
2022-07-12,6.400000095367432,6.650000095367432,6.349999904632568,6.5,20248594
2022-07-13,6.550000190734863,6.599999904632568,6.300000190734863,6.349999904632568,14916573
2022-07-14,6.349999904632568,6.400000095367432,6.199999809265137,6.300000190734863,13146618
2022-07-15,6.349999904632568,6.400000095367432,6.199999809265137,6.25,10066306
2022-07-18,6.300000190734863,6.400000095367432,6.25,6.300000190734863,12850543
2022-07-19,6.300000190734863,6.5,6.25,6.400000095367432,16437165
2022-07-20,6.5,6.550000190734863,6.25,6.349999904632568,16475324
2022-07-21,6.400000095367432,6.949999809265137,6.300000190734863,6.599999904632568,74627873
2022-07-22,6.599999904632568,6.699999809265137,6.449999809265137,6.5,19388492
2022-07-25,6.550000190734863,6.599999904632568,6.349999904632568,6.400000095367432,9869840
2022-07-26,6.349999904632568,6.400000095367432,6.300000190734863,6.300000190734863,10900739
2022-07-27,6.349999904632568,6.349999904632568,6.25,6.25,8648885
2022-07-28,6.300000190734863,6.349999904632568,6.050000190734863,6.150000095367432,17436036
2022-07-29,6.199999809265137,6.550000190734863,6.150000095367432,6.400000095367432,26379992
2022-08-01,6.5,7.0,6.349999904632568,7.0,67023114
2022-08-02,7.050000190734863,7.400000095367432,6.849999904632568,7.199999809265137,83655213
2022-08-03,7.25,7.300000190734863,6.949999809265137,7.099999904632568,41264833
2022-08-04,7.150000095367432,7.449999809265137,7.050000190734863,7.300000190734863,83243426
2022-08-05,7.449999809265137,7.800000190734863,7.449999809265137,7.650000095367432,89902647
2022-08-08,7.75,8.25,7.699999809265137,8.100000381469727,115808694
2022-08-10,8.800000190734863,8.850000381469727,8.100000381469727,8.300000190734863,214376132
2022-08-11,8.5,8.5,7.699999809265137,7.849999904632568,85270468
2022-08-12,7.849999904632568,7.849999904632568,7.449999809265137,7.5,51515984
2022-08-16,7.5,7.900000095367432,7.400000095367432,7.75,49953852
2022-08-17,7.800000190734863,7.849999904632568,7.599999904632568,7.599999904632568,34167706
2022-08-18,7.650000095367432,7.800000190734863,7.550000190734863,7.650000095367432,39127461
2022-08-19,7.650000095367432,7.699999809265137,7.400000095367432,7.449999809265137,53317654
2022-08-22,7.449999809265137,8.0,7.25,7.650000095367432,119222208
2022-08-23,7.650000095367432,7.949999809265137,7.550000190734863,7.849999904632568,66731182
2022-08-24,7.849999904632568,8.199999809265137,7.800000190734863,7.949999809265137,81993384
2022-08-25,8.0,8.050000190734863,7.699999809265137,7.699999809265137,46330714
2022-08-26,7.75,7.849999904632568,7.550000190734863,7.650000095367432,48018210
2022-08-29,7.449999809265137,7.650000095367432,7.349999904632568,7.5,52575082
2022-08-30,7.550000190734863,7.800000190734863,7.550000190734863,7.550000190734863,82315340
2022-09-01,7.550000190734863,8.25,7.5,8.0,219494159
2022-09-02,8.050000190734863,8.75,8.0,8.350000381469727,265301191
2022-09-05,8.5,9.149999618530273,8.399999618530273,9.050000190734863,272430874
2022-09-06,9.300000190734863,9.449999809265137,8.800000190734863,8.899999618530273,192505696
2022-09-07,8.75,9.050000190734863,8.649999618530273,8.699999809265137,83491506
2022-09-08,8.850000381469727,9.25,8.800000190734863,8.949999809265137,142340084
2022-09-09,9.050000190734863,9.149999618530273,8.300000190734863,8.350000381469727,105491499
2022-09-12,8.449999809265137,8.75,8.399999618530273,8.600000381469727,79065545
2022-09-13,8.699999809265137,8.699999809265137,8.399999618530273,8.449999809265137,59441898
2022-09-14,8.199999809265137,8.550000190734863,8.149999618530273,8.350000381469727,64686755
2022-09-15,8.449999809265137,8.850000381469727,8.449999809265137,8.5,107116460
2022-09-16,8.5,8.550000190734863,8.149999618530273,8.199999809265137,62265774
2022-09-19,8.300000190734863,8.350000381469727,7.949999809265137,8.100000381469727,51506071
2022-09-20,8.25,8.300000190734863,8.050000190734863,8.050000190734863,29372665
2022-09-21,8.100000381469727,8.25,8.0,8.050000190734863,39444872
2022-09-22,8.100000381469727,8.449999809265137,8.0,8.300000190734863,96099849
2022-09-23,8.350000381469727,8.399999618530273,8.0,8.050000190734863,43143270
2022-09-26,7.949999809265137,7.949999809265137,7.599999904632568,7.699999809265137,77093604
2022-09-27,7.699999809265137,7.800000190734863,7.449999809265137,7.599999904632568,67746280
2022-09-28,7.449999809265137,7.699999809265137,7.150000095367432,7.25,53713314
2022-09-29,7.349999904632568,7.5,6.949999809265137,7.099999904632568,58487600
2022-09-30,7.0,7.449999809265137,6.949999809265137,7.349999904632568,52923439
2022-10-03,7.349999904632568,7.550000190734863,7.150000095367432,7.199999809265137,31812199
2022-10-04,7.300000190734863,7.599999904632568,7.25,7.449999809265137,40542053
2022-10-06,7.550000190734863,7.800000190734863,7.5,7.699999809265137,38866785
2022-10-07,7.75,8.25,7.699999809265137,8.149999618530273,110674555
2022-10-10,8.149999618530273,8.550000190734863,8.050000190734863,8.449999809265137,162678330
2022-10-11,8.649999618530273,8.75,8.0,8.050000190734863,100923485
2022-10-12,8.149999618530273,8.199999809265137,7.599999904632568,7.699999809265137,66361159
2022-10-13,7.699999809265137,7.949999809265137,7.5,7.800000190734863,47222179
2022-10-14,8.0,8.149999618530273,7.800000190734863,7.849999904632568,32420088
2022-10-17,7.75,7.849999904632568,7.5,7.599999904632568,39064034
2022-10-18,7.699999809265137,7.949999809265137,7.599999904632568,7.800000190734863,44073920
2022-10-19,7.900000095367432,8.050000190734863,7.75,7.900000095367432,35433882
2022-10-20,7.900000095367432,8.199999809265137,7.75,7.900000095367432,81208744
2022-10-21,7.949999809265137,8.050000190734863,7.75,7.800000190734863,32257272
2022-10-24,7.800000190734863,7.849999904632568,7.599999904632568,7.75,24809980
2022-10-25,7.699999809265137,7.849999904632568,7.449999809265137,7.550000190734863,45860228
2022-10-27,7.650000095367432,7.699999809265137,7.449999809265137,7.5,35640301
2022-10-28,7.5,7.599999904632568,7.400000095367432,7.5,20418921
2022-10-31,7.550000190734863,7.599999904632568,7.449999809265137,7.5,33128054
2022-11-01,7.5,7.699999809265137,7.449999809265137,7.449999809265137,32670324
2022-11-02,7.5,7.5,7.349999904632568,7.400000095367432,19475424
2022-11-03,7.349999904632568,7.550000190734863,7.300000190734863,7.400000095367432,22117192
2022-11-04,7.400000095367432,7.550000190734863,7.400000095367432,7.5,16466814
2022-11-07,7.599999904632568,7.800000190734863,7.5,7.650000095367432,93148030
2022-11-09,7.75,7.75,7.5,7.550000190734863,19152770
2022-11-10,7.550000190734863,7.650000095367432,7.449999809265137,7.5,31640120
2022-11-11,7.599999904632568,7.599999904632568,7.400000095367432,7.449999809265137,25367210
2022-11-14,7.5,7.599999904632568,7.400000095367432,7.449999809265137,32194089
2022-11-15,7.5,7.599999904632568,7.400000095367432,7.449999809265137,19234282
2022-11-16,7.5,7.650000095367432,7.400000095367432,7.400000095367432,59857616
2022-11-17,7.449999809265137,7.5,7.300000190734863,7.349999904632568,27017728
2022-11-18,7.349999904632568,7.449999809265137,7.25,7.300000190734863,20139199
2022-11-21,7.300000190734863,7.300000190734863,7.099999904632568,7.199999809265137,27028618
2022-11-22,7.199999809265137,7.599999904632568,7.150000095367432,7.550000190734863,160194654
2022-11-23,7.599999904632568,7.699999809265137,7.400000095367432,7.449999809265137,22877757
2022-11-24,7.400000095367432,7.5,7.349999904632568,7.349999904632568,10866630
2022-11-25,7.400000095367432,7.599999904632568,7.300000190734863,7.449999809265137,42401629
2022-11-28,7.449999809265137,7.75,7.400000095367432,7.599999904632568,77448813
2022-11-29,7.650000095367432,7.800000190734863,7.5,7.5,30810570
2022-11-30,7.599999904632568,7.800000190734863,7.5,7.699999809265137,110750718
2022-12-01,7.699999809265137,8.0,7.650000095367432,7.900000095367432,96670803
2022-12-02,7.900000095367432,8.149999618530273,7.699999809265137,7.949999809265137,86825648
2022-12-05,8.0,8.300000190734863,7.849999904632568,8.050000190734863,137041295
2022-12-06,8.0,8.149999618530273,7.849999904632568,7.900000095367432,47129503
2022-12-07,7.949999809265137,7.949999809265137,7.650000095367432,7.75,38684649
2022-12-08,7.75,7.800000190734863,7.599999904632568,7.650000095367432,28232684
2022-12-09,7.699999809265137,7.949999809265137,7.449999809265137,7.5,70604796
2022-12-12,7.599999904632568,8.399999618530273,7.599999904632568,8.300000190734863,265026290
2022-12-13,8.399999618530273,8.449999809265137,7.900000095367432,7.900000095367432,99364112
2022-12-14,7.949999809265137,8.399999618530273,7.800000190734863,8.300000190734863,114098150
2022-12-15,8.199999809265137,8.449999809265137,7.900000095367432,8.0,151515687
2022-12-16,8.0,8.149999618530273,7.849999904632568,8.0,146906618
2022-12-19,8.050000190734863,8.300000190734863,8.0,8.149999618530273,73179657
2022-12-20,8.149999618530273,8.649999618530273,8.100000381469727,8.25,135081153
2022-12-21,8.300000190734863,8.399999618530273,7.349999904632568,7.550000190734863,143077156
2022-12-22,7.650000095367432,7.75,7.150000095367432,7.349999904632568,125232454
2022-12-23,7.25,7.25,6.75,6.800000190734863,73729208
2022-12-26,6.800000190734863,7.449999809265137,6.75,7.349999904632568,64544751
2022-12-27,7.400000095367432,7.599999904632568,7.199999809265137,7.349999904632568,37636456
2022-12-28,7.349999904632568,7.550000190734863,7.25,7.349999904632568,25058105
2022-12-29,7.349999904632568,7.449999809265137,7.25,7.400000095367432,30572926
2022-12-30,7.449999809265137,7.699999809265137,7.400000095367432,7.550000190734863,54364539
2023-01-02,7.599999904632568,7.800000190734863,7.449999809265137,7.699999809265137,46015127
2023-01-03,7.699999809265137,7.849999904632568,7.550000190734863,7.650000095367432,37671451
2023-01-04,7.650000095367432,7.75,7.449999809265137,7.449999809265137,40038078
2023-01-05,7.5,7.550000190734863,7.300000190734863,7.449999809265137,28125897
2023-01-06,7.5,7.5,7.300000190734863,7.400000095367432,25505103
2023-01-09,7.400000095367432,7.400000095367432,7.25,7.300000190734863,24723318
2023-01-10,7.300000190734863,7.400000095367432,7.199999809265137,7.25,27718903
2023-01-11,7.25,7.400000095367432,7.199999809265137,7.300000190734863,22138794
2023-01-12,7.349999904632568,7.349999904632568,7.150000095367432,7.25,24534387
2023-01-13,7.25,7.300000190734863,7.150000095367432,7.25,18755293
2023-01-16,7.300000190734863,7.349999904632568,7.150000095367432,7.199999809265137,12666649
2023-01-17,7.25,7.349999904632568,7.199999809265137,7.25,21114589
2023-01-18,7.25,7.300000190734863,7.150000095367432,7.25,17715616
2023-01-19,7.25,7.349999904632568,7.150000095367432,7.199999809265137,16044819
2023-01-20,7.199999809265137,7.349999904632568,7.150000095367432,7.199999809265137,17235975
2023-01-23,7.25,7.25,7.050000190734863,7.099999904632568,16324017
2023-01-24,7.099999904632568,7.199999809265137,7.050000190734863,7.150000095367432,11093908
2023-01-25,7.150000095367432,7.25,7.099999904632568,7.150000095367432,16156728
2023-01-27,7.150000095367432,7.25,6.900000095367432,6.949999809265137,33065234
2023-01-30,7.0,7.150000095367432,6.849999904632568,6.900000095367432,21229578
2023-01-31,6.949999809265137,7.300000190734863,6.900000095367432,7.150000095367432,26323678
2023-02-01,7.25,7.300000190734863,6.849999904632568,6.949999809265137,28681189
2023-02-02,6.900000095367432,7.099999904632568,6.800000190734863,6.900000095367432,26528604
2023-02-03,6.949999809265137,7.0,6.699999809265137,6.800000190734863,30907250
2023-02-06,6.849999904632568,7.050000190734863,6.75,7.0,17570695
2023-02-07,7.050000190734863,7.199999809265137,7.0,7.150000095367432,26980989
2023-02-08,7.150000095367432,7.25,6.900000095367432,7.0,17527390
2023-02-09,7.0,7.199999809265137,6.949999809265137,7.050000190734863,15465554
2023-02-10,7.050000190734863,7.199999809265137,7.0,7.050000190734863,14431172
2023-02-13,7.099999904632568,7.150000095367432,6.949999809265137,7.050000190734863,12693065
2023-02-14,6.25,6.550000190734863,6.099999904632568,6.400000095367432,62622209
2023-02-15,6.400000095367432,6.75,6.349999904632568,6.650000095367432,27528442
2023-02-16,6.550000190734863,6.849999904632568,6.550000190734863,6.800000190734863,19575038
2023-02-17,6.800000190734863,6.949999809265137,6.699999809265137,6.800000190734863,22912518
2023-02-20,6.800000190734863,7.050000190734863,6.75,6.900000095367432,26216024
2023-02-21,6.900000095367432,7.0,6.849999904632568,6.949999809265137,16452983
2023-02-22,6.949999809265137,7.099999904632568,6.800000190734863,6.849999904632568,24857850
2023-02-23,6.849999904632568,7.099999904632568,6.75,6.849999904632568,24120298
2023-02-24,6.900000095367432,6.949999809265137,6.75,6.800000190734863,18865245
2023-02-27,6.800000190734863,6.800000190734863,6.599999904632568,6.650000095367432,14445161
2023-02-28,6.650000095367432,6.75,6.5,6.650000095367432,21138208
2023-03-01,6.599999904632568,7.0,6.550000190734863,6.849999904632568,29813186
2023-03-02,6.800000190734863,6.900000095367432,6.599999904632568,6.650000095367432,25735296
2023-03-03,6.699999809265137,6.949999809265137,6.650000095367432,6.699999809265137,34273735
2023-03-06,6.75,6.949999809265137,6.599999904632568,6.650000095367432,32097535
2023-03-08,6.599999904632568,6.699999809265137,6.550000190734863,6.650000095367432,19424758
2023-03-09,6.650000095367432,6.800000190734863,6.550000190734863,6.550000190734863,23090965
2023-03-10,6.5,6.599999904632568,6.400000095367432,6.449999809265137,31583853
2023-03-13,6.400000095367432,6.550000190734863,6.150000095367432,6.199999809265137,35423042
2023-03-14,6.199999809265137,6.349999904632568,6.0,6.050000190734863,26703125
2023-03-15,6.050000190734863,6.400000095367432,6.0,6.099999904632568,26552943
2023-03-16,6.150000095367432,6.199999809265137,5.949999809265137,6.050000190734863,33647063
2023-03-17,6.099999904632568,6.199999809265137,5.849999904632568,6.050000190734863,124768433
2023-03-20,5.949999809265137,6.0,5.75,5.849999904632568,23197881
2023-03-21,5.900000095367432,5.949999809265137,5.800000190734863,5.900000095367432,12045959
2023-03-22,5.949999809265137,6.0,5.800000190734863,5.849999904632568,15096522
2023-03-23,5.849999904632568,5.949999809265137,5.699999809265137,5.75,14865589
2023-03-24,5.75,5.800000190734863,5.550000190734863,5.550000190734863,22950230
2023-03-27,5.599999904632568,5.599999904632568,5.150000095367432,5.199999809265137,27351355
2023-03-28,5.199999809265137,5.400000095367432,5.199999809265137,5.25,43942228
2023-03-29,5.25,5.699999809265137,5.199999809265137,5.599999904632568,41882221
2023-03-31,5.699999809265137,5.849999904632568,5.449999809265137,5.550000190734863,44277476
2023-04-03,5.650000095367432,5.849999904632568,5.550000190734863,5.75,29298554
2023-04-05,5.800000190734863,5.800000190734863,5.599999904632568,5.650000095367432,22301320
2023-04-06,5.699999809265137,5.849999904632568,5.599999904632568,5.800000190734863,33199756
2023-04-10,5.849999904632568,5.849999904632568,5.650000095367432,5.699999809265137,16166358
2023-04-11,5.699999809265137,6.050000190734863,5.599999904632568,5.849999904632568,42189385
2023-04-12,5.900000095367432,5.949999809265137,5.75,5.849999904632568,20460513
2023-04-13,5.849999904632568,6.099999904632568,5.75,6.050000190734863,42668055
2023-04-17,5.949999809265137,6.099999904632568,5.900000095367432,6.0,34106451
2023-04-18,6.0,6.0,5.800000190734863,5.800000190734863,29706982
2023-04-19,5.800000190734863,5.900000095367432,5.699999809265137,5.75,22323853
2023-04-20,5.800000190734863,5.849999904632568,5.650000095367432,5.699999809265137,21641085
2023-04-21,5.699999809265137,5.75,5.650000095367432,5.650000095367432,10614439
2023-04-24,5.699999809265137,5.75,5.650000095367432,5.699999809265137,11695411
2023-04-25,5.699999809265137,5.800000190734863,5.650000095367432,5.75,26438990
2023-04-26,5.75,5.900000095367432,5.699999809265137,5.699999809265137,16660026
2023-04-27,5.75,5.900000095367432,5.699999809265137,5.849999904632568,26699611
2023-04-28,5.900000095367432,6.0,5.800000190734863,5.849999904632568,14516609
2023-05-02,5.849999904632568,5.949999809265137,5.75,5.849999904632568,21398361
2023-05-03,5.800000190734863,6.099999904632568,5.75,5.900000095367432,54645739
2023-05-04,5.949999809265137,6.300000190734863,5.900000095367432,6.199999809265137,64394001
2023-05-05,6.199999809265137,6.349999904632568,5.949999809265137,6.0,65329408
2023-05-08,6.050000190734863,6.050000190734863,5.900000095367432,5.949999809265137,25554160
2023-05-09,5.949999809265137,6.0,5.75,5.800000190734863,22295079
2023-05-10,5.75,5.849999904632568,5.599999904632568,5.800000190734863,29914783
2023-05-11,5.849999904632568,5.849999904632568,5.699999809265137,5.699999809265137,16172116
2023-05-12,5.75,5.75,5.650000095367432,5.699999809265137,14093715
2023-05-15,5.699999809265137,5.75,5.550000190734863,5.650000095367432,15726428
2023-05-16,5.650000095367432,5.699999809265137,5.599999904632568,5.599999904632568,12609770
2023-05-17,5.650000095367432,5.800000190734863,5.599999904632568,5.699999809265137,19424400
2023-05-18,5.699999809265137,5.849999904632568,5.699999809265137,5.75,26511009
2023-05-19,5.75,5.75,5.650000095367432,5.699999809265137,10415041
2023-05-22,5.650000095367432,5.849999904632568,5.650000095367432,5.699999809265137,38640846
2023-05-23,5.699999809265137,5.75,5.599999904632568,5.650000095367432,21922704
2023-05-24,5.650000095367432,5.849999904632568,5.599999904632568,5.650000095367432,29686924
2023-05-25,5.650000095367432,5.699999809265137,5.599999904632568,5.599999904632568,18057840
2023-05-26,5.650000095367432,5.699999809265137,5.550000190734863,5.599999904632568,16154749
2023-05-29,5.650000095367432,5.699999809265137,5.599999904632568,5.599999904632568,17019586
2023-05-30,5.650000095367432,5.900000095367432,5.599999904632568,5.800000190734863,28112017
2023-05-31,5.800000190734863,6.099999904632568,5.699999809265137,6.0,71119903
2023-06-01,6.0,6.150000095367432,5.900000095367432,6.0,49602307
2023-06-02,6.050000190734863,6.099999904632568,5.949999809265137,6.0,20062371
2023-06-05,6.050000190734863,6.099999904632568,5.949999809265137,5.949999809265137,18244806
2023-06-06,5.949999809265137,6.050000190734863,5.900000095367432,5.949999809265137,15947312
2023-06-07,6.0,6.5,5.949999809265137,6.400000095367432,161640335
2023-06-08,6.400000095367432,6.550000190734863,6.199999809265137,6.25,81485136
2023-06-09,6.300000190734863,6.400000095367432,6.150000095367432,6.25,49774006
2023-06-12,6.25,6.550000190734863,6.199999809265137,6.400000095367432,98739737
2023-06-13,6.449999809265137,6.800000190734863,6.349999904632568,6.599999904632568,123313637
2023-06-14,6.650000095367432,6.699999809265137,6.300000190734863,6.349999904632568,61344332
2023-06-15,6.349999904632568,6.599999904632568,6.25,6.349999904632568,73191988
2023-06-16,6.400000095367432,6.5,6.300000190734863,6.300000190734863,30379472
2023-06-19,6.349999904632568,6.400000095367432,6.199999809265137,6.25,25915276
2023-06-20,6.25,6.300000190734863,6.050000190734863,6.199999809265137,33516237
2023-06-21,6.199999809265137,6.25,6.050000190734863,6.099999904632568,27331329
2023-06-22,6.150000095367432,6.199999809265137,5.949999809265137,6.099999904632568,34255420
2023-06-23,6.099999904632568,6.099999904632568,5.849999904632568,5.949999809265137,29845233
2023-06-26,6.0,6.099999904632568,5.900000095367432,6.050000190734863,28393355
2023-06-27,6.099999904632568,6.150000095367432,6.0,6.0,16199549
2023-06-28,6.050000190734863,6.199999809265137,6.0,6.099999904632568,30411019
2023-06-30,6.099999904632568,6.25,6.050000190734863,6.150000095367432,34298991
2023-07-03,6.199999809265137,6.400000095367432,6.150000095367432,6.349999904632568,49699829
2023-07-04,6.400000095367432,6.449999809265137,6.199999809265137,6.25,47291547
2023-07-05,6.25,6.400000095367432,6.199999809265137,6.199999809265137,31035606
2023-07-06,6.25,6.349999904632568,6.199999809265137,6.300000190734863,27944453
2023-07-07,6.300000190734863,6.449999809265137,6.25,6.25,35318742
2023-07-10,6.300000190734863,6.300000190734863,6.050000190734863,6.099999904632568,20557436
2023-07-11,6.099999904632568,6.199999809265137,6.050000190734863,6.050000190734863,25479175
2023-07-12,6.050000190734863,6.150000095367432,6.0,6.050000190734863,20261381
2023-07-13,6.099999904632568,6.150000095367432,5.900000095367432,5.949999809265137,22408550
2023-07-14,6.0,6.099999904632568,5.949999809265137,6.050000190734863,11646289
2023-07-17,6.050000190734863,6.099999904632568,6.0,6.050000190734863,18515740
2023-07-18,6.050000190734863,6.099999904632568,5.949999809265137,5.949999809265137,20119745
2023-07-19,6.0,6.050000190734863,5.949999809265137,5.949999809265137,13736537
2023-07-20,5.949999809265137,6.099999904632568,5.900000095367432,5.949999809265137,25263243
2023-07-21,5.949999809265137,6.050000190734863,5.900000095367432,5.949999809265137,19858137
2023-07-24,6.0,6.150000095367432,5.949999809265137,6.0,29270834
2023-07-25,6.050000190734863,6.050000190734863,5.949999809265137,6.0,19884944
2023-07-26,6.0,6.050000190734863,5.949999809265137,6.0,13564687
2023-07-27,6.0,6.050000190734863,5.949999809265137,5.949999809265137,14857227
2023-07-28,6.0,6.050000190734863,5.949999809265137,5.949999809265137,10326948
2023-07-31,6.099999904632568,6.199999809265137,6.0,6.099999904632568,39387119
2023-08-01,6.150000095367432,6.800000190734863,6.150000095367432,6.699999809265137,196647288
2023-08-02,6.650000095367432,6.75,6.300000190734863,6.449999809265137,89673718
2023-08-03,6.449999809265137,6.5,6.25,6.300000190734863,68267708
2023-08-04,6.300000190734863,6.800000190734863,6.300000190734863,6.599999904632568,92719638
2023-08-07,6.800000190734863,7.25,6.75,7.150000095367432,155642209
2023-08-08,7.25,7.349999904632568,6.800000190734863,7.0,106340353
2023-08-09,7.050000190734863,7.449999809265137,6.949999809265137,7.300000190734863,155303257
2023-08-10,7.300000190734863,7.949999809265137,7.300000190734863,7.650000095367432,214556069
2023-08-11,7.75,7.949999809265137,7.400000095367432,7.449999809265137,127081145
2023-08-14,7.449999809265137,7.449999809265137,7.050000190734863,7.300000190734863,105722109
2023-08-16,7.300000190734863,7.699999809265137,7.199999809265137,7.5,143179601
2023-08-17,7.599999904632568,7.650000095367432,7.300000190734863,7.300000190734863,53600856
2023-08-18,7.349999904632568,7.449999809265137,7.050000190734863,7.099999904632568,52480782
2023-08-21,7.25,7.400000095367432,7.099999904632568,7.099999904632568,46184044
2023-08-22,7.199999809265137,7.550000190734863,7.150000095367432,7.400000095367432,80544054
2023-08-23,7.5,7.800000190734863,7.449999809265137,7.650000095367432,151241405
2023-08-24,7.75,7.800000190734863,7.300000190734863,7.349999904632568,85350180
2023-08-25,7.300000190734863,7.75,7.25,7.599999904632568,143596013
2023-08-28,7.699999809265137,8.199999809265137,7.599999904632568,8.100000381469727,365579708
2023-08-29,8.149999618530273,8.300000190734863,7.949999809265137,8.0,142487871
2023-08-30,8.100000381469727,8.449999809265137,8.0,8.149999618530273,182551543
2023-08-31,8.25,8.350000381469727,7.949999809265137,8.0,114317584
2023-09-01,8.100000381469727,8.300000190734863,8.0,8.199999809265137,88435006
2023-09-04,8.300000190734863,8.800000190734863,8.25,8.649999618530273,292121634
2023-09-05,8.800000190734863,8.850000381469727,8.25,8.550000190734863,167870586
2023-09-06,8.600000381469727,8.850000381469727,8.399999618530273,8.75,215359905
2023-09-07,9.0,9.850000381469727,9.0,9.75,607552962
2023-09-08,9.850000381469727,10.050000190734863,9.300000190734863,9.5,313802670
2023-09-11,9.699999809265137,10.0,9.449999809265137,9.800000190734863,219645514
2023-09-12,9.899999618530273,10.0,8.550000190734863,8.699999809265137,292710844
2023-09-13,8.75,9.899999618530273,8.600000381469727,9.800000190734863,309912798
2023-09-14,10.050000190734863,10.399999618530273,9.699999809265137,9.899999618530273,403648325
2023-09-15,10.0,10.300000190734863,9.75,10.100000381469727,297705640
2023-09-18,10.100000381469727,10.800000190734863,10.0,10.300000190734863,456601512
2023-09-20,10.300000190734863,10.550000190734863,9.850000381469727,10.149999618530273,233290431
2023-09-21,10.149999618530273,10.5,9.850000381469727,10.449999809265137,262647275
2023-09-22,10.449999809265137,10.600000381469727,10.199999809265137,10.399999618530273,227922834
2023-09-25,10.5,10.850000381469727,10.350000381469727,10.550000190734863,185596662
2023-09-26,10.649999618530273,10.800000190734863,10.300000190734863,10.550000190734863,154757651
2023-09-27,10.600000381469727,10.600000381469727,10.350000381469727,10.449999809265137,121965186
2023-09-28,10.449999809265137,10.600000381469727,10.25,10.399999618530273,143858873
2023-09-29,10.5,10.550000190734863,10.149999618530273,10.25,92293225
2023-10-03,10.25,10.5,10.0,10.050000190734863,129074286
2023-10-04,10.0,10.0,9.350000381469727,9.550000190734863,201921625
2023-10-05,9.649999618530273,9.949999809265137,9.550000190734863,9.800000190734863,141762097
2023-10-06,9.850000381469727,9.949999809265137,9.649999618530273,9.800000190734863,69545703
2023-10-09,9.449999809265137,9.5,8.949999809265137,9.050000190734863,130737464
2023-10-10,9.100000381469727,9.350000381469727,9.100000381469727,9.199999809265137,72128299
2023-10-11,9.300000190734863,9.949999809265137,9.25,9.899999618530273,181573985
2023-10-12,9.949999809265137,10.0,9.600000381469727,9.699999809265137,105097403
2023-10-13,9.649999618530273,9.75,9.550000190734863,9.600000381469727,54340103
2023-10-16,9.649999618530273,9.800000190734863,9.399999618530273,9.449999809265137,70456968
2023-10-17,9.550000190734863,9.699999809265137,9.449999809265137,9.550000190734863,96088511
2023-10-18,9.600000381469727,9.699999809265137,9.25,9.550000190734863,113292251
2023-10-19,9.600000381469727,10.350000381469727,9.5,9.949999809265137,360340425
2023-10-20,9.949999809265137,10.050000190734863,9.550000190734863,9.699999809265137,115338279
2023-10-23,9.75,9.800000190734863,8.699999809265137,8.850000381469727,162225202
2023-10-25,8.899999618530273,9.149999618530273,8.350000381469727,8.75,126950284
2023-10-26,8.850000381469727,9.0,8.350000381469727,8.899999618530273,119482274
2023-10-27,8.949999809265137,9.399999618530273,8.850000381469727,9.300000190734863,95636281
2023-10-30,9.350000381469727,9.75,9.100000381469727,9.699999809265137,158053255
2023-10-31,9.75,9.850000381469727,9.449999809265137,9.600000381469727,92991105
2023-11-01,9.649999618530273,10.100000381469727,9.5,9.699999809265137,175311719
2023-11-02,9.800000190734863,10.5,9.600000381469727,10.399999618530273,269882330
2023-11-03,10.600000381469727,11.550000190734863,10.399999618530273,11.449999809265137,562387889
2023-11-06,11.800000190734863,13.699999809265137,11.649999618530273,12.399999618530273,873782649
2023-11-07,12.649999618530273,14.300000190734863,12.600000381469727,14.199999809265137,853992097
2023-11-08,14.449999809265137,14.649999618530273,13.399999618530273,13.850000381469727,287287719
2023-11-09,13.949999809265137,15.0,13.699999809265137,14.399999618530273,373345033
2023-11-10,14.5,15.149999618530273,13.899999618530273,14.199999809265137,193032675
2023-11-13,13.899999618530273,14.399999618530273,13.5,14.149999618530273,226169164
2023-11-15,14.5,14.75,14.149999618530273,14.550000190734863,148879905
2023-11-16,14.699999809265137,15.300000190734863,14.600000381469727,14.800000190734863,180504948
2023-11-17,14.850000381469727,15.100000381469727,14.350000381469727,14.5,179896724
2023-11-20,14.600000381469727,14.800000190734863,13.850000381469727,14.0,116143338
2023-11-21,14.100000381469727,14.199999809265137,13.100000381469727,13.600000381469727,152965544
2023-11-22,13.649999618530273,13.649999618530273,13.0,13.25,117011878
2023-11-23,13.25,14.0,13.25,13.699999809265137,118442283
2023-11-24,13.75,14.100000381469727,13.25,13.899999618530273,110541909
2023-11-28,14.0,14.050000190734863,13.449999809265137,13.5,52247670
2023-11-29,13.550000190734863,13.649999618530273,13.0,13.149999618530273,218066539
2023-11-30,13.149999618530273,13.350000381469727,12.550000190734863,13.100000381469727,113679937
2023-12-01,13.149999618530273,13.300000190734863,12.800000190734863,12.850000381469727,65716767
2023-12-04,13.050000190734863,13.199999809265137,12.649999618530273,12.850000381469727,73024916
2023-12-05,12.850000381469727,13.75,12.800000190734863,13.550000190734863,188147529
2023-12-06,13.600000381469727,14.0,13.399999618530273,13.850000381469727,138515162
2023-12-07,13.850000381469727,14.25,13.5,13.949999809265137,114995368
2023-12-08,14.100000381469727,14.25,13.550000190734863,13.850000381469727,99078206
2023-12-11,13.899999618530273,14.600000381469727,13.850000381469727,14.449999809265137,150381151
2023-12-12,14.600000381469727,15.199999809265137,14.300000190734863,14.449999809265137,169409273
2023-12-13,14.5,14.600000381469727,14.0,14.449999809265137,85841913
2023-12-14,14.600000381469727,14.649999618530273,14.199999809265137,14.300000190734863,58104150
2023-12-15,14.300000190734863,14.550000190734863,14.100000381469727,14.100000381469727,61625093
2023-12-18,14.100000381469727,14.350000381469727,13.899999618530273,14.050000190734863,72473570
2023-12-19,14.100000381469727,14.350000381469727,14.0,14.100000381469727,43790475
2023-12-20,14.199999809265137,14.350000381469727,12.850000381469727,12.949999809265137,112294616
2023-12-21,12.800000190734863,13.350000381469727,12.25,13.25,88600661
2023-12-22,13.350000381469727,13.449999809265137,13.050000190734863,13.25,45664835
2023-12-26,13.300000190734863,14.300000190734863,13.100000381469727,13.949999809265137,92067632
2023-12-27,14.0,14.199999809265137,13.600000381469727,13.800000190734863,64271882
2023-12-28,13.800000190734863,13.800000190734863,13.399999618530273,13.449999809265137,37369611
2023-12-29,13.550000190734863,14.050000190734863,13.350000381469727,13.949999809265137,79579254
2024-01-01,14.0,14.949999809265137,13.949999809265137,14.75,155062165
2024-01-02,14.800000190734863,16.200000762939453,14.449999809265137,16.149999618530273,527261650
2024-01-03,16.350000381469727,16.5,15.75,15.850000381469727,162656874
2024-01-04,16.0,17.100000381469727,16.0,17.0,219420858
2024-01-05,17.100000381469727,17.799999237060547,16.5,16.850000381469727,267897270
2024-01-08,17.0,17.450000762939453,16.850000381469727,16.950000762939453,111028540
2024-01-09,17.149999618530273,17.25,16.299999237060547,16.450000762939453,108325769
2024-01-10,16.450000762939453,16.600000381469727,15.899999618530273,16.350000381469727,67494698
2024-01-11,16.450000762939453,16.950000762939453,16.350000381469727,16.450000762939453,53829719
2024-01-12,16.600000381469727,17.25,16.299999237060547,16.700000762939453,107626978
2024-01-15,16.950000762939453,17.149999618530273,16.399999618530273,17.0,95411519
2024-01-16,17.100000381469727,17.299999237060547,16.149999618530273,16.200000762939453,128035935
2024-01-17,15.949999809265137,16.350000381469727,15.699999809265137,16.0,78461141
2024-01-18,16.0,16.25,15.25,15.949999809265137,60325029
2024-01-19,16.049999237060547,16.25,15.850000381469727,15.949999809265137,41278650
2024-01-23,16.899999618530273,17.200000762939453,15.899999618530273,15.899999618530273,69884760
2024-01-24,15.850000381469727,16.100000381469727,15.5,15.899999618530273,59726528
2024-01-25,15.949999809265137,16.350000381469727,15.800000190734863,16.100000381469727,47437000
2024-01-29,16.299999237060547,16.899999618530273,16.25,16.899999618530273,139819219
2024-01-30,17.700000762939453,17.700000762939453,17.350000381469727,17.700000762939453,119392640
2024-01-31,18.549999237060547,18.549999237060547,17.450000762939453,18.549999237060547,247906550
2024-02-01,18.649999618530273,19.200000762939453,17.850000381469727,18.149999618530273,181998773
2024-02-02,18.5,19.049999237060547,18.399999618530273,19.0,114086397
2024-02-05,19.399999618530273,19.950000762939453,19.350000381469727,19.899999618530273,144472834
2024-02-06,20.799999237060547,20.850000381469727,20.399999618530273,20.850000381469727,115216681
2024-02-07,21.75,21.850000381469727,21.649999618530273,21.850000381469727,101364593
2024-02-08,22.799999237060547,22.899999618530273,20.75,22.649999618530273,347090025
2024-02-09,23.399999618530273,23.5,21.549999237060547,23.25,225205254
2024-02-12,23.600000381469727,24.0,22.100000381469727,22.100000381469727,167566133
2024-02-13,21.200000762939453,21.5,21.0,21.0,45001188
2024-02-14,19.950000762939453,21.700000762939453,19.950000762939453,21.350000381469727,215702918
2024-02-15,21.899999618530273,21.899999618530273,20.450000762939453,21.049999237060547,31019112
2024-02-16,21.049999237060547,21.049999237060547,20.25,20.350000381469727,21915785
2024-02-19,20.549999237060547,21.0,20.200000762939453,20.899999618530273,18889161
2024-02-20,21.100000381469727,21.100000381469727,20.25,20.399999618530273,17558718
2024-02-21,20.450000762939453,21.049999237060547,19.600000381469727,19.799999237060547,24844375
2024-02-22,20.0,20.450000762939453,18.850000381469727,20.25,27552330
2024-02-23,20.25,20.399999618530273,19.350000381469727,19.450000762939453,28206112
2024-02-26,19.600000381469727,19.600000381469727,18.950000762939453,19.049999237060547,22554222
2024-02-27,18.100000381469727,18.899999618530273,18.100000381469727,18.25,42360496
2024-02-28,18.0,18.200000762939453,17.350000381469727,17.350000381469727,30645051
2024-02-29,16.799999237060547,18.200000762939453,16.600000381469727,18.200000762939453,43575581
2024-03-01,18.600000381469727,18.700000762939453,18.0,18.299999237060547,20345289
2024-03-04,19.100000381469727,19.149999618530273,18.0,18.149999618530273,16519506
2024-03-05,18.200000762939453,18.299999237060547,17.399999618530273,17.649999618530273,18799045
2024-03-06,17.600000381469727,17.950000762939453,16.799999237060547,17.5,32347306
2024-03-07,17.549999237060547,17.600000381469727,17.100000381469727,17.200000762939453,13684398
2024-03-11,17.25,17.5,16.549999237060547,16.649999618530273,18902676
2024-03-12,16.649999618530273,16.700000762939453,15.850000381469727,15.899999618530273,27161864
2024-03-13,15.800000190734863,15.850000381469727,15.100000381469727,15.100000381469727,20862359
2024-03-14,14.350000381469727,15.699999809265137,14.350000381469727,15.600000381469727,42129817
2024-03-15,15.5,16.299999237060547,15.0,16.200000762939453,34119382
2024-03-18,16.200000762939453,16.299999237060547,15.5,15.75,20985134
2024-03-19,15.699999809265137,15.699999809265137,15.100000381469727,15.100000381469727,13864080
2024-03-20,15.0,15.449999809265137,14.600000381469727,14.949999809265137,18522272
2024-03-21,15.199999809265137,15.600000381469727,15.050000190734863,15.399999618530273,22115784
2024-03-22,15.5,15.899999618530273,15.449999809265137,15.699999809265137,20495475
2024-03-26,15.850000381469727,15.949999809265137,15.0,15.149999618530273,19732353
2024-03-27,15.449999809265137,15.600000381469727,15.0,15.100000381469727,29237817
2024-03-28,15.300000190734863,15.550000190734863,15.199999809265137,15.25,21324963
2024-04-01,15.5,16.0,15.5,16.0,11297140
2024-04-02,16.600000381469727,16.799999237060547,16.450000762939453,16.799999237060547,16930862
2024-04-03,17.399999618530273,17.600000381469727,17.049999237060547,17.600000381469727,18402132
2024-04-04,18.450000762939453,18.450000762939453,18.450000762939453,18.450000762939453,5571937
2024-04-05,19.350000381469727,19.350000381469727,18.049999237060547,19.350000381469727,64588639
2024-04-08,19.600000381469727,19.600000381469727,18.399999618530273,18.399999618530273,38359946
2024-04-09,18.149999618530273,18.399999618530273,17.75,17.950000762939453,20223860
2024-04-10,17.950000762939453,18.299999237060547,17.600000381469727,17.950000762939453,17466843
2024-04-12,18.0,18.549999237060547,17.600000381469727,18.049999237060547,24388322
2024-04-15,17.25,17.549999237060547,17.149999618530273,17.149999618530273,21197554
2024-04-16,16.700000762939453,17.399999618530273,16.600000381469727,17.200000762939453,14054102
2024-04-18,17.350000381469727,17.75,17.100000381469727,17.200000762939453,14517686
2024-04-19,16.600000381469727,17.299999237060547,16.549999237060547,17.049999237060547,11325750
2024-04-22,17.399999618530273,17.649999618530273,17.049999237060547,17.399999618530273,13301143
2024-04-23,17.600000381469727,18.25,17.399999618530273,18.25,27280290
2024-04-24,18.450000762939453,18.450000762939453,17.950000762939453,18.049999237060547,19814611
2024-04-25,18.100000381469727,18.200000762939453,18.0,18.049999237060547,14626951
2024-04-26,18.149999618530273,18.200000762939453,17.950000762939453,18.100000381469727,14627921
2024-04-29,19.0,19.0,19.0,19.0,10749351
2024-04-30,19.950000762939453,19.950000762939453,19.950000762939453,19.950000762939453,48279529
2024-05-02,20.5,20.5,19.25,20.100000381469727,59616856
2024-05-03,20.25,20.350000381469727,19.5,19.700000762939453,27871389
2024-05-06,20.0,20.100000381469727,18.850000381469727,19.149999618530273,24102740
2024-05-07,19.100000381469727,19.100000381469727,18.200000762939453,18.450000762939453,24148387
2024-05-08,18.450000762939453,19.0,17.899999618530273,18.600000381469727,16373846
2024-05-09,18.850000381469727,18.850000381469727,17.700000762939453,17.850000381469727,19203760
2024-05-10,18.200000762939453,18.549999237060547,17.850000381469727,18.200000762939453,16986570
2024-05-13,18.450000762939453,18.549999237060547,17.549999237060547,18.049999237060547,16320993
2024-05-14,18.350000381469727,18.950000762939453,18.049999237060547,18.950000762939453,16067747
2024-05-15,18.899999618530273,19.399999618530273,18.700000762939453,19.049999237060547,20844138
2024-05-16,19.25,19.399999618530273,18.850000381469727,18.950000762939453,13481068
2024-05-17,19.100000381469727,19.850000381469727,18.899999618530273,19.649999618530273,24370219
2024-05-21,20.0,20.149999618530273,19.399999618530273,19.450000762939453,43848333
2024-05-22,19.649999618530273,20.0,19.200000762939453,19.350000381469727,37018441
2024-05-23,19.600000381469727,20.100000381469727,19.399999618530273,19.799999237060547,49157473
2024-05-24,19.799999237060547,20.75,19.649999618530273,20.450000762939453,102361880
2024-05-27,20.899999618530273,21.100000381469727,19.899999618530273,20.049999237060547,62772877
2024-05-28,20.25,20.25,19.149999618530273,19.399999618530273,42402233
2024-05-29,19.299999237060547,19.75,18.950000762939453,19.399999618530273,32584927
2024-05-30,19.350000381469727,19.75,19.049999237060547,19.149999618530273,32598077
2024-05-31,19.149999618530273,19.600000381469727,18.649999618530273,19.25,44847654
2024-06-03,20.200000762939453,20.200000762939453,19.649999618530273,20.149999618530273,83244969
2024-06-04,19.149999618530273,19.549999237060547,19.149999618530273,19.149999618530273,48108750
2024-06-05,18.200000762939453,18.200000762939453,18.200000762939453,18.200000762939453,15352513
2024-06-06,18.25,19.0,17.399999618530273,17.649999618530273,128108702
2024-06-07,17.700000762939453,18.399999618530273,17.649999618530273,18.100000381469727,45669269
2024-06-10,18.450000762939453,18.450000762939453,17.75,17.8799991607666,27739948
2024-06-11,17.93000030517578,18.649999618530273,17.760000228881836,18.43000030517578,43405034
2024-06-12,18.65999984741211,19.350000381469727,18.65999984741211,19.350000381469727,40659061
2024-06-13,19.809999465942383,20.239999771118164,19.0,19.709999084472656,51748531
2024-06-14,19.799999237060547,20.139999389648438,19.31999969482422,19.780000686645508,51047773
2024-06-18,19.790000915527344,20.18000030517578,19.219999313354492,19.360000610351562,41377058
2024-06-19,19.450000762939453,19.540000915527344,18.649999618530273,18.959999084472656,26271101
2024-06-20,19.0,19.280000686645508,18.719999313354492,18.8700008392334,26949255
2024-06-21,19.0,19.5,18.90999984741211,19.190000534057617,33125400
2024-06-24,19.399999618530273,20.139999389648438,19.200000762939453,20.139999389648438,93082929
2024-06-25,20.450000762939453,20.540000915527344,19.81999969482422,19.950000762939453,51500865
2024-06-26,20.0,20.200000762939453,19.6200008392334,19.690000534057617,31039322
2024-06-27,19.8700008392334,20.100000381469727,18.899999618530273,19.670000076293945,35361726
2024-06-28,19.760000228881836,19.979999542236328,19.420000076293945,19.600000381469727,19793463
2024-07-01,19.75,19.950000762939453,19.549999237060547,19.8799991607666,30421054
2024-07-02,20.290000915527344,20.290000915527344,19.43000030517578,19.829999923706055,27829404
2024-07-03,19.969999313354492,20.040000915527344,19.450000762939453,19.670000076293945,20121991
2024-07-04,19.670000076293945,19.770000457763672,18.989999771118164,19.030000686645508,37332968
2024-07-05,18.989999771118164,19.229999542236328,18.299999237060547,18.56999969482422,41091222
2024-07-08,18.600000381469727,19.020000457763672,18.399999618530273,18.670000076293945,26329490
2024-07-09,18.780000686645508,19.399999618530273,18.75,19.280000686645508,36445842
2024-07-10,19.5,19.5,18.40999984741211,18.959999084472656,28976599
2024-07-11,18.969999313354492,19.030000686645508,18.649999618530273,18.690000534057617,19991033
2024-07-12,18.799999237060547,18.8700008392334,18.3700008392334,18.43000030517578,19518295
2024-07-15,18.75,18.75,17.950000762939453,18.489999771118164,25529535
2024-07-16,18.700000762939453,18.90999984741211,18.510000228881836,18.639999389648438,17233208
2024-07-18,18.770000457763672,18.770000457763672,18.219999313354492,18.31999969482422,22893376
2024-07-19,18.299999237060547,18.299999237060547,17.860000610351562,17.920000076293945,18825071
2024-07-22,17.899999618530273,18.079999923706055,17.40999984741211,17.809999465942383,19407393
2024-07-23,18.110000610351562,18.270000457763672,17.0,17.90999984741211,23444290
2024-07-24,17.959999084472656,18.799999237060547,17.899999618530273,18.799999237060547,22120366
2024-07-25,18.649999618530273,19.299999237060547,18.5,18.829999923706055,46283601
2024-07-26,19.010000228881836,19.770000457763672,18.799999237060547,19.65999984741211,66105991
2024-07-29,20.5,20.639999389648438,19.299999237060547,19.420000076293945,77530630
2024-07-30,19.459999084472656,19.59000015258789,19.18000030517578,19.309999465942383,33354324
2024-07-31,19.399999618530273,20.200000762939453,19.299999237060547,19.850000381469727,49490114
2024-08-01,19.950000762939453,19.989999771118164,19.030000686645508,19.15999984741211,42903143
2024-08-02,18.899999618530273,20.049999237060547,18.760000228881836,19.790000915527344,62121631
2024-08-05,19.020000457763672,19.389999389648438,18.799999237060547,18.799999237060547,53719841
2024-08-06,18.860000610351562,19.139999389648438,17.90999984741211,17.979999542236328,42906170
2024-08-07,18.399999618530273,18.8700008392334,17.899999618530273,18.8700008392334,27512734
2024-08-08,18.989999771118164,19.139999389648438,17.920000076293945,17.920000076293945,55990682
2024-08-09,17.329999923706055,17.829999923706055,17.020000457763672,17.530000686645508,63116480
2024-08-12,17.559999465942383,18.25,17.149999618530273,17.829999923706055,41957504
2024-08-13,17.940000534057617,18.1200008392334,17.5,17.600000381469727,26299204
2024-08-14,17.770000457763672,17.799999237060547,17.049999237060547,17.59000015258789,26476662
2024-08-16,17.799999237060547,18.059999465942383,17.40999984741211,17.65999984741211,18688684
2024-08-19,17.979999542236328,18.34000015258789,17.799999237060547,17.979999542236328,29894310
2024-08-20,18.1299991607666,18.299999237060547,17.969999313354492,18.100000381469727,20363008
2024-08-21,18.190000534057617,19.0,18.1299991607666,18.780000686645508,71439148
2024-08-22,18.8799991607666,18.959999084472656,18.399999618530273,18.549999237060547,32947659
2024-08-23,18.770000457763672,18.940000534057617,18.399999618530273,18.520000457763672,33803897
2024-08-26,18.579999923706055,18.6200008392334,18.149999618530273,18.190000534057617,18293705
2024-08-27,18.309999465942383,18.329999923706055,18.0,18.200000762939453,19676891
2024-08-28,18.25,18.440000534057617,18.0,18.020000457763672,21066196
2024-08-29,18.139999389648438,18.139999389648438,17.8700008392334,17.940000534057617,19298064
2024-08-30,17.950000762939453,18.110000610351562,17.899999618530273,17.920000076293945,13354596
2024-09-02,18.100000381469727,18.139999389648438,17.600000381469727,17.90999984741211,22657065
2024-09-03,17.90999984741211,18.479999542236328,17.899999618530273,18.020000457763672,33706650
2024-09-04,17.989999771118164,18.450000762939453,17.84000015258789,17.950000762939453,21651193
2024-09-05,18.100000381469727,18.139999389648438,17.8799991607666,17.93000030517578,11983140
2024-09-06,17.969999313354492,18.100000381469727,17.40999984741211,17.469999313354492,24176033
2024-09-09,17.549999237060547,17.549999237060547,17.010000228881836,17.270000457763672,18326277
2024-09-10,17.3700008392334,17.649999618530273,17.34000015258789,17.540000915527344,13384483
2024-09-11,17.579999923706055,17.639999389648438,17.100000381469727,17.190000534057617,13175648
2024-09-12,17.399999618530273,17.440000534057617,17.059999465942383,17.290000915527344,14545551
2024-09-13,17.3799991607666,17.540000915527344,17.219999313354492,17.309999465942383,12151577
2024-09-16,17.450000762939453,17.700000762939453,17.209999084472656,17.350000381469727,15608267
2024-09-17,17.479999542236328,17.479999542236328,17.170000076293945,17.34000015258789,13596849
2024-09-18,17.3700008392334,17.479999542236328,17.190000534057617,17.200000762939453,12861011
2024-09-19,17.280000686645508,17.329999923706055,16.760000228881836,16.899999618530273,22412911
2024-09-20,17.0,17.239999771118164,16.829999923706055,17.020000457763672,19968452
2024-09-23,17.25,17.8700008392334,17.149999618530273,17.760000228881836,34409016
2024-09-24,17.860000610351562,18.270000457763672,17.510000228881836,17.850000381469727,27567568
2024-09-25,17.889999389648438,17.950000762939453,17.520000457763672,17.6200008392334,12858612
2024-09-26,17.6299991607666,17.700000762939453,17.3799991607666,17.420000076293945,11171034
2024-09-27,17.450000762939453,18.110000610351562,16.75,17.56999969482422,52088250
2024-09-30,17.739999771118164,18.440000534057617,17.25,18.239999771118164,72752766
2024-10-01,18.719999313354492,19.149999618530273,18.600000381469727,19.149999618530273,34282426
2024-10-03,19.350000381469727,20.100000381469727,19.31999969482422,20.100000381469727,174381863
2024-10-04,20.5,20.790000915527344,19.209999084472656,19.43000030517578,138301403
2024-10-07,19.43000030517578,19.59000015258789,18.450000762939453,18.450000762939453,71026435
2024-10-08,17.649999618530273,20.350000381469727,17.15999984741211,20.020000457763672,141863698
2024-10-09,20.280000686645508,22.799999237060547,20.209999084472656,22.1299991607666,314421886
2024-10-10,22.639999389648438,23.770000457763672,21.899999618530273,22.8799991607666,283904353
2024-10-11,22.979999542236328,23.239999771118164,22.15999984741211,22.309999465942383,116699215
2024-10-14,22.399999618530273,22.489999771118164,21.059999465942383,21.31999969482422,98992072
2024-10-15,21.399999618530273,22.18000030517578,21.190000534057617,21.389999389648438,78737486
2024-10-16,21.5,21.84000015258789,20.899999618530273,21.149999618530273,65777548
2024-10-17,21.309999465942383,21.350000381469727,19.799999237060547,19.899999618530273,101229314
2024-10-18,19.899999618530273,20.34000015258789,19.399999618530273,20.010000228881836,72852665
2024-10-21,20.209999084472656,20.399999618530273,19.049999237060547,19.170000076293945,53036585
2024-10-22,19.1200008392334,19.31999969482422,18.209999084472656,18.299999237060547,67319497
2024-10-23,18.200000762939453,18.84000015258789,17.8799991607666,18.450000762939453,69876795
2024-10-24,18.6299991607666,18.75,18.190000534057617,18.389999389648438,49571512
2024-10-25,18.510000228881836,18.540000915527344,17.5,17.889999389648438,59167425
2024-10-28,17.920000076293945,18.34000015258789,16.940000534057617,18.010000228881836,75445312
2024-10-29,18.020000457763672,18.239999771118164,17.579999923706055,17.940000534057617,42539886
2024-10-30,17.799999237060547,18.670000076293945,17.649999618530273,18.43000030517578,47971123
2024-10-31,18.540000915527344,18.549999237060547,18.020000457763672,18.200000762939453,34250555
2024-11-01,18.399999618530273,18.6200008392334,18.350000381469727,18.469999313354492,11468088
2024-11-04,18.5,18.549999237060547,17.799999237060547,17.8799991607666,39500019
2024-11-05,17.649999618530273,18.100000381469727,17.649999618530273,17.959999084472656,44241804
2024-11-06,18.09000015258789,18.420000076293945,17.8700008392334,18.270000457763672,38230217
2024-11-07,18.5,19.479999542236328,18.420000076293945,18.719999313354492,92028441
2024-11-08,18.899999618530273,18.899999618530273,17.899999618530273,17.989999771118164,47491107
2024-11-11,18.049999237060547,18.200000762939453,17.6200008392334,17.8799991607666,36997982
2024-11-12,17.8799991607666,18.09000015258789,17.200000762939453,17.309999465942383,46534495
2024-11-13,17.299999237060547,17.420000076293945,16.5,16.56999969482422,59850482
2024-11-14,16.639999389648438,17.1200008392334,16.520000457763672,16.690000534057617,42827273
2024-11-18,16.770000457763672,16.940000534057617,16.15999984741211,16.579999923706055,40689873
2024-11-19,16.6299991607666,17.079999923706055,16.540000915527344,16.65999984741211,32815099
2024-11-21,16.65999984741211,16.75,16.280000686645508,16.34000015258789,44900025
2024-11-22,16.329999923706055,16.43000030517578,16.079999923706055,16.299999237060547,37762413
2024-11-25,16.860000610351562,17.030000686645508,16.100000381469727,16.209999084472656,37567072
2024-11-26,16.209999084472656,16.389999389648438,16.100000381469727,16.25,27716328
2024-11-27,16.309999465942383,17.5,16.190000534057617,17.3700008392334,55054979
2024-11-28,17.40999984741211,19.329999923706055,17.149999618530273,18.93000030517578,174035043
2024-11-29,19.139999389648438,19.299999237060547,18.200000762939453,18.459999084472656,70170526
2024-12-02,18.459999084472656,19.010000228881836,18.15999984741211,18.540000915527344,52520443
2024-12-03,18.639999389648438,19.209999084472656,18.549999237060547,19.09000015258789,59345132
2024-12-04,19.18000030517578,20.280000686645508,19.049999237060547,19.989999771118164,133781561
2024-12-05,20.059999465942383,20.1200008392334,19.309999465942383,19.6200008392334,65279345
2024-12-06,19.6200008392334,20.100000381469727,19.1200008392334,19.219999313354492,70622959
2024-12-09,19.139999389648438,19.280000686645508,18.700000762939453,18.75,46137721
2024-12-10,18.799999237060547,19.299999237060547,18.40999984741211,19.059999465942383,55941974
2024-12-11,19.200000762939453,19.34000015258789,18.860000610351562,18.979999542236328,41583472
2024-12-12,19.0,19.0,18.6200008392334,18.709999084472656,22632732
2024-12-13,18.700000762939453,19.06999969482422,18.329999923706055,18.84000015258789,54553946
2024-12-16,19.049999237060547,19.75,19.010000228881836,19.149999618530273,69262955
2024-12-17,19.1200008392334,19.280000686645508,18.75,18.829999923706055,38145679
2024-12-18,18.790000915527344,18.850000381469727,18.34000015258789,18.530000686645508,29002902
2024-12-19,18.149999618530273,20.09000015258789,17.940000534057617,19.8700008392334,158628763
2024-12-20,19.649999618530273,20.350000381469727,18.790000915527344,18.969999313354492,115950835
2024-12-23,19.170000076293945,19.219999313354492,18.5,18.579999923706055,45001900
2024-12-24,18.600000381469727,18.700000762939453,18.200000762939453,18.25,33607857
2024-12-26,18.360000610351562,18.5,18.059999465942383,18.1299991607666,23811527
2024-12-27,18.280000686645508,18.530000686645508,18.049999237060547,18.1299991607666,20423025
2024-12-30,17.0,17.770000457763672,16.760000228881836,17.59000015258789,51663273
2024-12-31,17.549999237060547,17.81999969482422,17.3700008392334,17.700000762939453,26957429
2025-01-01,17.700000762939453,18.219999313354492,17.649999618530273,18.059999465942383,25953444
2025-01-02,18.149999618530273,18.299999237060547,17.670000076293945,17.729999542236328,27684486
2025-01-03,17.799999237060547,18.139999389648438,17.610000610351562,17.670000076293945,26748382
2025-01-06,17.700000762939453,17.729999542236328,16.670000076293945,16.780000686645508,51731911
2025-01-07,16.850000381469727,17.350000381469727,16.84000015258789,17.270000457763672,29708349
2025-01-08,17.270000457763672,17.399999618530273,16.920000076293945,17.139999389648438,23075206
2025-01-09,17.139999389648438,17.280000686645508,16.799999237060547,16.8700008392334,20358737
2025-01-10,16.8700008392334,16.940000534057617,16.049999237060547,16.200000762939453,39220898
2025-01-13,16.1299991607666,16.3799991607666,15.420000076293945,15.779999732971191,38300492
2025-01-14,15.789999961853027,16.440000534057617,15.789999961853027,16.360000610351562,28529459
2025-01-15,16.360000610351562,16.690000534057617,16.1299991607666,16.290000915527344,26554780
2025-01-16,16.440000534057617,16.8799991607666,16.440000534057617,16.6299991607666,19888721
2025-01-17,16.639999389648438,16.84000015258789,16.43000030517578,16.700000762939453,19400595
2025-01-20,16.860000610351562,17.1200008392334,16.65999984741211,16.90999984741211,21005372
2025-01-21,17.0,17.200000762939453,16.3799991607666,16.479999542236328,24235352
2025-01-22,16.600000381469727,16.770000457763672,16.030000686645508,16.309999465942383,23476733
2025-01-23,16.290000915527344,16.40999984741211,16.079999923706055,16.15999984741211,15978781
2025-01-24,16.18000030517578,16.3700008392334,15.920000076293945,16.040000915527344,15878808
2025-01-27,15.960000038146973,15.960000038146973,14.979999542236328,15.079999923706055,38256015
2025-01-28,15.300000190734863,15.5,14.359999656677246,14.949999809265137,48455594
2025-01-29,15.130000114440918,15.579999923706055,15.020000457763672,15.380000114440918,23739634
2025-01-30,15.5,15.899999618530273,15.390000343322754,15.729999542236328,25240779
2025-01-31,15.75,16.450000762939453,15.510000228881836,16.329999923706055,26114840
2025-02-01,16.739999771118164,16.739999771118164,15.760000228881836,15.9399995803833,34112657
2025-02-03,15.0,15.210000038146973,14.5,14.859999656677246,51949066
2025-02-04,15.020000457763672,15.3100004196167,14.920000076293945,15.020000457763672,26957469
2025-02-05,15.050000190734863,15.329999923706055,15.050000190734863,15.069999694824219,17824111
2025-02-06,15.199999809265137,15.399999618530273,15.0,15.039999961853027,23215157
2025-02-07,15.050000190734863,15.140000343322754,14.869999885559082,14.949999809265137,18741199
2025-02-10,14.960000038146973,15.029999732971191,14.649999618530273,14.739999771118164,15396474
2025-02-11,14.729999542236328,14.779999732971191,14.100000381469727,14.199999809265137,23844601
2025-02-12,14.180000305175781,14.270000457763672,13.270000457763672,14.130000114440918,41244083
2025-02-13,14.25,14.520000457763672,13.949999809265137,14.039999961853027,21988638
2025-02-14,14.079999923706055,14.210000038146973,13.25,13.460000038146973,27567737
2025-02-17,13.449999809265137,13.630000114440918,12.989999771118164,13.5600004196167,30774167
2025-02-18,13.5600004196167,13.5600004196167,12.930000305175781,13.0600004196167,25337247
2025-02-19,13.0,13.899999618530273,12.850000381469727,13.739999771118164,33858654
2025-02-20,13.720000267028809,13.869999885559082,13.520000457763672,13.800000190734863,20592176
2025-02-21,13.779999732971191,14.34000015258789,13.75,13.920000076293945,34034935
2025-02-24,13.789999961853027,13.979999542236328,13.449999809265137,13.859999656677246,26427215
2025-02-25,13.859999656677246,14.130000114440918,13.680000305175781,13.970000267028809,20751802
2025-02-27,14.0,14.09000015258789,13.710000038146973,13.930000305175781,22337493
2025-02-28,13.84000015258789,13.84000015258789,13.319999694824219,13.359999656677246,25358653
2025-03-03,13.4399995803833,13.739999771118164,12.359999656677246,13.069999694824219,52863120
2025-03-04,12.949999809265137,13.300000190734863,12.75,13.029999732971191,33386853
2025-03-05,13.050000190734863,13.579999923706055,13.039999961853027,13.520000457763672,32452148
2025-03-06,13.65999984741211,13.970000267028809,13.539999961853027,13.640000343322754,27684683
2025-03-07,13.800000190734863,14.279999732971191,13.609999656677246,14.149999618530273,33756123
2025-03-10,14.199999809265137,14.5,13.829999923706055,14.100000381469727,31605778
2025-03-11,13.979999542236328,13.979999542236328,13.520000457763672,13.630000114440918,27852470
2025-03-12,13.84000015258789,14.920000076293945,13.5600004196167,13.65999984741211,79451547
2025-03-13,13.789999961853027,13.880000114440918,13.359999656677246,13.449999809265137,42104631
2025-03-17,13.550000190734863,13.6899995803833,12.960000038146973,13.069999694824219,34384123
2025-03-18,13.069999694824219,13.069999694824219,13.069999694824219,13.069999694824219,0
2025-03-19,13.5,15.069999694824219,13.5,14.75,100186811
2025-03-20,15.0,15.149999618530273,14.380000114440918,14.640000343322754,47749890
2025-03-21,14.640000343322754,15.199999809265137,14.510000228881836,14.960000038146973,41492322
2025-03-24,15.140000343322754,15.449999809265137,14.920000076293945,14.989999771118164,30735142
2025-03-25,15.050000190734863,15.140000343322754,14.300000190734863,14.420000076293945,35528576
2025-03-26,14.449999809265137,15.050000190734863,14.050000190734863,14.100000381469727,63209310
2025-03-27,14.140000343322754,14.600000381469727,14.079999923706055,14.479999542236328,40811940
2025-03-28,14.619999885559082,14.850000381469727,14.149999618530273,14.25,35544914
2025-04-01,14.100000381469727,14.800000190734863,14.010000228881836,14.649999618530273,28938405
2025-04-02,14.789999961853027,14.899999618530273,14.1899995803833,14.649999618530273,28977124
2025-04-03,14.449999809265137,15.350000381469727,14.390000343322754,15.279999732971191,43979242
2025-04-04,15.239999771118164,15.319999694824219,14.630000114440918,14.789999961853027,31691199
2025-04-07,13.449999809265137,14.3100004196167,13.260000228881836,14.180000305175781,52620104
2025-04-08,14.399999618530273,14.75,14.260000228881836,14.600000381469727,29730876
2025-04-09,14.539999961853027,14.699999809265137,14.319999694824219,14.430000305175781,22524108
2025-04-11,14.739999771118164,14.789999961853027,14.449999809265137,14.510000228881836,19734825
2025-04-15,14.640000343322754,15.880000114440918,14.619999885559082,15.260000228881836,63786065
2025-04-16,15.350000381469727,15.550000190734863,15.220000267028809,15.40999984741211,25177061
2025-04-17,15.25,15.59000015258789,15.199999809265137,15.470000267028809,26308745
2025-04-21,15.670000076293945,16.149999618530273,15.529999732971191,15.84000015258789,35248864
2025-04-22,16.079999923706055,16.489999771118164,15.75,15.880000114440918,51847431
2025-04-23,16.100000381469727,16.149999618530273,15.510000228881836,15.699999809265137,25515280
2025-04-24,15.6899995803833,16.049999237060547,15.510000228881836,15.579999923706055,24325105
2025-04-25,15.6899995803833,15.739999771118164,14.779999732971191,15.0600004196167,39214805
2025-04-28,15.0,15.079999923706055,14.770000457763672,14.920000076293945,20971741
2025-04-29,14.989999771118164,15.300000190734863,14.869999885559082,14.9399995803833,22457123
2025-04-30,14.9399995803833,15.010000228881836,14.40999984741211,14.539999961853027,22518141
2025-05-02,14.5,14.6899995803833,14.109999656677246,14.180000305175781,26433759
2025-05-05,14.199999809265137,14.390000343322754,13.960000038146973,14.0600004196167,29849121
2025-05-06,14.119999885559082,14.25,13.5,13.550000190734863,23718038
2025-05-07,12.520000457763672,13.760000228881836,12.520000457763672,13.6899995803833,30397892
2025-05-08,13.850000381469727,13.899999618530273,13.180000305175781,13.239999771118164,21335328
2025-05-09,12.75,13.4399995803833,12.75,13.289999961853027,33900532
2025-05-12,14.600000381469727,14.649999618530273,14.0,14.239999771118164,30744194
2025-05-13,14.399999618530273,14.529999732971191,14.180000305175781,14.4399995803833,22310891
2025-05-14,14.59000015258789,14.670000076293945,14.420000076293945,14.569999694824219,19260277
2025-05-15,14.619999885559082,14.8100004196167,14.600000381469727,14.6899995803833,18421963
2025-05-16,14.75,15.279999732971191,14.729999542236328,15.109999656677246,29614671
2025-05-19,15.199999809265137,15.520000457763672,14.899999618530273,14.989999771118164,24839378
2025-05-20,15.050000190734863,15.199999809265137,14.710000038146973,14.789999961853027,22884948
2025-05-21,14.789999961853027,15.039999961853027,14.65999984741211,14.850000381469727,18773143
2025-05-22,14.869999885559082,14.979999542236328,14.600000381469727,14.699999809265137,17912080
2025-05-23,14.710000038146973,15.390000343322754,14.579999923706055,15.180000305175781,43402004
2025-05-26,15.180000305175781,15.460000038146973,15.100000381469727,15.199999809265137,25052015
2025-05-27,15.199999809265137,15.350000381469727,14.880000114440918,15.1899995803833,26085074
2025-05-28,15.199999809265137,15.390000343322754,15.0,15.050000190734863,17195072
2025-05-29,15.15999984741211,15.260000228881836,14.949999809265137,15.119999885559082,20034929
2025-05-30,15.119999885559082,16.200000762939453,15.020000457763672,15.539999961853027,97288842
2025-06-02,15.600000381469727,15.949999809265137,15.390000343322754,15.640000343322754,44723496
2025-06-03,15.720000267028809,15.84000015258789,15.34000015258789,15.390000343322754,26376213
2025-06-04,15.449999809265137,15.760000228881836,15.199999809265137,15.65999984741211,31676702
2025-06-05,15.65999984741211,16.110000610351562,15.65999984741211,15.75,32082284
2025-06-06,15.84000015258789,16.75,15.729999542236328,16.239999771118164,92688605
2025-06-09,16.389999389648438,17.950000762939453,16.350000381469727,17.729999542236328,195094302
2025-06-10,17.889999389648438,18.239999771118164,17.079999923706055,17.989999771118164,192797796
2025-06-11,18.06999969482422,19.299999237060547,17.770000457763672,18.219999313354492,259396456
2025-06-12,18.290000915527344,18.670000076293945,17.6200008392334,17.729999542236328,118518014
2025-06-13,17.200000762939453,17.889999389648438,17.149999618530273,17.670000076293945,76556230
2025-06-16,17.790000915527344,17.940000534057617,17.059999465942383,17.690000534057617,67018422
2025-06-17,17.780000686645508,17.899999618530273,17.360000610351562,17.40999984741211,51130494
2025-06-18,17.3799991607666,17.729999542236328,17.149999618530273,17.209999084472656,44289969
2025-06-19,17.25,17.670000076293945,16.860000610351562,17.010000228881836,57448745
2025-06-20,17.100000381469727,17.5,16.799999237060547,17.309999465942383,81134447
2025-06-23,17.200000762939453,17.34000015258789,16.850000381469727,16.90999984741211,39584286
2025-06-24,17.06999969482422,17.700000762939453,17.06999969482422,17.360000610351562,59764603
2025-06-25,17.719999313354492,18.280000686645508,17.65999984741211,18.040000915527344,94182028
2025-06-26,18.15999984741211,18.389999389648438,17.829999923706055,17.969999313354492,46824130
2025-06-27,18.059999465942383,18.31999969482422,17.950000762939453,18.100000381469727,49771684
2025-06-30,18.079999923706055,18.75,18.079999923706055,18.299999237060547,98114976
2025-07-01,18.389999389648438,19.280000686645508,18.149999618530273,19.079999923706055,127392138
2025-07-02,19.280000686645508,19.299999237060547,18.56999969482422,18.799999237060547,84150019
2025-07-03,18.850000381469727,18.940000534057617,18.3700008392334,18.670000076293945,67561555
2025-07-04,18.670000076293945,19.09000015258789,18.520000457763672,18.950000762939453,74804403
2025-07-07,19.100000381469727,22.739999771118164,18.950000762939453,22.649999618530273,931561171
2025-07-08,23.200000762939453,23.84000015258789,21.829999923706055,22.389999389648438,708814670
2025-07-09,22.389999389648438,23.540000915527344,22.100000381469727,22.3700008392334,414818397
2025-07-10,22.469999313354492,23.5,22.149999618530273,23.030000686645508,344609519
2025-07-11,23.149999618530273,24.850000381469727,23.149999618530273,23.6299991607666,499795562
2025-07-14,24.200000762939453,27.700000762939453,23.079999923706055,27.229999542236328,1033357031
2025-07-15,27.100000381469727,27.139999389648438,24.5,24.510000228881836,477464349
2025-07-16,24.510000228881836,24.93000030517578,22.920000076293945,23.75,322107383
2025-07-17,23.75,23.940000534057617,22.389999389648438,22.729999542236328,155253637
2025-07-18,22.760000228881836,23.479999542236328,22.40999984741211,22.860000610351562,191936022
2025-07-21,23.049999237060547,23.079999923706055,21.40999984741211,21.520000457763672,125656706
2025-07-22,21.610000610351562,22.399999618530273,21.31999969482422,21.420000076293945,85553417
2025-07-23,21.799999237060547,22.190000534057617,20.860000610351562,21.510000228881836,91552131
2025-07-24,21.600000381469727,21.65999984741211,21.0,21.110000610351562,40396347
2025-07-25,21.040000915527344,21.059999465942383,20.049999237060547,20.1200008392334,57037915
2025-07-28,20.100000381469727,20.899999618530273,19.770000457763672,20.40999984741211,52797533
2025-07-29,20.40999984741211,21.43000030517578,20.1200008392334,21.43000030517578,46578689
2025-07-30,21.889999389648438,22.100000381469727,21.15999984741211,21.450000762939453,63397527
2025-07-31,20.739999771118164,21.360000610351562,20.5,21.0,50443294
2025-08-01,21.0,21.149999618530273,20.020000457763672,20.139999389648438,37951209
2025-08-04,20.0,20.170000076293945,19.260000228881836,19.450000762939453,52723883
2025-08-05,19.489999771118164,19.649999618530273,18.950000762939453,19.270000457763672,35057217
2025-08-06,19.399999618530273,19.5,18.709999084472656,19.079999923706055,37482095
2025-08-07,18.969999313354492,19.049999237060547,18.360000610351562,18.940000534057617,37400028
2025-08-08,19.0,19.639999389648438,18.81999969482422,19.15999984741211,57981153
2025-08-11,19.450000762939453,19.559999465942383,19.0,19.360000610351562,30920088
2025-08-12,19.350000381469727,19.3700008392334,18.809999465942383,18.8799991607666,21184280
2025-08-13,18.899999618530273,19.270000457763672,18.809999465942383,18.90999984741211,21135041
2025-08-14,19.0,19.0,18.3700008392334,18.559999465942383,27191900
2025-08-18,18.84000015258789,18.90999984741211,18.18000030517578,18.25,25366702
2025-08-19,18.270000457763672,19.15999984741211,18.139999389648438,19.15999984741211,35812300
2025-08-20,19.479999542236328,19.56999969482422,18.899999618530273,19.049999237060547,45791238
2025-08-21,19.299999237060547,19.84000015258789,19.010000228881836,19.06999969482422,46130513
2025-08-22,19.06999969482422,19.149999618530273,18.829999923706055,18.8700008392334,19707261
2025-08-25,18.940000534057617,19.030000686645508,18.610000610351562,18.700000762939453,20276698
2025-08-26,18.610000610351562,18.719999313354492,18.010000228881836,18.049999237060547,20964626
2025-08-28,18.950000762939453,18.950000762939453,18.65999984741211,18.950000762939453,36511359
2025-08-29,19.299999237060547,19.6299991607666,18.290000915527344,18.389999389648438,65744817
2025-09-01,18.600000381469727,18.860000610351562,18.389999389648438,18.520000457763672,31307679
2025-09-02,18.510000228881836,18.93000030517578,18.25,18.3799991607666,25233583
2025-09-03,18.40999984741211,18.670000076293945,18.270000457763672,18.360000610351562,29464321
2025-09-04,18.5,18.850000381469727,18.139999389648438,18.170000076293945,34372489
2025-09-05,18.440000534057617,19.06999969482422,18.079999923706055,19.06999969482422,64484330
2025-09-08,20.020000457763672,20.020000457763672,19.5,20.020000457763672,19018486
2025-09-09,20.399999618530273,20.399999618530273,19.1299991607666,19.25,79616973
2025-09-10,19.3799991607666,19.739999771118164,19.200000762939453,19.260000228881836,41275098
2025-09-11,19.260000228881836,19.399999618530273,19.010000228881836,19.09000015258789,23543555
2025-09-12,19.100000381469727,19.229999542236328,18.860000610351562,18.90999984741211,22374177
2025-09-15,18.969999313354492,19.139999389648438,18.709999084472656,18.8700008392334,23202929
2025-09-16,18.8700008392334,19.270000457763672,18.760000228881836,19.079999923706055,23690463
2025-09-17,19.200000762939453,19.25,19.0,19.049999237060547,17867498
2025-09-18,19.059999465942383,19.1299991607666,18.799999237060547,18.829999923706055,18026472
2025-09-19,18.829999923706055,19.040000915527344,18.5,18.68000030517578,31215105
2025-09-22,18.68000030517578,18.8700008392334,18.5,18.520000457763672,17467712
2025-09-23,18.56999969482422,18.6200008392334,18.219999313354492,18.31999969482422,18543532
2025-09-24,18.299999237060547,18.489999771118164,17.93000030517578,18.030000686645508,23161417
2025-09-25,18.040000915527344,18.18000030517578,17.799999237060547,17.809999465942383,17272755
2025-09-26,17.809999465942383,17.860000610351562,17.510000228881836,17.59000015258789,19377884
2025-09-29,17.579999923706055,17.860000610351562,17.450000762939453,17.530000686645508,17481324
2025-09-30,17.549999237060547,17.790000915527344,17.309999465942383,17.43000030517578,14265057
2025-10-01,17.450000762939453,17.850000381469727,17.43000030517578,17.760000228881836,18144155
2025-10-03,17.799999237060547,18.639999389648438,17.739999771118164,18.549999237060547,38277229
2025-10-06,18.600000381469727,18.600000381469727,18.020000457763672,18.059999465942383,16170046
2025-10-07,18.059999465942383,18.530000686645508,17.799999237060547,17.899999618530273,30629003
2025-10-08,18.100000381469727,18.420000076293945,17.809999465942383,17.969999313354492,32775722
2025-10-09,18.100000381469727,18.1200008392334,17.809999465942383,17.950000762939453,15993480
2025-10-10,17.989999771118164,19.149999618530273,17.920000076293945,18.469999313354492,66119449
2025-10-13,18.399999618530273,18.540000915527344,18.190000534057617,18.350000381469727,21962234
2025-10-14,18.350000381469727,18.459999084472656,17.899999618530273,17.950000762939453,23530424
2025-10-15,18.09000015258789,18.260000228881836,18.030000686645508,18.09000015258789,18485417
2025-10-16,18.139999389648438,18.239999771118164,17.950000762939453,18.010000228881836,12235912
2025-10-17,18.040000915527344,18.100000381469727,17.84000015258789,17.90999984741211,14577227
2025-10-20,17.989999771118164,17.989999771118164,17.610000610351562,17.8799991607666,18034158
2025-10-21,18.030000686645508,18.100000381469727,17.969999313354492,18.010000228881836,4518671
2025-10-23,18.059999465942383,18.31999969482422,17.860000610351562,17.989999771118164,30013964
2025-10-24,18.06999969482422,18.1299991607666,17.899999618530273,17.959999084472656,15673249
2025-10-27,18.0,18.190000534057617,17.8700008392334,17.899999618530273,11776344
2025-10-28,17.889999389648438,18.0,17.649999618530273,17.889999389648438,19281491
2025-10-29,17.979999542236328,18.399999618530273,17.780000686645508,18.200000762939453,42074601
2025-10-30,18.219999313354492,18.440000534057617,17.850000381469727,17.889999389648438,19683051
2025-10-31,17.959999084472656,18.239999771118164,17.780000686645508,18.020000457763672,25445670
2025-11-03,18.020000457763672,18.399999618530273,17.940000534057617,18.0,24570197
2025-11-04,17.989999771118164,18.149999618530273,17.860000610351562,17.889999389648438,20726505
2025-11-06,17.889999389648438,17.959999084472656,17.520000457763672,17.690000534057617,22761318
2025-11-07,17.649999618530273,17.700000762939453,17.329999923706055,17.610000610351562,18014512
2025-11-10,17.889999389648438,18.350000381469727,17.780000686645508,17.93000030517578,31413591
2025-11-11,18.010000228881836,18.1200008392334,17.799999237060547,18.010000228881836,13653620
2025-11-12,18.18000030517578,18.299999237060547,17.93000030517578,17.979999542236328,23123151
2025-11-13,17.959999084472656,18.329999923706055,17.920000076293945,17.940000534057617,31676088
2025-11-14,17.799999237060547,17.989999771118164,17.709999084472656,17.760000228881836,17883896
2025-11-17,17.850000381469727,18.200000762939453,17.780000686645508,17.84000015258789,21533262
2025-11-18,17.84000015258789,17.899999618530273,17.600000381469727,17.639999389648438,19823498
2025-11-19,17.799999237060547,20.75,17.799999237060547,20.270000457763672,652366086
2025-11-20,21.219999313354492,22.790000915527344,21.059999465942383,21.639999389648438,714154580
2025-11-21,21.559999465942383,21.579999923706055,19.790000915527344,20.010000228881836,279718135
2025-11-24,20.010000228881836,20.229999542236328,19.18000030517578,19.360000610351562,120484567
2025-11-25,19.40999984741211,20.299999237060547,19.399999618530273,19.649999618530273,148687852
2025-11-26,19.920000076293945,19.920000076293945,19.139999389648438,19.219999313354492,79967185
2025-11-27,19.239999771118164,19.350000381469727,18.43000030517578,18.649999618530273,91293432
2025-11-28,19.040000915527344,19.75,18.65999984741211,18.790000915527344,184566014
2025-12-01,19.0,19.049999237060547,18.65999984741211,18.770000457763672,46428579
2025-12-02,18.75,19.780000686645508,18.700000762939453,19.170000076293945,145807027
2025-12-03,19.25,19.59000015258789,19.079999923706055,19.360000610351562,72806978
2025-12-04,19.360000610351562,19.450000762939453,18.899999618530273,19.020000457763672,45047370
2025-12-05,19.0,19.049999237060547,18.75,18.920000076293945,36417631
2025-12-08,19.270000457763672,19.270000457763672,18.139999389648438,18.290000915527344,49460327
2025-12-09,18.200000762939453,18.799999237060547,17.93000030517578,18.709999084472656,59261193
2025-12-10,18.709999084472656,18.829999923706055,18.299999237060547,18.350000381469727,30427625
2025-12-11,18.389999389648438,18.450000762939453,18.110000610351562,18.290000915527344,29577734
2025-12-12,18.34000015258789,18.6200008392334,18.200000762939453,18.25,26331136
2025-12-15,18.25,18.270000457763672,18.079999923706055,18.110000610351562,21705871
2025-12-16,18.110000610351562,18.170000076293945,17.790000915527344,17.889999389648438,22269191
2025-12-17,17.90999984741211,18.1200008392334,17.75,17.920000076293945,25438875
2025-12-18,17.899999618530273,18.030000686645508,17.5,17.530000686645508,45494773
2025-12-19,17.6299991607666,18.049999237060547,17.610000610351562,17.940000534057617,32660128
2025-12-22,17.979999542236328,18.049999237060547,17.75,17.790000915527344,24953013
2025-12-23,17.850000381469727,17.959999084472656,17.700000762939453,17.780000686645508,22200578
2025-12-24,17.829999923706055,17.940000534057617,17.5,17.610000610351562,25482472
2025-12-26,17.610000610351562,17.68000030517578,17.219999313354492,17.309999465942383,30160277
2025-12-29,17.309999465942383,17.399999618530273,17.0,17.110000610351562,28537002
2025-12-30,17.079999923706055,17.110000610351562,16.8700008392334,16.969999313354492,24442028
2025-12-31,17.0,17.399999618530273,16.969999313354492,17.18000030517578,33138328
2026-01-01,17.219999313354492,18.260000228881836,17.15999984741211,17.610000610351562,65798812
2026-01-02,17.739999771118164,17.799999237060547,17.530000686645508,17.690000534057617,29307630
2026-01-05,17.899999618530273,17.979999542236328,17.56999969482422,17.809999465942383,35133469
2026-01-06,17.809999465942383,17.850000381469727,17.40999984741211,17.469999313354492,20205506
2026-01-07,17.469999313354492,17.540000915527344,17.31999969482422,17.350000381469727,18819194
2026-01-08,17.299999237060547,17.389999389648438,17.020000457763672,17.15999984741211,25875392
2026-01-09,17.020000457763672,17.18000030517578,16.799999237060547,16.850000381469727,29689125
2026-01-12,16.850000381469727,16.850000381469727,16.15999984741211,16.43000030517578,45606678
2026-01-13,16.520000457763672,16.799999237060547,16.450000762939453,16.649999618530273,24450731
2026-01-14,16.6200008392334,16.690000534057617,16.299999237060547,16.479999542236328,22846645
2026-01-15,16.479999542236328,16.479999542236328,16.479999542236328,16.479999542236328,0
2026-01-16,16.420000076293945,16.5,16.139999389648438,16.239999771118164,22061676
2026-01-19,16.149999618530273,16.200000762939453,15.699999809265137,15.800000190734863,35021804
2026-01-20,15.739999771118164,16.079999923706055,15.3100004196167,15.390000343322754,53334253
2026-01-21,15.390000343322754,15.640000343322754,15.039999961853027,15.199999809265137,54570336
2026-01-22,15.350000381469727,15.539999961853027,15.15999984741211,15.3100004196167,30697250
2026-01-23,15.34000015258789,15.449999809265137,14.619999885559082,14.75,38847511
2026-01-27,14.800000190734863,15.050000190734863,14.399999618530273,14.84000015258789,43894345
2026-01-28,15.020000457763672,16.0,14.970000267028809,15.829999923706055,52511008
2026-01-29,15.899999618530273,15.979999542236328,14.850000381469727,14.880000114440918,49422582
2026-01-30,14.850000381469727,15.300000190734863,14.479999542236328,15.1899995803833,56142786
2026-02-02,14.920000076293945,15.09000015258789,14.5600004196167,14.960000038146973,31447817
2026-02-03,15.600000381469727,15.670000076293945,15.149999618530273,15.4399995803833,35940981
2026-02-04,15.449999809265137,16.18000030517578,15.319999694824219,16.110000610351562,55689308
2026-02-05,15.149999618530273,15.289999961853027,14.90999984741211,14.979999542236328,53421125
2026-02-06,15.0,15.199999809265137,14.619999885559082,15.130000114440918,34516162
2026-02-09,15.260000228881836,15.489999771118164,15.020000457763672,15.15999984741211,35940411
2026-02-10,15.199999809265137,15.4399995803833,15.140000343322754,15.199999809265137,21587029
2026-02-11,15.199999809265137,15.75,15.0,15.380000114440918,30800155
2026-02-12,15.699999809265137,15.75,15.210000038146973,15.329999923706055,25690780
2026-02-13,15.319999694824219,15.319999694824219,14.819999694824219,14.949999809265137,26034826
2026-02-16,14.850000381469727,15.09000015258789,14.720000267028809,14.920000076293945,21583198
2026-02-17,14.880000114440918,15.069999694824219,14.779999732971191,14.930000305175781,18563572
2026-02-18,14.979999542236328,15.170000076293945,14.930000305175781,14.979999542236328,18194180
2026-02-19,14.949999809265137,15.069999694824219,14.729999542236328,14.760000228881836,15382660
2026-02-20,14.75,14.819999694824219,14.579999923706055,14.65999984741211,15990421
2026-02-23,14.699999809265137,14.84000015258789,14.460000038146973,14.510000228881836,16613602
2026-02-24,14.550000190734863,14.569999694824219,14.210000038146973,14.390000343322754,25300028
2026-02-25,14.539999961853027,14.75,14.380000114440918,14.680000305175781,23395950
2026-02-26,14.619999885559082,14.729999542236328,14.40999984741211,14.550000190734863,15008366
2026-02-27,14.550000190734863,15.829999923706055,14.430000305175781,15.25,111903820
2026-03-02,14.3100004196167,14.75,14.300000190734863,14.470000267028809,41343237
2026-03-04,14.149999618530273,14.239999771118164,13.75,13.949999809265137,34662317
2026-03-05,14.050000190734863,14.180000305175781,13.800000190734863,13.869999885559082,26825887
2026-03-06,13.899999618530273,14.100000381469727,13.800000190734863,13.859999656677246,18133765
2026-03-09,13.600000381469727,13.619999885559082,13.149999618530273,13.369999885559082,32910842
2026-03-10,13.600000381469727,13.649999618530273,13.300000190734863,13.520000457763672,28550711
2026-03-11,13.600000381469727,14.0,13.550000190734863,13.65999984741211,33554474
2026-03-12,13.600000381469727,14.84000015258789,13.300000190734863,14.170000076293945,86381607
2026-03-13,14.289999961853027,14.600000381469727,13.850000381469727,13.899999618530273,42452745
2026-03-16,13.9399995803833,13.979999542236328,13.399999618530273,13.5,39185339
2026-03-17,14.039999961853027,14.5,13.399999618530273,13.979999542236328,77350661
2026-03-18,14.600000381469727,15.630000114440918,14.5,15.0,260116568
2026-03-19,14.75,17.3799991607666,14.550000190734863,16.75,732335818
2026-03-20,17.0,17.280000686645508,16.030000686645508,16.360000610351562,289308782
2026-03-23,15.5,15.640000343322754,14.460000038146973,14.670000076293945,164508974
2026-03-24,15.039999961853027,15.180000305175781,14.640000343322754,14.90999984741211,93767026
2026-03-25,15.100000381469727,15.729999542236328,15.0,15.270000457763672,80524417
2026-03-27,14.920000076293945,15.229999542236328,14.5600004196167,14.729999542236328,78905784
2026-03-30,14.520000457763672,14.930000305175781,13.949999809265137,14.039999961853027,75928085
2026-04-01,14.680000305175781,15.050000190734863,14.34000015258789,14.9399995803833,66011547
2026-04-02,14.760000228881836,15.079999923706055,14.399999618530273,15.010000228881836,53988120
2026-04-06,15.010000228881836,15.4399995803833,14.619999885559082,15.140000343322754,92862917
2026-04-07,15.199999809265137,15.829999923706055,15.0,15.199999809265137,68071183
2026-04-08,15.800000190734863,16.600000381469727,15.529999732971191,16.440000534057617,116581653
2026-04-09,16.43000030517578,17.3700008392334,16.209999084472656,16.809999465942383,139760608
2026-04-10,16.899999618530273,17.520000457763672,16.850000381469727,17.200000762939453,93980770
2026-04-13,16.950000762939453,17.790000915527344,16.510000228881836,17.18000030517578,130140968
2026-04-15,17.5,19.1299991607666,17.3799991607666,18.850000381469727,295990877
2026-04-16,19.100000381469727,20.100000381469727,18.90999984741211,19.610000610351562,305157107
2026-04-17,19.8700008392334,20.31999969482422,19.079999923706055,19.200000762939453,198776348
2026-04-20,19.299999237060547,19.440000534057617,18.75,19.079999923706055,98375618
2026-04-21,19.049999237060547,19.420000076293945,18.90999984741211,18.989999771118164,73866032
2026-04-22,18.959999084472656,20.399999618530273,18.920000076293945,20.1299991607666,226335685
2026-04-23,20.0,20.6200008392334,19.399999618530273,19.8799991607666,174608358
2026-04-24,20.0,20.030000686645508,18.670000076293945,19.290000915527344,137629768
2026-04-27,19.719999313354492,20.049999237060547,19.450000762939453,19.6299991607666,109318938
2026-04-28,19.68000030517578,20.219999313354492,19.600000381469727,19.950000762939453,102273487
2026-04-29,20.100000381469727,21.049999237060547,20.0,20.200000762939453,152084192
2026-04-30,20.139999389648438,20.149999618530273,19.520000457763672,19.719999313354492,85902693
2026-05-01,19.719999313354492,19.719999313354492,19.719999313354492,19.719999313354492,0
2026-05-04,19.950000762939453,20.350000381469727,17.100000381469727,19.059999465942383,184017906
2026-05-05,18.559999465942383,20.06999969482422,17.829999923706055,19.260000228881836,229162710
2026-05-06,19.5,19.649999618530273,18.93000030517578,19.309999465942383,115084002
2026-05-07,19.399999618530273,19.93000030517578,19.1200008392334,19.389999389648438,95901056
2026-05-08,19.299999237060547,19.420000076293945,19.0,19.079999923706055,54256190
2026-05-11,19.0,19.0,18.25,18.43000030517578,55783093
2026-05-12,18.200000762939453,18.34000015258789,17.3799991607666,17.520000457763672,66963239
2026-05-13,17.510000228881836,17.950000762939453,17.440000534057617,17.549999237060547,66824953
2026-05-14,17.799999237060547,18.040000915527344,17.200000762939453,17.860000610351562,71678457
2026-05-15,17.84000015258789,20.3799991607666,17.43000030517578,19.540000915527344,738085898
2026-05-18,19.200000762939453,19.31999969482422,18.600000381469727,19.049999237060547,153610194
2026-05-19,19.139999389648438,19.299999237060547,18.700000762939453,18.84000015258789,85322553
2026-05-20,18.600000381469727,19.100000381469727,18.200000762939453,18.309999465942383,85684742
2026-05-21,18.899999618530273,19.3799991607666,18.420000076293945,18.559999465942383,186605793
2026-05-22,18.790000915527344,18.93000030517578,18.6299991607666,18.760000228881836,61153759
2026-05-25,19.06999969482422,19.420000076293945,18.790000915527344,18.8799991607666,115033020
2026-05-26,18.950000762939453,19.59000015258789,18.90999984741211,19.1299991607666,170441621
2026-05-27,19.229999542236328,22.950000762939453,19.18000030517578,22.8700008392334,211829585
2026-05-28,22.8700008392334,22.8700008392334,22.8700008392334,22.8700008392334,0
2026-05-29,24.5,24.5,21.700000762939453,21.8700008392334,656884514
2026-06-01,21.989999771118164,21.989999771118164,18.520000457763672,18.790000915527344,504618192
2026-06-02,18.729999542236328,19.56999969482422,18.56999969482422,18.989999771118164,275677313
2026-06-03,19.06999969482422,19.639999389648438,18.68000030517578,19.329999923706055,226258109
2026-06-04,19.149999618530273,19.549999237060547,18.940000534057617,19.040000915527344,114699428
2026-06-05,19.100000381469727,19.34000015258789,18.90999984741211,19.030000686645508,90972171
2026-06-08,18.799999237060547,19.239999771118164,18.350000381469727,18.510000228881836,90844244
2026-06-09,18.649999618530273,18.799999237060547,18.389999389648438,18.579999923706055,69948844
2026-06-10,18.690000534057617,18.690000534057617,17.90999984741211,18.0,61196255
2026-06-11,17.809999465942383,18.100000381469727,17.579999923706055,17.739999771118164,73086745
2026-06-12,18.010000228881836,18.450000762939453,17.90999984741211,18.389999389648438,78141805
2026-06-15,18.760000228881836,18.899999618530273,18.40999984741211,18.469999313354492,66804857
2026-06-16,18.219999313354492,18.260000228881836,17.799999237060547,17.969999313354492,87601637
2026-06-17,17.799999237060547,18.479999542236328,17.68000030517578,18.110000610351562,101288969
2026-06-18,18.110000610351562,18.350000381469727,17.950000762939453,18.15999984741211,55376660
2026-06-19,18.06999969482422,18.200000762939453,17.93000030517578,18.059999465942383,44890371
2026-06-22,18.110000610351562,18.8799991607666,18.110000610351562,18.219999313354492,112059217
2026-06-23,18.260000228881836,18.329999923706055,17.899999618530273,18.020000457763672,61183591
2026-06-24,18.020000457763672,18.239999771118164,17.780000686645508,17.979999542236328,46512332
2026-06-25,18.040000915527344,18.110000610351562,17.81999969482422,17.940000534057617,35710188
2026-06-26,17.940000534057617,17.940000534057617,17.940000534057617,17.940000534057617,0
2026-06-29,17.899999618530273,17.950000762939453,17.65999984741211,17.809999465942383,49194959
2026-06-30,18.0,18.0,17.600000381469727,17.670000076293945,47412104
2026-07-01,17.700000762939453,18.399999618530273,17.700000762939453,17.950000762939453,100479455
2026-07-02,18.020000457763672,18.139999389648438,17.81999969482422,17.860000610351562,41111815
2026-07-03,17.979999542236328,18.0,17.729999542236328,17.799999237060547,33531079
2026-07-06,17.860000610351562,17.969999313354492,17.610000610351562,17.690000534057617,34508588
2026-07-07,17.709999084472656,17.739999771118164,17.350000381469727,17.559999465942383,42718383
2026-07-08,17.479999542236328,17.489999771118164,16.809999465942383,16.899999618530273,69391716
2026-07-09,16.920000076293945,17.389999389648438,16.739999771118164,17.0,47510874
2026-07-10,17.040000915527344,17.280000686645508,16.969999313354492,17.020000457763672,32248754
2026-07-13,16.899999618530273,16.920000076293945,16.719999313354492,16.790000915527344,29220538
2026-07-14,16.799999237060547,17.030000686645508,16.649999618530273,16.65999984741211,47062728
2026-07-15,16.75,17.200000762939453,16.700000762939453,16.75,45986591
2026-07-16,16.81999969482422,17.5,16.719999313354492,16.989999771118164,67549413
2026-07-17,17.049999237060547,17.06999969482422,16.809999465942383,16.8700008392334,32994645
2026-07-20,16.860000610351562,17.270000457763672,16.68000030517578,16.889999389648438,63141609
2026-07-21,17.889999389648438,18.25,17.450000762939453,17.75,217908068
2026-07-22,17.700000762939453,17.709999084472656,17.31999969482422,17.3700008392334,43804924
2026-07-23,17.299999237060547,17.329999923706055,16.8700008392334,17.059999465942383,42317475
2026-07-24,16.899999618530273,17.059999465942383,16.75,16.950000762939453,34499622
2026-07-27,17.200000762939453,17.290000915527344,16.950000762939453,17.010000228881836,28221162
2026-07-28,17.020000457763672,17.209999084472656,16.889999389648438,16.920000076293945,27062571
2026-07-29,16.93000030517578,17.15999984741211,16.889999389648438,17.040000915527344,25289247
2026-07-30,17.059999465942383,17.6200008392334,16.93000030517578,17.31999969482422,68909716
2026-07-31,17.350000381469727,18.90999984741211,17.200000762939453,18.290000915527344,257937939
2026-08-03,18.59000015258789,19.280000686645508,18.309999465942383,18.760000228881836,197024299
2026-08-04,18.729999542236328,19.190000534057617,18.639999389648438,18.84000015258789,93040370
2026-08-05,18.969999313354492,19.280000686645508,18.25,18.31999969482422,78195615
2026-08-06,18.31999969482422,18.479999542236328,18.059999465942383,18.100000381469727,59560961
2026-08-07,18.06999969482422,18.209999084472656,17.8799991607666,17.940000534057617,40457176
2026-08-10,18.010000228881836,18.100000381469727,17.760000228881836,17.799999237060547,34434687
2026-08-11,17.899999618530273,17.979999542236328,17.700000762939453,17.75,24265642
2026-08-12,17.719999313354492,17.84000015258789,17.549999237060547,17.729999542236328,24901247
2026-08-13,17.799999237060547,17.979999542236328,17.450000762939453,17.540000915527344,29202097
2026-08-14,17.549999237060547,17.899999618530273,17.299999237060547,17.389999389648438,40020775
2026-08-17,17.389999389648438,17.59000015258789,17.200000762939453,17.389999389648438,30288768
2026-08-18,17.299999237060547,17.399999618530273,17.270000457763672,17.31999969482422,17435781
2026-08-19,17.350000381469727,17.3799991607666,17.0,17.030000686645508,30914830
2026-08-20,17.239999771118164,17.290000915527344,17.06999969482422,17.100000381469727,22273783
2026-08-21,17.100000381469727,17.389999389648438,17.059999465942383,17.100000381469727,34168455
2026-08-24,17.25,17.469999313354492,17.059999465942383,17.100000381469727,33282336
2026-08-25,17.100000381469727,17.149999618530273,16.90999984741211,16.969999313354492,23623584
2026-08-26,17.049999237060547,17.190000534057617,16.959999084472656,16.979999542236328,23590325
2026-08-27,17.020000457763672,17.1299991607666,16.889999389648438,16.920000076293945,19664574
2026-08-28,16.940000534057617,16.979999542236328,16.760000228881836,16.81999969482422,19545803
2026-08-31,16.799999237060547,16.8700008392334,16.399999618530273,16.450000762939453,52936878
2026-09-01,16.450000762939453,17.040000915527344,16.40999984741211,16.559999465942383,41409814
2026-09-02,16.549999237060547,16.549999237060547,16.280000686645508,16.3700008392334,21807243
2026-09-03,16.459999084472656,16.600000381469727,16.09000015258789,16.139999389648438,28174660
2026-09-04,16.020000457763672,16.43000030517578,16.020000457763672,16.290000915527344,30695821
2026-09-07,16.290000915527344,17.139999389648438,16.09000015258789,16.790000915527344,91476432
2026-09-08,16.790000915527344,16.790000915527344,16.450000762939453,16.489999771118164,31428211
2026-09-09,16.489999771118164,16.809999465942383,16.350000381469727,16.399999618530273,35108812
2026-09-10,16.40999984741211,16.59000015258789,16.15999984741211,16.229999542236328,29091889
2026-09-11,16.200000762939453,16.200000762939453,15.949999809265137,16.020000457763672,34693775
2026-09-14,16.020000457763672,16.020000457763672,16.020000457763672,16.020000457763672,0
2026-09-15,16.020000457763672,16.200000762939453,15.550000190734863,15.640000343322754,30754969
2026-09-16,15.649999618530273,15.699999809265137,15.279999732971191,15.40999984741211,40588771
2026-09-17,15.399999618530273,15.619999885559082,15.210000038146973,15.260000228881836,43868121
